WARNING - 2025-05-31 12:02:05 --> [DEPRECATED] Passing lowercase HTTP method "get" is deprecated. Use uppercase HTTP method like "GET". in SYSTEMPATH\Router\RouteCollection.php on line 1027.
 1 SYSTEMPATH\Router\RouteCollection.php(1027): trigger_error('Passing lowercase HTTP method "get" is deprecated. Use uppercase HTTP method like "GET".', 16384)
 2 APPPATH\Config\Routes\AdminRoutes.php(65): CodeIgniter\Router\RouteCollection->match([...], 'send_test_mail', 'SettingsController::send_test_mail')
 3 SYSTEMPATH\Router\RouteCollection.php(800): App\Config\Routes\AdminRoutes::App\Config\Routes\{closure}(Object(CodeIgniter\Router\RouteCollection))
 4 APPPATH\Config\Routes\AdminRoutes.php(63): CodeIgniter\Router\RouteCollection->group('settings', [...], Object(Closure))
 5 SYSTEMPATH\Router\RouteCollection.php(800): App\Config\Routes\AdminRoutes::App\Config\Routes\{closure}(Object(CodeIgniter\Router\RouteCollection))
 6 APPPATH\Config\Routes\AdminRoutes.php(28): CodeIgniter\Router\RouteCollection->group('admin', [...], Object(Closure))
 7 APPPATH\Config\Routes.php(20): App\Config\Routes\AdminRoutes::init(Object(CodeIgniter\Router\RouteCollection))
 8 SYSTEMPATH\Router\RouteCollection.php(340): require('C:\\xampp\\htdocs\\smartstore\\app\\Config\\Routes.php')
 9 SYSTEMPATH\CodeIgniter.php(823): CodeIgniter\Router\RouteCollection->loadRoutes()
10 SYSTEMPATH\CodeIgniter.php(457): CodeIgniter\CodeIgniter->tryToRouteIt(null)
11 SYSTEMPATH\CodeIgniter.php(355): CodeIgniter\CodeIgniter->handleRequest(null, Object(Config\Cache), false)
12 SYSTEMPATH\Boot.php(325): CodeIgniter\CodeIgniter->run()
13 SYSTEMPATH\Boot.php(67): CodeIgniter\Boot::runCodeIgniter(Object(CodeIgniter\CodeIgniter))
14 FCPATH\index.php(63): CodeIgniter\Boot::bootWeb(Object(Config\Paths))
WARNING - 2025-05-31 12:02:05 --> [DEPRECATED] Passing lowercase HTTP method "post" is deprecated. Use uppercase HTTP method like "POST". in SYSTEMPATH\Router\RouteCollection.php on line 1027.
 1 SYSTEMPATH\Router\RouteCollection.php(1027): trigger_error('Passing lowercase HTTP method "post" is deprecated. Use uppercase HTTP method like "POST".', 16384)
 2 APPPATH\Config\Routes\AdminRoutes.php(65): CodeIgniter\Router\RouteCollection->match([...], 'send_test_mail', 'SettingsController::send_test_mail')
 3 SYSTEMPATH\Router\RouteCollection.php(800): App\Config\Routes\AdminRoutes::App\Config\Routes\{closure}(Object(CodeIgniter\Router\RouteCollection))
 4 APPPATH\Config\Routes\AdminRoutes.php(63): CodeIgniter\Router\RouteCollection->group('settings', [...], Object(Closure))
 5 SYSTEMPATH\Router\RouteCollection.php(800): App\Config\Routes\AdminRoutes::App\Config\Routes\{closure}(Object(CodeIgniter\Router\RouteCollection))
 6 APPPATH\Config\Routes\AdminRoutes.php(28): CodeIgniter\Router\RouteCollection->group('admin', [...], Object(Closure))
 7 APPPATH\Config\Routes.php(20): App\Config\Routes\AdminRoutes::init(Object(CodeIgniter\Router\RouteCollection))
 8 SYSTEMPATH\Router\RouteCollection.php(340): require('C:\\xampp\\htdocs\\smartstore\\app\\Config\\Routes.php')
 9 SYSTEMPATH\CodeIgniter.php(823): CodeIgniter\Router\RouteCollection->loadRoutes()
10 SYSTEMPATH\CodeIgniter.php(457): CodeIgniter\CodeIgniter->tryToRouteIt(null)
11 SYSTEMPATH\CodeIgniter.php(355): CodeIgniter\CodeIgniter->handleRequest(null, Object(Config\Cache), false)
12 SYSTEMPATH\Boot.php(325): CodeIgniter\CodeIgniter->run()
13 SYSTEMPATH\Boot.php(67): CodeIgniter\Boot::runCodeIgniter(Object(CodeIgniter\CodeIgniter))
14 FCPATH\index.php(63): CodeIgniter\Boot::bootWeb(Object(Config\Paths))
WARNING - 2025-05-31 12:02:05 --> [DEPRECATED] Passing lowercase HTTP method "get" is deprecated. Use uppercase HTTP method like "GET". in SYSTEMPATH\Router\RouteCollection.php on line 1027.
 1 SYSTEMPATH\Router\RouteCollection.php(1027): trigger_error('Passing lowercase HTTP method "get" is deprecated. Use uppercase HTTP method like "GET".', 16384)
 2 APPPATH\Config\Routes\AdminRoutes.php(76): CodeIgniter\Router\RouteCollection->match([...], 'elfinder_connector', 'FilemanagerController::elfinder_connector')
 3 SYSTEMPATH\Router\RouteCollection.php(800): App\Config\Routes\AdminRoutes::App\Config\Routes\{closure}(Object(CodeIgniter\Router\RouteCollection))
 4 APPPATH\Config\Routes\AdminRoutes.php(73): CodeIgniter\Router\RouteCollection->group('filemanager', [...], Object(Closure))
 5 SYSTEMPATH\Router\RouteCollection.php(800): App\Config\Routes\AdminRoutes::App\Config\Routes\{closure}(Object(CodeIgniter\Router\RouteCollection))
 6 APPPATH\Config\Routes\AdminRoutes.php(28): CodeIgniter\Router\RouteCollection->group('admin', [...], Object(Closure))
 7 APPPATH\Config\Routes.php(20): App\Config\Routes\AdminRoutes::init(Object(CodeIgniter\Router\RouteCollection))
 8 SYSTEMPATH\Router\RouteCollection.php(340): require('C:\\xampp\\htdocs\\smartstore\\app\\Config\\Routes.php')
 9 SYSTEMPATH\CodeIgniter.php(823): CodeIgniter\Router\RouteCollection->loadRoutes()
10 SYSTEMPATH\CodeIgniter.php(457): CodeIgniter\CodeIgniter->tryToRouteIt(null)
11 SYSTEMPATH\CodeIgniter.php(355): CodeIgniter\CodeIgniter->handleRequest(null, Object(Config\Cache), false)
12 SYSTEMPATH\Boot.php(325): CodeIgniter\CodeIgniter->run()
13 SYSTEMPATH\Boot.php(67): CodeIgniter\Boot::runCodeIgniter(Object(CodeIgniter\CodeIgniter))
14 FCPATH\index.php(63): CodeIgniter\Boot::bootWeb(Object(Config\Paths))
WARNING - 2025-05-31 12:02:05 --> [DEPRECATED] Passing lowercase HTTP method "post" is deprecated. Use uppercase HTTP method like "POST". in SYSTEMPATH\Router\RouteCollection.php on line 1027.
 1 SYSTEMPATH\Router\RouteCollection.php(1027): trigger_error('Passing lowercase HTTP method "post" is deprecated. Use uppercase HTTP method like "POST".', 16384)
 2 APPPATH\Config\Routes\AdminRoutes.php(76): CodeIgniter\Router\RouteCollection->match([...], 'elfinder_connector', 'FilemanagerController::elfinder_connector')
 3 SYSTEMPATH\Router\RouteCollection.php(800): App\Config\Routes\AdminRoutes::App\Config\Routes\{closure}(Object(CodeIgniter\Router\RouteCollection))
 4 APPPATH\Config\Routes\AdminRoutes.php(73): CodeIgniter\Router\RouteCollection->group('filemanager', [...], Object(Closure))
 5 SYSTEMPATH\Router\RouteCollection.php(800): App\Config\Routes\AdminRoutes::App\Config\Routes\{closure}(Object(CodeIgniter\Router\RouteCollection))
 6 APPPATH\Config\Routes\AdminRoutes.php(28): CodeIgniter\Router\RouteCollection->group('admin', [...], Object(Closure))
 7 APPPATH\Config\Routes.php(20): App\Config\Routes\AdminRoutes::init(Object(CodeIgniter\Router\RouteCollection))
 8 SYSTEMPATH\Router\RouteCollection.php(340): require('C:\\xampp\\htdocs\\smartstore\\app\\Config\\Routes.php')
 9 SYSTEMPATH\CodeIgniter.php(823): CodeIgniter\Router\RouteCollection->loadRoutes()
10 SYSTEMPATH\CodeIgniter.php(457): CodeIgniter\CodeIgniter->tryToRouteIt(null)
11 SYSTEMPATH\CodeIgniter.php(355): CodeIgniter\CodeIgniter->handleRequest(null, Object(Config\Cache), false)
12 SYSTEMPATH\Boot.php(325): CodeIgniter\CodeIgniter->run()
13 SYSTEMPATH\Boot.php(67): CodeIgniter\Boot::runCodeIgniter(Object(CodeIgniter\CodeIgniter))
14 FCPATH\index.php(63): CodeIgniter\Boot::bootWeb(Object(Config\Paths))
WARNING - 2025-05-31 12:02:05 --> [DEPRECATED] Passing lowercase HTTP method "get" is deprecated. Use uppercase HTTP method like "GET". in SYSTEMPATH\Router\RouteCollection.php on line 1027.
 1 SYSTEMPATH\Router\RouteCollection.php(1027): trigger_error('Passing lowercase HTTP method "get" is deprecated. Use uppercase HTTP method like "GET".', 16384)
 2 APPPATH\Config\Routes\AdminRoutes.php(172): CodeIgniter\Router\RouteCollection->match([...], 'sync_services/?(:num)?', 'ProvidersController::sync_services/$1')
 3 SYSTEMPATH\Router\RouteCollection.php(800): App\Config\Routes\AdminRoutes::App\Config\Routes\{closure}(Object(CodeIgniter\Router\RouteCollection))
 4 APPPATH\Config\Routes\AdminRoutes.php(167): CodeIgniter\Router\RouteCollection->group('providers', [...], Object(Closure))
 5 SYSTEMPATH\Router\RouteCollection.php(800): App\Config\Routes\AdminRoutes::App\Config\Routes\{closure}(Object(CodeIgniter\Router\RouteCollection))
 6 APPPATH\Config\Routes\AdminRoutes.php(28): CodeIgniter\Router\RouteCollection->group('admin', [...], Object(Closure))
 7 APPPATH\Config\Routes.php(20): App\Config\Routes\AdminRoutes::init(Object(CodeIgniter\Router\RouteCollection))
 8 SYSTEMPATH\Router\RouteCollection.php(340): require('C:\\xampp\\htdocs\\smartstore\\app\\Config\\Routes.php')
 9 SYSTEMPATH\CodeIgniter.php(823): CodeIgniter\Router\RouteCollection->loadRoutes()
10 SYSTEMPATH\CodeIgniter.php(457): CodeIgniter\CodeIgniter->tryToRouteIt(null)
11 SYSTEMPATH\CodeIgniter.php(355): CodeIgniter\CodeIgniter->handleRequest(null, Object(Config\Cache), false)
12 SYSTEMPATH\Boot.php(325): CodeIgniter\CodeIgniter->run()
13 SYSTEMPATH\Boot.php(67): CodeIgniter\Boot::runCodeIgniter(Object(CodeIgniter\CodeIgniter))
14 FCPATH\index.php(63): CodeIgniter\Boot::bootWeb(Object(Config\Paths))
WARNING - 2025-05-31 12:02:05 --> [DEPRECATED] Passing lowercase HTTP method "post" is deprecated. Use uppercase HTTP method like "POST". in SYSTEMPATH\Router\RouteCollection.php on line 1027.
 1 SYSTEMPATH\Router\RouteCollection.php(1027): trigger_error('Passing lowercase HTTP method "post" is deprecated. Use uppercase HTTP method like "POST".', 16384)
 2 APPPATH\Config\Routes\AdminRoutes.php(172): CodeIgniter\Router\RouteCollection->match([...], 'sync_services/?(:num)?', 'ProvidersController::sync_services/$1')
 3 SYSTEMPATH\Router\RouteCollection.php(800): App\Config\Routes\AdminRoutes::App\Config\Routes\{closure}(Object(CodeIgniter\Router\RouteCollection))
 4 APPPATH\Config\Routes\AdminRoutes.php(167): CodeIgniter\Router\RouteCollection->group('providers', [...], Object(Closure))
 5 SYSTEMPATH\Router\RouteCollection.php(800): App\Config\Routes\AdminRoutes::App\Config\Routes\{closure}(Object(CodeIgniter\Router\RouteCollection))
 6 APPPATH\Config\Routes\AdminRoutes.php(28): CodeIgniter\Router\RouteCollection->group('admin', [...], Object(Closure))
 7 APPPATH\Config\Routes.php(20): App\Config\Routes\AdminRoutes::init(Object(CodeIgniter\Router\RouteCollection))
 8 SYSTEMPATH\Router\RouteCollection.php(340): require('C:\\xampp\\htdocs\\smartstore\\app\\Config\\Routes.php')
 9 SYSTEMPATH\CodeIgniter.php(823): CodeIgniter\Router\RouteCollection->loadRoutes()
10 SYSTEMPATH\CodeIgniter.php(457): CodeIgniter\CodeIgniter->tryToRouteIt(null)
11 SYSTEMPATH\CodeIgniter.php(355): CodeIgniter\CodeIgniter->handleRequest(null, Object(Config\Cache), false)
12 SYSTEMPATH\Boot.php(325): CodeIgniter\CodeIgniter->run()
13 SYSTEMPATH\Boot.php(67): CodeIgniter\Boot::runCodeIgniter(Object(CodeIgniter\CodeIgniter))
14 FCPATH\index.php(63): CodeIgniter\Boot::bootWeb(Object(Config\Paths))
WARNING - 2025-05-31 12:02:05 --> [DEPRECATED] Passing lowercase HTTP method "get" is deprecated. Use uppercase HTTP method like "GET". in SYSTEMPATH\Router\RouteCollection.php on line 1027.
 1 SYSTEMPATH\Router\RouteCollection.php(1027): trigger_error('Passing lowercase HTTP method "get" is deprecated. Use uppercase HTTP method like "GET".', 16384)
 2 APPPATH\Config\Routes\AdminRoutes.php(185): CodeIgniter\Router\RouteCollection->match([...], 'add_note/?(:num)?', 'UsersController::add_note/$1')
 3 SYSTEMPATH\Router\RouteCollection.php(800): App\Config\Routes\AdminRoutes::App\Config\Routes\{closure}(Object(CodeIgniter\Router\RouteCollection))
 4 APPPATH\Config\Routes\AdminRoutes.php(182): CodeIgniter\Router\RouteCollection->group('users', [...], Object(Closure))
 5 SYSTEMPATH\Router\RouteCollection.php(800): App\Config\Routes\AdminRoutes::App\Config\Routes\{closure}(Object(CodeIgniter\Router\RouteCollection))
 6 APPPATH\Config\Routes\AdminRoutes.php(28): CodeIgniter\Router\RouteCollection->group('admin', [...], Object(Closure))
 7 APPPATH\Config\Routes.php(20): App\Config\Routes\AdminRoutes::init(Object(CodeIgniter\Router\RouteCollection))
 8 SYSTEMPATH\Router\RouteCollection.php(340): require('C:\\xampp\\htdocs\\smartstore\\app\\Config\\Routes.php')
 9 SYSTEMPATH\CodeIgniter.php(823): CodeIgniter\Router\RouteCollection->loadRoutes()
10 SYSTEMPATH\CodeIgniter.php(457): CodeIgniter\CodeIgniter->tryToRouteIt(null)
11 SYSTEMPATH\CodeIgniter.php(355): CodeIgniter\CodeIgniter->handleRequest(null, Object(Config\Cache), false)
12 SYSTEMPATH\Boot.php(325): CodeIgniter\CodeIgniter->run()
13 SYSTEMPATH\Boot.php(67): CodeIgniter\Boot::runCodeIgniter(Object(CodeIgniter\CodeIgniter))
14 FCPATH\index.php(63): CodeIgniter\Boot::bootWeb(Object(Config\Paths))
WARNING - 2025-05-31 12:02:05 --> [DEPRECATED] Passing lowercase HTTP method "post" is deprecated. Use uppercase HTTP method like "POST". in SYSTEMPATH\Router\RouteCollection.php on line 1027.
 1 SYSTEMPATH\Router\RouteCollection.php(1027): trigger_error('Passing lowercase HTTP method "post" is deprecated. Use uppercase HTTP method like "POST".', 16384)
 2 APPPATH\Config\Routes\AdminRoutes.php(185): CodeIgniter\Router\RouteCollection->match([...], 'add_note/?(:num)?', 'UsersController::add_note/$1')
 3 SYSTEMPATH\Router\RouteCollection.php(800): App\Config\Routes\AdminRoutes::App\Config\Routes\{closure}(Object(CodeIgniter\Router\RouteCollection))
 4 APPPATH\Config\Routes\AdminRoutes.php(182): CodeIgniter\Router\RouteCollection->group('users', [...], Object(Closure))
 5 SYSTEMPATH\Router\RouteCollection.php(800): App\Config\Routes\AdminRoutes::App\Config\Routes\{closure}(Object(CodeIgniter\Router\RouteCollection))
 6 APPPATH\Config\Routes\AdminRoutes.php(28): CodeIgniter\Router\RouteCollection->group('admin', [...], Object(Closure))
 7 APPPATH\Config\Routes.php(20): App\Config\Routes\AdminRoutes::init(Object(CodeIgniter\Router\RouteCollection))
 8 SYSTEMPATH\Router\RouteCollection.php(340): require('C:\\xampp\\htdocs\\smartstore\\app\\Config\\Routes.php')
 9 SYSTEMPATH\CodeIgniter.php(823): CodeIgniter\Router\RouteCollection->loadRoutes()
10 SYSTEMPATH\CodeIgniter.php(457): CodeIgniter\CodeIgniter->tryToRouteIt(null)
11 SYSTEMPATH\CodeIgniter.php(355): CodeIgniter\CodeIgniter->handleRequest(null, Object(Config\Cache), false)
12 SYSTEMPATH\Boot.php(325): CodeIgniter\CodeIgniter->run()
13 SYSTEMPATH\Boot.php(67): CodeIgniter\Boot::runCodeIgniter(Object(CodeIgniter\CodeIgniter))
14 FCPATH\index.php(63): CodeIgniter\Boot::bootWeb(Object(Config\Paths))
WARNING - 2025-05-31 12:02:05 --> [DEPRECATED] Passing lowercase HTTP method "get" is deprecated. Use uppercase HTTP method like "GET". in SYSTEMPATH\Router\RouteCollection.php on line 1027.
 1 SYSTEMPATH\Router\RouteCollection.php(1027): trigger_error('Passing lowercase HTTP method "get" is deprecated. Use uppercase HTTP method like "GET".', 16384)
 2 APPPATH\Config\Routes\AdminRoutes.php(186): CodeIgniter\Router\RouteCollection->match([...], 'send_mail/?(:num)?', 'UsersController::send_mail/$1')
 3 SYSTEMPATH\Router\RouteCollection.php(800): App\Config\Routes\AdminRoutes::App\Config\Routes\{closure}(Object(CodeIgniter\Router\RouteCollection))
 4 APPPATH\Config\Routes\AdminRoutes.php(182): CodeIgniter\Router\RouteCollection->group('users', [...], Object(Closure))
 5 SYSTEMPATH\Router\RouteCollection.php(800): App\Config\Routes\AdminRoutes::App\Config\Routes\{closure}(Object(CodeIgniter\Router\RouteCollection))
 6 APPPATH\Config\Routes\AdminRoutes.php(28): CodeIgniter\Router\RouteCollection->group('admin', [...], Object(Closure))
 7 APPPATH\Config\Routes.php(20): App\Config\Routes\AdminRoutes::init(Object(CodeIgniter\Router\RouteCollection))
 8 SYSTEMPATH\Router\RouteCollection.php(340): require('C:\\xampp\\htdocs\\smartstore\\app\\Config\\Routes.php')
 9 SYSTEMPATH\CodeIgniter.php(823): CodeIgniter\Router\RouteCollection->loadRoutes()
10 SYSTEMPATH\CodeIgniter.php(457): CodeIgniter\CodeIgniter->tryToRouteIt(null)
11 SYSTEMPATH\CodeIgniter.php(355): CodeIgniter\CodeIgniter->handleRequest(null, Object(Config\Cache), false)
12 SYSTEMPATH\Boot.php(325): CodeIgniter\CodeIgniter->run()
13 SYSTEMPATH\Boot.php(67): CodeIgniter\Boot::runCodeIgniter(Object(CodeIgniter\CodeIgniter))
14 FCPATH\index.php(63): CodeIgniter\Boot::bootWeb(Object(Config\Paths))
WARNING - 2025-05-31 12:02:05 --> [DEPRECATED] Passing lowercase HTTP method "post" is deprecated. Use uppercase HTTP method like "POST". in SYSTEMPATH\Router\RouteCollection.php on line 1027.
 1 SYSTEMPATH\Router\RouteCollection.php(1027): trigger_error('Passing lowercase HTTP method "post" is deprecated. Use uppercase HTTP method like "POST".', 16384)
 2 APPPATH\Config\Routes\AdminRoutes.php(186): CodeIgniter\Router\RouteCollection->match([...], 'send_mail/?(:num)?', 'UsersController::send_mail/$1')
 3 SYSTEMPATH\Router\RouteCollection.php(800): App\Config\Routes\AdminRoutes::App\Config\Routes\{closure}(Object(CodeIgniter\Router\RouteCollection))
 4 APPPATH\Config\Routes\AdminRoutes.php(182): CodeIgniter\Router\RouteCollection->group('users', [...], Object(Closure))
 5 SYSTEMPATH\Router\RouteCollection.php(800): App\Config\Routes\AdminRoutes::App\Config\Routes\{closure}(Object(CodeIgniter\Router\RouteCollection))
 6 APPPATH\Config\Routes\AdminRoutes.php(28): CodeIgniter\Router\RouteCollection->group('admin', [...], Object(Closure))
 7 APPPATH\Config\Routes.php(20): App\Config\Routes\AdminRoutes::init(Object(CodeIgniter\Router\RouteCollection))
 8 SYSTEMPATH\Router\RouteCollection.php(340): require('C:\\xampp\\htdocs\\smartstore\\app\\Config\\Routes.php')
 9 SYSTEMPATH\CodeIgniter.php(823): CodeIgniter\Router\RouteCollection->loadRoutes()
10 SYSTEMPATH\CodeIgniter.php(457): CodeIgniter\CodeIgniter->tryToRouteIt(null)
11 SYSTEMPATH\CodeIgniter.php(355): CodeIgniter\CodeIgniter->handleRequest(null, Object(Config\Cache), false)
12 SYSTEMPATH\Boot.php(325): CodeIgniter\CodeIgniter->run()
13 SYSTEMPATH\Boot.php(67): CodeIgniter\Boot::runCodeIgniter(Object(CodeIgniter\CodeIgniter))
14 FCPATH\index.php(63): CodeIgniter\Boot::bootWeb(Object(Config\Paths))
WARNING - 2025-05-31 12:02:05 --> [DEPRECATED] Passing lowercase HTTP method "get" is deprecated. Use uppercase HTTP method like "GET". in SYSTEMPATH\Router\RouteCollection.php on line 1027.
 1 SYSTEMPATH\Router\RouteCollection.php(1027): trigger_error('Passing lowercase HTTP method "get" is deprecated. Use uppercase HTTP method like "GET".', 16384)
 2 APPPATH\Config\Routes\AdminRoutes.php(215): CodeIgniter\Router\RouteCollection->match([...], 'send_mail/?(:num)?', 'TicketsController::send_mail/$1')
 3 SYSTEMPATH\Router\RouteCollection.php(800): App\Config\Routes\AdminRoutes::App\Config\Routes\{closure}(Object(CodeIgniter\Router\RouteCollection))
 4 APPPATH\Config\Routes\AdminRoutes.php(212): CodeIgniter\Router\RouteCollection->group('tickets', [...], Object(Closure))
 5 SYSTEMPATH\Router\RouteCollection.php(800): App\Config\Routes\AdminRoutes::App\Config\Routes\{closure}(Object(CodeIgniter\Router\RouteCollection))
 6 APPPATH\Config\Routes\AdminRoutes.php(28): CodeIgniter\Router\RouteCollection->group('admin', [...], Object(Closure))
 7 APPPATH\Config\Routes.php(20): App\Config\Routes\AdminRoutes::init(Object(CodeIgniter\Router\RouteCollection))
 8 SYSTEMPATH\Router\RouteCollection.php(340): require('C:\\xampp\\htdocs\\smartstore\\app\\Config\\Routes.php')
 9 SYSTEMPATH\CodeIgniter.php(823): CodeIgniter\Router\RouteCollection->loadRoutes()
10 SYSTEMPATH\CodeIgniter.php(457): CodeIgniter\CodeIgniter->tryToRouteIt(null)
11 SYSTEMPATH\CodeIgniter.php(355): CodeIgniter\CodeIgniter->handleRequest(null, Object(Config\Cache), false)
12 SYSTEMPATH\Boot.php(325): CodeIgniter\CodeIgniter->run()
13 SYSTEMPATH\Boot.php(67): CodeIgniter\Boot::runCodeIgniter(Object(CodeIgniter\CodeIgniter))
14 FCPATH\index.php(63): CodeIgniter\Boot::bootWeb(Object(Config\Paths))
WARNING - 2025-05-31 12:02:05 --> [DEPRECATED] Passing lowercase HTTP method "post" is deprecated. Use uppercase HTTP method like "POST". in SYSTEMPATH\Router\RouteCollection.php on line 1027.
 1 SYSTEMPATH\Router\RouteCollection.php(1027): trigger_error('Passing lowercase HTTP method "post" is deprecated. Use uppercase HTTP method like "POST".', 16384)
 2 APPPATH\Config\Routes\AdminRoutes.php(215): CodeIgniter\Router\RouteCollection->match([...], 'send_mail/?(:num)?', 'TicketsController::send_mail/$1')
 3 SYSTEMPATH\Router\RouteCollection.php(800): App\Config\Routes\AdminRoutes::App\Config\Routes\{closure}(Object(CodeIgniter\Router\RouteCollection))
 4 APPPATH\Config\Routes\AdminRoutes.php(212): CodeIgniter\Router\RouteCollection->group('tickets', [...], Object(Closure))
 5 SYSTEMPATH\Router\RouteCollection.php(800): App\Config\Routes\AdminRoutes::App\Config\Routes\{closure}(Object(CodeIgniter\Router\RouteCollection))
 6 APPPATH\Config\Routes\AdminRoutes.php(28): CodeIgniter\Router\RouteCollection->group('admin', [...], Object(Closure))
 7 APPPATH\Config\Routes.php(20): App\Config\Routes\AdminRoutes::init(Object(CodeIgniter\Router\RouteCollection))
 8 SYSTEMPATH\Router\RouteCollection.php(340): require('C:\\xampp\\htdocs\\smartstore\\app\\Config\\Routes.php')
 9 SYSTEMPATH\CodeIgniter.php(823): CodeIgniter\Router\RouteCollection->loadRoutes()
10 SYSTEMPATH\CodeIgniter.php(457): CodeIgniter\CodeIgniter->tryToRouteIt(null)
11 SYSTEMPATH\CodeIgniter.php(355): CodeIgniter\CodeIgniter->handleRequest(null, Object(Config\Cache), false)
12 SYSTEMPATH\Boot.php(325): CodeIgniter\CodeIgniter->run()
13 SYSTEMPATH\Boot.php(67): CodeIgniter\Boot::runCodeIgniter(Object(CodeIgniter\CodeIgniter))
14 FCPATH\index.php(63): CodeIgniter\Boot::bootWeb(Object(Config\Paths))
WARNING - 2025-05-31 12:02:05 --> [DEPRECATED] Passing lowercase HTTP method "get" is deprecated. Use uppercase HTTP method like "GET". in SYSTEMPATH\Router\RouteCollection.php on line 1027.
 1 SYSTEMPATH\Router\RouteCollection.php(1027): trigger_error('Passing lowercase HTTP method "get" is deprecated. Use uppercase HTTP method like "GET".', 16384)
 2 APPPATH\Config\Routes\UserRoutes.php(49): CodeIgniter\Router\RouteCollection->match([...], 'submit_review', 'ClientController::submit_review', [...])
 3 APPPATH\Config\Routes\UserRoutes.php(23): App\Config\Routes\UserRoutes::defineRoutes(Object(CodeIgniter\Router\RouteCollection))
 4 APPPATH\Config\Routes.php(21): App\Config\Routes\UserRoutes::init(Object(CodeIgniter\Router\RouteCollection))
 5 SYSTEMPATH\Router\RouteCollection.php(340): require('C:\\xampp\\htdocs\\smartstore\\app\\Config\\Routes.php')
 6 SYSTEMPATH\CodeIgniter.php(823): CodeIgniter\Router\RouteCollection->loadRoutes()
 7 SYSTEMPATH\CodeIgniter.php(457): CodeIgniter\CodeIgniter->tryToRouteIt(null)
 8 SYSTEMPATH\CodeIgniter.php(355): CodeIgniter\CodeIgniter->handleRequest(null, Object(Config\Cache), false)
 9 SYSTEMPATH\Boot.php(325): CodeIgniter\CodeIgniter->run()
10 SYSTEMPATH\Boot.php(67): CodeIgniter\Boot::runCodeIgniter(Object(CodeIgniter\CodeIgniter))
11 FCPATH\index.php(63): CodeIgniter\Boot::bootWeb(Object(Config\Paths))
WARNING - 2025-05-31 12:02:05 --> [DEPRECATED] Passing lowercase HTTP method "post" is deprecated. Use uppercase HTTP method like "POST". in SYSTEMPATH\Router\RouteCollection.php on line 1027.
 1 SYSTEMPATH\Router\RouteCollection.php(1027): trigger_error('Passing lowercase HTTP method "post" is deprecated. Use uppercase HTTP method like "POST".', 16384)
 2 APPPATH\Config\Routes\UserRoutes.php(49): CodeIgniter\Router\RouteCollection->match([...], 'submit_review', 'ClientController::submit_review', [...])
 3 APPPATH\Config\Routes\UserRoutes.php(23): App\Config\Routes\UserRoutes::defineRoutes(Object(CodeIgniter\Router\RouteCollection))
 4 APPPATH\Config\Routes.php(21): App\Config\Routes\UserRoutes::init(Object(CodeIgniter\Router\RouteCollection))
 5 SYSTEMPATH\Router\RouteCollection.php(340): require('C:\\xampp\\htdocs\\smartstore\\app\\Config\\Routes.php')
 6 SYSTEMPATH\CodeIgniter.php(823): CodeIgniter\Router\RouteCollection->loadRoutes()
 7 SYSTEMPATH\CodeIgniter.php(457): CodeIgniter\CodeIgniter->tryToRouteIt(null)
 8 SYSTEMPATH\CodeIgniter.php(355): CodeIgniter\CodeIgniter->handleRequest(null, Object(Config\Cache), false)
 9 SYSTEMPATH\Boot.php(325): CodeIgniter\CodeIgniter->run()
10 SYSTEMPATH\Boot.php(67): CodeIgniter\Boot::runCodeIgniter(Object(CodeIgniter\CodeIgniter))
11 FCPATH\index.php(63): CodeIgniter\Boot::bootWeb(Object(Config\Paths))
WARNING - 2025-05-31 12:02:05 --> [DEPRECATED] Passing lowercase HTTP method "get" is deprecated. Use uppercase HTTP method like "GET". in SYSTEMPATH\Router\RouteCollection.php on line 1027.
 1 SYSTEMPATH\Router\RouteCollection.php(1027): trigger_error('Passing lowercase HTTP method "get" is deprecated. Use uppercase HTTP method like "GET".', 16384)
 2 APPPATH\Config\Routes\UserRoutes.php(63): CodeIgniter\Router\RouteCollection->match([...], 'track-order', 'OrderController::track_order', [...])
 3 APPPATH\Config\Routes\UserRoutes.php(23): App\Config\Routes\UserRoutes::defineRoutes(Object(CodeIgniter\Router\RouteCollection))
 4 APPPATH\Config\Routes.php(21): App\Config\Routes\UserRoutes::init(Object(CodeIgniter\Router\RouteCollection))
 5 SYSTEMPATH\Router\RouteCollection.php(340): require('C:\\xampp\\htdocs\\smartstore\\app\\Config\\Routes.php')
 6 SYSTEMPATH\CodeIgniter.php(823): CodeIgniter\Router\RouteCollection->loadRoutes()
 7 SYSTEMPATH\CodeIgniter.php(457): CodeIgniter\CodeIgniter->tryToRouteIt(null)
 8 SYSTEMPATH\CodeIgniter.php(355): CodeIgniter\CodeIgniter->handleRequest(null, Object(Config\Cache), false)
 9 SYSTEMPATH\Boot.php(325): CodeIgniter\CodeIgniter->run()
10 SYSTEMPATH\Boot.php(67): CodeIgniter\Boot::runCodeIgniter(Object(CodeIgniter\CodeIgniter))
11 FCPATH\index.php(63): CodeIgniter\Boot::bootWeb(Object(Config\Paths))
WARNING - 2025-05-31 12:02:05 --> [DEPRECATED] Passing lowercase HTTP method "post" is deprecated. Use uppercase HTTP method like "POST". in SYSTEMPATH\Router\RouteCollection.php on line 1027.
 1 SYSTEMPATH\Router\RouteCollection.php(1027): trigger_error('Passing lowercase HTTP method "post" is deprecated. Use uppercase HTTP method like "POST".', 16384)
 2 APPPATH\Config\Routes\UserRoutes.php(63): CodeIgniter\Router\RouteCollection->match([...], 'track-order', 'OrderController::track_order', [...])
 3 APPPATH\Config\Routes\UserRoutes.php(23): App\Config\Routes\UserRoutes::defineRoutes(Object(CodeIgniter\Router\RouteCollection))
 4 APPPATH\Config\Routes.php(21): App\Config\Routes\UserRoutes::init(Object(CodeIgniter\Router\RouteCollection))
 5 SYSTEMPATH\Router\RouteCollection.php(340): require('C:\\xampp\\htdocs\\smartstore\\app\\Config\\Routes.php')
 6 SYSTEMPATH\CodeIgniter.php(823): CodeIgniter\Router\RouteCollection->loadRoutes()
 7 SYSTEMPATH\CodeIgniter.php(457): CodeIgniter\CodeIgniter->tryToRouteIt(null)
 8 SYSTEMPATH\CodeIgniter.php(355): CodeIgniter\CodeIgniter->handleRequest(null, Object(Config\Cache), false)
 9 SYSTEMPATH\Boot.php(325): CodeIgniter\CodeIgniter->run()
10 SYSTEMPATH\Boot.php(67): CodeIgniter\Boot::runCodeIgniter(Object(CodeIgniter\CodeIgniter))
11 FCPATH\index.php(63): CodeIgniter\Boot::bootWeb(Object(Config\Paths))
WARNING - 2025-05-31 12:02:05 --> [DEPRECATED] Passing lowercase HTTP method "get" is deprecated. Use uppercase HTTP method like "GET". in SYSTEMPATH\Router\RouteCollection.php on line 1027.
 1 SYSTEMPATH\Router\RouteCollection.php(1027): trigger_error('Passing lowercase HTTP method "get" is deprecated. Use uppercase HTTP method like "GET".', 16384)
 2 APPPATH\Config\Routes\UserRoutes.php(49): CodeIgniter\Router\RouteCollection->match([...], 'submit_review', 'ClientController::submit_review', [...])
 3 APPPATH\Config\Routes\UserRoutes.php(26): App\Config\Routes\UserRoutes::defineRoutes(Object(CodeIgniter\Router\RouteCollection))
 4 SYSTEMPATH\Router\RouteCollection.php(800): App\Config\Routes\UserRoutes::App\Config\Routes\{closure}(Object(CodeIgniter\Router\RouteCollection))
 5 APPPATH\Config\Routes\UserRoutes.php(25): CodeIgniter\Router\RouteCollection->group('{locale}', Object(Closure))
 6 APPPATH\Config\Routes.php(21): App\Config\Routes\UserRoutes::init(Object(CodeIgniter\Router\RouteCollection))
 7 SYSTEMPATH\Router\RouteCollection.php(340): require('C:\\xampp\\htdocs\\smartstore\\app\\Config\\Routes.php')
 8 SYSTEMPATH\CodeIgniter.php(823): CodeIgniter\Router\RouteCollection->loadRoutes()
 9 SYSTEMPATH\CodeIgniter.php(457): CodeIgniter\CodeIgniter->tryToRouteIt(null)
10 SYSTEMPATH\CodeIgniter.php(355): CodeIgniter\CodeIgniter->handleRequest(null, Object(Config\Cache), false)
11 SYSTEMPATH\Boot.php(325): CodeIgniter\CodeIgniter->run()
12 SYSTEMPATH\Boot.php(67): CodeIgniter\Boot::runCodeIgniter(Object(CodeIgniter\CodeIgniter))
13 FCPATH\index.php(63): CodeIgniter\Boot::bootWeb(Object(Config\Paths))
WARNING - 2025-05-31 12:02:05 --> [DEPRECATED] Passing lowercase HTTP method "post" is deprecated. Use uppercase HTTP method like "POST". in SYSTEMPATH\Router\RouteCollection.php on line 1027.
 1 SYSTEMPATH\Router\RouteCollection.php(1027): trigger_error('Passing lowercase HTTP method "post" is deprecated. Use uppercase HTTP method like "POST".', 16384)
 2 APPPATH\Config\Routes\UserRoutes.php(49): CodeIgniter\Router\RouteCollection->match([...], 'submit_review', 'ClientController::submit_review', [...])
 3 APPPATH\Config\Routes\UserRoutes.php(26): App\Config\Routes\UserRoutes::defineRoutes(Object(CodeIgniter\Router\RouteCollection))
 4 SYSTEMPATH\Router\RouteCollection.php(800): App\Config\Routes\UserRoutes::App\Config\Routes\{closure}(Object(CodeIgniter\Router\RouteCollection))
 5 APPPATH\Config\Routes\UserRoutes.php(25): CodeIgniter\Router\RouteCollection->group('{locale}', Object(Closure))
 6 APPPATH\Config\Routes.php(21): App\Config\Routes\UserRoutes::init(Object(CodeIgniter\Router\RouteCollection))
 7 SYSTEMPATH\Router\RouteCollection.php(340): require('C:\\xampp\\htdocs\\smartstore\\app\\Config\\Routes.php')
 8 SYSTEMPATH\CodeIgniter.php(823): CodeIgniter\Router\RouteCollection->loadRoutes()
 9 SYSTEMPATH\CodeIgniter.php(457): CodeIgniter\CodeIgniter->tryToRouteIt(null)
10 SYSTEMPATH\CodeIgniter.php(355): CodeIgniter\CodeIgniter->handleRequest(null, Object(Config\Cache), false)
11 SYSTEMPATH\Boot.php(325): CodeIgniter\CodeIgniter->run()
12 SYSTEMPATH\Boot.php(67): CodeIgniter\Boot::runCodeIgniter(Object(CodeIgniter\CodeIgniter))
13 FCPATH\index.php(63): CodeIgniter\Boot::bootWeb(Object(Config\Paths))
WARNING - 2025-05-31 12:02:05 --> [DEPRECATED] Passing lowercase HTTP method "get" is deprecated. Use uppercase HTTP method like "GET". in SYSTEMPATH\Router\RouteCollection.php on line 1027.
 1 SYSTEMPATH\Router\RouteCollection.php(1027): trigger_error('Passing lowercase HTTP method "get" is deprecated. Use uppercase HTTP method like "GET".', 16384)
 2 APPPATH\Config\Routes\UserRoutes.php(63): CodeIgniter\Router\RouteCollection->match([...], 'track-order', 'OrderController::track_order', [...])
 3 APPPATH\Config\Routes\UserRoutes.php(26): App\Config\Routes\UserRoutes::defineRoutes(Object(CodeIgniter\Router\RouteCollection))
 4 SYSTEMPATH\Router\RouteCollection.php(800): App\Config\Routes\UserRoutes::App\Config\Routes\{closure}(Object(CodeIgniter\Router\RouteCollection))
 5 APPPATH\Config\Routes\UserRoutes.php(25): CodeIgniter\Router\RouteCollection->group('{locale}', Object(Closure))
 6 APPPATH\Config\Routes.php(21): App\Config\Routes\UserRoutes::init(Object(CodeIgniter\Router\RouteCollection))
 7 SYSTEMPATH\Router\RouteCollection.php(340): require('C:\\xampp\\htdocs\\smartstore\\app\\Config\\Routes.php')
 8 SYSTEMPATH\CodeIgniter.php(823): CodeIgniter\Router\RouteCollection->loadRoutes()
 9 SYSTEMPATH\CodeIgniter.php(457): CodeIgniter\CodeIgniter->tryToRouteIt(null)
10 SYSTEMPATH\CodeIgniter.php(355): CodeIgniter\CodeIgniter->handleRequest(null, Object(Config\Cache), false)
11 SYSTEMPATH\Boot.php(325): CodeIgniter\CodeIgniter->run()
12 SYSTEMPATH\Boot.php(67): CodeIgniter\Boot::runCodeIgniter(Object(CodeIgniter\CodeIgniter))
13 FCPATH\index.php(63): CodeIgniter\Boot::bootWeb(Object(Config\Paths))
WARNING - 2025-05-31 12:02:05 --> [DEPRECATED] Passing lowercase HTTP method "post" is deprecated. Use uppercase HTTP method like "POST". in SYSTEMPATH\Router\RouteCollection.php on line 1027.
 1 SYSTEMPATH\Router\RouteCollection.php(1027): trigger_error('Passing lowercase HTTP method "post" is deprecated. Use uppercase HTTP method like "POST".', 16384)
 2 APPPATH\Config\Routes\UserRoutes.php(63): CodeIgniter\Router\RouteCollection->match([...], 'track-order', 'OrderController::track_order', [...])
 3 APPPATH\Config\Routes\UserRoutes.php(26): App\Config\Routes\UserRoutes::defineRoutes(Object(CodeIgniter\Router\RouteCollection))
 4 SYSTEMPATH\Router\RouteCollection.php(800): App\Config\Routes\UserRoutes::App\Config\Routes\{closure}(Object(CodeIgniter\Router\RouteCollection))
 5 APPPATH\Config\Routes\UserRoutes.php(25): CodeIgniter\Router\RouteCollection->group('{locale}', Object(Closure))
 6 APPPATH\Config\Routes.php(21): App\Config\Routes\UserRoutes::init(Object(CodeIgniter\Router\RouteCollection))
 7 SYSTEMPATH\Router\RouteCollection.php(340): require('C:\\xampp\\htdocs\\smartstore\\app\\Config\\Routes.php')
 8 SYSTEMPATH\CodeIgniter.php(823): CodeIgniter\Router\RouteCollection->loadRoutes()
 9 SYSTEMPATH\CodeIgniter.php(457): CodeIgniter\CodeIgniter->tryToRouteIt(null)
10 SYSTEMPATH\CodeIgniter.php(355): CodeIgniter\CodeIgniter->handleRequest(null, Object(Config\Cache), false)
11 SYSTEMPATH\Boot.php(325): CodeIgniter\CodeIgniter->run()
12 SYSTEMPATH\Boot.php(67): CodeIgniter\Boot::runCodeIgniter(Object(CodeIgniter\CodeIgniter))
13 FCPATH\index.php(63): CodeIgniter\Boot::bootWeb(Object(Config\Paths))
INFO - 2025-05-31 12:02:06 --> Session: Class initialized using 'CodeIgniter\Session\Handlers\FileHandler' driver.
WARNING - 2025-05-31 12:02:08 --> [DEPRECATED] Creation of dynamic property App\Controllers\Public\PageController::$load_files is deprecated in APPPATH\Controllers\Public\PageController.php on line 21.
 1 SYSTEMPATH\CodeIgniter.php(903): App\Controllers\Public\PageController->__construct()
 2 SYSTEMPATH\CodeIgniter.php(500): CodeIgniter\CodeIgniter->createController()
 3 SYSTEMPATH\CodeIgniter.php(355): CodeIgniter\CodeIgniter->handleRequest(null, Object(Config\Cache), false)
 4 SYSTEMPATH\Boot.php(325): CodeIgniter\CodeIgniter->run()
 5 SYSTEMPATH\Boot.php(67): CodeIgniter\Boot::runCodeIgniter(Object(CodeIgniter\CodeIgniter))
 6 FCPATH\index.php(63): CodeIgniter\Boot::bootWeb(Object(Config\Paths))
WARNING - 2025-05-31 12:02:08 --> [DEPRECATED] Creation of dynamic property App\Controllers\Public\PageController::$page_title is deprecated in APPPATH\Controllers\Public\PageController.php on line 22.
 1 SYSTEMPATH\CodeIgniter.php(903): App\Controllers\Public\PageController->__construct()
 2 SYSTEMPATH\CodeIgniter.php(500): CodeIgniter\CodeIgniter->createController()
 3 SYSTEMPATH\CodeIgniter.php(355): CodeIgniter\CodeIgniter->handleRequest(null, Object(Config\Cache), false)
 4 SYSTEMPATH\Boot.php(325): CodeIgniter\CodeIgniter->run()
 5 SYSTEMPATH\Boot.php(67): CodeIgniter\Boot::runCodeIgniter(Object(CodeIgniter\CodeIgniter))
 6 FCPATH\index.php(63): CodeIgniter\Boot::bootWeb(Object(Config\Paths))
WARNING - 2025-05-31 12:02:19 --> [DEPRECATED] Passing lowercase HTTP method "get" is deprecated. Use uppercase HTTP method like "GET". in SYSTEMPATH\Router\RouteCollection.php on line 1027.
 1 SYSTEMPATH\Router\RouteCollection.php(1027): trigger_error('Passing lowercase HTTP method "get" is deprecated. Use uppercase HTTP method like "GET".', 16384)
 2 APPPATH\Config\Routes\AdminRoutes.php(65): CodeIgniter\Router\RouteCollection->match([...], 'send_test_mail', 'SettingsController::send_test_mail')
 3 SYSTEMPATH\Router\RouteCollection.php(800): App\Config\Routes\AdminRoutes::App\Config\Routes\{closure}(Object(CodeIgniter\Router\RouteCollection))
 4 APPPATH\Config\Routes\AdminRoutes.php(63): CodeIgniter\Router\RouteCollection->group('settings', [...], Object(Closure))
 5 SYSTEMPATH\Router\RouteCollection.php(800): App\Config\Routes\AdminRoutes::App\Config\Routes\{closure}(Object(CodeIgniter\Router\RouteCollection))
 6 APPPATH\Config\Routes\AdminRoutes.php(28): CodeIgniter\Router\RouteCollection->group('admin', [...], Object(Closure))
 7 APPPATH\Config\Routes.php(20): App\Config\Routes\AdminRoutes::init(Object(CodeIgniter\Router\RouteCollection))
 8 SYSTEMPATH\Router\RouteCollection.php(340): require('C:\\xampp\\htdocs\\smartstore\\app\\Config\\Routes.php')
 9 SYSTEMPATH\CodeIgniter.php(823): CodeIgniter\Router\RouteCollection->loadRoutes()
10 SYSTEMPATH\CodeIgniter.php(457): CodeIgniter\CodeIgniter->tryToRouteIt(null)
11 SYSTEMPATH\CodeIgniter.php(355): CodeIgniter\CodeIgniter->handleRequest(null, Object(Config\Cache), false)
12 SYSTEMPATH\Boot.php(325): CodeIgniter\CodeIgniter->run()
13 SYSTEMPATH\Boot.php(67): CodeIgniter\Boot::runCodeIgniter(Object(CodeIgniter\CodeIgniter))
14 FCPATH\index.php(63): CodeIgniter\Boot::bootWeb(Object(Config\Paths))
WARNING - 2025-05-31 12:02:19 --> [DEPRECATED] Passing lowercase HTTP method "post" is deprecated. Use uppercase HTTP method like "POST". in SYSTEMPATH\Router\RouteCollection.php on line 1027.
 1 SYSTEMPATH\Router\RouteCollection.php(1027): trigger_error('Passing lowercase HTTP method "post" is deprecated. Use uppercase HTTP method like "POST".', 16384)
 2 APPPATH\Config\Routes\AdminRoutes.php(65): CodeIgniter\Router\RouteCollection->match([...], 'send_test_mail', 'SettingsController::send_test_mail')
 3 SYSTEMPATH\Router\RouteCollection.php(800): App\Config\Routes\AdminRoutes::App\Config\Routes\{closure}(Object(CodeIgniter\Router\RouteCollection))
 4 APPPATH\Config\Routes\AdminRoutes.php(63): CodeIgniter\Router\RouteCollection->group('settings', [...], Object(Closure))
 5 SYSTEMPATH\Router\RouteCollection.php(800): App\Config\Routes\AdminRoutes::App\Config\Routes\{closure}(Object(CodeIgniter\Router\RouteCollection))
 6 APPPATH\Config\Routes\AdminRoutes.php(28): CodeIgniter\Router\RouteCollection->group('admin', [...], Object(Closure))
 7 APPPATH\Config\Routes.php(20): App\Config\Routes\AdminRoutes::init(Object(CodeIgniter\Router\RouteCollection))
 8 SYSTEMPATH\Router\RouteCollection.php(340): require('C:\\xampp\\htdocs\\smartstore\\app\\Config\\Routes.php')
 9 SYSTEMPATH\CodeIgniter.php(823): CodeIgniter\Router\RouteCollection->loadRoutes()
10 SYSTEMPATH\CodeIgniter.php(457): CodeIgniter\CodeIgniter->tryToRouteIt(null)
11 SYSTEMPATH\CodeIgniter.php(355): CodeIgniter\CodeIgniter->handleRequest(null, Object(Config\Cache), false)
12 SYSTEMPATH\Boot.php(325): CodeIgniter\CodeIgniter->run()
13 SYSTEMPATH\Boot.php(67): CodeIgniter\Boot::runCodeIgniter(Object(CodeIgniter\CodeIgniter))
14 FCPATH\index.php(63): CodeIgniter\Boot::bootWeb(Object(Config\Paths))
WARNING - 2025-05-31 12:02:19 --> [DEPRECATED] Passing lowercase HTTP method "get" is deprecated. Use uppercase HTTP method like "GET". in SYSTEMPATH\Router\RouteCollection.php on line 1027.
 1 SYSTEMPATH\Router\RouteCollection.php(1027): trigger_error('Passing lowercase HTTP method "get" is deprecated. Use uppercase HTTP method like "GET".', 16384)
 2 APPPATH\Config\Routes\AdminRoutes.php(76): CodeIgniter\Router\RouteCollection->match([...], 'elfinder_connector', 'FilemanagerController::elfinder_connector')
 3 SYSTEMPATH\Router\RouteCollection.php(800): App\Config\Routes\AdminRoutes::App\Config\Routes\{closure}(Object(CodeIgniter\Router\RouteCollection))
 4 APPPATH\Config\Routes\AdminRoutes.php(73): CodeIgniter\Router\RouteCollection->group('filemanager', [...], Object(Closure))
 5 SYSTEMPATH\Router\RouteCollection.php(800): App\Config\Routes\AdminRoutes::App\Config\Routes\{closure}(Object(CodeIgniter\Router\RouteCollection))
 6 APPPATH\Config\Routes\AdminRoutes.php(28): CodeIgniter\Router\RouteCollection->group('admin', [...], Object(Closure))
 7 APPPATH\Config\Routes.php(20): App\Config\Routes\AdminRoutes::init(Object(CodeIgniter\Router\RouteCollection))
 8 SYSTEMPATH\Router\RouteCollection.php(340): require('C:\\xampp\\htdocs\\smartstore\\app\\Config\\Routes.php')
 9 SYSTEMPATH\CodeIgniter.php(823): CodeIgniter\Router\RouteCollection->loadRoutes()
10 SYSTEMPATH\CodeIgniter.php(457): CodeIgniter\CodeIgniter->tryToRouteIt(null)
11 SYSTEMPATH\CodeIgniter.php(355): CodeIgniter\CodeIgniter->handleRequest(null, Object(Config\Cache), false)
12 SYSTEMPATH\Boot.php(325): CodeIgniter\CodeIgniter->run()
13 SYSTEMPATH\Boot.php(67): CodeIgniter\Boot::runCodeIgniter(Object(CodeIgniter\CodeIgniter))
14 FCPATH\index.php(63): CodeIgniter\Boot::bootWeb(Object(Config\Paths))
WARNING - 2025-05-31 12:02:19 --> [DEPRECATED] Passing lowercase HTTP method "post" is deprecated. Use uppercase HTTP method like "POST". in SYSTEMPATH\Router\RouteCollection.php on line 1027.
 1 SYSTEMPATH\Router\RouteCollection.php(1027): trigger_error('Passing lowercase HTTP method "post" is deprecated. Use uppercase HTTP method like "POST".', 16384)
 2 APPPATH\Config\Routes\AdminRoutes.php(76): CodeIgniter\Router\RouteCollection->match([...], 'elfinder_connector', 'FilemanagerController::elfinder_connector')
 3 SYSTEMPATH\Router\RouteCollection.php(800): App\Config\Routes\AdminRoutes::App\Config\Routes\{closure}(Object(CodeIgniter\Router\RouteCollection))
 4 APPPATH\Config\Routes\AdminRoutes.php(73): CodeIgniter\Router\RouteCollection->group('filemanager', [...], Object(Closure))
 5 SYSTEMPATH\Router\RouteCollection.php(800): App\Config\Routes\AdminRoutes::App\Config\Routes\{closure}(Object(CodeIgniter\Router\RouteCollection))
 6 APPPATH\Config\Routes\AdminRoutes.php(28): CodeIgniter\Router\RouteCollection->group('admin', [...], Object(Closure))
 7 APPPATH\Config\Routes.php(20): App\Config\Routes\AdminRoutes::init(Object(CodeIgniter\Router\RouteCollection))
 8 SYSTEMPATH\Router\RouteCollection.php(340): require('C:\\xampp\\htdocs\\smartstore\\app\\Config\\Routes.php')
 9 SYSTEMPATH\CodeIgniter.php(823): CodeIgniter\Router\RouteCollection->loadRoutes()
10 SYSTEMPATH\CodeIgniter.php(457): CodeIgniter\CodeIgniter->tryToRouteIt(null)
11 SYSTEMPATH\CodeIgniter.php(355): CodeIgniter\CodeIgniter->handleRequest(null, Object(Config\Cache), false)
12 SYSTEMPATH\Boot.php(325): CodeIgniter\CodeIgniter->run()
13 SYSTEMPATH\Boot.php(67): CodeIgniter\Boot::runCodeIgniter(Object(CodeIgniter\CodeIgniter))
14 FCPATH\index.php(63): CodeIgniter\Boot::bootWeb(Object(Config\Paths))
WARNING - 2025-05-31 12:02:19 --> [DEPRECATED] Passing lowercase HTTP method "get" is deprecated. Use uppercase HTTP method like "GET". in SYSTEMPATH\Router\RouteCollection.php on line 1027.
 1 SYSTEMPATH\Router\RouteCollection.php(1027): trigger_error('Passing lowercase HTTP method "get" is deprecated. Use uppercase HTTP method like "GET".', 16384)
 2 APPPATH\Config\Routes\AdminRoutes.php(172): CodeIgniter\Router\RouteCollection->match([...], 'sync_services/?(:num)?', 'ProvidersController::sync_services/$1')
 3 SYSTEMPATH\Router\RouteCollection.php(800): App\Config\Routes\AdminRoutes::App\Config\Routes\{closure}(Object(CodeIgniter\Router\RouteCollection))
 4 APPPATH\Config\Routes\AdminRoutes.php(167): CodeIgniter\Router\RouteCollection->group('providers', [...], Object(Closure))
 5 SYSTEMPATH\Router\RouteCollection.php(800): App\Config\Routes\AdminRoutes::App\Config\Routes\{closure}(Object(CodeIgniter\Router\RouteCollection))
 6 APPPATH\Config\Routes\AdminRoutes.php(28): CodeIgniter\Router\RouteCollection->group('admin', [...], Object(Closure))
 7 APPPATH\Config\Routes.php(20): App\Config\Routes\AdminRoutes::init(Object(CodeIgniter\Router\RouteCollection))
 8 SYSTEMPATH\Router\RouteCollection.php(340): require('C:\\xampp\\htdocs\\smartstore\\app\\Config\\Routes.php')
 9 SYSTEMPATH\CodeIgniter.php(823): CodeIgniter\Router\RouteCollection->loadRoutes()
10 SYSTEMPATH\CodeIgniter.php(457): CodeIgniter\CodeIgniter->tryToRouteIt(null)
11 SYSTEMPATH\CodeIgniter.php(355): CodeIgniter\CodeIgniter->handleRequest(null, Object(Config\Cache), false)
12 SYSTEMPATH\Boot.php(325): CodeIgniter\CodeIgniter->run()
13 SYSTEMPATH\Boot.php(67): CodeIgniter\Boot::runCodeIgniter(Object(CodeIgniter\CodeIgniter))
14 FCPATH\index.php(63): CodeIgniter\Boot::bootWeb(Object(Config\Paths))
WARNING - 2025-05-31 12:02:19 --> [DEPRECATED] Passing lowercase HTTP method "post" is deprecated. Use uppercase HTTP method like "POST". in SYSTEMPATH\Router\RouteCollection.php on line 1027.
 1 SYSTEMPATH\Router\RouteCollection.php(1027): trigger_error('Passing lowercase HTTP method "post" is deprecated. Use uppercase HTTP method like "POST".', 16384)
 2 APPPATH\Config\Routes\AdminRoutes.php(172): CodeIgniter\Router\RouteCollection->match([...], 'sync_services/?(:num)?', 'ProvidersController::sync_services/$1')
 3 SYSTEMPATH\Router\RouteCollection.php(800): App\Config\Routes\AdminRoutes::App\Config\Routes\{closure}(Object(CodeIgniter\Router\RouteCollection))
 4 APPPATH\Config\Routes\AdminRoutes.php(167): CodeIgniter\Router\RouteCollection->group('providers', [...], Object(Closure))
 5 SYSTEMPATH\Router\RouteCollection.php(800): App\Config\Routes\AdminRoutes::App\Config\Routes\{closure}(Object(CodeIgniter\Router\RouteCollection))
 6 APPPATH\Config\Routes\AdminRoutes.php(28): CodeIgniter\Router\RouteCollection->group('admin', [...], Object(Closure))
 7 APPPATH\Config\Routes.php(20): App\Config\Routes\AdminRoutes::init(Object(CodeIgniter\Router\RouteCollection))
 8 SYSTEMPATH\Router\RouteCollection.php(340): require('C:\\xampp\\htdocs\\smartstore\\app\\Config\\Routes.php')
 9 SYSTEMPATH\CodeIgniter.php(823): CodeIgniter\Router\RouteCollection->loadRoutes()
10 SYSTEMPATH\CodeIgniter.php(457): CodeIgniter\CodeIgniter->tryToRouteIt(null)
11 SYSTEMPATH\CodeIgniter.php(355): CodeIgniter\CodeIgniter->handleRequest(null, Object(Config\Cache), false)
12 SYSTEMPATH\Boot.php(325): CodeIgniter\CodeIgniter->run()
13 SYSTEMPATH\Boot.php(67): CodeIgniter\Boot::runCodeIgniter(Object(CodeIgniter\CodeIgniter))
14 FCPATH\index.php(63): CodeIgniter\Boot::bootWeb(Object(Config\Paths))
WARNING - 2025-05-31 12:02:19 --> [DEPRECATED] Passing lowercase HTTP method "get" is deprecated. Use uppercase HTTP method like "GET". in SYSTEMPATH\Router\RouteCollection.php on line 1027.
 1 SYSTEMPATH\Router\RouteCollection.php(1027): trigger_error('Passing lowercase HTTP method "get" is deprecated. Use uppercase HTTP method like "GET".', 16384)
 2 APPPATH\Config\Routes\AdminRoutes.php(185): CodeIgniter\Router\RouteCollection->match([...], 'add_note/?(:num)?', 'UsersController::add_note/$1')
 3 SYSTEMPATH\Router\RouteCollection.php(800): App\Config\Routes\AdminRoutes::App\Config\Routes\{closure}(Object(CodeIgniter\Router\RouteCollection))
 4 APPPATH\Config\Routes\AdminRoutes.php(182): CodeIgniter\Router\RouteCollection->group('users', [...], Object(Closure))
 5 SYSTEMPATH\Router\RouteCollection.php(800): App\Config\Routes\AdminRoutes::App\Config\Routes\{closure}(Object(CodeIgniter\Router\RouteCollection))
 6 APPPATH\Config\Routes\AdminRoutes.php(28): CodeIgniter\Router\RouteCollection->group('admin', [...], Object(Closure))
 7 APPPATH\Config\Routes.php(20): App\Config\Routes\AdminRoutes::init(Object(CodeIgniter\Router\RouteCollection))
 8 SYSTEMPATH\Router\RouteCollection.php(340): require('C:\\xampp\\htdocs\\smartstore\\app\\Config\\Routes.php')
 9 SYSTEMPATH\CodeIgniter.php(823): CodeIgniter\Router\RouteCollection->loadRoutes()
10 SYSTEMPATH\CodeIgniter.php(457): CodeIgniter\CodeIgniter->tryToRouteIt(null)
11 SYSTEMPATH\CodeIgniter.php(355): CodeIgniter\CodeIgniter->handleRequest(null, Object(Config\Cache), false)
12 SYSTEMPATH\Boot.php(325): CodeIgniter\CodeIgniter->run()
13 SYSTEMPATH\Boot.php(67): CodeIgniter\Boot::runCodeIgniter(Object(CodeIgniter\CodeIgniter))
14 FCPATH\index.php(63): CodeIgniter\Boot::bootWeb(Object(Config\Paths))
WARNING - 2025-05-31 12:02:19 --> [DEPRECATED] Passing lowercase HTTP method "post" is deprecated. Use uppercase HTTP method like "POST". in SYSTEMPATH\Router\RouteCollection.php on line 1027.
 1 SYSTEMPATH\Router\RouteCollection.php(1027): trigger_error('Passing lowercase HTTP method "post" is deprecated. Use uppercase HTTP method like "POST".', 16384)
 2 APPPATH\Config\Routes\AdminRoutes.php(185): CodeIgniter\Router\RouteCollection->match([...], 'add_note/?(:num)?', 'UsersController::add_note/$1')
 3 SYSTEMPATH\Router\RouteCollection.php(800): App\Config\Routes\AdminRoutes::App\Config\Routes\{closure}(Object(CodeIgniter\Router\RouteCollection))
 4 APPPATH\Config\Routes\AdminRoutes.php(182): CodeIgniter\Router\RouteCollection->group('users', [...], Object(Closure))
 5 SYSTEMPATH\Router\RouteCollection.php(800): App\Config\Routes\AdminRoutes::App\Config\Routes\{closure}(Object(CodeIgniter\Router\RouteCollection))
 6 APPPATH\Config\Routes\AdminRoutes.php(28): CodeIgniter\Router\RouteCollection->group('admin', [...], Object(Closure))
 7 APPPATH\Config\Routes.php(20): App\Config\Routes\AdminRoutes::init(Object(CodeIgniter\Router\RouteCollection))
 8 SYSTEMPATH\Router\RouteCollection.php(340): require('C:\\xampp\\htdocs\\smartstore\\app\\Config\\Routes.php')
 9 SYSTEMPATH\CodeIgniter.php(823): CodeIgniter\Router\RouteCollection->loadRoutes()
10 SYSTEMPATH\CodeIgniter.php(457): CodeIgniter\CodeIgniter->tryToRouteIt(null)
11 SYSTEMPATH\CodeIgniter.php(355): CodeIgniter\CodeIgniter->handleRequest(null, Object(Config\Cache), false)
12 SYSTEMPATH\Boot.php(325): CodeIgniter\CodeIgniter->run()
13 SYSTEMPATH\Boot.php(67): CodeIgniter\Boot::runCodeIgniter(Object(CodeIgniter\CodeIgniter))
14 FCPATH\index.php(63): CodeIgniter\Boot::bootWeb(Object(Config\Paths))
WARNING - 2025-05-31 12:02:19 --> [DEPRECATED] Passing lowercase HTTP method "get" is deprecated. Use uppercase HTTP method like "GET". in SYSTEMPATH\Router\RouteCollection.php on line 1027.
 1 SYSTEMPATH\Router\RouteCollection.php(1027): trigger_error('Passing lowercase HTTP method "get" is deprecated. Use uppercase HTTP method like "GET".', 16384)
 2 APPPATH\Config\Routes\AdminRoutes.php(186): CodeIgniter\Router\RouteCollection->match([...], 'send_mail/?(:num)?', 'UsersController::send_mail/$1')
 3 SYSTEMPATH\Router\RouteCollection.php(800): App\Config\Routes\AdminRoutes::App\Config\Routes\{closure}(Object(CodeIgniter\Router\RouteCollection))
 4 APPPATH\Config\Routes\AdminRoutes.php(182): CodeIgniter\Router\RouteCollection->group('users', [...], Object(Closure))
 5 SYSTEMPATH\Router\RouteCollection.php(800): App\Config\Routes\AdminRoutes::App\Config\Routes\{closure}(Object(CodeIgniter\Router\RouteCollection))
 6 APPPATH\Config\Routes\AdminRoutes.php(28): CodeIgniter\Router\RouteCollection->group('admin', [...], Object(Closure))
 7 APPPATH\Config\Routes.php(20): App\Config\Routes\AdminRoutes::init(Object(CodeIgniter\Router\RouteCollection))
 8 SYSTEMPATH\Router\RouteCollection.php(340): require('C:\\xampp\\htdocs\\smartstore\\app\\Config\\Routes.php')
 9 SYSTEMPATH\CodeIgniter.php(823): CodeIgniter\Router\RouteCollection->loadRoutes()
10 SYSTEMPATH\CodeIgniter.php(457): CodeIgniter\CodeIgniter->tryToRouteIt(null)
11 SYSTEMPATH\CodeIgniter.php(355): CodeIgniter\CodeIgniter->handleRequest(null, Object(Config\Cache), false)
12 SYSTEMPATH\Boot.php(325): CodeIgniter\CodeIgniter->run()
13 SYSTEMPATH\Boot.php(67): CodeIgniter\Boot::runCodeIgniter(Object(CodeIgniter\CodeIgniter))
14 FCPATH\index.php(63): CodeIgniter\Boot::bootWeb(Object(Config\Paths))
WARNING - 2025-05-31 12:02:19 --> [DEPRECATED] Passing lowercase HTTP method "post" is deprecated. Use uppercase HTTP method like "POST". in SYSTEMPATH\Router\RouteCollection.php on line 1027.
 1 SYSTEMPATH\Router\RouteCollection.php(1027): trigger_error('Passing lowercase HTTP method "post" is deprecated. Use uppercase HTTP method like "POST".', 16384)
 2 APPPATH\Config\Routes\AdminRoutes.php(186): CodeIgniter\Router\RouteCollection->match([...], 'send_mail/?(:num)?', 'UsersController::send_mail/$1')
 3 SYSTEMPATH\Router\RouteCollection.php(800): App\Config\Routes\AdminRoutes::App\Config\Routes\{closure}(Object(CodeIgniter\Router\RouteCollection))
 4 APPPATH\Config\Routes\AdminRoutes.php(182): CodeIgniter\Router\RouteCollection->group('users', [...], Object(Closure))
 5 SYSTEMPATH\Router\RouteCollection.php(800): App\Config\Routes\AdminRoutes::App\Config\Routes\{closure}(Object(CodeIgniter\Router\RouteCollection))
 6 APPPATH\Config\Routes\AdminRoutes.php(28): CodeIgniter\Router\RouteCollection->group('admin', [...], Object(Closure))
 7 APPPATH\Config\Routes.php(20): App\Config\Routes\AdminRoutes::init(Object(CodeIgniter\Router\RouteCollection))
 8 SYSTEMPATH\Router\RouteCollection.php(340): require('C:\\xampp\\htdocs\\smartstore\\app\\Config\\Routes.php')
 9 SYSTEMPATH\CodeIgniter.php(823): CodeIgniter\Router\RouteCollection->loadRoutes()
10 SYSTEMPATH\CodeIgniter.php(457): CodeIgniter\CodeIgniter->tryToRouteIt(null)
11 SYSTEMPATH\CodeIgniter.php(355): CodeIgniter\CodeIgniter->handleRequest(null, Object(Config\Cache), false)
12 SYSTEMPATH\Boot.php(325): CodeIgniter\CodeIgniter->run()
13 SYSTEMPATH\Boot.php(67): CodeIgniter\Boot::runCodeIgniter(Object(CodeIgniter\CodeIgniter))
14 FCPATH\index.php(63): CodeIgniter\Boot::bootWeb(Object(Config\Paths))
WARNING - 2025-05-31 12:02:19 --> [DEPRECATED] Passing lowercase HTTP method "get" is deprecated. Use uppercase HTTP method like "GET". in SYSTEMPATH\Router\RouteCollection.php on line 1027.
 1 SYSTEMPATH\Router\RouteCollection.php(1027): trigger_error('Passing lowercase HTTP method "get" is deprecated. Use uppercase HTTP method like "GET".', 16384)
 2 APPPATH\Config\Routes\AdminRoutes.php(215): CodeIgniter\Router\RouteCollection->match([...], 'send_mail/?(:num)?', 'TicketsController::send_mail/$1')
 3 SYSTEMPATH\Router\RouteCollection.php(800): App\Config\Routes\AdminRoutes::App\Config\Routes\{closure}(Object(CodeIgniter\Router\RouteCollection))
 4 APPPATH\Config\Routes\AdminRoutes.php(212): CodeIgniter\Router\RouteCollection->group('tickets', [...], Object(Closure))
 5 SYSTEMPATH\Router\RouteCollection.php(800): App\Config\Routes\AdminRoutes::App\Config\Routes\{closure}(Object(CodeIgniter\Router\RouteCollection))
 6 APPPATH\Config\Routes\AdminRoutes.php(28): CodeIgniter\Router\RouteCollection->group('admin', [...], Object(Closure))
 7 APPPATH\Config\Routes.php(20): App\Config\Routes\AdminRoutes::init(Object(CodeIgniter\Router\RouteCollection))
 8 SYSTEMPATH\Router\RouteCollection.php(340): require('C:\\xampp\\htdocs\\smartstore\\app\\Config\\Routes.php')
 9 SYSTEMPATH\CodeIgniter.php(823): CodeIgniter\Router\RouteCollection->loadRoutes()
10 SYSTEMPATH\CodeIgniter.php(457): CodeIgniter\CodeIgniter->tryToRouteIt(null)
11 SYSTEMPATH\CodeIgniter.php(355): CodeIgniter\CodeIgniter->handleRequest(null, Object(Config\Cache), false)
12 SYSTEMPATH\Boot.php(325): CodeIgniter\CodeIgniter->run()
13 SYSTEMPATH\Boot.php(67): CodeIgniter\Boot::runCodeIgniter(Object(CodeIgniter\CodeIgniter))
14 FCPATH\index.php(63): CodeIgniter\Boot::bootWeb(Object(Config\Paths))
WARNING - 2025-05-31 12:02:19 --> [DEPRECATED] Passing lowercase HTTP method "post" is deprecated. Use uppercase HTTP method like "POST". in SYSTEMPATH\Router\RouteCollection.php on line 1027.
 1 SYSTEMPATH\Router\RouteCollection.php(1027): trigger_error('Passing lowercase HTTP method "post" is deprecated. Use uppercase HTTP method like "POST".', 16384)
 2 APPPATH\Config\Routes\AdminRoutes.php(215): CodeIgniter\Router\RouteCollection->match([...], 'send_mail/?(:num)?', 'TicketsController::send_mail/$1')
 3 SYSTEMPATH\Router\RouteCollection.php(800): App\Config\Routes\AdminRoutes::App\Config\Routes\{closure}(Object(CodeIgniter\Router\RouteCollection))
 4 APPPATH\Config\Routes\AdminRoutes.php(212): CodeIgniter\Router\RouteCollection->group('tickets', [...], Object(Closure))
 5 SYSTEMPATH\Router\RouteCollection.php(800): App\Config\Routes\AdminRoutes::App\Config\Routes\{closure}(Object(CodeIgniter\Router\RouteCollection))
 6 APPPATH\Config\Routes\AdminRoutes.php(28): CodeIgniter\Router\RouteCollection->group('admin', [...], Object(Closure))
 7 APPPATH\Config\Routes.php(20): App\Config\Routes\AdminRoutes::init(Object(CodeIgniter\Router\RouteCollection))
 8 SYSTEMPATH\Router\RouteCollection.php(340): require('C:\\xampp\\htdocs\\smartstore\\app\\Config\\Routes.php')
 9 SYSTEMPATH\CodeIgniter.php(823): CodeIgniter\Router\RouteCollection->loadRoutes()
10 SYSTEMPATH\CodeIgniter.php(457): CodeIgniter\CodeIgniter->tryToRouteIt(null)
11 SYSTEMPATH\CodeIgniter.php(355): CodeIgniter\CodeIgniter->handleRequest(null, Object(Config\Cache), false)
12 SYSTEMPATH\Boot.php(325): CodeIgniter\CodeIgniter->run()
13 SYSTEMPATH\Boot.php(67): CodeIgniter\Boot::runCodeIgniter(Object(CodeIgniter\CodeIgniter))
14 FCPATH\index.php(63): CodeIgniter\Boot::bootWeb(Object(Config\Paths))
WARNING - 2025-05-31 12:02:19 --> [DEPRECATED] Passing lowercase HTTP method "get" is deprecated. Use uppercase HTTP method like "GET". in SYSTEMPATH\Router\RouteCollection.php on line 1027.
 1 SYSTEMPATH\Router\RouteCollection.php(1027): trigger_error('Passing lowercase HTTP method "get" is deprecated. Use uppercase HTTP method like "GET".', 16384)
 2 APPPATH\Config\Routes\UserRoutes.php(49): CodeIgniter\Router\RouteCollection->match([...], 'submit_review', 'ClientController::submit_review', [...])
 3 APPPATH\Config\Routes\UserRoutes.php(23): App\Config\Routes\UserRoutes::defineRoutes(Object(CodeIgniter\Router\RouteCollection))
 4 APPPATH\Config\Routes.php(21): App\Config\Routes\UserRoutes::init(Object(CodeIgniter\Router\RouteCollection))
 5 SYSTEMPATH\Router\RouteCollection.php(340): require('C:\\xampp\\htdocs\\smartstore\\app\\Config\\Routes.php')
 6 SYSTEMPATH\CodeIgniter.php(823): CodeIgniter\Router\RouteCollection->loadRoutes()
 7 SYSTEMPATH\CodeIgniter.php(457): CodeIgniter\CodeIgniter->tryToRouteIt(null)
 8 SYSTEMPATH\CodeIgniter.php(355): CodeIgniter\CodeIgniter->handleRequest(null, Object(Config\Cache), false)
 9 SYSTEMPATH\Boot.php(325): CodeIgniter\CodeIgniter->run()
10 SYSTEMPATH\Boot.php(67): CodeIgniter\Boot::runCodeIgniter(Object(CodeIgniter\CodeIgniter))
11 FCPATH\index.php(63): CodeIgniter\Boot::bootWeb(Object(Config\Paths))
WARNING - 2025-05-31 12:02:19 --> [DEPRECATED] Passing lowercase HTTP method "post" is deprecated. Use uppercase HTTP method like "POST". in SYSTEMPATH\Router\RouteCollection.php on line 1027.
 1 SYSTEMPATH\Router\RouteCollection.php(1027): trigger_error('Passing lowercase HTTP method "post" is deprecated. Use uppercase HTTP method like "POST".', 16384)
 2 APPPATH\Config\Routes\UserRoutes.php(49): CodeIgniter\Router\RouteCollection->match([...], 'submit_review', 'ClientController::submit_review', [...])
 3 APPPATH\Config\Routes\UserRoutes.php(23): App\Config\Routes\UserRoutes::defineRoutes(Object(CodeIgniter\Router\RouteCollection))
 4 APPPATH\Config\Routes.php(21): App\Config\Routes\UserRoutes::init(Object(CodeIgniter\Router\RouteCollection))
 5 SYSTEMPATH\Router\RouteCollection.php(340): require('C:\\xampp\\htdocs\\smartstore\\app\\Config\\Routes.php')
 6 SYSTEMPATH\CodeIgniter.php(823): CodeIgniter\Router\RouteCollection->loadRoutes()
 7 SYSTEMPATH\CodeIgniter.php(457): CodeIgniter\CodeIgniter->tryToRouteIt(null)
 8 SYSTEMPATH\CodeIgniter.php(355): CodeIgniter\CodeIgniter->handleRequest(null, Object(Config\Cache), false)
 9 SYSTEMPATH\Boot.php(325): CodeIgniter\CodeIgniter->run()
10 SYSTEMPATH\Boot.php(67): CodeIgniter\Boot::runCodeIgniter(Object(CodeIgniter\CodeIgniter))
11 FCPATH\index.php(63): CodeIgniter\Boot::bootWeb(Object(Config\Paths))
WARNING - 2025-05-31 12:02:19 --> [DEPRECATED] Passing lowercase HTTP method "get" is deprecated. Use uppercase HTTP method like "GET". in SYSTEMPATH\Router\RouteCollection.php on line 1027.
 1 SYSTEMPATH\Router\RouteCollection.php(1027): trigger_error('Passing lowercase HTTP method "get" is deprecated. Use uppercase HTTP method like "GET".', 16384)
 2 APPPATH\Config\Routes\UserRoutes.php(63): CodeIgniter\Router\RouteCollection->match([...], 'track-order', 'OrderController::track_order', [...])
 3 APPPATH\Config\Routes\UserRoutes.php(23): App\Config\Routes\UserRoutes::defineRoutes(Object(CodeIgniter\Router\RouteCollection))
 4 APPPATH\Config\Routes.php(21): App\Config\Routes\UserRoutes::init(Object(CodeIgniter\Router\RouteCollection))
 5 SYSTEMPATH\Router\RouteCollection.php(340): require('C:\\xampp\\htdocs\\smartstore\\app\\Config\\Routes.php')
 6 SYSTEMPATH\CodeIgniter.php(823): CodeIgniter\Router\RouteCollection->loadRoutes()
 7 SYSTEMPATH\CodeIgniter.php(457): CodeIgniter\CodeIgniter->tryToRouteIt(null)
 8 SYSTEMPATH\CodeIgniter.php(355): CodeIgniter\CodeIgniter->handleRequest(null, Object(Config\Cache), false)
 9 SYSTEMPATH\Boot.php(325): CodeIgniter\CodeIgniter->run()
10 SYSTEMPATH\Boot.php(67): CodeIgniter\Boot::runCodeIgniter(Object(CodeIgniter\CodeIgniter))
11 FCPATH\index.php(63): CodeIgniter\Boot::bootWeb(Object(Config\Paths))
WARNING - 2025-05-31 12:02:19 --> [DEPRECATED] Passing lowercase HTTP method "post" is deprecated. Use uppercase HTTP method like "POST". in SYSTEMPATH\Router\RouteCollection.php on line 1027.
 1 SYSTEMPATH\Router\RouteCollection.php(1027): trigger_error('Passing lowercase HTTP method "post" is deprecated. Use uppercase HTTP method like "POST".', 16384)
 2 APPPATH\Config\Routes\UserRoutes.php(63): CodeIgniter\Router\RouteCollection->match([...], 'track-order', 'OrderController::track_order', [...])
 3 APPPATH\Config\Routes\UserRoutes.php(23): App\Config\Routes\UserRoutes::defineRoutes(Object(CodeIgniter\Router\RouteCollection))
 4 APPPATH\Config\Routes.php(21): App\Config\Routes\UserRoutes::init(Object(CodeIgniter\Router\RouteCollection))
 5 SYSTEMPATH\Router\RouteCollection.php(340): require('C:\\xampp\\htdocs\\smartstore\\app\\Config\\Routes.php')
 6 SYSTEMPATH\CodeIgniter.php(823): CodeIgniter\Router\RouteCollection->loadRoutes()
 7 SYSTEMPATH\CodeIgniter.php(457): CodeIgniter\CodeIgniter->tryToRouteIt(null)
 8 SYSTEMPATH\CodeIgniter.php(355): CodeIgniter\CodeIgniter->handleRequest(null, Object(Config\Cache), false)
 9 SYSTEMPATH\Boot.php(325): CodeIgniter\CodeIgniter->run()
10 SYSTEMPATH\Boot.php(67): CodeIgniter\Boot::runCodeIgniter(Object(CodeIgniter\CodeIgniter))
11 FCPATH\index.php(63): CodeIgniter\Boot::bootWeb(Object(Config\Paths))
WARNING - 2025-05-31 12:02:19 --> [DEPRECATED] Passing lowercase HTTP method "get" is deprecated. Use uppercase HTTP method like "GET". in SYSTEMPATH\Router\RouteCollection.php on line 1027.
 1 SYSTEMPATH\Router\RouteCollection.php(1027): trigger_error('Passing lowercase HTTP method "get" is deprecated. Use uppercase HTTP method like "GET".', 16384)
 2 APPPATH\Config\Routes\UserRoutes.php(49): CodeIgniter\Router\RouteCollection->match([...], 'submit_review', 'ClientController::submit_review', [...])
 3 APPPATH\Config\Routes\UserRoutes.php(26): App\Config\Routes\UserRoutes::defineRoutes(Object(CodeIgniter\Router\RouteCollection))
 4 SYSTEMPATH\Router\RouteCollection.php(800): App\Config\Routes\UserRoutes::App\Config\Routes\{closure}(Object(CodeIgniter\Router\RouteCollection))
 5 APPPATH\Config\Routes\UserRoutes.php(25): CodeIgniter\Router\RouteCollection->group('{locale}', Object(Closure))
 6 APPPATH\Config\Routes.php(21): App\Config\Routes\UserRoutes::init(Object(CodeIgniter\Router\RouteCollection))
 7 SYSTEMPATH\Router\RouteCollection.php(340): require('C:\\xampp\\htdocs\\smartstore\\app\\Config\\Routes.php')
 8 SYSTEMPATH\CodeIgniter.php(823): CodeIgniter\Router\RouteCollection->loadRoutes()
 9 SYSTEMPATH\CodeIgniter.php(457): CodeIgniter\CodeIgniter->tryToRouteIt(null)
10 SYSTEMPATH\CodeIgniter.php(355): CodeIgniter\CodeIgniter->handleRequest(null, Object(Config\Cache), false)
11 SYSTEMPATH\Boot.php(325): CodeIgniter\CodeIgniter->run()
12 SYSTEMPATH\Boot.php(67): CodeIgniter\Boot::runCodeIgniter(Object(CodeIgniter\CodeIgniter))
13 FCPATH\index.php(63): CodeIgniter\Boot::bootWeb(Object(Config\Paths))
WARNING - 2025-05-31 12:02:19 --> [DEPRECATED] Passing lowercase HTTP method "post" is deprecated. Use uppercase HTTP method like "POST". in SYSTEMPATH\Router\RouteCollection.php on line 1027.
 1 SYSTEMPATH\Router\RouteCollection.php(1027): trigger_error('Passing lowercase HTTP method "post" is deprecated. Use uppercase HTTP method like "POST".', 16384)
 2 APPPATH\Config\Routes\UserRoutes.php(49): CodeIgniter\Router\RouteCollection->match([...], 'submit_review', 'ClientController::submit_review', [...])
 3 APPPATH\Config\Routes\UserRoutes.php(26): App\Config\Routes\UserRoutes::defineRoutes(Object(CodeIgniter\Router\RouteCollection))
 4 SYSTEMPATH\Router\RouteCollection.php(800): App\Config\Routes\UserRoutes::App\Config\Routes\{closure}(Object(CodeIgniter\Router\RouteCollection))
 5 APPPATH\Config\Routes\UserRoutes.php(25): CodeIgniter\Router\RouteCollection->group('{locale}', Object(Closure))
 6 APPPATH\Config\Routes.php(21): App\Config\Routes\UserRoutes::init(Object(CodeIgniter\Router\RouteCollection))
 7 SYSTEMPATH\Router\RouteCollection.php(340): require('C:\\xampp\\htdocs\\smartstore\\app\\Config\\Routes.php')
 8 SYSTEMPATH\CodeIgniter.php(823): CodeIgniter\Router\RouteCollection->loadRoutes()
 9 SYSTEMPATH\CodeIgniter.php(457): CodeIgniter\CodeIgniter->tryToRouteIt(null)
10 SYSTEMPATH\CodeIgniter.php(355): CodeIgniter\CodeIgniter->handleRequest(null, Object(Config\Cache), false)
11 SYSTEMPATH\Boot.php(325): CodeIgniter\CodeIgniter->run()
12 SYSTEMPATH\Boot.php(67): CodeIgniter\Boot::runCodeIgniter(Object(CodeIgniter\CodeIgniter))
13 FCPATH\index.php(63): CodeIgniter\Boot::bootWeb(Object(Config\Paths))
WARNING - 2025-05-31 12:02:19 --> [DEPRECATED] Passing lowercase HTTP method "get" is deprecated. Use uppercase HTTP method like "GET". in SYSTEMPATH\Router\RouteCollection.php on line 1027.
 1 SYSTEMPATH\Router\RouteCollection.php(1027): trigger_error('Passing lowercase HTTP method "get" is deprecated. Use uppercase HTTP method like "GET".', 16384)
 2 APPPATH\Config\Routes\UserRoutes.php(63): CodeIgniter\Router\RouteCollection->match([...], 'track-order', 'OrderController::track_order', [...])
 3 APPPATH\Config\Routes\UserRoutes.php(26): App\Config\Routes\UserRoutes::defineRoutes(Object(CodeIgniter\Router\RouteCollection))
 4 SYSTEMPATH\Router\RouteCollection.php(800): App\Config\Routes\UserRoutes::App\Config\Routes\{closure}(Object(CodeIgniter\Router\RouteCollection))
 5 APPPATH\Config\Routes\UserRoutes.php(25): CodeIgniter\Router\RouteCollection->group('{locale}', Object(Closure))
 6 APPPATH\Config\Routes.php(21): App\Config\Routes\UserRoutes::init(Object(CodeIgniter\Router\RouteCollection))
 7 SYSTEMPATH\Router\RouteCollection.php(340): require('C:\\xampp\\htdocs\\smartstore\\app\\Config\\Routes.php')
 8 SYSTEMPATH\CodeIgniter.php(823): CodeIgniter\Router\RouteCollection->loadRoutes()
 9 SYSTEMPATH\CodeIgniter.php(457): CodeIgniter\CodeIgniter->tryToRouteIt(null)
10 SYSTEMPATH\CodeIgniter.php(355): CodeIgniter\CodeIgniter->handleRequest(null, Object(Config\Cache), false)
11 SYSTEMPATH\Boot.php(325): CodeIgniter\CodeIgniter->run()
12 SYSTEMPATH\Boot.php(67): CodeIgniter\Boot::runCodeIgniter(Object(CodeIgniter\CodeIgniter))
13 FCPATH\index.php(63): CodeIgniter\Boot::bootWeb(Object(Config\Paths))
WARNING - 2025-05-31 12:02:19 --> [DEPRECATED] Passing lowercase HTTP method "post" is deprecated. Use uppercase HTTP method like "POST". in SYSTEMPATH\Router\RouteCollection.php on line 1027.
 1 SYSTEMPATH\Router\RouteCollection.php(1027): trigger_error('Passing lowercase HTTP method "post" is deprecated. Use uppercase HTTP method like "POST".', 16384)
 2 APPPATH\Config\Routes\UserRoutes.php(63): CodeIgniter\Router\RouteCollection->match([...], 'track-order', 'OrderController::track_order', [...])
 3 APPPATH\Config\Routes\UserRoutes.php(26): App\Config\Routes\UserRoutes::defineRoutes(Object(CodeIgniter\Router\RouteCollection))
 4 SYSTEMPATH\Router\RouteCollection.php(800): App\Config\Routes\UserRoutes::App\Config\Routes\{closure}(Object(CodeIgniter\Router\RouteCollection))
 5 APPPATH\Config\Routes\UserRoutes.php(25): CodeIgniter\Router\RouteCollection->group('{locale}', Object(Closure))
 6 APPPATH\Config\Routes.php(21): App\Config\Routes\UserRoutes::init(Object(CodeIgniter\Router\RouteCollection))
 7 SYSTEMPATH\Router\RouteCollection.php(340): require('C:\\xampp\\htdocs\\smartstore\\app\\Config\\Routes.php')
 8 SYSTEMPATH\CodeIgniter.php(823): CodeIgniter\Router\RouteCollection->loadRoutes()
 9 SYSTEMPATH\CodeIgniter.php(457): CodeIgniter\CodeIgniter->tryToRouteIt(null)
10 SYSTEMPATH\CodeIgniter.php(355): CodeIgniter\CodeIgniter->handleRequest(null, Object(Config\Cache), false)
11 SYSTEMPATH\Boot.php(325): CodeIgniter\CodeIgniter->run()
12 SYSTEMPATH\Boot.php(67): CodeIgniter\Boot::runCodeIgniter(Object(CodeIgniter\CodeIgniter))
13 FCPATH\index.php(63): CodeIgniter\Boot::bootWeb(Object(Config\Paths))
INFO - 2025-05-31 12:02:19 --> Session: Class initialized using 'CodeIgniter\Session\Handlers\FileHandler' driver.
WARNING - 2025-05-31 12:02:19 --> [DEPRECATED] Creation of dynamic property App\Controllers\Public\PageController::$load_files is deprecated in APPPATH\Controllers\Public\PageController.php on line 21.
 1 SYSTEMPATH\CodeIgniter.php(903): App\Controllers\Public\PageController->__construct()
 2 SYSTEMPATH\CodeIgniter.php(500): CodeIgniter\CodeIgniter->createController()
 3 SYSTEMPATH\CodeIgniter.php(355): CodeIgniter\CodeIgniter->handleRequest(null, Object(Config\Cache), false)
 4 SYSTEMPATH\Boot.php(325): CodeIgniter\CodeIgniter->run()
 5 SYSTEMPATH\Boot.php(67): CodeIgniter\Boot::runCodeIgniter(Object(CodeIgniter\CodeIgniter))
 6 FCPATH\index.php(63): CodeIgniter\Boot::bootWeb(Object(Config\Paths))
WARNING - 2025-05-31 12:02:19 --> [DEPRECATED] Creation of dynamic property App\Controllers\Public\PageController::$page_title is deprecated in APPPATH\Controllers\Public\PageController.php on line 22.
 1 SYSTEMPATH\CodeIgniter.php(903): App\Controllers\Public\PageController->__construct()
 2 SYSTEMPATH\CodeIgniter.php(500): CodeIgniter\CodeIgniter->createController()
 3 SYSTEMPATH\CodeIgniter.php(355): CodeIgniter\CodeIgniter->handleRequest(null, Object(Config\Cache), false)
 4 SYSTEMPATH\Boot.php(325): CodeIgniter\CodeIgniter->run()
 5 SYSTEMPATH\Boot.php(67): CodeIgniter\Boot::runCodeIgniter(Object(CodeIgniter\CodeIgniter))
 6 FCPATH\index.php(63): CodeIgniter\Boot::bootWeb(Object(Config\Paths))
WARNING - 2025-05-31 12:06:58 --> [DEPRECATED] Passing lowercase HTTP method "get" is deprecated. Use uppercase HTTP method like "GET". in SYSTEMPATH\Router\RouteCollection.php on line 1027.
 1 SYSTEMPATH\Router\RouteCollection.php(1027): trigger_error('Passing lowercase HTTP method "get" is deprecated. Use uppercase HTTP method like "GET".', 16384)
 2 APPPATH\Config\Routes\AdminRoutes.php(65): CodeIgniter\Router\RouteCollection->match([...], 'send_test_mail', 'SettingsController::send_test_mail')
 3 SYSTEMPATH\Router\RouteCollection.php(800): App\Config\Routes\AdminRoutes::App\Config\Routes\{closure}(Object(CodeIgniter\Router\RouteCollection))
 4 APPPATH\Config\Routes\AdminRoutes.php(63): CodeIgniter\Router\RouteCollection->group('settings', [...], Object(Closure))
 5 SYSTEMPATH\Router\RouteCollection.php(800): App\Config\Routes\AdminRoutes::App\Config\Routes\{closure}(Object(CodeIgniter\Router\RouteCollection))
 6 APPPATH\Config\Routes\AdminRoutes.php(28): CodeIgniter\Router\RouteCollection->group('admin', [...], Object(Closure))
 7 APPPATH\Config\Routes.php(20): App\Config\Routes\AdminRoutes::init(Object(CodeIgniter\Router\RouteCollection))
 8 SYSTEMPATH\Router\RouteCollection.php(340): require('C:\\xampp\\htdocs\\smartstore\\app\\Config\\Routes.php')
 9 SYSTEMPATH\CodeIgniter.php(823): CodeIgniter\Router\RouteCollection->loadRoutes()
10 SYSTEMPATH\CodeIgniter.php(457): CodeIgniter\CodeIgniter->tryToRouteIt(null)
11 SYSTEMPATH\CodeIgniter.php(355): CodeIgniter\CodeIgniter->handleRequest(null, Object(Config\Cache), false)
12 SYSTEMPATH\Boot.php(325): CodeIgniter\CodeIgniter->run()
13 SYSTEMPATH\Boot.php(67): CodeIgniter\Boot::runCodeIgniter(Object(CodeIgniter\CodeIgniter))
14 FCPATH\index.php(63): CodeIgniter\Boot::bootWeb(Object(Config\Paths))
WARNING - 2025-05-31 12:06:58 --> [DEPRECATED] Passing lowercase HTTP method "post" is deprecated. Use uppercase HTTP method like "POST". in SYSTEMPATH\Router\RouteCollection.php on line 1027.
 1 SYSTEMPATH\Router\RouteCollection.php(1027): trigger_error('Passing lowercase HTTP method "post" is deprecated. Use uppercase HTTP method like "POST".', 16384)
 2 APPPATH\Config\Routes\AdminRoutes.php(65): CodeIgniter\Router\RouteCollection->match([...], 'send_test_mail', 'SettingsController::send_test_mail')
 3 SYSTEMPATH\Router\RouteCollection.php(800): App\Config\Routes\AdminRoutes::App\Config\Routes\{closure}(Object(CodeIgniter\Router\RouteCollection))
 4 APPPATH\Config\Routes\AdminRoutes.php(63): CodeIgniter\Router\RouteCollection->group('settings', [...], Object(Closure))
 5 SYSTEMPATH\Router\RouteCollection.php(800): App\Config\Routes\AdminRoutes::App\Config\Routes\{closure}(Object(CodeIgniter\Router\RouteCollection))
 6 APPPATH\Config\Routes\AdminRoutes.php(28): CodeIgniter\Router\RouteCollection->group('admin', [...], Object(Closure))
 7 APPPATH\Config\Routes.php(20): App\Config\Routes\AdminRoutes::init(Object(CodeIgniter\Router\RouteCollection))
 8 SYSTEMPATH\Router\RouteCollection.php(340): require('C:\\xampp\\htdocs\\smartstore\\app\\Config\\Routes.php')
 9 SYSTEMPATH\CodeIgniter.php(823): CodeIgniter\Router\RouteCollection->loadRoutes()
10 SYSTEMPATH\CodeIgniter.php(457): CodeIgniter\CodeIgniter->tryToRouteIt(null)
11 SYSTEMPATH\CodeIgniter.php(355): CodeIgniter\CodeIgniter->handleRequest(null, Object(Config\Cache), false)
12 SYSTEMPATH\Boot.php(325): CodeIgniter\CodeIgniter->run()
13 SYSTEMPATH\Boot.php(67): CodeIgniter\Boot::runCodeIgniter(Object(CodeIgniter\CodeIgniter))
14 FCPATH\index.php(63): CodeIgniter\Boot::bootWeb(Object(Config\Paths))
WARNING - 2025-05-31 12:06:58 --> [DEPRECATED] Passing lowercase HTTP method "get" is deprecated. Use uppercase HTTP method like "GET". in SYSTEMPATH\Router\RouteCollection.php on line 1027.
 1 SYSTEMPATH\Router\RouteCollection.php(1027): trigger_error('Passing lowercase HTTP method "get" is deprecated. Use uppercase HTTP method like "GET".', 16384)
 2 APPPATH\Config\Routes\AdminRoutes.php(76): CodeIgniter\Router\RouteCollection->match([...], 'elfinder_connector', 'FilemanagerController::elfinder_connector')
 3 SYSTEMPATH\Router\RouteCollection.php(800): App\Config\Routes\AdminRoutes::App\Config\Routes\{closure}(Object(CodeIgniter\Router\RouteCollection))
 4 APPPATH\Config\Routes\AdminRoutes.php(73): CodeIgniter\Router\RouteCollection->group('filemanager', [...], Object(Closure))
 5 SYSTEMPATH\Router\RouteCollection.php(800): App\Config\Routes\AdminRoutes::App\Config\Routes\{closure}(Object(CodeIgniter\Router\RouteCollection))
 6 APPPATH\Config\Routes\AdminRoutes.php(28): CodeIgniter\Router\RouteCollection->group('admin', [...], Object(Closure))
 7 APPPATH\Config\Routes.php(20): App\Config\Routes\AdminRoutes::init(Object(CodeIgniter\Router\RouteCollection))
 8 SYSTEMPATH\Router\RouteCollection.php(340): require('C:\\xampp\\htdocs\\smartstore\\app\\Config\\Routes.php')
 9 SYSTEMPATH\CodeIgniter.php(823): CodeIgniter\Router\RouteCollection->loadRoutes()
10 SYSTEMPATH\CodeIgniter.php(457): CodeIgniter\CodeIgniter->tryToRouteIt(null)
11 SYSTEMPATH\CodeIgniter.php(355): CodeIgniter\CodeIgniter->handleRequest(null, Object(Config\Cache), false)
12 SYSTEMPATH\Boot.php(325): CodeIgniter\CodeIgniter->run()
13 SYSTEMPATH\Boot.php(67): CodeIgniter\Boot::runCodeIgniter(Object(CodeIgniter\CodeIgniter))
14 FCPATH\index.php(63): CodeIgniter\Boot::bootWeb(Object(Config\Paths))
WARNING - 2025-05-31 12:06:58 --> [DEPRECATED] Passing lowercase HTTP method "post" is deprecated. Use uppercase HTTP method like "POST". in SYSTEMPATH\Router\RouteCollection.php on line 1027.
 1 SYSTEMPATH\Router\RouteCollection.php(1027): trigger_error('Passing lowercase HTTP method "post" is deprecated. Use uppercase HTTP method like "POST".', 16384)
 2 APPPATH\Config\Routes\AdminRoutes.php(76): CodeIgniter\Router\RouteCollection->match([...], 'elfinder_connector', 'FilemanagerController::elfinder_connector')
 3 SYSTEMPATH\Router\RouteCollection.php(800): App\Config\Routes\AdminRoutes::App\Config\Routes\{closure}(Object(CodeIgniter\Router\RouteCollection))
 4 APPPATH\Config\Routes\AdminRoutes.php(73): CodeIgniter\Router\RouteCollection->group('filemanager', [...], Object(Closure))
 5 SYSTEMPATH\Router\RouteCollection.php(800): App\Config\Routes\AdminRoutes::App\Config\Routes\{closure}(Object(CodeIgniter\Router\RouteCollection))
 6 APPPATH\Config\Routes\AdminRoutes.php(28): CodeIgniter\Router\RouteCollection->group('admin', [...], Object(Closure))
 7 APPPATH\Config\Routes.php(20): App\Config\Routes\AdminRoutes::init(Object(CodeIgniter\Router\RouteCollection))
 8 SYSTEMPATH\Router\RouteCollection.php(340): require('C:\\xampp\\htdocs\\smartstore\\app\\Config\\Routes.php')
 9 SYSTEMPATH\CodeIgniter.php(823): CodeIgniter\Router\RouteCollection->loadRoutes()
10 SYSTEMPATH\CodeIgniter.php(457): CodeIgniter\CodeIgniter->tryToRouteIt(null)
11 SYSTEMPATH\CodeIgniter.php(355): CodeIgniter\CodeIgniter->handleRequest(null, Object(Config\Cache), false)
12 SYSTEMPATH\Boot.php(325): CodeIgniter\CodeIgniter->run()
13 SYSTEMPATH\Boot.php(67): CodeIgniter\Boot::runCodeIgniter(Object(CodeIgniter\CodeIgniter))
14 FCPATH\index.php(63): CodeIgniter\Boot::bootWeb(Object(Config\Paths))
WARNING - 2025-05-31 12:06:58 --> [DEPRECATED] Passing lowercase HTTP method "get" is deprecated. Use uppercase HTTP method like "GET". in SYSTEMPATH\Router\RouteCollection.php on line 1027.
 1 SYSTEMPATH\Router\RouteCollection.php(1027): trigger_error('Passing lowercase HTTP method "get" is deprecated. Use uppercase HTTP method like "GET".', 16384)
 2 APPPATH\Config\Routes\AdminRoutes.php(172): CodeIgniter\Router\RouteCollection->match([...], 'sync_services/?(:num)?', 'ProvidersController::sync_services/$1')
 3 SYSTEMPATH\Router\RouteCollection.php(800): App\Config\Routes\AdminRoutes::App\Config\Routes\{closure}(Object(CodeIgniter\Router\RouteCollection))
 4 APPPATH\Config\Routes\AdminRoutes.php(167): CodeIgniter\Router\RouteCollection->group('providers', [...], Object(Closure))
 5 SYSTEMPATH\Router\RouteCollection.php(800): App\Config\Routes\AdminRoutes::App\Config\Routes\{closure}(Object(CodeIgniter\Router\RouteCollection))
 6 APPPATH\Config\Routes\AdminRoutes.php(28): CodeIgniter\Router\RouteCollection->group('admin', [...], Object(Closure))
 7 APPPATH\Config\Routes.php(20): App\Config\Routes\AdminRoutes::init(Object(CodeIgniter\Router\RouteCollection))
 8 SYSTEMPATH\Router\RouteCollection.php(340): require('C:\\xampp\\htdocs\\smartstore\\app\\Config\\Routes.php')
 9 SYSTEMPATH\CodeIgniter.php(823): CodeIgniter\Router\RouteCollection->loadRoutes()
10 SYSTEMPATH\CodeIgniter.php(457): CodeIgniter\CodeIgniter->tryToRouteIt(null)
11 SYSTEMPATH\CodeIgniter.php(355): CodeIgniter\CodeIgniter->handleRequest(null, Object(Config\Cache), false)
12 SYSTEMPATH\Boot.php(325): CodeIgniter\CodeIgniter->run()
13 SYSTEMPATH\Boot.php(67): CodeIgniter\Boot::runCodeIgniter(Object(CodeIgniter\CodeIgniter))
14 FCPATH\index.php(63): CodeIgniter\Boot::bootWeb(Object(Config\Paths))
WARNING - 2025-05-31 12:06:58 --> [DEPRECATED] Passing lowercase HTTP method "post" is deprecated. Use uppercase HTTP method like "POST". in SYSTEMPATH\Router\RouteCollection.php on line 1027.
 1 SYSTEMPATH\Router\RouteCollection.php(1027): trigger_error('Passing lowercase HTTP method "post" is deprecated. Use uppercase HTTP method like "POST".', 16384)
 2 APPPATH\Config\Routes\AdminRoutes.php(172): CodeIgniter\Router\RouteCollection->match([...], 'sync_services/?(:num)?', 'ProvidersController::sync_services/$1')
 3 SYSTEMPATH\Router\RouteCollection.php(800): App\Config\Routes\AdminRoutes::App\Config\Routes\{closure}(Object(CodeIgniter\Router\RouteCollection))
 4 APPPATH\Config\Routes\AdminRoutes.php(167): CodeIgniter\Router\RouteCollection->group('providers', [...], Object(Closure))
 5 SYSTEMPATH\Router\RouteCollection.php(800): App\Config\Routes\AdminRoutes::App\Config\Routes\{closure}(Object(CodeIgniter\Router\RouteCollection))
 6 APPPATH\Config\Routes\AdminRoutes.php(28): CodeIgniter\Router\RouteCollection->group('admin', [...], Object(Closure))
 7 APPPATH\Config\Routes.php(20): App\Config\Routes\AdminRoutes::init(Object(CodeIgniter\Router\RouteCollection))
 8 SYSTEMPATH\Router\RouteCollection.php(340): require('C:\\xampp\\htdocs\\smartstore\\app\\Config\\Routes.php')
 9 SYSTEMPATH\CodeIgniter.php(823): CodeIgniter\Router\RouteCollection->loadRoutes()
10 SYSTEMPATH\CodeIgniter.php(457): CodeIgniter\CodeIgniter->tryToRouteIt(null)
11 SYSTEMPATH\CodeIgniter.php(355): CodeIgniter\CodeIgniter->handleRequest(null, Object(Config\Cache), false)
12 SYSTEMPATH\Boot.php(325): CodeIgniter\CodeIgniter->run()
13 SYSTEMPATH\Boot.php(67): CodeIgniter\Boot::runCodeIgniter(Object(CodeIgniter\CodeIgniter))
14 FCPATH\index.php(63): CodeIgniter\Boot::bootWeb(Object(Config\Paths))
WARNING - 2025-05-31 12:06:58 --> [DEPRECATED] Passing lowercase HTTP method "get" is deprecated. Use uppercase HTTP method like "GET". in SYSTEMPATH\Router\RouteCollection.php on line 1027.
 1 SYSTEMPATH\Router\RouteCollection.php(1027): trigger_error('Passing lowercase HTTP method "get" is deprecated. Use uppercase HTTP method like "GET".', 16384)
 2 APPPATH\Config\Routes\AdminRoutes.php(185): CodeIgniter\Router\RouteCollection->match([...], 'add_note/?(:num)?', 'UsersController::add_note/$1')
 3 SYSTEMPATH\Router\RouteCollection.php(800): App\Config\Routes\AdminRoutes::App\Config\Routes\{closure}(Object(CodeIgniter\Router\RouteCollection))
 4 APPPATH\Config\Routes\AdminRoutes.php(182): CodeIgniter\Router\RouteCollection->group('users', [...], Object(Closure))
 5 SYSTEMPATH\Router\RouteCollection.php(800): App\Config\Routes\AdminRoutes::App\Config\Routes\{closure}(Object(CodeIgniter\Router\RouteCollection))
 6 APPPATH\Config\Routes\AdminRoutes.php(28): CodeIgniter\Router\RouteCollection->group('admin', [...], Object(Closure))
 7 APPPATH\Config\Routes.php(20): App\Config\Routes\AdminRoutes::init(Object(CodeIgniter\Router\RouteCollection))
 8 SYSTEMPATH\Router\RouteCollection.php(340): require('C:\\xampp\\htdocs\\smartstore\\app\\Config\\Routes.php')
 9 SYSTEMPATH\CodeIgniter.php(823): CodeIgniter\Router\RouteCollection->loadRoutes()
10 SYSTEMPATH\CodeIgniter.php(457): CodeIgniter\CodeIgniter->tryToRouteIt(null)
11 SYSTEMPATH\CodeIgniter.php(355): CodeIgniter\CodeIgniter->handleRequest(null, Object(Config\Cache), false)
12 SYSTEMPATH\Boot.php(325): CodeIgniter\CodeIgniter->run()
13 SYSTEMPATH\Boot.php(67): CodeIgniter\Boot::runCodeIgniter(Object(CodeIgniter\CodeIgniter))
14 FCPATH\index.php(63): CodeIgniter\Boot::bootWeb(Object(Config\Paths))
WARNING - 2025-05-31 12:06:58 --> [DEPRECATED] Passing lowercase HTTP method "post" is deprecated. Use uppercase HTTP method like "POST". in SYSTEMPATH\Router\RouteCollection.php on line 1027.
 1 SYSTEMPATH\Router\RouteCollection.php(1027): trigger_error('Passing lowercase HTTP method "post" is deprecated. Use uppercase HTTP method like "POST".', 16384)
 2 APPPATH\Config\Routes\AdminRoutes.php(185): CodeIgniter\Router\RouteCollection->match([...], 'add_note/?(:num)?', 'UsersController::add_note/$1')
 3 SYSTEMPATH\Router\RouteCollection.php(800): App\Config\Routes\AdminRoutes::App\Config\Routes\{closure}(Object(CodeIgniter\Router\RouteCollection))
 4 APPPATH\Config\Routes\AdminRoutes.php(182): CodeIgniter\Router\RouteCollection->group('users', [...], Object(Closure))
 5 SYSTEMPATH\Router\RouteCollection.php(800): App\Config\Routes\AdminRoutes::App\Config\Routes\{closure}(Object(CodeIgniter\Router\RouteCollection))
 6 APPPATH\Config\Routes\AdminRoutes.php(28): CodeIgniter\Router\RouteCollection->group('admin', [...], Object(Closure))
 7 APPPATH\Config\Routes.php(20): App\Config\Routes\AdminRoutes::init(Object(CodeIgniter\Router\RouteCollection))
 8 SYSTEMPATH\Router\RouteCollection.php(340): require('C:\\xampp\\htdocs\\smartstore\\app\\Config\\Routes.php')
 9 SYSTEMPATH\CodeIgniter.php(823): CodeIgniter\Router\RouteCollection->loadRoutes()
10 SYSTEMPATH\CodeIgniter.php(457): CodeIgniter\CodeIgniter->tryToRouteIt(null)
11 SYSTEMPATH\CodeIgniter.php(355): CodeIgniter\CodeIgniter->handleRequest(null, Object(Config\Cache), false)
12 SYSTEMPATH\Boot.php(325): CodeIgniter\CodeIgniter->run()
13 SYSTEMPATH\Boot.php(67): CodeIgniter\Boot::runCodeIgniter(Object(CodeIgniter\CodeIgniter))
14 FCPATH\index.php(63): CodeIgniter\Boot::bootWeb(Object(Config\Paths))
WARNING - 2025-05-31 12:06:58 --> [DEPRECATED] Passing lowercase HTTP method "get" is deprecated. Use uppercase HTTP method like "GET". in SYSTEMPATH\Router\RouteCollection.php on line 1027.
 1 SYSTEMPATH\Router\RouteCollection.php(1027): trigger_error('Passing lowercase HTTP method "get" is deprecated. Use uppercase HTTP method like "GET".', 16384)
 2 APPPATH\Config\Routes\AdminRoutes.php(186): CodeIgniter\Router\RouteCollection->match([...], 'send_mail/?(:num)?', 'UsersController::send_mail/$1')
 3 SYSTEMPATH\Router\RouteCollection.php(800): App\Config\Routes\AdminRoutes::App\Config\Routes\{closure}(Object(CodeIgniter\Router\RouteCollection))
 4 APPPATH\Config\Routes\AdminRoutes.php(182): CodeIgniter\Router\RouteCollection->group('users', [...], Object(Closure))
 5 SYSTEMPATH\Router\RouteCollection.php(800): App\Config\Routes\AdminRoutes::App\Config\Routes\{closure}(Object(CodeIgniter\Router\RouteCollection))
 6 APPPATH\Config\Routes\AdminRoutes.php(28): CodeIgniter\Router\RouteCollection->group('admin', [...], Object(Closure))
 7 APPPATH\Config\Routes.php(20): App\Config\Routes\AdminRoutes::init(Object(CodeIgniter\Router\RouteCollection))
 8 SYSTEMPATH\Router\RouteCollection.php(340): require('C:\\xampp\\htdocs\\smartstore\\app\\Config\\Routes.php')
 9 SYSTEMPATH\CodeIgniter.php(823): CodeIgniter\Router\RouteCollection->loadRoutes()
10 SYSTEMPATH\CodeIgniter.php(457): CodeIgniter\CodeIgniter->tryToRouteIt(null)
11 SYSTEMPATH\CodeIgniter.php(355): CodeIgniter\CodeIgniter->handleRequest(null, Object(Config\Cache), false)
12 SYSTEMPATH\Boot.php(325): CodeIgniter\CodeIgniter->run()
13 SYSTEMPATH\Boot.php(67): CodeIgniter\Boot::runCodeIgniter(Object(CodeIgniter\CodeIgniter))
14 FCPATH\index.php(63): CodeIgniter\Boot::bootWeb(Object(Config\Paths))
WARNING - 2025-05-31 12:06:58 --> [DEPRECATED] Passing lowercase HTTP method "post" is deprecated. Use uppercase HTTP method like "POST". in SYSTEMPATH\Router\RouteCollection.php on line 1027.
 1 SYSTEMPATH\Router\RouteCollection.php(1027): trigger_error('Passing lowercase HTTP method "post" is deprecated. Use uppercase HTTP method like "POST".', 16384)
 2 APPPATH\Config\Routes\AdminRoutes.php(186): CodeIgniter\Router\RouteCollection->match([...], 'send_mail/?(:num)?', 'UsersController::send_mail/$1')
 3 SYSTEMPATH\Router\RouteCollection.php(800): App\Config\Routes\AdminRoutes::App\Config\Routes\{closure}(Object(CodeIgniter\Router\RouteCollection))
 4 APPPATH\Config\Routes\AdminRoutes.php(182): CodeIgniter\Router\RouteCollection->group('users', [...], Object(Closure))
 5 SYSTEMPATH\Router\RouteCollection.php(800): App\Config\Routes\AdminRoutes::App\Config\Routes\{closure}(Object(CodeIgniter\Router\RouteCollection))
 6 APPPATH\Config\Routes\AdminRoutes.php(28): CodeIgniter\Router\RouteCollection->group('admin', [...], Object(Closure))
 7 APPPATH\Config\Routes.php(20): App\Config\Routes\AdminRoutes::init(Object(CodeIgniter\Router\RouteCollection))
 8 SYSTEMPATH\Router\RouteCollection.php(340): require('C:\\xampp\\htdocs\\smartstore\\app\\Config\\Routes.php')
 9 SYSTEMPATH\CodeIgniter.php(823): CodeIgniter\Router\RouteCollection->loadRoutes()
10 SYSTEMPATH\CodeIgniter.php(457): CodeIgniter\CodeIgniter->tryToRouteIt(null)
11 SYSTEMPATH\CodeIgniter.php(355): CodeIgniter\CodeIgniter->handleRequest(null, Object(Config\Cache), false)
12 SYSTEMPATH\Boot.php(325): CodeIgniter\CodeIgniter->run()
13 SYSTEMPATH\Boot.php(67): CodeIgniter\Boot::runCodeIgniter(Object(CodeIgniter\CodeIgniter))
14 FCPATH\index.php(63): CodeIgniter\Boot::bootWeb(Object(Config\Paths))
WARNING - 2025-05-31 12:06:58 --> [DEPRECATED] Passing lowercase HTTP method "get" is deprecated. Use uppercase HTTP method like "GET". in SYSTEMPATH\Router\RouteCollection.php on line 1027.
 1 SYSTEMPATH\Router\RouteCollection.php(1027): trigger_error('Passing lowercase HTTP method "get" is deprecated. Use uppercase HTTP method like "GET".', 16384)
 2 APPPATH\Config\Routes\AdminRoutes.php(215): CodeIgniter\Router\RouteCollection->match([...], 'send_mail/?(:num)?', 'TicketsController::send_mail/$1')
 3 SYSTEMPATH\Router\RouteCollection.php(800): App\Config\Routes\AdminRoutes::App\Config\Routes\{closure}(Object(CodeIgniter\Router\RouteCollection))
 4 APPPATH\Config\Routes\AdminRoutes.php(212): CodeIgniter\Router\RouteCollection->group('tickets', [...], Object(Closure))
 5 SYSTEMPATH\Router\RouteCollection.php(800): App\Config\Routes\AdminRoutes::App\Config\Routes\{closure}(Object(CodeIgniter\Router\RouteCollection))
 6 APPPATH\Config\Routes\AdminRoutes.php(28): CodeIgniter\Router\RouteCollection->group('admin', [...], Object(Closure))
 7 APPPATH\Config\Routes.php(20): App\Config\Routes\AdminRoutes::init(Object(CodeIgniter\Router\RouteCollection))
 8 SYSTEMPATH\Router\RouteCollection.php(340): require('C:\\xampp\\htdocs\\smartstore\\app\\Config\\Routes.php')
 9 SYSTEMPATH\CodeIgniter.php(823): CodeIgniter\Router\RouteCollection->loadRoutes()
10 SYSTEMPATH\CodeIgniter.php(457): CodeIgniter\CodeIgniter->tryToRouteIt(null)
11 SYSTEMPATH\CodeIgniter.php(355): CodeIgniter\CodeIgniter->handleRequest(null, Object(Config\Cache), false)
12 SYSTEMPATH\Boot.php(325): CodeIgniter\CodeIgniter->run()
13 SYSTEMPATH\Boot.php(67): CodeIgniter\Boot::runCodeIgniter(Object(CodeIgniter\CodeIgniter))
14 FCPATH\index.php(63): CodeIgniter\Boot::bootWeb(Object(Config\Paths))
WARNING - 2025-05-31 12:06:58 --> [DEPRECATED] Passing lowercase HTTP method "post" is deprecated. Use uppercase HTTP method like "POST". in SYSTEMPATH\Router\RouteCollection.php on line 1027.
 1 SYSTEMPATH\Router\RouteCollection.php(1027): trigger_error('Passing lowercase HTTP method "post" is deprecated. Use uppercase HTTP method like "POST".', 16384)
 2 APPPATH\Config\Routes\AdminRoutes.php(215): CodeIgniter\Router\RouteCollection->match([...], 'send_mail/?(:num)?', 'TicketsController::send_mail/$1')
 3 SYSTEMPATH\Router\RouteCollection.php(800): App\Config\Routes\AdminRoutes::App\Config\Routes\{closure}(Object(CodeIgniter\Router\RouteCollection))
 4 APPPATH\Config\Routes\AdminRoutes.php(212): CodeIgniter\Router\RouteCollection->group('tickets', [...], Object(Closure))
 5 SYSTEMPATH\Router\RouteCollection.php(800): App\Config\Routes\AdminRoutes::App\Config\Routes\{closure}(Object(CodeIgniter\Router\RouteCollection))
 6 APPPATH\Config\Routes\AdminRoutes.php(28): CodeIgniter\Router\RouteCollection->group('admin', [...], Object(Closure))
 7 APPPATH\Config\Routes.php(20): App\Config\Routes\AdminRoutes::init(Object(CodeIgniter\Router\RouteCollection))
 8 SYSTEMPATH\Router\RouteCollection.php(340): require('C:\\xampp\\htdocs\\smartstore\\app\\Config\\Routes.php')
 9 SYSTEMPATH\CodeIgniter.php(823): CodeIgniter\Router\RouteCollection->loadRoutes()
10 SYSTEMPATH\CodeIgniter.php(457): CodeIgniter\CodeIgniter->tryToRouteIt(null)
11 SYSTEMPATH\CodeIgniter.php(355): CodeIgniter\CodeIgniter->handleRequest(null, Object(Config\Cache), false)
12 SYSTEMPATH\Boot.php(325): CodeIgniter\CodeIgniter->run()
13 SYSTEMPATH\Boot.php(67): CodeIgniter\Boot::runCodeIgniter(Object(CodeIgniter\CodeIgniter))
14 FCPATH\index.php(63): CodeIgniter\Boot::bootWeb(Object(Config\Paths))
WARNING - 2025-05-31 12:06:58 --> [DEPRECATED] Passing lowercase HTTP method "get" is deprecated. Use uppercase HTTP method like "GET". in SYSTEMPATH\Router\RouteCollection.php on line 1027.
 1 SYSTEMPATH\Router\RouteCollection.php(1027): trigger_error('Passing lowercase HTTP method "get" is deprecated. Use uppercase HTTP method like "GET".', 16384)
 2 APPPATH\Config\Routes\UserRoutes.php(49): CodeIgniter\Router\RouteCollection->match([...], 'submit_review', 'ClientController::submit_review', [...])
 3 APPPATH\Config\Routes\UserRoutes.php(23): App\Config\Routes\UserRoutes::defineRoutes(Object(CodeIgniter\Router\RouteCollection))
 4 APPPATH\Config\Routes.php(21): App\Config\Routes\UserRoutes::init(Object(CodeIgniter\Router\RouteCollection))
 5 SYSTEMPATH\Router\RouteCollection.php(340): require('C:\\xampp\\htdocs\\smartstore\\app\\Config\\Routes.php')
 6 SYSTEMPATH\CodeIgniter.php(823): CodeIgniter\Router\RouteCollection->loadRoutes()
 7 SYSTEMPATH\CodeIgniter.php(457): CodeIgniter\CodeIgniter->tryToRouteIt(null)
 8 SYSTEMPATH\CodeIgniter.php(355): CodeIgniter\CodeIgniter->handleRequest(null, Object(Config\Cache), false)
 9 SYSTEMPATH\Boot.php(325): CodeIgniter\CodeIgniter->run()
10 SYSTEMPATH\Boot.php(67): CodeIgniter\Boot::runCodeIgniter(Object(CodeIgniter\CodeIgniter))
11 FCPATH\index.php(63): CodeIgniter\Boot::bootWeb(Object(Config\Paths))
WARNING - 2025-05-31 12:06:58 --> [DEPRECATED] Passing lowercase HTTP method "post" is deprecated. Use uppercase HTTP method like "POST". in SYSTEMPATH\Router\RouteCollection.php on line 1027.
 1 SYSTEMPATH\Router\RouteCollection.php(1027): trigger_error('Passing lowercase HTTP method "post" is deprecated. Use uppercase HTTP method like "POST".', 16384)
 2 APPPATH\Config\Routes\UserRoutes.php(49): CodeIgniter\Router\RouteCollection->match([...], 'submit_review', 'ClientController::submit_review', [...])
 3 APPPATH\Config\Routes\UserRoutes.php(23): App\Config\Routes\UserRoutes::defineRoutes(Object(CodeIgniter\Router\RouteCollection))
 4 APPPATH\Config\Routes.php(21): App\Config\Routes\UserRoutes::init(Object(CodeIgniter\Router\RouteCollection))
 5 SYSTEMPATH\Router\RouteCollection.php(340): require('C:\\xampp\\htdocs\\smartstore\\app\\Config\\Routes.php')
 6 SYSTEMPATH\CodeIgniter.php(823): CodeIgniter\Router\RouteCollection->loadRoutes()
 7 SYSTEMPATH\CodeIgniter.php(457): CodeIgniter\CodeIgniter->tryToRouteIt(null)
 8 SYSTEMPATH\CodeIgniter.php(355): CodeIgniter\CodeIgniter->handleRequest(null, Object(Config\Cache), false)
 9 SYSTEMPATH\Boot.php(325): CodeIgniter\CodeIgniter->run()
10 SYSTEMPATH\Boot.php(67): CodeIgniter\Boot::runCodeIgniter(Object(CodeIgniter\CodeIgniter))
11 FCPATH\index.php(63): CodeIgniter\Boot::bootWeb(Object(Config\Paths))
WARNING - 2025-05-31 12:06:58 --> [DEPRECATED] Passing lowercase HTTP method "get" is deprecated. Use uppercase HTTP method like "GET". in SYSTEMPATH\Router\RouteCollection.php on line 1027.
 1 SYSTEMPATH\Router\RouteCollection.php(1027): trigger_error('Passing lowercase HTTP method "get" is deprecated. Use uppercase HTTP method like "GET".', 16384)
 2 APPPATH\Config\Routes\UserRoutes.php(63): CodeIgniter\Router\RouteCollection->match([...], 'track-order', 'OrderController::track_order', [...])
 3 APPPATH\Config\Routes\UserRoutes.php(23): App\Config\Routes\UserRoutes::defineRoutes(Object(CodeIgniter\Router\RouteCollection))
 4 APPPATH\Config\Routes.php(21): App\Config\Routes\UserRoutes::init(Object(CodeIgniter\Router\RouteCollection))
 5 SYSTEMPATH\Router\RouteCollection.php(340): require('C:\\xampp\\htdocs\\smartstore\\app\\Config\\Routes.php')
 6 SYSTEMPATH\CodeIgniter.php(823): CodeIgniter\Router\RouteCollection->loadRoutes()
 7 SYSTEMPATH\CodeIgniter.php(457): CodeIgniter\CodeIgniter->tryToRouteIt(null)
 8 SYSTEMPATH\CodeIgniter.php(355): CodeIgniter\CodeIgniter->handleRequest(null, Object(Config\Cache), false)
 9 SYSTEMPATH\Boot.php(325): CodeIgniter\CodeIgniter->run()
10 SYSTEMPATH\Boot.php(67): CodeIgniter\Boot::runCodeIgniter(Object(CodeIgniter\CodeIgniter))
11 FCPATH\index.php(63): CodeIgniter\Boot::bootWeb(Object(Config\Paths))
WARNING - 2025-05-31 12:06:58 --> [DEPRECATED] Passing lowercase HTTP method "post" is deprecated. Use uppercase HTTP method like "POST". in SYSTEMPATH\Router\RouteCollection.php on line 1027.
 1 SYSTEMPATH\Router\RouteCollection.php(1027): trigger_error('Passing lowercase HTTP method "post" is deprecated. Use uppercase HTTP method like "POST".', 16384)
 2 APPPATH\Config\Routes\UserRoutes.php(63): CodeIgniter\Router\RouteCollection->match([...], 'track-order', 'OrderController::track_order', [...])
 3 APPPATH\Config\Routes\UserRoutes.php(23): App\Config\Routes\UserRoutes::defineRoutes(Object(CodeIgniter\Router\RouteCollection))
 4 APPPATH\Config\Routes.php(21): App\Config\Routes\UserRoutes::init(Object(CodeIgniter\Router\RouteCollection))
 5 SYSTEMPATH\Router\RouteCollection.php(340): require('C:\\xampp\\htdocs\\smartstore\\app\\Config\\Routes.php')
 6 SYSTEMPATH\CodeIgniter.php(823): CodeIgniter\Router\RouteCollection->loadRoutes()
 7 SYSTEMPATH\CodeIgniter.php(457): CodeIgniter\CodeIgniter->tryToRouteIt(null)
 8 SYSTEMPATH\CodeIgniter.php(355): CodeIgniter\CodeIgniter->handleRequest(null, Object(Config\Cache), false)
 9 SYSTEMPATH\Boot.php(325): CodeIgniter\CodeIgniter->run()
10 SYSTEMPATH\Boot.php(67): CodeIgniter\Boot::runCodeIgniter(Object(CodeIgniter\CodeIgniter))
11 FCPATH\index.php(63): CodeIgniter\Boot::bootWeb(Object(Config\Paths))
WARNING - 2025-05-31 12:06:58 --> [DEPRECATED] Passing lowercase HTTP method "get" is deprecated. Use uppercase HTTP method like "GET". in SYSTEMPATH\Router\RouteCollection.php on line 1027.
 1 SYSTEMPATH\Router\RouteCollection.php(1027): trigger_error('Passing lowercase HTTP method "get" is deprecated. Use uppercase HTTP method like "GET".', 16384)
 2 APPPATH\Config\Routes\UserRoutes.php(49): CodeIgniter\Router\RouteCollection->match([...], 'submit_review', 'ClientController::submit_review', [...])
 3 APPPATH\Config\Routes\UserRoutes.php(26): App\Config\Routes\UserRoutes::defineRoutes(Object(CodeIgniter\Router\RouteCollection))
 4 SYSTEMPATH\Router\RouteCollection.php(800): App\Config\Routes\UserRoutes::App\Config\Routes\{closure}(Object(CodeIgniter\Router\RouteCollection))
 5 APPPATH\Config\Routes\UserRoutes.php(25): CodeIgniter\Router\RouteCollection->group('{locale}', Object(Closure))
 6 APPPATH\Config\Routes.php(21): App\Config\Routes\UserRoutes::init(Object(CodeIgniter\Router\RouteCollection))
 7 SYSTEMPATH\Router\RouteCollection.php(340): require('C:\\xampp\\htdocs\\smartstore\\app\\Config\\Routes.php')
 8 SYSTEMPATH\CodeIgniter.php(823): CodeIgniter\Router\RouteCollection->loadRoutes()
 9 SYSTEMPATH\CodeIgniter.php(457): CodeIgniter\CodeIgniter->tryToRouteIt(null)
10 SYSTEMPATH\CodeIgniter.php(355): CodeIgniter\CodeIgniter->handleRequest(null, Object(Config\Cache), false)
11 SYSTEMPATH\Boot.php(325): CodeIgniter\CodeIgniter->run()
12 SYSTEMPATH\Boot.php(67): CodeIgniter\Boot::runCodeIgniter(Object(CodeIgniter\CodeIgniter))
13 FCPATH\index.php(63): CodeIgniter\Boot::bootWeb(Object(Config\Paths))
WARNING - 2025-05-31 12:06:58 --> [DEPRECATED] Passing lowercase HTTP method "post" is deprecated. Use uppercase HTTP method like "POST". in SYSTEMPATH\Router\RouteCollection.php on line 1027.
 1 SYSTEMPATH\Router\RouteCollection.php(1027): trigger_error('Passing lowercase HTTP method "post" is deprecated. Use uppercase HTTP method like "POST".', 16384)
 2 APPPATH\Config\Routes\UserRoutes.php(49): CodeIgniter\Router\RouteCollection->match([...], 'submit_review', 'ClientController::submit_review', [...])
 3 APPPATH\Config\Routes\UserRoutes.php(26): App\Config\Routes\UserRoutes::defineRoutes(Object(CodeIgniter\Router\RouteCollection))
 4 SYSTEMPATH\Router\RouteCollection.php(800): App\Config\Routes\UserRoutes::App\Config\Routes\{closure}(Object(CodeIgniter\Router\RouteCollection))
 5 APPPATH\Config\Routes\UserRoutes.php(25): CodeIgniter\Router\RouteCollection->group('{locale}', Object(Closure))
 6 APPPATH\Config\Routes.php(21): App\Config\Routes\UserRoutes::init(Object(CodeIgniter\Router\RouteCollection))
 7 SYSTEMPATH\Router\RouteCollection.php(340): require('C:\\xampp\\htdocs\\smartstore\\app\\Config\\Routes.php')
 8 SYSTEMPATH\CodeIgniter.php(823): CodeIgniter\Router\RouteCollection->loadRoutes()
 9 SYSTEMPATH\CodeIgniter.php(457): CodeIgniter\CodeIgniter->tryToRouteIt(null)
10 SYSTEMPATH\CodeIgniter.php(355): CodeIgniter\CodeIgniter->handleRequest(null, Object(Config\Cache), false)
11 SYSTEMPATH\Boot.php(325): CodeIgniter\CodeIgniter->run()
12 SYSTEMPATH\Boot.php(67): CodeIgniter\Boot::runCodeIgniter(Object(CodeIgniter\CodeIgniter))
13 FCPATH\index.php(63): CodeIgniter\Boot::bootWeb(Object(Config\Paths))
WARNING - 2025-05-31 12:06:58 --> [DEPRECATED] Passing lowercase HTTP method "get" is deprecated. Use uppercase HTTP method like "GET". in SYSTEMPATH\Router\RouteCollection.php on line 1027.
 1 SYSTEMPATH\Router\RouteCollection.php(1027): trigger_error('Passing lowercase HTTP method "get" is deprecated. Use uppercase HTTP method like "GET".', 16384)
 2 APPPATH\Config\Routes\UserRoutes.php(63): CodeIgniter\Router\RouteCollection->match([...], 'track-order', 'OrderController::track_order', [...])
 3 APPPATH\Config\Routes\UserRoutes.php(26): App\Config\Routes\UserRoutes::defineRoutes(Object(CodeIgniter\Router\RouteCollection))
 4 SYSTEMPATH\Router\RouteCollection.php(800): App\Config\Routes\UserRoutes::App\Config\Routes\{closure}(Object(CodeIgniter\Router\RouteCollection))
 5 APPPATH\Config\Routes\UserRoutes.php(25): CodeIgniter\Router\RouteCollection->group('{locale}', Object(Closure))
 6 APPPATH\Config\Routes.php(21): App\Config\Routes\UserRoutes::init(Object(CodeIgniter\Router\RouteCollection))
 7 SYSTEMPATH\Router\RouteCollection.php(340): require('C:\\xampp\\htdocs\\smartstore\\app\\Config\\Routes.php')
 8 SYSTEMPATH\CodeIgniter.php(823): CodeIgniter\Router\RouteCollection->loadRoutes()
 9 SYSTEMPATH\CodeIgniter.php(457): CodeIgniter\CodeIgniter->tryToRouteIt(null)
10 SYSTEMPATH\CodeIgniter.php(355): CodeIgniter\CodeIgniter->handleRequest(null, Object(Config\Cache), false)
11 SYSTEMPATH\Boot.php(325): CodeIgniter\CodeIgniter->run()
12 SYSTEMPATH\Boot.php(67): CodeIgniter\Boot::runCodeIgniter(Object(CodeIgniter\CodeIgniter))
13 FCPATH\index.php(63): CodeIgniter\Boot::bootWeb(Object(Config\Paths))
WARNING - 2025-05-31 12:06:58 --> [DEPRECATED] Passing lowercase HTTP method "post" is deprecated. Use uppercase HTTP method like "POST". in SYSTEMPATH\Router\RouteCollection.php on line 1027.
 1 SYSTEMPATH\Router\RouteCollection.php(1027): trigger_error('Passing lowercase HTTP method "post" is deprecated. Use uppercase HTTP method like "POST".', 16384)
 2 APPPATH\Config\Routes\UserRoutes.php(63): CodeIgniter\Router\RouteCollection->match([...], 'track-order', 'OrderController::track_order', [...])
 3 APPPATH\Config\Routes\UserRoutes.php(26): App\Config\Routes\UserRoutes::defineRoutes(Object(CodeIgniter\Router\RouteCollection))
 4 SYSTEMPATH\Router\RouteCollection.php(800): App\Config\Routes\UserRoutes::App\Config\Routes\{closure}(Object(CodeIgniter\Router\RouteCollection))
 5 APPPATH\Config\Routes\UserRoutes.php(25): CodeIgniter\Router\RouteCollection->group('{locale}', Object(Closure))
 6 APPPATH\Config\Routes.php(21): App\Config\Routes\UserRoutes::init(Object(CodeIgniter\Router\RouteCollection))
 7 SYSTEMPATH\Router\RouteCollection.php(340): require('C:\\xampp\\htdocs\\smartstore\\app\\Config\\Routes.php')
 8 SYSTEMPATH\CodeIgniter.php(823): CodeIgniter\Router\RouteCollection->loadRoutes()
 9 SYSTEMPATH\CodeIgniter.php(457): CodeIgniter\CodeIgniter->tryToRouteIt(null)
10 SYSTEMPATH\CodeIgniter.php(355): CodeIgniter\CodeIgniter->handleRequest(null, Object(Config\Cache), false)
11 SYSTEMPATH\Boot.php(325): CodeIgniter\CodeIgniter->run()
12 SYSTEMPATH\Boot.php(67): CodeIgniter\Boot::runCodeIgniter(Object(CodeIgniter\CodeIgniter))
13 FCPATH\index.php(63): CodeIgniter\Boot::bootWeb(Object(Config\Paths))
INFO - 2025-05-31 12:06:58 --> Session: Class initialized using 'CodeIgniter\Session\Handlers\FileHandler' driver.
WARNING - 2025-05-31 12:06:58 --> [DEPRECATED] Creation of dynamic property App\Controllers\Public\PageController::$load_files is deprecated in APPPATH\Controllers\Public\PageController.php on line 21.
 1 SYSTEMPATH\CodeIgniter.php(903): App\Controllers\Public\PageController->__construct()
 2 SYSTEMPATH\CodeIgniter.php(500): CodeIgniter\CodeIgniter->createController()
 3 SYSTEMPATH\CodeIgniter.php(355): CodeIgniter\CodeIgniter->handleRequest(null, Object(Config\Cache), false)
 4 SYSTEMPATH\Boot.php(325): CodeIgniter\CodeIgniter->run()
 5 SYSTEMPATH\Boot.php(67): CodeIgniter\Boot::runCodeIgniter(Object(CodeIgniter\CodeIgniter))
 6 FCPATH\index.php(63): CodeIgniter\Boot::bootWeb(Object(Config\Paths))
WARNING - 2025-05-31 12:06:58 --> [DEPRECATED] Creation of dynamic property App\Controllers\Public\PageController::$page_title is deprecated in APPPATH\Controllers\Public\PageController.php on line 22.
 1 SYSTEMPATH\CodeIgniter.php(903): App\Controllers\Public\PageController->__construct()
 2 SYSTEMPATH\CodeIgniter.php(500): CodeIgniter\CodeIgniter->createController()
 3 SYSTEMPATH\CodeIgniter.php(355): CodeIgniter\CodeIgniter->handleRequest(null, Object(Config\Cache), false)
 4 SYSTEMPATH\Boot.php(325): CodeIgniter\CodeIgniter->run()
 5 SYSTEMPATH\Boot.php(67): CodeIgniter\Boot::runCodeIgniter(Object(CodeIgniter\CodeIgniter))
 6 FCPATH\index.php(63): CodeIgniter\Boot::bootWeb(Object(Config\Paths))
WARNING - 2025-05-31 17:20:38 --> [DEPRECATED] Passing lowercase HTTP method "get" is deprecated. Use uppercase HTTP method like "GET". in SYSTEMPATH\Router\RouteCollection.php on line 1027.
 1 SYSTEMPATH\Router\RouteCollection.php(1027): trigger_error('Passing lowercase HTTP method "get" is deprecated. Use uppercase HTTP method like "GET".', 16384)
 2 APPPATH\Config\Routes\AdminRoutes.php(65): CodeIgniter\Router\RouteCollection->match([...], 'send_test_mail', 'SettingsController::send_test_mail')
 3 SYSTEMPATH\Router\RouteCollection.php(800): App\Config\Routes\AdminRoutes::App\Config\Routes\{closure}(Object(CodeIgniter\Router\RouteCollection))
 4 APPPATH\Config\Routes\AdminRoutes.php(63): CodeIgniter\Router\RouteCollection->group('settings', [...], Object(Closure))
 5 SYSTEMPATH\Router\RouteCollection.php(800): App\Config\Routes\AdminRoutes::App\Config\Routes\{closure}(Object(CodeIgniter\Router\RouteCollection))
 6 APPPATH\Config\Routes\AdminRoutes.php(28): CodeIgniter\Router\RouteCollection->group('admin', [...], Object(Closure))
 7 APPPATH\Config\Routes.php(20): App\Config\Routes\AdminRoutes::init(Object(CodeIgniter\Router\RouteCollection))
 8 SYSTEMPATH\Router\RouteCollection.php(340): require('C:\\xampp\\htdocs\\smartstore\\app\\Config\\Routes.php')
 9 SYSTEMPATH\CodeIgniter.php(823): CodeIgniter\Router\RouteCollection->loadRoutes()
10 SYSTEMPATH\CodeIgniter.php(457): CodeIgniter\CodeIgniter->tryToRouteIt(null)
11 SYSTEMPATH\CodeIgniter.php(355): CodeIgniter\CodeIgniter->handleRequest(null, Object(Config\Cache), false)
12 SYSTEMPATH\Boot.php(325): CodeIgniter\CodeIgniter->run()
13 SYSTEMPATH\Boot.php(67): CodeIgniter\Boot::runCodeIgniter(Object(CodeIgniter\CodeIgniter))
14 FCPATH\index.php(63): CodeIgniter\Boot::bootWeb(Object(Config\Paths))
WARNING - 2025-05-31 17:20:38 --> [DEPRECATED] Passing lowercase HTTP method "post" is deprecated. Use uppercase HTTP method like "POST". in SYSTEMPATH\Router\RouteCollection.php on line 1027.
 1 SYSTEMPATH\Router\RouteCollection.php(1027): trigger_error('Passing lowercase HTTP method "post" is deprecated. Use uppercase HTTP method like "POST".', 16384)
 2 APPPATH\Config\Routes\AdminRoutes.php(65): CodeIgniter\Router\RouteCollection->match([...], 'send_test_mail', 'SettingsController::send_test_mail')
 3 SYSTEMPATH\Router\RouteCollection.php(800): App\Config\Routes\AdminRoutes::App\Config\Routes\{closure}(Object(CodeIgniter\Router\RouteCollection))
 4 APPPATH\Config\Routes\AdminRoutes.php(63): CodeIgniter\Router\RouteCollection->group('settings', [...], Object(Closure))
 5 SYSTEMPATH\Router\RouteCollection.php(800): App\Config\Routes\AdminRoutes::App\Config\Routes\{closure}(Object(CodeIgniter\Router\RouteCollection))
 6 APPPATH\Config\Routes\AdminRoutes.php(28): CodeIgniter\Router\RouteCollection->group('admin', [...], Object(Closure))
 7 APPPATH\Config\Routes.php(20): App\Config\Routes\AdminRoutes::init(Object(CodeIgniter\Router\RouteCollection))
 8 SYSTEMPATH\Router\RouteCollection.php(340): require('C:\\xampp\\htdocs\\smartstore\\app\\Config\\Routes.php')
 9 SYSTEMPATH\CodeIgniter.php(823): CodeIgniter\Router\RouteCollection->loadRoutes()
10 SYSTEMPATH\CodeIgniter.php(457): CodeIgniter\CodeIgniter->tryToRouteIt(null)
11 SYSTEMPATH\CodeIgniter.php(355): CodeIgniter\CodeIgniter->handleRequest(null, Object(Config\Cache), false)
12 SYSTEMPATH\Boot.php(325): CodeIgniter\CodeIgniter->run()
13 SYSTEMPATH\Boot.php(67): CodeIgniter\Boot::runCodeIgniter(Object(CodeIgniter\CodeIgniter))
14 FCPATH\index.php(63): CodeIgniter\Boot::bootWeb(Object(Config\Paths))
WARNING - 2025-05-31 17:20:38 --> [DEPRECATED] Passing lowercase HTTP method "get" is deprecated. Use uppercase HTTP method like "GET". in SYSTEMPATH\Router\RouteCollection.php on line 1027.
 1 SYSTEMPATH\Router\RouteCollection.php(1027): trigger_error('Passing lowercase HTTP method "get" is deprecated. Use uppercase HTTP method like "GET".', 16384)
 2 APPPATH\Config\Routes\AdminRoutes.php(76): CodeIgniter\Router\RouteCollection->match([...], 'elfinder_connector', 'FilemanagerController::elfinder_connector')
 3 SYSTEMPATH\Router\RouteCollection.php(800): App\Config\Routes\AdminRoutes::App\Config\Routes\{closure}(Object(CodeIgniter\Router\RouteCollection))
 4 APPPATH\Config\Routes\AdminRoutes.php(73): CodeIgniter\Router\RouteCollection->group('filemanager', [...], Object(Closure))
 5 SYSTEMPATH\Router\RouteCollection.php(800): App\Config\Routes\AdminRoutes::App\Config\Routes\{closure}(Object(CodeIgniter\Router\RouteCollection))
 6 APPPATH\Config\Routes\AdminRoutes.php(28): CodeIgniter\Router\RouteCollection->group('admin', [...], Object(Closure))
 7 APPPATH\Config\Routes.php(20): App\Config\Routes\AdminRoutes::init(Object(CodeIgniter\Router\RouteCollection))
 8 SYSTEMPATH\Router\RouteCollection.php(340): require('C:\\xampp\\htdocs\\smartstore\\app\\Config\\Routes.php')
 9 SYSTEMPATH\CodeIgniter.php(823): CodeIgniter\Router\RouteCollection->loadRoutes()
10 SYSTEMPATH\CodeIgniter.php(457): CodeIgniter\CodeIgniter->tryToRouteIt(null)
11 SYSTEMPATH\CodeIgniter.php(355): CodeIgniter\CodeIgniter->handleRequest(null, Object(Config\Cache), false)
12 SYSTEMPATH\Boot.php(325): CodeIgniter\CodeIgniter->run()
13 SYSTEMPATH\Boot.php(67): CodeIgniter\Boot::runCodeIgniter(Object(CodeIgniter\CodeIgniter))
14 FCPATH\index.php(63): CodeIgniter\Boot::bootWeb(Object(Config\Paths))
WARNING - 2025-05-31 17:20:38 --> [DEPRECATED] Passing lowercase HTTP method "post" is deprecated. Use uppercase HTTP method like "POST". in SYSTEMPATH\Router\RouteCollection.php on line 1027.
 1 SYSTEMPATH\Router\RouteCollection.php(1027): trigger_error('Passing lowercase HTTP method "post" is deprecated. Use uppercase HTTP method like "POST".', 16384)
 2 APPPATH\Config\Routes\AdminRoutes.php(76): CodeIgniter\Router\RouteCollection->match([...], 'elfinder_connector', 'FilemanagerController::elfinder_connector')
 3 SYSTEMPATH\Router\RouteCollection.php(800): App\Config\Routes\AdminRoutes::App\Config\Routes\{closure}(Object(CodeIgniter\Router\RouteCollection))
 4 APPPATH\Config\Routes\AdminRoutes.php(73): CodeIgniter\Router\RouteCollection->group('filemanager', [...], Object(Closure))
 5 SYSTEMPATH\Router\RouteCollection.php(800): App\Config\Routes\AdminRoutes::App\Config\Routes\{closure}(Object(CodeIgniter\Router\RouteCollection))
 6 APPPATH\Config\Routes\AdminRoutes.php(28): CodeIgniter\Router\RouteCollection->group('admin', [...], Object(Closure))
 7 APPPATH\Config\Routes.php(20): App\Config\Routes\AdminRoutes::init(Object(CodeIgniter\Router\RouteCollection))
 8 SYSTEMPATH\Router\RouteCollection.php(340): require('C:\\xampp\\htdocs\\smartstore\\app\\Config\\Routes.php')
 9 SYSTEMPATH\CodeIgniter.php(823): CodeIgniter\Router\RouteCollection->loadRoutes()
10 SYSTEMPATH\CodeIgniter.php(457): CodeIgniter\CodeIgniter->tryToRouteIt(null)
11 SYSTEMPATH\CodeIgniter.php(355): CodeIgniter\CodeIgniter->handleRequest(null, Object(Config\Cache), false)
12 SYSTEMPATH\Boot.php(325): CodeIgniter\CodeIgniter->run()
13 SYSTEMPATH\Boot.php(67): CodeIgniter\Boot::runCodeIgniter(Object(CodeIgniter\CodeIgniter))
14 FCPATH\index.php(63): CodeIgniter\Boot::bootWeb(Object(Config\Paths))
WARNING - 2025-05-31 17:20:38 --> [DEPRECATED] Passing lowercase HTTP method "get" is deprecated. Use uppercase HTTP method like "GET". in SYSTEMPATH\Router\RouteCollection.php on line 1027.
 1 SYSTEMPATH\Router\RouteCollection.php(1027): trigger_error('Passing lowercase HTTP method "get" is deprecated. Use uppercase HTTP method like "GET".', 16384)
 2 APPPATH\Config\Routes\AdminRoutes.php(172): CodeIgniter\Router\RouteCollection->match([...], 'sync_services/?(:num)?', 'ProvidersController::sync_services/$1')
 3 SYSTEMPATH\Router\RouteCollection.php(800): App\Config\Routes\AdminRoutes::App\Config\Routes\{closure}(Object(CodeIgniter\Router\RouteCollection))
 4 APPPATH\Config\Routes\AdminRoutes.php(167): CodeIgniter\Router\RouteCollection->group('providers', [...], Object(Closure))
 5 SYSTEMPATH\Router\RouteCollection.php(800): App\Config\Routes\AdminRoutes::App\Config\Routes\{closure}(Object(CodeIgniter\Router\RouteCollection))
 6 APPPATH\Config\Routes\AdminRoutes.php(28): CodeIgniter\Router\RouteCollection->group('admin', [...], Object(Closure))
 7 APPPATH\Config\Routes.php(20): App\Config\Routes\AdminRoutes::init(Object(CodeIgniter\Router\RouteCollection))
 8 SYSTEMPATH\Router\RouteCollection.php(340): require('C:\\xampp\\htdocs\\smartstore\\app\\Config\\Routes.php')
 9 SYSTEMPATH\CodeIgniter.php(823): CodeIgniter\Router\RouteCollection->loadRoutes()
10 SYSTEMPATH\CodeIgniter.php(457): CodeIgniter\CodeIgniter->tryToRouteIt(null)
11 SYSTEMPATH\CodeIgniter.php(355): CodeIgniter\CodeIgniter->handleRequest(null, Object(Config\Cache), false)
12 SYSTEMPATH\Boot.php(325): CodeIgniter\CodeIgniter->run()
13 SYSTEMPATH\Boot.php(67): CodeIgniter\Boot::runCodeIgniter(Object(CodeIgniter\CodeIgniter))
14 FCPATH\index.php(63): CodeIgniter\Boot::bootWeb(Object(Config\Paths))
WARNING - 2025-05-31 17:20:38 --> [DEPRECATED] Passing lowercase HTTP method "post" is deprecated. Use uppercase HTTP method like "POST". in SYSTEMPATH\Router\RouteCollection.php on line 1027.
 1 SYSTEMPATH\Router\RouteCollection.php(1027): trigger_error('Passing lowercase HTTP method "post" is deprecated. Use uppercase HTTP method like "POST".', 16384)
 2 APPPATH\Config\Routes\AdminRoutes.php(172): CodeIgniter\Router\RouteCollection->match([...], 'sync_services/?(:num)?', 'ProvidersController::sync_services/$1')
 3 SYSTEMPATH\Router\RouteCollection.php(800): App\Config\Routes\AdminRoutes::App\Config\Routes\{closure}(Object(CodeIgniter\Router\RouteCollection))
 4 APPPATH\Config\Routes\AdminRoutes.php(167): CodeIgniter\Router\RouteCollection->group('providers', [...], Object(Closure))
 5 SYSTEMPATH\Router\RouteCollection.php(800): App\Config\Routes\AdminRoutes::App\Config\Routes\{closure}(Object(CodeIgniter\Router\RouteCollection))
 6 APPPATH\Config\Routes\AdminRoutes.php(28): CodeIgniter\Router\RouteCollection->group('admin', [...], Object(Closure))
 7 APPPATH\Config\Routes.php(20): App\Config\Routes\AdminRoutes::init(Object(CodeIgniter\Router\RouteCollection))
 8 SYSTEMPATH\Router\RouteCollection.php(340): require('C:\\xampp\\htdocs\\smartstore\\app\\Config\\Routes.php')
 9 SYSTEMPATH\CodeIgniter.php(823): CodeIgniter\Router\RouteCollection->loadRoutes()
10 SYSTEMPATH\CodeIgniter.php(457): CodeIgniter\CodeIgniter->tryToRouteIt(null)
11 SYSTEMPATH\CodeIgniter.php(355): CodeIgniter\CodeIgniter->handleRequest(null, Object(Config\Cache), false)
12 SYSTEMPATH\Boot.php(325): CodeIgniter\CodeIgniter->run()
13 SYSTEMPATH\Boot.php(67): CodeIgniter\Boot::runCodeIgniter(Object(CodeIgniter\CodeIgniter))
14 FCPATH\index.php(63): CodeIgniter\Boot::bootWeb(Object(Config\Paths))
WARNING - 2025-05-31 17:20:38 --> [DEPRECATED] Passing lowercase HTTP method "get" is deprecated. Use uppercase HTTP method like "GET". in SYSTEMPATH\Router\RouteCollection.php on line 1027.
 1 SYSTEMPATH\Router\RouteCollection.php(1027): trigger_error('Passing lowercase HTTP method "get" is deprecated. Use uppercase HTTP method like "GET".', 16384)
 2 APPPATH\Config\Routes\AdminRoutes.php(185): CodeIgniter\Router\RouteCollection->match([...], 'add_note/?(:num)?', 'UsersController::add_note/$1')
 3 SYSTEMPATH\Router\RouteCollection.php(800): App\Config\Routes\AdminRoutes::App\Config\Routes\{closure}(Object(CodeIgniter\Router\RouteCollection))
 4 APPPATH\Config\Routes\AdminRoutes.php(182): CodeIgniter\Router\RouteCollection->group('users', [...], Object(Closure))
 5 SYSTEMPATH\Router\RouteCollection.php(800): App\Config\Routes\AdminRoutes::App\Config\Routes\{closure}(Object(CodeIgniter\Router\RouteCollection))
 6 APPPATH\Config\Routes\AdminRoutes.php(28): CodeIgniter\Router\RouteCollection->group('admin', [...], Object(Closure))
 7 APPPATH\Config\Routes.php(20): App\Config\Routes\AdminRoutes::init(Object(CodeIgniter\Router\RouteCollection))
 8 SYSTEMPATH\Router\RouteCollection.php(340): require('C:\\xampp\\htdocs\\smartstore\\app\\Config\\Routes.php')
 9 SYSTEMPATH\CodeIgniter.php(823): CodeIgniter\Router\RouteCollection->loadRoutes()
10 SYSTEMPATH\CodeIgniter.php(457): CodeIgniter\CodeIgniter->tryToRouteIt(null)
11 SYSTEMPATH\CodeIgniter.php(355): CodeIgniter\CodeIgniter->handleRequest(null, Object(Config\Cache), false)
12 SYSTEMPATH\Boot.php(325): CodeIgniter\CodeIgniter->run()
13 SYSTEMPATH\Boot.php(67): CodeIgniter\Boot::runCodeIgniter(Object(CodeIgniter\CodeIgniter))
14 FCPATH\index.php(63): CodeIgniter\Boot::bootWeb(Object(Config\Paths))
WARNING - 2025-05-31 17:20:38 --> [DEPRECATED] Passing lowercase HTTP method "post" is deprecated. Use uppercase HTTP method like "POST". in SYSTEMPATH\Router\RouteCollection.php on line 1027.
 1 SYSTEMPATH\Router\RouteCollection.php(1027): trigger_error('Passing lowercase HTTP method "post" is deprecated. Use uppercase HTTP method like "POST".', 16384)
 2 APPPATH\Config\Routes\AdminRoutes.php(185): CodeIgniter\Router\RouteCollection->match([...], 'add_note/?(:num)?', 'UsersController::add_note/$1')
 3 SYSTEMPATH\Router\RouteCollection.php(800): App\Config\Routes\AdminRoutes::App\Config\Routes\{closure}(Object(CodeIgniter\Router\RouteCollection))
 4 APPPATH\Config\Routes\AdminRoutes.php(182): CodeIgniter\Router\RouteCollection->group('users', [...], Object(Closure))
 5 SYSTEMPATH\Router\RouteCollection.php(800): App\Config\Routes\AdminRoutes::App\Config\Routes\{closure}(Object(CodeIgniter\Router\RouteCollection))
 6 APPPATH\Config\Routes\AdminRoutes.php(28): CodeIgniter\Router\RouteCollection->group('admin', [...], Object(Closure))
 7 APPPATH\Config\Routes.php(20): App\Config\Routes\AdminRoutes::init(Object(CodeIgniter\Router\RouteCollection))
 8 SYSTEMPATH\Router\RouteCollection.php(340): require('C:\\xampp\\htdocs\\smartstore\\app\\Config\\Routes.php')
 9 SYSTEMPATH\CodeIgniter.php(823): CodeIgniter\Router\RouteCollection->loadRoutes()
10 SYSTEMPATH\CodeIgniter.php(457): CodeIgniter\CodeIgniter->tryToRouteIt(null)
11 SYSTEMPATH\CodeIgniter.php(355): CodeIgniter\CodeIgniter->handleRequest(null, Object(Config\Cache), false)
12 SYSTEMPATH\Boot.php(325): CodeIgniter\CodeIgniter->run()
13 SYSTEMPATH\Boot.php(67): CodeIgniter\Boot::runCodeIgniter(Object(CodeIgniter\CodeIgniter))
14 FCPATH\index.php(63): CodeIgniter\Boot::bootWeb(Object(Config\Paths))
WARNING - 2025-05-31 17:20:38 --> [DEPRECATED] Passing lowercase HTTP method "get" is deprecated. Use uppercase HTTP method like "GET". in SYSTEMPATH\Router\RouteCollection.php on line 1027.
 1 SYSTEMPATH\Router\RouteCollection.php(1027): trigger_error('Passing lowercase HTTP method "get" is deprecated. Use uppercase HTTP method like "GET".', 16384)
 2 APPPATH\Config\Routes\AdminRoutes.php(186): CodeIgniter\Router\RouteCollection->match([...], 'send_mail/?(:num)?', 'UsersController::send_mail/$1')
 3 SYSTEMPATH\Router\RouteCollection.php(800): App\Config\Routes\AdminRoutes::App\Config\Routes\{closure}(Object(CodeIgniter\Router\RouteCollection))
 4 APPPATH\Config\Routes\AdminRoutes.php(182): CodeIgniter\Router\RouteCollection->group('users', [...], Object(Closure))
 5 SYSTEMPATH\Router\RouteCollection.php(800): App\Config\Routes\AdminRoutes::App\Config\Routes\{closure}(Object(CodeIgniter\Router\RouteCollection))
 6 APPPATH\Config\Routes\AdminRoutes.php(28): CodeIgniter\Router\RouteCollection->group('admin', [...], Object(Closure))
 7 APPPATH\Config\Routes.php(20): App\Config\Routes\AdminRoutes::init(Object(CodeIgniter\Router\RouteCollection))
 8 SYSTEMPATH\Router\RouteCollection.php(340): require('C:\\xampp\\htdocs\\smartstore\\app\\Config\\Routes.php')
 9 SYSTEMPATH\CodeIgniter.php(823): CodeIgniter\Router\RouteCollection->loadRoutes()
10 SYSTEMPATH\CodeIgniter.php(457): CodeIgniter\CodeIgniter->tryToRouteIt(null)
11 SYSTEMPATH\CodeIgniter.php(355): CodeIgniter\CodeIgniter->handleRequest(null, Object(Config\Cache), false)
12 SYSTEMPATH\Boot.php(325): CodeIgniter\CodeIgniter->run()
13 SYSTEMPATH\Boot.php(67): CodeIgniter\Boot::runCodeIgniter(Object(CodeIgniter\CodeIgniter))
14 FCPATH\index.php(63): CodeIgniter\Boot::bootWeb(Object(Config\Paths))
WARNING - 2025-05-31 17:20:38 --> [DEPRECATED] Passing lowercase HTTP method "post" is deprecated. Use uppercase HTTP method like "POST". in SYSTEMPATH\Router\RouteCollection.php on line 1027.
 1 SYSTEMPATH\Router\RouteCollection.php(1027): trigger_error('Passing lowercase HTTP method "post" is deprecated. Use uppercase HTTP method like "POST".', 16384)
 2 APPPATH\Config\Routes\AdminRoutes.php(186): CodeIgniter\Router\RouteCollection->match([...], 'send_mail/?(:num)?', 'UsersController::send_mail/$1')
 3 SYSTEMPATH\Router\RouteCollection.php(800): App\Config\Routes\AdminRoutes::App\Config\Routes\{closure}(Object(CodeIgniter\Router\RouteCollection))
 4 APPPATH\Config\Routes\AdminRoutes.php(182): CodeIgniter\Router\RouteCollection->group('users', [...], Object(Closure))
 5 SYSTEMPATH\Router\RouteCollection.php(800): App\Config\Routes\AdminRoutes::App\Config\Routes\{closure}(Object(CodeIgniter\Router\RouteCollection))
 6 APPPATH\Config\Routes\AdminRoutes.php(28): CodeIgniter\Router\RouteCollection->group('admin', [...], Object(Closure))
 7 APPPATH\Config\Routes.php(20): App\Config\Routes\AdminRoutes::init(Object(CodeIgniter\Router\RouteCollection))
 8 SYSTEMPATH\Router\RouteCollection.php(340): require('C:\\xampp\\htdocs\\smartstore\\app\\Config\\Routes.php')
 9 SYSTEMPATH\CodeIgniter.php(823): CodeIgniter\Router\RouteCollection->loadRoutes()
10 SYSTEMPATH\CodeIgniter.php(457): CodeIgniter\CodeIgniter->tryToRouteIt(null)
11 SYSTEMPATH\CodeIgniter.php(355): CodeIgniter\CodeIgniter->handleRequest(null, Object(Config\Cache), false)
12 SYSTEMPATH\Boot.php(325): CodeIgniter\CodeIgniter->run()
13 SYSTEMPATH\Boot.php(67): CodeIgniter\Boot::runCodeIgniter(Object(CodeIgniter\CodeIgniter))
14 FCPATH\index.php(63): CodeIgniter\Boot::bootWeb(Object(Config\Paths))
WARNING - 2025-05-31 17:20:38 --> [DEPRECATED] Passing lowercase HTTP method "get" is deprecated. Use uppercase HTTP method like "GET". in SYSTEMPATH\Router\RouteCollection.php on line 1027.
 1 SYSTEMPATH\Router\RouteCollection.php(1027): trigger_error('Passing lowercase HTTP method "get" is deprecated. Use uppercase HTTP method like "GET".', 16384)
 2 APPPATH\Config\Routes\AdminRoutes.php(215): CodeIgniter\Router\RouteCollection->match([...], 'send_mail/?(:num)?', 'TicketsController::send_mail/$1')
 3 SYSTEMPATH\Router\RouteCollection.php(800): App\Config\Routes\AdminRoutes::App\Config\Routes\{closure}(Object(CodeIgniter\Router\RouteCollection))
 4 APPPATH\Config\Routes\AdminRoutes.php(212): CodeIgniter\Router\RouteCollection->group('tickets', [...], Object(Closure))
 5 SYSTEMPATH\Router\RouteCollection.php(800): App\Config\Routes\AdminRoutes::App\Config\Routes\{closure}(Object(CodeIgniter\Router\RouteCollection))
 6 APPPATH\Config\Routes\AdminRoutes.php(28): CodeIgniter\Router\RouteCollection->group('admin', [...], Object(Closure))
 7 APPPATH\Config\Routes.php(20): App\Config\Routes\AdminRoutes::init(Object(CodeIgniter\Router\RouteCollection))
 8 SYSTEMPATH\Router\RouteCollection.php(340): require('C:\\xampp\\htdocs\\smartstore\\app\\Config\\Routes.php')
 9 SYSTEMPATH\CodeIgniter.php(823): CodeIgniter\Router\RouteCollection->loadRoutes()
10 SYSTEMPATH\CodeIgniter.php(457): CodeIgniter\CodeIgniter->tryToRouteIt(null)
11 SYSTEMPATH\CodeIgniter.php(355): CodeIgniter\CodeIgniter->handleRequest(null, Object(Config\Cache), false)
12 SYSTEMPATH\Boot.php(325): CodeIgniter\CodeIgniter->run()
13 SYSTEMPATH\Boot.php(67): CodeIgniter\Boot::runCodeIgniter(Object(CodeIgniter\CodeIgniter))
14 FCPATH\index.php(63): CodeIgniter\Boot::bootWeb(Object(Config\Paths))
WARNING - 2025-05-31 17:20:38 --> [DEPRECATED] Passing lowercase HTTP method "post" is deprecated. Use uppercase HTTP method like "POST". in SYSTEMPATH\Router\RouteCollection.php on line 1027.
 1 SYSTEMPATH\Router\RouteCollection.php(1027): trigger_error('Passing lowercase HTTP method "post" is deprecated. Use uppercase HTTP method like "POST".', 16384)
 2 APPPATH\Config\Routes\AdminRoutes.php(215): CodeIgniter\Router\RouteCollection->match([...], 'send_mail/?(:num)?', 'TicketsController::send_mail/$1')
 3 SYSTEMPATH\Router\RouteCollection.php(800): App\Config\Routes\AdminRoutes::App\Config\Routes\{closure}(Object(CodeIgniter\Router\RouteCollection))
 4 APPPATH\Config\Routes\AdminRoutes.php(212): CodeIgniter\Router\RouteCollection->group('tickets', [...], Object(Closure))
 5 SYSTEMPATH\Router\RouteCollection.php(800): App\Config\Routes\AdminRoutes::App\Config\Routes\{closure}(Object(CodeIgniter\Router\RouteCollection))
 6 APPPATH\Config\Routes\AdminRoutes.php(28): CodeIgniter\Router\RouteCollection->group('admin', [...], Object(Closure))
 7 APPPATH\Config\Routes.php(20): App\Config\Routes\AdminRoutes::init(Object(CodeIgniter\Router\RouteCollection))
 8 SYSTEMPATH\Router\RouteCollection.php(340): require('C:\\xampp\\htdocs\\smartstore\\app\\Config\\Routes.php')
 9 SYSTEMPATH\CodeIgniter.php(823): CodeIgniter\Router\RouteCollection->loadRoutes()
10 SYSTEMPATH\CodeIgniter.php(457): CodeIgniter\CodeIgniter->tryToRouteIt(null)
11 SYSTEMPATH\CodeIgniter.php(355): CodeIgniter\CodeIgniter->handleRequest(null, Object(Config\Cache), false)
12 SYSTEMPATH\Boot.php(325): CodeIgniter\CodeIgniter->run()
13 SYSTEMPATH\Boot.php(67): CodeIgniter\Boot::runCodeIgniter(Object(CodeIgniter\CodeIgniter))
14 FCPATH\index.php(63): CodeIgniter\Boot::bootWeb(Object(Config\Paths))
WARNING - 2025-05-31 17:20:38 --> [DEPRECATED] Passing lowercase HTTP method "get" is deprecated. Use uppercase HTTP method like "GET". in SYSTEMPATH\Router\RouteCollection.php on line 1027.
 1 SYSTEMPATH\Router\RouteCollection.php(1027): trigger_error('Passing lowercase HTTP method "get" is deprecated. Use uppercase HTTP method like "GET".', 16384)
 2 APPPATH\Config\Routes\UserRoutes.php(49): CodeIgniter\Router\RouteCollection->match([...], 'submit_review', 'ClientController::submit_review', [...])
 3 APPPATH\Config\Routes\UserRoutes.php(23): App\Config\Routes\UserRoutes::defineRoutes(Object(CodeIgniter\Router\RouteCollection))
 4 APPPATH\Config\Routes.php(21): App\Config\Routes\UserRoutes::init(Object(CodeIgniter\Router\RouteCollection))
 5 SYSTEMPATH\Router\RouteCollection.php(340): require('C:\\xampp\\htdocs\\smartstore\\app\\Config\\Routes.php')
 6 SYSTEMPATH\CodeIgniter.php(823): CodeIgniter\Router\RouteCollection->loadRoutes()
 7 SYSTEMPATH\CodeIgniter.php(457): CodeIgniter\CodeIgniter->tryToRouteIt(null)
 8 SYSTEMPATH\CodeIgniter.php(355): CodeIgniter\CodeIgniter->handleRequest(null, Object(Config\Cache), false)
 9 SYSTEMPATH\Boot.php(325): CodeIgniter\CodeIgniter->run()
10 SYSTEMPATH\Boot.php(67): CodeIgniter\Boot::runCodeIgniter(Object(CodeIgniter\CodeIgniter))
11 FCPATH\index.php(63): CodeIgniter\Boot::bootWeb(Object(Config\Paths))
WARNING - 2025-05-31 17:20:38 --> [DEPRECATED] Passing lowercase HTTP method "post" is deprecated. Use uppercase HTTP method like "POST". in SYSTEMPATH\Router\RouteCollection.php on line 1027.
 1 SYSTEMPATH\Router\RouteCollection.php(1027): trigger_error('Passing lowercase HTTP method "post" is deprecated. Use uppercase HTTP method like "POST".', 16384)
 2 APPPATH\Config\Routes\UserRoutes.php(49): CodeIgniter\Router\RouteCollection->match([...], 'submit_review', 'ClientController::submit_review', [...])
 3 APPPATH\Config\Routes\UserRoutes.php(23): App\Config\Routes\UserRoutes::defineRoutes(Object(CodeIgniter\Router\RouteCollection))
 4 APPPATH\Config\Routes.php(21): App\Config\Routes\UserRoutes::init(Object(CodeIgniter\Router\RouteCollection))
 5 SYSTEMPATH\Router\RouteCollection.php(340): require('C:\\xampp\\htdocs\\smartstore\\app\\Config\\Routes.php')
 6 SYSTEMPATH\CodeIgniter.php(823): CodeIgniter\Router\RouteCollection->loadRoutes()
 7 SYSTEMPATH\CodeIgniter.php(457): CodeIgniter\CodeIgniter->tryToRouteIt(null)
 8 SYSTEMPATH\CodeIgniter.php(355): CodeIgniter\CodeIgniter->handleRequest(null, Object(Config\Cache), false)
 9 SYSTEMPATH\Boot.php(325): CodeIgniter\CodeIgniter->run()
10 SYSTEMPATH\Boot.php(67): CodeIgniter\Boot::runCodeIgniter(Object(CodeIgniter\CodeIgniter))
11 FCPATH\index.php(63): CodeIgniter\Boot::bootWeb(Object(Config\Paths))
WARNING - 2025-05-31 17:20:38 --> [DEPRECATED] Passing lowercase HTTP method "get" is deprecated. Use uppercase HTTP method like "GET". in SYSTEMPATH\Router\RouteCollection.php on line 1027.
 1 SYSTEMPATH\Router\RouteCollection.php(1027): trigger_error('Passing lowercase HTTP method "get" is deprecated. Use uppercase HTTP method like "GET".', 16384)
 2 APPPATH\Config\Routes\UserRoutes.php(63): CodeIgniter\Router\RouteCollection->match([...], 'track-order', 'OrderController::track_order', [...])
 3 APPPATH\Config\Routes\UserRoutes.php(23): App\Config\Routes\UserRoutes::defineRoutes(Object(CodeIgniter\Router\RouteCollection))
 4 APPPATH\Config\Routes.php(21): App\Config\Routes\UserRoutes::init(Object(CodeIgniter\Router\RouteCollection))
 5 SYSTEMPATH\Router\RouteCollection.php(340): require('C:\\xampp\\htdocs\\smartstore\\app\\Config\\Routes.php')
 6 SYSTEMPATH\CodeIgniter.php(823): CodeIgniter\Router\RouteCollection->loadRoutes()
 7 SYSTEMPATH\CodeIgniter.php(457): CodeIgniter\CodeIgniter->tryToRouteIt(null)
 8 SYSTEMPATH\CodeIgniter.php(355): CodeIgniter\CodeIgniter->handleRequest(null, Object(Config\Cache), false)
 9 SYSTEMPATH\Boot.php(325): CodeIgniter\CodeIgniter->run()
10 SYSTEMPATH\Boot.php(67): CodeIgniter\Boot::runCodeIgniter(Object(CodeIgniter\CodeIgniter))
11 FCPATH\index.php(63): CodeIgniter\Boot::bootWeb(Object(Config\Paths))
WARNING - 2025-05-31 17:20:38 --> [DEPRECATED] Passing lowercase HTTP method "post" is deprecated. Use uppercase HTTP method like "POST". in SYSTEMPATH\Router\RouteCollection.php on line 1027.
 1 SYSTEMPATH\Router\RouteCollection.php(1027): trigger_error('Passing lowercase HTTP method "post" is deprecated. Use uppercase HTTP method like "POST".', 16384)
 2 APPPATH\Config\Routes\UserRoutes.php(63): CodeIgniter\Router\RouteCollection->match([...], 'track-order', 'OrderController::track_order', [...])
 3 APPPATH\Config\Routes\UserRoutes.php(23): App\Config\Routes\UserRoutes::defineRoutes(Object(CodeIgniter\Router\RouteCollection))
 4 APPPATH\Config\Routes.php(21): App\Config\Routes\UserRoutes::init(Object(CodeIgniter\Router\RouteCollection))
 5 SYSTEMPATH\Router\RouteCollection.php(340): require('C:\\xampp\\htdocs\\smartstore\\app\\Config\\Routes.php')
 6 SYSTEMPATH\CodeIgniter.php(823): CodeIgniter\Router\RouteCollection->loadRoutes()
 7 SYSTEMPATH\CodeIgniter.php(457): CodeIgniter\CodeIgniter->tryToRouteIt(null)
 8 SYSTEMPATH\CodeIgniter.php(355): CodeIgniter\CodeIgniter->handleRequest(null, Object(Config\Cache), false)
 9 SYSTEMPATH\Boot.php(325): CodeIgniter\CodeIgniter->run()
10 SYSTEMPATH\Boot.php(67): CodeIgniter\Boot::runCodeIgniter(Object(CodeIgniter\CodeIgniter))
11 FCPATH\index.php(63): CodeIgniter\Boot::bootWeb(Object(Config\Paths))
WARNING - 2025-05-31 17:20:38 --> [DEPRECATED] Passing lowercase HTTP method "get" is deprecated. Use uppercase HTTP method like "GET". in SYSTEMPATH\Router\RouteCollection.php on line 1027.
 1 SYSTEMPATH\Router\RouteCollection.php(1027): trigger_error('Passing lowercase HTTP method "get" is deprecated. Use uppercase HTTP method like "GET".', 16384)
 2 APPPATH\Config\Routes\UserRoutes.php(49): CodeIgniter\Router\RouteCollection->match([...], 'submit_review', 'ClientController::submit_review', [...])
 3 APPPATH\Config\Routes\UserRoutes.php(26): App\Config\Routes\UserRoutes::defineRoutes(Object(CodeIgniter\Router\RouteCollection))
 4 SYSTEMPATH\Router\RouteCollection.php(800): App\Config\Routes\UserRoutes::App\Config\Routes\{closure}(Object(CodeIgniter\Router\RouteCollection))
 5 APPPATH\Config\Routes\UserRoutes.php(25): CodeIgniter\Router\RouteCollection->group('{locale}', Object(Closure))
 6 APPPATH\Config\Routes.php(21): App\Config\Routes\UserRoutes::init(Object(CodeIgniter\Router\RouteCollection))
 7 SYSTEMPATH\Router\RouteCollection.php(340): require('C:\\xampp\\htdocs\\smartstore\\app\\Config\\Routes.php')
 8 SYSTEMPATH\CodeIgniter.php(823): CodeIgniter\Router\RouteCollection->loadRoutes()
 9 SYSTEMPATH\CodeIgniter.php(457): CodeIgniter\CodeIgniter->tryToRouteIt(null)
10 SYSTEMPATH\CodeIgniter.php(355): CodeIgniter\CodeIgniter->handleRequest(null, Object(Config\Cache), false)
11 SYSTEMPATH\Boot.php(325): CodeIgniter\CodeIgniter->run()
12 SYSTEMPATH\Boot.php(67): CodeIgniter\Boot::runCodeIgniter(Object(CodeIgniter\CodeIgniter))
13 FCPATH\index.php(63): CodeIgniter\Boot::bootWeb(Object(Config\Paths))
WARNING - 2025-05-31 17:20:38 --> [DEPRECATED] Passing lowercase HTTP method "post" is deprecated. Use uppercase HTTP method like "POST". in SYSTEMPATH\Router\RouteCollection.php on line 1027.
 1 SYSTEMPATH\Router\RouteCollection.php(1027): trigger_error('Passing lowercase HTTP method "post" is deprecated. Use uppercase HTTP method like "POST".', 16384)
 2 APPPATH\Config\Routes\UserRoutes.php(49): CodeIgniter\Router\RouteCollection->match([...], 'submit_review', 'ClientController::submit_review', [...])
 3 APPPATH\Config\Routes\UserRoutes.php(26): App\Config\Routes\UserRoutes::defineRoutes(Object(CodeIgniter\Router\RouteCollection))
 4 SYSTEMPATH\Router\RouteCollection.php(800): App\Config\Routes\UserRoutes::App\Config\Routes\{closure}(Object(CodeIgniter\Router\RouteCollection))
 5 APPPATH\Config\Routes\UserRoutes.php(25): CodeIgniter\Router\RouteCollection->group('{locale}', Object(Closure))
 6 APPPATH\Config\Routes.php(21): App\Config\Routes\UserRoutes::init(Object(CodeIgniter\Router\RouteCollection))
 7 SYSTEMPATH\Router\RouteCollection.php(340): require('C:\\xampp\\htdocs\\smartstore\\app\\Config\\Routes.php')
 8 SYSTEMPATH\CodeIgniter.php(823): CodeIgniter\Router\RouteCollection->loadRoutes()
 9 SYSTEMPATH\CodeIgniter.php(457): CodeIgniter\CodeIgniter->tryToRouteIt(null)
10 SYSTEMPATH\CodeIgniter.php(355): CodeIgniter\CodeIgniter->handleRequest(null, Object(Config\Cache), false)
11 SYSTEMPATH\Boot.php(325): CodeIgniter\CodeIgniter->run()
12 SYSTEMPATH\Boot.php(67): CodeIgniter\Boot::runCodeIgniter(Object(CodeIgniter\CodeIgniter))
13 FCPATH\index.php(63): CodeIgniter\Boot::bootWeb(Object(Config\Paths))
WARNING - 2025-05-31 17:20:38 --> [DEPRECATED] Passing lowercase HTTP method "get" is deprecated. Use uppercase HTTP method like "GET". in SYSTEMPATH\Router\RouteCollection.php on line 1027.
 1 SYSTEMPATH\Router\RouteCollection.php(1027): trigger_error('Passing lowercase HTTP method "get" is deprecated. Use uppercase HTTP method like "GET".', 16384)
 2 APPPATH\Config\Routes\UserRoutes.php(63): CodeIgniter\Router\RouteCollection->match([...], 'track-order', 'OrderController::track_order', [...])
 3 APPPATH\Config\Routes\UserRoutes.php(26): App\Config\Routes\UserRoutes::defineRoutes(Object(CodeIgniter\Router\RouteCollection))
 4 SYSTEMPATH\Router\RouteCollection.php(800): App\Config\Routes\UserRoutes::App\Config\Routes\{closure}(Object(CodeIgniter\Router\RouteCollection))
 5 APPPATH\Config\Routes\UserRoutes.php(25): CodeIgniter\Router\RouteCollection->group('{locale}', Object(Closure))
 6 APPPATH\Config\Routes.php(21): App\Config\Routes\UserRoutes::init(Object(CodeIgniter\Router\RouteCollection))
 7 SYSTEMPATH\Router\RouteCollection.php(340): require('C:\\xampp\\htdocs\\smartstore\\app\\Config\\Routes.php')
 8 SYSTEMPATH\CodeIgniter.php(823): CodeIgniter\Router\RouteCollection->loadRoutes()
 9 SYSTEMPATH\CodeIgniter.php(457): CodeIgniter\CodeIgniter->tryToRouteIt(null)
10 SYSTEMPATH\CodeIgniter.php(355): CodeIgniter\CodeIgniter->handleRequest(null, Object(Config\Cache), false)
11 SYSTEMPATH\Boot.php(325): CodeIgniter\CodeIgniter->run()
12 SYSTEMPATH\Boot.php(67): CodeIgniter\Boot::runCodeIgniter(Object(CodeIgniter\CodeIgniter))
13 FCPATH\index.php(63): CodeIgniter\Boot::bootWeb(Object(Config\Paths))
WARNING - 2025-05-31 17:20:38 --> [DEPRECATED] Passing lowercase HTTP method "post" is deprecated. Use uppercase HTTP method like "POST". in SYSTEMPATH\Router\RouteCollection.php on line 1027.
 1 SYSTEMPATH\Router\RouteCollection.php(1027): trigger_error('Passing lowercase HTTP method "post" is deprecated. Use uppercase HTTP method like "POST".', 16384)
 2 APPPATH\Config\Routes\UserRoutes.php(63): CodeIgniter\Router\RouteCollection->match([...], 'track-order', 'OrderController::track_order', [...])
 3 APPPATH\Config\Routes\UserRoutes.php(26): App\Config\Routes\UserRoutes::defineRoutes(Object(CodeIgniter\Router\RouteCollection))
 4 SYSTEMPATH\Router\RouteCollection.php(800): App\Config\Routes\UserRoutes::App\Config\Routes\{closure}(Object(CodeIgniter\Router\RouteCollection))
 5 APPPATH\Config\Routes\UserRoutes.php(25): CodeIgniter\Router\RouteCollection->group('{locale}', Object(Closure))
 6 APPPATH\Config\Routes.php(21): App\Config\Routes\UserRoutes::init(Object(CodeIgniter\Router\RouteCollection))
 7 SYSTEMPATH\Router\RouteCollection.php(340): require('C:\\xampp\\htdocs\\smartstore\\app\\Config\\Routes.php')
 8 SYSTEMPATH\CodeIgniter.php(823): CodeIgniter\Router\RouteCollection->loadRoutes()
 9 SYSTEMPATH\CodeIgniter.php(457): CodeIgniter\CodeIgniter->tryToRouteIt(null)
10 SYSTEMPATH\CodeIgniter.php(355): CodeIgniter\CodeIgniter->handleRequest(null, Object(Config\Cache), false)
11 SYSTEMPATH\Boot.php(325): CodeIgniter\CodeIgniter->run()
12 SYSTEMPATH\Boot.php(67): CodeIgniter\Boot::runCodeIgniter(Object(CodeIgniter\CodeIgniter))
13 FCPATH\index.php(63): CodeIgniter\Boot::bootWeb(Object(Config\Paths))
INFO - 2025-05-31 17:20:38 --> Session: Class initialized using 'CodeIgniter\Session\Handlers\FileHandler' driver.
WARNING - 2025-05-31 17:20:39 --> [DEPRECATED] Creation of dynamic property App\Controllers\Public\PageController::$load_files is deprecated in APPPATH\Controllers\Public\PageController.php on line 21.
 1 SYSTEMPATH\CodeIgniter.php(903): App\Controllers\Public\PageController->__construct()
 2 SYSTEMPATH\CodeIgniter.php(500): CodeIgniter\CodeIgniter->createController()
 3 SYSTEMPATH\CodeIgniter.php(355): CodeIgniter\CodeIgniter->handleRequest(null, Object(Config\Cache), false)
 4 SYSTEMPATH\Boot.php(325): CodeIgniter\CodeIgniter->run()
 5 SYSTEMPATH\Boot.php(67): CodeIgniter\Boot::runCodeIgniter(Object(CodeIgniter\CodeIgniter))
 6 FCPATH\index.php(63): CodeIgniter\Boot::bootWeb(Object(Config\Paths))
WARNING - 2025-05-31 17:20:39 --> [DEPRECATED] Creation of dynamic property App\Controllers\Public\PageController::$page_title is deprecated in APPPATH\Controllers\Public\PageController.php on line 22.
 1 SYSTEMPATH\CodeIgniter.php(903): App\Controllers\Public\PageController->__construct()
 2 SYSTEMPATH\CodeIgniter.php(500): CodeIgniter\CodeIgniter->createController()
 3 SYSTEMPATH\CodeIgniter.php(355): CodeIgniter\CodeIgniter->handleRequest(null, Object(Config\Cache), false)
 4 SYSTEMPATH\Boot.php(325): CodeIgniter\CodeIgniter->run()
 5 SYSTEMPATH\Boot.php(67): CodeIgniter\Boot::runCodeIgniter(Object(CodeIgniter\CodeIgniter))
 6 FCPATH\index.php(63): CodeIgniter\Boot::bootWeb(Object(Config\Paths))
WARNING - 2025-05-31 18:11:38 --> [DEPRECATED] Passing lowercase HTTP method "get" is deprecated. Use uppercase HTTP method like "GET". in SYSTEMPATH\Router\RouteCollection.php on line 1027.
 1 SYSTEMPATH\Router\RouteCollection.php(1027): trigger_error('Passing lowercase HTTP method "get" is deprecated. Use uppercase HTTP method like "GET".', 16384)
 2 APPPATH\Config\Routes\AdminRoutes.php(65): CodeIgniter\Router\RouteCollection->match([...], 'send_test_mail', 'SettingsController::send_test_mail')
 3 SYSTEMPATH\Router\RouteCollection.php(800): App\Config\Routes\AdminRoutes::App\Config\Routes\{closure}(Object(CodeIgniter\Router\RouteCollection))
 4 APPPATH\Config\Routes\AdminRoutes.php(63): CodeIgniter\Router\RouteCollection->group('settings', [...], Object(Closure))
 5 SYSTEMPATH\Router\RouteCollection.php(800): App\Config\Routes\AdminRoutes::App\Config\Routes\{closure}(Object(CodeIgniter\Router\RouteCollection))
 6 APPPATH\Config\Routes\AdminRoutes.php(28): CodeIgniter\Router\RouteCollection->group('admin', [...], Object(Closure))
 7 APPPATH\Config\Routes.php(20): App\Config\Routes\AdminRoutes::init(Object(CodeIgniter\Router\RouteCollection))
 8 SYSTEMPATH\Router\RouteCollection.php(340): require('C:\\xampp\\htdocs\\smartstore\\app\\Config\\Routes.php')
 9 SYSTEMPATH\CodeIgniter.php(823): CodeIgniter\Router\RouteCollection->loadRoutes()
10 SYSTEMPATH\CodeIgniter.php(457): CodeIgniter\CodeIgniter->tryToRouteIt(null)
11 SYSTEMPATH\CodeIgniter.php(355): CodeIgniter\CodeIgniter->handleRequest(null, Object(Config\Cache), false)
12 SYSTEMPATH\Boot.php(325): CodeIgniter\CodeIgniter->run()
13 SYSTEMPATH\Boot.php(67): CodeIgniter\Boot::runCodeIgniter(Object(CodeIgniter\CodeIgniter))
14 FCPATH\index.php(63): CodeIgniter\Boot::bootWeb(Object(Config\Paths))
WARNING - 2025-05-31 18:11:38 --> [DEPRECATED] Passing lowercase HTTP method "post" is deprecated. Use uppercase HTTP method like "POST". in SYSTEMPATH\Router\RouteCollection.php on line 1027.
 1 SYSTEMPATH\Router\RouteCollection.php(1027): trigger_error('Passing lowercase HTTP method "post" is deprecated. Use uppercase HTTP method like "POST".', 16384)
 2 APPPATH\Config\Routes\AdminRoutes.php(65): CodeIgniter\Router\RouteCollection->match([...], 'send_test_mail', 'SettingsController::send_test_mail')
 3 SYSTEMPATH\Router\RouteCollection.php(800): App\Config\Routes\AdminRoutes::App\Config\Routes\{closure}(Object(CodeIgniter\Router\RouteCollection))
 4 APPPATH\Config\Routes\AdminRoutes.php(63): CodeIgniter\Router\RouteCollection->group('settings', [...], Object(Closure))
 5 SYSTEMPATH\Router\RouteCollection.php(800): App\Config\Routes\AdminRoutes::App\Config\Routes\{closure}(Object(CodeIgniter\Router\RouteCollection))
 6 APPPATH\Config\Routes\AdminRoutes.php(28): CodeIgniter\Router\RouteCollection->group('admin', [...], Object(Closure))
 7 APPPATH\Config\Routes.php(20): App\Config\Routes\AdminRoutes::init(Object(CodeIgniter\Router\RouteCollection))
 8 SYSTEMPATH\Router\RouteCollection.php(340): require('C:\\xampp\\htdocs\\smartstore\\app\\Config\\Routes.php')
 9 SYSTEMPATH\CodeIgniter.php(823): CodeIgniter\Router\RouteCollection->loadRoutes()
10 SYSTEMPATH\CodeIgniter.php(457): CodeIgniter\CodeIgniter->tryToRouteIt(null)
11 SYSTEMPATH\CodeIgniter.php(355): CodeIgniter\CodeIgniter->handleRequest(null, Object(Config\Cache), false)
12 SYSTEMPATH\Boot.php(325): CodeIgniter\CodeIgniter->run()
13 SYSTEMPATH\Boot.php(67): CodeIgniter\Boot::runCodeIgniter(Object(CodeIgniter\CodeIgniter))
14 FCPATH\index.php(63): CodeIgniter\Boot::bootWeb(Object(Config\Paths))
WARNING - 2025-05-31 18:11:38 --> [DEPRECATED] Passing lowercase HTTP method "get" is deprecated. Use uppercase HTTP method like "GET". in SYSTEMPATH\Router\RouteCollection.php on line 1027.
 1 SYSTEMPATH\Router\RouteCollection.php(1027): trigger_error('Passing lowercase HTTP method "get" is deprecated. Use uppercase HTTP method like "GET".', 16384)
 2 APPPATH\Config\Routes\AdminRoutes.php(76): CodeIgniter\Router\RouteCollection->match([...], 'elfinder_connector', 'FilemanagerController::elfinder_connector')
 3 SYSTEMPATH\Router\RouteCollection.php(800): App\Config\Routes\AdminRoutes::App\Config\Routes\{closure}(Object(CodeIgniter\Router\RouteCollection))
 4 APPPATH\Config\Routes\AdminRoutes.php(73): CodeIgniter\Router\RouteCollection->group('filemanager', [...], Object(Closure))
 5 SYSTEMPATH\Router\RouteCollection.php(800): App\Config\Routes\AdminRoutes::App\Config\Routes\{closure}(Object(CodeIgniter\Router\RouteCollection))
 6 APPPATH\Config\Routes\AdminRoutes.php(28): CodeIgniter\Router\RouteCollection->group('admin', [...], Object(Closure))
 7 APPPATH\Config\Routes.php(20): App\Config\Routes\AdminRoutes::init(Object(CodeIgniter\Router\RouteCollection))
 8 SYSTEMPATH\Router\RouteCollection.php(340): require('C:\\xampp\\htdocs\\smartstore\\app\\Config\\Routes.php')
 9 SYSTEMPATH\CodeIgniter.php(823): CodeIgniter\Router\RouteCollection->loadRoutes()
10 SYSTEMPATH\CodeIgniter.php(457): CodeIgniter\CodeIgniter->tryToRouteIt(null)
11 SYSTEMPATH\CodeIgniter.php(355): CodeIgniter\CodeIgniter->handleRequest(null, Object(Config\Cache), false)
12 SYSTEMPATH\Boot.php(325): CodeIgniter\CodeIgniter->run()
13 SYSTEMPATH\Boot.php(67): CodeIgniter\Boot::runCodeIgniter(Object(CodeIgniter\CodeIgniter))
14 FCPATH\index.php(63): CodeIgniter\Boot::bootWeb(Object(Config\Paths))
WARNING - 2025-05-31 18:11:38 --> [DEPRECATED] Passing lowercase HTTP method "post" is deprecated. Use uppercase HTTP method like "POST". in SYSTEMPATH\Router\RouteCollection.php on line 1027.
 1 SYSTEMPATH\Router\RouteCollection.php(1027): trigger_error('Passing lowercase HTTP method "post" is deprecated. Use uppercase HTTP method like "POST".', 16384)
 2 APPPATH\Config\Routes\AdminRoutes.php(76): CodeIgniter\Router\RouteCollection->match([...], 'elfinder_connector', 'FilemanagerController::elfinder_connector')
 3 SYSTEMPATH\Router\RouteCollection.php(800): App\Config\Routes\AdminRoutes::App\Config\Routes\{closure}(Object(CodeIgniter\Router\RouteCollection))
 4 APPPATH\Config\Routes\AdminRoutes.php(73): CodeIgniter\Router\RouteCollection->group('filemanager', [...], Object(Closure))
 5 SYSTEMPATH\Router\RouteCollection.php(800): App\Config\Routes\AdminRoutes::App\Config\Routes\{closure}(Object(CodeIgniter\Router\RouteCollection))
 6 APPPATH\Config\Routes\AdminRoutes.php(28): CodeIgniter\Router\RouteCollection->group('admin', [...], Object(Closure))
 7 APPPATH\Config\Routes.php(20): App\Config\Routes\AdminRoutes::init(Object(CodeIgniter\Router\RouteCollection))
 8 SYSTEMPATH\Router\RouteCollection.php(340): require('C:\\xampp\\htdocs\\smartstore\\app\\Config\\Routes.php')
 9 SYSTEMPATH\CodeIgniter.php(823): CodeIgniter\Router\RouteCollection->loadRoutes()
10 SYSTEMPATH\CodeIgniter.php(457): CodeIgniter\CodeIgniter->tryToRouteIt(null)
11 SYSTEMPATH\CodeIgniter.php(355): CodeIgniter\CodeIgniter->handleRequest(null, Object(Config\Cache), false)
12 SYSTEMPATH\Boot.php(325): CodeIgniter\CodeIgniter->run()
13 SYSTEMPATH\Boot.php(67): CodeIgniter\Boot::runCodeIgniter(Object(CodeIgniter\CodeIgniter))
14 FCPATH\index.php(63): CodeIgniter\Boot::bootWeb(Object(Config\Paths))
WARNING - 2025-05-31 18:11:38 --> [DEPRECATED] Passing lowercase HTTP method "get" is deprecated. Use uppercase HTTP method like "GET". in SYSTEMPATH\Router\RouteCollection.php on line 1027.
 1 SYSTEMPATH\Router\RouteCollection.php(1027): trigger_error('Passing lowercase HTTP method "get" is deprecated. Use uppercase HTTP method like "GET".', 16384)
 2 APPPATH\Config\Routes\AdminRoutes.php(172): CodeIgniter\Router\RouteCollection->match([...], 'sync_services/?(:num)?', 'ProvidersController::sync_services/$1')
 3 SYSTEMPATH\Router\RouteCollection.php(800): App\Config\Routes\AdminRoutes::App\Config\Routes\{closure}(Object(CodeIgniter\Router\RouteCollection))
 4 APPPATH\Config\Routes\AdminRoutes.php(167): CodeIgniter\Router\RouteCollection->group('providers', [...], Object(Closure))
 5 SYSTEMPATH\Router\RouteCollection.php(800): App\Config\Routes\AdminRoutes::App\Config\Routes\{closure}(Object(CodeIgniter\Router\RouteCollection))
 6 APPPATH\Config\Routes\AdminRoutes.php(28): CodeIgniter\Router\RouteCollection->group('admin', [...], Object(Closure))
 7 APPPATH\Config\Routes.php(20): App\Config\Routes\AdminRoutes::init(Object(CodeIgniter\Router\RouteCollection))
 8 SYSTEMPATH\Router\RouteCollection.php(340): require('C:\\xampp\\htdocs\\smartstore\\app\\Config\\Routes.php')
 9 SYSTEMPATH\CodeIgniter.php(823): CodeIgniter\Router\RouteCollection->loadRoutes()
10 SYSTEMPATH\CodeIgniter.php(457): CodeIgniter\CodeIgniter->tryToRouteIt(null)
11 SYSTEMPATH\CodeIgniter.php(355): CodeIgniter\CodeIgniter->handleRequest(null, Object(Config\Cache), false)
12 SYSTEMPATH\Boot.php(325): CodeIgniter\CodeIgniter->run()
13 SYSTEMPATH\Boot.php(67): CodeIgniter\Boot::runCodeIgniter(Object(CodeIgniter\CodeIgniter))
14 FCPATH\index.php(63): CodeIgniter\Boot::bootWeb(Object(Config\Paths))
WARNING - 2025-05-31 18:11:38 --> [DEPRECATED] Passing lowercase HTTP method "post" is deprecated. Use uppercase HTTP method like "POST". in SYSTEMPATH\Router\RouteCollection.php on line 1027.
 1 SYSTEMPATH\Router\RouteCollection.php(1027): trigger_error('Passing lowercase HTTP method "post" is deprecated. Use uppercase HTTP method like "POST".', 16384)
 2 APPPATH\Config\Routes\AdminRoutes.php(172): CodeIgniter\Router\RouteCollection->match([...], 'sync_services/?(:num)?', 'ProvidersController::sync_services/$1')
 3 SYSTEMPATH\Router\RouteCollection.php(800): App\Config\Routes\AdminRoutes::App\Config\Routes\{closure}(Object(CodeIgniter\Router\RouteCollection))
 4 APPPATH\Config\Routes\AdminRoutes.php(167): CodeIgniter\Router\RouteCollection->group('providers', [...], Object(Closure))
 5 SYSTEMPATH\Router\RouteCollection.php(800): App\Config\Routes\AdminRoutes::App\Config\Routes\{closure}(Object(CodeIgniter\Router\RouteCollection))
 6 APPPATH\Config\Routes\AdminRoutes.php(28): CodeIgniter\Router\RouteCollection->group('admin', [...], Object(Closure))
 7 APPPATH\Config\Routes.php(20): App\Config\Routes\AdminRoutes::init(Object(CodeIgniter\Router\RouteCollection))
 8 SYSTEMPATH\Router\RouteCollection.php(340): require('C:\\xampp\\htdocs\\smartstore\\app\\Config\\Routes.php')
 9 SYSTEMPATH\CodeIgniter.php(823): CodeIgniter\Router\RouteCollection->loadRoutes()
10 SYSTEMPATH\CodeIgniter.php(457): CodeIgniter\CodeIgniter->tryToRouteIt(null)
11 SYSTEMPATH\CodeIgniter.php(355): CodeIgniter\CodeIgniter->handleRequest(null, Object(Config\Cache), false)
12 SYSTEMPATH\Boot.php(325): CodeIgniter\CodeIgniter->run()
13 SYSTEMPATH\Boot.php(67): CodeIgniter\Boot::runCodeIgniter(Object(CodeIgniter\CodeIgniter))
14 FCPATH\index.php(63): CodeIgniter\Boot::bootWeb(Object(Config\Paths))
WARNING - 2025-05-31 18:11:38 --> [DEPRECATED] Passing lowercase HTTP method "get" is deprecated. Use uppercase HTTP method like "GET". in SYSTEMPATH\Router\RouteCollection.php on line 1027.
 1 SYSTEMPATH\Router\RouteCollection.php(1027): trigger_error('Passing lowercase HTTP method "get" is deprecated. Use uppercase HTTP method like "GET".', 16384)
 2 APPPATH\Config\Routes\AdminRoutes.php(185): CodeIgniter\Router\RouteCollection->match([...], 'add_note/?(:num)?', 'UsersController::add_note/$1')
 3 SYSTEMPATH\Router\RouteCollection.php(800): App\Config\Routes\AdminRoutes::App\Config\Routes\{closure}(Object(CodeIgniter\Router\RouteCollection))
 4 APPPATH\Config\Routes\AdminRoutes.php(182): CodeIgniter\Router\RouteCollection->group('users', [...], Object(Closure))
 5 SYSTEMPATH\Router\RouteCollection.php(800): App\Config\Routes\AdminRoutes::App\Config\Routes\{closure}(Object(CodeIgniter\Router\RouteCollection))
 6 APPPATH\Config\Routes\AdminRoutes.php(28): CodeIgniter\Router\RouteCollection->group('admin', [...], Object(Closure))
 7 APPPATH\Config\Routes.php(20): App\Config\Routes\AdminRoutes::init(Object(CodeIgniter\Router\RouteCollection))
 8 SYSTEMPATH\Router\RouteCollection.php(340): require('C:\\xampp\\htdocs\\smartstore\\app\\Config\\Routes.php')
 9 SYSTEMPATH\CodeIgniter.php(823): CodeIgniter\Router\RouteCollection->loadRoutes()
10 SYSTEMPATH\CodeIgniter.php(457): CodeIgniter\CodeIgniter->tryToRouteIt(null)
11 SYSTEMPATH\CodeIgniter.php(355): CodeIgniter\CodeIgniter->handleRequest(null, Object(Config\Cache), false)
12 SYSTEMPATH\Boot.php(325): CodeIgniter\CodeIgniter->run()
13 SYSTEMPATH\Boot.php(67): CodeIgniter\Boot::runCodeIgniter(Object(CodeIgniter\CodeIgniter))
14 FCPATH\index.php(63): CodeIgniter\Boot::bootWeb(Object(Config\Paths))
WARNING - 2025-05-31 18:11:38 --> [DEPRECATED] Passing lowercase HTTP method "post" is deprecated. Use uppercase HTTP method like "POST". in SYSTEMPATH\Router\RouteCollection.php on line 1027.
 1 SYSTEMPATH\Router\RouteCollection.php(1027): trigger_error('Passing lowercase HTTP method "post" is deprecated. Use uppercase HTTP method like "POST".', 16384)
 2 APPPATH\Config\Routes\AdminRoutes.php(185): CodeIgniter\Router\RouteCollection->match([...], 'add_note/?(:num)?', 'UsersController::add_note/$1')
 3 SYSTEMPATH\Router\RouteCollection.php(800): App\Config\Routes\AdminRoutes::App\Config\Routes\{closure}(Object(CodeIgniter\Router\RouteCollection))
 4 APPPATH\Config\Routes\AdminRoutes.php(182): CodeIgniter\Router\RouteCollection->group('users', [...], Object(Closure))
 5 SYSTEMPATH\Router\RouteCollection.php(800): App\Config\Routes\AdminRoutes::App\Config\Routes\{closure}(Object(CodeIgniter\Router\RouteCollection))
 6 APPPATH\Config\Routes\AdminRoutes.php(28): CodeIgniter\Router\RouteCollection->group('admin', [...], Object(Closure))
 7 APPPATH\Config\Routes.php(20): App\Config\Routes\AdminRoutes::init(Object(CodeIgniter\Router\RouteCollection))
 8 SYSTEMPATH\Router\RouteCollection.php(340): require('C:\\xampp\\htdocs\\smartstore\\app\\Config\\Routes.php')
 9 SYSTEMPATH\CodeIgniter.php(823): CodeIgniter\Router\RouteCollection->loadRoutes()
10 SYSTEMPATH\CodeIgniter.php(457): CodeIgniter\CodeIgniter->tryToRouteIt(null)
11 SYSTEMPATH\CodeIgniter.php(355): CodeIgniter\CodeIgniter->handleRequest(null, Object(Config\Cache), false)
12 SYSTEMPATH\Boot.php(325): CodeIgniter\CodeIgniter->run()
13 SYSTEMPATH\Boot.php(67): CodeIgniter\Boot::runCodeIgniter(Object(CodeIgniter\CodeIgniter))
14 FCPATH\index.php(63): CodeIgniter\Boot::bootWeb(Object(Config\Paths))
WARNING - 2025-05-31 18:11:38 --> [DEPRECATED] Passing lowercase HTTP method "get" is deprecated. Use uppercase HTTP method like "GET". in SYSTEMPATH\Router\RouteCollection.php on line 1027.
 1 SYSTEMPATH\Router\RouteCollection.php(1027): trigger_error('Passing lowercase HTTP method "get" is deprecated. Use uppercase HTTP method like "GET".', 16384)
 2 APPPATH\Config\Routes\AdminRoutes.php(186): CodeIgniter\Router\RouteCollection->match([...], 'send_mail/?(:num)?', 'UsersController::send_mail/$1')
 3 SYSTEMPATH\Router\RouteCollection.php(800): App\Config\Routes\AdminRoutes::App\Config\Routes\{closure}(Object(CodeIgniter\Router\RouteCollection))
 4 APPPATH\Config\Routes\AdminRoutes.php(182): CodeIgniter\Router\RouteCollection->group('users', [...], Object(Closure))
 5 SYSTEMPATH\Router\RouteCollection.php(800): App\Config\Routes\AdminRoutes::App\Config\Routes\{closure}(Object(CodeIgniter\Router\RouteCollection))
 6 APPPATH\Config\Routes\AdminRoutes.php(28): CodeIgniter\Router\RouteCollection->group('admin', [...], Object(Closure))
 7 APPPATH\Config\Routes.php(20): App\Config\Routes\AdminRoutes::init(Object(CodeIgniter\Router\RouteCollection))
 8 SYSTEMPATH\Router\RouteCollection.php(340): require('C:\\xampp\\htdocs\\smartstore\\app\\Config\\Routes.php')
 9 SYSTEMPATH\CodeIgniter.php(823): CodeIgniter\Router\RouteCollection->loadRoutes()
10 SYSTEMPATH\CodeIgniter.php(457): CodeIgniter\CodeIgniter->tryToRouteIt(null)
11 SYSTEMPATH\CodeIgniter.php(355): CodeIgniter\CodeIgniter->handleRequest(null, Object(Config\Cache), false)
12 SYSTEMPATH\Boot.php(325): CodeIgniter\CodeIgniter->run()
13 SYSTEMPATH\Boot.php(67): CodeIgniter\Boot::runCodeIgniter(Object(CodeIgniter\CodeIgniter))
14 FCPATH\index.php(63): CodeIgniter\Boot::bootWeb(Object(Config\Paths))
WARNING - 2025-05-31 18:11:38 --> [DEPRECATED] Passing lowercase HTTP method "post" is deprecated. Use uppercase HTTP method like "POST". in SYSTEMPATH\Router\RouteCollection.php on line 1027.
 1 SYSTEMPATH\Router\RouteCollection.php(1027): trigger_error('Passing lowercase HTTP method "post" is deprecated. Use uppercase HTTP method like "POST".', 16384)
 2 APPPATH\Config\Routes\AdminRoutes.php(186): CodeIgniter\Router\RouteCollection->match([...], 'send_mail/?(:num)?', 'UsersController::send_mail/$1')
 3 SYSTEMPATH\Router\RouteCollection.php(800): App\Config\Routes\AdminRoutes::App\Config\Routes\{closure}(Object(CodeIgniter\Router\RouteCollection))
 4 APPPATH\Config\Routes\AdminRoutes.php(182): CodeIgniter\Router\RouteCollection->group('users', [...], Object(Closure))
 5 SYSTEMPATH\Router\RouteCollection.php(800): App\Config\Routes\AdminRoutes::App\Config\Routes\{closure}(Object(CodeIgniter\Router\RouteCollection))
 6 APPPATH\Config\Routes\AdminRoutes.php(28): CodeIgniter\Router\RouteCollection->group('admin', [...], Object(Closure))
 7 APPPATH\Config\Routes.php(20): App\Config\Routes\AdminRoutes::init(Object(CodeIgniter\Router\RouteCollection))
 8 SYSTEMPATH\Router\RouteCollection.php(340): require('C:\\xampp\\htdocs\\smartstore\\app\\Config\\Routes.php')
 9 SYSTEMPATH\CodeIgniter.php(823): CodeIgniter\Router\RouteCollection->loadRoutes()
10 SYSTEMPATH\CodeIgniter.php(457): CodeIgniter\CodeIgniter->tryToRouteIt(null)
11 SYSTEMPATH\CodeIgniter.php(355): CodeIgniter\CodeIgniter->handleRequest(null, Object(Config\Cache), false)
12 SYSTEMPATH\Boot.php(325): CodeIgniter\CodeIgniter->run()
13 SYSTEMPATH\Boot.php(67): CodeIgniter\Boot::runCodeIgniter(Object(CodeIgniter\CodeIgniter))
14 FCPATH\index.php(63): CodeIgniter\Boot::bootWeb(Object(Config\Paths))
WARNING - 2025-05-31 18:11:38 --> [DEPRECATED] Passing lowercase HTTP method "get" is deprecated. Use uppercase HTTP method like "GET". in SYSTEMPATH\Router\RouteCollection.php on line 1027.
 1 SYSTEMPATH\Router\RouteCollection.php(1027): trigger_error('Passing lowercase HTTP method "get" is deprecated. Use uppercase HTTP method like "GET".', 16384)
 2 APPPATH\Config\Routes\AdminRoutes.php(215): CodeIgniter\Router\RouteCollection->match([...], 'send_mail/?(:num)?', 'TicketsController::send_mail/$1')
 3 SYSTEMPATH\Router\RouteCollection.php(800): App\Config\Routes\AdminRoutes::App\Config\Routes\{closure}(Object(CodeIgniter\Router\RouteCollection))
 4 APPPATH\Config\Routes\AdminRoutes.php(212): CodeIgniter\Router\RouteCollection->group('tickets', [...], Object(Closure))
 5 SYSTEMPATH\Router\RouteCollection.php(800): App\Config\Routes\AdminRoutes::App\Config\Routes\{closure}(Object(CodeIgniter\Router\RouteCollection))
 6 APPPATH\Config\Routes\AdminRoutes.php(28): CodeIgniter\Router\RouteCollection->group('admin', [...], Object(Closure))
 7 APPPATH\Config\Routes.php(20): App\Config\Routes\AdminRoutes::init(Object(CodeIgniter\Router\RouteCollection))
 8 SYSTEMPATH\Router\RouteCollection.php(340): require('C:\\xampp\\htdocs\\smartstore\\app\\Config\\Routes.php')
 9 SYSTEMPATH\CodeIgniter.php(823): CodeIgniter\Router\RouteCollection->loadRoutes()
10 SYSTEMPATH\CodeIgniter.php(457): CodeIgniter\CodeIgniter->tryToRouteIt(null)
11 SYSTEMPATH\CodeIgniter.php(355): CodeIgniter\CodeIgniter->handleRequest(null, Object(Config\Cache), false)
12 SYSTEMPATH\Boot.php(325): CodeIgniter\CodeIgniter->run()
13 SYSTEMPATH\Boot.php(67): CodeIgniter\Boot::runCodeIgniter(Object(CodeIgniter\CodeIgniter))
14 FCPATH\index.php(63): CodeIgniter\Boot::bootWeb(Object(Config\Paths))
WARNING - 2025-05-31 18:11:38 --> [DEPRECATED] Passing lowercase HTTP method "post" is deprecated. Use uppercase HTTP method like "POST". in SYSTEMPATH\Router\RouteCollection.php on line 1027.
 1 SYSTEMPATH\Router\RouteCollection.php(1027): trigger_error('Passing lowercase HTTP method "post" is deprecated. Use uppercase HTTP method like "POST".', 16384)
 2 APPPATH\Config\Routes\AdminRoutes.php(215): CodeIgniter\Router\RouteCollection->match([...], 'send_mail/?(:num)?', 'TicketsController::send_mail/$1')
 3 SYSTEMPATH\Router\RouteCollection.php(800): App\Config\Routes\AdminRoutes::App\Config\Routes\{closure}(Object(CodeIgniter\Router\RouteCollection))
 4 APPPATH\Config\Routes\AdminRoutes.php(212): CodeIgniter\Router\RouteCollection->group('tickets', [...], Object(Closure))
 5 SYSTEMPATH\Router\RouteCollection.php(800): App\Config\Routes\AdminRoutes::App\Config\Routes\{closure}(Object(CodeIgniter\Router\RouteCollection))
 6 APPPATH\Config\Routes\AdminRoutes.php(28): CodeIgniter\Router\RouteCollection->group('admin', [...], Object(Closure))
 7 APPPATH\Config\Routes.php(20): App\Config\Routes\AdminRoutes::init(Object(CodeIgniter\Router\RouteCollection))
 8 SYSTEMPATH\Router\RouteCollection.php(340): require('C:\\xampp\\htdocs\\smartstore\\app\\Config\\Routes.php')
 9 SYSTEMPATH\CodeIgniter.php(823): CodeIgniter\Router\RouteCollection->loadRoutes()
10 SYSTEMPATH\CodeIgniter.php(457): CodeIgniter\CodeIgniter->tryToRouteIt(null)
11 SYSTEMPATH\CodeIgniter.php(355): CodeIgniter\CodeIgniter->handleRequest(null, Object(Config\Cache), false)
12 SYSTEMPATH\Boot.php(325): CodeIgniter\CodeIgniter->run()
13 SYSTEMPATH\Boot.php(67): CodeIgniter\Boot::runCodeIgniter(Object(CodeIgniter\CodeIgniter))
14 FCPATH\index.php(63): CodeIgniter\Boot::bootWeb(Object(Config\Paths))
WARNING - 2025-05-31 18:11:38 --> [DEPRECATED] Passing lowercase HTTP method "get" is deprecated. Use uppercase HTTP method like "GET". in SYSTEMPATH\Router\RouteCollection.php on line 1027.
 1 SYSTEMPATH\Router\RouteCollection.php(1027): trigger_error('Passing lowercase HTTP method "get" is deprecated. Use uppercase HTTP method like "GET".', 16384)
 2 APPPATH\Config\Routes\UserRoutes.php(49): CodeIgniter\Router\RouteCollection->match([...], 'submit_review', 'ClientController::submit_review', [...])
 3 APPPATH\Config\Routes\UserRoutes.php(23): App\Config\Routes\UserRoutes::defineRoutes(Object(CodeIgniter\Router\RouteCollection))
 4 APPPATH\Config\Routes.php(21): App\Config\Routes\UserRoutes::init(Object(CodeIgniter\Router\RouteCollection))
 5 SYSTEMPATH\Router\RouteCollection.php(340): require('C:\\xampp\\htdocs\\smartstore\\app\\Config\\Routes.php')
 6 SYSTEMPATH\CodeIgniter.php(823): CodeIgniter\Router\RouteCollection->loadRoutes()
 7 SYSTEMPATH\CodeIgniter.php(457): CodeIgniter\CodeIgniter->tryToRouteIt(null)
 8 SYSTEMPATH\CodeIgniter.php(355): CodeIgniter\CodeIgniter->handleRequest(null, Object(Config\Cache), false)
 9 SYSTEMPATH\Boot.php(325): CodeIgniter\CodeIgniter->run()
10 SYSTEMPATH\Boot.php(67): CodeIgniter\Boot::runCodeIgniter(Object(CodeIgniter\CodeIgniter))
11 FCPATH\index.php(63): CodeIgniter\Boot::bootWeb(Object(Config\Paths))
WARNING - 2025-05-31 18:11:38 --> [DEPRECATED] Passing lowercase HTTP method "post" is deprecated. Use uppercase HTTP method like "POST". in SYSTEMPATH\Router\RouteCollection.php on line 1027.
 1 SYSTEMPATH\Router\RouteCollection.php(1027): trigger_error('Passing lowercase HTTP method "post" is deprecated. Use uppercase HTTP method like "POST".', 16384)
 2 APPPATH\Config\Routes\UserRoutes.php(49): CodeIgniter\Router\RouteCollection->match([...], 'submit_review', 'ClientController::submit_review', [...])
 3 APPPATH\Config\Routes\UserRoutes.php(23): App\Config\Routes\UserRoutes::defineRoutes(Object(CodeIgniter\Router\RouteCollection))
 4 APPPATH\Config\Routes.php(21): App\Config\Routes\UserRoutes::init(Object(CodeIgniter\Router\RouteCollection))
 5 SYSTEMPATH\Router\RouteCollection.php(340): require('C:\\xampp\\htdocs\\smartstore\\app\\Config\\Routes.php')
 6 SYSTEMPATH\CodeIgniter.php(823): CodeIgniter\Router\RouteCollection->loadRoutes()
 7 SYSTEMPATH\CodeIgniter.php(457): CodeIgniter\CodeIgniter->tryToRouteIt(null)
 8 SYSTEMPATH\CodeIgniter.php(355): CodeIgniter\CodeIgniter->handleRequest(null, Object(Config\Cache), false)
 9 SYSTEMPATH\Boot.php(325): CodeIgniter\CodeIgniter->run()
10 SYSTEMPATH\Boot.php(67): CodeIgniter\Boot::runCodeIgniter(Object(CodeIgniter\CodeIgniter))
11 FCPATH\index.php(63): CodeIgniter\Boot::bootWeb(Object(Config\Paths))
WARNING - 2025-05-31 18:11:38 --> [DEPRECATED] Passing lowercase HTTP method "get" is deprecated. Use uppercase HTTP method like "GET". in SYSTEMPATH\Router\RouteCollection.php on line 1027.
 1 SYSTEMPATH\Router\RouteCollection.php(1027): trigger_error('Passing lowercase HTTP method "get" is deprecated. Use uppercase HTTP method like "GET".', 16384)
 2 APPPATH\Config\Routes\UserRoutes.php(63): CodeIgniter\Router\RouteCollection->match([...], 'track-order', 'OrderController::track_order', [...])
 3 APPPATH\Config\Routes\UserRoutes.php(23): App\Config\Routes\UserRoutes::defineRoutes(Object(CodeIgniter\Router\RouteCollection))
 4 APPPATH\Config\Routes.php(21): App\Config\Routes\UserRoutes::init(Object(CodeIgniter\Router\RouteCollection))
 5 SYSTEMPATH\Router\RouteCollection.php(340): require('C:\\xampp\\htdocs\\smartstore\\app\\Config\\Routes.php')
 6 SYSTEMPATH\CodeIgniter.php(823): CodeIgniter\Router\RouteCollection->loadRoutes()
 7 SYSTEMPATH\CodeIgniter.php(457): CodeIgniter\CodeIgniter->tryToRouteIt(null)
 8 SYSTEMPATH\CodeIgniter.php(355): CodeIgniter\CodeIgniter->handleRequest(null, Object(Config\Cache), false)
 9 SYSTEMPATH\Boot.php(325): CodeIgniter\CodeIgniter->run()
10 SYSTEMPATH\Boot.php(67): CodeIgniter\Boot::runCodeIgniter(Object(CodeIgniter\CodeIgniter))
11 FCPATH\index.php(63): CodeIgniter\Boot::bootWeb(Object(Config\Paths))
WARNING - 2025-05-31 18:11:38 --> [DEPRECATED] Passing lowercase HTTP method "post" is deprecated. Use uppercase HTTP method like "POST". in SYSTEMPATH\Router\RouteCollection.php on line 1027.
 1 SYSTEMPATH\Router\RouteCollection.php(1027): trigger_error('Passing lowercase HTTP method "post" is deprecated. Use uppercase HTTP method like "POST".', 16384)
 2 APPPATH\Config\Routes\UserRoutes.php(63): CodeIgniter\Router\RouteCollection->match([...], 'track-order', 'OrderController::track_order', [...])
 3 APPPATH\Config\Routes\UserRoutes.php(23): App\Config\Routes\UserRoutes::defineRoutes(Object(CodeIgniter\Router\RouteCollection))
 4 APPPATH\Config\Routes.php(21): App\Config\Routes\UserRoutes::init(Object(CodeIgniter\Router\RouteCollection))
 5 SYSTEMPATH\Router\RouteCollection.php(340): require('C:\\xampp\\htdocs\\smartstore\\app\\Config\\Routes.php')
 6 SYSTEMPATH\CodeIgniter.php(823): CodeIgniter\Router\RouteCollection->loadRoutes()
 7 SYSTEMPATH\CodeIgniter.php(457): CodeIgniter\CodeIgniter->tryToRouteIt(null)
 8 SYSTEMPATH\CodeIgniter.php(355): CodeIgniter\CodeIgniter->handleRequest(null, Object(Config\Cache), false)
 9 SYSTEMPATH\Boot.php(325): CodeIgniter\CodeIgniter->run()
10 SYSTEMPATH\Boot.php(67): CodeIgniter\Boot::runCodeIgniter(Object(CodeIgniter\CodeIgniter))
11 FCPATH\index.php(63): CodeIgniter\Boot::bootWeb(Object(Config\Paths))
WARNING - 2025-05-31 18:11:38 --> [DEPRECATED] Passing lowercase HTTP method "get" is deprecated. Use uppercase HTTP method like "GET". in SYSTEMPATH\Router\RouteCollection.php on line 1027.
 1 SYSTEMPATH\Router\RouteCollection.php(1027): trigger_error('Passing lowercase HTTP method "get" is deprecated. Use uppercase HTTP method like "GET".', 16384)
 2 APPPATH\Config\Routes\UserRoutes.php(49): CodeIgniter\Router\RouteCollection->match([...], 'submit_review', 'ClientController::submit_review', [...])
 3 APPPATH\Config\Routes\UserRoutes.php(26): App\Config\Routes\UserRoutes::defineRoutes(Object(CodeIgniter\Router\RouteCollection))
 4 SYSTEMPATH\Router\RouteCollection.php(800): App\Config\Routes\UserRoutes::App\Config\Routes\{closure}(Object(CodeIgniter\Router\RouteCollection))
 5 APPPATH\Config\Routes\UserRoutes.php(25): CodeIgniter\Router\RouteCollection->group('{locale}', Object(Closure))
 6 APPPATH\Config\Routes.php(21): App\Config\Routes\UserRoutes::init(Object(CodeIgniter\Router\RouteCollection))
 7 SYSTEMPATH\Router\RouteCollection.php(340): require('C:\\xampp\\htdocs\\smartstore\\app\\Config\\Routes.php')
 8 SYSTEMPATH\CodeIgniter.php(823): CodeIgniter\Router\RouteCollection->loadRoutes()
 9 SYSTEMPATH\CodeIgniter.php(457): CodeIgniter\CodeIgniter->tryToRouteIt(null)
10 SYSTEMPATH\CodeIgniter.php(355): CodeIgniter\CodeIgniter->handleRequest(null, Object(Config\Cache), false)
11 SYSTEMPATH\Boot.php(325): CodeIgniter\CodeIgniter->run()
12 SYSTEMPATH\Boot.php(67): CodeIgniter\Boot::runCodeIgniter(Object(CodeIgniter\CodeIgniter))
13 FCPATH\index.php(63): CodeIgniter\Boot::bootWeb(Object(Config\Paths))
WARNING - 2025-05-31 18:11:38 --> [DEPRECATED] Passing lowercase HTTP method "post" is deprecated. Use uppercase HTTP method like "POST". in SYSTEMPATH\Router\RouteCollection.php on line 1027.
 1 SYSTEMPATH\Router\RouteCollection.php(1027): trigger_error('Passing lowercase HTTP method "post" is deprecated. Use uppercase HTTP method like "POST".', 16384)
 2 APPPATH\Config\Routes\UserRoutes.php(49): CodeIgniter\Router\RouteCollection->match([...], 'submit_review', 'ClientController::submit_review', [...])
 3 APPPATH\Config\Routes\UserRoutes.php(26): App\Config\Routes\UserRoutes::defineRoutes(Object(CodeIgniter\Router\RouteCollection))
 4 SYSTEMPATH\Router\RouteCollection.php(800): App\Config\Routes\UserRoutes::App\Config\Routes\{closure}(Object(CodeIgniter\Router\RouteCollection))
 5 APPPATH\Config\Routes\UserRoutes.php(25): CodeIgniter\Router\RouteCollection->group('{locale}', Object(Closure))
 6 APPPATH\Config\Routes.php(21): App\Config\Routes\UserRoutes::init(Object(CodeIgniter\Router\RouteCollection))
 7 SYSTEMPATH\Router\RouteCollection.php(340): require('C:\\xampp\\htdocs\\smartstore\\app\\Config\\Routes.php')
 8 SYSTEMPATH\CodeIgniter.php(823): CodeIgniter\Router\RouteCollection->loadRoutes()
 9 SYSTEMPATH\CodeIgniter.php(457): CodeIgniter\CodeIgniter->tryToRouteIt(null)
10 SYSTEMPATH\CodeIgniter.php(355): CodeIgniter\CodeIgniter->handleRequest(null, Object(Config\Cache), false)
11 SYSTEMPATH\Boot.php(325): CodeIgniter\CodeIgniter->run()
12 SYSTEMPATH\Boot.php(67): CodeIgniter\Boot::runCodeIgniter(Object(CodeIgniter\CodeIgniter))
13 FCPATH\index.php(63): CodeIgniter\Boot::bootWeb(Object(Config\Paths))
WARNING - 2025-05-31 18:11:38 --> [DEPRECATED] Passing lowercase HTTP method "get" is deprecated. Use uppercase HTTP method like "GET". in SYSTEMPATH\Router\RouteCollection.php on line 1027.
 1 SYSTEMPATH\Router\RouteCollection.php(1027): trigger_error('Passing lowercase HTTP method "get" is deprecated. Use uppercase HTTP method like "GET".', 16384)
 2 APPPATH\Config\Routes\UserRoutes.php(63): CodeIgniter\Router\RouteCollection->match([...], 'track-order', 'OrderController::track_order', [...])
 3 APPPATH\Config\Routes\UserRoutes.php(26): App\Config\Routes\UserRoutes::defineRoutes(Object(CodeIgniter\Router\RouteCollection))
 4 SYSTEMPATH\Router\RouteCollection.php(800): App\Config\Routes\UserRoutes::App\Config\Routes\{closure}(Object(CodeIgniter\Router\RouteCollection))
 5 APPPATH\Config\Routes\UserRoutes.php(25): CodeIgniter\Router\RouteCollection->group('{locale}', Object(Closure))
 6 APPPATH\Config\Routes.php(21): App\Config\Routes\UserRoutes::init(Object(CodeIgniter\Router\RouteCollection))
 7 SYSTEMPATH\Router\RouteCollection.php(340): require('C:\\xampp\\htdocs\\smartstore\\app\\Config\\Routes.php')
 8 SYSTEMPATH\CodeIgniter.php(823): CodeIgniter\Router\RouteCollection->loadRoutes()
 9 SYSTEMPATH\CodeIgniter.php(457): CodeIgniter\CodeIgniter->tryToRouteIt(null)
10 SYSTEMPATH\CodeIgniter.php(355): CodeIgniter\CodeIgniter->handleRequest(null, Object(Config\Cache), false)
11 SYSTEMPATH\Boot.php(325): CodeIgniter\CodeIgniter->run()
12 SYSTEMPATH\Boot.php(67): CodeIgniter\Boot::runCodeIgniter(Object(CodeIgniter\CodeIgniter))
13 FCPATH\index.php(63): CodeIgniter\Boot::bootWeb(Object(Config\Paths))
WARNING - 2025-05-31 18:11:38 --> [DEPRECATED] Passing lowercase HTTP method "post" is deprecated. Use uppercase HTTP method like "POST". in SYSTEMPATH\Router\RouteCollection.php on line 1027.
 1 SYSTEMPATH\Router\RouteCollection.php(1027): trigger_error('Passing lowercase HTTP method "post" is deprecated. Use uppercase HTTP method like "POST".', 16384)
 2 APPPATH\Config\Routes\UserRoutes.php(63): CodeIgniter\Router\RouteCollection->match([...], 'track-order', 'OrderController::track_order', [...])
 3 APPPATH\Config\Routes\UserRoutes.php(26): App\Config\Routes\UserRoutes::defineRoutes(Object(CodeIgniter\Router\RouteCollection))
 4 SYSTEMPATH\Router\RouteCollection.php(800): App\Config\Routes\UserRoutes::App\Config\Routes\{closure}(Object(CodeIgniter\Router\RouteCollection))
 5 APPPATH\Config\Routes\UserRoutes.php(25): CodeIgniter\Router\RouteCollection->group('{locale}', Object(Closure))
 6 APPPATH\Config\Routes.php(21): App\Config\Routes\UserRoutes::init(Object(CodeIgniter\Router\RouteCollection))
 7 SYSTEMPATH\Router\RouteCollection.php(340): require('C:\\xampp\\htdocs\\smartstore\\app\\Config\\Routes.php')
 8 SYSTEMPATH\CodeIgniter.php(823): CodeIgniter\Router\RouteCollection->loadRoutes()
 9 SYSTEMPATH\CodeIgniter.php(457): CodeIgniter\CodeIgniter->tryToRouteIt(null)
10 SYSTEMPATH\CodeIgniter.php(355): CodeIgniter\CodeIgniter->handleRequest(null, Object(Config\Cache), false)
11 SYSTEMPATH\Boot.php(325): CodeIgniter\CodeIgniter->run()
12 SYSTEMPATH\Boot.php(67): CodeIgniter\Boot::runCodeIgniter(Object(CodeIgniter\CodeIgniter))
13 FCPATH\index.php(63): CodeIgniter\Boot::bootWeb(Object(Config\Paths))
INFO - 2025-05-31 18:11:38 --> Session: Class initialized using 'CodeIgniter\Session\Handlers\FileHandler' driver.
WARNING - 2025-05-31 18:11:38 --> [DEPRECATED] Creation of dynamic property App\Controllers\Public\PageController::$load_files is deprecated in APPPATH\Controllers\Public\PageController.php on line 21.
 1 SYSTEMPATH\CodeIgniter.php(903): App\Controllers\Public\PageController->__construct()
 2 SYSTEMPATH\CodeIgniter.php(500): CodeIgniter\CodeIgniter->createController()
 3 SYSTEMPATH\CodeIgniter.php(355): CodeIgniter\CodeIgniter->handleRequest(null, Object(Config\Cache), false)
 4 SYSTEMPATH\Boot.php(325): CodeIgniter\CodeIgniter->run()
 5 SYSTEMPATH\Boot.php(67): CodeIgniter\Boot::runCodeIgniter(Object(CodeIgniter\CodeIgniter))
 6 FCPATH\index.php(63): CodeIgniter\Boot::bootWeb(Object(Config\Paths))
WARNING - 2025-05-31 18:11:38 --> [DEPRECATED] Creation of dynamic property App\Controllers\Public\PageController::$page_title is deprecated in APPPATH\Controllers\Public\PageController.php on line 22.
 1 SYSTEMPATH\CodeIgniter.php(903): App\Controllers\Public\PageController->__construct()
 2 SYSTEMPATH\CodeIgniter.php(500): CodeIgniter\CodeIgniter->createController()
 3 SYSTEMPATH\CodeIgniter.php(355): CodeIgniter\CodeIgniter->handleRequest(null, Object(Config\Cache), false)
 4 SYSTEMPATH\Boot.php(325): CodeIgniter\CodeIgniter->run()
 5 SYSTEMPATH\Boot.php(67): CodeIgniter\Boot::runCodeIgniter(Object(CodeIgniter\CodeIgniter))
 6 FCPATH\index.php(63): CodeIgniter\Boot::bootWeb(Object(Config\Paths))
WARNING - 2025-05-31 18:11:57 --> [DEPRECATED] Passing lowercase HTTP method "get" is deprecated. Use uppercase HTTP method like "GET". in SYSTEMPATH\Router\RouteCollection.php on line 1027.
 1 SYSTEMPATH\Router\RouteCollection.php(1027): trigger_error('Passing lowercase HTTP method "get" is deprecated. Use uppercase HTTP method like "GET".', 16384)
 2 APPPATH\Config\Routes\AdminRoutes.php(65): CodeIgniter\Router\RouteCollection->match([...], 'send_test_mail', 'SettingsController::send_test_mail')
 3 SYSTEMPATH\Router\RouteCollection.php(800): App\Config\Routes\AdminRoutes::App\Config\Routes\{closure}(Object(CodeIgniter\Router\RouteCollection))
 4 APPPATH\Config\Routes\AdminRoutes.php(63): CodeIgniter\Router\RouteCollection->group('settings', [...], Object(Closure))
 5 SYSTEMPATH\Router\RouteCollection.php(800): App\Config\Routes\AdminRoutes::App\Config\Routes\{closure}(Object(CodeIgniter\Router\RouteCollection))
 6 APPPATH\Config\Routes\AdminRoutes.php(28): CodeIgniter\Router\RouteCollection->group('admin', [...], Object(Closure))
 7 APPPATH\Config\Routes.php(20): App\Config\Routes\AdminRoutes::init(Object(CodeIgniter\Router\RouteCollection))
 8 SYSTEMPATH\Router\RouteCollection.php(340): require('C:\\xampp\\htdocs\\smartstore\\app\\Config\\Routes.php')
 9 SYSTEMPATH\CodeIgniter.php(823): CodeIgniter\Router\RouteCollection->loadRoutes()
10 SYSTEMPATH\CodeIgniter.php(457): CodeIgniter\CodeIgniter->tryToRouteIt(null)
11 SYSTEMPATH\CodeIgniter.php(355): CodeIgniter\CodeIgniter->handleRequest(null, Object(Config\Cache), false)
12 SYSTEMPATH\Boot.php(325): CodeIgniter\CodeIgniter->run()
13 SYSTEMPATH\Boot.php(67): CodeIgniter\Boot::runCodeIgniter(Object(CodeIgniter\CodeIgniter))
14 FCPATH\index.php(63): CodeIgniter\Boot::bootWeb(Object(Config\Paths))
WARNING - 2025-05-31 18:11:57 --> [DEPRECATED] Passing lowercase HTTP method "post" is deprecated. Use uppercase HTTP method like "POST". in SYSTEMPATH\Router\RouteCollection.php on line 1027.
 1 SYSTEMPATH\Router\RouteCollection.php(1027): trigger_error('Passing lowercase HTTP method "post" is deprecated. Use uppercase HTTP method like "POST".', 16384)
 2 APPPATH\Config\Routes\AdminRoutes.php(65): CodeIgniter\Router\RouteCollection->match([...], 'send_test_mail', 'SettingsController::send_test_mail')
 3 SYSTEMPATH\Router\RouteCollection.php(800): App\Config\Routes\AdminRoutes::App\Config\Routes\{closure}(Object(CodeIgniter\Router\RouteCollection))
 4 APPPATH\Config\Routes\AdminRoutes.php(63): CodeIgniter\Router\RouteCollection->group('settings', [...], Object(Closure))
 5 SYSTEMPATH\Router\RouteCollection.php(800): App\Config\Routes\AdminRoutes::App\Config\Routes\{closure}(Object(CodeIgniter\Router\RouteCollection))
 6 APPPATH\Config\Routes\AdminRoutes.php(28): CodeIgniter\Router\RouteCollection->group('admin', [...], Object(Closure))
 7 APPPATH\Config\Routes.php(20): App\Config\Routes\AdminRoutes::init(Object(CodeIgniter\Router\RouteCollection))
 8 SYSTEMPATH\Router\RouteCollection.php(340): require('C:\\xampp\\htdocs\\smartstore\\app\\Config\\Routes.php')
 9 SYSTEMPATH\CodeIgniter.php(823): CodeIgniter\Router\RouteCollection->loadRoutes()
10 SYSTEMPATH\CodeIgniter.php(457): CodeIgniter\CodeIgniter->tryToRouteIt(null)
11 SYSTEMPATH\CodeIgniter.php(355): CodeIgniter\CodeIgniter->handleRequest(null, Object(Config\Cache), false)
12 SYSTEMPATH\Boot.php(325): CodeIgniter\CodeIgniter->run()
13 SYSTEMPATH\Boot.php(67): CodeIgniter\Boot::runCodeIgniter(Object(CodeIgniter\CodeIgniter))
14 FCPATH\index.php(63): CodeIgniter\Boot::bootWeb(Object(Config\Paths))
WARNING - 2025-05-31 18:11:57 --> [DEPRECATED] Passing lowercase HTTP method "get" is deprecated. Use uppercase HTTP method like "GET". in SYSTEMPATH\Router\RouteCollection.php on line 1027.
 1 SYSTEMPATH\Router\RouteCollection.php(1027): trigger_error('Passing lowercase HTTP method "get" is deprecated. Use uppercase HTTP method like "GET".', 16384)
 2 APPPATH\Config\Routes\AdminRoutes.php(76): CodeIgniter\Router\RouteCollection->match([...], 'elfinder_connector', 'FilemanagerController::elfinder_connector')
 3 SYSTEMPATH\Router\RouteCollection.php(800): App\Config\Routes\AdminRoutes::App\Config\Routes\{closure}(Object(CodeIgniter\Router\RouteCollection))
 4 APPPATH\Config\Routes\AdminRoutes.php(73): CodeIgniter\Router\RouteCollection->group('filemanager', [...], Object(Closure))
 5 SYSTEMPATH\Router\RouteCollection.php(800): App\Config\Routes\AdminRoutes::App\Config\Routes\{closure}(Object(CodeIgniter\Router\RouteCollection))
 6 APPPATH\Config\Routes\AdminRoutes.php(28): CodeIgniter\Router\RouteCollection->group('admin', [...], Object(Closure))
 7 APPPATH\Config\Routes.php(20): App\Config\Routes\AdminRoutes::init(Object(CodeIgniter\Router\RouteCollection))
 8 SYSTEMPATH\Router\RouteCollection.php(340): require('C:\\xampp\\htdocs\\smartstore\\app\\Config\\Routes.php')
 9 SYSTEMPATH\CodeIgniter.php(823): CodeIgniter\Router\RouteCollection->loadRoutes()
10 SYSTEMPATH\CodeIgniter.php(457): CodeIgniter\CodeIgniter->tryToRouteIt(null)
11 SYSTEMPATH\CodeIgniter.php(355): CodeIgniter\CodeIgniter->handleRequest(null, Object(Config\Cache), false)
12 SYSTEMPATH\Boot.php(325): CodeIgniter\CodeIgniter->run()
13 SYSTEMPATH\Boot.php(67): CodeIgniter\Boot::runCodeIgniter(Object(CodeIgniter\CodeIgniter))
14 FCPATH\index.php(63): CodeIgniter\Boot::bootWeb(Object(Config\Paths))
WARNING - 2025-05-31 18:11:57 --> [DEPRECATED] Passing lowercase HTTP method "post" is deprecated. Use uppercase HTTP method like "POST". in SYSTEMPATH\Router\RouteCollection.php on line 1027.
 1 SYSTEMPATH\Router\RouteCollection.php(1027): trigger_error('Passing lowercase HTTP method "post" is deprecated. Use uppercase HTTP method like "POST".', 16384)
 2 APPPATH\Config\Routes\AdminRoutes.php(76): CodeIgniter\Router\RouteCollection->match([...], 'elfinder_connector', 'FilemanagerController::elfinder_connector')
 3 SYSTEMPATH\Router\RouteCollection.php(800): App\Config\Routes\AdminRoutes::App\Config\Routes\{closure}(Object(CodeIgniter\Router\RouteCollection))
 4 APPPATH\Config\Routes\AdminRoutes.php(73): CodeIgniter\Router\RouteCollection->group('filemanager', [...], Object(Closure))
 5 SYSTEMPATH\Router\RouteCollection.php(800): App\Config\Routes\AdminRoutes::App\Config\Routes\{closure}(Object(CodeIgniter\Router\RouteCollection))
 6 APPPATH\Config\Routes\AdminRoutes.php(28): CodeIgniter\Router\RouteCollection->group('admin', [...], Object(Closure))
 7 APPPATH\Config\Routes.php(20): App\Config\Routes\AdminRoutes::init(Object(CodeIgniter\Router\RouteCollection))
 8 SYSTEMPATH\Router\RouteCollection.php(340): require('C:\\xampp\\htdocs\\smartstore\\app\\Config\\Routes.php')
 9 SYSTEMPATH\CodeIgniter.php(823): CodeIgniter\Router\RouteCollection->loadRoutes()
10 SYSTEMPATH\CodeIgniter.php(457): CodeIgniter\CodeIgniter->tryToRouteIt(null)
11 SYSTEMPATH\CodeIgniter.php(355): CodeIgniter\CodeIgniter->handleRequest(null, Object(Config\Cache), false)
12 SYSTEMPATH\Boot.php(325): CodeIgniter\CodeIgniter->run()
13 SYSTEMPATH\Boot.php(67): CodeIgniter\Boot::runCodeIgniter(Object(CodeIgniter\CodeIgniter))
14 FCPATH\index.php(63): CodeIgniter\Boot::bootWeb(Object(Config\Paths))
WARNING - 2025-05-31 18:11:57 --> [DEPRECATED] Passing lowercase HTTP method "get" is deprecated. Use uppercase HTTP method like "GET". in SYSTEMPATH\Router\RouteCollection.php on line 1027.
 1 SYSTEMPATH\Router\RouteCollection.php(1027): trigger_error('Passing lowercase HTTP method "get" is deprecated. Use uppercase HTTP method like "GET".', 16384)
 2 APPPATH\Config\Routes\AdminRoutes.php(172): CodeIgniter\Router\RouteCollection->match([...], 'sync_services/?(:num)?', 'ProvidersController::sync_services/$1')
 3 SYSTEMPATH\Router\RouteCollection.php(800): App\Config\Routes\AdminRoutes::App\Config\Routes\{closure}(Object(CodeIgniter\Router\RouteCollection))
 4 APPPATH\Config\Routes\AdminRoutes.php(167): CodeIgniter\Router\RouteCollection->group('providers', [...], Object(Closure))
 5 SYSTEMPATH\Router\RouteCollection.php(800): App\Config\Routes\AdminRoutes::App\Config\Routes\{closure}(Object(CodeIgniter\Router\RouteCollection))
 6 APPPATH\Config\Routes\AdminRoutes.php(28): CodeIgniter\Router\RouteCollection->group('admin', [...], Object(Closure))
 7 APPPATH\Config\Routes.php(20): App\Config\Routes\AdminRoutes::init(Object(CodeIgniter\Router\RouteCollection))
 8 SYSTEMPATH\Router\RouteCollection.php(340): require('C:\\xampp\\htdocs\\smartstore\\app\\Config\\Routes.php')
 9 SYSTEMPATH\CodeIgniter.php(823): CodeIgniter\Router\RouteCollection->loadRoutes()
10 SYSTEMPATH\CodeIgniter.php(457): CodeIgniter\CodeIgniter->tryToRouteIt(null)
11 SYSTEMPATH\CodeIgniter.php(355): CodeIgniter\CodeIgniter->handleRequest(null, Object(Config\Cache), false)
12 SYSTEMPATH\Boot.php(325): CodeIgniter\CodeIgniter->run()
13 SYSTEMPATH\Boot.php(67): CodeIgniter\Boot::runCodeIgniter(Object(CodeIgniter\CodeIgniter))
14 FCPATH\index.php(63): CodeIgniter\Boot::bootWeb(Object(Config\Paths))
WARNING - 2025-05-31 18:11:57 --> [DEPRECATED] Passing lowercase HTTP method "post" is deprecated. Use uppercase HTTP method like "POST". in SYSTEMPATH\Router\RouteCollection.php on line 1027.
 1 SYSTEMPATH\Router\RouteCollection.php(1027): trigger_error('Passing lowercase HTTP method "post" is deprecated. Use uppercase HTTP method like "POST".', 16384)
 2 APPPATH\Config\Routes\AdminRoutes.php(172): CodeIgniter\Router\RouteCollection->match([...], 'sync_services/?(:num)?', 'ProvidersController::sync_services/$1')
 3 SYSTEMPATH\Router\RouteCollection.php(800): App\Config\Routes\AdminRoutes::App\Config\Routes\{closure}(Object(CodeIgniter\Router\RouteCollection))
 4 APPPATH\Config\Routes\AdminRoutes.php(167): CodeIgniter\Router\RouteCollection->group('providers', [...], Object(Closure))
 5 SYSTEMPATH\Router\RouteCollection.php(800): App\Config\Routes\AdminRoutes::App\Config\Routes\{closure}(Object(CodeIgniter\Router\RouteCollection))
 6 APPPATH\Config\Routes\AdminRoutes.php(28): CodeIgniter\Router\RouteCollection->group('admin', [...], Object(Closure))
 7 APPPATH\Config\Routes.php(20): App\Config\Routes\AdminRoutes::init(Object(CodeIgniter\Router\RouteCollection))
 8 SYSTEMPATH\Router\RouteCollection.php(340): require('C:\\xampp\\htdocs\\smartstore\\app\\Config\\Routes.php')
 9 SYSTEMPATH\CodeIgniter.php(823): CodeIgniter\Router\RouteCollection->loadRoutes()
10 SYSTEMPATH\CodeIgniter.php(457): CodeIgniter\CodeIgniter->tryToRouteIt(null)
11 SYSTEMPATH\CodeIgniter.php(355): CodeIgniter\CodeIgniter->handleRequest(null, Object(Config\Cache), false)
12 SYSTEMPATH\Boot.php(325): CodeIgniter\CodeIgniter->run()
13 SYSTEMPATH\Boot.php(67): CodeIgniter\Boot::runCodeIgniter(Object(CodeIgniter\CodeIgniter))
14 FCPATH\index.php(63): CodeIgniter\Boot::bootWeb(Object(Config\Paths))
WARNING - 2025-05-31 18:11:57 --> [DEPRECATED] Passing lowercase HTTP method "get" is deprecated. Use uppercase HTTP method like "GET". in SYSTEMPATH\Router\RouteCollection.php on line 1027.
 1 SYSTEMPATH\Router\RouteCollection.php(1027): trigger_error('Passing lowercase HTTP method "get" is deprecated. Use uppercase HTTP method like "GET".', 16384)
 2 APPPATH\Config\Routes\AdminRoutes.php(185): CodeIgniter\Router\RouteCollection->match([...], 'add_note/?(:num)?', 'UsersController::add_note/$1')
 3 SYSTEMPATH\Router\RouteCollection.php(800): App\Config\Routes\AdminRoutes::App\Config\Routes\{closure}(Object(CodeIgniter\Router\RouteCollection))
 4 APPPATH\Config\Routes\AdminRoutes.php(182): CodeIgniter\Router\RouteCollection->group('users', [...], Object(Closure))
 5 SYSTEMPATH\Router\RouteCollection.php(800): App\Config\Routes\AdminRoutes::App\Config\Routes\{closure}(Object(CodeIgniter\Router\RouteCollection))
 6 APPPATH\Config\Routes\AdminRoutes.php(28): CodeIgniter\Router\RouteCollection->group('admin', [...], Object(Closure))
 7 APPPATH\Config\Routes.php(20): App\Config\Routes\AdminRoutes::init(Object(CodeIgniter\Router\RouteCollection))
 8 SYSTEMPATH\Router\RouteCollection.php(340): require('C:\\xampp\\htdocs\\smartstore\\app\\Config\\Routes.php')
 9 SYSTEMPATH\CodeIgniter.php(823): CodeIgniter\Router\RouteCollection->loadRoutes()
10 SYSTEMPATH\CodeIgniter.php(457): CodeIgniter\CodeIgniter->tryToRouteIt(null)
11 SYSTEMPATH\CodeIgniter.php(355): CodeIgniter\CodeIgniter->handleRequest(null, Object(Config\Cache), false)
12 SYSTEMPATH\Boot.php(325): CodeIgniter\CodeIgniter->run()
13 SYSTEMPATH\Boot.php(67): CodeIgniter\Boot::runCodeIgniter(Object(CodeIgniter\CodeIgniter))
14 FCPATH\index.php(63): CodeIgniter\Boot::bootWeb(Object(Config\Paths))
WARNING - 2025-05-31 18:11:57 --> [DEPRECATED] Passing lowercase HTTP method "post" is deprecated. Use uppercase HTTP method like "POST". in SYSTEMPATH\Router\RouteCollection.php on line 1027.
 1 SYSTEMPATH\Router\RouteCollection.php(1027): trigger_error('Passing lowercase HTTP method "post" is deprecated. Use uppercase HTTP method like "POST".', 16384)
 2 APPPATH\Config\Routes\AdminRoutes.php(185): CodeIgniter\Router\RouteCollection->match([...], 'add_note/?(:num)?', 'UsersController::add_note/$1')
 3 SYSTEMPATH\Router\RouteCollection.php(800): App\Config\Routes\AdminRoutes::App\Config\Routes\{closure}(Object(CodeIgniter\Router\RouteCollection))
 4 APPPATH\Config\Routes\AdminRoutes.php(182): CodeIgniter\Router\RouteCollection->group('users', [...], Object(Closure))
 5 SYSTEMPATH\Router\RouteCollection.php(800): App\Config\Routes\AdminRoutes::App\Config\Routes\{closure}(Object(CodeIgniter\Router\RouteCollection))
 6 APPPATH\Config\Routes\AdminRoutes.php(28): CodeIgniter\Router\RouteCollection->group('admin', [...], Object(Closure))
 7 APPPATH\Config\Routes.php(20): App\Config\Routes\AdminRoutes::init(Object(CodeIgniter\Router\RouteCollection))
 8 SYSTEMPATH\Router\RouteCollection.php(340): require('C:\\xampp\\htdocs\\smartstore\\app\\Config\\Routes.php')
 9 SYSTEMPATH\CodeIgniter.php(823): CodeIgniter\Router\RouteCollection->loadRoutes()
10 SYSTEMPATH\CodeIgniter.php(457): CodeIgniter\CodeIgniter->tryToRouteIt(null)
11 SYSTEMPATH\CodeIgniter.php(355): CodeIgniter\CodeIgniter->handleRequest(null, Object(Config\Cache), false)
12 SYSTEMPATH\Boot.php(325): CodeIgniter\CodeIgniter->run()
13 SYSTEMPATH\Boot.php(67): CodeIgniter\Boot::runCodeIgniter(Object(CodeIgniter\CodeIgniter))
14 FCPATH\index.php(63): CodeIgniter\Boot::bootWeb(Object(Config\Paths))
WARNING - 2025-05-31 18:11:57 --> [DEPRECATED] Passing lowercase HTTP method "get" is deprecated. Use uppercase HTTP method like "GET". in SYSTEMPATH\Router\RouteCollection.php on line 1027.
 1 SYSTEMPATH\Router\RouteCollection.php(1027): trigger_error('Passing lowercase HTTP method "get" is deprecated. Use uppercase HTTP method like "GET".', 16384)
 2 APPPATH\Config\Routes\AdminRoutes.php(186): CodeIgniter\Router\RouteCollection->match([...], 'send_mail/?(:num)?', 'UsersController::send_mail/$1')
 3 SYSTEMPATH\Router\RouteCollection.php(800): App\Config\Routes\AdminRoutes::App\Config\Routes\{closure}(Object(CodeIgniter\Router\RouteCollection))
 4 APPPATH\Config\Routes\AdminRoutes.php(182): CodeIgniter\Router\RouteCollection->group('users', [...], Object(Closure))
 5 SYSTEMPATH\Router\RouteCollection.php(800): App\Config\Routes\AdminRoutes::App\Config\Routes\{closure}(Object(CodeIgniter\Router\RouteCollection))
 6 APPPATH\Config\Routes\AdminRoutes.php(28): CodeIgniter\Router\RouteCollection->group('admin', [...], Object(Closure))
 7 APPPATH\Config\Routes.php(20): App\Config\Routes\AdminRoutes::init(Object(CodeIgniter\Router\RouteCollection))
 8 SYSTEMPATH\Router\RouteCollection.php(340): require('C:\\xampp\\htdocs\\smartstore\\app\\Config\\Routes.php')
 9 SYSTEMPATH\CodeIgniter.php(823): CodeIgniter\Router\RouteCollection->loadRoutes()
10 SYSTEMPATH\CodeIgniter.php(457): CodeIgniter\CodeIgniter->tryToRouteIt(null)
11 SYSTEMPATH\CodeIgniter.php(355): CodeIgniter\CodeIgniter->handleRequest(null, Object(Config\Cache), false)
12 SYSTEMPATH\Boot.php(325): CodeIgniter\CodeIgniter->run()
13 SYSTEMPATH\Boot.php(67): CodeIgniter\Boot::runCodeIgniter(Object(CodeIgniter\CodeIgniter))
14 FCPATH\index.php(63): CodeIgniter\Boot::bootWeb(Object(Config\Paths))
WARNING - 2025-05-31 18:11:57 --> [DEPRECATED] Passing lowercase HTTP method "post" is deprecated. Use uppercase HTTP method like "POST". in SYSTEMPATH\Router\RouteCollection.php on line 1027.
 1 SYSTEMPATH\Router\RouteCollection.php(1027): trigger_error('Passing lowercase HTTP method "post" is deprecated. Use uppercase HTTP method like "POST".', 16384)
 2 APPPATH\Config\Routes\AdminRoutes.php(186): CodeIgniter\Router\RouteCollection->match([...], 'send_mail/?(:num)?', 'UsersController::send_mail/$1')
 3 SYSTEMPATH\Router\RouteCollection.php(800): App\Config\Routes\AdminRoutes::App\Config\Routes\{closure}(Object(CodeIgniter\Router\RouteCollection))
 4 APPPATH\Config\Routes\AdminRoutes.php(182): CodeIgniter\Router\RouteCollection->group('users', [...], Object(Closure))
 5 SYSTEMPATH\Router\RouteCollection.php(800): App\Config\Routes\AdminRoutes::App\Config\Routes\{closure}(Object(CodeIgniter\Router\RouteCollection))
 6 APPPATH\Config\Routes\AdminRoutes.php(28): CodeIgniter\Router\RouteCollection->group('admin', [...], Object(Closure))
 7 APPPATH\Config\Routes.php(20): App\Config\Routes\AdminRoutes::init(Object(CodeIgniter\Router\RouteCollection))
 8 SYSTEMPATH\Router\RouteCollection.php(340): require('C:\\xampp\\htdocs\\smartstore\\app\\Config\\Routes.php')
 9 SYSTEMPATH\CodeIgniter.php(823): CodeIgniter\Router\RouteCollection->loadRoutes()
10 SYSTEMPATH\CodeIgniter.php(457): CodeIgniter\CodeIgniter->tryToRouteIt(null)
11 SYSTEMPATH\CodeIgniter.php(355): CodeIgniter\CodeIgniter->handleRequest(null, Object(Config\Cache), false)
12 SYSTEMPATH\Boot.php(325): CodeIgniter\CodeIgniter->run()
13 SYSTEMPATH\Boot.php(67): CodeIgniter\Boot::runCodeIgniter(Object(CodeIgniter\CodeIgniter))
14 FCPATH\index.php(63): CodeIgniter\Boot::bootWeb(Object(Config\Paths))
WARNING - 2025-05-31 18:11:57 --> [DEPRECATED] Passing lowercase HTTP method "get" is deprecated. Use uppercase HTTP method like "GET". in SYSTEMPATH\Router\RouteCollection.php on line 1027.
 1 SYSTEMPATH\Router\RouteCollection.php(1027): trigger_error('Passing lowercase HTTP method "get" is deprecated. Use uppercase HTTP method like "GET".', 16384)
 2 APPPATH\Config\Routes\AdminRoutes.php(215): CodeIgniter\Router\RouteCollection->match([...], 'send_mail/?(:num)?', 'TicketsController::send_mail/$1')
 3 SYSTEMPATH\Router\RouteCollection.php(800): App\Config\Routes\AdminRoutes::App\Config\Routes\{closure}(Object(CodeIgniter\Router\RouteCollection))
 4 APPPATH\Config\Routes\AdminRoutes.php(212): CodeIgniter\Router\RouteCollection->group('tickets', [...], Object(Closure))
 5 SYSTEMPATH\Router\RouteCollection.php(800): App\Config\Routes\AdminRoutes::App\Config\Routes\{closure}(Object(CodeIgniter\Router\RouteCollection))
 6 APPPATH\Config\Routes\AdminRoutes.php(28): CodeIgniter\Router\RouteCollection->group('admin', [...], Object(Closure))
 7 APPPATH\Config\Routes.php(20): App\Config\Routes\AdminRoutes::init(Object(CodeIgniter\Router\RouteCollection))
 8 SYSTEMPATH\Router\RouteCollection.php(340): require('C:\\xampp\\htdocs\\smartstore\\app\\Config\\Routes.php')
 9 SYSTEMPATH\CodeIgniter.php(823): CodeIgniter\Router\RouteCollection->loadRoutes()
10 SYSTEMPATH\CodeIgniter.php(457): CodeIgniter\CodeIgniter->tryToRouteIt(null)
11 SYSTEMPATH\CodeIgniter.php(355): CodeIgniter\CodeIgniter->handleRequest(null, Object(Config\Cache), false)
12 SYSTEMPATH\Boot.php(325): CodeIgniter\CodeIgniter->run()
13 SYSTEMPATH\Boot.php(67): CodeIgniter\Boot::runCodeIgniter(Object(CodeIgniter\CodeIgniter))
14 FCPATH\index.php(63): CodeIgniter\Boot::bootWeb(Object(Config\Paths))
WARNING - 2025-05-31 18:11:57 --> [DEPRECATED] Passing lowercase HTTP method "post" is deprecated. Use uppercase HTTP method like "POST". in SYSTEMPATH\Router\RouteCollection.php on line 1027.
 1 SYSTEMPATH\Router\RouteCollection.php(1027): trigger_error('Passing lowercase HTTP method "post" is deprecated. Use uppercase HTTP method like "POST".', 16384)
 2 APPPATH\Config\Routes\AdminRoutes.php(215): CodeIgniter\Router\RouteCollection->match([...], 'send_mail/?(:num)?', 'TicketsController::send_mail/$1')
 3 SYSTEMPATH\Router\RouteCollection.php(800): App\Config\Routes\AdminRoutes::App\Config\Routes\{closure}(Object(CodeIgniter\Router\RouteCollection))
 4 APPPATH\Config\Routes\AdminRoutes.php(212): CodeIgniter\Router\RouteCollection->group('tickets', [...], Object(Closure))
 5 SYSTEMPATH\Router\RouteCollection.php(800): App\Config\Routes\AdminRoutes::App\Config\Routes\{closure}(Object(CodeIgniter\Router\RouteCollection))
 6 APPPATH\Config\Routes\AdminRoutes.php(28): CodeIgniter\Router\RouteCollection->group('admin', [...], Object(Closure))
 7 APPPATH\Config\Routes.php(20): App\Config\Routes\AdminRoutes::init(Object(CodeIgniter\Router\RouteCollection))
 8 SYSTEMPATH\Router\RouteCollection.php(340): require('C:\\xampp\\htdocs\\smartstore\\app\\Config\\Routes.php')
 9 SYSTEMPATH\CodeIgniter.php(823): CodeIgniter\Router\RouteCollection->loadRoutes()
10 SYSTEMPATH\CodeIgniter.php(457): CodeIgniter\CodeIgniter->tryToRouteIt(null)
11 SYSTEMPATH\CodeIgniter.php(355): CodeIgniter\CodeIgniter->handleRequest(null, Object(Config\Cache), false)
12 SYSTEMPATH\Boot.php(325): CodeIgniter\CodeIgniter->run()
13 SYSTEMPATH\Boot.php(67): CodeIgniter\Boot::runCodeIgniter(Object(CodeIgniter\CodeIgniter))
14 FCPATH\index.php(63): CodeIgniter\Boot::bootWeb(Object(Config\Paths))
WARNING - 2025-05-31 18:11:57 --> [DEPRECATED] Passing lowercase HTTP method "get" is deprecated. Use uppercase HTTP method like "GET". in SYSTEMPATH\Router\RouteCollection.php on line 1027.
 1 SYSTEMPATH\Router\RouteCollection.php(1027): trigger_error('Passing lowercase HTTP method "get" is deprecated. Use uppercase HTTP method like "GET".', 16384)
 2 APPPATH\Config\Routes\UserRoutes.php(49): CodeIgniter\Router\RouteCollection->match([...], 'submit_review', 'ClientController::submit_review', [...])
 3 APPPATH\Config\Routes\UserRoutes.php(23): App\Config\Routes\UserRoutes::defineRoutes(Object(CodeIgniter\Router\RouteCollection))
 4 APPPATH\Config\Routes.php(21): App\Config\Routes\UserRoutes::init(Object(CodeIgniter\Router\RouteCollection))
 5 SYSTEMPATH\Router\RouteCollection.php(340): require('C:\\xampp\\htdocs\\smartstore\\app\\Config\\Routes.php')
 6 SYSTEMPATH\CodeIgniter.php(823): CodeIgniter\Router\RouteCollection->loadRoutes()
 7 SYSTEMPATH\CodeIgniter.php(457): CodeIgniter\CodeIgniter->tryToRouteIt(null)
 8 SYSTEMPATH\CodeIgniter.php(355): CodeIgniter\CodeIgniter->handleRequest(null, Object(Config\Cache), false)
 9 SYSTEMPATH\Boot.php(325): CodeIgniter\CodeIgniter->run()
10 SYSTEMPATH\Boot.php(67): CodeIgniter\Boot::runCodeIgniter(Object(CodeIgniter\CodeIgniter))
11 FCPATH\index.php(63): CodeIgniter\Boot::bootWeb(Object(Config\Paths))
WARNING - 2025-05-31 18:11:57 --> [DEPRECATED] Passing lowercase HTTP method "post" is deprecated. Use uppercase HTTP method like "POST". in SYSTEMPATH\Router\RouteCollection.php on line 1027.
 1 SYSTEMPATH\Router\RouteCollection.php(1027): trigger_error('Passing lowercase HTTP method "post" is deprecated. Use uppercase HTTP method like "POST".', 16384)
 2 APPPATH\Config\Routes\UserRoutes.php(49): CodeIgniter\Router\RouteCollection->match([...], 'submit_review', 'ClientController::submit_review', [...])
 3 APPPATH\Config\Routes\UserRoutes.php(23): App\Config\Routes\UserRoutes::defineRoutes(Object(CodeIgniter\Router\RouteCollection))
 4 APPPATH\Config\Routes.php(21): App\Config\Routes\UserRoutes::init(Object(CodeIgniter\Router\RouteCollection))
 5 SYSTEMPATH\Router\RouteCollection.php(340): require('C:\\xampp\\htdocs\\smartstore\\app\\Config\\Routes.php')
 6 SYSTEMPATH\CodeIgniter.php(823): CodeIgniter\Router\RouteCollection->loadRoutes()
 7 SYSTEMPATH\CodeIgniter.php(457): CodeIgniter\CodeIgniter->tryToRouteIt(null)
 8 SYSTEMPATH\CodeIgniter.php(355): CodeIgniter\CodeIgniter->handleRequest(null, Object(Config\Cache), false)
 9 SYSTEMPATH\Boot.php(325): CodeIgniter\CodeIgniter->run()
10 SYSTEMPATH\Boot.php(67): CodeIgniter\Boot::runCodeIgniter(Object(CodeIgniter\CodeIgniter))
11 FCPATH\index.php(63): CodeIgniter\Boot::bootWeb(Object(Config\Paths))
WARNING - 2025-05-31 18:11:57 --> [DEPRECATED] Passing lowercase HTTP method "get" is deprecated. Use uppercase HTTP method like "GET". in SYSTEMPATH\Router\RouteCollection.php on line 1027.
 1 SYSTEMPATH\Router\RouteCollection.php(1027): trigger_error('Passing lowercase HTTP method "get" is deprecated. Use uppercase HTTP method like "GET".', 16384)
 2 APPPATH\Config\Routes\UserRoutes.php(63): CodeIgniter\Router\RouteCollection->match([...], 'track-order', 'OrderController::track_order', [...])
 3 APPPATH\Config\Routes\UserRoutes.php(23): App\Config\Routes\UserRoutes::defineRoutes(Object(CodeIgniter\Router\RouteCollection))
 4 APPPATH\Config\Routes.php(21): App\Config\Routes\UserRoutes::init(Object(CodeIgniter\Router\RouteCollection))
 5 SYSTEMPATH\Router\RouteCollection.php(340): require('C:\\xampp\\htdocs\\smartstore\\app\\Config\\Routes.php')
 6 SYSTEMPATH\CodeIgniter.php(823): CodeIgniter\Router\RouteCollection->loadRoutes()
 7 SYSTEMPATH\CodeIgniter.php(457): CodeIgniter\CodeIgniter->tryToRouteIt(null)
 8 SYSTEMPATH\CodeIgniter.php(355): CodeIgniter\CodeIgniter->handleRequest(null, Object(Config\Cache), false)
 9 SYSTEMPATH\Boot.php(325): CodeIgniter\CodeIgniter->run()
10 SYSTEMPATH\Boot.php(67): CodeIgniter\Boot::runCodeIgniter(Object(CodeIgniter\CodeIgniter))
11 FCPATH\index.php(63): CodeIgniter\Boot::bootWeb(Object(Config\Paths))
WARNING - 2025-05-31 18:11:57 --> [DEPRECATED] Passing lowercase HTTP method "post" is deprecated. Use uppercase HTTP method like "POST". in SYSTEMPATH\Router\RouteCollection.php on line 1027.
 1 SYSTEMPATH\Router\RouteCollection.php(1027): trigger_error('Passing lowercase HTTP method "post" is deprecated. Use uppercase HTTP method like "POST".', 16384)
 2 APPPATH\Config\Routes\UserRoutes.php(63): CodeIgniter\Router\RouteCollection->match([...], 'track-order', 'OrderController::track_order', [...])
 3 APPPATH\Config\Routes\UserRoutes.php(23): App\Config\Routes\UserRoutes::defineRoutes(Object(CodeIgniter\Router\RouteCollection))
 4 APPPATH\Config\Routes.php(21): App\Config\Routes\UserRoutes::init(Object(CodeIgniter\Router\RouteCollection))
 5 SYSTEMPATH\Router\RouteCollection.php(340): require('C:\\xampp\\htdocs\\smartstore\\app\\Config\\Routes.php')
 6 SYSTEMPATH\CodeIgniter.php(823): CodeIgniter\Router\RouteCollection->loadRoutes()
 7 SYSTEMPATH\CodeIgniter.php(457): CodeIgniter\CodeIgniter->tryToRouteIt(null)
 8 SYSTEMPATH\CodeIgniter.php(355): CodeIgniter\CodeIgniter->handleRequest(null, Object(Config\Cache), false)
 9 SYSTEMPATH\Boot.php(325): CodeIgniter\CodeIgniter->run()
10 SYSTEMPATH\Boot.php(67): CodeIgniter\Boot::runCodeIgniter(Object(CodeIgniter\CodeIgniter))
11 FCPATH\index.php(63): CodeIgniter\Boot::bootWeb(Object(Config\Paths))
WARNING - 2025-05-31 18:11:57 --> [DEPRECATED] Passing lowercase HTTP method "get" is deprecated. Use uppercase HTTP method like "GET". in SYSTEMPATH\Router\RouteCollection.php on line 1027.
 1 SYSTEMPATH\Router\RouteCollection.php(1027): trigger_error('Passing lowercase HTTP method "get" is deprecated. Use uppercase HTTP method like "GET".', 16384)
 2 APPPATH\Config\Routes\UserRoutes.php(49): CodeIgniter\Router\RouteCollection->match([...], 'submit_review', 'ClientController::submit_review', [...])
 3 APPPATH\Config\Routes\UserRoutes.php(26): App\Config\Routes\UserRoutes::defineRoutes(Object(CodeIgniter\Router\RouteCollection))
 4 SYSTEMPATH\Router\RouteCollection.php(800): App\Config\Routes\UserRoutes::App\Config\Routes\{closure}(Object(CodeIgniter\Router\RouteCollection))
 5 APPPATH\Config\Routes\UserRoutes.php(25): CodeIgniter\Router\RouteCollection->group('{locale}', Object(Closure))
 6 APPPATH\Config\Routes.php(21): App\Config\Routes\UserRoutes::init(Object(CodeIgniter\Router\RouteCollection))
 7 SYSTEMPATH\Router\RouteCollection.php(340): require('C:\\xampp\\htdocs\\smartstore\\app\\Config\\Routes.php')
 8 SYSTEMPATH\CodeIgniter.php(823): CodeIgniter\Router\RouteCollection->loadRoutes()
 9 SYSTEMPATH\CodeIgniter.php(457): CodeIgniter\CodeIgniter->tryToRouteIt(null)
10 SYSTEMPATH\CodeIgniter.php(355): CodeIgniter\CodeIgniter->handleRequest(null, Object(Config\Cache), false)
11 SYSTEMPATH\Boot.php(325): CodeIgniter\CodeIgniter->run()
12 SYSTEMPATH\Boot.php(67): CodeIgniter\Boot::runCodeIgniter(Object(CodeIgniter\CodeIgniter))
13 FCPATH\index.php(63): CodeIgniter\Boot::bootWeb(Object(Config\Paths))
WARNING - 2025-05-31 18:11:57 --> [DEPRECATED] Passing lowercase HTTP method "post" is deprecated. Use uppercase HTTP method like "POST". in SYSTEMPATH\Router\RouteCollection.php on line 1027.
 1 SYSTEMPATH\Router\RouteCollection.php(1027): trigger_error('Passing lowercase HTTP method "post" is deprecated. Use uppercase HTTP method like "POST".', 16384)
 2 APPPATH\Config\Routes\UserRoutes.php(49): CodeIgniter\Router\RouteCollection->match([...], 'submit_review', 'ClientController::submit_review', [...])
 3 APPPATH\Config\Routes\UserRoutes.php(26): App\Config\Routes\UserRoutes::defineRoutes(Object(CodeIgniter\Router\RouteCollection))
 4 SYSTEMPATH\Router\RouteCollection.php(800): App\Config\Routes\UserRoutes::App\Config\Routes\{closure}(Object(CodeIgniter\Router\RouteCollection))
 5 APPPATH\Config\Routes\UserRoutes.php(25): CodeIgniter\Router\RouteCollection->group('{locale}', Object(Closure))
 6 APPPATH\Config\Routes.php(21): App\Config\Routes\UserRoutes::init(Object(CodeIgniter\Router\RouteCollection))
 7 SYSTEMPATH\Router\RouteCollection.php(340): require('C:\\xampp\\htdocs\\smartstore\\app\\Config\\Routes.php')
 8 SYSTEMPATH\CodeIgniter.php(823): CodeIgniter\Router\RouteCollection->loadRoutes()
 9 SYSTEMPATH\CodeIgniter.php(457): CodeIgniter\CodeIgniter->tryToRouteIt(null)
10 SYSTEMPATH\CodeIgniter.php(355): CodeIgniter\CodeIgniter->handleRequest(null, Object(Config\Cache), false)
11 SYSTEMPATH\Boot.php(325): CodeIgniter\CodeIgniter->run()
12 SYSTEMPATH\Boot.php(67): CodeIgniter\Boot::runCodeIgniter(Object(CodeIgniter\CodeIgniter))
13 FCPATH\index.php(63): CodeIgniter\Boot::bootWeb(Object(Config\Paths))
WARNING - 2025-05-31 18:11:57 --> [DEPRECATED] Passing lowercase HTTP method "get" is deprecated. Use uppercase HTTP method like "GET". in SYSTEMPATH\Router\RouteCollection.php on line 1027.
 1 SYSTEMPATH\Router\RouteCollection.php(1027): trigger_error('Passing lowercase HTTP method "get" is deprecated. Use uppercase HTTP method like "GET".', 16384)
 2 APPPATH\Config\Routes\UserRoutes.php(63): CodeIgniter\Router\RouteCollection->match([...], 'track-order', 'OrderController::track_order', [...])
 3 APPPATH\Config\Routes\UserRoutes.php(26): App\Config\Routes\UserRoutes::defineRoutes(Object(CodeIgniter\Router\RouteCollection))
 4 SYSTEMPATH\Router\RouteCollection.php(800): App\Config\Routes\UserRoutes::App\Config\Routes\{closure}(Object(CodeIgniter\Router\RouteCollection))
 5 APPPATH\Config\Routes\UserRoutes.php(25): CodeIgniter\Router\RouteCollection->group('{locale}', Object(Closure))
 6 APPPATH\Config\Routes.php(21): App\Config\Routes\UserRoutes::init(Object(CodeIgniter\Router\RouteCollection))
 7 SYSTEMPATH\Router\RouteCollection.php(340): require('C:\\xampp\\htdocs\\smartstore\\app\\Config\\Routes.php')
 8 SYSTEMPATH\CodeIgniter.php(823): CodeIgniter\Router\RouteCollection->loadRoutes()
 9 SYSTEMPATH\CodeIgniter.php(457): CodeIgniter\CodeIgniter->tryToRouteIt(null)
10 SYSTEMPATH\CodeIgniter.php(355): CodeIgniter\CodeIgniter->handleRequest(null, Object(Config\Cache), false)
11 SYSTEMPATH\Boot.php(325): CodeIgniter\CodeIgniter->run()
12 SYSTEMPATH\Boot.php(67): CodeIgniter\Boot::runCodeIgniter(Object(CodeIgniter\CodeIgniter))
13 FCPATH\index.php(63): CodeIgniter\Boot::bootWeb(Object(Config\Paths))
WARNING - 2025-05-31 18:11:57 --> [DEPRECATED] Passing lowercase HTTP method "post" is deprecated. Use uppercase HTTP method like "POST". in SYSTEMPATH\Router\RouteCollection.php on line 1027.
 1 SYSTEMPATH\Router\RouteCollection.php(1027): trigger_error('Passing lowercase HTTP method "post" is deprecated. Use uppercase HTTP method like "POST".', 16384)
 2 APPPATH\Config\Routes\UserRoutes.php(63): CodeIgniter\Router\RouteCollection->match([...], 'track-order', 'OrderController::track_order', [...])
 3 APPPATH\Config\Routes\UserRoutes.php(26): App\Config\Routes\UserRoutes::defineRoutes(Object(CodeIgniter\Router\RouteCollection))
 4 SYSTEMPATH\Router\RouteCollection.php(800): App\Config\Routes\UserRoutes::App\Config\Routes\{closure}(Object(CodeIgniter\Router\RouteCollection))
 5 APPPATH\Config\Routes\UserRoutes.php(25): CodeIgniter\Router\RouteCollection->group('{locale}', Object(Closure))
 6 APPPATH\Config\Routes.php(21): App\Config\Routes\UserRoutes::init(Object(CodeIgniter\Router\RouteCollection))
 7 SYSTEMPATH\Router\RouteCollection.php(340): require('C:\\xampp\\htdocs\\smartstore\\app\\Config\\Routes.php')
 8 SYSTEMPATH\CodeIgniter.php(823): CodeIgniter\Router\RouteCollection->loadRoutes()
 9 SYSTEMPATH\CodeIgniter.php(457): CodeIgniter\CodeIgniter->tryToRouteIt(null)
10 SYSTEMPATH\CodeIgniter.php(355): CodeIgniter\CodeIgniter->handleRequest(null, Object(Config\Cache), false)
11 SYSTEMPATH\Boot.php(325): CodeIgniter\CodeIgniter->run()
12 SYSTEMPATH\Boot.php(67): CodeIgniter\Boot::runCodeIgniter(Object(CodeIgniter\CodeIgniter))
13 FCPATH\index.php(63): CodeIgniter\Boot::bootWeb(Object(Config\Paths))
INFO - 2025-05-31 18:11:57 --> Session: Class initialized using 'CodeIgniter\Session\Handlers\FileHandler' driver.
WARNING - 2025-05-31 18:11:57 --> [DEPRECATED] Creation of dynamic property App\Controllers\Public\PageController::$load_files is deprecated in APPPATH\Controllers\Public\PageController.php on line 21.
 1 SYSTEMPATH\CodeIgniter.php(903): App\Controllers\Public\PageController->__construct()
 2 SYSTEMPATH\CodeIgniter.php(500): CodeIgniter\CodeIgniter->createController()
 3 SYSTEMPATH\CodeIgniter.php(355): CodeIgniter\CodeIgniter->handleRequest(null, Object(Config\Cache), false)
 4 SYSTEMPATH\Boot.php(325): CodeIgniter\CodeIgniter->run()
 5 SYSTEMPATH\Boot.php(67): CodeIgniter\Boot::runCodeIgniter(Object(CodeIgniter\CodeIgniter))
 6 FCPATH\index.php(63): CodeIgniter\Boot::bootWeb(Object(Config\Paths))
WARNING - 2025-05-31 18:11:57 --> [DEPRECATED] Creation of dynamic property App\Controllers\Public\PageController::$page_title is deprecated in APPPATH\Controllers\Public\PageController.php on line 22.
 1 SYSTEMPATH\CodeIgniter.php(903): App\Controllers\Public\PageController->__construct()
 2 SYSTEMPATH\CodeIgniter.php(500): CodeIgniter\CodeIgniter->createController()
 3 SYSTEMPATH\CodeIgniter.php(355): CodeIgniter\CodeIgniter->handleRequest(null, Object(Config\Cache), false)
 4 SYSTEMPATH\Boot.php(325): CodeIgniter\CodeIgniter->run()
 5 SYSTEMPATH\Boot.php(67): CodeIgniter\Boot::runCodeIgniter(Object(CodeIgniter\CodeIgniter))
 6 FCPATH\index.php(63): CodeIgniter\Boot::bootWeb(Object(Config\Paths))
WARNING - 2025-05-31 18:12:50 --> [DEPRECATED] Passing lowercase HTTP method "get" is deprecated. Use uppercase HTTP method like "GET". in SYSTEMPATH\Router\RouteCollection.php on line 1027.
 1 SYSTEMPATH\Router\RouteCollection.php(1027): trigger_error('Passing lowercase HTTP method "get" is deprecated. Use uppercase HTTP method like "GET".', 16384)
 2 APPPATH\Config\Routes\AdminRoutes.php(65): CodeIgniter\Router\RouteCollection->match([...], 'send_test_mail', 'SettingsController::send_test_mail')
 3 SYSTEMPATH\Router\RouteCollection.php(800): App\Config\Routes\AdminRoutes::App\Config\Routes\{closure}(Object(CodeIgniter\Router\RouteCollection))
 4 APPPATH\Config\Routes\AdminRoutes.php(63): CodeIgniter\Router\RouteCollection->group('settings', [...], Object(Closure))
 5 SYSTEMPATH\Router\RouteCollection.php(800): App\Config\Routes\AdminRoutes::App\Config\Routes\{closure}(Object(CodeIgniter\Router\RouteCollection))
 6 APPPATH\Config\Routes\AdminRoutes.php(28): CodeIgniter\Router\RouteCollection->group('admin', [...], Object(Closure))
 7 APPPATH\Config\Routes.php(20): App\Config\Routes\AdminRoutes::init(Object(CodeIgniter\Router\RouteCollection))
 8 SYSTEMPATH\Router\RouteCollection.php(340): require('C:\\xampp\\htdocs\\smartstore\\app\\Config\\Routes.php')
 9 SYSTEMPATH\CodeIgniter.php(823): CodeIgniter\Router\RouteCollection->loadRoutes()
10 SYSTEMPATH\CodeIgniter.php(457): CodeIgniter\CodeIgniter->tryToRouteIt(null)
11 SYSTEMPATH\CodeIgniter.php(355): CodeIgniter\CodeIgniter->handleRequest(null, Object(Config\Cache), false)
12 SYSTEMPATH\Boot.php(325): CodeIgniter\CodeIgniter->run()
13 SYSTEMPATH\Boot.php(67): CodeIgniter\Boot::runCodeIgniter(Object(CodeIgniter\CodeIgniter))
14 FCPATH\index.php(63): CodeIgniter\Boot::bootWeb(Object(Config\Paths))
WARNING - 2025-05-31 18:12:50 --> [DEPRECATED] Passing lowercase HTTP method "post" is deprecated. Use uppercase HTTP method like "POST". in SYSTEMPATH\Router\RouteCollection.php on line 1027.
 1 SYSTEMPATH\Router\RouteCollection.php(1027): trigger_error('Passing lowercase HTTP method "post" is deprecated. Use uppercase HTTP method like "POST".', 16384)
 2 APPPATH\Config\Routes\AdminRoutes.php(65): CodeIgniter\Router\RouteCollection->match([...], 'send_test_mail', 'SettingsController::send_test_mail')
 3 SYSTEMPATH\Router\RouteCollection.php(800): App\Config\Routes\AdminRoutes::App\Config\Routes\{closure}(Object(CodeIgniter\Router\RouteCollection))
 4 APPPATH\Config\Routes\AdminRoutes.php(63): CodeIgniter\Router\RouteCollection->group('settings', [...], Object(Closure))
 5 SYSTEMPATH\Router\RouteCollection.php(800): App\Config\Routes\AdminRoutes::App\Config\Routes\{closure}(Object(CodeIgniter\Router\RouteCollection))
 6 APPPATH\Config\Routes\AdminRoutes.php(28): CodeIgniter\Router\RouteCollection->group('admin', [...], Object(Closure))
 7 APPPATH\Config\Routes.php(20): App\Config\Routes\AdminRoutes::init(Object(CodeIgniter\Router\RouteCollection))
 8 SYSTEMPATH\Router\RouteCollection.php(340): require('C:\\xampp\\htdocs\\smartstore\\app\\Config\\Routes.php')
 9 SYSTEMPATH\CodeIgniter.php(823): CodeIgniter\Router\RouteCollection->loadRoutes()
10 SYSTEMPATH\CodeIgniter.php(457): CodeIgniter\CodeIgniter->tryToRouteIt(null)
11 SYSTEMPATH\CodeIgniter.php(355): CodeIgniter\CodeIgniter->handleRequest(null, Object(Config\Cache), false)
12 SYSTEMPATH\Boot.php(325): CodeIgniter\CodeIgniter->run()
13 SYSTEMPATH\Boot.php(67): CodeIgniter\Boot::runCodeIgniter(Object(CodeIgniter\CodeIgniter))
14 FCPATH\index.php(63): CodeIgniter\Boot::bootWeb(Object(Config\Paths))
WARNING - 2025-05-31 18:12:50 --> [DEPRECATED] Passing lowercase HTTP method "get" is deprecated. Use uppercase HTTP method like "GET". in SYSTEMPATH\Router\RouteCollection.php on line 1027.
 1 SYSTEMPATH\Router\RouteCollection.php(1027): trigger_error('Passing lowercase HTTP method "get" is deprecated. Use uppercase HTTP method like "GET".', 16384)
 2 APPPATH\Config\Routes\AdminRoutes.php(76): CodeIgniter\Router\RouteCollection->match([...], 'elfinder_connector', 'FilemanagerController::elfinder_connector')
 3 SYSTEMPATH\Router\RouteCollection.php(800): App\Config\Routes\AdminRoutes::App\Config\Routes\{closure}(Object(CodeIgniter\Router\RouteCollection))
 4 APPPATH\Config\Routes\AdminRoutes.php(73): CodeIgniter\Router\RouteCollection->group('filemanager', [...], Object(Closure))
 5 SYSTEMPATH\Router\RouteCollection.php(800): App\Config\Routes\AdminRoutes::App\Config\Routes\{closure}(Object(CodeIgniter\Router\RouteCollection))
 6 APPPATH\Config\Routes\AdminRoutes.php(28): CodeIgniter\Router\RouteCollection->group('admin', [...], Object(Closure))
 7 APPPATH\Config\Routes.php(20): App\Config\Routes\AdminRoutes::init(Object(CodeIgniter\Router\RouteCollection))
 8 SYSTEMPATH\Router\RouteCollection.php(340): require('C:\\xampp\\htdocs\\smartstore\\app\\Config\\Routes.php')
 9 SYSTEMPATH\CodeIgniter.php(823): CodeIgniter\Router\RouteCollection->loadRoutes()
10 SYSTEMPATH\CodeIgniter.php(457): CodeIgniter\CodeIgniter->tryToRouteIt(null)
11 SYSTEMPATH\CodeIgniter.php(355): CodeIgniter\CodeIgniter->handleRequest(null, Object(Config\Cache), false)
12 SYSTEMPATH\Boot.php(325): CodeIgniter\CodeIgniter->run()
13 SYSTEMPATH\Boot.php(67): CodeIgniter\Boot::runCodeIgniter(Object(CodeIgniter\CodeIgniter))
14 FCPATH\index.php(63): CodeIgniter\Boot::bootWeb(Object(Config\Paths))
WARNING - 2025-05-31 18:12:50 --> [DEPRECATED] Passing lowercase HTTP method "post" is deprecated. Use uppercase HTTP method like "POST". in SYSTEMPATH\Router\RouteCollection.php on line 1027.
 1 SYSTEMPATH\Router\RouteCollection.php(1027): trigger_error('Passing lowercase HTTP method "post" is deprecated. Use uppercase HTTP method like "POST".', 16384)
 2 APPPATH\Config\Routes\AdminRoutes.php(76): CodeIgniter\Router\RouteCollection->match([...], 'elfinder_connector', 'FilemanagerController::elfinder_connector')
 3 SYSTEMPATH\Router\RouteCollection.php(800): App\Config\Routes\AdminRoutes::App\Config\Routes\{closure}(Object(CodeIgniter\Router\RouteCollection))
 4 APPPATH\Config\Routes\AdminRoutes.php(73): CodeIgniter\Router\RouteCollection->group('filemanager', [...], Object(Closure))
 5 SYSTEMPATH\Router\RouteCollection.php(800): App\Config\Routes\AdminRoutes::App\Config\Routes\{closure}(Object(CodeIgniter\Router\RouteCollection))
 6 APPPATH\Config\Routes\AdminRoutes.php(28): CodeIgniter\Router\RouteCollection->group('admin', [...], Object(Closure))
 7 APPPATH\Config\Routes.php(20): App\Config\Routes\AdminRoutes::init(Object(CodeIgniter\Router\RouteCollection))
 8 SYSTEMPATH\Router\RouteCollection.php(340): require('C:\\xampp\\htdocs\\smartstore\\app\\Config\\Routes.php')
 9 SYSTEMPATH\CodeIgniter.php(823): CodeIgniter\Router\RouteCollection->loadRoutes()
10 SYSTEMPATH\CodeIgniter.php(457): CodeIgniter\CodeIgniter->tryToRouteIt(null)
11 SYSTEMPATH\CodeIgniter.php(355): CodeIgniter\CodeIgniter->handleRequest(null, Object(Config\Cache), false)
12 SYSTEMPATH\Boot.php(325): CodeIgniter\CodeIgniter->run()
13 SYSTEMPATH\Boot.php(67): CodeIgniter\Boot::runCodeIgniter(Object(CodeIgniter\CodeIgniter))
14 FCPATH\index.php(63): CodeIgniter\Boot::bootWeb(Object(Config\Paths))
WARNING - 2025-05-31 18:12:50 --> [DEPRECATED] Passing lowercase HTTP method "get" is deprecated. Use uppercase HTTP method like "GET". in SYSTEMPATH\Router\RouteCollection.php on line 1027.
 1 SYSTEMPATH\Router\RouteCollection.php(1027): trigger_error('Passing lowercase HTTP method "get" is deprecated. Use uppercase HTTP method like "GET".', 16384)
 2 APPPATH\Config\Routes\AdminRoutes.php(172): CodeIgniter\Router\RouteCollection->match([...], 'sync_services/?(:num)?', 'ProvidersController::sync_services/$1')
 3 SYSTEMPATH\Router\RouteCollection.php(800): App\Config\Routes\AdminRoutes::App\Config\Routes\{closure}(Object(CodeIgniter\Router\RouteCollection))
 4 APPPATH\Config\Routes\AdminRoutes.php(167): CodeIgniter\Router\RouteCollection->group('providers', [...], Object(Closure))
 5 SYSTEMPATH\Router\RouteCollection.php(800): App\Config\Routes\AdminRoutes::App\Config\Routes\{closure}(Object(CodeIgniter\Router\RouteCollection))
 6 APPPATH\Config\Routes\AdminRoutes.php(28): CodeIgniter\Router\RouteCollection->group('admin', [...], Object(Closure))
 7 APPPATH\Config\Routes.php(20): App\Config\Routes\AdminRoutes::init(Object(CodeIgniter\Router\RouteCollection))
 8 SYSTEMPATH\Router\RouteCollection.php(340): require('C:\\xampp\\htdocs\\smartstore\\app\\Config\\Routes.php')
 9 SYSTEMPATH\CodeIgniter.php(823): CodeIgniter\Router\RouteCollection->loadRoutes()
10 SYSTEMPATH\CodeIgniter.php(457): CodeIgniter\CodeIgniter->tryToRouteIt(null)
11 SYSTEMPATH\CodeIgniter.php(355): CodeIgniter\CodeIgniter->handleRequest(null, Object(Config\Cache), false)
12 SYSTEMPATH\Boot.php(325): CodeIgniter\CodeIgniter->run()
13 SYSTEMPATH\Boot.php(67): CodeIgniter\Boot::runCodeIgniter(Object(CodeIgniter\CodeIgniter))
14 FCPATH\index.php(63): CodeIgniter\Boot::bootWeb(Object(Config\Paths))
WARNING - 2025-05-31 18:12:50 --> [DEPRECATED] Passing lowercase HTTP method "post" is deprecated. Use uppercase HTTP method like "POST". in SYSTEMPATH\Router\RouteCollection.php on line 1027.
 1 SYSTEMPATH\Router\RouteCollection.php(1027): trigger_error('Passing lowercase HTTP method "post" is deprecated. Use uppercase HTTP method like "POST".', 16384)
 2 APPPATH\Config\Routes\AdminRoutes.php(172): CodeIgniter\Router\RouteCollection->match([...], 'sync_services/?(:num)?', 'ProvidersController::sync_services/$1')
 3 SYSTEMPATH\Router\RouteCollection.php(800): App\Config\Routes\AdminRoutes::App\Config\Routes\{closure}(Object(CodeIgniter\Router\RouteCollection))
 4 APPPATH\Config\Routes\AdminRoutes.php(167): CodeIgniter\Router\RouteCollection->group('providers', [...], Object(Closure))
 5 SYSTEMPATH\Router\RouteCollection.php(800): App\Config\Routes\AdminRoutes::App\Config\Routes\{closure}(Object(CodeIgniter\Router\RouteCollection))
 6 APPPATH\Config\Routes\AdminRoutes.php(28): CodeIgniter\Router\RouteCollection->group('admin', [...], Object(Closure))
 7 APPPATH\Config\Routes.php(20): App\Config\Routes\AdminRoutes::init(Object(CodeIgniter\Router\RouteCollection))
 8 SYSTEMPATH\Router\RouteCollection.php(340): require('C:\\xampp\\htdocs\\smartstore\\app\\Config\\Routes.php')
 9 SYSTEMPATH\CodeIgniter.php(823): CodeIgniter\Router\RouteCollection->loadRoutes()
10 SYSTEMPATH\CodeIgniter.php(457): CodeIgniter\CodeIgniter->tryToRouteIt(null)
11 SYSTEMPATH\CodeIgniter.php(355): CodeIgniter\CodeIgniter->handleRequest(null, Object(Config\Cache), false)
12 SYSTEMPATH\Boot.php(325): CodeIgniter\CodeIgniter->run()
13 SYSTEMPATH\Boot.php(67): CodeIgniter\Boot::runCodeIgniter(Object(CodeIgniter\CodeIgniter))
14 FCPATH\index.php(63): CodeIgniter\Boot::bootWeb(Object(Config\Paths))
WARNING - 2025-05-31 18:12:50 --> [DEPRECATED] Passing lowercase HTTP method "get" is deprecated. Use uppercase HTTP method like "GET". in SYSTEMPATH\Router\RouteCollection.php on line 1027.
 1 SYSTEMPATH\Router\RouteCollection.php(1027): trigger_error('Passing lowercase HTTP method "get" is deprecated. Use uppercase HTTP method like "GET".', 16384)
 2 APPPATH\Config\Routes\AdminRoutes.php(185): CodeIgniter\Router\RouteCollection->match([...], 'add_note/?(:num)?', 'UsersController::add_note/$1')
 3 SYSTEMPATH\Router\RouteCollection.php(800): App\Config\Routes\AdminRoutes::App\Config\Routes\{closure}(Object(CodeIgniter\Router\RouteCollection))
 4 APPPATH\Config\Routes\AdminRoutes.php(182): CodeIgniter\Router\RouteCollection->group('users', [...], Object(Closure))
 5 SYSTEMPATH\Router\RouteCollection.php(800): App\Config\Routes\AdminRoutes::App\Config\Routes\{closure}(Object(CodeIgniter\Router\RouteCollection))
 6 APPPATH\Config\Routes\AdminRoutes.php(28): CodeIgniter\Router\RouteCollection->group('admin', [...], Object(Closure))
 7 APPPATH\Config\Routes.php(20): App\Config\Routes\AdminRoutes::init(Object(CodeIgniter\Router\RouteCollection))
 8 SYSTEMPATH\Router\RouteCollection.php(340): require('C:\\xampp\\htdocs\\smartstore\\app\\Config\\Routes.php')
 9 SYSTEMPATH\CodeIgniter.php(823): CodeIgniter\Router\RouteCollection->loadRoutes()
10 SYSTEMPATH\CodeIgniter.php(457): CodeIgniter\CodeIgniter->tryToRouteIt(null)
11 SYSTEMPATH\CodeIgniter.php(355): CodeIgniter\CodeIgniter->handleRequest(null, Object(Config\Cache), false)
12 SYSTEMPATH\Boot.php(325): CodeIgniter\CodeIgniter->run()
13 SYSTEMPATH\Boot.php(67): CodeIgniter\Boot::runCodeIgniter(Object(CodeIgniter\CodeIgniter))
14 FCPATH\index.php(63): CodeIgniter\Boot::bootWeb(Object(Config\Paths))
WARNING - 2025-05-31 18:12:50 --> [DEPRECATED] Passing lowercase HTTP method "post" is deprecated. Use uppercase HTTP method like "POST". in SYSTEMPATH\Router\RouteCollection.php on line 1027.
 1 SYSTEMPATH\Router\RouteCollection.php(1027): trigger_error('Passing lowercase HTTP method "post" is deprecated. Use uppercase HTTP method like "POST".', 16384)
 2 APPPATH\Config\Routes\AdminRoutes.php(185): CodeIgniter\Router\RouteCollection->match([...], 'add_note/?(:num)?', 'UsersController::add_note/$1')
 3 SYSTEMPATH\Router\RouteCollection.php(800): App\Config\Routes\AdminRoutes::App\Config\Routes\{closure}(Object(CodeIgniter\Router\RouteCollection))
 4 APPPATH\Config\Routes\AdminRoutes.php(182): CodeIgniter\Router\RouteCollection->group('users', [...], Object(Closure))
 5 SYSTEMPATH\Router\RouteCollection.php(800): App\Config\Routes\AdminRoutes::App\Config\Routes\{closure}(Object(CodeIgniter\Router\RouteCollection))
 6 APPPATH\Config\Routes\AdminRoutes.php(28): CodeIgniter\Router\RouteCollection->group('admin', [...], Object(Closure))
 7 APPPATH\Config\Routes.php(20): App\Config\Routes\AdminRoutes::init(Object(CodeIgniter\Router\RouteCollection))
 8 SYSTEMPATH\Router\RouteCollection.php(340): require('C:\\xampp\\htdocs\\smartstore\\app\\Config\\Routes.php')
 9 SYSTEMPATH\CodeIgniter.php(823): CodeIgniter\Router\RouteCollection->loadRoutes()
10 SYSTEMPATH\CodeIgniter.php(457): CodeIgniter\CodeIgniter->tryToRouteIt(null)
11 SYSTEMPATH\CodeIgniter.php(355): CodeIgniter\CodeIgniter->handleRequest(null, Object(Config\Cache), false)
12 SYSTEMPATH\Boot.php(325): CodeIgniter\CodeIgniter->run()
13 SYSTEMPATH\Boot.php(67): CodeIgniter\Boot::runCodeIgniter(Object(CodeIgniter\CodeIgniter))
14 FCPATH\index.php(63): CodeIgniter\Boot::bootWeb(Object(Config\Paths))
WARNING - 2025-05-31 18:12:50 --> [DEPRECATED] Passing lowercase HTTP method "get" is deprecated. Use uppercase HTTP method like "GET". in SYSTEMPATH\Router\RouteCollection.php on line 1027.
 1 SYSTEMPATH\Router\RouteCollection.php(1027): trigger_error('Passing lowercase HTTP method "get" is deprecated. Use uppercase HTTP method like "GET".', 16384)
 2 APPPATH\Config\Routes\AdminRoutes.php(186): CodeIgniter\Router\RouteCollection->match([...], 'send_mail/?(:num)?', 'UsersController::send_mail/$1')
 3 SYSTEMPATH\Router\RouteCollection.php(800): App\Config\Routes\AdminRoutes::App\Config\Routes\{closure}(Object(CodeIgniter\Router\RouteCollection))
 4 APPPATH\Config\Routes\AdminRoutes.php(182): CodeIgniter\Router\RouteCollection->group('users', [...], Object(Closure))
 5 SYSTEMPATH\Router\RouteCollection.php(800): App\Config\Routes\AdminRoutes::App\Config\Routes\{closure}(Object(CodeIgniter\Router\RouteCollection))
 6 APPPATH\Config\Routes\AdminRoutes.php(28): CodeIgniter\Router\RouteCollection->group('admin', [...], Object(Closure))
 7 APPPATH\Config\Routes.php(20): App\Config\Routes\AdminRoutes::init(Object(CodeIgniter\Router\RouteCollection))
 8 SYSTEMPATH\Router\RouteCollection.php(340): require('C:\\xampp\\htdocs\\smartstore\\app\\Config\\Routes.php')
 9 SYSTEMPATH\CodeIgniter.php(823): CodeIgniter\Router\RouteCollection->loadRoutes()
10 SYSTEMPATH\CodeIgniter.php(457): CodeIgniter\CodeIgniter->tryToRouteIt(null)
11 SYSTEMPATH\CodeIgniter.php(355): CodeIgniter\CodeIgniter->handleRequest(null, Object(Config\Cache), false)
12 SYSTEMPATH\Boot.php(325): CodeIgniter\CodeIgniter->run()
13 SYSTEMPATH\Boot.php(67): CodeIgniter\Boot::runCodeIgniter(Object(CodeIgniter\CodeIgniter))
14 FCPATH\index.php(63): CodeIgniter\Boot::bootWeb(Object(Config\Paths))
WARNING - 2025-05-31 18:12:50 --> [DEPRECATED] Passing lowercase HTTP method "post" is deprecated. Use uppercase HTTP method like "POST". in SYSTEMPATH\Router\RouteCollection.php on line 1027.
 1 SYSTEMPATH\Router\RouteCollection.php(1027): trigger_error('Passing lowercase HTTP method "post" is deprecated. Use uppercase HTTP method like "POST".', 16384)
 2 APPPATH\Config\Routes\AdminRoutes.php(186): CodeIgniter\Router\RouteCollection->match([...], 'send_mail/?(:num)?', 'UsersController::send_mail/$1')
 3 SYSTEMPATH\Router\RouteCollection.php(800): App\Config\Routes\AdminRoutes::App\Config\Routes\{closure}(Object(CodeIgniter\Router\RouteCollection))
 4 APPPATH\Config\Routes\AdminRoutes.php(182): CodeIgniter\Router\RouteCollection->group('users', [...], Object(Closure))
 5 SYSTEMPATH\Router\RouteCollection.php(800): App\Config\Routes\AdminRoutes::App\Config\Routes\{closure}(Object(CodeIgniter\Router\RouteCollection))
 6 APPPATH\Config\Routes\AdminRoutes.php(28): CodeIgniter\Router\RouteCollection->group('admin', [...], Object(Closure))
 7 APPPATH\Config\Routes.php(20): App\Config\Routes\AdminRoutes::init(Object(CodeIgniter\Router\RouteCollection))
 8 SYSTEMPATH\Router\RouteCollection.php(340): require('C:\\xampp\\htdocs\\smartstore\\app\\Config\\Routes.php')
 9 SYSTEMPATH\CodeIgniter.php(823): CodeIgniter\Router\RouteCollection->loadRoutes()
10 SYSTEMPATH\CodeIgniter.php(457): CodeIgniter\CodeIgniter->tryToRouteIt(null)
11 SYSTEMPATH\CodeIgniter.php(355): CodeIgniter\CodeIgniter->handleRequest(null, Object(Config\Cache), false)
12 SYSTEMPATH\Boot.php(325): CodeIgniter\CodeIgniter->run()
13 SYSTEMPATH\Boot.php(67): CodeIgniter\Boot::runCodeIgniter(Object(CodeIgniter\CodeIgniter))
14 FCPATH\index.php(63): CodeIgniter\Boot::bootWeb(Object(Config\Paths))
WARNING - 2025-05-31 18:12:50 --> [DEPRECATED] Passing lowercase HTTP method "get" is deprecated. Use uppercase HTTP method like "GET". in SYSTEMPATH\Router\RouteCollection.php on line 1027.
 1 SYSTEMPATH\Router\RouteCollection.php(1027): trigger_error('Passing lowercase HTTP method "get" is deprecated. Use uppercase HTTP method like "GET".', 16384)
 2 APPPATH\Config\Routes\AdminRoutes.php(215): CodeIgniter\Router\RouteCollection->match([...], 'send_mail/?(:num)?', 'TicketsController::send_mail/$1')
 3 SYSTEMPATH\Router\RouteCollection.php(800): App\Config\Routes\AdminRoutes::App\Config\Routes\{closure}(Object(CodeIgniter\Router\RouteCollection))
 4 APPPATH\Config\Routes\AdminRoutes.php(212): CodeIgniter\Router\RouteCollection->group('tickets', [...], Object(Closure))
 5 SYSTEMPATH\Router\RouteCollection.php(800): App\Config\Routes\AdminRoutes::App\Config\Routes\{closure}(Object(CodeIgniter\Router\RouteCollection))
 6 APPPATH\Config\Routes\AdminRoutes.php(28): CodeIgniter\Router\RouteCollection->group('admin', [...], Object(Closure))
 7 APPPATH\Config\Routes.php(20): App\Config\Routes\AdminRoutes::init(Object(CodeIgniter\Router\RouteCollection))
 8 SYSTEMPATH\Router\RouteCollection.php(340): require('C:\\xampp\\htdocs\\smartstore\\app\\Config\\Routes.php')
 9 SYSTEMPATH\CodeIgniter.php(823): CodeIgniter\Router\RouteCollection->loadRoutes()
10 SYSTEMPATH\CodeIgniter.php(457): CodeIgniter\CodeIgniter->tryToRouteIt(null)
11 SYSTEMPATH\CodeIgniter.php(355): CodeIgniter\CodeIgniter->handleRequest(null, Object(Config\Cache), false)
12 SYSTEMPATH\Boot.php(325): CodeIgniter\CodeIgniter->run()
13 SYSTEMPATH\Boot.php(67): CodeIgniter\Boot::runCodeIgniter(Object(CodeIgniter\CodeIgniter))
14 FCPATH\index.php(63): CodeIgniter\Boot::bootWeb(Object(Config\Paths))
WARNING - 2025-05-31 18:12:50 --> [DEPRECATED] Passing lowercase HTTP method "post" is deprecated. Use uppercase HTTP method like "POST". in SYSTEMPATH\Router\RouteCollection.php on line 1027.
 1 SYSTEMPATH\Router\RouteCollection.php(1027): trigger_error('Passing lowercase HTTP method "post" is deprecated. Use uppercase HTTP method like "POST".', 16384)
 2 APPPATH\Config\Routes\AdminRoutes.php(215): CodeIgniter\Router\RouteCollection->match([...], 'send_mail/?(:num)?', 'TicketsController::send_mail/$1')
 3 SYSTEMPATH\Router\RouteCollection.php(800): App\Config\Routes\AdminRoutes::App\Config\Routes\{closure}(Object(CodeIgniter\Router\RouteCollection))
 4 APPPATH\Config\Routes\AdminRoutes.php(212): CodeIgniter\Router\RouteCollection->group('tickets', [...], Object(Closure))
 5 SYSTEMPATH\Router\RouteCollection.php(800): App\Config\Routes\AdminRoutes::App\Config\Routes\{closure}(Object(CodeIgniter\Router\RouteCollection))
 6 APPPATH\Config\Routes\AdminRoutes.php(28): CodeIgniter\Router\RouteCollection->group('admin', [...], Object(Closure))
 7 APPPATH\Config\Routes.php(20): App\Config\Routes\AdminRoutes::init(Object(CodeIgniter\Router\RouteCollection))
 8 SYSTEMPATH\Router\RouteCollection.php(340): require('C:\\xampp\\htdocs\\smartstore\\app\\Config\\Routes.php')
 9 SYSTEMPATH\CodeIgniter.php(823): CodeIgniter\Router\RouteCollection->loadRoutes()
10 SYSTEMPATH\CodeIgniter.php(457): CodeIgniter\CodeIgniter->tryToRouteIt(null)
11 SYSTEMPATH\CodeIgniter.php(355): CodeIgniter\CodeIgniter->handleRequest(null, Object(Config\Cache), false)
12 SYSTEMPATH\Boot.php(325): CodeIgniter\CodeIgniter->run()
13 SYSTEMPATH\Boot.php(67): CodeIgniter\Boot::runCodeIgniter(Object(CodeIgniter\CodeIgniter))
14 FCPATH\index.php(63): CodeIgniter\Boot::bootWeb(Object(Config\Paths))
WARNING - 2025-05-31 18:12:50 --> [DEPRECATED] Passing lowercase HTTP method "get" is deprecated. Use uppercase HTTP method like "GET". in SYSTEMPATH\Router\RouteCollection.php on line 1027.
 1 SYSTEMPATH\Router\RouteCollection.php(1027): trigger_error('Passing lowercase HTTP method "get" is deprecated. Use uppercase HTTP method like "GET".', 16384)
 2 APPPATH\Config\Routes\UserRoutes.php(49): CodeIgniter\Router\RouteCollection->match([...], 'submit_review', 'ClientController::submit_review', [...])
 3 APPPATH\Config\Routes\UserRoutes.php(23): App\Config\Routes\UserRoutes::defineRoutes(Object(CodeIgniter\Router\RouteCollection))
 4 APPPATH\Config\Routes.php(21): App\Config\Routes\UserRoutes::init(Object(CodeIgniter\Router\RouteCollection))
 5 SYSTEMPATH\Router\RouteCollection.php(340): require('C:\\xampp\\htdocs\\smartstore\\app\\Config\\Routes.php')
 6 SYSTEMPATH\CodeIgniter.php(823): CodeIgniter\Router\RouteCollection->loadRoutes()
 7 SYSTEMPATH\CodeIgniter.php(457): CodeIgniter\CodeIgniter->tryToRouteIt(null)
 8 SYSTEMPATH\CodeIgniter.php(355): CodeIgniter\CodeIgniter->handleRequest(null, Object(Config\Cache), false)
 9 SYSTEMPATH\Boot.php(325): CodeIgniter\CodeIgniter->run()
10 SYSTEMPATH\Boot.php(67): CodeIgniter\Boot::runCodeIgniter(Object(CodeIgniter\CodeIgniter))
11 FCPATH\index.php(63): CodeIgniter\Boot::bootWeb(Object(Config\Paths))
WARNING - 2025-05-31 18:12:50 --> [DEPRECATED] Passing lowercase HTTP method "post" is deprecated. Use uppercase HTTP method like "POST". in SYSTEMPATH\Router\RouteCollection.php on line 1027.
 1 SYSTEMPATH\Router\RouteCollection.php(1027): trigger_error('Passing lowercase HTTP method "post" is deprecated. Use uppercase HTTP method like "POST".', 16384)
 2 APPPATH\Config\Routes\UserRoutes.php(49): CodeIgniter\Router\RouteCollection->match([...], 'submit_review', 'ClientController::submit_review', [...])
 3 APPPATH\Config\Routes\UserRoutes.php(23): App\Config\Routes\UserRoutes::defineRoutes(Object(CodeIgniter\Router\RouteCollection))
 4 APPPATH\Config\Routes.php(21): App\Config\Routes\UserRoutes::init(Object(CodeIgniter\Router\RouteCollection))
 5 SYSTEMPATH\Router\RouteCollection.php(340): require('C:\\xampp\\htdocs\\smartstore\\app\\Config\\Routes.php')
 6 SYSTEMPATH\CodeIgniter.php(823): CodeIgniter\Router\RouteCollection->loadRoutes()
 7 SYSTEMPATH\CodeIgniter.php(457): CodeIgniter\CodeIgniter->tryToRouteIt(null)
 8 SYSTEMPATH\CodeIgniter.php(355): CodeIgniter\CodeIgniter->handleRequest(null, Object(Config\Cache), false)
 9 SYSTEMPATH\Boot.php(325): CodeIgniter\CodeIgniter->run()
10 SYSTEMPATH\Boot.php(67): CodeIgniter\Boot::runCodeIgniter(Object(CodeIgniter\CodeIgniter))
11 FCPATH\index.php(63): CodeIgniter\Boot::bootWeb(Object(Config\Paths))
WARNING - 2025-05-31 18:12:50 --> [DEPRECATED] Passing lowercase HTTP method "get" is deprecated. Use uppercase HTTP method like "GET". in SYSTEMPATH\Router\RouteCollection.php on line 1027.
 1 SYSTEMPATH\Router\RouteCollection.php(1027): trigger_error('Passing lowercase HTTP method "get" is deprecated. Use uppercase HTTP method like "GET".', 16384)
 2 APPPATH\Config\Routes\UserRoutes.php(63): CodeIgniter\Router\RouteCollection->match([...], 'track-order', 'OrderController::track_order', [...])
 3 APPPATH\Config\Routes\UserRoutes.php(23): App\Config\Routes\UserRoutes::defineRoutes(Object(CodeIgniter\Router\RouteCollection))
 4 APPPATH\Config\Routes.php(21): App\Config\Routes\UserRoutes::init(Object(CodeIgniter\Router\RouteCollection))
 5 SYSTEMPATH\Router\RouteCollection.php(340): require('C:\\xampp\\htdocs\\smartstore\\app\\Config\\Routes.php')
 6 SYSTEMPATH\CodeIgniter.php(823): CodeIgniter\Router\RouteCollection->loadRoutes()
 7 SYSTEMPATH\CodeIgniter.php(457): CodeIgniter\CodeIgniter->tryToRouteIt(null)
 8 SYSTEMPATH\CodeIgniter.php(355): CodeIgniter\CodeIgniter->handleRequest(null, Object(Config\Cache), false)
 9 SYSTEMPATH\Boot.php(325): CodeIgniter\CodeIgniter->run()
10 SYSTEMPATH\Boot.php(67): CodeIgniter\Boot::runCodeIgniter(Object(CodeIgniter\CodeIgniter))
11 FCPATH\index.php(63): CodeIgniter\Boot::bootWeb(Object(Config\Paths))
WARNING - 2025-05-31 18:12:50 --> [DEPRECATED] Passing lowercase HTTP method "post" is deprecated. Use uppercase HTTP method like "POST". in SYSTEMPATH\Router\RouteCollection.php on line 1027.
 1 SYSTEMPATH\Router\RouteCollection.php(1027): trigger_error('Passing lowercase HTTP method "post" is deprecated. Use uppercase HTTP method like "POST".', 16384)
 2 APPPATH\Config\Routes\UserRoutes.php(63): CodeIgniter\Router\RouteCollection->match([...], 'track-order', 'OrderController::track_order', [...])
 3 APPPATH\Config\Routes\UserRoutes.php(23): App\Config\Routes\UserRoutes::defineRoutes(Object(CodeIgniter\Router\RouteCollection))
 4 APPPATH\Config\Routes.php(21): App\Config\Routes\UserRoutes::init(Object(CodeIgniter\Router\RouteCollection))
 5 SYSTEMPATH\Router\RouteCollection.php(340): require('C:\\xampp\\htdocs\\smartstore\\app\\Config\\Routes.php')
 6 SYSTEMPATH\CodeIgniter.php(823): CodeIgniter\Router\RouteCollection->loadRoutes()
 7 SYSTEMPATH\CodeIgniter.php(457): CodeIgniter\CodeIgniter->tryToRouteIt(null)
 8 SYSTEMPATH\CodeIgniter.php(355): CodeIgniter\CodeIgniter->handleRequest(null, Object(Config\Cache), false)
 9 SYSTEMPATH\Boot.php(325): CodeIgniter\CodeIgniter->run()
10 SYSTEMPATH\Boot.php(67): CodeIgniter\Boot::runCodeIgniter(Object(CodeIgniter\CodeIgniter))
11 FCPATH\index.php(63): CodeIgniter\Boot::bootWeb(Object(Config\Paths))
WARNING - 2025-05-31 18:12:50 --> [DEPRECATED] Passing lowercase HTTP method "get" is deprecated. Use uppercase HTTP method like "GET". in SYSTEMPATH\Router\RouteCollection.php on line 1027.
 1 SYSTEMPATH\Router\RouteCollection.php(1027): trigger_error('Passing lowercase HTTP method "get" is deprecated. Use uppercase HTTP method like "GET".', 16384)
 2 APPPATH\Config\Routes\UserRoutes.php(49): CodeIgniter\Router\RouteCollection->match([...], 'submit_review', 'ClientController::submit_review', [...])
 3 APPPATH\Config\Routes\UserRoutes.php(26): App\Config\Routes\UserRoutes::defineRoutes(Object(CodeIgniter\Router\RouteCollection))
 4 SYSTEMPATH\Router\RouteCollection.php(800): App\Config\Routes\UserRoutes::App\Config\Routes\{closure}(Object(CodeIgniter\Router\RouteCollection))
 5 APPPATH\Config\Routes\UserRoutes.php(25): CodeIgniter\Router\RouteCollection->group('{locale}', Object(Closure))
 6 APPPATH\Config\Routes.php(21): App\Config\Routes\UserRoutes::init(Object(CodeIgniter\Router\RouteCollection))
 7 SYSTEMPATH\Router\RouteCollection.php(340): require('C:\\xampp\\htdocs\\smartstore\\app\\Config\\Routes.php')
 8 SYSTEMPATH\CodeIgniter.php(823): CodeIgniter\Router\RouteCollection->loadRoutes()
 9 SYSTEMPATH\CodeIgniter.php(457): CodeIgniter\CodeIgniter->tryToRouteIt(null)
10 SYSTEMPATH\CodeIgniter.php(355): CodeIgniter\CodeIgniter->handleRequest(null, Object(Config\Cache), false)
11 SYSTEMPATH\Boot.php(325): CodeIgniter\CodeIgniter->run()
12 SYSTEMPATH\Boot.php(67): CodeIgniter\Boot::runCodeIgniter(Object(CodeIgniter\CodeIgniter))
13 FCPATH\index.php(63): CodeIgniter\Boot::bootWeb(Object(Config\Paths))
WARNING - 2025-05-31 18:12:50 --> [DEPRECATED] Passing lowercase HTTP method "post" is deprecated. Use uppercase HTTP method like "POST". in SYSTEMPATH\Router\RouteCollection.php on line 1027.
 1 SYSTEMPATH\Router\RouteCollection.php(1027): trigger_error('Passing lowercase HTTP method "post" is deprecated. Use uppercase HTTP method like "POST".', 16384)
 2 APPPATH\Config\Routes\UserRoutes.php(49): CodeIgniter\Router\RouteCollection->match([...], 'submit_review', 'ClientController::submit_review', [...])
 3 APPPATH\Config\Routes\UserRoutes.php(26): App\Config\Routes\UserRoutes::defineRoutes(Object(CodeIgniter\Router\RouteCollection))
 4 SYSTEMPATH\Router\RouteCollection.php(800): App\Config\Routes\UserRoutes::App\Config\Routes\{closure}(Object(CodeIgniter\Router\RouteCollection))
 5 APPPATH\Config\Routes\UserRoutes.php(25): CodeIgniter\Router\RouteCollection->group('{locale}', Object(Closure))
 6 APPPATH\Config\Routes.php(21): App\Config\Routes\UserRoutes::init(Object(CodeIgniter\Router\RouteCollection))
 7 SYSTEMPATH\Router\RouteCollection.php(340): require('C:\\xampp\\htdocs\\smartstore\\app\\Config\\Routes.php')
 8 SYSTEMPATH\CodeIgniter.php(823): CodeIgniter\Router\RouteCollection->loadRoutes()
 9 SYSTEMPATH\CodeIgniter.php(457): CodeIgniter\CodeIgniter->tryToRouteIt(null)
10 SYSTEMPATH\CodeIgniter.php(355): CodeIgniter\CodeIgniter->handleRequest(null, Object(Config\Cache), false)
11 SYSTEMPATH\Boot.php(325): CodeIgniter\CodeIgniter->run()
12 SYSTEMPATH\Boot.php(67): CodeIgniter\Boot::runCodeIgniter(Object(CodeIgniter\CodeIgniter))
13 FCPATH\index.php(63): CodeIgniter\Boot::bootWeb(Object(Config\Paths))
WARNING - 2025-05-31 18:12:50 --> [DEPRECATED] Passing lowercase HTTP method "get" is deprecated. Use uppercase HTTP method like "GET". in SYSTEMPATH\Router\RouteCollection.php on line 1027.
 1 SYSTEMPATH\Router\RouteCollection.php(1027): trigger_error('Passing lowercase HTTP method "get" is deprecated. Use uppercase HTTP method like "GET".', 16384)
 2 APPPATH\Config\Routes\UserRoutes.php(63): CodeIgniter\Router\RouteCollection->match([...], 'track-order', 'OrderController::track_order', [...])
 3 APPPATH\Config\Routes\UserRoutes.php(26): App\Config\Routes\UserRoutes::defineRoutes(Object(CodeIgniter\Router\RouteCollection))
 4 SYSTEMPATH\Router\RouteCollection.php(800): App\Config\Routes\UserRoutes::App\Config\Routes\{closure}(Object(CodeIgniter\Router\RouteCollection))
 5 APPPATH\Config\Routes\UserRoutes.php(25): CodeIgniter\Router\RouteCollection->group('{locale}', Object(Closure))
 6 APPPATH\Config\Routes.php(21): App\Config\Routes\UserRoutes::init(Object(CodeIgniter\Router\RouteCollection))
 7 SYSTEMPATH\Router\RouteCollection.php(340): require('C:\\xampp\\htdocs\\smartstore\\app\\Config\\Routes.php')
 8 SYSTEMPATH\CodeIgniter.php(823): CodeIgniter\Router\RouteCollection->loadRoutes()
 9 SYSTEMPATH\CodeIgniter.php(457): CodeIgniter\CodeIgniter->tryToRouteIt(null)
10 SYSTEMPATH\CodeIgniter.php(355): CodeIgniter\CodeIgniter->handleRequest(null, Object(Config\Cache), false)
11 SYSTEMPATH\Boot.php(325): CodeIgniter\CodeIgniter->run()
12 SYSTEMPATH\Boot.php(67): CodeIgniter\Boot::runCodeIgniter(Object(CodeIgniter\CodeIgniter))
13 FCPATH\index.php(63): CodeIgniter\Boot::bootWeb(Object(Config\Paths))
WARNING - 2025-05-31 18:12:50 --> [DEPRECATED] Passing lowercase HTTP method "post" is deprecated. Use uppercase HTTP method like "POST". in SYSTEMPATH\Router\RouteCollection.php on line 1027.
 1 SYSTEMPATH\Router\RouteCollection.php(1027): trigger_error('Passing lowercase HTTP method "post" is deprecated. Use uppercase HTTP method like "POST".', 16384)
 2 APPPATH\Config\Routes\UserRoutes.php(63): CodeIgniter\Router\RouteCollection->match([...], 'track-order', 'OrderController::track_order', [...])
 3 APPPATH\Config\Routes\UserRoutes.php(26): App\Config\Routes\UserRoutes::defineRoutes(Object(CodeIgniter\Router\RouteCollection))
 4 SYSTEMPATH\Router\RouteCollection.php(800): App\Config\Routes\UserRoutes::App\Config\Routes\{closure}(Object(CodeIgniter\Router\RouteCollection))
 5 APPPATH\Config\Routes\UserRoutes.php(25): CodeIgniter\Router\RouteCollection->group('{locale}', Object(Closure))
 6 APPPATH\Config\Routes.php(21): App\Config\Routes\UserRoutes::init(Object(CodeIgniter\Router\RouteCollection))
 7 SYSTEMPATH\Router\RouteCollection.php(340): require('C:\\xampp\\htdocs\\smartstore\\app\\Config\\Routes.php')
 8 SYSTEMPATH\CodeIgniter.php(823): CodeIgniter\Router\RouteCollection->loadRoutes()
 9 SYSTEMPATH\CodeIgniter.php(457): CodeIgniter\CodeIgniter->tryToRouteIt(null)
10 SYSTEMPATH\CodeIgniter.php(355): CodeIgniter\CodeIgniter->handleRequest(null, Object(Config\Cache), false)
11 SYSTEMPATH\Boot.php(325): CodeIgniter\CodeIgniter->run()
12 SYSTEMPATH\Boot.php(67): CodeIgniter\Boot::runCodeIgniter(Object(CodeIgniter\CodeIgniter))
13 FCPATH\index.php(63): CodeIgniter\Boot::bootWeb(Object(Config\Paths))
INFO - 2025-05-31 18:12:50 --> Session: Class initialized using 'CodeIgniter\Session\Handlers\FileHandler' driver.
WARNING - 2025-05-31 18:12:50 --> [DEPRECATED] Creation of dynamic property App\Models\Admin\StaffsModel::$blog_posts_lang_builder is deprecated in APPPATH\Models\Admin\MyAdminModel.php on line 15.
 1 APPPATH\Models\Admin\StaffsModel.php(9): App\Models\Admin\MyAdminModel->__construct()
 2 APPPATH\Controllers\Admin\StaffsController.php(19): App\Models\Admin\StaffsModel->__construct()
 3 SYSTEMPATH\CodeIgniter.php(903): App\Controllers\Admin\StaffsController->__construct()
 4 SYSTEMPATH\CodeIgniter.php(500): CodeIgniter\CodeIgniter->createController()
 5 SYSTEMPATH\CodeIgniter.php(355): CodeIgniter\CodeIgniter->handleRequest(null, Object(Config\Cache), false)
 6 SYSTEMPATH\Boot.php(325): CodeIgniter\CodeIgniter->run()
 7 SYSTEMPATH\Boot.php(67): CodeIgniter\Boot::runCodeIgniter(Object(CodeIgniter\CodeIgniter))
 8 FCPATH\index.php(63): CodeIgniter\Boot::bootWeb(Object(Config\Paths))
WARNING - 2025-05-31 18:12:50 --> [DEPRECATED] Creation of dynamic property App\Models\Admin\StaffsModel::$lang_list_builder is deprecated in APPPATH\Models\Admin\MyAdminModel.php on line 16.
 1 APPPATH\Models\Admin\StaffsModel.php(9): App\Models\Admin\MyAdminModel->__construct()
 2 APPPATH\Controllers\Admin\StaffsController.php(19): App\Models\Admin\StaffsModel->__construct()
 3 SYSTEMPATH\CodeIgniter.php(903): App\Controllers\Admin\StaffsController->__construct()
 4 SYSTEMPATH\CodeIgniter.php(500): CodeIgniter\CodeIgniter->createController()
 5 SYSTEMPATH\CodeIgniter.php(355): CodeIgniter\CodeIgniter->handleRequest(null, Object(Config\Cache), false)
 6 SYSTEMPATH\Boot.php(325): CodeIgniter\CodeIgniter->run()
 7 SYSTEMPATH\Boot.php(67): CodeIgniter\Boot::runCodeIgniter(Object(CodeIgniter\CodeIgniter))
 8 FCPATH\index.php(63): CodeIgniter\Boot::bootWeb(Object(Config\Paths))
WARNING - 2025-05-31 18:12:50 --> [DEPRECATED] Creation of dynamic property App\Models\Admin\StaffsModel::$main_table is deprecated in APPPATH\Models\Admin\StaffsModel.php on line 10.
 1 APPPATH\Controllers\Admin\StaffsController.php(19): App\Models\Admin\StaffsModel->__construct()
 2 SYSTEMPATH\CodeIgniter.php(903): App\Controllers\Admin\StaffsController->__construct()
 3 SYSTEMPATH\CodeIgniter.php(500): CodeIgniter\CodeIgniter->createController()
 4 SYSTEMPATH\CodeIgniter.php(355): CodeIgniter\CodeIgniter->handleRequest(null, Object(Config\Cache), false)
 5 SYSTEMPATH\Boot.php(325): CodeIgniter\CodeIgniter->run()
 6 SYSTEMPATH\Boot.php(67): CodeIgniter\Boot::runCodeIgniter(Object(CodeIgniter\CodeIgniter))
 7 FCPATH\index.php(63): CodeIgniter\Boot::bootWeb(Object(Config\Paths))
WARNING - 2025-05-31 18:12:50 --> [DEPRECATED] Creation of dynamic property App\Models\Admin\StaffsModel::$field_search_accepted is deprecated in APPPATH\Models\Admin\StaffsModel.php on line 12.
 1 APPPATH\Controllers\Admin\StaffsController.php(19): App\Models\Admin\StaffsModel->__construct()
 2 SYSTEMPATH\CodeIgniter.php(903): App\Controllers\Admin\StaffsController->__construct()
 3 SYSTEMPATH\CodeIgniter.php(500): CodeIgniter\CodeIgniter->createController()
 4 SYSTEMPATH\CodeIgniter.php(355): CodeIgniter\CodeIgniter->handleRequest(null, Object(Config\Cache), false)
 5 SYSTEMPATH\Boot.php(325): CodeIgniter\CodeIgniter->run()
 6 SYSTEMPATH\Boot.php(67): CodeIgniter\Boot::runCodeIgniter(Object(CodeIgniter\CodeIgniter))
 7 FCPATH\index.php(63): CodeIgniter\Boot::bootWeb(Object(Config\Paths))
WARNING - 2025-05-31 18:12:50 --> [DEPRECATED] Creation of dynamic property App\Requests\Admin\StaffsRequest::$not_allowed_fields_for_js_validate is deprecated in APPPATH\Requests\Admin\MyAdminRequest.php on line 16.
 1 APPPATH\Requests\Admin\StaffsRequest.php(10): App\Requests\Admin\MyAdminRequest->__construct()
 2 APPPATH\Controllers\Admin\StaffsController.php(20): App\Requests\Admin\StaffsRequest->__construct()
 3 SYSTEMPATH\CodeIgniter.php(903): App\Controllers\Admin\StaffsController->__construct()
 4 SYSTEMPATH\CodeIgniter.php(500): CodeIgniter\CodeIgniter->createController()
 5 SYSTEMPATH\CodeIgniter.php(355): CodeIgniter\CodeIgniter->handleRequest(null, Object(Config\Cache), false)
 6 SYSTEMPATH\Boot.php(325): CodeIgniter\CodeIgniter->run()
 7 SYSTEMPATH\Boot.php(67): CodeIgniter\Boot::runCodeIgniter(Object(CodeIgniter\CodeIgniter))
 8 FCPATH\index.php(63): CodeIgniter\Boot::bootWeb(Object(Config\Paths))
WARNING - 2025-05-31 18:17:04 --> [DEPRECATED] Passing lowercase HTTP method "get" is deprecated. Use uppercase HTTP method like "GET". in SYSTEMPATH\Router\RouteCollection.php on line 1027.
 1 SYSTEMPATH\Router\RouteCollection.php(1027): trigger_error('Passing lowercase HTTP method "get" is deprecated. Use uppercase HTTP method like "GET".', 16384)
 2 APPPATH\Config\Routes\AdminRoutes.php(65): CodeIgniter\Router\RouteCollection->match([...], 'send_test_mail', 'SettingsController::send_test_mail')
 3 SYSTEMPATH\Router\RouteCollection.php(800): App\Config\Routes\AdminRoutes::App\Config\Routes\{closure}(Object(CodeIgniter\Router\RouteCollection))
 4 APPPATH\Config\Routes\AdminRoutes.php(63): CodeIgniter\Router\RouteCollection->group('settings', [...], Object(Closure))
 5 SYSTEMPATH\Router\RouteCollection.php(800): App\Config\Routes\AdminRoutes::App\Config\Routes\{closure}(Object(CodeIgniter\Router\RouteCollection))
 6 APPPATH\Config\Routes\AdminRoutes.php(28): CodeIgniter\Router\RouteCollection->group('admin', [...], Object(Closure))
 7 APPPATH\Config\Routes.php(20): App\Config\Routes\AdminRoutes::init(Object(CodeIgniter\Router\RouteCollection))
 8 SYSTEMPATH\Router\RouteCollection.php(340): require('C:\\xampp\\htdocs\\smartstore\\app\\Config\\Routes.php')
 9 SYSTEMPATH\CodeIgniter.php(823): CodeIgniter\Router\RouteCollection->loadRoutes()
10 SYSTEMPATH\CodeIgniter.php(457): CodeIgniter\CodeIgniter->tryToRouteIt(null)
11 SYSTEMPATH\CodeIgniter.php(355): CodeIgniter\CodeIgniter->handleRequest(null, Object(Config\Cache), false)
12 SYSTEMPATH\Boot.php(325): CodeIgniter\CodeIgniter->run()
13 SYSTEMPATH\Boot.php(67): CodeIgniter\Boot::runCodeIgniter(Object(CodeIgniter\CodeIgniter))
14 FCPATH\index.php(63): CodeIgniter\Boot::bootWeb(Object(Config\Paths))
WARNING - 2025-05-31 18:17:04 --> [DEPRECATED] Passing lowercase HTTP method "post" is deprecated. Use uppercase HTTP method like "POST". in SYSTEMPATH\Router\RouteCollection.php on line 1027.
 1 SYSTEMPATH\Router\RouteCollection.php(1027): trigger_error('Passing lowercase HTTP method "post" is deprecated. Use uppercase HTTP method like "POST".', 16384)
 2 APPPATH\Config\Routes\AdminRoutes.php(65): CodeIgniter\Router\RouteCollection->match([...], 'send_test_mail', 'SettingsController::send_test_mail')
 3 SYSTEMPATH\Router\RouteCollection.php(800): App\Config\Routes\AdminRoutes::App\Config\Routes\{closure}(Object(CodeIgniter\Router\RouteCollection))
 4 APPPATH\Config\Routes\AdminRoutes.php(63): CodeIgniter\Router\RouteCollection->group('settings', [...], Object(Closure))
 5 SYSTEMPATH\Router\RouteCollection.php(800): App\Config\Routes\AdminRoutes::App\Config\Routes\{closure}(Object(CodeIgniter\Router\RouteCollection))
 6 APPPATH\Config\Routes\AdminRoutes.php(28): CodeIgniter\Router\RouteCollection->group('admin', [...], Object(Closure))
 7 APPPATH\Config\Routes.php(20): App\Config\Routes\AdminRoutes::init(Object(CodeIgniter\Router\RouteCollection))
 8 SYSTEMPATH\Router\RouteCollection.php(340): require('C:\\xampp\\htdocs\\smartstore\\app\\Config\\Routes.php')
 9 SYSTEMPATH\CodeIgniter.php(823): CodeIgniter\Router\RouteCollection->loadRoutes()
10 SYSTEMPATH\CodeIgniter.php(457): CodeIgniter\CodeIgniter->tryToRouteIt(null)
11 SYSTEMPATH\CodeIgniter.php(355): CodeIgniter\CodeIgniter->handleRequest(null, Object(Config\Cache), false)
12 SYSTEMPATH\Boot.php(325): CodeIgniter\CodeIgniter->run()
13 SYSTEMPATH\Boot.php(67): CodeIgniter\Boot::runCodeIgniter(Object(CodeIgniter\CodeIgniter))
14 FCPATH\index.php(63): CodeIgniter\Boot::bootWeb(Object(Config\Paths))
WARNING - 2025-05-31 18:17:04 --> [DEPRECATED] Passing lowercase HTTP method "get" is deprecated. Use uppercase HTTP method like "GET". in SYSTEMPATH\Router\RouteCollection.php on line 1027.
 1 SYSTEMPATH\Router\RouteCollection.php(1027): trigger_error('Passing lowercase HTTP method "get" is deprecated. Use uppercase HTTP method like "GET".', 16384)
 2 APPPATH\Config\Routes\AdminRoutes.php(76): CodeIgniter\Router\RouteCollection->match([...], 'elfinder_connector', 'FilemanagerController::elfinder_connector')
 3 SYSTEMPATH\Router\RouteCollection.php(800): App\Config\Routes\AdminRoutes::App\Config\Routes\{closure}(Object(CodeIgniter\Router\RouteCollection))
 4 APPPATH\Config\Routes\AdminRoutes.php(73): CodeIgniter\Router\RouteCollection->group('filemanager', [...], Object(Closure))
 5 SYSTEMPATH\Router\RouteCollection.php(800): App\Config\Routes\AdminRoutes::App\Config\Routes\{closure}(Object(CodeIgniter\Router\RouteCollection))
 6 APPPATH\Config\Routes\AdminRoutes.php(28): CodeIgniter\Router\RouteCollection->group('admin', [...], Object(Closure))
 7 APPPATH\Config\Routes.php(20): App\Config\Routes\AdminRoutes::init(Object(CodeIgniter\Router\RouteCollection))
 8 SYSTEMPATH\Router\RouteCollection.php(340): require('C:\\xampp\\htdocs\\smartstore\\app\\Config\\Routes.php')
 9 SYSTEMPATH\CodeIgniter.php(823): CodeIgniter\Router\RouteCollection->loadRoutes()
10 SYSTEMPATH\CodeIgniter.php(457): CodeIgniter\CodeIgniter->tryToRouteIt(null)
11 SYSTEMPATH\CodeIgniter.php(355): CodeIgniter\CodeIgniter->handleRequest(null, Object(Config\Cache), false)
12 SYSTEMPATH\Boot.php(325): CodeIgniter\CodeIgniter->run()
13 SYSTEMPATH\Boot.php(67): CodeIgniter\Boot::runCodeIgniter(Object(CodeIgniter\CodeIgniter))
14 FCPATH\index.php(63): CodeIgniter\Boot::bootWeb(Object(Config\Paths))
WARNING - 2025-05-31 18:17:04 --> [DEPRECATED] Passing lowercase HTTP method "post" is deprecated. Use uppercase HTTP method like "POST". in SYSTEMPATH\Router\RouteCollection.php on line 1027.
 1 SYSTEMPATH\Router\RouteCollection.php(1027): trigger_error('Passing lowercase HTTP method "post" is deprecated. Use uppercase HTTP method like "POST".', 16384)
 2 APPPATH\Config\Routes\AdminRoutes.php(76): CodeIgniter\Router\RouteCollection->match([...], 'elfinder_connector', 'FilemanagerController::elfinder_connector')
 3 SYSTEMPATH\Router\RouteCollection.php(800): App\Config\Routes\AdminRoutes::App\Config\Routes\{closure}(Object(CodeIgniter\Router\RouteCollection))
 4 APPPATH\Config\Routes\AdminRoutes.php(73): CodeIgniter\Router\RouteCollection->group('filemanager', [...], Object(Closure))
 5 SYSTEMPATH\Router\RouteCollection.php(800): App\Config\Routes\AdminRoutes::App\Config\Routes\{closure}(Object(CodeIgniter\Router\RouteCollection))
 6 APPPATH\Config\Routes\AdminRoutes.php(28): CodeIgniter\Router\RouteCollection->group('admin', [...], Object(Closure))
 7 APPPATH\Config\Routes.php(20): App\Config\Routes\AdminRoutes::init(Object(CodeIgniter\Router\RouteCollection))
 8 SYSTEMPATH\Router\RouteCollection.php(340): require('C:\\xampp\\htdocs\\smartstore\\app\\Config\\Routes.php')
 9 SYSTEMPATH\CodeIgniter.php(823): CodeIgniter\Router\RouteCollection->loadRoutes()
10 SYSTEMPATH\CodeIgniter.php(457): CodeIgniter\CodeIgniter->tryToRouteIt(null)
11 SYSTEMPATH\CodeIgniter.php(355): CodeIgniter\CodeIgniter->handleRequest(null, Object(Config\Cache), false)
12 SYSTEMPATH\Boot.php(325): CodeIgniter\CodeIgniter->run()
13 SYSTEMPATH\Boot.php(67): CodeIgniter\Boot::runCodeIgniter(Object(CodeIgniter\CodeIgniter))
14 FCPATH\index.php(63): CodeIgniter\Boot::bootWeb(Object(Config\Paths))
WARNING - 2025-05-31 18:17:05 --> [DEPRECATED] Passing lowercase HTTP method "get" is deprecated. Use uppercase HTTP method like "GET". in SYSTEMPATH\Router\RouteCollection.php on line 1027.
 1 SYSTEMPATH\Router\RouteCollection.php(1027): trigger_error('Passing lowercase HTTP method "get" is deprecated. Use uppercase HTTP method like "GET".', 16384)
 2 APPPATH\Config\Routes\AdminRoutes.php(172): CodeIgniter\Router\RouteCollection->match([...], 'sync_services/?(:num)?', 'ProvidersController::sync_services/$1')
 3 SYSTEMPATH\Router\RouteCollection.php(800): App\Config\Routes\AdminRoutes::App\Config\Routes\{closure}(Object(CodeIgniter\Router\RouteCollection))
 4 APPPATH\Config\Routes\AdminRoutes.php(167): CodeIgniter\Router\RouteCollection->group('providers', [...], Object(Closure))
 5 SYSTEMPATH\Router\RouteCollection.php(800): App\Config\Routes\AdminRoutes::App\Config\Routes\{closure}(Object(CodeIgniter\Router\RouteCollection))
 6 APPPATH\Config\Routes\AdminRoutes.php(28): CodeIgniter\Router\RouteCollection->group('admin', [...], Object(Closure))
 7 APPPATH\Config\Routes.php(20): App\Config\Routes\AdminRoutes::init(Object(CodeIgniter\Router\RouteCollection))
 8 SYSTEMPATH\Router\RouteCollection.php(340): require('C:\\xampp\\htdocs\\smartstore\\app\\Config\\Routes.php')
 9 SYSTEMPATH\CodeIgniter.php(823): CodeIgniter\Router\RouteCollection->loadRoutes()
10 SYSTEMPATH\CodeIgniter.php(457): CodeIgniter\CodeIgniter->tryToRouteIt(null)
11 SYSTEMPATH\CodeIgniter.php(355): CodeIgniter\CodeIgniter->handleRequest(null, Object(Config\Cache), false)
12 SYSTEMPATH\Boot.php(325): CodeIgniter\CodeIgniter->run()
13 SYSTEMPATH\Boot.php(67): CodeIgniter\Boot::runCodeIgniter(Object(CodeIgniter\CodeIgniter))
14 FCPATH\index.php(63): CodeIgniter\Boot::bootWeb(Object(Config\Paths))
WARNING - 2025-05-31 18:17:05 --> [DEPRECATED] Passing lowercase HTTP method "post" is deprecated. Use uppercase HTTP method like "POST". in SYSTEMPATH\Router\RouteCollection.php on line 1027.
 1 SYSTEMPATH\Router\RouteCollection.php(1027): trigger_error('Passing lowercase HTTP method "post" is deprecated. Use uppercase HTTP method like "POST".', 16384)
 2 APPPATH\Config\Routes\AdminRoutes.php(172): CodeIgniter\Router\RouteCollection->match([...], 'sync_services/?(:num)?', 'ProvidersController::sync_services/$1')
 3 SYSTEMPATH\Router\RouteCollection.php(800): App\Config\Routes\AdminRoutes::App\Config\Routes\{closure}(Object(CodeIgniter\Router\RouteCollection))
 4 APPPATH\Config\Routes\AdminRoutes.php(167): CodeIgniter\Router\RouteCollection->group('providers', [...], Object(Closure))
 5 SYSTEMPATH\Router\RouteCollection.php(800): App\Config\Routes\AdminRoutes::App\Config\Routes\{closure}(Object(CodeIgniter\Router\RouteCollection))
 6 APPPATH\Config\Routes\AdminRoutes.php(28): CodeIgniter\Router\RouteCollection->group('admin', [...], Object(Closure))
 7 APPPATH\Config\Routes.php(20): App\Config\Routes\AdminRoutes::init(Object(CodeIgniter\Router\RouteCollection))
 8 SYSTEMPATH\Router\RouteCollection.php(340): require('C:\\xampp\\htdocs\\smartstore\\app\\Config\\Routes.php')
 9 SYSTEMPATH\CodeIgniter.php(823): CodeIgniter\Router\RouteCollection->loadRoutes()
10 SYSTEMPATH\CodeIgniter.php(457): CodeIgniter\CodeIgniter->tryToRouteIt(null)
11 SYSTEMPATH\CodeIgniter.php(355): CodeIgniter\CodeIgniter->handleRequest(null, Object(Config\Cache), false)
12 SYSTEMPATH\Boot.php(325): CodeIgniter\CodeIgniter->run()
13 SYSTEMPATH\Boot.php(67): CodeIgniter\Boot::runCodeIgniter(Object(CodeIgniter\CodeIgniter))
14 FCPATH\index.php(63): CodeIgniter\Boot::bootWeb(Object(Config\Paths))
WARNING - 2025-05-31 18:17:05 --> [DEPRECATED] Passing lowercase HTTP method "get" is deprecated. Use uppercase HTTP method like "GET". in SYSTEMPATH\Router\RouteCollection.php on line 1027.
 1 SYSTEMPATH\Router\RouteCollection.php(1027): trigger_error('Passing lowercase HTTP method "get" is deprecated. Use uppercase HTTP method like "GET".', 16384)
 2 APPPATH\Config\Routes\AdminRoutes.php(185): CodeIgniter\Router\RouteCollection->match([...], 'add_note/?(:num)?', 'UsersController::add_note/$1')
 3 SYSTEMPATH\Router\RouteCollection.php(800): App\Config\Routes\AdminRoutes::App\Config\Routes\{closure}(Object(CodeIgniter\Router\RouteCollection))
 4 APPPATH\Config\Routes\AdminRoutes.php(182): CodeIgniter\Router\RouteCollection->group('users', [...], Object(Closure))
 5 SYSTEMPATH\Router\RouteCollection.php(800): App\Config\Routes\AdminRoutes::App\Config\Routes\{closure}(Object(CodeIgniter\Router\RouteCollection))
 6 APPPATH\Config\Routes\AdminRoutes.php(28): CodeIgniter\Router\RouteCollection->group('admin', [...], Object(Closure))
 7 APPPATH\Config\Routes.php(20): App\Config\Routes\AdminRoutes::init(Object(CodeIgniter\Router\RouteCollection))
 8 SYSTEMPATH\Router\RouteCollection.php(340): require('C:\\xampp\\htdocs\\smartstore\\app\\Config\\Routes.php')
 9 SYSTEMPATH\CodeIgniter.php(823): CodeIgniter\Router\RouteCollection->loadRoutes()
10 SYSTEMPATH\CodeIgniter.php(457): CodeIgniter\CodeIgniter->tryToRouteIt(null)
11 SYSTEMPATH\CodeIgniter.php(355): CodeIgniter\CodeIgniter->handleRequest(null, Object(Config\Cache), false)
12 SYSTEMPATH\Boot.php(325): CodeIgniter\CodeIgniter->run()
13 SYSTEMPATH\Boot.php(67): CodeIgniter\Boot::runCodeIgniter(Object(CodeIgniter\CodeIgniter))
14 FCPATH\index.php(63): CodeIgniter\Boot::bootWeb(Object(Config\Paths))
WARNING - 2025-05-31 18:17:05 --> [DEPRECATED] Passing lowercase HTTP method "post" is deprecated. Use uppercase HTTP method like "POST". in SYSTEMPATH\Router\RouteCollection.php on line 1027.
 1 SYSTEMPATH\Router\RouteCollection.php(1027): trigger_error('Passing lowercase HTTP method "post" is deprecated. Use uppercase HTTP method like "POST".', 16384)
 2 APPPATH\Config\Routes\AdminRoutes.php(185): CodeIgniter\Router\RouteCollection->match([...], 'add_note/?(:num)?', 'UsersController::add_note/$1')
 3 SYSTEMPATH\Router\RouteCollection.php(800): App\Config\Routes\AdminRoutes::App\Config\Routes\{closure}(Object(CodeIgniter\Router\RouteCollection))
 4 APPPATH\Config\Routes\AdminRoutes.php(182): CodeIgniter\Router\RouteCollection->group('users', [...], Object(Closure))
 5 SYSTEMPATH\Router\RouteCollection.php(800): App\Config\Routes\AdminRoutes::App\Config\Routes\{closure}(Object(CodeIgniter\Router\RouteCollection))
 6 APPPATH\Config\Routes\AdminRoutes.php(28): CodeIgniter\Router\RouteCollection->group('admin', [...], Object(Closure))
 7 APPPATH\Config\Routes.php(20): App\Config\Routes\AdminRoutes::init(Object(CodeIgniter\Router\RouteCollection))
 8 SYSTEMPATH\Router\RouteCollection.php(340): require('C:\\xampp\\htdocs\\smartstore\\app\\Config\\Routes.php')
 9 SYSTEMPATH\CodeIgniter.php(823): CodeIgniter\Router\RouteCollection->loadRoutes()
10 SYSTEMPATH\CodeIgniter.php(457): CodeIgniter\CodeIgniter->tryToRouteIt(null)
11 SYSTEMPATH\CodeIgniter.php(355): CodeIgniter\CodeIgniter->handleRequest(null, Object(Config\Cache), false)
12 SYSTEMPATH\Boot.php(325): CodeIgniter\CodeIgniter->run()
13 SYSTEMPATH\Boot.php(67): CodeIgniter\Boot::runCodeIgniter(Object(CodeIgniter\CodeIgniter))
14 FCPATH\index.php(63): CodeIgniter\Boot::bootWeb(Object(Config\Paths))
WARNING - 2025-05-31 18:17:05 --> [DEPRECATED] Passing lowercase HTTP method "get" is deprecated. Use uppercase HTTP method like "GET". in SYSTEMPATH\Router\RouteCollection.php on line 1027.
 1 SYSTEMPATH\Router\RouteCollection.php(1027): trigger_error('Passing lowercase HTTP method "get" is deprecated. Use uppercase HTTP method like "GET".', 16384)
 2 APPPATH\Config\Routes\AdminRoutes.php(186): CodeIgniter\Router\RouteCollection->match([...], 'send_mail/?(:num)?', 'UsersController::send_mail/$1')
 3 SYSTEMPATH\Router\RouteCollection.php(800): App\Config\Routes\AdminRoutes::App\Config\Routes\{closure}(Object(CodeIgniter\Router\RouteCollection))
 4 APPPATH\Config\Routes\AdminRoutes.php(182): CodeIgniter\Router\RouteCollection->group('users', [...], Object(Closure))
 5 SYSTEMPATH\Router\RouteCollection.php(800): App\Config\Routes\AdminRoutes::App\Config\Routes\{closure}(Object(CodeIgniter\Router\RouteCollection))
 6 APPPATH\Config\Routes\AdminRoutes.php(28): CodeIgniter\Router\RouteCollection->group('admin', [...], Object(Closure))
 7 APPPATH\Config\Routes.php(20): App\Config\Routes\AdminRoutes::init(Object(CodeIgniter\Router\RouteCollection))
 8 SYSTEMPATH\Router\RouteCollection.php(340): require('C:\\xampp\\htdocs\\smartstore\\app\\Config\\Routes.php')
 9 SYSTEMPATH\CodeIgniter.php(823): CodeIgniter\Router\RouteCollection->loadRoutes()
10 SYSTEMPATH\CodeIgniter.php(457): CodeIgniter\CodeIgniter->tryToRouteIt(null)
11 SYSTEMPATH\CodeIgniter.php(355): CodeIgniter\CodeIgniter->handleRequest(null, Object(Config\Cache), false)
12 SYSTEMPATH\Boot.php(325): CodeIgniter\CodeIgniter->run()
13 SYSTEMPATH\Boot.php(67): CodeIgniter\Boot::runCodeIgniter(Object(CodeIgniter\CodeIgniter))
14 FCPATH\index.php(63): CodeIgniter\Boot::bootWeb(Object(Config\Paths))
WARNING - 2025-05-31 18:17:05 --> [DEPRECATED] Passing lowercase HTTP method "post" is deprecated. Use uppercase HTTP method like "POST". in SYSTEMPATH\Router\RouteCollection.php on line 1027.
 1 SYSTEMPATH\Router\RouteCollection.php(1027): trigger_error('Passing lowercase HTTP method "post" is deprecated. Use uppercase HTTP method like "POST".', 16384)
 2 APPPATH\Config\Routes\AdminRoutes.php(186): CodeIgniter\Router\RouteCollection->match([...], 'send_mail/?(:num)?', 'UsersController::send_mail/$1')
 3 SYSTEMPATH\Router\RouteCollection.php(800): App\Config\Routes\AdminRoutes::App\Config\Routes\{closure}(Object(CodeIgniter\Router\RouteCollection))
 4 APPPATH\Config\Routes\AdminRoutes.php(182): CodeIgniter\Router\RouteCollection->group('users', [...], Object(Closure))
 5 SYSTEMPATH\Router\RouteCollection.php(800): App\Config\Routes\AdminRoutes::App\Config\Routes\{closure}(Object(CodeIgniter\Router\RouteCollection))
 6 APPPATH\Config\Routes\AdminRoutes.php(28): CodeIgniter\Router\RouteCollection->group('admin', [...], Object(Closure))
 7 APPPATH\Config\Routes.php(20): App\Config\Routes\AdminRoutes::init(Object(CodeIgniter\Router\RouteCollection))
 8 SYSTEMPATH\Router\RouteCollection.php(340): require('C:\\xampp\\htdocs\\smartstore\\app\\Config\\Routes.php')
 9 SYSTEMPATH\CodeIgniter.php(823): CodeIgniter\Router\RouteCollection->loadRoutes()
10 SYSTEMPATH\CodeIgniter.php(457): CodeIgniter\CodeIgniter->tryToRouteIt(null)
11 SYSTEMPATH\CodeIgniter.php(355): CodeIgniter\CodeIgniter->handleRequest(null, Object(Config\Cache), false)
12 SYSTEMPATH\Boot.php(325): CodeIgniter\CodeIgniter->run()
13 SYSTEMPATH\Boot.php(67): CodeIgniter\Boot::runCodeIgniter(Object(CodeIgniter\CodeIgniter))
14 FCPATH\index.php(63): CodeIgniter\Boot::bootWeb(Object(Config\Paths))
WARNING - 2025-05-31 18:17:05 --> [DEPRECATED] Passing lowercase HTTP method "get" is deprecated. Use uppercase HTTP method like "GET". in SYSTEMPATH\Router\RouteCollection.php on line 1027.
 1 SYSTEMPATH\Router\RouteCollection.php(1027): trigger_error('Passing lowercase HTTP method "get" is deprecated. Use uppercase HTTP method like "GET".', 16384)
 2 APPPATH\Config\Routes\AdminRoutes.php(215): CodeIgniter\Router\RouteCollection->match([...], 'send_mail/?(:num)?', 'TicketsController::send_mail/$1')
 3 SYSTEMPATH\Router\RouteCollection.php(800): App\Config\Routes\AdminRoutes::App\Config\Routes\{closure}(Object(CodeIgniter\Router\RouteCollection))
 4 APPPATH\Config\Routes\AdminRoutes.php(212): CodeIgniter\Router\RouteCollection->group('tickets', [...], Object(Closure))
 5 SYSTEMPATH\Router\RouteCollection.php(800): App\Config\Routes\AdminRoutes::App\Config\Routes\{closure}(Object(CodeIgniter\Router\RouteCollection))
 6 APPPATH\Config\Routes\AdminRoutes.php(28): CodeIgniter\Router\RouteCollection->group('admin', [...], Object(Closure))
 7 APPPATH\Config\Routes.php(20): App\Config\Routes\AdminRoutes::init(Object(CodeIgniter\Router\RouteCollection))
 8 SYSTEMPATH\Router\RouteCollection.php(340): require('C:\\xampp\\htdocs\\smartstore\\app\\Config\\Routes.php')
 9 SYSTEMPATH\CodeIgniter.php(823): CodeIgniter\Router\RouteCollection->loadRoutes()
10 SYSTEMPATH\CodeIgniter.php(457): CodeIgniter\CodeIgniter->tryToRouteIt(null)
11 SYSTEMPATH\CodeIgniter.php(355): CodeIgniter\CodeIgniter->handleRequest(null, Object(Config\Cache), false)
12 SYSTEMPATH\Boot.php(325): CodeIgniter\CodeIgniter->run()
13 SYSTEMPATH\Boot.php(67): CodeIgniter\Boot::runCodeIgniter(Object(CodeIgniter\CodeIgniter))
14 FCPATH\index.php(63): CodeIgniter\Boot::bootWeb(Object(Config\Paths))
WARNING - 2025-05-31 18:17:05 --> [DEPRECATED] Passing lowercase HTTP method "post" is deprecated. Use uppercase HTTP method like "POST". in SYSTEMPATH\Router\RouteCollection.php on line 1027.
 1 SYSTEMPATH\Router\RouteCollection.php(1027): trigger_error('Passing lowercase HTTP method "post" is deprecated. Use uppercase HTTP method like "POST".', 16384)
 2 APPPATH\Config\Routes\AdminRoutes.php(215): CodeIgniter\Router\RouteCollection->match([...], 'send_mail/?(:num)?', 'TicketsController::send_mail/$1')
 3 SYSTEMPATH\Router\RouteCollection.php(800): App\Config\Routes\AdminRoutes::App\Config\Routes\{closure}(Object(CodeIgniter\Router\RouteCollection))
 4 APPPATH\Config\Routes\AdminRoutes.php(212): CodeIgniter\Router\RouteCollection->group('tickets', [...], Object(Closure))
 5 SYSTEMPATH\Router\RouteCollection.php(800): App\Config\Routes\AdminRoutes::App\Config\Routes\{closure}(Object(CodeIgniter\Router\RouteCollection))
 6 APPPATH\Config\Routes\AdminRoutes.php(28): CodeIgniter\Router\RouteCollection->group('admin', [...], Object(Closure))
 7 APPPATH\Config\Routes.php(20): App\Config\Routes\AdminRoutes::init(Object(CodeIgniter\Router\RouteCollection))
 8 SYSTEMPATH\Router\RouteCollection.php(340): require('C:\\xampp\\htdocs\\smartstore\\app\\Config\\Routes.php')
 9 SYSTEMPATH\CodeIgniter.php(823): CodeIgniter\Router\RouteCollection->loadRoutes()
10 SYSTEMPATH\CodeIgniter.php(457): CodeIgniter\CodeIgniter->tryToRouteIt(null)
11 SYSTEMPATH\CodeIgniter.php(355): CodeIgniter\CodeIgniter->handleRequest(null, Object(Config\Cache), false)
12 SYSTEMPATH\Boot.php(325): CodeIgniter\CodeIgniter->run()
13 SYSTEMPATH\Boot.php(67): CodeIgniter\Boot::runCodeIgniter(Object(CodeIgniter\CodeIgniter))
14 FCPATH\index.php(63): CodeIgniter\Boot::bootWeb(Object(Config\Paths))
WARNING - 2025-05-31 18:17:05 --> [DEPRECATED] Passing lowercase HTTP method "get" is deprecated. Use uppercase HTTP method like "GET". in SYSTEMPATH\Router\RouteCollection.php on line 1027.
 1 SYSTEMPATH\Router\RouteCollection.php(1027): trigger_error('Passing lowercase HTTP method "get" is deprecated. Use uppercase HTTP method like "GET".', 16384)
 2 APPPATH\Config\Routes\UserRoutes.php(49): CodeIgniter\Router\RouteCollection->match([...], 'submit_review', 'ClientController::submit_review', [...])
 3 APPPATH\Config\Routes\UserRoutes.php(23): App\Config\Routes\UserRoutes::defineRoutes(Object(CodeIgniter\Router\RouteCollection))
 4 APPPATH\Config\Routes.php(21): App\Config\Routes\UserRoutes::init(Object(CodeIgniter\Router\RouteCollection))
 5 SYSTEMPATH\Router\RouteCollection.php(340): require('C:\\xampp\\htdocs\\smartstore\\app\\Config\\Routes.php')
 6 SYSTEMPATH\CodeIgniter.php(823): CodeIgniter\Router\RouteCollection->loadRoutes()
 7 SYSTEMPATH\CodeIgniter.php(457): CodeIgniter\CodeIgniter->tryToRouteIt(null)
 8 SYSTEMPATH\CodeIgniter.php(355): CodeIgniter\CodeIgniter->handleRequest(null, Object(Config\Cache), false)
 9 SYSTEMPATH\Boot.php(325): CodeIgniter\CodeIgniter->run()
10 SYSTEMPATH\Boot.php(67): CodeIgniter\Boot::runCodeIgniter(Object(CodeIgniter\CodeIgniter))
11 FCPATH\index.php(63): CodeIgniter\Boot::bootWeb(Object(Config\Paths))
WARNING - 2025-05-31 18:17:05 --> [DEPRECATED] Passing lowercase HTTP method "post" is deprecated. Use uppercase HTTP method like "POST". in SYSTEMPATH\Router\RouteCollection.php on line 1027.
 1 SYSTEMPATH\Router\RouteCollection.php(1027): trigger_error('Passing lowercase HTTP method "post" is deprecated. Use uppercase HTTP method like "POST".', 16384)
 2 APPPATH\Config\Routes\UserRoutes.php(49): CodeIgniter\Router\RouteCollection->match([...], 'submit_review', 'ClientController::submit_review', [...])
 3 APPPATH\Config\Routes\UserRoutes.php(23): App\Config\Routes\UserRoutes::defineRoutes(Object(CodeIgniter\Router\RouteCollection))
 4 APPPATH\Config\Routes.php(21): App\Config\Routes\UserRoutes::init(Object(CodeIgniter\Router\RouteCollection))
 5 SYSTEMPATH\Router\RouteCollection.php(340): require('C:\\xampp\\htdocs\\smartstore\\app\\Config\\Routes.php')
 6 SYSTEMPATH\CodeIgniter.php(823): CodeIgniter\Router\RouteCollection->loadRoutes()
 7 SYSTEMPATH\CodeIgniter.php(457): CodeIgniter\CodeIgniter->tryToRouteIt(null)
 8 SYSTEMPATH\CodeIgniter.php(355): CodeIgniter\CodeIgniter->handleRequest(null, Object(Config\Cache), false)
 9 SYSTEMPATH\Boot.php(325): CodeIgniter\CodeIgniter->run()
10 SYSTEMPATH\Boot.php(67): CodeIgniter\Boot::runCodeIgniter(Object(CodeIgniter\CodeIgniter))
11 FCPATH\index.php(63): CodeIgniter\Boot::bootWeb(Object(Config\Paths))
WARNING - 2025-05-31 18:17:05 --> [DEPRECATED] Passing lowercase HTTP method "get" is deprecated. Use uppercase HTTP method like "GET". in SYSTEMPATH\Router\RouteCollection.php on line 1027.
 1 SYSTEMPATH\Router\RouteCollection.php(1027): trigger_error('Passing lowercase HTTP method "get" is deprecated. Use uppercase HTTP method like "GET".', 16384)
 2 APPPATH\Config\Routes\UserRoutes.php(63): CodeIgniter\Router\RouteCollection->match([...], 'track-order', 'OrderController::track_order', [...])
 3 APPPATH\Config\Routes\UserRoutes.php(23): App\Config\Routes\UserRoutes::defineRoutes(Object(CodeIgniter\Router\RouteCollection))
 4 APPPATH\Config\Routes.php(21): App\Config\Routes\UserRoutes::init(Object(CodeIgniter\Router\RouteCollection))
 5 SYSTEMPATH\Router\RouteCollection.php(340): require('C:\\xampp\\htdocs\\smartstore\\app\\Config\\Routes.php')
 6 SYSTEMPATH\CodeIgniter.php(823): CodeIgniter\Router\RouteCollection->loadRoutes()
 7 SYSTEMPATH\CodeIgniter.php(457): CodeIgniter\CodeIgniter->tryToRouteIt(null)
 8 SYSTEMPATH\CodeIgniter.php(355): CodeIgniter\CodeIgniter->handleRequest(null, Object(Config\Cache), false)
 9 SYSTEMPATH\Boot.php(325): CodeIgniter\CodeIgniter->run()
10 SYSTEMPATH\Boot.php(67): CodeIgniter\Boot::runCodeIgniter(Object(CodeIgniter\CodeIgniter))
11 FCPATH\index.php(63): CodeIgniter\Boot::bootWeb(Object(Config\Paths))
WARNING - 2025-05-31 18:17:05 --> [DEPRECATED] Passing lowercase HTTP method "post" is deprecated. Use uppercase HTTP method like "POST". in SYSTEMPATH\Router\RouteCollection.php on line 1027.
 1 SYSTEMPATH\Router\RouteCollection.php(1027): trigger_error('Passing lowercase HTTP method "post" is deprecated. Use uppercase HTTP method like "POST".', 16384)
 2 APPPATH\Config\Routes\UserRoutes.php(63): CodeIgniter\Router\RouteCollection->match([...], 'track-order', 'OrderController::track_order', [...])
 3 APPPATH\Config\Routes\UserRoutes.php(23): App\Config\Routes\UserRoutes::defineRoutes(Object(CodeIgniter\Router\RouteCollection))
 4 APPPATH\Config\Routes.php(21): App\Config\Routes\UserRoutes::init(Object(CodeIgniter\Router\RouteCollection))
 5 SYSTEMPATH\Router\RouteCollection.php(340): require('C:\\xampp\\htdocs\\smartstore\\app\\Config\\Routes.php')
 6 SYSTEMPATH\CodeIgniter.php(823): CodeIgniter\Router\RouteCollection->loadRoutes()
 7 SYSTEMPATH\CodeIgniter.php(457): CodeIgniter\CodeIgniter->tryToRouteIt(null)
 8 SYSTEMPATH\CodeIgniter.php(355): CodeIgniter\CodeIgniter->handleRequest(null, Object(Config\Cache), false)
 9 SYSTEMPATH\Boot.php(325): CodeIgniter\CodeIgniter->run()
10 SYSTEMPATH\Boot.php(67): CodeIgniter\Boot::runCodeIgniter(Object(CodeIgniter\CodeIgniter))
11 FCPATH\index.php(63): CodeIgniter\Boot::bootWeb(Object(Config\Paths))
WARNING - 2025-05-31 18:17:05 --> [DEPRECATED] Passing lowercase HTTP method "get" is deprecated. Use uppercase HTTP method like "GET". in SYSTEMPATH\Router\RouteCollection.php on line 1027.
 1 SYSTEMPATH\Router\RouteCollection.php(1027): trigger_error('Passing lowercase HTTP method "get" is deprecated. Use uppercase HTTP method like "GET".', 16384)
 2 APPPATH\Config\Routes\UserRoutes.php(49): CodeIgniter\Router\RouteCollection->match([...], 'submit_review', 'ClientController::submit_review', [...])
 3 APPPATH\Config\Routes\UserRoutes.php(26): App\Config\Routes\UserRoutes::defineRoutes(Object(CodeIgniter\Router\RouteCollection))
 4 SYSTEMPATH\Router\RouteCollection.php(800): App\Config\Routes\UserRoutes::App\Config\Routes\{closure}(Object(CodeIgniter\Router\RouteCollection))
 5 APPPATH\Config\Routes\UserRoutes.php(25): CodeIgniter\Router\RouteCollection->group('{locale}', Object(Closure))
 6 APPPATH\Config\Routes.php(21): App\Config\Routes\UserRoutes::init(Object(CodeIgniter\Router\RouteCollection))
 7 SYSTEMPATH\Router\RouteCollection.php(340): require('C:\\xampp\\htdocs\\smartstore\\app\\Config\\Routes.php')
 8 SYSTEMPATH\CodeIgniter.php(823): CodeIgniter\Router\RouteCollection->loadRoutes()
 9 SYSTEMPATH\CodeIgniter.php(457): CodeIgniter\CodeIgniter->tryToRouteIt(null)
10 SYSTEMPATH\CodeIgniter.php(355): CodeIgniter\CodeIgniter->handleRequest(null, Object(Config\Cache), false)
11 SYSTEMPATH\Boot.php(325): CodeIgniter\CodeIgniter->run()
12 SYSTEMPATH\Boot.php(67): CodeIgniter\Boot::runCodeIgniter(Object(CodeIgniter\CodeIgniter))
13 FCPATH\index.php(63): CodeIgniter\Boot::bootWeb(Object(Config\Paths))
WARNING - 2025-05-31 18:17:05 --> [DEPRECATED] Passing lowercase HTTP method "post" is deprecated. Use uppercase HTTP method like "POST". in SYSTEMPATH\Router\RouteCollection.php on line 1027.
 1 SYSTEMPATH\Router\RouteCollection.php(1027): trigger_error('Passing lowercase HTTP method "post" is deprecated. Use uppercase HTTP method like "POST".', 16384)
 2 APPPATH\Config\Routes\UserRoutes.php(49): CodeIgniter\Router\RouteCollection->match([...], 'submit_review', 'ClientController::submit_review', [...])
 3 APPPATH\Config\Routes\UserRoutes.php(26): App\Config\Routes\UserRoutes::defineRoutes(Object(CodeIgniter\Router\RouteCollection))
 4 SYSTEMPATH\Router\RouteCollection.php(800): App\Config\Routes\UserRoutes::App\Config\Routes\{closure}(Object(CodeIgniter\Router\RouteCollection))
 5 APPPATH\Config\Routes\UserRoutes.php(25): CodeIgniter\Router\RouteCollection->group('{locale}', Object(Closure))
 6 APPPATH\Config\Routes.php(21): App\Config\Routes\UserRoutes::init(Object(CodeIgniter\Router\RouteCollection))
 7 SYSTEMPATH\Router\RouteCollection.php(340): require('C:\\xampp\\htdocs\\smartstore\\app\\Config\\Routes.php')
 8 SYSTEMPATH\CodeIgniter.php(823): CodeIgniter\Router\RouteCollection->loadRoutes()
 9 SYSTEMPATH\CodeIgniter.php(457): CodeIgniter\CodeIgniter->tryToRouteIt(null)
10 SYSTEMPATH\CodeIgniter.php(355): CodeIgniter\CodeIgniter->handleRequest(null, Object(Config\Cache), false)
11 SYSTEMPATH\Boot.php(325): CodeIgniter\CodeIgniter->run()
12 SYSTEMPATH\Boot.php(67): CodeIgniter\Boot::runCodeIgniter(Object(CodeIgniter\CodeIgniter))
13 FCPATH\index.php(63): CodeIgniter\Boot::bootWeb(Object(Config\Paths))
WARNING - 2025-05-31 18:17:05 --> [DEPRECATED] Passing lowercase HTTP method "get" is deprecated. Use uppercase HTTP method like "GET". in SYSTEMPATH\Router\RouteCollection.php on line 1027.
 1 SYSTEMPATH\Router\RouteCollection.php(1027): trigger_error('Passing lowercase HTTP method "get" is deprecated. Use uppercase HTTP method like "GET".', 16384)
 2 APPPATH\Config\Routes\UserRoutes.php(63): CodeIgniter\Router\RouteCollection->match([...], 'track-order', 'OrderController::track_order', [...])
 3 APPPATH\Config\Routes\UserRoutes.php(26): App\Config\Routes\UserRoutes::defineRoutes(Object(CodeIgniter\Router\RouteCollection))
 4 SYSTEMPATH\Router\RouteCollection.php(800): App\Config\Routes\UserRoutes::App\Config\Routes\{closure}(Object(CodeIgniter\Router\RouteCollection))
 5 APPPATH\Config\Routes\UserRoutes.php(25): CodeIgniter\Router\RouteCollection->group('{locale}', Object(Closure))
 6 APPPATH\Config\Routes.php(21): App\Config\Routes\UserRoutes::init(Object(CodeIgniter\Router\RouteCollection))
 7 SYSTEMPATH\Router\RouteCollection.php(340): require('C:\\xampp\\htdocs\\smartstore\\app\\Config\\Routes.php')
 8 SYSTEMPATH\CodeIgniter.php(823): CodeIgniter\Router\RouteCollection->loadRoutes()
 9 SYSTEMPATH\CodeIgniter.php(457): CodeIgniter\CodeIgniter->tryToRouteIt(null)
10 SYSTEMPATH\CodeIgniter.php(355): CodeIgniter\CodeIgniter->handleRequest(null, Object(Config\Cache), false)
11 SYSTEMPATH\Boot.php(325): CodeIgniter\CodeIgniter->run()
12 SYSTEMPATH\Boot.php(67): CodeIgniter\Boot::runCodeIgniter(Object(CodeIgniter\CodeIgniter))
13 FCPATH\index.php(63): CodeIgniter\Boot::bootWeb(Object(Config\Paths))
WARNING - 2025-05-31 18:17:05 --> [DEPRECATED] Passing lowercase HTTP method "post" is deprecated. Use uppercase HTTP method like "POST". in SYSTEMPATH\Router\RouteCollection.php on line 1027.
 1 SYSTEMPATH\Router\RouteCollection.php(1027): trigger_error('Passing lowercase HTTP method "post" is deprecated. Use uppercase HTTP method like "POST".', 16384)
 2 APPPATH\Config\Routes\UserRoutes.php(63): CodeIgniter\Router\RouteCollection->match([...], 'track-order', 'OrderController::track_order', [...])
 3 APPPATH\Config\Routes\UserRoutes.php(26): App\Config\Routes\UserRoutes::defineRoutes(Object(CodeIgniter\Router\RouteCollection))
 4 SYSTEMPATH\Router\RouteCollection.php(800): App\Config\Routes\UserRoutes::App\Config\Routes\{closure}(Object(CodeIgniter\Router\RouteCollection))
 5 APPPATH\Config\Routes\UserRoutes.php(25): CodeIgniter\Router\RouteCollection->group('{locale}', Object(Closure))
 6 APPPATH\Config\Routes.php(21): App\Config\Routes\UserRoutes::init(Object(CodeIgniter\Router\RouteCollection))
 7 SYSTEMPATH\Router\RouteCollection.php(340): require('C:\\xampp\\htdocs\\smartstore\\app\\Config\\Routes.php')
 8 SYSTEMPATH\CodeIgniter.php(823): CodeIgniter\Router\RouteCollection->loadRoutes()
 9 SYSTEMPATH\CodeIgniter.php(457): CodeIgniter\CodeIgniter->tryToRouteIt(null)
10 SYSTEMPATH\CodeIgniter.php(355): CodeIgniter\CodeIgniter->handleRequest(null, Object(Config\Cache), false)
11 SYSTEMPATH\Boot.php(325): CodeIgniter\CodeIgniter->run()
12 SYSTEMPATH\Boot.php(67): CodeIgniter\Boot::runCodeIgniter(Object(CodeIgniter\CodeIgniter))
13 FCPATH\index.php(63): CodeIgniter\Boot::bootWeb(Object(Config\Paths))
INFO - 2025-05-31 18:17:05 --> CSRF token verified.
INFO - 2025-05-31 18:17:05 --> Session: Class initialized using 'CodeIgniter\Session\Handlers\FileHandler' driver.
WARNING - 2025-05-31 18:17:05 --> [DEPRECATED] Creation of dynamic property App\Models\Admin\StaffsModel::$blog_posts_lang_builder is deprecated in APPPATH\Models\Admin\MyAdminModel.php on line 15.
 1 APPPATH\Models\Admin\StaffsModel.php(9): App\Models\Admin\MyAdminModel->__construct()
 2 APPPATH\Controllers\Admin\StaffsController.php(19): App\Models\Admin\StaffsModel->__construct()
 3 SYSTEMPATH\CodeIgniter.php(903): App\Controllers\Admin\StaffsController->__construct()
 4 SYSTEMPATH\CodeIgniter.php(500): CodeIgniter\CodeIgniter->createController()
 5 SYSTEMPATH\CodeIgniter.php(355): CodeIgniter\CodeIgniter->handleRequest(null, Object(Config\Cache), false)
 6 SYSTEMPATH\Boot.php(325): CodeIgniter\CodeIgniter->run()
 7 SYSTEMPATH\Boot.php(67): CodeIgniter\Boot::runCodeIgniter(Object(CodeIgniter\CodeIgniter))
 8 FCPATH\index.php(63): CodeIgniter\Boot::bootWeb(Object(Config\Paths))
WARNING - 2025-05-31 18:17:05 --> [DEPRECATED] Creation of dynamic property App\Models\Admin\StaffsModel::$lang_list_builder is deprecated in APPPATH\Models\Admin\MyAdminModel.php on line 16.
 1 APPPATH\Models\Admin\StaffsModel.php(9): App\Models\Admin\MyAdminModel->__construct()
 2 APPPATH\Controllers\Admin\StaffsController.php(19): App\Models\Admin\StaffsModel->__construct()
 3 SYSTEMPATH\CodeIgniter.php(903): App\Controllers\Admin\StaffsController->__construct()
 4 SYSTEMPATH\CodeIgniter.php(500): CodeIgniter\CodeIgniter->createController()
 5 SYSTEMPATH\CodeIgniter.php(355): CodeIgniter\CodeIgniter->handleRequest(null, Object(Config\Cache), false)
 6 SYSTEMPATH\Boot.php(325): CodeIgniter\CodeIgniter->run()
 7 SYSTEMPATH\Boot.php(67): CodeIgniter\Boot::runCodeIgniter(Object(CodeIgniter\CodeIgniter))
 8 FCPATH\index.php(63): CodeIgniter\Boot::bootWeb(Object(Config\Paths))
WARNING - 2025-05-31 18:17:05 --> [DEPRECATED] Creation of dynamic property App\Models\Admin\StaffsModel::$main_table is deprecated in APPPATH\Models\Admin\StaffsModel.php on line 10.
 1 APPPATH\Controllers\Admin\StaffsController.php(19): App\Models\Admin\StaffsModel->__construct()
 2 SYSTEMPATH\CodeIgniter.php(903): App\Controllers\Admin\StaffsController->__construct()
 3 SYSTEMPATH\CodeIgniter.php(500): CodeIgniter\CodeIgniter->createController()
 4 SYSTEMPATH\CodeIgniter.php(355): CodeIgniter\CodeIgniter->handleRequest(null, Object(Config\Cache), false)
 5 SYSTEMPATH\Boot.php(325): CodeIgniter\CodeIgniter->run()
 6 SYSTEMPATH\Boot.php(67): CodeIgniter\Boot::runCodeIgniter(Object(CodeIgniter\CodeIgniter))
 7 FCPATH\index.php(63): CodeIgniter\Boot::bootWeb(Object(Config\Paths))
WARNING - 2025-05-31 18:17:05 --> [DEPRECATED] Creation of dynamic property App\Models\Admin\StaffsModel::$field_search_accepted is deprecated in APPPATH\Models\Admin\StaffsModel.php on line 12.
 1 APPPATH\Controllers\Admin\StaffsController.php(19): App\Models\Admin\StaffsModel->__construct()
 2 SYSTEMPATH\CodeIgniter.php(903): App\Controllers\Admin\StaffsController->__construct()
 3 SYSTEMPATH\CodeIgniter.php(500): CodeIgniter\CodeIgniter->createController()
 4 SYSTEMPATH\CodeIgniter.php(355): CodeIgniter\CodeIgniter->handleRequest(null, Object(Config\Cache), false)
 5 SYSTEMPATH\Boot.php(325): CodeIgniter\CodeIgniter->run()
 6 SYSTEMPATH\Boot.php(67): CodeIgniter\Boot::runCodeIgniter(Object(CodeIgniter\CodeIgniter))
 7 FCPATH\index.php(63): CodeIgniter\Boot::bootWeb(Object(Config\Paths))
WARNING - 2025-05-31 18:17:05 --> [DEPRECATED] Creation of dynamic property App\Requests\Admin\StaffsRequest::$not_allowed_fields_for_js_validate is deprecated in APPPATH\Requests\Admin\MyAdminRequest.php on line 16.
 1 APPPATH\Requests\Admin\StaffsRequest.php(10): App\Requests\Admin\MyAdminRequest->__construct()
 2 APPPATH\Controllers\Admin\StaffsController.php(20): App\Requests\Admin\StaffsRequest->__construct()
 3 SYSTEMPATH\CodeIgniter.php(903): App\Controllers\Admin\StaffsController->__construct()
 4 SYSTEMPATH\CodeIgniter.php(500): CodeIgniter\CodeIgniter->createController()
 5 SYSTEMPATH\CodeIgniter.php(355): CodeIgniter\CodeIgniter->handleRequest(null, Object(Config\Cache), false)
 6 SYSTEMPATH\Boot.php(325): CodeIgniter\CodeIgniter->run()
 7 SYSTEMPATH\Boot.php(67): CodeIgniter\Boot::runCodeIgniter(Object(CodeIgniter\CodeIgniter))
 8 FCPATH\index.php(63): CodeIgniter\Boot::bootWeb(Object(Config\Paths))
WARNING - 2025-05-31 18:18:06 --> [DEPRECATED] Passing lowercase HTTP method "get" is deprecated. Use uppercase HTTP method like "GET". in SYSTEMPATH\Router\RouteCollection.php on line 1027.
 1 SYSTEMPATH\Router\RouteCollection.php(1027): trigger_error('Passing lowercase HTTP method "get" is deprecated. Use uppercase HTTP method like "GET".', 16384)
 2 APPPATH\Config\Routes\AdminRoutes.php(65): CodeIgniter\Router\RouteCollection->match([...], 'send_test_mail', 'SettingsController::send_test_mail')
 3 SYSTEMPATH\Router\RouteCollection.php(800): App\Config\Routes\AdminRoutes::App\Config\Routes\{closure}(Object(CodeIgniter\Router\RouteCollection))
 4 APPPATH\Config\Routes\AdminRoutes.php(63): CodeIgniter\Router\RouteCollection->group('settings', [...], Object(Closure))
 5 SYSTEMPATH\Router\RouteCollection.php(800): App\Config\Routes\AdminRoutes::App\Config\Routes\{closure}(Object(CodeIgniter\Router\RouteCollection))
 6 APPPATH\Config\Routes\AdminRoutes.php(28): CodeIgniter\Router\RouteCollection->group('admin', [...], Object(Closure))
 7 APPPATH\Config\Routes.php(20): App\Config\Routes\AdminRoutes::init(Object(CodeIgniter\Router\RouteCollection))
 8 SYSTEMPATH\Router\RouteCollection.php(340): require('C:\\xampp\\htdocs\\smartstore\\app\\Config\\Routes.php')
 9 SYSTEMPATH\CodeIgniter.php(823): CodeIgniter\Router\RouteCollection->loadRoutes()
10 SYSTEMPATH\CodeIgniter.php(457): CodeIgniter\CodeIgniter->tryToRouteIt(null)
11 SYSTEMPATH\CodeIgniter.php(355): CodeIgniter\CodeIgniter->handleRequest(null, Object(Config\Cache), false)
12 SYSTEMPATH\Boot.php(325): CodeIgniter\CodeIgniter->run()
13 SYSTEMPATH\Boot.php(67): CodeIgniter\Boot::runCodeIgniter(Object(CodeIgniter\CodeIgniter))
14 FCPATH\index.php(63): CodeIgniter\Boot::bootWeb(Object(Config\Paths))
WARNING - 2025-05-31 18:18:06 --> [DEPRECATED] Passing lowercase HTTP method "post" is deprecated. Use uppercase HTTP method like "POST". in SYSTEMPATH\Router\RouteCollection.php on line 1027.
 1 SYSTEMPATH\Router\RouteCollection.php(1027): trigger_error('Passing lowercase HTTP method "post" is deprecated. Use uppercase HTTP method like "POST".', 16384)
 2 APPPATH\Config\Routes\AdminRoutes.php(65): CodeIgniter\Router\RouteCollection->match([...], 'send_test_mail', 'SettingsController::send_test_mail')
 3 SYSTEMPATH\Router\RouteCollection.php(800): App\Config\Routes\AdminRoutes::App\Config\Routes\{closure}(Object(CodeIgniter\Router\RouteCollection))
 4 APPPATH\Config\Routes\AdminRoutes.php(63): CodeIgniter\Router\RouteCollection->group('settings', [...], Object(Closure))
 5 SYSTEMPATH\Router\RouteCollection.php(800): App\Config\Routes\AdminRoutes::App\Config\Routes\{closure}(Object(CodeIgniter\Router\RouteCollection))
 6 APPPATH\Config\Routes\AdminRoutes.php(28): CodeIgniter\Router\RouteCollection->group('admin', [...], Object(Closure))
 7 APPPATH\Config\Routes.php(20): App\Config\Routes\AdminRoutes::init(Object(CodeIgniter\Router\RouteCollection))
 8 SYSTEMPATH\Router\RouteCollection.php(340): require('C:\\xampp\\htdocs\\smartstore\\app\\Config\\Routes.php')
 9 SYSTEMPATH\CodeIgniter.php(823): CodeIgniter\Router\RouteCollection->loadRoutes()
10 SYSTEMPATH\CodeIgniter.php(457): CodeIgniter\CodeIgniter->tryToRouteIt(null)
11 SYSTEMPATH\CodeIgniter.php(355): CodeIgniter\CodeIgniter->handleRequest(null, Object(Config\Cache), false)
12 SYSTEMPATH\Boot.php(325): CodeIgniter\CodeIgniter->run()
13 SYSTEMPATH\Boot.php(67): CodeIgniter\Boot::runCodeIgniter(Object(CodeIgniter\CodeIgniter))
14 FCPATH\index.php(63): CodeIgniter\Boot::bootWeb(Object(Config\Paths))
WARNING - 2025-05-31 18:18:06 --> [DEPRECATED] Passing lowercase HTTP method "get" is deprecated. Use uppercase HTTP method like "GET". in SYSTEMPATH\Router\RouteCollection.php on line 1027.
 1 SYSTEMPATH\Router\RouteCollection.php(1027): trigger_error('Passing lowercase HTTP method "get" is deprecated. Use uppercase HTTP method like "GET".', 16384)
 2 APPPATH\Config\Routes\AdminRoutes.php(76): CodeIgniter\Router\RouteCollection->match([...], 'elfinder_connector', 'FilemanagerController::elfinder_connector')
 3 SYSTEMPATH\Router\RouteCollection.php(800): App\Config\Routes\AdminRoutes::App\Config\Routes\{closure}(Object(CodeIgniter\Router\RouteCollection))
 4 APPPATH\Config\Routes\AdminRoutes.php(73): CodeIgniter\Router\RouteCollection->group('filemanager', [...], Object(Closure))
 5 SYSTEMPATH\Router\RouteCollection.php(800): App\Config\Routes\AdminRoutes::App\Config\Routes\{closure}(Object(CodeIgniter\Router\RouteCollection))
 6 APPPATH\Config\Routes\AdminRoutes.php(28): CodeIgniter\Router\RouteCollection->group('admin', [...], Object(Closure))
 7 APPPATH\Config\Routes.php(20): App\Config\Routes\AdminRoutes::init(Object(CodeIgniter\Router\RouteCollection))
 8 SYSTEMPATH\Router\RouteCollection.php(340): require('C:\\xampp\\htdocs\\smartstore\\app\\Config\\Routes.php')
 9 SYSTEMPATH\CodeIgniter.php(823): CodeIgniter\Router\RouteCollection->loadRoutes()
10 SYSTEMPATH\CodeIgniter.php(457): CodeIgniter\CodeIgniter->tryToRouteIt(null)
11 SYSTEMPATH\CodeIgniter.php(355): CodeIgniter\CodeIgniter->handleRequest(null, Object(Config\Cache), false)
12 SYSTEMPATH\Boot.php(325): CodeIgniter\CodeIgniter->run()
13 SYSTEMPATH\Boot.php(67): CodeIgniter\Boot::runCodeIgniter(Object(CodeIgniter\CodeIgniter))
14 FCPATH\index.php(63): CodeIgniter\Boot::bootWeb(Object(Config\Paths))
WARNING - 2025-05-31 18:18:06 --> [DEPRECATED] Passing lowercase HTTP method "post" is deprecated. Use uppercase HTTP method like "POST". in SYSTEMPATH\Router\RouteCollection.php on line 1027.
 1 SYSTEMPATH\Router\RouteCollection.php(1027): trigger_error('Passing lowercase HTTP method "post" is deprecated. Use uppercase HTTP method like "POST".', 16384)
 2 APPPATH\Config\Routes\AdminRoutes.php(76): CodeIgniter\Router\RouteCollection->match([...], 'elfinder_connector', 'FilemanagerController::elfinder_connector')
 3 SYSTEMPATH\Router\RouteCollection.php(800): App\Config\Routes\AdminRoutes::App\Config\Routes\{closure}(Object(CodeIgniter\Router\RouteCollection))
 4 APPPATH\Config\Routes\AdminRoutes.php(73): CodeIgniter\Router\RouteCollection->group('filemanager', [...], Object(Closure))
 5 SYSTEMPATH\Router\RouteCollection.php(800): App\Config\Routes\AdminRoutes::App\Config\Routes\{closure}(Object(CodeIgniter\Router\RouteCollection))
 6 APPPATH\Config\Routes\AdminRoutes.php(28): CodeIgniter\Router\RouteCollection->group('admin', [...], Object(Closure))
 7 APPPATH\Config\Routes.php(20): App\Config\Routes\AdminRoutes::init(Object(CodeIgniter\Router\RouteCollection))
 8 SYSTEMPATH\Router\RouteCollection.php(340): require('C:\\xampp\\htdocs\\smartstore\\app\\Config\\Routes.php')
 9 SYSTEMPATH\CodeIgniter.php(823): CodeIgniter\Router\RouteCollection->loadRoutes()
10 SYSTEMPATH\CodeIgniter.php(457): CodeIgniter\CodeIgniter->tryToRouteIt(null)
11 SYSTEMPATH\CodeIgniter.php(355): CodeIgniter\CodeIgniter->handleRequest(null, Object(Config\Cache), false)
12 SYSTEMPATH\Boot.php(325): CodeIgniter\CodeIgniter->run()
13 SYSTEMPATH\Boot.php(67): CodeIgniter\Boot::runCodeIgniter(Object(CodeIgniter\CodeIgniter))
14 FCPATH\index.php(63): CodeIgniter\Boot::bootWeb(Object(Config\Paths))
WARNING - 2025-05-31 18:18:06 --> [DEPRECATED] Passing lowercase HTTP method "get" is deprecated. Use uppercase HTTP method like "GET". in SYSTEMPATH\Router\RouteCollection.php on line 1027.
 1 SYSTEMPATH\Router\RouteCollection.php(1027): trigger_error('Passing lowercase HTTP method "get" is deprecated. Use uppercase HTTP method like "GET".', 16384)
 2 APPPATH\Config\Routes\AdminRoutes.php(172): CodeIgniter\Router\RouteCollection->match([...], 'sync_services/?(:num)?', 'ProvidersController::sync_services/$1')
 3 SYSTEMPATH\Router\RouteCollection.php(800): App\Config\Routes\AdminRoutes::App\Config\Routes\{closure}(Object(CodeIgniter\Router\RouteCollection))
 4 APPPATH\Config\Routes\AdminRoutes.php(167): CodeIgniter\Router\RouteCollection->group('providers', [...], Object(Closure))
 5 SYSTEMPATH\Router\RouteCollection.php(800): App\Config\Routes\AdminRoutes::App\Config\Routes\{closure}(Object(CodeIgniter\Router\RouteCollection))
 6 APPPATH\Config\Routes\AdminRoutes.php(28): CodeIgniter\Router\RouteCollection->group('admin', [...], Object(Closure))
 7 APPPATH\Config\Routes.php(20): App\Config\Routes\AdminRoutes::init(Object(CodeIgniter\Router\RouteCollection))
 8 SYSTEMPATH\Router\RouteCollection.php(340): require('C:\\xampp\\htdocs\\smartstore\\app\\Config\\Routes.php')
 9 SYSTEMPATH\CodeIgniter.php(823): CodeIgniter\Router\RouteCollection->loadRoutes()
10 SYSTEMPATH\CodeIgniter.php(457): CodeIgniter\CodeIgniter->tryToRouteIt(null)
11 SYSTEMPATH\CodeIgniter.php(355): CodeIgniter\CodeIgniter->handleRequest(null, Object(Config\Cache), false)
12 SYSTEMPATH\Boot.php(325): CodeIgniter\CodeIgniter->run()
13 SYSTEMPATH\Boot.php(67): CodeIgniter\Boot::runCodeIgniter(Object(CodeIgniter\CodeIgniter))
14 FCPATH\index.php(63): CodeIgniter\Boot::bootWeb(Object(Config\Paths))
WARNING - 2025-05-31 18:18:06 --> [DEPRECATED] Passing lowercase HTTP method "post" is deprecated. Use uppercase HTTP method like "POST". in SYSTEMPATH\Router\RouteCollection.php on line 1027.
 1 SYSTEMPATH\Router\RouteCollection.php(1027): trigger_error('Passing lowercase HTTP method "post" is deprecated. Use uppercase HTTP method like "POST".', 16384)
 2 APPPATH\Config\Routes\AdminRoutes.php(172): CodeIgniter\Router\RouteCollection->match([...], 'sync_services/?(:num)?', 'ProvidersController::sync_services/$1')
 3 SYSTEMPATH\Router\RouteCollection.php(800): App\Config\Routes\AdminRoutes::App\Config\Routes\{closure}(Object(CodeIgniter\Router\RouteCollection))
 4 APPPATH\Config\Routes\AdminRoutes.php(167): CodeIgniter\Router\RouteCollection->group('providers', [...], Object(Closure))
 5 SYSTEMPATH\Router\RouteCollection.php(800): App\Config\Routes\AdminRoutes::App\Config\Routes\{closure}(Object(CodeIgniter\Router\RouteCollection))
 6 APPPATH\Config\Routes\AdminRoutes.php(28): CodeIgniter\Router\RouteCollection->group('admin', [...], Object(Closure))
 7 APPPATH\Config\Routes.php(20): App\Config\Routes\AdminRoutes::init(Object(CodeIgniter\Router\RouteCollection))
 8 SYSTEMPATH\Router\RouteCollection.php(340): require('C:\\xampp\\htdocs\\smartstore\\app\\Config\\Routes.php')
 9 SYSTEMPATH\CodeIgniter.php(823): CodeIgniter\Router\RouteCollection->loadRoutes()
10 SYSTEMPATH\CodeIgniter.php(457): CodeIgniter\CodeIgniter->tryToRouteIt(null)
11 SYSTEMPATH\CodeIgniter.php(355): CodeIgniter\CodeIgniter->handleRequest(null, Object(Config\Cache), false)
12 SYSTEMPATH\Boot.php(325): CodeIgniter\CodeIgniter->run()
13 SYSTEMPATH\Boot.php(67): CodeIgniter\Boot::runCodeIgniter(Object(CodeIgniter\CodeIgniter))
14 FCPATH\index.php(63): CodeIgniter\Boot::bootWeb(Object(Config\Paths))
WARNING - 2025-05-31 18:18:06 --> [DEPRECATED] Passing lowercase HTTP method "get" is deprecated. Use uppercase HTTP method like "GET". in SYSTEMPATH\Router\RouteCollection.php on line 1027.
 1 SYSTEMPATH\Router\RouteCollection.php(1027): trigger_error('Passing lowercase HTTP method "get" is deprecated. Use uppercase HTTP method like "GET".', 16384)
 2 APPPATH\Config\Routes\AdminRoutes.php(185): CodeIgniter\Router\RouteCollection->match([...], 'add_note/?(:num)?', 'UsersController::add_note/$1')
 3 SYSTEMPATH\Router\RouteCollection.php(800): App\Config\Routes\AdminRoutes::App\Config\Routes\{closure}(Object(CodeIgniter\Router\RouteCollection))
 4 APPPATH\Config\Routes\AdminRoutes.php(182): CodeIgniter\Router\RouteCollection->group('users', [...], Object(Closure))
 5 SYSTEMPATH\Router\RouteCollection.php(800): App\Config\Routes\AdminRoutes::App\Config\Routes\{closure}(Object(CodeIgniter\Router\RouteCollection))
 6 APPPATH\Config\Routes\AdminRoutes.php(28): CodeIgniter\Router\RouteCollection->group('admin', [...], Object(Closure))
 7 APPPATH\Config\Routes.php(20): App\Config\Routes\AdminRoutes::init(Object(CodeIgniter\Router\RouteCollection))
 8 SYSTEMPATH\Router\RouteCollection.php(340): require('C:\\xampp\\htdocs\\smartstore\\app\\Config\\Routes.php')
 9 SYSTEMPATH\CodeIgniter.php(823): CodeIgniter\Router\RouteCollection->loadRoutes()
10 SYSTEMPATH\CodeIgniter.php(457): CodeIgniter\CodeIgniter->tryToRouteIt(null)
11 SYSTEMPATH\CodeIgniter.php(355): CodeIgniter\CodeIgniter->handleRequest(null, Object(Config\Cache), false)
12 SYSTEMPATH\Boot.php(325): CodeIgniter\CodeIgniter->run()
13 SYSTEMPATH\Boot.php(67): CodeIgniter\Boot::runCodeIgniter(Object(CodeIgniter\CodeIgniter))
14 FCPATH\index.php(63): CodeIgniter\Boot::bootWeb(Object(Config\Paths))
WARNING - 2025-05-31 18:18:06 --> [DEPRECATED] Passing lowercase HTTP method "post" is deprecated. Use uppercase HTTP method like "POST". in SYSTEMPATH\Router\RouteCollection.php on line 1027.
 1 SYSTEMPATH\Router\RouteCollection.php(1027): trigger_error('Passing lowercase HTTP method "post" is deprecated. Use uppercase HTTP method like "POST".', 16384)
 2 APPPATH\Config\Routes\AdminRoutes.php(185): CodeIgniter\Router\RouteCollection->match([...], 'add_note/?(:num)?', 'UsersController::add_note/$1')
 3 SYSTEMPATH\Router\RouteCollection.php(800): App\Config\Routes\AdminRoutes::App\Config\Routes\{closure}(Object(CodeIgniter\Router\RouteCollection))
 4 APPPATH\Config\Routes\AdminRoutes.php(182): CodeIgniter\Router\RouteCollection->group('users', [...], Object(Closure))
 5 SYSTEMPATH\Router\RouteCollection.php(800): App\Config\Routes\AdminRoutes::App\Config\Routes\{closure}(Object(CodeIgniter\Router\RouteCollection))
 6 APPPATH\Config\Routes\AdminRoutes.php(28): CodeIgniter\Router\RouteCollection->group('admin', [...], Object(Closure))
 7 APPPATH\Config\Routes.php(20): App\Config\Routes\AdminRoutes::init(Object(CodeIgniter\Router\RouteCollection))
 8 SYSTEMPATH\Router\RouteCollection.php(340): require('C:\\xampp\\htdocs\\smartstore\\app\\Config\\Routes.php')
 9 SYSTEMPATH\CodeIgniter.php(823): CodeIgniter\Router\RouteCollection->loadRoutes()
10 SYSTEMPATH\CodeIgniter.php(457): CodeIgniter\CodeIgniter->tryToRouteIt(null)
11 SYSTEMPATH\CodeIgniter.php(355): CodeIgniter\CodeIgniter->handleRequest(null, Object(Config\Cache), false)
12 SYSTEMPATH\Boot.php(325): CodeIgniter\CodeIgniter->run()
13 SYSTEMPATH\Boot.php(67): CodeIgniter\Boot::runCodeIgniter(Object(CodeIgniter\CodeIgniter))
14 FCPATH\index.php(63): CodeIgniter\Boot::bootWeb(Object(Config\Paths))
WARNING - 2025-05-31 18:18:06 --> [DEPRECATED] Passing lowercase HTTP method "get" is deprecated. Use uppercase HTTP method like "GET". in SYSTEMPATH\Router\RouteCollection.php on line 1027.
 1 SYSTEMPATH\Router\RouteCollection.php(1027): trigger_error('Passing lowercase HTTP method "get" is deprecated. Use uppercase HTTP method like "GET".', 16384)
 2 APPPATH\Config\Routes\AdminRoutes.php(186): CodeIgniter\Router\RouteCollection->match([...], 'send_mail/?(:num)?', 'UsersController::send_mail/$1')
 3 SYSTEMPATH\Router\RouteCollection.php(800): App\Config\Routes\AdminRoutes::App\Config\Routes\{closure}(Object(CodeIgniter\Router\RouteCollection))
 4 APPPATH\Config\Routes\AdminRoutes.php(182): CodeIgniter\Router\RouteCollection->group('users', [...], Object(Closure))
 5 SYSTEMPATH\Router\RouteCollection.php(800): App\Config\Routes\AdminRoutes::App\Config\Routes\{closure}(Object(CodeIgniter\Router\RouteCollection))
 6 APPPATH\Config\Routes\AdminRoutes.php(28): CodeIgniter\Router\RouteCollection->group('admin', [...], Object(Closure))
 7 APPPATH\Config\Routes.php(20): App\Config\Routes\AdminRoutes::init(Object(CodeIgniter\Router\RouteCollection))
 8 SYSTEMPATH\Router\RouteCollection.php(340): require('C:\\xampp\\htdocs\\smartstore\\app\\Config\\Routes.php')
 9 SYSTEMPATH\CodeIgniter.php(823): CodeIgniter\Router\RouteCollection->loadRoutes()
10 SYSTEMPATH\CodeIgniter.php(457): CodeIgniter\CodeIgniter->tryToRouteIt(null)
11 SYSTEMPATH\CodeIgniter.php(355): CodeIgniter\CodeIgniter->handleRequest(null, Object(Config\Cache), false)
12 SYSTEMPATH\Boot.php(325): CodeIgniter\CodeIgniter->run()
13 SYSTEMPATH\Boot.php(67): CodeIgniter\Boot::runCodeIgniter(Object(CodeIgniter\CodeIgniter))
14 FCPATH\index.php(63): CodeIgniter\Boot::bootWeb(Object(Config\Paths))
WARNING - 2025-05-31 18:18:06 --> [DEPRECATED] Passing lowercase HTTP method "post" is deprecated. Use uppercase HTTP method like "POST". in SYSTEMPATH\Router\RouteCollection.php on line 1027.
 1 SYSTEMPATH\Router\RouteCollection.php(1027): trigger_error('Passing lowercase HTTP method "post" is deprecated. Use uppercase HTTP method like "POST".', 16384)
 2 APPPATH\Config\Routes\AdminRoutes.php(186): CodeIgniter\Router\RouteCollection->match([...], 'send_mail/?(:num)?', 'UsersController::send_mail/$1')
 3 SYSTEMPATH\Router\RouteCollection.php(800): App\Config\Routes\AdminRoutes::App\Config\Routes\{closure}(Object(CodeIgniter\Router\RouteCollection))
 4 APPPATH\Config\Routes\AdminRoutes.php(182): CodeIgniter\Router\RouteCollection->group('users', [...], Object(Closure))
 5 SYSTEMPATH\Router\RouteCollection.php(800): App\Config\Routes\AdminRoutes::App\Config\Routes\{closure}(Object(CodeIgniter\Router\RouteCollection))
 6 APPPATH\Config\Routes\AdminRoutes.php(28): CodeIgniter\Router\RouteCollection->group('admin', [...], Object(Closure))
 7 APPPATH\Config\Routes.php(20): App\Config\Routes\AdminRoutes::init(Object(CodeIgniter\Router\RouteCollection))
 8 SYSTEMPATH\Router\RouteCollection.php(340): require('C:\\xampp\\htdocs\\smartstore\\app\\Config\\Routes.php')
 9 SYSTEMPATH\CodeIgniter.php(823): CodeIgniter\Router\RouteCollection->loadRoutes()
10 SYSTEMPATH\CodeIgniter.php(457): CodeIgniter\CodeIgniter->tryToRouteIt(null)
11 SYSTEMPATH\CodeIgniter.php(355): CodeIgniter\CodeIgniter->handleRequest(null, Object(Config\Cache), false)
12 SYSTEMPATH\Boot.php(325): CodeIgniter\CodeIgniter->run()
13 SYSTEMPATH\Boot.php(67): CodeIgniter\Boot::runCodeIgniter(Object(CodeIgniter\CodeIgniter))
14 FCPATH\index.php(63): CodeIgniter\Boot::bootWeb(Object(Config\Paths))
WARNING - 2025-05-31 18:18:06 --> [DEPRECATED] Passing lowercase HTTP method "get" is deprecated. Use uppercase HTTP method like "GET". in SYSTEMPATH\Router\RouteCollection.php on line 1027.
 1 SYSTEMPATH\Router\RouteCollection.php(1027): trigger_error('Passing lowercase HTTP method "get" is deprecated. Use uppercase HTTP method like "GET".', 16384)
 2 APPPATH\Config\Routes\AdminRoutes.php(215): CodeIgniter\Router\RouteCollection->match([...], 'send_mail/?(:num)?', 'TicketsController::send_mail/$1')
 3 SYSTEMPATH\Router\RouteCollection.php(800): App\Config\Routes\AdminRoutes::App\Config\Routes\{closure}(Object(CodeIgniter\Router\RouteCollection))
 4 APPPATH\Config\Routes\AdminRoutes.php(212): CodeIgniter\Router\RouteCollection->group('tickets', [...], Object(Closure))
 5 SYSTEMPATH\Router\RouteCollection.php(800): App\Config\Routes\AdminRoutes::App\Config\Routes\{closure}(Object(CodeIgniter\Router\RouteCollection))
 6 APPPATH\Config\Routes\AdminRoutes.php(28): CodeIgniter\Router\RouteCollection->group('admin', [...], Object(Closure))
 7 APPPATH\Config\Routes.php(20): App\Config\Routes\AdminRoutes::init(Object(CodeIgniter\Router\RouteCollection))
 8 SYSTEMPATH\Router\RouteCollection.php(340): require('C:\\xampp\\htdocs\\smartstore\\app\\Config\\Routes.php')
 9 SYSTEMPATH\CodeIgniter.php(823): CodeIgniter\Router\RouteCollection->loadRoutes()
10 SYSTEMPATH\CodeIgniter.php(457): CodeIgniter\CodeIgniter->tryToRouteIt(null)
11 SYSTEMPATH\CodeIgniter.php(355): CodeIgniter\CodeIgniter->handleRequest(null, Object(Config\Cache), false)
12 SYSTEMPATH\Boot.php(325): CodeIgniter\CodeIgniter->run()
13 SYSTEMPATH\Boot.php(67): CodeIgniter\Boot::runCodeIgniter(Object(CodeIgniter\CodeIgniter))
14 FCPATH\index.php(63): CodeIgniter\Boot::bootWeb(Object(Config\Paths))
WARNING - 2025-05-31 18:18:06 --> [DEPRECATED] Passing lowercase HTTP method "post" is deprecated. Use uppercase HTTP method like "POST". in SYSTEMPATH\Router\RouteCollection.php on line 1027.
 1 SYSTEMPATH\Router\RouteCollection.php(1027): trigger_error('Passing lowercase HTTP method "post" is deprecated. Use uppercase HTTP method like "POST".', 16384)
 2 APPPATH\Config\Routes\AdminRoutes.php(215): CodeIgniter\Router\RouteCollection->match([...], 'send_mail/?(:num)?', 'TicketsController::send_mail/$1')
 3 SYSTEMPATH\Router\RouteCollection.php(800): App\Config\Routes\AdminRoutes::App\Config\Routes\{closure}(Object(CodeIgniter\Router\RouteCollection))
 4 APPPATH\Config\Routes\AdminRoutes.php(212): CodeIgniter\Router\RouteCollection->group('tickets', [...], Object(Closure))
 5 SYSTEMPATH\Router\RouteCollection.php(800): App\Config\Routes\AdminRoutes::App\Config\Routes\{closure}(Object(CodeIgniter\Router\RouteCollection))
 6 APPPATH\Config\Routes\AdminRoutes.php(28): CodeIgniter\Router\RouteCollection->group('admin', [...], Object(Closure))
 7 APPPATH\Config\Routes.php(20): App\Config\Routes\AdminRoutes::init(Object(CodeIgniter\Router\RouteCollection))
 8 SYSTEMPATH\Router\RouteCollection.php(340): require('C:\\xampp\\htdocs\\smartstore\\app\\Config\\Routes.php')
 9 SYSTEMPATH\CodeIgniter.php(823): CodeIgniter\Router\RouteCollection->loadRoutes()
10 SYSTEMPATH\CodeIgniter.php(457): CodeIgniter\CodeIgniter->tryToRouteIt(null)
11 SYSTEMPATH\CodeIgniter.php(355): CodeIgniter\CodeIgniter->handleRequest(null, Object(Config\Cache), false)
12 SYSTEMPATH\Boot.php(325): CodeIgniter\CodeIgniter->run()
13 SYSTEMPATH\Boot.php(67): CodeIgniter\Boot::runCodeIgniter(Object(CodeIgniter\CodeIgniter))
14 FCPATH\index.php(63): CodeIgniter\Boot::bootWeb(Object(Config\Paths))
WARNING - 2025-05-31 18:18:06 --> [DEPRECATED] Passing lowercase HTTP method "get" is deprecated. Use uppercase HTTP method like "GET". in SYSTEMPATH\Router\RouteCollection.php on line 1027.
 1 SYSTEMPATH\Router\RouteCollection.php(1027): trigger_error('Passing lowercase HTTP method "get" is deprecated. Use uppercase HTTP method like "GET".', 16384)
 2 APPPATH\Config\Routes\UserRoutes.php(49): CodeIgniter\Router\RouteCollection->match([...], 'submit_review', 'ClientController::submit_review', [...])
 3 APPPATH\Config\Routes\UserRoutes.php(23): App\Config\Routes\UserRoutes::defineRoutes(Object(CodeIgniter\Router\RouteCollection))
 4 APPPATH\Config\Routes.php(21): App\Config\Routes\UserRoutes::init(Object(CodeIgniter\Router\RouteCollection))
 5 SYSTEMPATH\Router\RouteCollection.php(340): require('C:\\xampp\\htdocs\\smartstore\\app\\Config\\Routes.php')
 6 SYSTEMPATH\CodeIgniter.php(823): CodeIgniter\Router\RouteCollection->loadRoutes()
 7 SYSTEMPATH\CodeIgniter.php(457): CodeIgniter\CodeIgniter->tryToRouteIt(null)
 8 SYSTEMPATH\CodeIgniter.php(355): CodeIgniter\CodeIgniter->handleRequest(null, Object(Config\Cache), false)
 9 SYSTEMPATH\Boot.php(325): CodeIgniter\CodeIgniter->run()
10 SYSTEMPATH\Boot.php(67): CodeIgniter\Boot::runCodeIgniter(Object(CodeIgniter\CodeIgniter))
11 FCPATH\index.php(63): CodeIgniter\Boot::bootWeb(Object(Config\Paths))
WARNING - 2025-05-31 18:18:06 --> [DEPRECATED] Passing lowercase HTTP method "post" is deprecated. Use uppercase HTTP method like "POST". in SYSTEMPATH\Router\RouteCollection.php on line 1027.
 1 SYSTEMPATH\Router\RouteCollection.php(1027): trigger_error('Passing lowercase HTTP method "post" is deprecated. Use uppercase HTTP method like "POST".', 16384)
 2 APPPATH\Config\Routes\UserRoutes.php(49): CodeIgniter\Router\RouteCollection->match([...], 'submit_review', 'ClientController::submit_review', [...])
 3 APPPATH\Config\Routes\UserRoutes.php(23): App\Config\Routes\UserRoutes::defineRoutes(Object(CodeIgniter\Router\RouteCollection))
 4 APPPATH\Config\Routes.php(21): App\Config\Routes\UserRoutes::init(Object(CodeIgniter\Router\RouteCollection))
 5 SYSTEMPATH\Router\RouteCollection.php(340): require('C:\\xampp\\htdocs\\smartstore\\app\\Config\\Routes.php')
 6 SYSTEMPATH\CodeIgniter.php(823): CodeIgniter\Router\RouteCollection->loadRoutes()
 7 SYSTEMPATH\CodeIgniter.php(457): CodeIgniter\CodeIgniter->tryToRouteIt(null)
 8 SYSTEMPATH\CodeIgniter.php(355): CodeIgniter\CodeIgniter->handleRequest(null, Object(Config\Cache), false)
 9 SYSTEMPATH\Boot.php(325): CodeIgniter\CodeIgniter->run()
10 SYSTEMPATH\Boot.php(67): CodeIgniter\Boot::runCodeIgniter(Object(CodeIgniter\CodeIgniter))
11 FCPATH\index.php(63): CodeIgniter\Boot::bootWeb(Object(Config\Paths))
WARNING - 2025-05-31 18:18:06 --> [DEPRECATED] Passing lowercase HTTP method "get" is deprecated. Use uppercase HTTP method like "GET". in SYSTEMPATH\Router\RouteCollection.php on line 1027.
 1 SYSTEMPATH\Router\RouteCollection.php(1027): trigger_error('Passing lowercase HTTP method "get" is deprecated. Use uppercase HTTP method like "GET".', 16384)
 2 APPPATH\Config\Routes\UserRoutes.php(63): CodeIgniter\Router\RouteCollection->match([...], 'track-order', 'OrderController::track_order', [...])
 3 APPPATH\Config\Routes\UserRoutes.php(23): App\Config\Routes\UserRoutes::defineRoutes(Object(CodeIgniter\Router\RouteCollection))
 4 APPPATH\Config\Routes.php(21): App\Config\Routes\UserRoutes::init(Object(CodeIgniter\Router\RouteCollection))
 5 SYSTEMPATH\Router\RouteCollection.php(340): require('C:\\xampp\\htdocs\\smartstore\\app\\Config\\Routes.php')
 6 SYSTEMPATH\CodeIgniter.php(823): CodeIgniter\Router\RouteCollection->loadRoutes()
 7 SYSTEMPATH\CodeIgniter.php(457): CodeIgniter\CodeIgniter->tryToRouteIt(null)
 8 SYSTEMPATH\CodeIgniter.php(355): CodeIgniter\CodeIgniter->handleRequest(null, Object(Config\Cache), false)
 9 SYSTEMPATH\Boot.php(325): CodeIgniter\CodeIgniter->run()
10 SYSTEMPATH\Boot.php(67): CodeIgniter\Boot::runCodeIgniter(Object(CodeIgniter\CodeIgniter))
11 FCPATH\index.php(63): CodeIgniter\Boot::bootWeb(Object(Config\Paths))
WARNING - 2025-05-31 18:18:06 --> [DEPRECATED] Passing lowercase HTTP method "post" is deprecated. Use uppercase HTTP method like "POST". in SYSTEMPATH\Router\RouteCollection.php on line 1027.
 1 SYSTEMPATH\Router\RouteCollection.php(1027): trigger_error('Passing lowercase HTTP method "post" is deprecated. Use uppercase HTTP method like "POST".', 16384)
 2 APPPATH\Config\Routes\UserRoutes.php(63): CodeIgniter\Router\RouteCollection->match([...], 'track-order', 'OrderController::track_order', [...])
 3 APPPATH\Config\Routes\UserRoutes.php(23): App\Config\Routes\UserRoutes::defineRoutes(Object(CodeIgniter\Router\RouteCollection))
 4 APPPATH\Config\Routes.php(21): App\Config\Routes\UserRoutes::init(Object(CodeIgniter\Router\RouteCollection))
 5 SYSTEMPATH\Router\RouteCollection.php(340): require('C:\\xampp\\htdocs\\smartstore\\app\\Config\\Routes.php')
 6 SYSTEMPATH\CodeIgniter.php(823): CodeIgniter\Router\RouteCollection->loadRoutes()
 7 SYSTEMPATH\CodeIgniter.php(457): CodeIgniter\CodeIgniter->tryToRouteIt(null)
 8 SYSTEMPATH\CodeIgniter.php(355): CodeIgniter\CodeIgniter->handleRequest(null, Object(Config\Cache), false)
 9 SYSTEMPATH\Boot.php(325): CodeIgniter\CodeIgniter->run()
10 SYSTEMPATH\Boot.php(67): CodeIgniter\Boot::runCodeIgniter(Object(CodeIgniter\CodeIgniter))
11 FCPATH\index.php(63): CodeIgniter\Boot::bootWeb(Object(Config\Paths))
WARNING - 2025-05-31 18:18:06 --> [DEPRECATED] Passing lowercase HTTP method "get" is deprecated. Use uppercase HTTP method like "GET". in SYSTEMPATH\Router\RouteCollection.php on line 1027.
 1 SYSTEMPATH\Router\RouteCollection.php(1027): trigger_error('Passing lowercase HTTP method "get" is deprecated. Use uppercase HTTP method like "GET".', 16384)
 2 APPPATH\Config\Routes\UserRoutes.php(49): CodeIgniter\Router\RouteCollection->match([...], 'submit_review', 'ClientController::submit_review', [...])
 3 APPPATH\Config\Routes\UserRoutes.php(26): App\Config\Routes\UserRoutes::defineRoutes(Object(CodeIgniter\Router\RouteCollection))
 4 SYSTEMPATH\Router\RouteCollection.php(800): App\Config\Routes\UserRoutes::App\Config\Routes\{closure}(Object(CodeIgniter\Router\RouteCollection))
 5 APPPATH\Config\Routes\UserRoutes.php(25): CodeIgniter\Router\RouteCollection->group('{locale}', Object(Closure))
 6 APPPATH\Config\Routes.php(21): App\Config\Routes\UserRoutes::init(Object(CodeIgniter\Router\RouteCollection))
 7 SYSTEMPATH\Router\RouteCollection.php(340): require('C:\\xampp\\htdocs\\smartstore\\app\\Config\\Routes.php')
 8 SYSTEMPATH\CodeIgniter.php(823): CodeIgniter\Router\RouteCollection->loadRoutes()
 9 SYSTEMPATH\CodeIgniter.php(457): CodeIgniter\CodeIgniter->tryToRouteIt(null)
10 SYSTEMPATH\CodeIgniter.php(355): CodeIgniter\CodeIgniter->handleRequest(null, Object(Config\Cache), false)
11 SYSTEMPATH\Boot.php(325): CodeIgniter\CodeIgniter->run()
12 SYSTEMPATH\Boot.php(67): CodeIgniter\Boot::runCodeIgniter(Object(CodeIgniter\CodeIgniter))
13 FCPATH\index.php(63): CodeIgniter\Boot::bootWeb(Object(Config\Paths))
WARNING - 2025-05-31 18:18:06 --> [DEPRECATED] Passing lowercase HTTP method "post" is deprecated. Use uppercase HTTP method like "POST". in SYSTEMPATH\Router\RouteCollection.php on line 1027.
 1 SYSTEMPATH\Router\RouteCollection.php(1027): trigger_error('Passing lowercase HTTP method "post" is deprecated. Use uppercase HTTP method like "POST".', 16384)
 2 APPPATH\Config\Routes\UserRoutes.php(49): CodeIgniter\Router\RouteCollection->match([...], 'submit_review', 'ClientController::submit_review', [...])
 3 APPPATH\Config\Routes\UserRoutes.php(26): App\Config\Routes\UserRoutes::defineRoutes(Object(CodeIgniter\Router\RouteCollection))
 4 SYSTEMPATH\Router\RouteCollection.php(800): App\Config\Routes\UserRoutes::App\Config\Routes\{closure}(Object(CodeIgniter\Router\RouteCollection))
 5 APPPATH\Config\Routes\UserRoutes.php(25): CodeIgniter\Router\RouteCollection->group('{locale}', Object(Closure))
 6 APPPATH\Config\Routes.php(21): App\Config\Routes\UserRoutes::init(Object(CodeIgniter\Router\RouteCollection))
 7 SYSTEMPATH\Router\RouteCollection.php(340): require('C:\\xampp\\htdocs\\smartstore\\app\\Config\\Routes.php')
 8 SYSTEMPATH\CodeIgniter.php(823): CodeIgniter\Router\RouteCollection->loadRoutes()
 9 SYSTEMPATH\CodeIgniter.php(457): CodeIgniter\CodeIgniter->tryToRouteIt(null)
10 SYSTEMPATH\CodeIgniter.php(355): CodeIgniter\CodeIgniter->handleRequest(null, Object(Config\Cache), false)
11 SYSTEMPATH\Boot.php(325): CodeIgniter\CodeIgniter->run()
12 SYSTEMPATH\Boot.php(67): CodeIgniter\Boot::runCodeIgniter(Object(CodeIgniter\CodeIgniter))
13 FCPATH\index.php(63): CodeIgniter\Boot::bootWeb(Object(Config\Paths))
WARNING - 2025-05-31 18:18:06 --> [DEPRECATED] Passing lowercase HTTP method "get" is deprecated. Use uppercase HTTP method like "GET". in SYSTEMPATH\Router\RouteCollection.php on line 1027.
 1 SYSTEMPATH\Router\RouteCollection.php(1027): trigger_error('Passing lowercase HTTP method "get" is deprecated. Use uppercase HTTP method like "GET".', 16384)
 2 APPPATH\Config\Routes\UserRoutes.php(63): CodeIgniter\Router\RouteCollection->match([...], 'track-order', 'OrderController::track_order', [...])
 3 APPPATH\Config\Routes\UserRoutes.php(26): App\Config\Routes\UserRoutes::defineRoutes(Object(CodeIgniter\Router\RouteCollection))
 4 SYSTEMPATH\Router\RouteCollection.php(800): App\Config\Routes\UserRoutes::App\Config\Routes\{closure}(Object(CodeIgniter\Router\RouteCollection))
 5 APPPATH\Config\Routes\UserRoutes.php(25): CodeIgniter\Router\RouteCollection->group('{locale}', Object(Closure))
 6 APPPATH\Config\Routes.php(21): App\Config\Routes\UserRoutes::init(Object(CodeIgniter\Router\RouteCollection))
 7 SYSTEMPATH\Router\RouteCollection.php(340): require('C:\\xampp\\htdocs\\smartstore\\app\\Config\\Routes.php')
 8 SYSTEMPATH\CodeIgniter.php(823): CodeIgniter\Router\RouteCollection->loadRoutes()
 9 SYSTEMPATH\CodeIgniter.php(457): CodeIgniter\CodeIgniter->tryToRouteIt(null)
10 SYSTEMPATH\CodeIgniter.php(355): CodeIgniter\CodeIgniter->handleRequest(null, Object(Config\Cache), false)
11 SYSTEMPATH\Boot.php(325): CodeIgniter\CodeIgniter->run()
12 SYSTEMPATH\Boot.php(67): CodeIgniter\Boot::runCodeIgniter(Object(CodeIgniter\CodeIgniter))
13 FCPATH\index.php(63): CodeIgniter\Boot::bootWeb(Object(Config\Paths))
WARNING - 2025-05-31 18:18:06 --> [DEPRECATED] Passing lowercase HTTP method "post" is deprecated. Use uppercase HTTP method like "POST". in SYSTEMPATH\Router\RouteCollection.php on line 1027.
 1 SYSTEMPATH\Router\RouteCollection.php(1027): trigger_error('Passing lowercase HTTP method "post" is deprecated. Use uppercase HTTP method like "POST".', 16384)
 2 APPPATH\Config\Routes\UserRoutes.php(63): CodeIgniter\Router\RouteCollection->match([...], 'track-order', 'OrderController::track_order', [...])
 3 APPPATH\Config\Routes\UserRoutes.php(26): App\Config\Routes\UserRoutes::defineRoutes(Object(CodeIgniter\Router\RouteCollection))
 4 SYSTEMPATH\Router\RouteCollection.php(800): App\Config\Routes\UserRoutes::App\Config\Routes\{closure}(Object(CodeIgniter\Router\RouteCollection))
 5 APPPATH\Config\Routes\UserRoutes.php(25): CodeIgniter\Router\RouteCollection->group('{locale}', Object(Closure))
 6 APPPATH\Config\Routes.php(21): App\Config\Routes\UserRoutes::init(Object(CodeIgniter\Router\RouteCollection))
 7 SYSTEMPATH\Router\RouteCollection.php(340): require('C:\\xampp\\htdocs\\smartstore\\app\\Config\\Routes.php')
 8 SYSTEMPATH\CodeIgniter.php(823): CodeIgniter\Router\RouteCollection->loadRoutes()
 9 SYSTEMPATH\CodeIgniter.php(457): CodeIgniter\CodeIgniter->tryToRouteIt(null)
10 SYSTEMPATH\CodeIgniter.php(355): CodeIgniter\CodeIgniter->handleRequest(null, Object(Config\Cache), false)
11 SYSTEMPATH\Boot.php(325): CodeIgniter\CodeIgniter->run()
12 SYSTEMPATH\Boot.php(67): CodeIgniter\Boot::runCodeIgniter(Object(CodeIgniter\CodeIgniter))
13 FCPATH\index.php(63): CodeIgniter\Boot::bootWeb(Object(Config\Paths))
INFO - 2025-05-31 18:18:06 --> CSRF token verified.
INFO - 2025-05-31 18:18:06 --> Session: Class initialized using 'CodeIgniter\Session\Handlers\FileHandler' driver.
WARNING - 2025-05-31 18:18:06 --> [DEPRECATED] Creation of dynamic property App\Models\Admin\StaffsModel::$blog_posts_lang_builder is deprecated in APPPATH\Models\Admin\MyAdminModel.php on line 15.
 1 APPPATH\Models\Admin\StaffsModel.php(9): App\Models\Admin\MyAdminModel->__construct()
 2 APPPATH\Controllers\Admin\StaffsController.php(19): App\Models\Admin\StaffsModel->__construct()
 3 SYSTEMPATH\CodeIgniter.php(903): App\Controllers\Admin\StaffsController->__construct()
 4 SYSTEMPATH\CodeIgniter.php(500): CodeIgniter\CodeIgniter->createController()
 5 SYSTEMPATH\CodeIgniter.php(355): CodeIgniter\CodeIgniter->handleRequest(null, Object(Config\Cache), false)
 6 SYSTEMPATH\Boot.php(325): CodeIgniter\CodeIgniter->run()
 7 SYSTEMPATH\Boot.php(67): CodeIgniter\Boot::runCodeIgniter(Object(CodeIgniter\CodeIgniter))
 8 FCPATH\index.php(63): CodeIgniter\Boot::bootWeb(Object(Config\Paths))
WARNING - 2025-05-31 18:18:06 --> [DEPRECATED] Creation of dynamic property App\Models\Admin\StaffsModel::$lang_list_builder is deprecated in APPPATH\Models\Admin\MyAdminModel.php on line 16.
 1 APPPATH\Models\Admin\StaffsModel.php(9): App\Models\Admin\MyAdminModel->__construct()
 2 APPPATH\Controllers\Admin\StaffsController.php(19): App\Models\Admin\StaffsModel->__construct()
 3 SYSTEMPATH\CodeIgniter.php(903): App\Controllers\Admin\StaffsController->__construct()
 4 SYSTEMPATH\CodeIgniter.php(500): CodeIgniter\CodeIgniter->createController()
 5 SYSTEMPATH\CodeIgniter.php(355): CodeIgniter\CodeIgniter->handleRequest(null, Object(Config\Cache), false)
 6 SYSTEMPATH\Boot.php(325): CodeIgniter\CodeIgniter->run()
 7 SYSTEMPATH\Boot.php(67): CodeIgniter\Boot::runCodeIgniter(Object(CodeIgniter\CodeIgniter))
 8 FCPATH\index.php(63): CodeIgniter\Boot::bootWeb(Object(Config\Paths))
WARNING - 2025-05-31 18:18:06 --> [DEPRECATED] Creation of dynamic property App\Models\Admin\StaffsModel::$main_table is deprecated in APPPATH\Models\Admin\StaffsModel.php on line 10.
 1 APPPATH\Controllers\Admin\StaffsController.php(19): App\Models\Admin\StaffsModel->__construct()
 2 SYSTEMPATH\CodeIgniter.php(903): App\Controllers\Admin\StaffsController->__construct()
 3 SYSTEMPATH\CodeIgniter.php(500): CodeIgniter\CodeIgniter->createController()
 4 SYSTEMPATH\CodeIgniter.php(355): CodeIgniter\CodeIgniter->handleRequest(null, Object(Config\Cache), false)
 5 SYSTEMPATH\Boot.php(325): CodeIgniter\CodeIgniter->run()
 6 SYSTEMPATH\Boot.php(67): CodeIgniter\Boot::runCodeIgniter(Object(CodeIgniter\CodeIgniter))
 7 FCPATH\index.php(63): CodeIgniter\Boot::bootWeb(Object(Config\Paths))
WARNING - 2025-05-31 18:18:06 --> [DEPRECATED] Creation of dynamic property App\Models\Admin\StaffsModel::$field_search_accepted is deprecated in APPPATH\Models\Admin\StaffsModel.php on line 12.
 1 APPPATH\Controllers\Admin\StaffsController.php(19): App\Models\Admin\StaffsModel->__construct()
 2 SYSTEMPATH\CodeIgniter.php(903): App\Controllers\Admin\StaffsController->__construct()
 3 SYSTEMPATH\CodeIgniter.php(500): CodeIgniter\CodeIgniter->createController()
 4 SYSTEMPATH\CodeIgniter.php(355): CodeIgniter\CodeIgniter->handleRequest(null, Object(Config\Cache), false)
 5 SYSTEMPATH\Boot.php(325): CodeIgniter\CodeIgniter->run()
 6 SYSTEMPATH\Boot.php(67): CodeIgniter\Boot::runCodeIgniter(Object(CodeIgniter\CodeIgniter))
 7 FCPATH\index.php(63): CodeIgniter\Boot::bootWeb(Object(Config\Paths))
WARNING - 2025-05-31 18:18:06 --> [DEPRECATED] Creation of dynamic property App\Requests\Admin\StaffsRequest::$not_allowed_fields_for_js_validate is deprecated in APPPATH\Requests\Admin\MyAdminRequest.php on line 16.
 1 APPPATH\Requests\Admin\StaffsRequest.php(10): App\Requests\Admin\MyAdminRequest->__construct()
 2 APPPATH\Controllers\Admin\StaffsController.php(20): App\Requests\Admin\StaffsRequest->__construct()
 3 SYSTEMPATH\CodeIgniter.php(903): App\Controllers\Admin\StaffsController->__construct()
 4 SYSTEMPATH\CodeIgniter.php(500): CodeIgniter\CodeIgniter->createController()
 5 SYSTEMPATH\CodeIgniter.php(355): CodeIgniter\CodeIgniter->handleRequest(null, Object(Config\Cache), false)
 6 SYSTEMPATH\Boot.php(325): CodeIgniter\CodeIgniter->run()
 7 SYSTEMPATH\Boot.php(67): CodeIgniter\Boot::runCodeIgniter(Object(CodeIgniter\CodeIgniter))
 8 FCPATH\index.php(63): CodeIgniter\Boot::bootWeb(Object(Config\Paths))
WARNING - 2025-05-31 18:18:10 --> [DEPRECATED] Passing lowercase HTTP method "get" is deprecated. Use uppercase HTTP method like "GET". in SYSTEMPATH\Router\RouteCollection.php on line 1027.
 1 SYSTEMPATH\Router\RouteCollection.php(1027): trigger_error('Passing lowercase HTTP method "get" is deprecated. Use uppercase HTTP method like "GET".', 16384)
 2 APPPATH\Config\Routes\AdminRoutes.php(65): CodeIgniter\Router\RouteCollection->match([...], 'send_test_mail', 'SettingsController::send_test_mail')
 3 SYSTEMPATH\Router\RouteCollection.php(800): App\Config\Routes\AdminRoutes::App\Config\Routes\{closure}(Object(CodeIgniter\Router\RouteCollection))
 4 APPPATH\Config\Routes\AdminRoutes.php(63): CodeIgniter\Router\RouteCollection->group('settings', [...], Object(Closure))
 5 SYSTEMPATH\Router\RouteCollection.php(800): App\Config\Routes\AdminRoutes::App\Config\Routes\{closure}(Object(CodeIgniter\Router\RouteCollection))
 6 APPPATH\Config\Routes\AdminRoutes.php(28): CodeIgniter\Router\RouteCollection->group('admin', [...], Object(Closure))
 7 APPPATH\Config\Routes.php(20): App\Config\Routes\AdminRoutes::init(Object(CodeIgniter\Router\RouteCollection))
 8 SYSTEMPATH\Router\RouteCollection.php(340): require('C:\\xampp\\htdocs\\smartstore\\app\\Config\\Routes.php')
 9 SYSTEMPATH\CodeIgniter.php(823): CodeIgniter\Router\RouteCollection->loadRoutes()
10 SYSTEMPATH\CodeIgniter.php(457): CodeIgniter\CodeIgniter->tryToRouteIt(null)
11 SYSTEMPATH\CodeIgniter.php(355): CodeIgniter\CodeIgniter->handleRequest(null, Object(Config\Cache), false)
12 SYSTEMPATH\Boot.php(325): CodeIgniter\CodeIgniter->run()
13 SYSTEMPATH\Boot.php(67): CodeIgniter\Boot::runCodeIgniter(Object(CodeIgniter\CodeIgniter))
14 FCPATH\index.php(63): CodeIgniter\Boot::bootWeb(Object(Config\Paths))
WARNING - 2025-05-31 18:18:10 --> [DEPRECATED] Passing lowercase HTTP method "post" is deprecated. Use uppercase HTTP method like "POST". in SYSTEMPATH\Router\RouteCollection.php on line 1027.
 1 SYSTEMPATH\Router\RouteCollection.php(1027): trigger_error('Passing lowercase HTTP method "post" is deprecated. Use uppercase HTTP method like "POST".', 16384)
 2 APPPATH\Config\Routes\AdminRoutes.php(65): CodeIgniter\Router\RouteCollection->match([...], 'send_test_mail', 'SettingsController::send_test_mail')
 3 SYSTEMPATH\Router\RouteCollection.php(800): App\Config\Routes\AdminRoutes::App\Config\Routes\{closure}(Object(CodeIgniter\Router\RouteCollection))
 4 APPPATH\Config\Routes\AdminRoutes.php(63): CodeIgniter\Router\RouteCollection->group('settings', [...], Object(Closure))
 5 SYSTEMPATH\Router\RouteCollection.php(800): App\Config\Routes\AdminRoutes::App\Config\Routes\{closure}(Object(CodeIgniter\Router\RouteCollection))
 6 APPPATH\Config\Routes\AdminRoutes.php(28): CodeIgniter\Router\RouteCollection->group('admin', [...], Object(Closure))
 7 APPPATH\Config\Routes.php(20): App\Config\Routes\AdminRoutes::init(Object(CodeIgniter\Router\RouteCollection))
 8 SYSTEMPATH\Router\RouteCollection.php(340): require('C:\\xampp\\htdocs\\smartstore\\app\\Config\\Routes.php')
 9 SYSTEMPATH\CodeIgniter.php(823): CodeIgniter\Router\RouteCollection->loadRoutes()
10 SYSTEMPATH\CodeIgniter.php(457): CodeIgniter\CodeIgniter->tryToRouteIt(null)
11 SYSTEMPATH\CodeIgniter.php(355): CodeIgniter\CodeIgniter->handleRequest(null, Object(Config\Cache), false)
12 SYSTEMPATH\Boot.php(325): CodeIgniter\CodeIgniter->run()
13 SYSTEMPATH\Boot.php(67): CodeIgniter\Boot::runCodeIgniter(Object(CodeIgniter\CodeIgniter))
14 FCPATH\index.php(63): CodeIgniter\Boot::bootWeb(Object(Config\Paths))
WARNING - 2025-05-31 18:18:10 --> [DEPRECATED] Passing lowercase HTTP method "get" is deprecated. Use uppercase HTTP method like "GET". in SYSTEMPATH\Router\RouteCollection.php on line 1027.
 1 SYSTEMPATH\Router\RouteCollection.php(1027): trigger_error('Passing lowercase HTTP method "get" is deprecated. Use uppercase HTTP method like "GET".', 16384)
 2 APPPATH\Config\Routes\AdminRoutes.php(76): CodeIgniter\Router\RouteCollection->match([...], 'elfinder_connector', 'FilemanagerController::elfinder_connector')
 3 SYSTEMPATH\Router\RouteCollection.php(800): App\Config\Routes\AdminRoutes::App\Config\Routes\{closure}(Object(CodeIgniter\Router\RouteCollection))
 4 APPPATH\Config\Routes\AdminRoutes.php(73): CodeIgniter\Router\RouteCollection->group('filemanager', [...], Object(Closure))
 5 SYSTEMPATH\Router\RouteCollection.php(800): App\Config\Routes\AdminRoutes::App\Config\Routes\{closure}(Object(CodeIgniter\Router\RouteCollection))
 6 APPPATH\Config\Routes\AdminRoutes.php(28): CodeIgniter\Router\RouteCollection->group('admin', [...], Object(Closure))
 7 APPPATH\Config\Routes.php(20): App\Config\Routes\AdminRoutes::init(Object(CodeIgniter\Router\RouteCollection))
 8 SYSTEMPATH\Router\RouteCollection.php(340): require('C:\\xampp\\htdocs\\smartstore\\app\\Config\\Routes.php')
 9 SYSTEMPATH\CodeIgniter.php(823): CodeIgniter\Router\RouteCollection->loadRoutes()
10 SYSTEMPATH\CodeIgniter.php(457): CodeIgniter\CodeIgniter->tryToRouteIt(null)
11 SYSTEMPATH\CodeIgniter.php(355): CodeIgniter\CodeIgniter->handleRequest(null, Object(Config\Cache), false)
12 SYSTEMPATH\Boot.php(325): CodeIgniter\CodeIgniter->run()
13 SYSTEMPATH\Boot.php(67): CodeIgniter\Boot::runCodeIgniter(Object(CodeIgniter\CodeIgniter))
14 FCPATH\index.php(63): CodeIgniter\Boot::bootWeb(Object(Config\Paths))
WARNING - 2025-05-31 18:18:10 --> [DEPRECATED] Passing lowercase HTTP method "post" is deprecated. Use uppercase HTTP method like "POST". in SYSTEMPATH\Router\RouteCollection.php on line 1027.
 1 SYSTEMPATH\Router\RouteCollection.php(1027): trigger_error('Passing lowercase HTTP method "post" is deprecated. Use uppercase HTTP method like "POST".', 16384)
 2 APPPATH\Config\Routes\AdminRoutes.php(76): CodeIgniter\Router\RouteCollection->match([...], 'elfinder_connector', 'FilemanagerController::elfinder_connector')
 3 SYSTEMPATH\Router\RouteCollection.php(800): App\Config\Routes\AdminRoutes::App\Config\Routes\{closure}(Object(CodeIgniter\Router\RouteCollection))
 4 APPPATH\Config\Routes\AdminRoutes.php(73): CodeIgniter\Router\RouteCollection->group('filemanager', [...], Object(Closure))
 5 SYSTEMPATH\Router\RouteCollection.php(800): App\Config\Routes\AdminRoutes::App\Config\Routes\{closure}(Object(CodeIgniter\Router\RouteCollection))
 6 APPPATH\Config\Routes\AdminRoutes.php(28): CodeIgniter\Router\RouteCollection->group('admin', [...], Object(Closure))
 7 APPPATH\Config\Routes.php(20): App\Config\Routes\AdminRoutes::init(Object(CodeIgniter\Router\RouteCollection))
 8 SYSTEMPATH\Router\RouteCollection.php(340): require('C:\\xampp\\htdocs\\smartstore\\app\\Config\\Routes.php')
 9 SYSTEMPATH\CodeIgniter.php(823): CodeIgniter\Router\RouteCollection->loadRoutes()
10 SYSTEMPATH\CodeIgniter.php(457): CodeIgniter\CodeIgniter->tryToRouteIt(null)
11 SYSTEMPATH\CodeIgniter.php(355): CodeIgniter\CodeIgniter->handleRequest(null, Object(Config\Cache), false)
12 SYSTEMPATH\Boot.php(325): CodeIgniter\CodeIgniter->run()
13 SYSTEMPATH\Boot.php(67): CodeIgniter\Boot::runCodeIgniter(Object(CodeIgniter\CodeIgniter))
14 FCPATH\index.php(63): CodeIgniter\Boot::bootWeb(Object(Config\Paths))
WARNING - 2025-05-31 18:18:10 --> [DEPRECATED] Passing lowercase HTTP method "get" is deprecated. Use uppercase HTTP method like "GET". in SYSTEMPATH\Router\RouteCollection.php on line 1027.
 1 SYSTEMPATH\Router\RouteCollection.php(1027): trigger_error('Passing lowercase HTTP method "get" is deprecated. Use uppercase HTTP method like "GET".', 16384)
 2 APPPATH\Config\Routes\AdminRoutes.php(172): CodeIgniter\Router\RouteCollection->match([...], 'sync_services/?(:num)?', 'ProvidersController::sync_services/$1')
 3 SYSTEMPATH\Router\RouteCollection.php(800): App\Config\Routes\AdminRoutes::App\Config\Routes\{closure}(Object(CodeIgniter\Router\RouteCollection))
 4 APPPATH\Config\Routes\AdminRoutes.php(167): CodeIgniter\Router\RouteCollection->group('providers', [...], Object(Closure))
 5 SYSTEMPATH\Router\RouteCollection.php(800): App\Config\Routes\AdminRoutes::App\Config\Routes\{closure}(Object(CodeIgniter\Router\RouteCollection))
 6 APPPATH\Config\Routes\AdminRoutes.php(28): CodeIgniter\Router\RouteCollection->group('admin', [...], Object(Closure))
 7 APPPATH\Config\Routes.php(20): App\Config\Routes\AdminRoutes::init(Object(CodeIgniter\Router\RouteCollection))
 8 SYSTEMPATH\Router\RouteCollection.php(340): require('C:\\xampp\\htdocs\\smartstore\\app\\Config\\Routes.php')
 9 SYSTEMPATH\CodeIgniter.php(823): CodeIgniter\Router\RouteCollection->loadRoutes()
10 SYSTEMPATH\CodeIgniter.php(457): CodeIgniter\CodeIgniter->tryToRouteIt(null)
11 SYSTEMPATH\CodeIgniter.php(355): CodeIgniter\CodeIgniter->handleRequest(null, Object(Config\Cache), false)
12 SYSTEMPATH\Boot.php(325): CodeIgniter\CodeIgniter->run()
13 SYSTEMPATH\Boot.php(67): CodeIgniter\Boot::runCodeIgniter(Object(CodeIgniter\CodeIgniter))
14 FCPATH\index.php(63): CodeIgniter\Boot::bootWeb(Object(Config\Paths))
WARNING - 2025-05-31 18:18:10 --> [DEPRECATED] Passing lowercase HTTP method "post" is deprecated. Use uppercase HTTP method like "POST". in SYSTEMPATH\Router\RouteCollection.php on line 1027.
 1 SYSTEMPATH\Router\RouteCollection.php(1027): trigger_error('Passing lowercase HTTP method "post" is deprecated. Use uppercase HTTP method like "POST".', 16384)
 2 APPPATH\Config\Routes\AdminRoutes.php(172): CodeIgniter\Router\RouteCollection->match([...], 'sync_services/?(:num)?', 'ProvidersController::sync_services/$1')
 3 SYSTEMPATH\Router\RouteCollection.php(800): App\Config\Routes\AdminRoutes::App\Config\Routes\{closure}(Object(CodeIgniter\Router\RouteCollection))
 4 APPPATH\Config\Routes\AdminRoutes.php(167): CodeIgniter\Router\RouteCollection->group('providers', [...], Object(Closure))
 5 SYSTEMPATH\Router\RouteCollection.php(800): App\Config\Routes\AdminRoutes::App\Config\Routes\{closure}(Object(CodeIgniter\Router\RouteCollection))
 6 APPPATH\Config\Routes\AdminRoutes.php(28): CodeIgniter\Router\RouteCollection->group('admin', [...], Object(Closure))
 7 APPPATH\Config\Routes.php(20): App\Config\Routes\AdminRoutes::init(Object(CodeIgniter\Router\RouteCollection))
 8 SYSTEMPATH\Router\RouteCollection.php(340): require('C:\\xampp\\htdocs\\smartstore\\app\\Config\\Routes.php')
 9 SYSTEMPATH\CodeIgniter.php(823): CodeIgniter\Router\RouteCollection->loadRoutes()
10 SYSTEMPATH\CodeIgniter.php(457): CodeIgniter\CodeIgniter->tryToRouteIt(null)
11 SYSTEMPATH\CodeIgniter.php(355): CodeIgniter\CodeIgniter->handleRequest(null, Object(Config\Cache), false)
12 SYSTEMPATH\Boot.php(325): CodeIgniter\CodeIgniter->run()
13 SYSTEMPATH\Boot.php(67): CodeIgniter\Boot::runCodeIgniter(Object(CodeIgniter\CodeIgniter))
14 FCPATH\index.php(63): CodeIgniter\Boot::bootWeb(Object(Config\Paths))
WARNING - 2025-05-31 18:18:10 --> [DEPRECATED] Passing lowercase HTTP method "get" is deprecated. Use uppercase HTTP method like "GET". in SYSTEMPATH\Router\RouteCollection.php on line 1027.
 1 SYSTEMPATH\Router\RouteCollection.php(1027): trigger_error('Passing lowercase HTTP method "get" is deprecated. Use uppercase HTTP method like "GET".', 16384)
 2 APPPATH\Config\Routes\AdminRoutes.php(185): CodeIgniter\Router\RouteCollection->match([...], 'add_note/?(:num)?', 'UsersController::add_note/$1')
 3 SYSTEMPATH\Router\RouteCollection.php(800): App\Config\Routes\AdminRoutes::App\Config\Routes\{closure}(Object(CodeIgniter\Router\RouteCollection))
 4 APPPATH\Config\Routes\AdminRoutes.php(182): CodeIgniter\Router\RouteCollection->group('users', [...], Object(Closure))
 5 SYSTEMPATH\Router\RouteCollection.php(800): App\Config\Routes\AdminRoutes::App\Config\Routes\{closure}(Object(CodeIgniter\Router\RouteCollection))
 6 APPPATH\Config\Routes\AdminRoutes.php(28): CodeIgniter\Router\RouteCollection->group('admin', [...], Object(Closure))
 7 APPPATH\Config\Routes.php(20): App\Config\Routes\AdminRoutes::init(Object(CodeIgniter\Router\RouteCollection))
 8 SYSTEMPATH\Router\RouteCollection.php(340): require('C:\\xampp\\htdocs\\smartstore\\app\\Config\\Routes.php')
 9 SYSTEMPATH\CodeIgniter.php(823): CodeIgniter\Router\RouteCollection->loadRoutes()
10 SYSTEMPATH\CodeIgniter.php(457): CodeIgniter\CodeIgniter->tryToRouteIt(null)
11 SYSTEMPATH\CodeIgniter.php(355): CodeIgniter\CodeIgniter->handleRequest(null, Object(Config\Cache), false)
12 SYSTEMPATH\Boot.php(325): CodeIgniter\CodeIgniter->run()
13 SYSTEMPATH\Boot.php(67): CodeIgniter\Boot::runCodeIgniter(Object(CodeIgniter\CodeIgniter))
14 FCPATH\index.php(63): CodeIgniter\Boot::bootWeb(Object(Config\Paths))
WARNING - 2025-05-31 18:18:10 --> [DEPRECATED] Passing lowercase HTTP method "post" is deprecated. Use uppercase HTTP method like "POST". in SYSTEMPATH\Router\RouteCollection.php on line 1027.
 1 SYSTEMPATH\Router\RouteCollection.php(1027): trigger_error('Passing lowercase HTTP method "post" is deprecated. Use uppercase HTTP method like "POST".', 16384)
 2 APPPATH\Config\Routes\AdminRoutes.php(185): CodeIgniter\Router\RouteCollection->match([...], 'add_note/?(:num)?', 'UsersController::add_note/$1')
 3 SYSTEMPATH\Router\RouteCollection.php(800): App\Config\Routes\AdminRoutes::App\Config\Routes\{closure}(Object(CodeIgniter\Router\RouteCollection))
 4 APPPATH\Config\Routes\AdminRoutes.php(182): CodeIgniter\Router\RouteCollection->group('users', [...], Object(Closure))
 5 SYSTEMPATH\Router\RouteCollection.php(800): App\Config\Routes\AdminRoutes::App\Config\Routes\{closure}(Object(CodeIgniter\Router\RouteCollection))
 6 APPPATH\Config\Routes\AdminRoutes.php(28): CodeIgniter\Router\RouteCollection->group('admin', [...], Object(Closure))
 7 APPPATH\Config\Routes.php(20): App\Config\Routes\AdminRoutes::init(Object(CodeIgniter\Router\RouteCollection))
 8 SYSTEMPATH\Router\RouteCollection.php(340): require('C:\\xampp\\htdocs\\smartstore\\app\\Config\\Routes.php')
 9 SYSTEMPATH\CodeIgniter.php(823): CodeIgniter\Router\RouteCollection->loadRoutes()
10 SYSTEMPATH\CodeIgniter.php(457): CodeIgniter\CodeIgniter->tryToRouteIt(null)
11 SYSTEMPATH\CodeIgniter.php(355): CodeIgniter\CodeIgniter->handleRequest(null, Object(Config\Cache), false)
12 SYSTEMPATH\Boot.php(325): CodeIgniter\CodeIgniter->run()
13 SYSTEMPATH\Boot.php(67): CodeIgniter\Boot::runCodeIgniter(Object(CodeIgniter\CodeIgniter))
14 FCPATH\index.php(63): CodeIgniter\Boot::bootWeb(Object(Config\Paths))
WARNING - 2025-05-31 18:18:10 --> [DEPRECATED] Passing lowercase HTTP method "get" is deprecated. Use uppercase HTTP method like "GET". in SYSTEMPATH\Router\RouteCollection.php on line 1027.
 1 SYSTEMPATH\Router\RouteCollection.php(1027): trigger_error('Passing lowercase HTTP method "get" is deprecated. Use uppercase HTTP method like "GET".', 16384)
 2 APPPATH\Config\Routes\AdminRoutes.php(186): CodeIgniter\Router\RouteCollection->match([...], 'send_mail/?(:num)?', 'UsersController::send_mail/$1')
 3 SYSTEMPATH\Router\RouteCollection.php(800): App\Config\Routes\AdminRoutes::App\Config\Routes\{closure}(Object(CodeIgniter\Router\RouteCollection))
 4 APPPATH\Config\Routes\AdminRoutes.php(182): CodeIgniter\Router\RouteCollection->group('users', [...], Object(Closure))
 5 SYSTEMPATH\Router\RouteCollection.php(800): App\Config\Routes\AdminRoutes::App\Config\Routes\{closure}(Object(CodeIgniter\Router\RouteCollection))
 6 APPPATH\Config\Routes\AdminRoutes.php(28): CodeIgniter\Router\RouteCollection->group('admin', [...], Object(Closure))
 7 APPPATH\Config\Routes.php(20): App\Config\Routes\AdminRoutes::init(Object(CodeIgniter\Router\RouteCollection))
 8 SYSTEMPATH\Router\RouteCollection.php(340): require('C:\\xampp\\htdocs\\smartstore\\app\\Config\\Routes.php')
 9 SYSTEMPATH\CodeIgniter.php(823): CodeIgniter\Router\RouteCollection->loadRoutes()
10 SYSTEMPATH\CodeIgniter.php(457): CodeIgniter\CodeIgniter->tryToRouteIt(null)
11 SYSTEMPATH\CodeIgniter.php(355): CodeIgniter\CodeIgniter->handleRequest(null, Object(Config\Cache), false)
12 SYSTEMPATH\Boot.php(325): CodeIgniter\CodeIgniter->run()
13 SYSTEMPATH\Boot.php(67): CodeIgniter\Boot::runCodeIgniter(Object(CodeIgniter\CodeIgniter))
14 FCPATH\index.php(63): CodeIgniter\Boot::bootWeb(Object(Config\Paths))
WARNING - 2025-05-31 18:18:10 --> [DEPRECATED] Passing lowercase HTTP method "post" is deprecated. Use uppercase HTTP method like "POST". in SYSTEMPATH\Router\RouteCollection.php on line 1027.
 1 SYSTEMPATH\Router\RouteCollection.php(1027): trigger_error('Passing lowercase HTTP method "post" is deprecated. Use uppercase HTTP method like "POST".', 16384)
 2 APPPATH\Config\Routes\AdminRoutes.php(186): CodeIgniter\Router\RouteCollection->match([...], 'send_mail/?(:num)?', 'UsersController::send_mail/$1')
 3 SYSTEMPATH\Router\RouteCollection.php(800): App\Config\Routes\AdminRoutes::App\Config\Routes\{closure}(Object(CodeIgniter\Router\RouteCollection))
 4 APPPATH\Config\Routes\AdminRoutes.php(182): CodeIgniter\Router\RouteCollection->group('users', [...], Object(Closure))
 5 SYSTEMPATH\Router\RouteCollection.php(800): App\Config\Routes\AdminRoutes::App\Config\Routes\{closure}(Object(CodeIgniter\Router\RouteCollection))
 6 APPPATH\Config\Routes\AdminRoutes.php(28): CodeIgniter\Router\RouteCollection->group('admin', [...], Object(Closure))
 7 APPPATH\Config\Routes.php(20): App\Config\Routes\AdminRoutes::init(Object(CodeIgniter\Router\RouteCollection))
 8 SYSTEMPATH\Router\RouteCollection.php(340): require('C:\\xampp\\htdocs\\smartstore\\app\\Config\\Routes.php')
 9 SYSTEMPATH\CodeIgniter.php(823): CodeIgniter\Router\RouteCollection->loadRoutes()
10 SYSTEMPATH\CodeIgniter.php(457): CodeIgniter\CodeIgniter->tryToRouteIt(null)
11 SYSTEMPATH\CodeIgniter.php(355): CodeIgniter\CodeIgniter->handleRequest(null, Object(Config\Cache), false)
12 SYSTEMPATH\Boot.php(325): CodeIgniter\CodeIgniter->run()
13 SYSTEMPATH\Boot.php(67): CodeIgniter\Boot::runCodeIgniter(Object(CodeIgniter\CodeIgniter))
14 FCPATH\index.php(63): CodeIgniter\Boot::bootWeb(Object(Config\Paths))
WARNING - 2025-05-31 18:18:10 --> [DEPRECATED] Passing lowercase HTTP method "get" is deprecated. Use uppercase HTTP method like "GET". in SYSTEMPATH\Router\RouteCollection.php on line 1027.
 1 SYSTEMPATH\Router\RouteCollection.php(1027): trigger_error('Passing lowercase HTTP method "get" is deprecated. Use uppercase HTTP method like "GET".', 16384)
 2 APPPATH\Config\Routes\AdminRoutes.php(215): CodeIgniter\Router\RouteCollection->match([...], 'send_mail/?(:num)?', 'TicketsController::send_mail/$1')
 3 SYSTEMPATH\Router\RouteCollection.php(800): App\Config\Routes\AdminRoutes::App\Config\Routes\{closure}(Object(CodeIgniter\Router\RouteCollection))
 4 APPPATH\Config\Routes\AdminRoutes.php(212): CodeIgniter\Router\RouteCollection->group('tickets', [...], Object(Closure))
 5 SYSTEMPATH\Router\RouteCollection.php(800): App\Config\Routes\AdminRoutes::App\Config\Routes\{closure}(Object(CodeIgniter\Router\RouteCollection))
 6 APPPATH\Config\Routes\AdminRoutes.php(28): CodeIgniter\Router\RouteCollection->group('admin', [...], Object(Closure))
 7 APPPATH\Config\Routes.php(20): App\Config\Routes\AdminRoutes::init(Object(CodeIgniter\Router\RouteCollection))
 8 SYSTEMPATH\Router\RouteCollection.php(340): require('C:\\xampp\\htdocs\\smartstore\\app\\Config\\Routes.php')
 9 SYSTEMPATH\CodeIgniter.php(823): CodeIgniter\Router\RouteCollection->loadRoutes()
10 SYSTEMPATH\CodeIgniter.php(457): CodeIgniter\CodeIgniter->tryToRouteIt(null)
11 SYSTEMPATH\CodeIgniter.php(355): CodeIgniter\CodeIgniter->handleRequest(null, Object(Config\Cache), false)
12 SYSTEMPATH\Boot.php(325): CodeIgniter\CodeIgniter->run()
13 SYSTEMPATH\Boot.php(67): CodeIgniter\Boot::runCodeIgniter(Object(CodeIgniter\CodeIgniter))
14 FCPATH\index.php(63): CodeIgniter\Boot::bootWeb(Object(Config\Paths))
WARNING - 2025-05-31 18:18:10 --> [DEPRECATED] Passing lowercase HTTP method "post" is deprecated. Use uppercase HTTP method like "POST". in SYSTEMPATH\Router\RouteCollection.php on line 1027.
 1 SYSTEMPATH\Router\RouteCollection.php(1027): trigger_error('Passing lowercase HTTP method "post" is deprecated. Use uppercase HTTP method like "POST".', 16384)
 2 APPPATH\Config\Routes\AdminRoutes.php(215): CodeIgniter\Router\RouteCollection->match([...], 'send_mail/?(:num)?', 'TicketsController::send_mail/$1')
 3 SYSTEMPATH\Router\RouteCollection.php(800): App\Config\Routes\AdminRoutes::App\Config\Routes\{closure}(Object(CodeIgniter\Router\RouteCollection))
 4 APPPATH\Config\Routes\AdminRoutes.php(212): CodeIgniter\Router\RouteCollection->group('tickets', [...], Object(Closure))
 5 SYSTEMPATH\Router\RouteCollection.php(800): App\Config\Routes\AdminRoutes::App\Config\Routes\{closure}(Object(CodeIgniter\Router\RouteCollection))
 6 APPPATH\Config\Routes\AdminRoutes.php(28): CodeIgniter\Router\RouteCollection->group('admin', [...], Object(Closure))
 7 APPPATH\Config\Routes.php(20): App\Config\Routes\AdminRoutes::init(Object(CodeIgniter\Router\RouteCollection))
 8 SYSTEMPATH\Router\RouteCollection.php(340): require('C:\\xampp\\htdocs\\smartstore\\app\\Config\\Routes.php')
 9 SYSTEMPATH\CodeIgniter.php(823): CodeIgniter\Router\RouteCollection->loadRoutes()
10 SYSTEMPATH\CodeIgniter.php(457): CodeIgniter\CodeIgniter->tryToRouteIt(null)
11 SYSTEMPATH\CodeIgniter.php(355): CodeIgniter\CodeIgniter->handleRequest(null, Object(Config\Cache), false)
12 SYSTEMPATH\Boot.php(325): CodeIgniter\CodeIgniter->run()
13 SYSTEMPATH\Boot.php(67): CodeIgniter\Boot::runCodeIgniter(Object(CodeIgniter\CodeIgniter))
14 FCPATH\index.php(63): CodeIgniter\Boot::bootWeb(Object(Config\Paths))
WARNING - 2025-05-31 18:18:10 --> [DEPRECATED] Passing lowercase HTTP method "get" is deprecated. Use uppercase HTTP method like "GET". in SYSTEMPATH\Router\RouteCollection.php on line 1027.
 1 SYSTEMPATH\Router\RouteCollection.php(1027): trigger_error('Passing lowercase HTTP method "get" is deprecated. Use uppercase HTTP method like "GET".', 16384)
 2 APPPATH\Config\Routes\UserRoutes.php(49): CodeIgniter\Router\RouteCollection->match([...], 'submit_review', 'ClientController::submit_review', [...])
 3 APPPATH\Config\Routes\UserRoutes.php(23): App\Config\Routes\UserRoutes::defineRoutes(Object(CodeIgniter\Router\RouteCollection))
 4 APPPATH\Config\Routes.php(21): App\Config\Routes\UserRoutes::init(Object(CodeIgniter\Router\RouteCollection))
 5 SYSTEMPATH\Router\RouteCollection.php(340): require('C:\\xampp\\htdocs\\smartstore\\app\\Config\\Routes.php')
 6 SYSTEMPATH\CodeIgniter.php(823): CodeIgniter\Router\RouteCollection->loadRoutes()
 7 SYSTEMPATH\CodeIgniter.php(457): CodeIgniter\CodeIgniter->tryToRouteIt(null)
 8 SYSTEMPATH\CodeIgniter.php(355): CodeIgniter\CodeIgniter->handleRequest(null, Object(Config\Cache), false)
 9 SYSTEMPATH\Boot.php(325): CodeIgniter\CodeIgniter->run()
10 SYSTEMPATH\Boot.php(67): CodeIgniter\Boot::runCodeIgniter(Object(CodeIgniter\CodeIgniter))
11 FCPATH\index.php(63): CodeIgniter\Boot::bootWeb(Object(Config\Paths))
WARNING - 2025-05-31 18:18:10 --> [DEPRECATED] Passing lowercase HTTP method "post" is deprecated. Use uppercase HTTP method like "POST". in SYSTEMPATH\Router\RouteCollection.php on line 1027.
 1 SYSTEMPATH\Router\RouteCollection.php(1027): trigger_error('Passing lowercase HTTP method "post" is deprecated. Use uppercase HTTP method like "POST".', 16384)
 2 APPPATH\Config\Routes\UserRoutes.php(49): CodeIgniter\Router\RouteCollection->match([...], 'submit_review', 'ClientController::submit_review', [...])
 3 APPPATH\Config\Routes\UserRoutes.php(23): App\Config\Routes\UserRoutes::defineRoutes(Object(CodeIgniter\Router\RouteCollection))
 4 APPPATH\Config\Routes.php(21): App\Config\Routes\UserRoutes::init(Object(CodeIgniter\Router\RouteCollection))
 5 SYSTEMPATH\Router\RouteCollection.php(340): require('C:\\xampp\\htdocs\\smartstore\\app\\Config\\Routes.php')
 6 SYSTEMPATH\CodeIgniter.php(823): CodeIgniter\Router\RouteCollection->loadRoutes()
 7 SYSTEMPATH\CodeIgniter.php(457): CodeIgniter\CodeIgniter->tryToRouteIt(null)
 8 SYSTEMPATH\CodeIgniter.php(355): CodeIgniter\CodeIgniter->handleRequest(null, Object(Config\Cache), false)
 9 SYSTEMPATH\Boot.php(325): CodeIgniter\CodeIgniter->run()
10 SYSTEMPATH\Boot.php(67): CodeIgniter\Boot::runCodeIgniter(Object(CodeIgniter\CodeIgniter))
11 FCPATH\index.php(63): CodeIgniter\Boot::bootWeb(Object(Config\Paths))
WARNING - 2025-05-31 18:18:10 --> [DEPRECATED] Passing lowercase HTTP method "get" is deprecated. Use uppercase HTTP method like "GET". in SYSTEMPATH\Router\RouteCollection.php on line 1027.
 1 SYSTEMPATH\Router\RouteCollection.php(1027): trigger_error('Passing lowercase HTTP method "get" is deprecated. Use uppercase HTTP method like "GET".', 16384)
 2 APPPATH\Config\Routes\UserRoutes.php(63): CodeIgniter\Router\RouteCollection->match([...], 'track-order', 'OrderController::track_order', [...])
 3 APPPATH\Config\Routes\UserRoutes.php(23): App\Config\Routes\UserRoutes::defineRoutes(Object(CodeIgniter\Router\RouteCollection))
 4 APPPATH\Config\Routes.php(21): App\Config\Routes\UserRoutes::init(Object(CodeIgniter\Router\RouteCollection))
 5 SYSTEMPATH\Router\RouteCollection.php(340): require('C:\\xampp\\htdocs\\smartstore\\app\\Config\\Routes.php')
 6 SYSTEMPATH\CodeIgniter.php(823): CodeIgniter\Router\RouteCollection->loadRoutes()
 7 SYSTEMPATH\CodeIgniter.php(457): CodeIgniter\CodeIgniter->tryToRouteIt(null)
 8 SYSTEMPATH\CodeIgniter.php(355): CodeIgniter\CodeIgniter->handleRequest(null, Object(Config\Cache), false)
 9 SYSTEMPATH\Boot.php(325): CodeIgniter\CodeIgniter->run()
10 SYSTEMPATH\Boot.php(67): CodeIgniter\Boot::runCodeIgniter(Object(CodeIgniter\CodeIgniter))
11 FCPATH\index.php(63): CodeIgniter\Boot::bootWeb(Object(Config\Paths))
WARNING - 2025-05-31 18:18:10 --> [DEPRECATED] Passing lowercase HTTP method "post" is deprecated. Use uppercase HTTP method like "POST". in SYSTEMPATH\Router\RouteCollection.php on line 1027.
 1 SYSTEMPATH\Router\RouteCollection.php(1027): trigger_error('Passing lowercase HTTP method "post" is deprecated. Use uppercase HTTP method like "POST".', 16384)
 2 APPPATH\Config\Routes\UserRoutes.php(63): CodeIgniter\Router\RouteCollection->match([...], 'track-order', 'OrderController::track_order', [...])
 3 APPPATH\Config\Routes\UserRoutes.php(23): App\Config\Routes\UserRoutes::defineRoutes(Object(CodeIgniter\Router\RouteCollection))
 4 APPPATH\Config\Routes.php(21): App\Config\Routes\UserRoutes::init(Object(CodeIgniter\Router\RouteCollection))
 5 SYSTEMPATH\Router\RouteCollection.php(340): require('C:\\xampp\\htdocs\\smartstore\\app\\Config\\Routes.php')
 6 SYSTEMPATH\CodeIgniter.php(823): CodeIgniter\Router\RouteCollection->loadRoutes()
 7 SYSTEMPATH\CodeIgniter.php(457): CodeIgniter\CodeIgniter->tryToRouteIt(null)
 8 SYSTEMPATH\CodeIgniter.php(355): CodeIgniter\CodeIgniter->handleRequest(null, Object(Config\Cache), false)
 9 SYSTEMPATH\Boot.php(325): CodeIgniter\CodeIgniter->run()
10 SYSTEMPATH\Boot.php(67): CodeIgniter\Boot::runCodeIgniter(Object(CodeIgniter\CodeIgniter))
11 FCPATH\index.php(63): CodeIgniter\Boot::bootWeb(Object(Config\Paths))
WARNING - 2025-05-31 18:18:10 --> [DEPRECATED] Passing lowercase HTTP method "get" is deprecated. Use uppercase HTTP method like "GET". in SYSTEMPATH\Router\RouteCollection.php on line 1027.
 1 SYSTEMPATH\Router\RouteCollection.php(1027): trigger_error('Passing lowercase HTTP method "get" is deprecated. Use uppercase HTTP method like "GET".', 16384)
 2 APPPATH\Config\Routes\UserRoutes.php(49): CodeIgniter\Router\RouteCollection->match([...], 'submit_review', 'ClientController::submit_review', [...])
 3 APPPATH\Config\Routes\UserRoutes.php(26): App\Config\Routes\UserRoutes::defineRoutes(Object(CodeIgniter\Router\RouteCollection))
 4 SYSTEMPATH\Router\RouteCollection.php(800): App\Config\Routes\UserRoutes::App\Config\Routes\{closure}(Object(CodeIgniter\Router\RouteCollection))
 5 APPPATH\Config\Routes\UserRoutes.php(25): CodeIgniter\Router\RouteCollection->group('{locale}', Object(Closure))
 6 APPPATH\Config\Routes.php(21): App\Config\Routes\UserRoutes::init(Object(CodeIgniter\Router\RouteCollection))
 7 SYSTEMPATH\Router\RouteCollection.php(340): require('C:\\xampp\\htdocs\\smartstore\\app\\Config\\Routes.php')
 8 SYSTEMPATH\CodeIgniter.php(823): CodeIgniter\Router\RouteCollection->loadRoutes()
 9 SYSTEMPATH\CodeIgniter.php(457): CodeIgniter\CodeIgniter->tryToRouteIt(null)
10 SYSTEMPATH\CodeIgniter.php(355): CodeIgniter\CodeIgniter->handleRequest(null, Object(Config\Cache), false)
11 SYSTEMPATH\Boot.php(325): CodeIgniter\CodeIgniter->run()
12 SYSTEMPATH\Boot.php(67): CodeIgniter\Boot::runCodeIgniter(Object(CodeIgniter\CodeIgniter))
13 FCPATH\index.php(63): CodeIgniter\Boot::bootWeb(Object(Config\Paths))
WARNING - 2025-05-31 18:18:10 --> [DEPRECATED] Passing lowercase HTTP method "post" is deprecated. Use uppercase HTTP method like "POST". in SYSTEMPATH\Router\RouteCollection.php on line 1027.
 1 SYSTEMPATH\Router\RouteCollection.php(1027): trigger_error('Passing lowercase HTTP method "post" is deprecated. Use uppercase HTTP method like "POST".', 16384)
 2 APPPATH\Config\Routes\UserRoutes.php(49): CodeIgniter\Router\RouteCollection->match([...], 'submit_review', 'ClientController::submit_review', [...])
 3 APPPATH\Config\Routes\UserRoutes.php(26): App\Config\Routes\UserRoutes::defineRoutes(Object(CodeIgniter\Router\RouteCollection))
 4 SYSTEMPATH\Router\RouteCollection.php(800): App\Config\Routes\UserRoutes::App\Config\Routes\{closure}(Object(CodeIgniter\Router\RouteCollection))
 5 APPPATH\Config\Routes\UserRoutes.php(25): CodeIgniter\Router\RouteCollection->group('{locale}', Object(Closure))
 6 APPPATH\Config\Routes.php(21): App\Config\Routes\UserRoutes::init(Object(CodeIgniter\Router\RouteCollection))
 7 SYSTEMPATH\Router\RouteCollection.php(340): require('C:\\xampp\\htdocs\\smartstore\\app\\Config\\Routes.php')
 8 SYSTEMPATH\CodeIgniter.php(823): CodeIgniter\Router\RouteCollection->loadRoutes()
 9 SYSTEMPATH\CodeIgniter.php(457): CodeIgniter\CodeIgniter->tryToRouteIt(null)
10 SYSTEMPATH\CodeIgniter.php(355): CodeIgniter\CodeIgniter->handleRequest(null, Object(Config\Cache), false)
11 SYSTEMPATH\Boot.php(325): CodeIgniter\CodeIgniter->run()
12 SYSTEMPATH\Boot.php(67): CodeIgniter\Boot::runCodeIgniter(Object(CodeIgniter\CodeIgniter))
13 FCPATH\index.php(63): CodeIgniter\Boot::bootWeb(Object(Config\Paths))
WARNING - 2025-05-31 18:18:10 --> [DEPRECATED] Passing lowercase HTTP method "get" is deprecated. Use uppercase HTTP method like "GET". in SYSTEMPATH\Router\RouteCollection.php on line 1027.
 1 SYSTEMPATH\Router\RouteCollection.php(1027): trigger_error('Passing lowercase HTTP method "get" is deprecated. Use uppercase HTTP method like "GET".', 16384)
 2 APPPATH\Config\Routes\UserRoutes.php(63): CodeIgniter\Router\RouteCollection->match([...], 'track-order', 'OrderController::track_order', [...])
 3 APPPATH\Config\Routes\UserRoutes.php(26): App\Config\Routes\UserRoutes::defineRoutes(Object(CodeIgniter\Router\RouteCollection))
 4 SYSTEMPATH\Router\RouteCollection.php(800): App\Config\Routes\UserRoutes::App\Config\Routes\{closure}(Object(CodeIgniter\Router\RouteCollection))
 5 APPPATH\Config\Routes\UserRoutes.php(25): CodeIgniter\Router\RouteCollection->group('{locale}', Object(Closure))
 6 APPPATH\Config\Routes.php(21): App\Config\Routes\UserRoutes::init(Object(CodeIgniter\Router\RouteCollection))
 7 SYSTEMPATH\Router\RouteCollection.php(340): require('C:\\xampp\\htdocs\\smartstore\\app\\Config\\Routes.php')
 8 SYSTEMPATH\CodeIgniter.php(823): CodeIgniter\Router\RouteCollection->loadRoutes()
 9 SYSTEMPATH\CodeIgniter.php(457): CodeIgniter\CodeIgniter->tryToRouteIt(null)
10 SYSTEMPATH\CodeIgniter.php(355): CodeIgniter\CodeIgniter->handleRequest(null, Object(Config\Cache), false)
11 SYSTEMPATH\Boot.php(325): CodeIgniter\CodeIgniter->run()
12 SYSTEMPATH\Boot.php(67): CodeIgniter\Boot::runCodeIgniter(Object(CodeIgniter\CodeIgniter))
13 FCPATH\index.php(63): CodeIgniter\Boot::bootWeb(Object(Config\Paths))
WARNING - 2025-05-31 18:18:10 --> [DEPRECATED] Passing lowercase HTTP method "post" is deprecated. Use uppercase HTTP method like "POST". in SYSTEMPATH\Router\RouteCollection.php on line 1027.
 1 SYSTEMPATH\Router\RouteCollection.php(1027): trigger_error('Passing lowercase HTTP method "post" is deprecated. Use uppercase HTTP method like "POST".', 16384)
 2 APPPATH\Config\Routes\UserRoutes.php(63): CodeIgniter\Router\RouteCollection->match([...], 'track-order', 'OrderController::track_order', [...])
 3 APPPATH\Config\Routes\UserRoutes.php(26): App\Config\Routes\UserRoutes::defineRoutes(Object(CodeIgniter\Router\RouteCollection))
 4 SYSTEMPATH\Router\RouteCollection.php(800): App\Config\Routes\UserRoutes::App\Config\Routes\{closure}(Object(CodeIgniter\Router\RouteCollection))
 5 APPPATH\Config\Routes\UserRoutes.php(25): CodeIgniter\Router\RouteCollection->group('{locale}', Object(Closure))
 6 APPPATH\Config\Routes.php(21): App\Config\Routes\UserRoutes::init(Object(CodeIgniter\Router\RouteCollection))
 7 SYSTEMPATH\Router\RouteCollection.php(340): require('C:\\xampp\\htdocs\\smartstore\\app\\Config\\Routes.php')
 8 SYSTEMPATH\CodeIgniter.php(823): CodeIgniter\Router\RouteCollection->loadRoutes()
 9 SYSTEMPATH\CodeIgniter.php(457): CodeIgniter\CodeIgniter->tryToRouteIt(null)
10 SYSTEMPATH\CodeIgniter.php(355): CodeIgniter\CodeIgniter->handleRequest(null, Object(Config\Cache), false)
11 SYSTEMPATH\Boot.php(325): CodeIgniter\CodeIgniter->run()
12 SYSTEMPATH\Boot.php(67): CodeIgniter\Boot::runCodeIgniter(Object(CodeIgniter\CodeIgniter))
13 FCPATH\index.php(63): CodeIgniter\Boot::bootWeb(Object(Config\Paths))
INFO - 2025-05-31 18:18:10 --> Session: Class initialized using 'CodeIgniter\Session\Handlers\FileHandler' driver.
WARNING - 2025-05-31 18:18:10 --> [DEPRECATED] Creation of dynamic property App\Models\Admin\ServicesModel::$blog_posts_lang_builder is deprecated in APPPATH\Models\Admin\MyAdminModel.php on line 15.
 1 APPPATH\Models\Admin\ServicesModel.php(10): App\Models\Admin\MyAdminModel->__construct()
 2 APPPATH\Controllers\Admin\ServicesController.php(19): App\Models\Admin\ServicesModel->__construct()
 3 SYSTEMPATH\CodeIgniter.php(903): App\Controllers\Admin\ServicesController->__construct()
 4 SYSTEMPATH\CodeIgniter.php(500): CodeIgniter\CodeIgniter->createController()
 5 SYSTEMPATH\CodeIgniter.php(355): CodeIgniter\CodeIgniter->handleRequest(null, Object(Config\Cache), false)
 6 SYSTEMPATH\Boot.php(325): CodeIgniter\CodeIgniter->run()
 7 SYSTEMPATH\Boot.php(67): CodeIgniter\Boot::runCodeIgniter(Object(CodeIgniter\CodeIgniter))
 8 FCPATH\index.php(63): CodeIgniter\Boot::bootWeb(Object(Config\Paths))
WARNING - 2025-05-31 18:18:10 --> [DEPRECATED] Creation of dynamic property App\Models\Admin\ServicesModel::$lang_list_builder is deprecated in APPPATH\Models\Admin\MyAdminModel.php on line 16.
 1 APPPATH\Models\Admin\ServicesModel.php(10): App\Models\Admin\MyAdminModel->__construct()
 2 APPPATH\Controllers\Admin\ServicesController.php(19): App\Models\Admin\ServicesModel->__construct()
 3 SYSTEMPATH\CodeIgniter.php(903): App\Controllers\Admin\ServicesController->__construct()
 4 SYSTEMPATH\CodeIgniter.php(500): CodeIgniter\CodeIgniter->createController()
 5 SYSTEMPATH\CodeIgniter.php(355): CodeIgniter\CodeIgniter->handleRequest(null, Object(Config\Cache), false)
 6 SYSTEMPATH\Boot.php(325): CodeIgniter\CodeIgniter->run()
 7 SYSTEMPATH\Boot.php(67): CodeIgniter\Boot::runCodeIgniter(Object(CodeIgniter\CodeIgniter))
 8 FCPATH\index.php(63): CodeIgniter\Boot::bootWeb(Object(Config\Paths))
WARNING - 2025-05-31 18:18:10 --> [DEPRECATED] Creation of dynamic property App\Models\Admin\ServicesModel::$field_search_accepted is deprecated in APPPATH\Models\Admin\ServicesModel.php on line 13.
 1 APPPATH\Controllers\Admin\ServicesController.php(19): App\Models\Admin\ServicesModel->__construct()
 2 SYSTEMPATH\CodeIgniter.php(903): App\Controllers\Admin\ServicesController->__construct()
 3 SYSTEMPATH\CodeIgniter.php(500): CodeIgniter\CodeIgniter->createController()
 4 SYSTEMPATH\CodeIgniter.php(355): CodeIgniter\CodeIgniter->handleRequest(null, Object(Config\Cache), false)
 5 SYSTEMPATH\Boot.php(325): CodeIgniter\CodeIgniter->run()
 6 SYSTEMPATH\Boot.php(67): CodeIgniter\Boot::runCodeIgniter(Object(CodeIgniter\CodeIgniter))
 7 FCPATH\index.php(63): CodeIgniter\Boot::bootWeb(Object(Config\Paths))
WARNING - 2025-05-31 18:18:11 --> [DEPRECATED] Creation of dynamic property App\Requests\Admin\ServicesRequest::$not_allowed_fields_for_js_validate is deprecated in APPPATH\Requests\Admin\MyAdminRequest.php on line 16.
 1 APPPATH\Requests\Admin\ServicesRequest.php(11): App\Requests\Admin\MyAdminRequest->__construct()
 2 APPPATH\Controllers\Admin\ServicesController.php(20): App\Requests\Admin\ServicesRequest->__construct()
 3 SYSTEMPATH\CodeIgniter.php(903): App\Controllers\Admin\ServicesController->__construct()
 4 SYSTEMPATH\CodeIgniter.php(500): CodeIgniter\CodeIgniter->createController()
 5 SYSTEMPATH\CodeIgniter.php(355): CodeIgniter\CodeIgniter->handleRequest(null, Object(Config\Cache), false)
 6 SYSTEMPATH\Boot.php(325): CodeIgniter\CodeIgniter->run()
 7 SYSTEMPATH\Boot.php(67): CodeIgniter\Boot::runCodeIgniter(Object(CodeIgniter\CodeIgniter))
 8 FCPATH\index.php(63): CodeIgniter\Boot::bootWeb(Object(Config\Paths))
WARNING - 2025-05-31 18:18:28 --> [DEPRECATED] Passing lowercase HTTP method "get" is deprecated. Use uppercase HTTP method like "GET". in SYSTEMPATH\Router\RouteCollection.php on line 1027.
 1 SYSTEMPATH\Router\RouteCollection.php(1027): trigger_error('Passing lowercase HTTP method "get" is deprecated. Use uppercase HTTP method like "GET".', 16384)
 2 APPPATH\Config\Routes\AdminRoutes.php(65): CodeIgniter\Router\RouteCollection->match([...], 'send_test_mail', 'SettingsController::send_test_mail')
 3 SYSTEMPATH\Router\RouteCollection.php(800): App\Config\Routes\AdminRoutes::App\Config\Routes\{closure}(Object(CodeIgniter\Router\RouteCollection))
 4 APPPATH\Config\Routes\AdminRoutes.php(63): CodeIgniter\Router\RouteCollection->group('settings', [...], Object(Closure))
 5 SYSTEMPATH\Router\RouteCollection.php(800): App\Config\Routes\AdminRoutes::App\Config\Routes\{closure}(Object(CodeIgniter\Router\RouteCollection))
 6 APPPATH\Config\Routes\AdminRoutes.php(28): CodeIgniter\Router\RouteCollection->group('admin', [...], Object(Closure))
 7 APPPATH\Config\Routes.php(20): App\Config\Routes\AdminRoutes::init(Object(CodeIgniter\Router\RouteCollection))
 8 SYSTEMPATH\Router\RouteCollection.php(340): require('C:\\xampp\\htdocs\\smartstore\\app\\Config\\Routes.php')
 9 SYSTEMPATH\CodeIgniter.php(823): CodeIgniter\Router\RouteCollection->loadRoutes()
10 SYSTEMPATH\CodeIgniter.php(457): CodeIgniter\CodeIgniter->tryToRouteIt(null)
11 SYSTEMPATH\CodeIgniter.php(355): CodeIgniter\CodeIgniter->handleRequest(null, Object(Config\Cache), false)
12 SYSTEMPATH\Boot.php(325): CodeIgniter\CodeIgniter->run()
13 SYSTEMPATH\Boot.php(67): CodeIgniter\Boot::runCodeIgniter(Object(CodeIgniter\CodeIgniter))
14 FCPATH\index.php(63): CodeIgniter\Boot::bootWeb(Object(Config\Paths))
WARNING - 2025-05-31 18:18:28 --> [DEPRECATED] Passing lowercase HTTP method "post" is deprecated. Use uppercase HTTP method like "POST". in SYSTEMPATH\Router\RouteCollection.php on line 1027.
 1 SYSTEMPATH\Router\RouteCollection.php(1027): trigger_error('Passing lowercase HTTP method "post" is deprecated. Use uppercase HTTP method like "POST".', 16384)
 2 APPPATH\Config\Routes\AdminRoutes.php(65): CodeIgniter\Router\RouteCollection->match([...], 'send_test_mail', 'SettingsController::send_test_mail')
 3 SYSTEMPATH\Router\RouteCollection.php(800): App\Config\Routes\AdminRoutes::App\Config\Routes\{closure}(Object(CodeIgniter\Router\RouteCollection))
 4 APPPATH\Config\Routes\AdminRoutes.php(63): CodeIgniter\Router\RouteCollection->group('settings', [...], Object(Closure))
 5 SYSTEMPATH\Router\RouteCollection.php(800): App\Config\Routes\AdminRoutes::App\Config\Routes\{closure}(Object(CodeIgniter\Router\RouteCollection))
 6 APPPATH\Config\Routes\AdminRoutes.php(28): CodeIgniter\Router\RouteCollection->group('admin', [...], Object(Closure))
 7 APPPATH\Config\Routes.php(20): App\Config\Routes\AdminRoutes::init(Object(CodeIgniter\Router\RouteCollection))
 8 SYSTEMPATH\Router\RouteCollection.php(340): require('C:\\xampp\\htdocs\\smartstore\\app\\Config\\Routes.php')
 9 SYSTEMPATH\CodeIgniter.php(823): CodeIgniter\Router\RouteCollection->loadRoutes()
10 SYSTEMPATH\CodeIgniter.php(457): CodeIgniter\CodeIgniter->tryToRouteIt(null)
11 SYSTEMPATH\CodeIgniter.php(355): CodeIgniter\CodeIgniter->handleRequest(null, Object(Config\Cache), false)
12 SYSTEMPATH\Boot.php(325): CodeIgniter\CodeIgniter->run()
13 SYSTEMPATH\Boot.php(67): CodeIgniter\Boot::runCodeIgniter(Object(CodeIgniter\CodeIgniter))
14 FCPATH\index.php(63): CodeIgniter\Boot::bootWeb(Object(Config\Paths))
WARNING - 2025-05-31 18:18:28 --> [DEPRECATED] Passing lowercase HTTP method "get" is deprecated. Use uppercase HTTP method like "GET". in SYSTEMPATH\Router\RouteCollection.php on line 1027.
 1 SYSTEMPATH\Router\RouteCollection.php(1027): trigger_error('Passing lowercase HTTP method "get" is deprecated. Use uppercase HTTP method like "GET".', 16384)
 2 APPPATH\Config\Routes\AdminRoutes.php(76): CodeIgniter\Router\RouteCollection->match([...], 'elfinder_connector', 'FilemanagerController::elfinder_connector')
 3 SYSTEMPATH\Router\RouteCollection.php(800): App\Config\Routes\AdminRoutes::App\Config\Routes\{closure}(Object(CodeIgniter\Router\RouteCollection))
 4 APPPATH\Config\Routes\AdminRoutes.php(73): CodeIgniter\Router\RouteCollection->group('filemanager', [...], Object(Closure))
 5 SYSTEMPATH\Router\RouteCollection.php(800): App\Config\Routes\AdminRoutes::App\Config\Routes\{closure}(Object(CodeIgniter\Router\RouteCollection))
 6 APPPATH\Config\Routes\AdminRoutes.php(28): CodeIgniter\Router\RouteCollection->group('admin', [...], Object(Closure))
 7 APPPATH\Config\Routes.php(20): App\Config\Routes\AdminRoutes::init(Object(CodeIgniter\Router\RouteCollection))
 8 SYSTEMPATH\Router\RouteCollection.php(340): require('C:\\xampp\\htdocs\\smartstore\\app\\Config\\Routes.php')
 9 SYSTEMPATH\CodeIgniter.php(823): CodeIgniter\Router\RouteCollection->loadRoutes()
10 SYSTEMPATH\CodeIgniter.php(457): CodeIgniter\CodeIgniter->tryToRouteIt(null)
11 SYSTEMPATH\CodeIgniter.php(355): CodeIgniter\CodeIgniter->handleRequest(null, Object(Config\Cache), false)
12 SYSTEMPATH\Boot.php(325): CodeIgniter\CodeIgniter->run()
13 SYSTEMPATH\Boot.php(67): CodeIgniter\Boot::runCodeIgniter(Object(CodeIgniter\CodeIgniter))
14 FCPATH\index.php(63): CodeIgniter\Boot::bootWeb(Object(Config\Paths))
WARNING - 2025-05-31 18:18:28 --> [DEPRECATED] Passing lowercase HTTP method "post" is deprecated. Use uppercase HTTP method like "POST". in SYSTEMPATH\Router\RouteCollection.php on line 1027.
 1 SYSTEMPATH\Router\RouteCollection.php(1027): trigger_error('Passing lowercase HTTP method "post" is deprecated. Use uppercase HTTP method like "POST".', 16384)
 2 APPPATH\Config\Routes\AdminRoutes.php(76): CodeIgniter\Router\RouteCollection->match([...], 'elfinder_connector', 'FilemanagerController::elfinder_connector')
 3 SYSTEMPATH\Router\RouteCollection.php(800): App\Config\Routes\AdminRoutes::App\Config\Routes\{closure}(Object(CodeIgniter\Router\RouteCollection))
 4 APPPATH\Config\Routes\AdminRoutes.php(73): CodeIgniter\Router\RouteCollection->group('filemanager', [...], Object(Closure))
 5 SYSTEMPATH\Router\RouteCollection.php(800): App\Config\Routes\AdminRoutes::App\Config\Routes\{closure}(Object(CodeIgniter\Router\RouteCollection))
 6 APPPATH\Config\Routes\AdminRoutes.php(28): CodeIgniter\Router\RouteCollection->group('admin', [...], Object(Closure))
 7 APPPATH\Config\Routes.php(20): App\Config\Routes\AdminRoutes::init(Object(CodeIgniter\Router\RouteCollection))
 8 SYSTEMPATH\Router\RouteCollection.php(340): require('C:\\xampp\\htdocs\\smartstore\\app\\Config\\Routes.php')
 9 SYSTEMPATH\CodeIgniter.php(823): CodeIgniter\Router\RouteCollection->loadRoutes()
10 SYSTEMPATH\CodeIgniter.php(457): CodeIgniter\CodeIgniter->tryToRouteIt(null)
11 SYSTEMPATH\CodeIgniter.php(355): CodeIgniter\CodeIgniter->handleRequest(null, Object(Config\Cache), false)
12 SYSTEMPATH\Boot.php(325): CodeIgniter\CodeIgniter->run()
13 SYSTEMPATH\Boot.php(67): CodeIgniter\Boot::runCodeIgniter(Object(CodeIgniter\CodeIgniter))
14 FCPATH\index.php(63): CodeIgniter\Boot::bootWeb(Object(Config\Paths))
WARNING - 2025-05-31 18:18:28 --> [DEPRECATED] Passing lowercase HTTP method "get" is deprecated. Use uppercase HTTP method like "GET". in SYSTEMPATH\Router\RouteCollection.php on line 1027.
 1 SYSTEMPATH\Router\RouteCollection.php(1027): trigger_error('Passing lowercase HTTP method "get" is deprecated. Use uppercase HTTP method like "GET".', 16384)
 2 APPPATH\Config\Routes\AdminRoutes.php(172): CodeIgniter\Router\RouteCollection->match([...], 'sync_services/?(:num)?', 'ProvidersController::sync_services/$1')
 3 SYSTEMPATH\Router\RouteCollection.php(800): App\Config\Routes\AdminRoutes::App\Config\Routes\{closure}(Object(CodeIgniter\Router\RouteCollection))
 4 APPPATH\Config\Routes\AdminRoutes.php(167): CodeIgniter\Router\RouteCollection->group('providers', [...], Object(Closure))
 5 SYSTEMPATH\Router\RouteCollection.php(800): App\Config\Routes\AdminRoutes::App\Config\Routes\{closure}(Object(CodeIgniter\Router\RouteCollection))
 6 APPPATH\Config\Routes\AdminRoutes.php(28): CodeIgniter\Router\RouteCollection->group('admin', [...], Object(Closure))
 7 APPPATH\Config\Routes.php(20): App\Config\Routes\AdminRoutes::init(Object(CodeIgniter\Router\RouteCollection))
 8 SYSTEMPATH\Router\RouteCollection.php(340): require('C:\\xampp\\htdocs\\smartstore\\app\\Config\\Routes.php')
 9 SYSTEMPATH\CodeIgniter.php(823): CodeIgniter\Router\RouteCollection->loadRoutes()
10 SYSTEMPATH\CodeIgniter.php(457): CodeIgniter\CodeIgniter->tryToRouteIt(null)
11 SYSTEMPATH\CodeIgniter.php(355): CodeIgniter\CodeIgniter->handleRequest(null, Object(Config\Cache), false)
12 SYSTEMPATH\Boot.php(325): CodeIgniter\CodeIgniter->run()
13 SYSTEMPATH\Boot.php(67): CodeIgniter\Boot::runCodeIgniter(Object(CodeIgniter\CodeIgniter))
14 FCPATH\index.php(63): CodeIgniter\Boot::bootWeb(Object(Config\Paths))
WARNING - 2025-05-31 18:18:28 --> [DEPRECATED] Passing lowercase HTTP method "post" is deprecated. Use uppercase HTTP method like "POST". in SYSTEMPATH\Router\RouteCollection.php on line 1027.
 1 SYSTEMPATH\Router\RouteCollection.php(1027): trigger_error('Passing lowercase HTTP method "post" is deprecated. Use uppercase HTTP method like "POST".', 16384)
 2 APPPATH\Config\Routes\AdminRoutes.php(172): CodeIgniter\Router\RouteCollection->match([...], 'sync_services/?(:num)?', 'ProvidersController::sync_services/$1')
 3 SYSTEMPATH\Router\RouteCollection.php(800): App\Config\Routes\AdminRoutes::App\Config\Routes\{closure}(Object(CodeIgniter\Router\RouteCollection))
 4 APPPATH\Config\Routes\AdminRoutes.php(167): CodeIgniter\Router\RouteCollection->group('providers', [...], Object(Closure))
 5 SYSTEMPATH\Router\RouteCollection.php(800): App\Config\Routes\AdminRoutes::App\Config\Routes\{closure}(Object(CodeIgniter\Router\RouteCollection))
 6 APPPATH\Config\Routes\AdminRoutes.php(28): CodeIgniter\Router\RouteCollection->group('admin', [...], Object(Closure))
 7 APPPATH\Config\Routes.php(20): App\Config\Routes\AdminRoutes::init(Object(CodeIgniter\Router\RouteCollection))
 8 SYSTEMPATH\Router\RouteCollection.php(340): require('C:\\xampp\\htdocs\\smartstore\\app\\Config\\Routes.php')
 9 SYSTEMPATH\CodeIgniter.php(823): CodeIgniter\Router\RouteCollection->loadRoutes()
10 SYSTEMPATH\CodeIgniter.php(457): CodeIgniter\CodeIgniter->tryToRouteIt(null)
11 SYSTEMPATH\CodeIgniter.php(355): CodeIgniter\CodeIgniter->handleRequest(null, Object(Config\Cache), false)
12 SYSTEMPATH\Boot.php(325): CodeIgniter\CodeIgniter->run()
13 SYSTEMPATH\Boot.php(67): CodeIgniter\Boot::runCodeIgniter(Object(CodeIgniter\CodeIgniter))
14 FCPATH\index.php(63): CodeIgniter\Boot::bootWeb(Object(Config\Paths))
WARNING - 2025-05-31 18:18:28 --> [DEPRECATED] Passing lowercase HTTP method "get" is deprecated. Use uppercase HTTP method like "GET". in SYSTEMPATH\Router\RouteCollection.php on line 1027.
 1 SYSTEMPATH\Router\RouteCollection.php(1027): trigger_error('Passing lowercase HTTP method "get" is deprecated. Use uppercase HTTP method like "GET".', 16384)
 2 APPPATH\Config\Routes\AdminRoutes.php(185): CodeIgniter\Router\RouteCollection->match([...], 'add_note/?(:num)?', 'UsersController::add_note/$1')
 3 SYSTEMPATH\Router\RouteCollection.php(800): App\Config\Routes\AdminRoutes::App\Config\Routes\{closure}(Object(CodeIgniter\Router\RouteCollection))
 4 APPPATH\Config\Routes\AdminRoutes.php(182): CodeIgniter\Router\RouteCollection->group('users', [...], Object(Closure))
 5 SYSTEMPATH\Router\RouteCollection.php(800): App\Config\Routes\AdminRoutes::App\Config\Routes\{closure}(Object(CodeIgniter\Router\RouteCollection))
 6 APPPATH\Config\Routes\AdminRoutes.php(28): CodeIgniter\Router\RouteCollection->group('admin', [...], Object(Closure))
 7 APPPATH\Config\Routes.php(20): App\Config\Routes\AdminRoutes::init(Object(CodeIgniter\Router\RouteCollection))
 8 SYSTEMPATH\Router\RouteCollection.php(340): require('C:\\xampp\\htdocs\\smartstore\\app\\Config\\Routes.php')
 9 SYSTEMPATH\CodeIgniter.php(823): CodeIgniter\Router\RouteCollection->loadRoutes()
10 SYSTEMPATH\CodeIgniter.php(457): CodeIgniter\CodeIgniter->tryToRouteIt(null)
11 SYSTEMPATH\CodeIgniter.php(355): CodeIgniter\CodeIgniter->handleRequest(null, Object(Config\Cache), false)
12 SYSTEMPATH\Boot.php(325): CodeIgniter\CodeIgniter->run()
13 SYSTEMPATH\Boot.php(67): CodeIgniter\Boot::runCodeIgniter(Object(CodeIgniter\CodeIgniter))
14 FCPATH\index.php(63): CodeIgniter\Boot::bootWeb(Object(Config\Paths))
WARNING - 2025-05-31 18:18:28 --> [DEPRECATED] Passing lowercase HTTP method "post" is deprecated. Use uppercase HTTP method like "POST". in SYSTEMPATH\Router\RouteCollection.php on line 1027.
 1 SYSTEMPATH\Router\RouteCollection.php(1027): trigger_error('Passing lowercase HTTP method "post" is deprecated. Use uppercase HTTP method like "POST".', 16384)
 2 APPPATH\Config\Routes\AdminRoutes.php(185): CodeIgniter\Router\RouteCollection->match([...], 'add_note/?(:num)?', 'UsersController::add_note/$1')
 3 SYSTEMPATH\Router\RouteCollection.php(800): App\Config\Routes\AdminRoutes::App\Config\Routes\{closure}(Object(CodeIgniter\Router\RouteCollection))
 4 APPPATH\Config\Routes\AdminRoutes.php(182): CodeIgniter\Router\RouteCollection->group('users', [...], Object(Closure))
 5 SYSTEMPATH\Router\RouteCollection.php(800): App\Config\Routes\AdminRoutes::App\Config\Routes\{closure}(Object(CodeIgniter\Router\RouteCollection))
 6 APPPATH\Config\Routes\AdminRoutes.php(28): CodeIgniter\Router\RouteCollection->group('admin', [...], Object(Closure))
 7 APPPATH\Config\Routes.php(20): App\Config\Routes\AdminRoutes::init(Object(CodeIgniter\Router\RouteCollection))
 8 SYSTEMPATH\Router\RouteCollection.php(340): require('C:\\xampp\\htdocs\\smartstore\\app\\Config\\Routes.php')
 9 SYSTEMPATH\CodeIgniter.php(823): CodeIgniter\Router\RouteCollection->loadRoutes()
10 SYSTEMPATH\CodeIgniter.php(457): CodeIgniter\CodeIgniter->tryToRouteIt(null)
11 SYSTEMPATH\CodeIgniter.php(355): CodeIgniter\CodeIgniter->handleRequest(null, Object(Config\Cache), false)
12 SYSTEMPATH\Boot.php(325): CodeIgniter\CodeIgniter->run()
13 SYSTEMPATH\Boot.php(67): CodeIgniter\Boot::runCodeIgniter(Object(CodeIgniter\CodeIgniter))
14 FCPATH\index.php(63): CodeIgniter\Boot::bootWeb(Object(Config\Paths))
WARNING - 2025-05-31 18:18:28 --> [DEPRECATED] Passing lowercase HTTP method "get" is deprecated. Use uppercase HTTP method like "GET". in SYSTEMPATH\Router\RouteCollection.php on line 1027.
 1 SYSTEMPATH\Router\RouteCollection.php(1027): trigger_error('Passing lowercase HTTP method "get" is deprecated. Use uppercase HTTP method like "GET".', 16384)
 2 APPPATH\Config\Routes\AdminRoutes.php(186): CodeIgniter\Router\RouteCollection->match([...], 'send_mail/?(:num)?', 'UsersController::send_mail/$1')
 3 SYSTEMPATH\Router\RouteCollection.php(800): App\Config\Routes\AdminRoutes::App\Config\Routes\{closure}(Object(CodeIgniter\Router\RouteCollection))
 4 APPPATH\Config\Routes\AdminRoutes.php(182): CodeIgniter\Router\RouteCollection->group('users', [...], Object(Closure))
 5 SYSTEMPATH\Router\RouteCollection.php(800): App\Config\Routes\AdminRoutes::App\Config\Routes\{closure}(Object(CodeIgniter\Router\RouteCollection))
 6 APPPATH\Config\Routes\AdminRoutes.php(28): CodeIgniter\Router\RouteCollection->group('admin', [...], Object(Closure))
 7 APPPATH\Config\Routes.php(20): App\Config\Routes\AdminRoutes::init(Object(CodeIgniter\Router\RouteCollection))
 8 SYSTEMPATH\Router\RouteCollection.php(340): require('C:\\xampp\\htdocs\\smartstore\\app\\Config\\Routes.php')
 9 SYSTEMPATH\CodeIgniter.php(823): CodeIgniter\Router\RouteCollection->loadRoutes()
10 SYSTEMPATH\CodeIgniter.php(457): CodeIgniter\CodeIgniter->tryToRouteIt(null)
11 SYSTEMPATH\CodeIgniter.php(355): CodeIgniter\CodeIgniter->handleRequest(null, Object(Config\Cache), false)
12 SYSTEMPATH\Boot.php(325): CodeIgniter\CodeIgniter->run()
13 SYSTEMPATH\Boot.php(67): CodeIgniter\Boot::runCodeIgniter(Object(CodeIgniter\CodeIgniter))
14 FCPATH\index.php(63): CodeIgniter\Boot::bootWeb(Object(Config\Paths))
WARNING - 2025-05-31 18:18:28 --> [DEPRECATED] Passing lowercase HTTP method "post" is deprecated. Use uppercase HTTP method like "POST". in SYSTEMPATH\Router\RouteCollection.php on line 1027.
 1 SYSTEMPATH\Router\RouteCollection.php(1027): trigger_error('Passing lowercase HTTP method "post" is deprecated. Use uppercase HTTP method like "POST".', 16384)
 2 APPPATH\Config\Routes\AdminRoutes.php(186): CodeIgniter\Router\RouteCollection->match([...], 'send_mail/?(:num)?', 'UsersController::send_mail/$1')
 3 SYSTEMPATH\Router\RouteCollection.php(800): App\Config\Routes\AdminRoutes::App\Config\Routes\{closure}(Object(CodeIgniter\Router\RouteCollection))
 4 APPPATH\Config\Routes\AdminRoutes.php(182): CodeIgniter\Router\RouteCollection->group('users', [...], Object(Closure))
 5 SYSTEMPATH\Router\RouteCollection.php(800): App\Config\Routes\AdminRoutes::App\Config\Routes\{closure}(Object(CodeIgniter\Router\RouteCollection))
 6 APPPATH\Config\Routes\AdminRoutes.php(28): CodeIgniter\Router\RouteCollection->group('admin', [...], Object(Closure))
 7 APPPATH\Config\Routes.php(20): App\Config\Routes\AdminRoutes::init(Object(CodeIgniter\Router\RouteCollection))
 8 SYSTEMPATH\Router\RouteCollection.php(340): require('C:\\xampp\\htdocs\\smartstore\\app\\Config\\Routes.php')
 9 SYSTEMPATH\CodeIgniter.php(823): CodeIgniter\Router\RouteCollection->loadRoutes()
10 SYSTEMPATH\CodeIgniter.php(457): CodeIgniter\CodeIgniter->tryToRouteIt(null)
11 SYSTEMPATH\CodeIgniter.php(355): CodeIgniter\CodeIgniter->handleRequest(null, Object(Config\Cache), false)
12 SYSTEMPATH\Boot.php(325): CodeIgniter\CodeIgniter->run()
13 SYSTEMPATH\Boot.php(67): CodeIgniter\Boot::runCodeIgniter(Object(CodeIgniter\CodeIgniter))
14 FCPATH\index.php(63): CodeIgniter\Boot::bootWeb(Object(Config\Paths))
WARNING - 2025-05-31 18:18:28 --> [DEPRECATED] Passing lowercase HTTP method "get" is deprecated. Use uppercase HTTP method like "GET". in SYSTEMPATH\Router\RouteCollection.php on line 1027.
 1 SYSTEMPATH\Router\RouteCollection.php(1027): trigger_error('Passing lowercase HTTP method "get" is deprecated. Use uppercase HTTP method like "GET".', 16384)
 2 APPPATH\Config\Routes\AdminRoutes.php(215): CodeIgniter\Router\RouteCollection->match([...], 'send_mail/?(:num)?', 'TicketsController::send_mail/$1')
 3 SYSTEMPATH\Router\RouteCollection.php(800): App\Config\Routes\AdminRoutes::App\Config\Routes\{closure}(Object(CodeIgniter\Router\RouteCollection))
 4 APPPATH\Config\Routes\AdminRoutes.php(212): CodeIgniter\Router\RouteCollection->group('tickets', [...], Object(Closure))
 5 SYSTEMPATH\Router\RouteCollection.php(800): App\Config\Routes\AdminRoutes::App\Config\Routes\{closure}(Object(CodeIgniter\Router\RouteCollection))
 6 APPPATH\Config\Routes\AdminRoutes.php(28): CodeIgniter\Router\RouteCollection->group('admin', [...], Object(Closure))
 7 APPPATH\Config\Routes.php(20): App\Config\Routes\AdminRoutes::init(Object(CodeIgniter\Router\RouteCollection))
 8 SYSTEMPATH\Router\RouteCollection.php(340): require('C:\\xampp\\htdocs\\smartstore\\app\\Config\\Routes.php')
 9 SYSTEMPATH\CodeIgniter.php(823): CodeIgniter\Router\RouteCollection->loadRoutes()
10 SYSTEMPATH\CodeIgniter.php(457): CodeIgniter\CodeIgniter->tryToRouteIt(null)
11 SYSTEMPATH\CodeIgniter.php(355): CodeIgniter\CodeIgniter->handleRequest(null, Object(Config\Cache), false)
12 SYSTEMPATH\Boot.php(325): CodeIgniter\CodeIgniter->run()
13 SYSTEMPATH\Boot.php(67): CodeIgniter\Boot::runCodeIgniter(Object(CodeIgniter\CodeIgniter))
14 FCPATH\index.php(63): CodeIgniter\Boot::bootWeb(Object(Config\Paths))
WARNING - 2025-05-31 18:18:28 --> [DEPRECATED] Passing lowercase HTTP method "post" is deprecated. Use uppercase HTTP method like "POST". in SYSTEMPATH\Router\RouteCollection.php on line 1027.
 1 SYSTEMPATH\Router\RouteCollection.php(1027): trigger_error('Passing lowercase HTTP method "post" is deprecated. Use uppercase HTTP method like "POST".', 16384)
 2 APPPATH\Config\Routes\AdminRoutes.php(215): CodeIgniter\Router\RouteCollection->match([...], 'send_mail/?(:num)?', 'TicketsController::send_mail/$1')
 3 SYSTEMPATH\Router\RouteCollection.php(800): App\Config\Routes\AdminRoutes::App\Config\Routes\{closure}(Object(CodeIgniter\Router\RouteCollection))
 4 APPPATH\Config\Routes\AdminRoutes.php(212): CodeIgniter\Router\RouteCollection->group('tickets', [...], Object(Closure))
 5 SYSTEMPATH\Router\RouteCollection.php(800): App\Config\Routes\AdminRoutes::App\Config\Routes\{closure}(Object(CodeIgniter\Router\RouteCollection))
 6 APPPATH\Config\Routes\AdminRoutes.php(28): CodeIgniter\Router\RouteCollection->group('admin', [...], Object(Closure))
 7 APPPATH\Config\Routes.php(20): App\Config\Routes\AdminRoutes::init(Object(CodeIgniter\Router\RouteCollection))
 8 SYSTEMPATH\Router\RouteCollection.php(340): require('C:\\xampp\\htdocs\\smartstore\\app\\Config\\Routes.php')
 9 SYSTEMPATH\CodeIgniter.php(823): CodeIgniter\Router\RouteCollection->loadRoutes()
10 SYSTEMPATH\CodeIgniter.php(457): CodeIgniter\CodeIgniter->tryToRouteIt(null)
11 SYSTEMPATH\CodeIgniter.php(355): CodeIgniter\CodeIgniter->handleRequest(null, Object(Config\Cache), false)
12 SYSTEMPATH\Boot.php(325): CodeIgniter\CodeIgniter->run()
13 SYSTEMPATH\Boot.php(67): CodeIgniter\Boot::runCodeIgniter(Object(CodeIgniter\CodeIgniter))
14 FCPATH\index.php(63): CodeIgniter\Boot::bootWeb(Object(Config\Paths))
WARNING - 2025-05-31 18:18:28 --> [DEPRECATED] Passing lowercase HTTP method "get" is deprecated. Use uppercase HTTP method like "GET". in SYSTEMPATH\Router\RouteCollection.php on line 1027.
 1 SYSTEMPATH\Router\RouteCollection.php(1027): trigger_error('Passing lowercase HTTP method "get" is deprecated. Use uppercase HTTP method like "GET".', 16384)
 2 APPPATH\Config\Routes\UserRoutes.php(49): CodeIgniter\Router\RouteCollection->match([...], 'submit_review', 'ClientController::submit_review', [...])
 3 APPPATH\Config\Routes\UserRoutes.php(23): App\Config\Routes\UserRoutes::defineRoutes(Object(CodeIgniter\Router\RouteCollection))
 4 APPPATH\Config\Routes.php(21): App\Config\Routes\UserRoutes::init(Object(CodeIgniter\Router\RouteCollection))
 5 SYSTEMPATH\Router\RouteCollection.php(340): require('C:\\xampp\\htdocs\\smartstore\\app\\Config\\Routes.php')
 6 SYSTEMPATH\CodeIgniter.php(823): CodeIgniter\Router\RouteCollection->loadRoutes()
 7 SYSTEMPATH\CodeIgniter.php(457): CodeIgniter\CodeIgniter->tryToRouteIt(null)
 8 SYSTEMPATH\CodeIgniter.php(355): CodeIgniter\CodeIgniter->handleRequest(null, Object(Config\Cache), false)
 9 SYSTEMPATH\Boot.php(325): CodeIgniter\CodeIgniter->run()
10 SYSTEMPATH\Boot.php(67): CodeIgniter\Boot::runCodeIgniter(Object(CodeIgniter\CodeIgniter))
11 FCPATH\index.php(63): CodeIgniter\Boot::bootWeb(Object(Config\Paths))
WARNING - 2025-05-31 18:18:28 --> [DEPRECATED] Passing lowercase HTTP method "post" is deprecated. Use uppercase HTTP method like "POST". in SYSTEMPATH\Router\RouteCollection.php on line 1027.
 1 SYSTEMPATH\Router\RouteCollection.php(1027): trigger_error('Passing lowercase HTTP method "post" is deprecated. Use uppercase HTTP method like "POST".', 16384)
 2 APPPATH\Config\Routes\UserRoutes.php(49): CodeIgniter\Router\RouteCollection->match([...], 'submit_review', 'ClientController::submit_review', [...])
 3 APPPATH\Config\Routes\UserRoutes.php(23): App\Config\Routes\UserRoutes::defineRoutes(Object(CodeIgniter\Router\RouteCollection))
 4 APPPATH\Config\Routes.php(21): App\Config\Routes\UserRoutes::init(Object(CodeIgniter\Router\RouteCollection))
 5 SYSTEMPATH\Router\RouteCollection.php(340): require('C:\\xampp\\htdocs\\smartstore\\app\\Config\\Routes.php')
 6 SYSTEMPATH\CodeIgniter.php(823): CodeIgniter\Router\RouteCollection->loadRoutes()
 7 SYSTEMPATH\CodeIgniter.php(457): CodeIgniter\CodeIgniter->tryToRouteIt(null)
 8 SYSTEMPATH\CodeIgniter.php(355): CodeIgniter\CodeIgniter->handleRequest(null, Object(Config\Cache), false)
 9 SYSTEMPATH\Boot.php(325): CodeIgniter\CodeIgniter->run()
10 SYSTEMPATH\Boot.php(67): CodeIgniter\Boot::runCodeIgniter(Object(CodeIgniter\CodeIgniter))
11 FCPATH\index.php(63): CodeIgniter\Boot::bootWeb(Object(Config\Paths))
WARNING - 2025-05-31 18:18:28 --> [DEPRECATED] Passing lowercase HTTP method "get" is deprecated. Use uppercase HTTP method like "GET". in SYSTEMPATH\Router\RouteCollection.php on line 1027.
 1 SYSTEMPATH\Router\RouteCollection.php(1027): trigger_error('Passing lowercase HTTP method "get" is deprecated. Use uppercase HTTP method like "GET".', 16384)
 2 APPPATH\Config\Routes\UserRoutes.php(63): CodeIgniter\Router\RouteCollection->match([...], 'track-order', 'OrderController::track_order', [...])
 3 APPPATH\Config\Routes\UserRoutes.php(23): App\Config\Routes\UserRoutes::defineRoutes(Object(CodeIgniter\Router\RouteCollection))
 4 APPPATH\Config\Routes.php(21): App\Config\Routes\UserRoutes::init(Object(CodeIgniter\Router\RouteCollection))
 5 SYSTEMPATH\Router\RouteCollection.php(340): require('C:\\xampp\\htdocs\\smartstore\\app\\Config\\Routes.php')
 6 SYSTEMPATH\CodeIgniter.php(823): CodeIgniter\Router\RouteCollection->loadRoutes()
 7 SYSTEMPATH\CodeIgniter.php(457): CodeIgniter\CodeIgniter->tryToRouteIt(null)
 8 SYSTEMPATH\CodeIgniter.php(355): CodeIgniter\CodeIgniter->handleRequest(null, Object(Config\Cache), false)
 9 SYSTEMPATH\Boot.php(325): CodeIgniter\CodeIgniter->run()
10 SYSTEMPATH\Boot.php(67): CodeIgniter\Boot::runCodeIgniter(Object(CodeIgniter\CodeIgniter))
11 FCPATH\index.php(63): CodeIgniter\Boot::bootWeb(Object(Config\Paths))
WARNING - 2025-05-31 18:18:28 --> [DEPRECATED] Passing lowercase HTTP method "post" is deprecated. Use uppercase HTTP method like "POST". in SYSTEMPATH\Router\RouteCollection.php on line 1027.
 1 SYSTEMPATH\Router\RouteCollection.php(1027): trigger_error('Passing lowercase HTTP method "post" is deprecated. Use uppercase HTTP method like "POST".', 16384)
 2 APPPATH\Config\Routes\UserRoutes.php(63): CodeIgniter\Router\RouteCollection->match([...], 'track-order', 'OrderController::track_order', [...])
 3 APPPATH\Config\Routes\UserRoutes.php(23): App\Config\Routes\UserRoutes::defineRoutes(Object(CodeIgniter\Router\RouteCollection))
 4 APPPATH\Config\Routes.php(21): App\Config\Routes\UserRoutes::init(Object(CodeIgniter\Router\RouteCollection))
 5 SYSTEMPATH\Router\RouteCollection.php(340): require('C:\\xampp\\htdocs\\smartstore\\app\\Config\\Routes.php')
 6 SYSTEMPATH\CodeIgniter.php(823): CodeIgniter\Router\RouteCollection->loadRoutes()
 7 SYSTEMPATH\CodeIgniter.php(457): CodeIgniter\CodeIgniter->tryToRouteIt(null)
 8 SYSTEMPATH\CodeIgniter.php(355): CodeIgniter\CodeIgniter->handleRequest(null, Object(Config\Cache), false)
 9 SYSTEMPATH\Boot.php(325): CodeIgniter\CodeIgniter->run()
10 SYSTEMPATH\Boot.php(67): CodeIgniter\Boot::runCodeIgniter(Object(CodeIgniter\CodeIgniter))
11 FCPATH\index.php(63): CodeIgniter\Boot::bootWeb(Object(Config\Paths))
WARNING - 2025-05-31 18:18:28 --> [DEPRECATED] Passing lowercase HTTP method "get" is deprecated. Use uppercase HTTP method like "GET". in SYSTEMPATH\Router\RouteCollection.php on line 1027.
 1 SYSTEMPATH\Router\RouteCollection.php(1027): trigger_error('Passing lowercase HTTP method "get" is deprecated. Use uppercase HTTP method like "GET".', 16384)
 2 APPPATH\Config\Routes\UserRoutes.php(49): CodeIgniter\Router\RouteCollection->match([...], 'submit_review', 'ClientController::submit_review', [...])
 3 APPPATH\Config\Routes\UserRoutes.php(26): App\Config\Routes\UserRoutes::defineRoutes(Object(CodeIgniter\Router\RouteCollection))
 4 SYSTEMPATH\Router\RouteCollection.php(800): App\Config\Routes\UserRoutes::App\Config\Routes\{closure}(Object(CodeIgniter\Router\RouteCollection))
 5 APPPATH\Config\Routes\UserRoutes.php(25): CodeIgniter\Router\RouteCollection->group('{locale}', Object(Closure))
 6 APPPATH\Config\Routes.php(21): App\Config\Routes\UserRoutes::init(Object(CodeIgniter\Router\RouteCollection))
 7 SYSTEMPATH\Router\RouteCollection.php(340): require('C:\\xampp\\htdocs\\smartstore\\app\\Config\\Routes.php')
 8 SYSTEMPATH\CodeIgniter.php(823): CodeIgniter\Router\RouteCollection->loadRoutes()
 9 SYSTEMPATH\CodeIgniter.php(457): CodeIgniter\CodeIgniter->tryToRouteIt(null)
10 SYSTEMPATH\CodeIgniter.php(355): CodeIgniter\CodeIgniter->handleRequest(null, Object(Config\Cache), false)
11 SYSTEMPATH\Boot.php(325): CodeIgniter\CodeIgniter->run()
12 SYSTEMPATH\Boot.php(67): CodeIgniter\Boot::runCodeIgniter(Object(CodeIgniter\CodeIgniter))
13 FCPATH\index.php(63): CodeIgniter\Boot::bootWeb(Object(Config\Paths))
WARNING - 2025-05-31 18:18:28 --> [DEPRECATED] Passing lowercase HTTP method "post" is deprecated. Use uppercase HTTP method like "POST". in SYSTEMPATH\Router\RouteCollection.php on line 1027.
 1 SYSTEMPATH\Router\RouteCollection.php(1027): trigger_error('Passing lowercase HTTP method "post" is deprecated. Use uppercase HTTP method like "POST".', 16384)
 2 APPPATH\Config\Routes\UserRoutes.php(49): CodeIgniter\Router\RouteCollection->match([...], 'submit_review', 'ClientController::submit_review', [...])
 3 APPPATH\Config\Routes\UserRoutes.php(26): App\Config\Routes\UserRoutes::defineRoutes(Object(CodeIgniter\Router\RouteCollection))
 4 SYSTEMPATH\Router\RouteCollection.php(800): App\Config\Routes\UserRoutes::App\Config\Routes\{closure}(Object(CodeIgniter\Router\RouteCollection))
 5 APPPATH\Config\Routes\UserRoutes.php(25): CodeIgniter\Router\RouteCollection->group('{locale}', Object(Closure))
 6 APPPATH\Config\Routes.php(21): App\Config\Routes\UserRoutes::init(Object(CodeIgniter\Router\RouteCollection))
 7 SYSTEMPATH\Router\RouteCollection.php(340): require('C:\\xampp\\htdocs\\smartstore\\app\\Config\\Routes.php')
 8 SYSTEMPATH\CodeIgniter.php(823): CodeIgniter\Router\RouteCollection->loadRoutes()
 9 SYSTEMPATH\CodeIgniter.php(457): CodeIgniter\CodeIgniter->tryToRouteIt(null)
10 SYSTEMPATH\CodeIgniter.php(355): CodeIgniter\CodeIgniter->handleRequest(null, Object(Config\Cache), false)
11 SYSTEMPATH\Boot.php(325): CodeIgniter\CodeIgniter->run()
12 SYSTEMPATH\Boot.php(67): CodeIgniter\Boot::runCodeIgniter(Object(CodeIgniter\CodeIgniter))
13 FCPATH\index.php(63): CodeIgniter\Boot::bootWeb(Object(Config\Paths))
WARNING - 2025-05-31 18:18:28 --> [DEPRECATED] Passing lowercase HTTP method "get" is deprecated. Use uppercase HTTP method like "GET". in SYSTEMPATH\Router\RouteCollection.php on line 1027.
 1 SYSTEMPATH\Router\RouteCollection.php(1027): trigger_error('Passing lowercase HTTP method "get" is deprecated. Use uppercase HTTP method like "GET".', 16384)
 2 APPPATH\Config\Routes\UserRoutes.php(63): CodeIgniter\Router\RouteCollection->match([...], 'track-order', 'OrderController::track_order', [...])
 3 APPPATH\Config\Routes\UserRoutes.php(26): App\Config\Routes\UserRoutes::defineRoutes(Object(CodeIgniter\Router\RouteCollection))
 4 SYSTEMPATH\Router\RouteCollection.php(800): App\Config\Routes\UserRoutes::App\Config\Routes\{closure}(Object(CodeIgniter\Router\RouteCollection))
 5 APPPATH\Config\Routes\UserRoutes.php(25): CodeIgniter\Router\RouteCollection->group('{locale}', Object(Closure))
 6 APPPATH\Config\Routes.php(21): App\Config\Routes\UserRoutes::init(Object(CodeIgniter\Router\RouteCollection))
 7 SYSTEMPATH\Router\RouteCollection.php(340): require('C:\\xampp\\htdocs\\smartstore\\app\\Config\\Routes.php')
 8 SYSTEMPATH\CodeIgniter.php(823): CodeIgniter\Router\RouteCollection->loadRoutes()
 9 SYSTEMPATH\CodeIgniter.php(457): CodeIgniter\CodeIgniter->tryToRouteIt(null)
10 SYSTEMPATH\CodeIgniter.php(355): CodeIgniter\CodeIgniter->handleRequest(null, Object(Config\Cache), false)
11 SYSTEMPATH\Boot.php(325): CodeIgniter\CodeIgniter->run()
12 SYSTEMPATH\Boot.php(67): CodeIgniter\Boot::runCodeIgniter(Object(CodeIgniter\CodeIgniter))
13 FCPATH\index.php(63): CodeIgniter\Boot::bootWeb(Object(Config\Paths))
WARNING - 2025-05-31 18:18:28 --> [DEPRECATED] Passing lowercase HTTP method "post" is deprecated. Use uppercase HTTP method like "POST". in SYSTEMPATH\Router\RouteCollection.php on line 1027.
 1 SYSTEMPATH\Router\RouteCollection.php(1027): trigger_error('Passing lowercase HTTP method "post" is deprecated. Use uppercase HTTP method like "POST".', 16384)
 2 APPPATH\Config\Routes\UserRoutes.php(63): CodeIgniter\Router\RouteCollection->match([...], 'track-order', 'OrderController::track_order', [...])
 3 APPPATH\Config\Routes\UserRoutes.php(26): App\Config\Routes\UserRoutes::defineRoutes(Object(CodeIgniter\Router\RouteCollection))
 4 SYSTEMPATH\Router\RouteCollection.php(800): App\Config\Routes\UserRoutes::App\Config\Routes\{closure}(Object(CodeIgniter\Router\RouteCollection))
 5 APPPATH\Config\Routes\UserRoutes.php(25): CodeIgniter\Router\RouteCollection->group('{locale}', Object(Closure))
 6 APPPATH\Config\Routes.php(21): App\Config\Routes\UserRoutes::init(Object(CodeIgniter\Router\RouteCollection))
 7 SYSTEMPATH\Router\RouteCollection.php(340): require('C:\\xampp\\htdocs\\smartstore\\app\\Config\\Routes.php')
 8 SYSTEMPATH\CodeIgniter.php(823): CodeIgniter\Router\RouteCollection->loadRoutes()
 9 SYSTEMPATH\CodeIgniter.php(457): CodeIgniter\CodeIgniter->tryToRouteIt(null)
10 SYSTEMPATH\CodeIgniter.php(355): CodeIgniter\CodeIgniter->handleRequest(null, Object(Config\Cache), false)
11 SYSTEMPATH\Boot.php(325): CodeIgniter\CodeIgniter->run()
12 SYSTEMPATH\Boot.php(67): CodeIgniter\Boot::runCodeIgniter(Object(CodeIgniter\CodeIgniter))
13 FCPATH\index.php(63): CodeIgniter\Boot::bootWeb(Object(Config\Paths))
INFO - 2025-05-31 18:18:28 --> Session: Class initialized using 'CodeIgniter\Session\Handlers\FileHandler' driver.
WARNING - 2025-05-31 18:18:28 --> [DEPRECATED] Creation of dynamic property App\Models\Admin\OrdersModel::$blog_posts_lang_builder is deprecated in APPPATH\Models\Admin\MyAdminModel.php on line 15.
 1 APPPATH\Models\Admin\OrdersModel.php(10): App\Models\Admin\MyAdminModel->__construct()
 2 APPPATH\Controllers\Admin\OrdersController.php(15): App\Models\Admin\OrdersModel->__construct()
 3 SYSTEMPATH\CodeIgniter.php(903): App\Controllers\Admin\OrdersController->__construct()
 4 SYSTEMPATH\CodeIgniter.php(500): CodeIgniter\CodeIgniter->createController()
 5 SYSTEMPATH\CodeIgniter.php(355): CodeIgniter\CodeIgniter->handleRequest(null, Object(Config\Cache), false)
 6 SYSTEMPATH\Boot.php(325): CodeIgniter\CodeIgniter->run()
 7 SYSTEMPATH\Boot.php(67): CodeIgniter\Boot::runCodeIgniter(Object(CodeIgniter\CodeIgniter))
 8 FCPATH\index.php(63): CodeIgniter\Boot::bootWeb(Object(Config\Paths))
WARNING - 2025-05-31 18:18:28 --> [DEPRECATED] Creation of dynamic property App\Models\Admin\OrdersModel::$lang_list_builder is deprecated in APPPATH\Models\Admin\MyAdminModel.php on line 16.
 1 APPPATH\Models\Admin\OrdersModel.php(10): App\Models\Admin\MyAdminModel->__construct()
 2 APPPATH\Controllers\Admin\OrdersController.php(15): App\Models\Admin\OrdersModel->__construct()
 3 SYSTEMPATH\CodeIgniter.php(903): App\Controllers\Admin\OrdersController->__construct()
 4 SYSTEMPATH\CodeIgniter.php(500): CodeIgniter\CodeIgniter->createController()
 5 SYSTEMPATH\CodeIgniter.php(355): CodeIgniter\CodeIgniter->handleRequest(null, Object(Config\Cache), false)
 6 SYSTEMPATH\Boot.php(325): CodeIgniter\CodeIgniter->run()
 7 SYSTEMPATH\Boot.php(67): CodeIgniter\Boot::runCodeIgniter(Object(CodeIgniter\CodeIgniter))
 8 FCPATH\index.php(63): CodeIgniter\Boot::bootWeb(Object(Config\Paths))
WARNING - 2025-05-31 18:18:28 --> [DEPRECATED] Creation of dynamic property App\Models\Admin\OrdersModel::$field_search_accepted is deprecated in APPPATH\Models\Admin\OrdersModel.php on line 16.
 1 APPPATH\Controllers\Admin\OrdersController.php(15): App\Models\Admin\OrdersModel->__construct()
 2 SYSTEMPATH\CodeIgniter.php(903): App\Controllers\Admin\OrdersController->__construct()
 3 SYSTEMPATH\CodeIgniter.php(500): CodeIgniter\CodeIgniter->createController()
 4 SYSTEMPATH\CodeIgniter.php(355): CodeIgniter\CodeIgniter->handleRequest(null, Object(Config\Cache), false)
 5 SYSTEMPATH\Boot.php(325): CodeIgniter\CodeIgniter->run()
 6 SYSTEMPATH\Boot.php(67): CodeIgniter\Boot::runCodeIgniter(Object(CodeIgniter\CodeIgniter))
 7 FCPATH\index.php(63): CodeIgniter\Boot::bootWeb(Object(Config\Paths))
WARNING - 2025-05-31 18:18:28 --> [DEPRECATED] Creation of dynamic property App\Requests\Admin\OrdersRequest::$not_allowed_fields_for_js_validate is deprecated in APPPATH\Requests\Admin\MyAdminRequest.php on line 16.
 1 APPPATH\Requests\Admin\OrdersRequest.php(11): App\Requests\Admin\MyAdminRequest->__construct()
 2 APPPATH\Controllers\Admin\OrdersController.php(16): App\Requests\Admin\OrdersRequest->__construct()
 3 SYSTEMPATH\CodeIgniter.php(903): App\Controllers\Admin\OrdersController->__construct()
 4 SYSTEMPATH\CodeIgniter.php(500): CodeIgniter\CodeIgniter->createController()
 5 SYSTEMPATH\CodeIgniter.php(355): CodeIgniter\CodeIgniter->handleRequest(null, Object(Config\Cache), false)
 6 SYSTEMPATH\Boot.php(325): CodeIgniter\CodeIgniter->run()
 7 SYSTEMPATH\Boot.php(67): CodeIgniter\Boot::runCodeIgniter(Object(CodeIgniter\CodeIgniter))
 8 FCPATH\index.php(63): CodeIgniter\Boot::bootWeb(Object(Config\Paths))
WARNING - 2025-05-31 18:18:29 --> [DEPRECATED] Creation of dynamic property App\Models\Admin\OrdersModel::$blog_posts_lang_builder is deprecated in APPPATH\Models\Admin\MyAdminModel.php on line 15.
 1 APPPATH\Models\Admin\OrdersModel.php(10): App\Models\Admin\MyAdminModel->__construct()
 2 APPPATH\Helpers\template_helper.php(301): App\Models\Admin\OrdersModel->__construct()
 3 APPPATH\Views\admin\partials\page_filter.php(2): show_filter_status_button('orders', null, [...])
 4 SYSTEMPATH\View\View.php(234): include('C:\\xampp\\htdocs\\smartstore\\app\\Views\\admin\\partials\\page_filter.php')
 5 SYSTEMPATH\View\View.php(237): CodeIgniter\View\View->CodeIgniter\View\{closure}()
 6 SYSTEMPATH\View\View.php(487): CodeIgniter\View\View->render('admin/partials/page_filter', null, true)
 7 APPPATH\Views\admin\pages\orders\index.php(5): CodeIgniter\View\View->include('admin/partials/page_filter')
 8 SYSTEMPATH\View\View.php(234): include('C:\\xampp\\htdocs\\smartstore\\app\\Views\\admin\\pages\\orders\\index.php')
 9 SYSTEMPATH\View\View.php(237): CodeIgniter\View\View->CodeIgniter\View\{closure}()
10 SYSTEMPATH\Common.php(1171): CodeIgniter\View\View->render('admin/pages/orders/index', [], true)
11 APPPATH\Controllers\Admin\MyAdminController.php(40): view('admin/pages/orders/index', [...])
12 SYSTEMPATH\CodeIgniter.php(933): App\Controllers\Admin\MyAdminController->index()
13 SYSTEMPATH\CodeIgniter.php(509): CodeIgniter\CodeIgniter->runController(Object(App\Controllers\Admin\OrdersController))
14 SYSTEMPATH\CodeIgniter.php(355): CodeIgniter\CodeIgniter->handleRequest(null, Object(Config\Cache), false)
15 SYSTEMPATH\Boot.php(325): CodeIgniter\CodeIgniter->run()
16 SYSTEMPATH\Boot.php(67): CodeIgniter\Boot::runCodeIgniter(Object(CodeIgniter\CodeIgniter))
17 FCPATH\index.php(63): CodeIgniter\Boot::bootWeb(Object(Config\Paths))
WARNING - 2025-05-31 18:18:29 --> [DEPRECATED] Creation of dynamic property App\Models\Admin\OrdersModel::$lang_list_builder is deprecated in APPPATH\Models\Admin\MyAdminModel.php on line 16.
 1 APPPATH\Models\Admin\OrdersModel.php(10): App\Models\Admin\MyAdminModel->__construct()
 2 APPPATH\Helpers\template_helper.php(301): App\Models\Admin\OrdersModel->__construct()
 3 APPPATH\Views\admin\partials\page_filter.php(2): show_filter_status_button('orders', null, [...])
 4 SYSTEMPATH\View\View.php(234): include('C:\\xampp\\htdocs\\smartstore\\app\\Views\\admin\\partials\\page_filter.php')
 5 SYSTEMPATH\View\View.php(237): CodeIgniter\View\View->CodeIgniter\View\{closure}()
 6 SYSTEMPATH\View\View.php(487): CodeIgniter\View\View->render('admin/partials/page_filter', null, true)
 7 APPPATH\Views\admin\pages\orders\index.php(5): CodeIgniter\View\View->include('admin/partials/page_filter')
 8 SYSTEMPATH\View\View.php(234): include('C:\\xampp\\htdocs\\smartstore\\app\\Views\\admin\\pages\\orders\\index.php')
 9 SYSTEMPATH\View\View.php(237): CodeIgniter\View\View->CodeIgniter\View\{closure}()
10 SYSTEMPATH\Common.php(1171): CodeIgniter\View\View->render('admin/pages/orders/index', [], true)
11 APPPATH\Controllers\Admin\MyAdminController.php(40): view('admin/pages/orders/index', [...])
12 SYSTEMPATH\CodeIgniter.php(933): App\Controllers\Admin\MyAdminController->index()
13 SYSTEMPATH\CodeIgniter.php(509): CodeIgniter\CodeIgniter->runController(Object(App\Controllers\Admin\OrdersController))
14 SYSTEMPATH\CodeIgniter.php(355): CodeIgniter\CodeIgniter->handleRequest(null, Object(Config\Cache), false)
15 SYSTEMPATH\Boot.php(325): CodeIgniter\CodeIgniter->run()
16 SYSTEMPATH\Boot.php(67): CodeIgniter\Boot::runCodeIgniter(Object(CodeIgniter\CodeIgniter))
17 FCPATH\index.php(63): CodeIgniter\Boot::bootWeb(Object(Config\Paths))
WARNING - 2025-05-31 18:18:29 --> [DEPRECATED] Creation of dynamic property App\Models\Admin\OrdersModel::$field_search_accepted is deprecated in APPPATH\Models\Admin\OrdersModel.php on line 16.
 1 APPPATH\Helpers\template_helper.php(301): App\Models\Admin\OrdersModel->__construct()
 2 APPPATH\Views\admin\partials\page_filter.php(2): show_filter_status_button('orders', null, [...])
 3 SYSTEMPATH\View\View.php(234): include('C:\\xampp\\htdocs\\smartstore\\app\\Views\\admin\\partials\\page_filter.php')
 4 SYSTEMPATH\View\View.php(237): CodeIgniter\View\View->CodeIgniter\View\{closure}()
 5 SYSTEMPATH\View\View.php(487): CodeIgniter\View\View->render('admin/partials/page_filter', null, true)
 6 APPPATH\Views\admin\pages\orders\index.php(5): CodeIgniter\View\View->include('admin/partials/page_filter')
 7 SYSTEMPATH\View\View.php(234): include('C:\\xampp\\htdocs\\smartstore\\app\\Views\\admin\\pages\\orders\\index.php')
 8 SYSTEMPATH\View\View.php(237): CodeIgniter\View\View->CodeIgniter\View\{closure}()
 9 SYSTEMPATH\Common.php(1171): CodeIgniter\View\View->render('admin/pages/orders/index', [], true)
10 APPPATH\Controllers\Admin\MyAdminController.php(40): view('admin/pages/orders/index', [...])
11 SYSTEMPATH\CodeIgniter.php(933): App\Controllers\Admin\MyAdminController->index()
12 SYSTEMPATH\CodeIgniter.php(509): CodeIgniter\CodeIgniter->runController(Object(App\Controllers\Admin\OrdersController))
13 SYSTEMPATH\CodeIgniter.php(355): CodeIgniter\CodeIgniter->handleRequest(null, Object(Config\Cache), false)
14 SYSTEMPATH\Boot.php(325): CodeIgniter\CodeIgniter->run()
15 SYSTEMPATH\Boot.php(67): CodeIgniter\Boot::runCodeIgniter(Object(CodeIgniter\CodeIgniter))
16 FCPATH\index.php(63): CodeIgniter\Boot::bootWeb(Object(Config\Paths))
WARNING - 2025-05-31 18:18:29 --> [DEPRECATED] Creation of dynamic property App\Models\Admin\OrdersModel::$blog_posts_lang_builder is deprecated in APPPATH\Models\Admin\MyAdminModel.php on line 15.
 1 APPPATH\Models\Admin\OrdersModel.php(10): App\Models\Admin\MyAdminModel->__construct()
 2 APPPATH\Helpers\template_helper.php(301): App\Models\Admin\OrdersModel->__construct()
 3 APPPATH\Views\admin\partials\page_filter.php(2): show_filter_status_button('orders', null, [...])
 4 SYSTEMPATH\View\View.php(234): include('C:\\xampp\\htdocs\\smartstore\\app\\Views\\admin\\partials\\page_filter.php')
 5 SYSTEMPATH\View\View.php(237): CodeIgniter\View\View->CodeIgniter\View\{closure}()
 6 SYSTEMPATH\View\View.php(487): CodeIgniter\View\View->render('admin/partials/page_filter', null, true)
 7 APPPATH\Views\admin\pages\orders\index.php(5): CodeIgniter\View\View->include('admin/partials/page_filter')
 8 SYSTEMPATH\View\View.php(234): include('C:\\xampp\\htdocs\\smartstore\\app\\Views\\admin\\pages\\orders\\index.php')
 9 SYSTEMPATH\View\View.php(237): CodeIgniter\View\View->CodeIgniter\View\{closure}()
10 SYSTEMPATH\Common.php(1171): CodeIgniter\View\View->render('admin/pages/orders/index', [], true)
11 APPPATH\Controllers\Admin\MyAdminController.php(40): view('admin/pages/orders/index', [...])
12 SYSTEMPATH\CodeIgniter.php(933): App\Controllers\Admin\MyAdminController->index()
13 SYSTEMPATH\CodeIgniter.php(509): CodeIgniter\CodeIgniter->runController(Object(App\Controllers\Admin\OrdersController))
14 SYSTEMPATH\CodeIgniter.php(355): CodeIgniter\CodeIgniter->handleRequest(null, Object(Config\Cache), false)
15 SYSTEMPATH\Boot.php(325): CodeIgniter\CodeIgniter->run()
16 SYSTEMPATH\Boot.php(67): CodeIgniter\Boot::runCodeIgniter(Object(CodeIgniter\CodeIgniter))
17 FCPATH\index.php(63): CodeIgniter\Boot::bootWeb(Object(Config\Paths))
WARNING - 2025-05-31 18:18:29 --> [DEPRECATED] Creation of dynamic property App\Models\Admin\OrdersModel::$lang_list_builder is deprecated in APPPATH\Models\Admin\MyAdminModel.php on line 16.
 1 APPPATH\Models\Admin\OrdersModel.php(10): App\Models\Admin\MyAdminModel->__construct()
 2 APPPATH\Helpers\template_helper.php(301): App\Models\Admin\OrdersModel->__construct()
 3 APPPATH\Views\admin\partials\page_filter.php(2): show_filter_status_button('orders', null, [...])
 4 SYSTEMPATH\View\View.php(234): include('C:\\xampp\\htdocs\\smartstore\\app\\Views\\admin\\partials\\page_filter.php')
 5 SYSTEMPATH\View\View.php(237): CodeIgniter\View\View->CodeIgniter\View\{closure}()
 6 SYSTEMPATH\View\View.php(487): CodeIgniter\View\View->render('admin/partials/page_filter', null, true)
 7 APPPATH\Views\admin\pages\orders\index.php(5): CodeIgniter\View\View->include('admin/partials/page_filter')
 8 SYSTEMPATH\View\View.php(234): include('C:\\xampp\\htdocs\\smartstore\\app\\Views\\admin\\pages\\orders\\index.php')
 9 SYSTEMPATH\View\View.php(237): CodeIgniter\View\View->CodeIgniter\View\{closure}()
10 SYSTEMPATH\Common.php(1171): CodeIgniter\View\View->render('admin/pages/orders/index', [], true)
11 APPPATH\Controllers\Admin\MyAdminController.php(40): view('admin/pages/orders/index', [...])
12 SYSTEMPATH\CodeIgniter.php(933): App\Controllers\Admin\MyAdminController->index()
13 SYSTEMPATH\CodeIgniter.php(509): CodeIgniter\CodeIgniter->runController(Object(App\Controllers\Admin\OrdersController))
14 SYSTEMPATH\CodeIgniter.php(355): CodeIgniter\CodeIgniter->handleRequest(null, Object(Config\Cache), false)
15 SYSTEMPATH\Boot.php(325): CodeIgniter\CodeIgniter->run()
16 SYSTEMPATH\Boot.php(67): CodeIgniter\Boot::runCodeIgniter(Object(CodeIgniter\CodeIgniter))
17 FCPATH\index.php(63): CodeIgniter\Boot::bootWeb(Object(Config\Paths))
WARNING - 2025-05-31 18:18:29 --> [DEPRECATED] Creation of dynamic property App\Models\Admin\OrdersModel::$field_search_accepted is deprecated in APPPATH\Models\Admin\OrdersModel.php on line 16.
 1 APPPATH\Helpers\template_helper.php(301): App\Models\Admin\OrdersModel->__construct()
 2 APPPATH\Views\admin\partials\page_filter.php(2): show_filter_status_button('orders', null, [...])
 3 SYSTEMPATH\View\View.php(234): include('C:\\xampp\\htdocs\\smartstore\\app\\Views\\admin\\partials\\page_filter.php')
 4 SYSTEMPATH\View\View.php(237): CodeIgniter\View\View->CodeIgniter\View\{closure}()
 5 SYSTEMPATH\View\View.php(487): CodeIgniter\View\View->render('admin/partials/page_filter', null, true)
 6 APPPATH\Views\admin\pages\orders\index.php(5): CodeIgniter\View\View->include('admin/partials/page_filter')
 7 SYSTEMPATH\View\View.php(234): include('C:\\xampp\\htdocs\\smartstore\\app\\Views\\admin\\pages\\orders\\index.php')
 8 SYSTEMPATH\View\View.php(237): CodeIgniter\View\View->CodeIgniter\View\{closure}()
 9 SYSTEMPATH\Common.php(1171): CodeIgniter\View\View->render('admin/pages/orders/index', [], true)
10 APPPATH\Controllers\Admin\MyAdminController.php(40): view('admin/pages/orders/index', [...])
11 SYSTEMPATH\CodeIgniter.php(933): App\Controllers\Admin\MyAdminController->index()
12 SYSTEMPATH\CodeIgniter.php(509): CodeIgniter\CodeIgniter->runController(Object(App\Controllers\Admin\OrdersController))
13 SYSTEMPATH\CodeIgniter.php(355): CodeIgniter\CodeIgniter->handleRequest(null, Object(Config\Cache), false)
14 SYSTEMPATH\Boot.php(325): CodeIgniter\CodeIgniter->run()
15 SYSTEMPATH\Boot.php(67): CodeIgniter\Boot::runCodeIgniter(Object(CodeIgniter\CodeIgniter))
16 FCPATH\index.php(63): CodeIgniter\Boot::bootWeb(Object(Config\Paths))
WARNING - 2025-05-31 18:18:31 --> [DEPRECATED] Passing lowercase HTTP method "get" is deprecated. Use uppercase HTTP method like "GET". in SYSTEMPATH\Router\RouteCollection.php on line 1027.
 1 SYSTEMPATH\Router\RouteCollection.php(1027): trigger_error('Passing lowercase HTTP method "get" is deprecated. Use uppercase HTTP method like "GET".', 16384)
 2 APPPATH\Config\Routes\AdminRoutes.php(65): CodeIgniter\Router\RouteCollection->match([...], 'send_test_mail', 'SettingsController::send_test_mail')
 3 SYSTEMPATH\Router\RouteCollection.php(800): App\Config\Routes\AdminRoutes::App\Config\Routes\{closure}(Object(CodeIgniter\Router\RouteCollection))
 4 APPPATH\Config\Routes\AdminRoutes.php(63): CodeIgniter\Router\RouteCollection->group('settings', [...], Object(Closure))
 5 SYSTEMPATH\Router\RouteCollection.php(800): App\Config\Routes\AdminRoutes::App\Config\Routes\{closure}(Object(CodeIgniter\Router\RouteCollection))
 6 APPPATH\Config\Routes\AdminRoutes.php(28): CodeIgniter\Router\RouteCollection->group('admin', [...], Object(Closure))
 7 APPPATH\Config\Routes.php(20): App\Config\Routes\AdminRoutes::init(Object(CodeIgniter\Router\RouteCollection))
 8 SYSTEMPATH\Router\RouteCollection.php(340): require('C:\\xampp\\htdocs\\smartstore\\app\\Config\\Routes.php')
 9 SYSTEMPATH\CodeIgniter.php(823): CodeIgniter\Router\RouteCollection->loadRoutes()
10 SYSTEMPATH\CodeIgniter.php(457): CodeIgniter\CodeIgniter->tryToRouteIt(null)
11 SYSTEMPATH\CodeIgniter.php(355): CodeIgniter\CodeIgniter->handleRequest(null, Object(Config\Cache), false)
12 SYSTEMPATH\Boot.php(325): CodeIgniter\CodeIgniter->run()
13 SYSTEMPATH\Boot.php(67): CodeIgniter\Boot::runCodeIgniter(Object(CodeIgniter\CodeIgniter))
14 FCPATH\index.php(63): CodeIgniter\Boot::bootWeb(Object(Config\Paths))
WARNING - 2025-05-31 18:18:31 --> [DEPRECATED] Passing lowercase HTTP method "post" is deprecated. Use uppercase HTTP method like "POST". in SYSTEMPATH\Router\RouteCollection.php on line 1027.
 1 SYSTEMPATH\Router\RouteCollection.php(1027): trigger_error('Passing lowercase HTTP method "post" is deprecated. Use uppercase HTTP method like "POST".', 16384)
 2 APPPATH\Config\Routes\AdminRoutes.php(65): CodeIgniter\Router\RouteCollection->match([...], 'send_test_mail', 'SettingsController::send_test_mail')
 3 SYSTEMPATH\Router\RouteCollection.php(800): App\Config\Routes\AdminRoutes::App\Config\Routes\{closure}(Object(CodeIgniter\Router\RouteCollection))
 4 APPPATH\Config\Routes\AdminRoutes.php(63): CodeIgniter\Router\RouteCollection->group('settings', [...], Object(Closure))
 5 SYSTEMPATH\Router\RouteCollection.php(800): App\Config\Routes\AdminRoutes::App\Config\Routes\{closure}(Object(CodeIgniter\Router\RouteCollection))
 6 APPPATH\Config\Routes\AdminRoutes.php(28): CodeIgniter\Router\RouteCollection->group('admin', [...], Object(Closure))
 7 APPPATH\Config\Routes.php(20): App\Config\Routes\AdminRoutes::init(Object(CodeIgniter\Router\RouteCollection))
 8 SYSTEMPATH\Router\RouteCollection.php(340): require('C:\\xampp\\htdocs\\smartstore\\app\\Config\\Routes.php')
 9 SYSTEMPATH\CodeIgniter.php(823): CodeIgniter\Router\RouteCollection->loadRoutes()
10 SYSTEMPATH\CodeIgniter.php(457): CodeIgniter\CodeIgniter->tryToRouteIt(null)
11 SYSTEMPATH\CodeIgniter.php(355): CodeIgniter\CodeIgniter->handleRequest(null, Object(Config\Cache), false)
12 SYSTEMPATH\Boot.php(325): CodeIgniter\CodeIgniter->run()
13 SYSTEMPATH\Boot.php(67): CodeIgniter\Boot::runCodeIgniter(Object(CodeIgniter\CodeIgniter))
14 FCPATH\index.php(63): CodeIgniter\Boot::bootWeb(Object(Config\Paths))
WARNING - 2025-05-31 18:18:31 --> [DEPRECATED] Passing lowercase HTTP method "get" is deprecated. Use uppercase HTTP method like "GET". in SYSTEMPATH\Router\RouteCollection.php on line 1027.
 1 SYSTEMPATH\Router\RouteCollection.php(1027): trigger_error('Passing lowercase HTTP method "get" is deprecated. Use uppercase HTTP method like "GET".', 16384)
 2 APPPATH\Config\Routes\AdminRoutes.php(76): CodeIgniter\Router\RouteCollection->match([...], 'elfinder_connector', 'FilemanagerController::elfinder_connector')
 3 SYSTEMPATH\Router\RouteCollection.php(800): App\Config\Routes\AdminRoutes::App\Config\Routes\{closure}(Object(CodeIgniter\Router\RouteCollection))
 4 APPPATH\Config\Routes\AdminRoutes.php(73): CodeIgniter\Router\RouteCollection->group('filemanager', [...], Object(Closure))
 5 SYSTEMPATH\Router\RouteCollection.php(800): App\Config\Routes\AdminRoutes::App\Config\Routes\{closure}(Object(CodeIgniter\Router\RouteCollection))
 6 APPPATH\Config\Routes\AdminRoutes.php(28): CodeIgniter\Router\RouteCollection->group('admin', [...], Object(Closure))
 7 APPPATH\Config\Routes.php(20): App\Config\Routes\AdminRoutes::init(Object(CodeIgniter\Router\RouteCollection))
 8 SYSTEMPATH\Router\RouteCollection.php(340): require('C:\\xampp\\htdocs\\smartstore\\app\\Config\\Routes.php')
 9 SYSTEMPATH\CodeIgniter.php(823): CodeIgniter\Router\RouteCollection->loadRoutes()
10 SYSTEMPATH\CodeIgniter.php(457): CodeIgniter\CodeIgniter->tryToRouteIt(null)
11 SYSTEMPATH\CodeIgniter.php(355): CodeIgniter\CodeIgniter->handleRequest(null, Object(Config\Cache), false)
12 SYSTEMPATH\Boot.php(325): CodeIgniter\CodeIgniter->run()
13 SYSTEMPATH\Boot.php(67): CodeIgniter\Boot::runCodeIgniter(Object(CodeIgniter\CodeIgniter))
14 FCPATH\index.php(63): CodeIgniter\Boot::bootWeb(Object(Config\Paths))
WARNING - 2025-05-31 18:18:31 --> [DEPRECATED] Passing lowercase HTTP method "post" is deprecated. Use uppercase HTTP method like "POST". in SYSTEMPATH\Router\RouteCollection.php on line 1027.
 1 SYSTEMPATH\Router\RouteCollection.php(1027): trigger_error('Passing lowercase HTTP method "post" is deprecated. Use uppercase HTTP method like "POST".', 16384)
 2 APPPATH\Config\Routes\AdminRoutes.php(76): CodeIgniter\Router\RouteCollection->match([...], 'elfinder_connector', 'FilemanagerController::elfinder_connector')
 3 SYSTEMPATH\Router\RouteCollection.php(800): App\Config\Routes\AdminRoutes::App\Config\Routes\{closure}(Object(CodeIgniter\Router\RouteCollection))
 4 APPPATH\Config\Routes\AdminRoutes.php(73): CodeIgniter\Router\RouteCollection->group('filemanager', [...], Object(Closure))
 5 SYSTEMPATH\Router\RouteCollection.php(800): App\Config\Routes\AdminRoutes::App\Config\Routes\{closure}(Object(CodeIgniter\Router\RouteCollection))
 6 APPPATH\Config\Routes\AdminRoutes.php(28): CodeIgniter\Router\RouteCollection->group('admin', [...], Object(Closure))
 7 APPPATH\Config\Routes.php(20): App\Config\Routes\AdminRoutes::init(Object(CodeIgniter\Router\RouteCollection))
 8 SYSTEMPATH\Router\RouteCollection.php(340): require('C:\\xampp\\htdocs\\smartstore\\app\\Config\\Routes.php')
 9 SYSTEMPATH\CodeIgniter.php(823): CodeIgniter\Router\RouteCollection->loadRoutes()
10 SYSTEMPATH\CodeIgniter.php(457): CodeIgniter\CodeIgniter->tryToRouteIt(null)
11 SYSTEMPATH\CodeIgniter.php(355): CodeIgniter\CodeIgniter->handleRequest(null, Object(Config\Cache), false)
12 SYSTEMPATH\Boot.php(325): CodeIgniter\CodeIgniter->run()
13 SYSTEMPATH\Boot.php(67): CodeIgniter\Boot::runCodeIgniter(Object(CodeIgniter\CodeIgniter))
14 FCPATH\index.php(63): CodeIgniter\Boot::bootWeb(Object(Config\Paths))
WARNING - 2025-05-31 18:18:31 --> [DEPRECATED] Passing lowercase HTTP method "get" is deprecated. Use uppercase HTTP method like "GET". in SYSTEMPATH\Router\RouteCollection.php on line 1027.
 1 SYSTEMPATH\Router\RouteCollection.php(1027): trigger_error('Passing lowercase HTTP method "get" is deprecated. Use uppercase HTTP method like "GET".', 16384)
 2 APPPATH\Config\Routes\AdminRoutes.php(172): CodeIgniter\Router\RouteCollection->match([...], 'sync_services/?(:num)?', 'ProvidersController::sync_services/$1')
 3 SYSTEMPATH\Router\RouteCollection.php(800): App\Config\Routes\AdminRoutes::App\Config\Routes\{closure}(Object(CodeIgniter\Router\RouteCollection))
 4 APPPATH\Config\Routes\AdminRoutes.php(167): CodeIgniter\Router\RouteCollection->group('providers', [...], Object(Closure))
 5 SYSTEMPATH\Router\RouteCollection.php(800): App\Config\Routes\AdminRoutes::App\Config\Routes\{closure}(Object(CodeIgniter\Router\RouteCollection))
 6 APPPATH\Config\Routes\AdminRoutes.php(28): CodeIgniter\Router\RouteCollection->group('admin', [...], Object(Closure))
 7 APPPATH\Config\Routes.php(20): App\Config\Routes\AdminRoutes::init(Object(CodeIgniter\Router\RouteCollection))
 8 SYSTEMPATH\Router\RouteCollection.php(340): require('C:\\xampp\\htdocs\\smartstore\\app\\Config\\Routes.php')
 9 SYSTEMPATH\CodeIgniter.php(823): CodeIgniter\Router\RouteCollection->loadRoutes()
10 SYSTEMPATH\CodeIgniter.php(457): CodeIgniter\CodeIgniter->tryToRouteIt(null)
11 SYSTEMPATH\CodeIgniter.php(355): CodeIgniter\CodeIgniter->handleRequest(null, Object(Config\Cache), false)
12 SYSTEMPATH\Boot.php(325): CodeIgniter\CodeIgniter->run()
13 SYSTEMPATH\Boot.php(67): CodeIgniter\Boot::runCodeIgniter(Object(CodeIgniter\CodeIgniter))
14 FCPATH\index.php(63): CodeIgniter\Boot::bootWeb(Object(Config\Paths))
WARNING - 2025-05-31 18:18:31 --> [DEPRECATED] Passing lowercase HTTP method "post" is deprecated. Use uppercase HTTP method like "POST". in SYSTEMPATH\Router\RouteCollection.php on line 1027.
 1 SYSTEMPATH\Router\RouteCollection.php(1027): trigger_error('Passing lowercase HTTP method "post" is deprecated. Use uppercase HTTP method like "POST".', 16384)
 2 APPPATH\Config\Routes\AdminRoutes.php(172): CodeIgniter\Router\RouteCollection->match([...], 'sync_services/?(:num)?', 'ProvidersController::sync_services/$1')
 3 SYSTEMPATH\Router\RouteCollection.php(800): App\Config\Routes\AdminRoutes::App\Config\Routes\{closure}(Object(CodeIgniter\Router\RouteCollection))
 4 APPPATH\Config\Routes\AdminRoutes.php(167): CodeIgniter\Router\RouteCollection->group('providers', [...], Object(Closure))
 5 SYSTEMPATH\Router\RouteCollection.php(800): App\Config\Routes\AdminRoutes::App\Config\Routes\{closure}(Object(CodeIgniter\Router\RouteCollection))
 6 APPPATH\Config\Routes\AdminRoutes.php(28): CodeIgniter\Router\RouteCollection->group('admin', [...], Object(Closure))
 7 APPPATH\Config\Routes.php(20): App\Config\Routes\AdminRoutes::init(Object(CodeIgniter\Router\RouteCollection))
 8 SYSTEMPATH\Router\RouteCollection.php(340): require('C:\\xampp\\htdocs\\smartstore\\app\\Config\\Routes.php')
 9 SYSTEMPATH\CodeIgniter.php(823): CodeIgniter\Router\RouteCollection->loadRoutes()
10 SYSTEMPATH\CodeIgniter.php(457): CodeIgniter\CodeIgniter->tryToRouteIt(null)
11 SYSTEMPATH\CodeIgniter.php(355): CodeIgniter\CodeIgniter->handleRequest(null, Object(Config\Cache), false)
12 SYSTEMPATH\Boot.php(325): CodeIgniter\CodeIgniter->run()
13 SYSTEMPATH\Boot.php(67): CodeIgniter\Boot::runCodeIgniter(Object(CodeIgniter\CodeIgniter))
14 FCPATH\index.php(63): CodeIgniter\Boot::bootWeb(Object(Config\Paths))
WARNING - 2025-05-31 18:18:31 --> [DEPRECATED] Passing lowercase HTTP method "get" is deprecated. Use uppercase HTTP method like "GET". in SYSTEMPATH\Router\RouteCollection.php on line 1027.
 1 SYSTEMPATH\Router\RouteCollection.php(1027): trigger_error('Passing lowercase HTTP method "get" is deprecated. Use uppercase HTTP method like "GET".', 16384)
 2 APPPATH\Config\Routes\AdminRoutes.php(185): CodeIgniter\Router\RouteCollection->match([...], 'add_note/?(:num)?', 'UsersController::add_note/$1')
 3 SYSTEMPATH\Router\RouteCollection.php(800): App\Config\Routes\AdminRoutes::App\Config\Routes\{closure}(Object(CodeIgniter\Router\RouteCollection))
 4 APPPATH\Config\Routes\AdminRoutes.php(182): CodeIgniter\Router\RouteCollection->group('users', [...], Object(Closure))
 5 SYSTEMPATH\Router\RouteCollection.php(800): App\Config\Routes\AdminRoutes::App\Config\Routes\{closure}(Object(CodeIgniter\Router\RouteCollection))
 6 APPPATH\Config\Routes\AdminRoutes.php(28): CodeIgniter\Router\RouteCollection->group('admin', [...], Object(Closure))
 7 APPPATH\Config\Routes.php(20): App\Config\Routes\AdminRoutes::init(Object(CodeIgniter\Router\RouteCollection))
 8 SYSTEMPATH\Router\RouteCollection.php(340): require('C:\\xampp\\htdocs\\smartstore\\app\\Config\\Routes.php')
 9 SYSTEMPATH\CodeIgniter.php(823): CodeIgniter\Router\RouteCollection->loadRoutes()
10 SYSTEMPATH\CodeIgniter.php(457): CodeIgniter\CodeIgniter->tryToRouteIt(null)
11 SYSTEMPATH\CodeIgniter.php(355): CodeIgniter\CodeIgniter->handleRequest(null, Object(Config\Cache), false)
12 SYSTEMPATH\Boot.php(325): CodeIgniter\CodeIgniter->run()
13 SYSTEMPATH\Boot.php(67): CodeIgniter\Boot::runCodeIgniter(Object(CodeIgniter\CodeIgniter))
14 FCPATH\index.php(63): CodeIgniter\Boot::bootWeb(Object(Config\Paths))
WARNING - 2025-05-31 18:18:31 --> [DEPRECATED] Passing lowercase HTTP method "post" is deprecated. Use uppercase HTTP method like "POST". in SYSTEMPATH\Router\RouteCollection.php on line 1027.
 1 SYSTEMPATH\Router\RouteCollection.php(1027): trigger_error('Passing lowercase HTTP method "post" is deprecated. Use uppercase HTTP method like "POST".', 16384)
 2 APPPATH\Config\Routes\AdminRoutes.php(185): CodeIgniter\Router\RouteCollection->match([...], 'add_note/?(:num)?', 'UsersController::add_note/$1')
 3 SYSTEMPATH\Router\RouteCollection.php(800): App\Config\Routes\AdminRoutes::App\Config\Routes\{closure}(Object(CodeIgniter\Router\RouteCollection))
 4 APPPATH\Config\Routes\AdminRoutes.php(182): CodeIgniter\Router\RouteCollection->group('users', [...], Object(Closure))
 5 SYSTEMPATH\Router\RouteCollection.php(800): App\Config\Routes\AdminRoutes::App\Config\Routes\{closure}(Object(CodeIgniter\Router\RouteCollection))
 6 APPPATH\Config\Routes\AdminRoutes.php(28): CodeIgniter\Router\RouteCollection->group('admin', [...], Object(Closure))
 7 APPPATH\Config\Routes.php(20): App\Config\Routes\AdminRoutes::init(Object(CodeIgniter\Router\RouteCollection))
 8 SYSTEMPATH\Router\RouteCollection.php(340): require('C:\\xampp\\htdocs\\smartstore\\app\\Config\\Routes.php')
 9 SYSTEMPATH\CodeIgniter.php(823): CodeIgniter\Router\RouteCollection->loadRoutes()
10 SYSTEMPATH\CodeIgniter.php(457): CodeIgniter\CodeIgniter->tryToRouteIt(null)
11 SYSTEMPATH\CodeIgniter.php(355): CodeIgniter\CodeIgniter->handleRequest(null, Object(Config\Cache), false)
12 SYSTEMPATH\Boot.php(325): CodeIgniter\CodeIgniter->run()
13 SYSTEMPATH\Boot.php(67): CodeIgniter\Boot::runCodeIgniter(Object(CodeIgniter\CodeIgniter))
14 FCPATH\index.php(63): CodeIgniter\Boot::bootWeb(Object(Config\Paths))
WARNING - 2025-05-31 18:18:31 --> [DEPRECATED] Passing lowercase HTTP method "get" is deprecated. Use uppercase HTTP method like "GET". in SYSTEMPATH\Router\RouteCollection.php on line 1027.
 1 SYSTEMPATH\Router\RouteCollection.php(1027): trigger_error('Passing lowercase HTTP method "get" is deprecated. Use uppercase HTTP method like "GET".', 16384)
 2 APPPATH\Config\Routes\AdminRoutes.php(186): CodeIgniter\Router\RouteCollection->match([...], 'send_mail/?(:num)?', 'UsersController::send_mail/$1')
 3 SYSTEMPATH\Router\RouteCollection.php(800): App\Config\Routes\AdminRoutes::App\Config\Routes\{closure}(Object(CodeIgniter\Router\RouteCollection))
 4 APPPATH\Config\Routes\AdminRoutes.php(182): CodeIgniter\Router\RouteCollection->group('users', [...], Object(Closure))
 5 SYSTEMPATH\Router\RouteCollection.php(800): App\Config\Routes\AdminRoutes::App\Config\Routes\{closure}(Object(CodeIgniter\Router\RouteCollection))
 6 APPPATH\Config\Routes\AdminRoutes.php(28): CodeIgniter\Router\RouteCollection->group('admin', [...], Object(Closure))
 7 APPPATH\Config\Routes.php(20): App\Config\Routes\AdminRoutes::init(Object(CodeIgniter\Router\RouteCollection))
 8 SYSTEMPATH\Router\RouteCollection.php(340): require('C:\\xampp\\htdocs\\smartstore\\app\\Config\\Routes.php')
 9 SYSTEMPATH\CodeIgniter.php(823): CodeIgniter\Router\RouteCollection->loadRoutes()
10 SYSTEMPATH\CodeIgniter.php(457): CodeIgniter\CodeIgniter->tryToRouteIt(null)
11 SYSTEMPATH\CodeIgniter.php(355): CodeIgniter\CodeIgniter->handleRequest(null, Object(Config\Cache), false)
12 SYSTEMPATH\Boot.php(325): CodeIgniter\CodeIgniter->run()
13 SYSTEMPATH\Boot.php(67): CodeIgniter\Boot::runCodeIgniter(Object(CodeIgniter\CodeIgniter))
14 FCPATH\index.php(63): CodeIgniter\Boot::bootWeb(Object(Config\Paths))
WARNING - 2025-05-31 18:18:31 --> [DEPRECATED] Passing lowercase HTTP method "post" is deprecated. Use uppercase HTTP method like "POST". in SYSTEMPATH\Router\RouteCollection.php on line 1027.
 1 SYSTEMPATH\Router\RouteCollection.php(1027): trigger_error('Passing lowercase HTTP method "post" is deprecated. Use uppercase HTTP method like "POST".', 16384)
 2 APPPATH\Config\Routes\AdminRoutes.php(186): CodeIgniter\Router\RouteCollection->match([...], 'send_mail/?(:num)?', 'UsersController::send_mail/$1')
 3 SYSTEMPATH\Router\RouteCollection.php(800): App\Config\Routes\AdminRoutes::App\Config\Routes\{closure}(Object(CodeIgniter\Router\RouteCollection))
 4 APPPATH\Config\Routes\AdminRoutes.php(182): CodeIgniter\Router\RouteCollection->group('users', [...], Object(Closure))
 5 SYSTEMPATH\Router\RouteCollection.php(800): App\Config\Routes\AdminRoutes::App\Config\Routes\{closure}(Object(CodeIgniter\Router\RouteCollection))
 6 APPPATH\Config\Routes\AdminRoutes.php(28): CodeIgniter\Router\RouteCollection->group('admin', [...], Object(Closure))
 7 APPPATH\Config\Routes.php(20): App\Config\Routes\AdminRoutes::init(Object(CodeIgniter\Router\RouteCollection))
 8 SYSTEMPATH\Router\RouteCollection.php(340): require('C:\\xampp\\htdocs\\smartstore\\app\\Config\\Routes.php')
 9 SYSTEMPATH\CodeIgniter.php(823): CodeIgniter\Router\RouteCollection->loadRoutes()
10 SYSTEMPATH\CodeIgniter.php(457): CodeIgniter\CodeIgniter->tryToRouteIt(null)
11 SYSTEMPATH\CodeIgniter.php(355): CodeIgniter\CodeIgniter->handleRequest(null, Object(Config\Cache), false)
12 SYSTEMPATH\Boot.php(325): CodeIgniter\CodeIgniter->run()
13 SYSTEMPATH\Boot.php(67): CodeIgniter\Boot::runCodeIgniter(Object(CodeIgniter\CodeIgniter))
14 FCPATH\index.php(63): CodeIgniter\Boot::bootWeb(Object(Config\Paths))
WARNING - 2025-05-31 18:18:31 --> [DEPRECATED] Passing lowercase HTTP method "get" is deprecated. Use uppercase HTTP method like "GET". in SYSTEMPATH\Router\RouteCollection.php on line 1027.
 1 SYSTEMPATH\Router\RouteCollection.php(1027): trigger_error('Passing lowercase HTTP method "get" is deprecated. Use uppercase HTTP method like "GET".', 16384)
 2 APPPATH\Config\Routes\AdminRoutes.php(215): CodeIgniter\Router\RouteCollection->match([...], 'send_mail/?(:num)?', 'TicketsController::send_mail/$1')
 3 SYSTEMPATH\Router\RouteCollection.php(800): App\Config\Routes\AdminRoutes::App\Config\Routes\{closure}(Object(CodeIgniter\Router\RouteCollection))
 4 APPPATH\Config\Routes\AdminRoutes.php(212): CodeIgniter\Router\RouteCollection->group('tickets', [...], Object(Closure))
 5 SYSTEMPATH\Router\RouteCollection.php(800): App\Config\Routes\AdminRoutes::App\Config\Routes\{closure}(Object(CodeIgniter\Router\RouteCollection))
 6 APPPATH\Config\Routes\AdminRoutes.php(28): CodeIgniter\Router\RouteCollection->group('admin', [...], Object(Closure))
 7 APPPATH\Config\Routes.php(20): App\Config\Routes\AdminRoutes::init(Object(CodeIgniter\Router\RouteCollection))
 8 SYSTEMPATH\Router\RouteCollection.php(340): require('C:\\xampp\\htdocs\\smartstore\\app\\Config\\Routes.php')
 9 SYSTEMPATH\CodeIgniter.php(823): CodeIgniter\Router\RouteCollection->loadRoutes()
10 SYSTEMPATH\CodeIgniter.php(457): CodeIgniter\CodeIgniter->tryToRouteIt(null)
11 SYSTEMPATH\CodeIgniter.php(355): CodeIgniter\CodeIgniter->handleRequest(null, Object(Config\Cache), false)
12 SYSTEMPATH\Boot.php(325): CodeIgniter\CodeIgniter->run()
13 SYSTEMPATH\Boot.php(67): CodeIgniter\Boot::runCodeIgniter(Object(CodeIgniter\CodeIgniter))
14 FCPATH\index.php(63): CodeIgniter\Boot::bootWeb(Object(Config\Paths))
WARNING - 2025-05-31 18:18:31 --> [DEPRECATED] Passing lowercase HTTP method "post" is deprecated. Use uppercase HTTP method like "POST". in SYSTEMPATH\Router\RouteCollection.php on line 1027.
 1 SYSTEMPATH\Router\RouteCollection.php(1027): trigger_error('Passing lowercase HTTP method "post" is deprecated. Use uppercase HTTP method like "POST".', 16384)
 2 APPPATH\Config\Routes\AdminRoutes.php(215): CodeIgniter\Router\RouteCollection->match([...], 'send_mail/?(:num)?', 'TicketsController::send_mail/$1')
 3 SYSTEMPATH\Router\RouteCollection.php(800): App\Config\Routes\AdminRoutes::App\Config\Routes\{closure}(Object(CodeIgniter\Router\RouteCollection))
 4 APPPATH\Config\Routes\AdminRoutes.php(212): CodeIgniter\Router\RouteCollection->group('tickets', [...], Object(Closure))
 5 SYSTEMPATH\Router\RouteCollection.php(800): App\Config\Routes\AdminRoutes::App\Config\Routes\{closure}(Object(CodeIgniter\Router\RouteCollection))
 6 APPPATH\Config\Routes\AdminRoutes.php(28): CodeIgniter\Router\RouteCollection->group('admin', [...], Object(Closure))
 7 APPPATH\Config\Routes.php(20): App\Config\Routes\AdminRoutes::init(Object(CodeIgniter\Router\RouteCollection))
 8 SYSTEMPATH\Router\RouteCollection.php(340): require('C:\\xampp\\htdocs\\smartstore\\app\\Config\\Routes.php')
 9 SYSTEMPATH\CodeIgniter.php(823): CodeIgniter\Router\RouteCollection->loadRoutes()
10 SYSTEMPATH\CodeIgniter.php(457): CodeIgniter\CodeIgniter->tryToRouteIt(null)
11 SYSTEMPATH\CodeIgniter.php(355): CodeIgniter\CodeIgniter->handleRequest(null, Object(Config\Cache), false)
12 SYSTEMPATH\Boot.php(325): CodeIgniter\CodeIgniter->run()
13 SYSTEMPATH\Boot.php(67): CodeIgniter\Boot::runCodeIgniter(Object(CodeIgniter\CodeIgniter))
14 FCPATH\index.php(63): CodeIgniter\Boot::bootWeb(Object(Config\Paths))
WARNING - 2025-05-31 18:18:31 --> [DEPRECATED] Passing lowercase HTTP method "get" is deprecated. Use uppercase HTTP method like "GET". in SYSTEMPATH\Router\RouteCollection.php on line 1027.
 1 SYSTEMPATH\Router\RouteCollection.php(1027): trigger_error('Passing lowercase HTTP method "get" is deprecated. Use uppercase HTTP method like "GET".', 16384)
 2 APPPATH\Config\Routes\UserRoutes.php(49): CodeIgniter\Router\RouteCollection->match([...], 'submit_review', 'ClientController::submit_review', [...])
 3 APPPATH\Config\Routes\UserRoutes.php(23): App\Config\Routes\UserRoutes::defineRoutes(Object(CodeIgniter\Router\RouteCollection))
 4 APPPATH\Config\Routes.php(21): App\Config\Routes\UserRoutes::init(Object(CodeIgniter\Router\RouteCollection))
 5 SYSTEMPATH\Router\RouteCollection.php(340): require('C:\\xampp\\htdocs\\smartstore\\app\\Config\\Routes.php')
 6 SYSTEMPATH\CodeIgniter.php(823): CodeIgniter\Router\RouteCollection->loadRoutes()
 7 SYSTEMPATH\CodeIgniter.php(457): CodeIgniter\CodeIgniter->tryToRouteIt(null)
 8 SYSTEMPATH\CodeIgniter.php(355): CodeIgniter\CodeIgniter->handleRequest(null, Object(Config\Cache), false)
 9 SYSTEMPATH\Boot.php(325): CodeIgniter\CodeIgniter->run()
10 SYSTEMPATH\Boot.php(67): CodeIgniter\Boot::runCodeIgniter(Object(CodeIgniter\CodeIgniter))
11 FCPATH\index.php(63): CodeIgniter\Boot::bootWeb(Object(Config\Paths))
WARNING - 2025-05-31 18:18:31 --> [DEPRECATED] Passing lowercase HTTP method "post" is deprecated. Use uppercase HTTP method like "POST". in SYSTEMPATH\Router\RouteCollection.php on line 1027.
 1 SYSTEMPATH\Router\RouteCollection.php(1027): trigger_error('Passing lowercase HTTP method "post" is deprecated. Use uppercase HTTP method like "POST".', 16384)
 2 APPPATH\Config\Routes\UserRoutes.php(49): CodeIgniter\Router\RouteCollection->match([...], 'submit_review', 'ClientController::submit_review', [...])
 3 APPPATH\Config\Routes\UserRoutes.php(23): App\Config\Routes\UserRoutes::defineRoutes(Object(CodeIgniter\Router\RouteCollection))
 4 APPPATH\Config\Routes.php(21): App\Config\Routes\UserRoutes::init(Object(CodeIgniter\Router\RouteCollection))
 5 SYSTEMPATH\Router\RouteCollection.php(340): require('C:\\xampp\\htdocs\\smartstore\\app\\Config\\Routes.php')
 6 SYSTEMPATH\CodeIgniter.php(823): CodeIgniter\Router\RouteCollection->loadRoutes()
 7 SYSTEMPATH\CodeIgniter.php(457): CodeIgniter\CodeIgniter->tryToRouteIt(null)
 8 SYSTEMPATH\CodeIgniter.php(355): CodeIgniter\CodeIgniter->handleRequest(null, Object(Config\Cache), false)
 9 SYSTEMPATH\Boot.php(325): CodeIgniter\CodeIgniter->run()
10 SYSTEMPATH\Boot.php(67): CodeIgniter\Boot::runCodeIgniter(Object(CodeIgniter\CodeIgniter))
11 FCPATH\index.php(63): CodeIgniter\Boot::bootWeb(Object(Config\Paths))
WARNING - 2025-05-31 18:18:31 --> [DEPRECATED] Passing lowercase HTTP method "get" is deprecated. Use uppercase HTTP method like "GET". in SYSTEMPATH\Router\RouteCollection.php on line 1027.
 1 SYSTEMPATH\Router\RouteCollection.php(1027): trigger_error('Passing lowercase HTTP method "get" is deprecated. Use uppercase HTTP method like "GET".', 16384)
 2 APPPATH\Config\Routes\UserRoutes.php(63): CodeIgniter\Router\RouteCollection->match([...], 'track-order', 'OrderController::track_order', [...])
 3 APPPATH\Config\Routes\UserRoutes.php(23): App\Config\Routes\UserRoutes::defineRoutes(Object(CodeIgniter\Router\RouteCollection))
 4 APPPATH\Config\Routes.php(21): App\Config\Routes\UserRoutes::init(Object(CodeIgniter\Router\RouteCollection))
 5 SYSTEMPATH\Router\RouteCollection.php(340): require('C:\\xampp\\htdocs\\smartstore\\app\\Config\\Routes.php')
 6 SYSTEMPATH\CodeIgniter.php(823): CodeIgniter\Router\RouteCollection->loadRoutes()
 7 SYSTEMPATH\CodeIgniter.php(457): CodeIgniter\CodeIgniter->tryToRouteIt(null)
 8 SYSTEMPATH\CodeIgniter.php(355): CodeIgniter\CodeIgniter->handleRequest(null, Object(Config\Cache), false)
 9 SYSTEMPATH\Boot.php(325): CodeIgniter\CodeIgniter->run()
10 SYSTEMPATH\Boot.php(67): CodeIgniter\Boot::runCodeIgniter(Object(CodeIgniter\CodeIgniter))
11 FCPATH\index.php(63): CodeIgniter\Boot::bootWeb(Object(Config\Paths))
WARNING - 2025-05-31 18:18:31 --> [DEPRECATED] Passing lowercase HTTP method "post" is deprecated. Use uppercase HTTP method like "POST". in SYSTEMPATH\Router\RouteCollection.php on line 1027.
 1 SYSTEMPATH\Router\RouteCollection.php(1027): trigger_error('Passing lowercase HTTP method "post" is deprecated. Use uppercase HTTP method like "POST".', 16384)
 2 APPPATH\Config\Routes\UserRoutes.php(63): CodeIgniter\Router\RouteCollection->match([...], 'track-order', 'OrderController::track_order', [...])
 3 APPPATH\Config\Routes\UserRoutes.php(23): App\Config\Routes\UserRoutes::defineRoutes(Object(CodeIgniter\Router\RouteCollection))
 4 APPPATH\Config\Routes.php(21): App\Config\Routes\UserRoutes::init(Object(CodeIgniter\Router\RouteCollection))
 5 SYSTEMPATH\Router\RouteCollection.php(340): require('C:\\xampp\\htdocs\\smartstore\\app\\Config\\Routes.php')
 6 SYSTEMPATH\CodeIgniter.php(823): CodeIgniter\Router\RouteCollection->loadRoutes()
 7 SYSTEMPATH\CodeIgniter.php(457): CodeIgniter\CodeIgniter->tryToRouteIt(null)
 8 SYSTEMPATH\CodeIgniter.php(355): CodeIgniter\CodeIgniter->handleRequest(null, Object(Config\Cache), false)
 9 SYSTEMPATH\Boot.php(325): CodeIgniter\CodeIgniter->run()
10 SYSTEMPATH\Boot.php(67): CodeIgniter\Boot::runCodeIgniter(Object(CodeIgniter\CodeIgniter))
11 FCPATH\index.php(63): CodeIgniter\Boot::bootWeb(Object(Config\Paths))
WARNING - 2025-05-31 18:18:31 --> [DEPRECATED] Passing lowercase HTTP method "get" is deprecated. Use uppercase HTTP method like "GET". in SYSTEMPATH\Router\RouteCollection.php on line 1027.
 1 SYSTEMPATH\Router\RouteCollection.php(1027): trigger_error('Passing lowercase HTTP method "get" is deprecated. Use uppercase HTTP method like "GET".', 16384)
 2 APPPATH\Config\Routes\UserRoutes.php(49): CodeIgniter\Router\RouteCollection->match([...], 'submit_review', 'ClientController::submit_review', [...])
 3 APPPATH\Config\Routes\UserRoutes.php(26): App\Config\Routes\UserRoutes::defineRoutes(Object(CodeIgniter\Router\RouteCollection))
 4 SYSTEMPATH\Router\RouteCollection.php(800): App\Config\Routes\UserRoutes::App\Config\Routes\{closure}(Object(CodeIgniter\Router\RouteCollection))
 5 APPPATH\Config\Routes\UserRoutes.php(25): CodeIgniter\Router\RouteCollection->group('{locale}', Object(Closure))
 6 APPPATH\Config\Routes.php(21): App\Config\Routes\UserRoutes::init(Object(CodeIgniter\Router\RouteCollection))
 7 SYSTEMPATH\Router\RouteCollection.php(340): require('C:\\xampp\\htdocs\\smartstore\\app\\Config\\Routes.php')
 8 SYSTEMPATH\CodeIgniter.php(823): CodeIgniter\Router\RouteCollection->loadRoutes()
 9 SYSTEMPATH\CodeIgniter.php(457): CodeIgniter\CodeIgniter->tryToRouteIt(null)
10 SYSTEMPATH\CodeIgniter.php(355): CodeIgniter\CodeIgniter->handleRequest(null, Object(Config\Cache), false)
11 SYSTEMPATH\Boot.php(325): CodeIgniter\CodeIgniter->run()
12 SYSTEMPATH\Boot.php(67): CodeIgniter\Boot::runCodeIgniter(Object(CodeIgniter\CodeIgniter))
13 FCPATH\index.php(63): CodeIgniter\Boot::bootWeb(Object(Config\Paths))
WARNING - 2025-05-31 18:18:31 --> [DEPRECATED] Passing lowercase HTTP method "post" is deprecated. Use uppercase HTTP method like "POST". in SYSTEMPATH\Router\RouteCollection.php on line 1027.
 1 SYSTEMPATH\Router\RouteCollection.php(1027): trigger_error('Passing lowercase HTTP method "post" is deprecated. Use uppercase HTTP method like "POST".', 16384)
 2 APPPATH\Config\Routes\UserRoutes.php(49): CodeIgniter\Router\RouteCollection->match([...], 'submit_review', 'ClientController::submit_review', [...])
 3 APPPATH\Config\Routes\UserRoutes.php(26): App\Config\Routes\UserRoutes::defineRoutes(Object(CodeIgniter\Router\RouteCollection))
 4 SYSTEMPATH\Router\RouteCollection.php(800): App\Config\Routes\UserRoutes::App\Config\Routes\{closure}(Object(CodeIgniter\Router\RouteCollection))
 5 APPPATH\Config\Routes\UserRoutes.php(25): CodeIgniter\Router\RouteCollection->group('{locale}', Object(Closure))
 6 APPPATH\Config\Routes.php(21): App\Config\Routes\UserRoutes::init(Object(CodeIgniter\Router\RouteCollection))
 7 SYSTEMPATH\Router\RouteCollection.php(340): require('C:\\xampp\\htdocs\\smartstore\\app\\Config\\Routes.php')
 8 SYSTEMPATH\CodeIgniter.php(823): CodeIgniter\Router\RouteCollection->loadRoutes()
 9 SYSTEMPATH\CodeIgniter.php(457): CodeIgniter\CodeIgniter->tryToRouteIt(null)
10 SYSTEMPATH\CodeIgniter.php(355): CodeIgniter\CodeIgniter->handleRequest(null, Object(Config\Cache), false)
11 SYSTEMPATH\Boot.php(325): CodeIgniter\CodeIgniter->run()
12 SYSTEMPATH\Boot.php(67): CodeIgniter\Boot::runCodeIgniter(Object(CodeIgniter\CodeIgniter))
13 FCPATH\index.php(63): CodeIgniter\Boot::bootWeb(Object(Config\Paths))
WARNING - 2025-05-31 18:18:31 --> [DEPRECATED] Passing lowercase HTTP method "get" is deprecated. Use uppercase HTTP method like "GET". in SYSTEMPATH\Router\RouteCollection.php on line 1027.
 1 SYSTEMPATH\Router\RouteCollection.php(1027): trigger_error('Passing lowercase HTTP method "get" is deprecated. Use uppercase HTTP method like "GET".', 16384)
 2 APPPATH\Config\Routes\UserRoutes.php(63): CodeIgniter\Router\RouteCollection->match([...], 'track-order', 'OrderController::track_order', [...])
 3 APPPATH\Config\Routes\UserRoutes.php(26): App\Config\Routes\UserRoutes::defineRoutes(Object(CodeIgniter\Router\RouteCollection))
 4 SYSTEMPATH\Router\RouteCollection.php(800): App\Config\Routes\UserRoutes::App\Config\Routes\{closure}(Object(CodeIgniter\Router\RouteCollection))
 5 APPPATH\Config\Routes\UserRoutes.php(25): CodeIgniter\Router\RouteCollection->group('{locale}', Object(Closure))
 6 APPPATH\Config\Routes.php(21): App\Config\Routes\UserRoutes::init(Object(CodeIgniter\Router\RouteCollection))
 7 SYSTEMPATH\Router\RouteCollection.php(340): require('C:\\xampp\\htdocs\\smartstore\\app\\Config\\Routes.php')
 8 SYSTEMPATH\CodeIgniter.php(823): CodeIgniter\Router\RouteCollection->loadRoutes()
 9 SYSTEMPATH\CodeIgniter.php(457): CodeIgniter\CodeIgniter->tryToRouteIt(null)
10 SYSTEMPATH\CodeIgniter.php(355): CodeIgniter\CodeIgniter->handleRequest(null, Object(Config\Cache), false)
11 SYSTEMPATH\Boot.php(325): CodeIgniter\CodeIgniter->run()
12 SYSTEMPATH\Boot.php(67): CodeIgniter\Boot::runCodeIgniter(Object(CodeIgniter\CodeIgniter))
13 FCPATH\index.php(63): CodeIgniter\Boot::bootWeb(Object(Config\Paths))
WARNING - 2025-05-31 18:18:31 --> [DEPRECATED] Passing lowercase HTTP method "post" is deprecated. Use uppercase HTTP method like "POST". in SYSTEMPATH\Router\RouteCollection.php on line 1027.
 1 SYSTEMPATH\Router\RouteCollection.php(1027): trigger_error('Passing lowercase HTTP method "post" is deprecated. Use uppercase HTTP method like "POST".', 16384)
 2 APPPATH\Config\Routes\UserRoutes.php(63): CodeIgniter\Router\RouteCollection->match([...], 'track-order', 'OrderController::track_order', [...])
 3 APPPATH\Config\Routes\UserRoutes.php(26): App\Config\Routes\UserRoutes::defineRoutes(Object(CodeIgniter\Router\RouteCollection))
 4 SYSTEMPATH\Router\RouteCollection.php(800): App\Config\Routes\UserRoutes::App\Config\Routes\{closure}(Object(CodeIgniter\Router\RouteCollection))
 5 APPPATH\Config\Routes\UserRoutes.php(25): CodeIgniter\Router\RouteCollection->group('{locale}', Object(Closure))
 6 APPPATH\Config\Routes.php(21): App\Config\Routes\UserRoutes::init(Object(CodeIgniter\Router\RouteCollection))
 7 SYSTEMPATH\Router\RouteCollection.php(340): require('C:\\xampp\\htdocs\\smartstore\\app\\Config\\Routes.php')
 8 SYSTEMPATH\CodeIgniter.php(823): CodeIgniter\Router\RouteCollection->loadRoutes()
 9 SYSTEMPATH\CodeIgniter.php(457): CodeIgniter\CodeIgniter->tryToRouteIt(null)
10 SYSTEMPATH\CodeIgniter.php(355): CodeIgniter\CodeIgniter->handleRequest(null, Object(Config\Cache), false)
11 SYSTEMPATH\Boot.php(325): CodeIgniter\CodeIgniter->run()
12 SYSTEMPATH\Boot.php(67): CodeIgniter\Boot::runCodeIgniter(Object(CodeIgniter\CodeIgniter))
13 FCPATH\index.php(63): CodeIgniter\Boot::bootWeb(Object(Config\Paths))
INFO - 2025-05-31 18:18:31 --> Session: Class initialized using 'CodeIgniter\Session\Handlers\FileHandler' driver.
WARNING - 2025-05-31 18:18:31 --> [DEPRECATED] Creation of dynamic property App\Models\Admin\SocialNetworkModel::$blog_posts_lang_builder is deprecated in APPPATH\Models\Admin\MyAdminModel.php on line 15.
 1 APPPATH\Models\Admin\SocialNetworkModel.php(9): App\Models\Admin\MyAdminModel->__construct()
 2 APPPATH\Controllers\Admin\SocialnetworkController.php(19): App\Models\Admin\SocialNetworkModel->__construct()
 3 SYSTEMPATH\CodeIgniter.php(903): App\Controllers\Admin\SocialnetworkController->__construct()
 4 SYSTEMPATH\CodeIgniter.php(500): CodeIgniter\CodeIgniter->createController()
 5 SYSTEMPATH\CodeIgniter.php(355): CodeIgniter\CodeIgniter->handleRequest(null, Object(Config\Cache), false)
 6 SYSTEMPATH\Boot.php(325): CodeIgniter\CodeIgniter->run()
 7 SYSTEMPATH\Boot.php(67): CodeIgniter\Boot::runCodeIgniter(Object(CodeIgniter\CodeIgniter))
 8 FCPATH\index.php(63): CodeIgniter\Boot::bootWeb(Object(Config\Paths))
WARNING - 2025-05-31 18:18:31 --> [DEPRECATED] Creation of dynamic property App\Models\Admin\SocialNetworkModel::$lang_list_builder is deprecated in APPPATH\Models\Admin\MyAdminModel.php on line 16.
 1 APPPATH\Models\Admin\SocialNetworkModel.php(9): App\Models\Admin\MyAdminModel->__construct()
 2 APPPATH\Controllers\Admin\SocialnetworkController.php(19): App\Models\Admin\SocialNetworkModel->__construct()
 3 SYSTEMPATH\CodeIgniter.php(903): App\Controllers\Admin\SocialnetworkController->__construct()
 4 SYSTEMPATH\CodeIgniter.php(500): CodeIgniter\CodeIgniter->createController()
 5 SYSTEMPATH\CodeIgniter.php(355): CodeIgniter\CodeIgniter->handleRequest(null, Object(Config\Cache), false)
 6 SYSTEMPATH\Boot.php(325): CodeIgniter\CodeIgniter->run()
 7 SYSTEMPATH\Boot.php(67): CodeIgniter\Boot::runCodeIgniter(Object(CodeIgniter\CodeIgniter))
 8 FCPATH\index.php(63): CodeIgniter\Boot::bootWeb(Object(Config\Paths))
WARNING - 2025-05-31 18:18:31 --> [DEPRECATED] Creation of dynamic property App\Models\Admin\SocialNetworkModel::$field_search_accepted is deprecated in APPPATH\Models\Admin\SocialNetworkModel.php on line 16.
 1 APPPATH\Controllers\Admin\SocialnetworkController.php(19): App\Models\Admin\SocialNetworkModel->__construct()
 2 SYSTEMPATH\CodeIgniter.php(903): App\Controllers\Admin\SocialnetworkController->__construct()
 3 SYSTEMPATH\CodeIgniter.php(500): CodeIgniter\CodeIgniter->createController()
 4 SYSTEMPATH\CodeIgniter.php(355): CodeIgniter\CodeIgniter->handleRequest(null, Object(Config\Cache), false)
 5 SYSTEMPATH\Boot.php(325): CodeIgniter\CodeIgniter->run()
 6 SYSTEMPATH\Boot.php(67): CodeIgniter\Boot::runCodeIgniter(Object(CodeIgniter\CodeIgniter))
 7 FCPATH\index.php(63): CodeIgniter\Boot::bootWeb(Object(Config\Paths))
WARNING - 2025-05-31 18:18:31 --> [DEPRECATED] Creation of dynamic property App\Requests\Admin\SocialNetworkRequest::$not_allowed_fields_for_js_validate is deprecated in APPPATH\Requests\Admin\MyAdminRequest.php on line 16.
 1 APPPATH\Requests\Admin\SocialNetworkRequest.php(11): App\Requests\Admin\MyAdminRequest->__construct()
 2 APPPATH\Controllers\Admin\SocialnetworkController.php(20): App\Requests\Admin\SocialNetworkRequest->__construct()
 3 SYSTEMPATH\CodeIgniter.php(903): App\Controllers\Admin\SocialnetworkController->__construct()
 4 SYSTEMPATH\CodeIgniter.php(500): CodeIgniter\CodeIgniter->createController()
 5 SYSTEMPATH\CodeIgniter.php(355): CodeIgniter\CodeIgniter->handleRequest(null, Object(Config\Cache), false)
 6 SYSTEMPATH\Boot.php(325): CodeIgniter\CodeIgniter->run()
 7 SYSTEMPATH\Boot.php(67): CodeIgniter\Boot::runCodeIgniter(Object(CodeIgniter\CodeIgniter))
 8 FCPATH\index.php(63): CodeIgniter\Boot::bootWeb(Object(Config\Paths))
WARNING - 2025-05-31 18:18:31 --> [DEPRECATED] DateTime::__construct(): Passing null to parameter #1 ($datetime) of type string is deprecated in APPPATH\Helpers\currency_timezone_helper.php on line 152.
 1 APPPATH\Helpers\currency_timezone_helper.php(152): DateTime->__construct(null, Object(DateTimeZone))
 2 APPPATH\Helpers\template_helper.php(473): convert_timezone(null, 'user')
 3 APPPATH\Views\admin\pages\socialnetwork\child\item_row.php(22): show_item_datetime(null, 'long')
 4 APPPATH\Views\admin\pages\socialnetwork\child\list.php(7): include('C:\\xampp\\htdocs\\smartstore\\app\\Views\\admin\\pages\\socialnetwork\\child\\item_row.php')
 5 SYSTEMPATH\View\View.php(234): include('C:\\xampp\\htdocs\\smartstore\\app\\Views\\admin\\pages\\socialnetwork\\child\\list.php')
 6 SYSTEMPATH\View\View.php(237): CodeIgniter\View\View->CodeIgniter\View\{closure}()
 7 SYSTEMPATH\View\View.php(487): CodeIgniter\View\View->render('admin/pages/socialnetwork/child/list', null, true)
 8 APPPATH\Views\admin\pages\socialnetwork\index.php(11): CodeIgniter\View\View->include('admin/pages/socialnetwork/child/list')
 9 SYSTEMPATH\View\View.php(234): include('C:\\xampp\\htdocs\\smartstore\\app\\Views\\admin\\pages\\socialnetwork\\index.php')
10 SYSTEMPATH\View\View.php(237): CodeIgniter\View\View->CodeIgniter\View\{closure}()
11 SYSTEMPATH\Common.php(1171): CodeIgniter\View\View->render('admin/pages/socialnetwork/index', [], true)
12 APPPATH\Controllers\Admin\MyAdminController.php(40): view('admin/pages/socialnetwork/index', [...])
13 SYSTEMPATH\CodeIgniter.php(933): App\Controllers\Admin\MyAdminController->index()
14 SYSTEMPATH\CodeIgniter.php(509): CodeIgniter\CodeIgniter->runController(Object(App\Controllers\Admin\SocialnetworkController))
15 SYSTEMPATH\CodeIgniter.php(355): CodeIgniter\CodeIgniter->handleRequest(null, Object(Config\Cache), false)
16 SYSTEMPATH\Boot.php(325): CodeIgniter\CodeIgniter->run()
17 SYSTEMPATH\Boot.php(67): CodeIgniter\Boot::runCodeIgniter(Object(CodeIgniter\CodeIgniter))
18 FCPATH\index.php(63): CodeIgniter\Boot::bootWeb(Object(Config\Paths))
WARNING - 2025-05-31 18:18:35 --> [DEPRECATED] Passing lowercase HTTP method "get" is deprecated. Use uppercase HTTP method like "GET". in SYSTEMPATH\Router\RouteCollection.php on line 1027.
 1 SYSTEMPATH\Router\RouteCollection.php(1027): trigger_error('Passing lowercase HTTP method "get" is deprecated. Use uppercase HTTP method like "GET".', 16384)
 2 APPPATH\Config\Routes\AdminRoutes.php(65): CodeIgniter\Router\RouteCollection->match([...], 'send_test_mail', 'SettingsController::send_test_mail')
 3 SYSTEMPATH\Router\RouteCollection.php(800): App\Config\Routes\AdminRoutes::App\Config\Routes\{closure}(Object(CodeIgniter\Router\RouteCollection))
 4 APPPATH\Config\Routes\AdminRoutes.php(63): CodeIgniter\Router\RouteCollection->group('settings', [...], Object(Closure))
 5 SYSTEMPATH\Router\RouteCollection.php(800): App\Config\Routes\AdminRoutes::App\Config\Routes\{closure}(Object(CodeIgniter\Router\RouteCollection))
 6 APPPATH\Config\Routes\AdminRoutes.php(28): CodeIgniter\Router\RouteCollection->group('admin', [...], Object(Closure))
 7 APPPATH\Config\Routes.php(20): App\Config\Routes\AdminRoutes::init(Object(CodeIgniter\Router\RouteCollection))
 8 SYSTEMPATH\Router\RouteCollection.php(340): require('C:\\xampp\\htdocs\\smartstore\\app\\Config\\Routes.php')
 9 SYSTEMPATH\CodeIgniter.php(823): CodeIgniter\Router\RouteCollection->loadRoutes()
10 SYSTEMPATH\CodeIgniter.php(457): CodeIgniter\CodeIgniter->tryToRouteIt(null)
11 SYSTEMPATH\CodeIgniter.php(355): CodeIgniter\CodeIgniter->handleRequest(null, Object(Config\Cache), false)
12 SYSTEMPATH\Boot.php(325): CodeIgniter\CodeIgniter->run()
13 SYSTEMPATH\Boot.php(67): CodeIgniter\Boot::runCodeIgniter(Object(CodeIgniter\CodeIgniter))
14 FCPATH\index.php(63): CodeIgniter\Boot::bootWeb(Object(Config\Paths))
WARNING - 2025-05-31 18:18:35 --> [DEPRECATED] Passing lowercase HTTP method "post" is deprecated. Use uppercase HTTP method like "POST". in SYSTEMPATH\Router\RouteCollection.php on line 1027.
 1 SYSTEMPATH\Router\RouteCollection.php(1027): trigger_error('Passing lowercase HTTP method "post" is deprecated. Use uppercase HTTP method like "POST".', 16384)
 2 APPPATH\Config\Routes\AdminRoutes.php(65): CodeIgniter\Router\RouteCollection->match([...], 'send_test_mail', 'SettingsController::send_test_mail')
 3 SYSTEMPATH\Router\RouteCollection.php(800): App\Config\Routes\AdminRoutes::App\Config\Routes\{closure}(Object(CodeIgniter\Router\RouteCollection))
 4 APPPATH\Config\Routes\AdminRoutes.php(63): CodeIgniter\Router\RouteCollection->group('settings', [...], Object(Closure))
 5 SYSTEMPATH\Router\RouteCollection.php(800): App\Config\Routes\AdminRoutes::App\Config\Routes\{closure}(Object(CodeIgniter\Router\RouteCollection))
 6 APPPATH\Config\Routes\AdminRoutes.php(28): CodeIgniter\Router\RouteCollection->group('admin', [...], Object(Closure))
 7 APPPATH\Config\Routes.php(20): App\Config\Routes\AdminRoutes::init(Object(CodeIgniter\Router\RouteCollection))
 8 SYSTEMPATH\Router\RouteCollection.php(340): require('C:\\xampp\\htdocs\\smartstore\\app\\Config\\Routes.php')
 9 SYSTEMPATH\CodeIgniter.php(823): CodeIgniter\Router\RouteCollection->loadRoutes()
10 SYSTEMPATH\CodeIgniter.php(457): CodeIgniter\CodeIgniter->tryToRouteIt(null)
11 SYSTEMPATH\CodeIgniter.php(355): CodeIgniter\CodeIgniter->handleRequest(null, Object(Config\Cache), false)
12 SYSTEMPATH\Boot.php(325): CodeIgniter\CodeIgniter->run()
13 SYSTEMPATH\Boot.php(67): CodeIgniter\Boot::runCodeIgniter(Object(CodeIgniter\CodeIgniter))
14 FCPATH\index.php(63): CodeIgniter\Boot::bootWeb(Object(Config\Paths))
WARNING - 2025-05-31 18:18:35 --> [DEPRECATED] Passing lowercase HTTP method "get" is deprecated. Use uppercase HTTP method like "GET". in SYSTEMPATH\Router\RouteCollection.php on line 1027.
 1 SYSTEMPATH\Router\RouteCollection.php(1027): trigger_error('Passing lowercase HTTP method "get" is deprecated. Use uppercase HTTP method like "GET".', 16384)
 2 APPPATH\Config\Routes\AdminRoutes.php(76): CodeIgniter\Router\RouteCollection->match([...], 'elfinder_connector', 'FilemanagerController::elfinder_connector')
 3 SYSTEMPATH\Router\RouteCollection.php(800): App\Config\Routes\AdminRoutes::App\Config\Routes\{closure}(Object(CodeIgniter\Router\RouteCollection))
 4 APPPATH\Config\Routes\AdminRoutes.php(73): CodeIgniter\Router\RouteCollection->group('filemanager', [...], Object(Closure))
 5 SYSTEMPATH\Router\RouteCollection.php(800): App\Config\Routes\AdminRoutes::App\Config\Routes\{closure}(Object(CodeIgniter\Router\RouteCollection))
 6 APPPATH\Config\Routes\AdminRoutes.php(28): CodeIgniter\Router\RouteCollection->group('admin', [...], Object(Closure))
 7 APPPATH\Config\Routes.php(20): App\Config\Routes\AdminRoutes::init(Object(CodeIgniter\Router\RouteCollection))
 8 SYSTEMPATH\Router\RouteCollection.php(340): require('C:\\xampp\\htdocs\\smartstore\\app\\Config\\Routes.php')
 9 SYSTEMPATH\CodeIgniter.php(823): CodeIgniter\Router\RouteCollection->loadRoutes()
10 SYSTEMPATH\CodeIgniter.php(457): CodeIgniter\CodeIgniter->tryToRouteIt(null)
11 SYSTEMPATH\CodeIgniter.php(355): CodeIgniter\CodeIgniter->handleRequest(null, Object(Config\Cache), false)
12 SYSTEMPATH\Boot.php(325): CodeIgniter\CodeIgniter->run()
13 SYSTEMPATH\Boot.php(67): CodeIgniter\Boot::runCodeIgniter(Object(CodeIgniter\CodeIgniter))
14 FCPATH\index.php(63): CodeIgniter\Boot::bootWeb(Object(Config\Paths))
WARNING - 2025-05-31 18:18:35 --> [DEPRECATED] Passing lowercase HTTP method "post" is deprecated. Use uppercase HTTP method like "POST". in SYSTEMPATH\Router\RouteCollection.php on line 1027.
 1 SYSTEMPATH\Router\RouteCollection.php(1027): trigger_error('Passing lowercase HTTP method "post" is deprecated. Use uppercase HTTP method like "POST".', 16384)
 2 APPPATH\Config\Routes\AdminRoutes.php(76): CodeIgniter\Router\RouteCollection->match([...], 'elfinder_connector', 'FilemanagerController::elfinder_connector')
 3 SYSTEMPATH\Router\RouteCollection.php(800): App\Config\Routes\AdminRoutes::App\Config\Routes\{closure}(Object(CodeIgniter\Router\RouteCollection))
 4 APPPATH\Config\Routes\AdminRoutes.php(73): CodeIgniter\Router\RouteCollection->group('filemanager', [...], Object(Closure))
 5 SYSTEMPATH\Router\RouteCollection.php(800): App\Config\Routes\AdminRoutes::App\Config\Routes\{closure}(Object(CodeIgniter\Router\RouteCollection))
 6 APPPATH\Config\Routes\AdminRoutes.php(28): CodeIgniter\Router\RouteCollection->group('admin', [...], Object(Closure))
 7 APPPATH\Config\Routes.php(20): App\Config\Routes\AdminRoutes::init(Object(CodeIgniter\Router\RouteCollection))
 8 SYSTEMPATH\Router\RouteCollection.php(340): require('C:\\xampp\\htdocs\\smartstore\\app\\Config\\Routes.php')
 9 SYSTEMPATH\CodeIgniter.php(823): CodeIgniter\Router\RouteCollection->loadRoutes()
10 SYSTEMPATH\CodeIgniter.php(457): CodeIgniter\CodeIgniter->tryToRouteIt(null)
11 SYSTEMPATH\CodeIgniter.php(355): CodeIgniter\CodeIgniter->handleRequest(null, Object(Config\Cache), false)
12 SYSTEMPATH\Boot.php(325): CodeIgniter\CodeIgniter->run()
13 SYSTEMPATH\Boot.php(67): CodeIgniter\Boot::runCodeIgniter(Object(CodeIgniter\CodeIgniter))
14 FCPATH\index.php(63): CodeIgniter\Boot::bootWeb(Object(Config\Paths))
WARNING - 2025-05-31 18:18:35 --> [DEPRECATED] Passing lowercase HTTP method "get" is deprecated. Use uppercase HTTP method like "GET". in SYSTEMPATH\Router\RouteCollection.php on line 1027.
 1 SYSTEMPATH\Router\RouteCollection.php(1027): trigger_error('Passing lowercase HTTP method "get" is deprecated. Use uppercase HTTP method like "GET".', 16384)
 2 APPPATH\Config\Routes\AdminRoutes.php(172): CodeIgniter\Router\RouteCollection->match([...], 'sync_services/?(:num)?', 'ProvidersController::sync_services/$1')
 3 SYSTEMPATH\Router\RouteCollection.php(800): App\Config\Routes\AdminRoutes::App\Config\Routes\{closure}(Object(CodeIgniter\Router\RouteCollection))
 4 APPPATH\Config\Routes\AdminRoutes.php(167): CodeIgniter\Router\RouteCollection->group('providers', [...], Object(Closure))
 5 SYSTEMPATH\Router\RouteCollection.php(800): App\Config\Routes\AdminRoutes::App\Config\Routes\{closure}(Object(CodeIgniter\Router\RouteCollection))
 6 APPPATH\Config\Routes\AdminRoutes.php(28): CodeIgniter\Router\RouteCollection->group('admin', [...], Object(Closure))
 7 APPPATH\Config\Routes.php(20): App\Config\Routes\AdminRoutes::init(Object(CodeIgniter\Router\RouteCollection))
 8 SYSTEMPATH\Router\RouteCollection.php(340): require('C:\\xampp\\htdocs\\smartstore\\app\\Config\\Routes.php')
 9 SYSTEMPATH\CodeIgniter.php(823): CodeIgniter\Router\RouteCollection->loadRoutes()
10 SYSTEMPATH\CodeIgniter.php(457): CodeIgniter\CodeIgniter->tryToRouteIt(null)
11 SYSTEMPATH\CodeIgniter.php(355): CodeIgniter\CodeIgniter->handleRequest(null, Object(Config\Cache), false)
12 SYSTEMPATH\Boot.php(325): CodeIgniter\CodeIgniter->run()
13 SYSTEMPATH\Boot.php(67): CodeIgniter\Boot::runCodeIgniter(Object(CodeIgniter\CodeIgniter))
14 FCPATH\index.php(63): CodeIgniter\Boot::bootWeb(Object(Config\Paths))
WARNING - 2025-05-31 18:18:35 --> [DEPRECATED] Passing lowercase HTTP method "post" is deprecated. Use uppercase HTTP method like "POST". in SYSTEMPATH\Router\RouteCollection.php on line 1027.
 1 SYSTEMPATH\Router\RouteCollection.php(1027): trigger_error('Passing lowercase HTTP method "post" is deprecated. Use uppercase HTTP method like "POST".', 16384)
 2 APPPATH\Config\Routes\AdminRoutes.php(172): CodeIgniter\Router\RouteCollection->match([...], 'sync_services/?(:num)?', 'ProvidersController::sync_services/$1')
 3 SYSTEMPATH\Router\RouteCollection.php(800): App\Config\Routes\AdminRoutes::App\Config\Routes\{closure}(Object(CodeIgniter\Router\RouteCollection))
 4 APPPATH\Config\Routes\AdminRoutes.php(167): CodeIgniter\Router\RouteCollection->group('providers', [...], Object(Closure))
 5 SYSTEMPATH\Router\RouteCollection.php(800): App\Config\Routes\AdminRoutes::App\Config\Routes\{closure}(Object(CodeIgniter\Router\RouteCollection))
 6 APPPATH\Config\Routes\AdminRoutes.php(28): CodeIgniter\Router\RouteCollection->group('admin', [...], Object(Closure))
 7 APPPATH\Config\Routes.php(20): App\Config\Routes\AdminRoutes::init(Object(CodeIgniter\Router\RouteCollection))
 8 SYSTEMPATH\Router\RouteCollection.php(340): require('C:\\xampp\\htdocs\\smartstore\\app\\Config\\Routes.php')
 9 SYSTEMPATH\CodeIgniter.php(823): CodeIgniter\Router\RouteCollection->loadRoutes()
10 SYSTEMPATH\CodeIgniter.php(457): CodeIgniter\CodeIgniter->tryToRouteIt(null)
11 SYSTEMPATH\CodeIgniter.php(355): CodeIgniter\CodeIgniter->handleRequest(null, Object(Config\Cache), false)
12 SYSTEMPATH\Boot.php(325): CodeIgniter\CodeIgniter->run()
13 SYSTEMPATH\Boot.php(67): CodeIgniter\Boot::runCodeIgniter(Object(CodeIgniter\CodeIgniter))
14 FCPATH\index.php(63): CodeIgniter\Boot::bootWeb(Object(Config\Paths))
WARNING - 2025-05-31 18:18:35 --> [DEPRECATED] Passing lowercase HTTP method "get" is deprecated. Use uppercase HTTP method like "GET". in SYSTEMPATH\Router\RouteCollection.php on line 1027.
 1 SYSTEMPATH\Router\RouteCollection.php(1027): trigger_error('Passing lowercase HTTP method "get" is deprecated. Use uppercase HTTP method like "GET".', 16384)
 2 APPPATH\Config\Routes\AdminRoutes.php(185): CodeIgniter\Router\RouteCollection->match([...], 'add_note/?(:num)?', 'UsersController::add_note/$1')
 3 SYSTEMPATH\Router\RouteCollection.php(800): App\Config\Routes\AdminRoutes::App\Config\Routes\{closure}(Object(CodeIgniter\Router\RouteCollection))
 4 APPPATH\Config\Routes\AdminRoutes.php(182): CodeIgniter\Router\RouteCollection->group('users', [...], Object(Closure))
 5 SYSTEMPATH\Router\RouteCollection.php(800): App\Config\Routes\AdminRoutes::App\Config\Routes\{closure}(Object(CodeIgniter\Router\RouteCollection))
 6 APPPATH\Config\Routes\AdminRoutes.php(28): CodeIgniter\Router\RouteCollection->group('admin', [...], Object(Closure))
 7 APPPATH\Config\Routes.php(20): App\Config\Routes\AdminRoutes::init(Object(CodeIgniter\Router\RouteCollection))
 8 SYSTEMPATH\Router\RouteCollection.php(340): require('C:\\xampp\\htdocs\\smartstore\\app\\Config\\Routes.php')
 9 SYSTEMPATH\CodeIgniter.php(823): CodeIgniter\Router\RouteCollection->loadRoutes()
10 SYSTEMPATH\CodeIgniter.php(457): CodeIgniter\CodeIgniter->tryToRouteIt(null)
11 SYSTEMPATH\CodeIgniter.php(355): CodeIgniter\CodeIgniter->handleRequest(null, Object(Config\Cache), false)
12 SYSTEMPATH\Boot.php(325): CodeIgniter\CodeIgniter->run()
13 SYSTEMPATH\Boot.php(67): CodeIgniter\Boot::runCodeIgniter(Object(CodeIgniter\CodeIgniter))
14 FCPATH\index.php(63): CodeIgniter\Boot::bootWeb(Object(Config\Paths))
WARNING - 2025-05-31 18:18:35 --> [DEPRECATED] Passing lowercase HTTP method "post" is deprecated. Use uppercase HTTP method like "POST". in SYSTEMPATH\Router\RouteCollection.php on line 1027.
 1 SYSTEMPATH\Router\RouteCollection.php(1027): trigger_error('Passing lowercase HTTP method "post" is deprecated. Use uppercase HTTP method like "POST".', 16384)
 2 APPPATH\Config\Routes\AdminRoutes.php(185): CodeIgniter\Router\RouteCollection->match([...], 'add_note/?(:num)?', 'UsersController::add_note/$1')
 3 SYSTEMPATH\Router\RouteCollection.php(800): App\Config\Routes\AdminRoutes::App\Config\Routes\{closure}(Object(CodeIgniter\Router\RouteCollection))
 4 APPPATH\Config\Routes\AdminRoutes.php(182): CodeIgniter\Router\RouteCollection->group('users', [...], Object(Closure))
 5 SYSTEMPATH\Router\RouteCollection.php(800): App\Config\Routes\AdminRoutes::App\Config\Routes\{closure}(Object(CodeIgniter\Router\RouteCollection))
 6 APPPATH\Config\Routes\AdminRoutes.php(28): CodeIgniter\Router\RouteCollection->group('admin', [...], Object(Closure))
 7 APPPATH\Config\Routes.php(20): App\Config\Routes\AdminRoutes::init(Object(CodeIgniter\Router\RouteCollection))
 8 SYSTEMPATH\Router\RouteCollection.php(340): require('C:\\xampp\\htdocs\\smartstore\\app\\Config\\Routes.php')
 9 SYSTEMPATH\CodeIgniter.php(823): CodeIgniter\Router\RouteCollection->loadRoutes()
10 SYSTEMPATH\CodeIgniter.php(457): CodeIgniter\CodeIgniter->tryToRouteIt(null)
11 SYSTEMPATH\CodeIgniter.php(355): CodeIgniter\CodeIgniter->handleRequest(null, Object(Config\Cache), false)
12 SYSTEMPATH\Boot.php(325): CodeIgniter\CodeIgniter->run()
13 SYSTEMPATH\Boot.php(67): CodeIgniter\Boot::runCodeIgniter(Object(CodeIgniter\CodeIgniter))
14 FCPATH\index.php(63): CodeIgniter\Boot::bootWeb(Object(Config\Paths))
WARNING - 2025-05-31 18:18:35 --> [DEPRECATED] Passing lowercase HTTP method "get" is deprecated. Use uppercase HTTP method like "GET". in SYSTEMPATH\Router\RouteCollection.php on line 1027.
 1 SYSTEMPATH\Router\RouteCollection.php(1027): trigger_error('Passing lowercase HTTP method "get" is deprecated. Use uppercase HTTP method like "GET".', 16384)
 2 APPPATH\Config\Routes\AdminRoutes.php(186): CodeIgniter\Router\RouteCollection->match([...], 'send_mail/?(:num)?', 'UsersController::send_mail/$1')
 3 SYSTEMPATH\Router\RouteCollection.php(800): App\Config\Routes\AdminRoutes::App\Config\Routes\{closure}(Object(CodeIgniter\Router\RouteCollection))
 4 APPPATH\Config\Routes\AdminRoutes.php(182): CodeIgniter\Router\RouteCollection->group('users', [...], Object(Closure))
 5 SYSTEMPATH\Router\RouteCollection.php(800): App\Config\Routes\AdminRoutes::App\Config\Routes\{closure}(Object(CodeIgniter\Router\RouteCollection))
 6 APPPATH\Config\Routes\AdminRoutes.php(28): CodeIgniter\Router\RouteCollection->group('admin', [...], Object(Closure))
 7 APPPATH\Config\Routes.php(20): App\Config\Routes\AdminRoutes::init(Object(CodeIgniter\Router\RouteCollection))
 8 SYSTEMPATH\Router\RouteCollection.php(340): require('C:\\xampp\\htdocs\\smartstore\\app\\Config\\Routes.php')
 9 SYSTEMPATH\CodeIgniter.php(823): CodeIgniter\Router\RouteCollection->loadRoutes()
10 SYSTEMPATH\CodeIgniter.php(457): CodeIgniter\CodeIgniter->tryToRouteIt(null)
11 SYSTEMPATH\CodeIgniter.php(355): CodeIgniter\CodeIgniter->handleRequest(null, Object(Config\Cache), false)
12 SYSTEMPATH\Boot.php(325): CodeIgniter\CodeIgniter->run()
13 SYSTEMPATH\Boot.php(67): CodeIgniter\Boot::runCodeIgniter(Object(CodeIgniter\CodeIgniter))
14 FCPATH\index.php(63): CodeIgniter\Boot::bootWeb(Object(Config\Paths))
WARNING - 2025-05-31 18:18:35 --> [DEPRECATED] Passing lowercase HTTP method "post" is deprecated. Use uppercase HTTP method like "POST". in SYSTEMPATH\Router\RouteCollection.php on line 1027.
 1 SYSTEMPATH\Router\RouteCollection.php(1027): trigger_error('Passing lowercase HTTP method "post" is deprecated. Use uppercase HTTP method like "POST".', 16384)
 2 APPPATH\Config\Routes\AdminRoutes.php(186): CodeIgniter\Router\RouteCollection->match([...], 'send_mail/?(:num)?', 'UsersController::send_mail/$1')
 3 SYSTEMPATH\Router\RouteCollection.php(800): App\Config\Routes\AdminRoutes::App\Config\Routes\{closure}(Object(CodeIgniter\Router\RouteCollection))
 4 APPPATH\Config\Routes\AdminRoutes.php(182): CodeIgniter\Router\RouteCollection->group('users', [...], Object(Closure))
 5 SYSTEMPATH\Router\RouteCollection.php(800): App\Config\Routes\AdminRoutes::App\Config\Routes\{closure}(Object(CodeIgniter\Router\RouteCollection))
 6 APPPATH\Config\Routes\AdminRoutes.php(28): CodeIgniter\Router\RouteCollection->group('admin', [...], Object(Closure))
 7 APPPATH\Config\Routes.php(20): App\Config\Routes\AdminRoutes::init(Object(CodeIgniter\Router\RouteCollection))
 8 SYSTEMPATH\Router\RouteCollection.php(340): require('C:\\xampp\\htdocs\\smartstore\\app\\Config\\Routes.php')
 9 SYSTEMPATH\CodeIgniter.php(823): CodeIgniter\Router\RouteCollection->loadRoutes()
10 SYSTEMPATH\CodeIgniter.php(457): CodeIgniter\CodeIgniter->tryToRouteIt(null)
11 SYSTEMPATH\CodeIgniter.php(355): CodeIgniter\CodeIgniter->handleRequest(null, Object(Config\Cache), false)
12 SYSTEMPATH\Boot.php(325): CodeIgniter\CodeIgniter->run()
13 SYSTEMPATH\Boot.php(67): CodeIgniter\Boot::runCodeIgniter(Object(CodeIgniter\CodeIgniter))
14 FCPATH\index.php(63): CodeIgniter\Boot::bootWeb(Object(Config\Paths))
WARNING - 2025-05-31 18:18:35 --> [DEPRECATED] Passing lowercase HTTP method "get" is deprecated. Use uppercase HTTP method like "GET". in SYSTEMPATH\Router\RouteCollection.php on line 1027.
 1 SYSTEMPATH\Router\RouteCollection.php(1027): trigger_error('Passing lowercase HTTP method "get" is deprecated. Use uppercase HTTP method like "GET".', 16384)
 2 APPPATH\Config\Routes\AdminRoutes.php(215): CodeIgniter\Router\RouteCollection->match([...], 'send_mail/?(:num)?', 'TicketsController::send_mail/$1')
 3 SYSTEMPATH\Router\RouteCollection.php(800): App\Config\Routes\AdminRoutes::App\Config\Routes\{closure}(Object(CodeIgniter\Router\RouteCollection))
 4 APPPATH\Config\Routes\AdminRoutes.php(212): CodeIgniter\Router\RouteCollection->group('tickets', [...], Object(Closure))
 5 SYSTEMPATH\Router\RouteCollection.php(800): App\Config\Routes\AdminRoutes::App\Config\Routes\{closure}(Object(CodeIgniter\Router\RouteCollection))
 6 APPPATH\Config\Routes\AdminRoutes.php(28): CodeIgniter\Router\RouteCollection->group('admin', [...], Object(Closure))
 7 APPPATH\Config\Routes.php(20): App\Config\Routes\AdminRoutes::init(Object(CodeIgniter\Router\RouteCollection))
 8 SYSTEMPATH\Router\RouteCollection.php(340): require('C:\\xampp\\htdocs\\smartstore\\app\\Config\\Routes.php')
 9 SYSTEMPATH\CodeIgniter.php(823): CodeIgniter\Router\RouteCollection->loadRoutes()
10 SYSTEMPATH\CodeIgniter.php(457): CodeIgniter\CodeIgniter->tryToRouteIt(null)
11 SYSTEMPATH\CodeIgniter.php(355): CodeIgniter\CodeIgniter->handleRequest(null, Object(Config\Cache), false)
12 SYSTEMPATH\Boot.php(325): CodeIgniter\CodeIgniter->run()
13 SYSTEMPATH\Boot.php(67): CodeIgniter\Boot::runCodeIgniter(Object(CodeIgniter\CodeIgniter))
14 FCPATH\index.php(63): CodeIgniter\Boot::bootWeb(Object(Config\Paths))
WARNING - 2025-05-31 18:18:35 --> [DEPRECATED] Passing lowercase HTTP method "post" is deprecated. Use uppercase HTTP method like "POST". in SYSTEMPATH\Router\RouteCollection.php on line 1027.
 1 SYSTEMPATH\Router\RouteCollection.php(1027): trigger_error('Passing lowercase HTTP method "post" is deprecated. Use uppercase HTTP method like "POST".', 16384)
 2 APPPATH\Config\Routes\AdminRoutes.php(215): CodeIgniter\Router\RouteCollection->match([...], 'send_mail/?(:num)?', 'TicketsController::send_mail/$1')
 3 SYSTEMPATH\Router\RouteCollection.php(800): App\Config\Routes\AdminRoutes::App\Config\Routes\{closure}(Object(CodeIgniter\Router\RouteCollection))
 4 APPPATH\Config\Routes\AdminRoutes.php(212): CodeIgniter\Router\RouteCollection->group('tickets', [...], Object(Closure))
 5 SYSTEMPATH\Router\RouteCollection.php(800): App\Config\Routes\AdminRoutes::App\Config\Routes\{closure}(Object(CodeIgniter\Router\RouteCollection))
 6 APPPATH\Config\Routes\AdminRoutes.php(28): CodeIgniter\Router\RouteCollection->group('admin', [...], Object(Closure))
 7 APPPATH\Config\Routes.php(20): App\Config\Routes\AdminRoutes::init(Object(CodeIgniter\Router\RouteCollection))
 8 SYSTEMPATH\Router\RouteCollection.php(340): require('C:\\xampp\\htdocs\\smartstore\\app\\Config\\Routes.php')
 9 SYSTEMPATH\CodeIgniter.php(823): CodeIgniter\Router\RouteCollection->loadRoutes()
10 SYSTEMPATH\CodeIgniter.php(457): CodeIgniter\CodeIgniter->tryToRouteIt(null)
11 SYSTEMPATH\CodeIgniter.php(355): CodeIgniter\CodeIgniter->handleRequest(null, Object(Config\Cache), false)
12 SYSTEMPATH\Boot.php(325): CodeIgniter\CodeIgniter->run()
13 SYSTEMPATH\Boot.php(67): CodeIgniter\Boot::runCodeIgniter(Object(CodeIgniter\CodeIgniter))
14 FCPATH\index.php(63): CodeIgniter\Boot::bootWeb(Object(Config\Paths))
WARNING - 2025-05-31 18:18:35 --> [DEPRECATED] Passing lowercase HTTP method "get" is deprecated. Use uppercase HTTP method like "GET". in SYSTEMPATH\Router\RouteCollection.php on line 1027.
 1 SYSTEMPATH\Router\RouteCollection.php(1027): trigger_error('Passing lowercase HTTP method "get" is deprecated. Use uppercase HTTP method like "GET".', 16384)
 2 APPPATH\Config\Routes\UserRoutes.php(49): CodeIgniter\Router\RouteCollection->match([...], 'submit_review', 'ClientController::submit_review', [...])
 3 APPPATH\Config\Routes\UserRoutes.php(23): App\Config\Routes\UserRoutes::defineRoutes(Object(CodeIgniter\Router\RouteCollection))
 4 APPPATH\Config\Routes.php(21): App\Config\Routes\UserRoutes::init(Object(CodeIgniter\Router\RouteCollection))
 5 SYSTEMPATH\Router\RouteCollection.php(340): require('C:\\xampp\\htdocs\\smartstore\\app\\Config\\Routes.php')
 6 SYSTEMPATH\CodeIgniter.php(823): CodeIgniter\Router\RouteCollection->loadRoutes()
 7 SYSTEMPATH\CodeIgniter.php(457): CodeIgniter\CodeIgniter->tryToRouteIt(null)
 8 SYSTEMPATH\CodeIgniter.php(355): CodeIgniter\CodeIgniter->handleRequest(null, Object(Config\Cache), false)
 9 SYSTEMPATH\Boot.php(325): CodeIgniter\CodeIgniter->run()
10 SYSTEMPATH\Boot.php(67): CodeIgniter\Boot::runCodeIgniter(Object(CodeIgniter\CodeIgniter))
11 FCPATH\index.php(63): CodeIgniter\Boot::bootWeb(Object(Config\Paths))
WARNING - 2025-05-31 18:18:35 --> [DEPRECATED] Passing lowercase HTTP method "post" is deprecated. Use uppercase HTTP method like "POST". in SYSTEMPATH\Router\RouteCollection.php on line 1027.
 1 SYSTEMPATH\Router\RouteCollection.php(1027): trigger_error('Passing lowercase HTTP method "post" is deprecated. Use uppercase HTTP method like "POST".', 16384)
 2 APPPATH\Config\Routes\UserRoutes.php(49): CodeIgniter\Router\RouteCollection->match([...], 'submit_review', 'ClientController::submit_review', [...])
 3 APPPATH\Config\Routes\UserRoutes.php(23): App\Config\Routes\UserRoutes::defineRoutes(Object(CodeIgniter\Router\RouteCollection))
 4 APPPATH\Config\Routes.php(21): App\Config\Routes\UserRoutes::init(Object(CodeIgniter\Router\RouteCollection))
 5 SYSTEMPATH\Router\RouteCollection.php(340): require('C:\\xampp\\htdocs\\smartstore\\app\\Config\\Routes.php')
 6 SYSTEMPATH\CodeIgniter.php(823): CodeIgniter\Router\RouteCollection->loadRoutes()
 7 SYSTEMPATH\CodeIgniter.php(457): CodeIgniter\CodeIgniter->tryToRouteIt(null)
 8 SYSTEMPATH\CodeIgniter.php(355): CodeIgniter\CodeIgniter->handleRequest(null, Object(Config\Cache), false)
 9 SYSTEMPATH\Boot.php(325): CodeIgniter\CodeIgniter->run()
10 SYSTEMPATH\Boot.php(67): CodeIgniter\Boot::runCodeIgniter(Object(CodeIgniter\CodeIgniter))
11 FCPATH\index.php(63): CodeIgniter\Boot::bootWeb(Object(Config\Paths))
WARNING - 2025-05-31 18:18:35 --> [DEPRECATED] Passing lowercase HTTP method "get" is deprecated. Use uppercase HTTP method like "GET". in SYSTEMPATH\Router\RouteCollection.php on line 1027.
 1 SYSTEMPATH\Router\RouteCollection.php(1027): trigger_error('Passing lowercase HTTP method "get" is deprecated. Use uppercase HTTP method like "GET".', 16384)
 2 APPPATH\Config\Routes\UserRoutes.php(63): CodeIgniter\Router\RouteCollection->match([...], 'track-order', 'OrderController::track_order', [...])
 3 APPPATH\Config\Routes\UserRoutes.php(23): App\Config\Routes\UserRoutes::defineRoutes(Object(CodeIgniter\Router\RouteCollection))
 4 APPPATH\Config\Routes.php(21): App\Config\Routes\UserRoutes::init(Object(CodeIgniter\Router\RouteCollection))
 5 SYSTEMPATH\Router\RouteCollection.php(340): require('C:\\xampp\\htdocs\\smartstore\\app\\Config\\Routes.php')
 6 SYSTEMPATH\CodeIgniter.php(823): CodeIgniter\Router\RouteCollection->loadRoutes()
 7 SYSTEMPATH\CodeIgniter.php(457): CodeIgniter\CodeIgniter->tryToRouteIt(null)
 8 SYSTEMPATH\CodeIgniter.php(355): CodeIgniter\CodeIgniter->handleRequest(null, Object(Config\Cache), false)
 9 SYSTEMPATH\Boot.php(325): CodeIgniter\CodeIgniter->run()
10 SYSTEMPATH\Boot.php(67): CodeIgniter\Boot::runCodeIgniter(Object(CodeIgniter\CodeIgniter))
11 FCPATH\index.php(63): CodeIgniter\Boot::bootWeb(Object(Config\Paths))
WARNING - 2025-05-31 18:18:35 --> [DEPRECATED] Passing lowercase HTTP method "post" is deprecated. Use uppercase HTTP method like "POST". in SYSTEMPATH\Router\RouteCollection.php on line 1027.
 1 SYSTEMPATH\Router\RouteCollection.php(1027): trigger_error('Passing lowercase HTTP method "post" is deprecated. Use uppercase HTTP method like "POST".', 16384)
 2 APPPATH\Config\Routes\UserRoutes.php(63): CodeIgniter\Router\RouteCollection->match([...], 'track-order', 'OrderController::track_order', [...])
 3 APPPATH\Config\Routes\UserRoutes.php(23): App\Config\Routes\UserRoutes::defineRoutes(Object(CodeIgniter\Router\RouteCollection))
 4 APPPATH\Config\Routes.php(21): App\Config\Routes\UserRoutes::init(Object(CodeIgniter\Router\RouteCollection))
 5 SYSTEMPATH\Router\RouteCollection.php(340): require('C:\\xampp\\htdocs\\smartstore\\app\\Config\\Routes.php')
 6 SYSTEMPATH\CodeIgniter.php(823): CodeIgniter\Router\RouteCollection->loadRoutes()
 7 SYSTEMPATH\CodeIgniter.php(457): CodeIgniter\CodeIgniter->tryToRouteIt(null)
 8 SYSTEMPATH\CodeIgniter.php(355): CodeIgniter\CodeIgniter->handleRequest(null, Object(Config\Cache), false)
 9 SYSTEMPATH\Boot.php(325): CodeIgniter\CodeIgniter->run()
10 SYSTEMPATH\Boot.php(67): CodeIgniter\Boot::runCodeIgniter(Object(CodeIgniter\CodeIgniter))
11 FCPATH\index.php(63): CodeIgniter\Boot::bootWeb(Object(Config\Paths))
WARNING - 2025-05-31 18:18:35 --> [DEPRECATED] Passing lowercase HTTP method "get" is deprecated. Use uppercase HTTP method like "GET". in SYSTEMPATH\Router\RouteCollection.php on line 1027.
 1 SYSTEMPATH\Router\RouteCollection.php(1027): trigger_error('Passing lowercase HTTP method "get" is deprecated. Use uppercase HTTP method like "GET".', 16384)
 2 APPPATH\Config\Routes\UserRoutes.php(49): CodeIgniter\Router\RouteCollection->match([...], 'submit_review', 'ClientController::submit_review', [...])
 3 APPPATH\Config\Routes\UserRoutes.php(26): App\Config\Routes\UserRoutes::defineRoutes(Object(CodeIgniter\Router\RouteCollection))
 4 SYSTEMPATH\Router\RouteCollection.php(800): App\Config\Routes\UserRoutes::App\Config\Routes\{closure}(Object(CodeIgniter\Router\RouteCollection))
 5 APPPATH\Config\Routes\UserRoutes.php(25): CodeIgniter\Router\RouteCollection->group('{locale}', Object(Closure))
 6 APPPATH\Config\Routes.php(21): App\Config\Routes\UserRoutes::init(Object(CodeIgniter\Router\RouteCollection))
 7 SYSTEMPATH\Router\RouteCollection.php(340): require('C:\\xampp\\htdocs\\smartstore\\app\\Config\\Routes.php')
 8 SYSTEMPATH\CodeIgniter.php(823): CodeIgniter\Router\RouteCollection->loadRoutes()
 9 SYSTEMPATH\CodeIgniter.php(457): CodeIgniter\CodeIgniter->tryToRouteIt(null)
10 SYSTEMPATH\CodeIgniter.php(355): CodeIgniter\CodeIgniter->handleRequest(null, Object(Config\Cache), false)
11 SYSTEMPATH\Boot.php(325): CodeIgniter\CodeIgniter->run()
12 SYSTEMPATH\Boot.php(67): CodeIgniter\Boot::runCodeIgniter(Object(CodeIgniter\CodeIgniter))
13 FCPATH\index.php(63): CodeIgniter\Boot::bootWeb(Object(Config\Paths))
WARNING - 2025-05-31 18:18:35 --> [DEPRECATED] Passing lowercase HTTP method "post" is deprecated. Use uppercase HTTP method like "POST". in SYSTEMPATH\Router\RouteCollection.php on line 1027.
 1 SYSTEMPATH\Router\RouteCollection.php(1027): trigger_error('Passing lowercase HTTP method "post" is deprecated. Use uppercase HTTP method like "POST".', 16384)
 2 APPPATH\Config\Routes\UserRoutes.php(49): CodeIgniter\Router\RouteCollection->match([...], 'submit_review', 'ClientController::submit_review', [...])
 3 APPPATH\Config\Routes\UserRoutes.php(26): App\Config\Routes\UserRoutes::defineRoutes(Object(CodeIgniter\Router\RouteCollection))
 4 SYSTEMPATH\Router\RouteCollection.php(800): App\Config\Routes\UserRoutes::App\Config\Routes\{closure}(Object(CodeIgniter\Router\RouteCollection))
 5 APPPATH\Config\Routes\UserRoutes.php(25): CodeIgniter\Router\RouteCollection->group('{locale}', Object(Closure))
 6 APPPATH\Config\Routes.php(21): App\Config\Routes\UserRoutes::init(Object(CodeIgniter\Router\RouteCollection))
 7 SYSTEMPATH\Router\RouteCollection.php(340): require('C:\\xampp\\htdocs\\smartstore\\app\\Config\\Routes.php')
 8 SYSTEMPATH\CodeIgniter.php(823): CodeIgniter\Router\RouteCollection->loadRoutes()
 9 SYSTEMPATH\CodeIgniter.php(457): CodeIgniter\CodeIgniter->tryToRouteIt(null)
10 SYSTEMPATH\CodeIgniter.php(355): CodeIgniter\CodeIgniter->handleRequest(null, Object(Config\Cache), false)
11 SYSTEMPATH\Boot.php(325): CodeIgniter\CodeIgniter->run()
12 SYSTEMPATH\Boot.php(67): CodeIgniter\Boot::runCodeIgniter(Object(CodeIgniter\CodeIgniter))
13 FCPATH\index.php(63): CodeIgniter\Boot::bootWeb(Object(Config\Paths))
WARNING - 2025-05-31 18:18:35 --> [DEPRECATED] Passing lowercase HTTP method "get" is deprecated. Use uppercase HTTP method like "GET". in SYSTEMPATH\Router\RouteCollection.php on line 1027.
 1 SYSTEMPATH\Router\RouteCollection.php(1027): trigger_error('Passing lowercase HTTP method "get" is deprecated. Use uppercase HTTP method like "GET".', 16384)
 2 APPPATH\Config\Routes\UserRoutes.php(63): CodeIgniter\Router\RouteCollection->match([...], 'track-order', 'OrderController::track_order', [...])
 3 APPPATH\Config\Routes\UserRoutes.php(26): App\Config\Routes\UserRoutes::defineRoutes(Object(CodeIgniter\Router\RouteCollection))
 4 SYSTEMPATH\Router\RouteCollection.php(800): App\Config\Routes\UserRoutes::App\Config\Routes\{closure}(Object(CodeIgniter\Router\RouteCollection))
 5 APPPATH\Config\Routes\UserRoutes.php(25): CodeIgniter\Router\RouteCollection->group('{locale}', Object(Closure))
 6 APPPATH\Config\Routes.php(21): App\Config\Routes\UserRoutes::init(Object(CodeIgniter\Router\RouteCollection))
 7 SYSTEMPATH\Router\RouteCollection.php(340): require('C:\\xampp\\htdocs\\smartstore\\app\\Config\\Routes.php')
 8 SYSTEMPATH\CodeIgniter.php(823): CodeIgniter\Router\RouteCollection->loadRoutes()
 9 SYSTEMPATH\CodeIgniter.php(457): CodeIgniter\CodeIgniter->tryToRouteIt(null)
10 SYSTEMPATH\CodeIgniter.php(355): CodeIgniter\CodeIgniter->handleRequest(null, Object(Config\Cache), false)
11 SYSTEMPATH\Boot.php(325): CodeIgniter\CodeIgniter->run()
12 SYSTEMPATH\Boot.php(67): CodeIgniter\Boot::runCodeIgniter(Object(CodeIgniter\CodeIgniter))
13 FCPATH\index.php(63): CodeIgniter\Boot::bootWeb(Object(Config\Paths))
WARNING - 2025-05-31 18:18:35 --> [DEPRECATED] Passing lowercase HTTP method "post" is deprecated. Use uppercase HTTP method like "POST". in SYSTEMPATH\Router\RouteCollection.php on line 1027.
 1 SYSTEMPATH\Router\RouteCollection.php(1027): trigger_error('Passing lowercase HTTP method "post" is deprecated. Use uppercase HTTP method like "POST".', 16384)
 2 APPPATH\Config\Routes\UserRoutes.php(63): CodeIgniter\Router\RouteCollection->match([...], 'track-order', 'OrderController::track_order', [...])
 3 APPPATH\Config\Routes\UserRoutes.php(26): App\Config\Routes\UserRoutes::defineRoutes(Object(CodeIgniter\Router\RouteCollection))
 4 SYSTEMPATH\Router\RouteCollection.php(800): App\Config\Routes\UserRoutes::App\Config\Routes\{closure}(Object(CodeIgniter\Router\RouteCollection))
 5 APPPATH\Config\Routes\UserRoutes.php(25): CodeIgniter\Router\RouteCollection->group('{locale}', Object(Closure))
 6 APPPATH\Config\Routes.php(21): App\Config\Routes\UserRoutes::init(Object(CodeIgniter\Router\RouteCollection))
 7 SYSTEMPATH\Router\RouteCollection.php(340): require('C:\\xampp\\htdocs\\smartstore\\app\\Config\\Routes.php')
 8 SYSTEMPATH\CodeIgniter.php(823): CodeIgniter\Router\RouteCollection->loadRoutes()
 9 SYSTEMPATH\CodeIgniter.php(457): CodeIgniter\CodeIgniter->tryToRouteIt(null)
10 SYSTEMPATH\CodeIgniter.php(355): CodeIgniter\CodeIgniter->handleRequest(null, Object(Config\Cache), false)
11 SYSTEMPATH\Boot.php(325): CodeIgniter\CodeIgniter->run()
12 SYSTEMPATH\Boot.php(67): CodeIgniter\Boot::runCodeIgniter(Object(CodeIgniter\CodeIgniter))
13 FCPATH\index.php(63): CodeIgniter\Boot::bootWeb(Object(Config\Paths))
INFO - 2025-05-31 18:18:35 --> CSRF token verified.
INFO - 2025-05-31 18:18:35 --> Session: Class initialized using 'CodeIgniter\Session\Handlers\FileHandler' driver.
WARNING - 2025-05-31 18:18:35 --> [DEPRECATED] Creation of dynamic property App\Models\Admin\SocialNetworkModel::$blog_posts_lang_builder is deprecated in APPPATH\Models\Admin\MyAdminModel.php on line 15.
 1 APPPATH\Models\Admin\SocialNetworkModel.php(9): App\Models\Admin\MyAdminModel->__construct()
 2 APPPATH\Controllers\Admin\SocialnetworkController.php(19): App\Models\Admin\SocialNetworkModel->__construct()
 3 SYSTEMPATH\CodeIgniter.php(903): App\Controllers\Admin\SocialnetworkController->__construct()
 4 SYSTEMPATH\CodeIgniter.php(500): CodeIgniter\CodeIgniter->createController()
 5 SYSTEMPATH\CodeIgniter.php(355): CodeIgniter\CodeIgniter->handleRequest(null, Object(Config\Cache), false)
 6 SYSTEMPATH\Boot.php(325): CodeIgniter\CodeIgniter->run()
 7 SYSTEMPATH\Boot.php(67): CodeIgniter\Boot::runCodeIgniter(Object(CodeIgniter\CodeIgniter))
 8 FCPATH\index.php(63): CodeIgniter\Boot::bootWeb(Object(Config\Paths))
WARNING - 2025-05-31 18:18:35 --> [DEPRECATED] Creation of dynamic property App\Models\Admin\SocialNetworkModel::$lang_list_builder is deprecated in APPPATH\Models\Admin\MyAdminModel.php on line 16.
 1 APPPATH\Models\Admin\SocialNetworkModel.php(9): App\Models\Admin\MyAdminModel->__construct()
 2 APPPATH\Controllers\Admin\SocialnetworkController.php(19): App\Models\Admin\SocialNetworkModel->__construct()
 3 SYSTEMPATH\CodeIgniter.php(903): App\Controllers\Admin\SocialnetworkController->__construct()
 4 SYSTEMPATH\CodeIgniter.php(500): CodeIgniter\CodeIgniter->createController()
 5 SYSTEMPATH\CodeIgniter.php(355): CodeIgniter\CodeIgniter->handleRequest(null, Object(Config\Cache), false)
 6 SYSTEMPATH\Boot.php(325): CodeIgniter\CodeIgniter->run()
 7 SYSTEMPATH\Boot.php(67): CodeIgniter\Boot::runCodeIgniter(Object(CodeIgniter\CodeIgniter))
 8 FCPATH\index.php(63): CodeIgniter\Boot::bootWeb(Object(Config\Paths))
WARNING - 2025-05-31 18:18:35 --> [DEPRECATED] Creation of dynamic property App\Models\Admin\SocialNetworkModel::$field_search_accepted is deprecated in APPPATH\Models\Admin\SocialNetworkModel.php on line 16.
 1 APPPATH\Controllers\Admin\SocialnetworkController.php(19): App\Models\Admin\SocialNetworkModel->__construct()
 2 SYSTEMPATH\CodeIgniter.php(903): App\Controllers\Admin\SocialnetworkController->__construct()
 3 SYSTEMPATH\CodeIgniter.php(500): CodeIgniter\CodeIgniter->createController()
 4 SYSTEMPATH\CodeIgniter.php(355): CodeIgniter\CodeIgniter->handleRequest(null, Object(Config\Cache), false)
 5 SYSTEMPATH\Boot.php(325): CodeIgniter\CodeIgniter->run()
 6 SYSTEMPATH\Boot.php(67): CodeIgniter\Boot::runCodeIgniter(Object(CodeIgniter\CodeIgniter))
 7 FCPATH\index.php(63): CodeIgniter\Boot::bootWeb(Object(Config\Paths))
WARNING - 2025-05-31 18:18:35 --> [DEPRECATED] Creation of dynamic property App\Requests\Admin\SocialNetworkRequest::$not_allowed_fields_for_js_validate is deprecated in APPPATH\Requests\Admin\MyAdminRequest.php on line 16.
 1 APPPATH\Requests\Admin\SocialNetworkRequest.php(11): App\Requests\Admin\MyAdminRequest->__construct()
 2 APPPATH\Controllers\Admin\SocialnetworkController.php(20): App\Requests\Admin\SocialNetworkRequest->__construct()
 3 SYSTEMPATH\CodeIgniter.php(903): App\Controllers\Admin\SocialnetworkController->__construct()
 4 SYSTEMPATH\CodeIgniter.php(500): CodeIgniter\CodeIgniter->createController()
 5 SYSTEMPATH\CodeIgniter.php(355): CodeIgniter\CodeIgniter->handleRequest(null, Object(Config\Cache), false)
 6 SYSTEMPATH\Boot.php(325): CodeIgniter\CodeIgniter->run()
 7 SYSTEMPATH\Boot.php(67): CodeIgniter\Boot::runCodeIgniter(Object(CodeIgniter\CodeIgniter))
 8 FCPATH\index.php(63): CodeIgniter\Boot::bootWeb(Object(Config\Paths))
WARNING - 2025-05-31 18:18:36 --> [DEPRECATED] Passing lowercase HTTP method "get" is deprecated. Use uppercase HTTP method like "GET". in SYSTEMPATH\Router\RouteCollection.php on line 1027.
 1 SYSTEMPATH\Router\RouteCollection.php(1027): trigger_error('Passing lowercase HTTP method "get" is deprecated. Use uppercase HTTP method like "GET".', 16384)
 2 APPPATH\Config\Routes\AdminRoutes.php(65): CodeIgniter\Router\RouteCollection->match([...], 'send_test_mail', 'SettingsController::send_test_mail')
 3 SYSTEMPATH\Router\RouteCollection.php(800): App\Config\Routes\AdminRoutes::App\Config\Routes\{closure}(Object(CodeIgniter\Router\RouteCollection))
 4 APPPATH\Config\Routes\AdminRoutes.php(63): CodeIgniter\Router\RouteCollection->group('settings', [...], Object(Closure))
 5 SYSTEMPATH\Router\RouteCollection.php(800): App\Config\Routes\AdminRoutes::App\Config\Routes\{closure}(Object(CodeIgniter\Router\RouteCollection))
 6 APPPATH\Config\Routes\AdminRoutes.php(28): CodeIgniter\Router\RouteCollection->group('admin', [...], Object(Closure))
 7 APPPATH\Config\Routes.php(20): App\Config\Routes\AdminRoutes::init(Object(CodeIgniter\Router\RouteCollection))
 8 SYSTEMPATH\Router\RouteCollection.php(340): require('C:\\xampp\\htdocs\\smartstore\\app\\Config\\Routes.php')
 9 SYSTEMPATH\CodeIgniter.php(823): CodeIgniter\Router\RouteCollection->loadRoutes()
10 SYSTEMPATH\CodeIgniter.php(457): CodeIgniter\CodeIgniter->tryToRouteIt(null)
11 SYSTEMPATH\CodeIgniter.php(355): CodeIgniter\CodeIgniter->handleRequest(null, Object(Config\Cache), false)
12 SYSTEMPATH\Boot.php(325): CodeIgniter\CodeIgniter->run()
13 SYSTEMPATH\Boot.php(67): CodeIgniter\Boot::runCodeIgniter(Object(CodeIgniter\CodeIgniter))
14 FCPATH\index.php(63): CodeIgniter\Boot::bootWeb(Object(Config\Paths))
WARNING - 2025-05-31 18:18:36 --> [DEPRECATED] Passing lowercase HTTP method "post" is deprecated. Use uppercase HTTP method like "POST". in SYSTEMPATH\Router\RouteCollection.php on line 1027.
 1 SYSTEMPATH\Router\RouteCollection.php(1027): trigger_error('Passing lowercase HTTP method "post" is deprecated. Use uppercase HTTP method like "POST".', 16384)
 2 APPPATH\Config\Routes\AdminRoutes.php(65): CodeIgniter\Router\RouteCollection->match([...], 'send_test_mail', 'SettingsController::send_test_mail')
 3 SYSTEMPATH\Router\RouteCollection.php(800): App\Config\Routes\AdminRoutes::App\Config\Routes\{closure}(Object(CodeIgniter\Router\RouteCollection))
 4 APPPATH\Config\Routes\AdminRoutes.php(63): CodeIgniter\Router\RouteCollection->group('settings', [...], Object(Closure))
 5 SYSTEMPATH\Router\RouteCollection.php(800): App\Config\Routes\AdminRoutes::App\Config\Routes\{closure}(Object(CodeIgniter\Router\RouteCollection))
 6 APPPATH\Config\Routes\AdminRoutes.php(28): CodeIgniter\Router\RouteCollection->group('admin', [...], Object(Closure))
 7 APPPATH\Config\Routes.php(20): App\Config\Routes\AdminRoutes::init(Object(CodeIgniter\Router\RouteCollection))
 8 SYSTEMPATH\Router\RouteCollection.php(340): require('C:\\xampp\\htdocs\\smartstore\\app\\Config\\Routes.php')
 9 SYSTEMPATH\CodeIgniter.php(823): CodeIgniter\Router\RouteCollection->loadRoutes()
10 SYSTEMPATH\CodeIgniter.php(457): CodeIgniter\CodeIgniter->tryToRouteIt(null)
11 SYSTEMPATH\CodeIgniter.php(355): CodeIgniter\CodeIgniter->handleRequest(null, Object(Config\Cache), false)
12 SYSTEMPATH\Boot.php(325): CodeIgniter\CodeIgniter->run()
13 SYSTEMPATH\Boot.php(67): CodeIgniter\Boot::runCodeIgniter(Object(CodeIgniter\CodeIgniter))
14 FCPATH\index.php(63): CodeIgniter\Boot::bootWeb(Object(Config\Paths))
WARNING - 2025-05-31 18:18:36 --> [DEPRECATED] Passing lowercase HTTP method "get" is deprecated. Use uppercase HTTP method like "GET". in SYSTEMPATH\Router\RouteCollection.php on line 1027.
 1 SYSTEMPATH\Router\RouteCollection.php(1027): trigger_error('Passing lowercase HTTP method "get" is deprecated. Use uppercase HTTP method like "GET".', 16384)
 2 APPPATH\Config\Routes\AdminRoutes.php(76): CodeIgniter\Router\RouteCollection->match([...], 'elfinder_connector', 'FilemanagerController::elfinder_connector')
 3 SYSTEMPATH\Router\RouteCollection.php(800): App\Config\Routes\AdminRoutes::App\Config\Routes\{closure}(Object(CodeIgniter\Router\RouteCollection))
 4 APPPATH\Config\Routes\AdminRoutes.php(73): CodeIgniter\Router\RouteCollection->group('filemanager', [...], Object(Closure))
 5 SYSTEMPATH\Router\RouteCollection.php(800): App\Config\Routes\AdminRoutes::App\Config\Routes\{closure}(Object(CodeIgniter\Router\RouteCollection))
 6 APPPATH\Config\Routes\AdminRoutes.php(28): CodeIgniter\Router\RouteCollection->group('admin', [...], Object(Closure))
 7 APPPATH\Config\Routes.php(20): App\Config\Routes\AdminRoutes::init(Object(CodeIgniter\Router\RouteCollection))
 8 SYSTEMPATH\Router\RouteCollection.php(340): require('C:\\xampp\\htdocs\\smartstore\\app\\Config\\Routes.php')
 9 SYSTEMPATH\CodeIgniter.php(823): CodeIgniter\Router\RouteCollection->loadRoutes()
10 SYSTEMPATH\CodeIgniter.php(457): CodeIgniter\CodeIgniter->tryToRouteIt(null)
11 SYSTEMPATH\CodeIgniter.php(355): CodeIgniter\CodeIgniter->handleRequest(null, Object(Config\Cache), false)
12 SYSTEMPATH\Boot.php(325): CodeIgniter\CodeIgniter->run()
13 SYSTEMPATH\Boot.php(67): CodeIgniter\Boot::runCodeIgniter(Object(CodeIgniter\CodeIgniter))
14 FCPATH\index.php(63): CodeIgniter\Boot::bootWeb(Object(Config\Paths))
WARNING - 2025-05-31 18:18:36 --> [DEPRECATED] Passing lowercase HTTP method "post" is deprecated. Use uppercase HTTP method like "POST". in SYSTEMPATH\Router\RouteCollection.php on line 1027.
 1 SYSTEMPATH\Router\RouteCollection.php(1027): trigger_error('Passing lowercase HTTP method "post" is deprecated. Use uppercase HTTP method like "POST".', 16384)
 2 APPPATH\Config\Routes\AdminRoutes.php(76): CodeIgniter\Router\RouteCollection->match([...], 'elfinder_connector', 'FilemanagerController::elfinder_connector')
 3 SYSTEMPATH\Router\RouteCollection.php(800): App\Config\Routes\AdminRoutes::App\Config\Routes\{closure}(Object(CodeIgniter\Router\RouteCollection))
 4 APPPATH\Config\Routes\AdminRoutes.php(73): CodeIgniter\Router\RouteCollection->group('filemanager', [...], Object(Closure))
 5 SYSTEMPATH\Router\RouteCollection.php(800): App\Config\Routes\AdminRoutes::App\Config\Routes\{closure}(Object(CodeIgniter\Router\RouteCollection))
 6 APPPATH\Config\Routes\AdminRoutes.php(28): CodeIgniter\Router\RouteCollection->group('admin', [...], Object(Closure))
 7 APPPATH\Config\Routes.php(20): App\Config\Routes\AdminRoutes::init(Object(CodeIgniter\Router\RouteCollection))
 8 SYSTEMPATH\Router\RouteCollection.php(340): require('C:\\xampp\\htdocs\\smartstore\\app\\Config\\Routes.php')
 9 SYSTEMPATH\CodeIgniter.php(823): CodeIgniter\Router\RouteCollection->loadRoutes()
10 SYSTEMPATH\CodeIgniter.php(457): CodeIgniter\CodeIgniter->tryToRouteIt(null)
11 SYSTEMPATH\CodeIgniter.php(355): CodeIgniter\CodeIgniter->handleRequest(null, Object(Config\Cache), false)
12 SYSTEMPATH\Boot.php(325): CodeIgniter\CodeIgniter->run()
13 SYSTEMPATH\Boot.php(67): CodeIgniter\Boot::runCodeIgniter(Object(CodeIgniter\CodeIgniter))
14 FCPATH\index.php(63): CodeIgniter\Boot::bootWeb(Object(Config\Paths))
WARNING - 2025-05-31 18:18:36 --> [DEPRECATED] Passing lowercase HTTP method "get" is deprecated. Use uppercase HTTP method like "GET". in SYSTEMPATH\Router\RouteCollection.php on line 1027.
 1 SYSTEMPATH\Router\RouteCollection.php(1027): trigger_error('Passing lowercase HTTP method "get" is deprecated. Use uppercase HTTP method like "GET".', 16384)
 2 APPPATH\Config\Routes\AdminRoutes.php(172): CodeIgniter\Router\RouteCollection->match([...], 'sync_services/?(:num)?', 'ProvidersController::sync_services/$1')
 3 SYSTEMPATH\Router\RouteCollection.php(800): App\Config\Routes\AdminRoutes::App\Config\Routes\{closure}(Object(CodeIgniter\Router\RouteCollection))
 4 APPPATH\Config\Routes\AdminRoutes.php(167): CodeIgniter\Router\RouteCollection->group('providers', [...], Object(Closure))
 5 SYSTEMPATH\Router\RouteCollection.php(800): App\Config\Routes\AdminRoutes::App\Config\Routes\{closure}(Object(CodeIgniter\Router\RouteCollection))
 6 APPPATH\Config\Routes\AdminRoutes.php(28): CodeIgniter\Router\RouteCollection->group('admin', [...], Object(Closure))
 7 APPPATH\Config\Routes.php(20): App\Config\Routes\AdminRoutes::init(Object(CodeIgniter\Router\RouteCollection))
 8 SYSTEMPATH\Router\RouteCollection.php(340): require('C:\\xampp\\htdocs\\smartstore\\app\\Config\\Routes.php')
 9 SYSTEMPATH\CodeIgniter.php(823): CodeIgniter\Router\RouteCollection->loadRoutes()
10 SYSTEMPATH\CodeIgniter.php(457): CodeIgniter\CodeIgniter->tryToRouteIt(null)
11 SYSTEMPATH\CodeIgniter.php(355): CodeIgniter\CodeIgniter->handleRequest(null, Object(Config\Cache), false)
12 SYSTEMPATH\Boot.php(325): CodeIgniter\CodeIgniter->run()
13 SYSTEMPATH\Boot.php(67): CodeIgniter\Boot::runCodeIgniter(Object(CodeIgniter\CodeIgniter))
14 FCPATH\index.php(63): CodeIgniter\Boot::bootWeb(Object(Config\Paths))
WARNING - 2025-05-31 18:18:36 --> [DEPRECATED] Passing lowercase HTTP method "post" is deprecated. Use uppercase HTTP method like "POST". in SYSTEMPATH\Router\RouteCollection.php on line 1027.
 1 SYSTEMPATH\Router\RouteCollection.php(1027): trigger_error('Passing lowercase HTTP method "post" is deprecated. Use uppercase HTTP method like "POST".', 16384)
 2 APPPATH\Config\Routes\AdminRoutes.php(172): CodeIgniter\Router\RouteCollection->match([...], 'sync_services/?(:num)?', 'ProvidersController::sync_services/$1')
 3 SYSTEMPATH\Router\RouteCollection.php(800): App\Config\Routes\AdminRoutes::App\Config\Routes\{closure}(Object(CodeIgniter\Router\RouteCollection))
 4 APPPATH\Config\Routes\AdminRoutes.php(167): CodeIgniter\Router\RouteCollection->group('providers', [...], Object(Closure))
 5 SYSTEMPATH\Router\RouteCollection.php(800): App\Config\Routes\AdminRoutes::App\Config\Routes\{closure}(Object(CodeIgniter\Router\RouteCollection))
 6 APPPATH\Config\Routes\AdminRoutes.php(28): CodeIgniter\Router\RouteCollection->group('admin', [...], Object(Closure))
 7 APPPATH\Config\Routes.php(20): App\Config\Routes\AdminRoutes::init(Object(CodeIgniter\Router\RouteCollection))
 8 SYSTEMPATH\Router\RouteCollection.php(340): require('C:\\xampp\\htdocs\\smartstore\\app\\Config\\Routes.php')
 9 SYSTEMPATH\CodeIgniter.php(823): CodeIgniter\Router\RouteCollection->loadRoutes()
10 SYSTEMPATH\CodeIgniter.php(457): CodeIgniter\CodeIgniter->tryToRouteIt(null)
11 SYSTEMPATH\CodeIgniter.php(355): CodeIgniter\CodeIgniter->handleRequest(null, Object(Config\Cache), false)
12 SYSTEMPATH\Boot.php(325): CodeIgniter\CodeIgniter->run()
13 SYSTEMPATH\Boot.php(67): CodeIgniter\Boot::runCodeIgniter(Object(CodeIgniter\CodeIgniter))
14 FCPATH\index.php(63): CodeIgniter\Boot::bootWeb(Object(Config\Paths))
WARNING - 2025-05-31 18:18:36 --> [DEPRECATED] Passing lowercase HTTP method "get" is deprecated. Use uppercase HTTP method like "GET". in SYSTEMPATH\Router\RouteCollection.php on line 1027.
 1 SYSTEMPATH\Router\RouteCollection.php(1027): trigger_error('Passing lowercase HTTP method "get" is deprecated. Use uppercase HTTP method like "GET".', 16384)
 2 APPPATH\Config\Routes\AdminRoutes.php(185): CodeIgniter\Router\RouteCollection->match([...], 'add_note/?(:num)?', 'UsersController::add_note/$1')
 3 SYSTEMPATH\Router\RouteCollection.php(800): App\Config\Routes\AdminRoutes::App\Config\Routes\{closure}(Object(CodeIgniter\Router\RouteCollection))
 4 APPPATH\Config\Routes\AdminRoutes.php(182): CodeIgniter\Router\RouteCollection->group('users', [...], Object(Closure))
 5 SYSTEMPATH\Router\RouteCollection.php(800): App\Config\Routes\AdminRoutes::App\Config\Routes\{closure}(Object(CodeIgniter\Router\RouteCollection))
 6 APPPATH\Config\Routes\AdminRoutes.php(28): CodeIgniter\Router\RouteCollection->group('admin', [...], Object(Closure))
 7 APPPATH\Config\Routes.php(20): App\Config\Routes\AdminRoutes::init(Object(CodeIgniter\Router\RouteCollection))
 8 SYSTEMPATH\Router\RouteCollection.php(340): require('C:\\xampp\\htdocs\\smartstore\\app\\Config\\Routes.php')
 9 SYSTEMPATH\CodeIgniter.php(823): CodeIgniter\Router\RouteCollection->loadRoutes()
10 SYSTEMPATH\CodeIgniter.php(457): CodeIgniter\CodeIgniter->tryToRouteIt(null)
11 SYSTEMPATH\CodeIgniter.php(355): CodeIgniter\CodeIgniter->handleRequest(null, Object(Config\Cache), false)
12 SYSTEMPATH\Boot.php(325): CodeIgniter\CodeIgniter->run()
13 SYSTEMPATH\Boot.php(67): CodeIgniter\Boot::runCodeIgniter(Object(CodeIgniter\CodeIgniter))
14 FCPATH\index.php(63): CodeIgniter\Boot::bootWeb(Object(Config\Paths))
WARNING - 2025-05-31 18:18:36 --> [DEPRECATED] Passing lowercase HTTP method "post" is deprecated. Use uppercase HTTP method like "POST". in SYSTEMPATH\Router\RouteCollection.php on line 1027.
 1 SYSTEMPATH\Router\RouteCollection.php(1027): trigger_error('Passing lowercase HTTP method "post" is deprecated. Use uppercase HTTP method like "POST".', 16384)
 2 APPPATH\Config\Routes\AdminRoutes.php(185): CodeIgniter\Router\RouteCollection->match([...], 'add_note/?(:num)?', 'UsersController::add_note/$1')
 3 SYSTEMPATH\Router\RouteCollection.php(800): App\Config\Routes\AdminRoutes::App\Config\Routes\{closure}(Object(CodeIgniter\Router\RouteCollection))
 4 APPPATH\Config\Routes\AdminRoutes.php(182): CodeIgniter\Router\RouteCollection->group('users', [...], Object(Closure))
 5 SYSTEMPATH\Router\RouteCollection.php(800): App\Config\Routes\AdminRoutes::App\Config\Routes\{closure}(Object(CodeIgniter\Router\RouteCollection))
 6 APPPATH\Config\Routes\AdminRoutes.php(28): CodeIgniter\Router\RouteCollection->group('admin', [...], Object(Closure))
 7 APPPATH\Config\Routes.php(20): App\Config\Routes\AdminRoutes::init(Object(CodeIgniter\Router\RouteCollection))
 8 SYSTEMPATH\Router\RouteCollection.php(340): require('C:\\xampp\\htdocs\\smartstore\\app\\Config\\Routes.php')
 9 SYSTEMPATH\CodeIgniter.php(823): CodeIgniter\Router\RouteCollection->loadRoutes()
10 SYSTEMPATH\CodeIgniter.php(457): CodeIgniter\CodeIgniter->tryToRouteIt(null)
11 SYSTEMPATH\CodeIgniter.php(355): CodeIgniter\CodeIgniter->handleRequest(null, Object(Config\Cache), false)
12 SYSTEMPATH\Boot.php(325): CodeIgniter\CodeIgniter->run()
13 SYSTEMPATH\Boot.php(67): CodeIgniter\Boot::runCodeIgniter(Object(CodeIgniter\CodeIgniter))
14 FCPATH\index.php(63): CodeIgniter\Boot::bootWeb(Object(Config\Paths))
WARNING - 2025-05-31 18:18:36 --> [DEPRECATED] Passing lowercase HTTP method "get" is deprecated. Use uppercase HTTP method like "GET". in SYSTEMPATH\Router\RouteCollection.php on line 1027.
 1 SYSTEMPATH\Router\RouteCollection.php(1027): trigger_error('Passing lowercase HTTP method "get" is deprecated. Use uppercase HTTP method like "GET".', 16384)
 2 APPPATH\Config\Routes\AdminRoutes.php(186): CodeIgniter\Router\RouteCollection->match([...], 'send_mail/?(:num)?', 'UsersController::send_mail/$1')
 3 SYSTEMPATH\Router\RouteCollection.php(800): App\Config\Routes\AdminRoutes::App\Config\Routes\{closure}(Object(CodeIgniter\Router\RouteCollection))
 4 APPPATH\Config\Routes\AdminRoutes.php(182): CodeIgniter\Router\RouteCollection->group('users', [...], Object(Closure))
 5 SYSTEMPATH\Router\RouteCollection.php(800): App\Config\Routes\AdminRoutes::App\Config\Routes\{closure}(Object(CodeIgniter\Router\RouteCollection))
 6 APPPATH\Config\Routes\AdminRoutes.php(28): CodeIgniter\Router\RouteCollection->group('admin', [...], Object(Closure))
 7 APPPATH\Config\Routes.php(20): App\Config\Routes\AdminRoutes::init(Object(CodeIgniter\Router\RouteCollection))
 8 SYSTEMPATH\Router\RouteCollection.php(340): require('C:\\xampp\\htdocs\\smartstore\\app\\Config\\Routes.php')
 9 SYSTEMPATH\CodeIgniter.php(823): CodeIgniter\Router\RouteCollection->loadRoutes()
10 SYSTEMPATH\CodeIgniter.php(457): CodeIgniter\CodeIgniter->tryToRouteIt(null)
11 SYSTEMPATH\CodeIgniter.php(355): CodeIgniter\CodeIgniter->handleRequest(null, Object(Config\Cache), false)
12 SYSTEMPATH\Boot.php(325): CodeIgniter\CodeIgniter->run()
13 SYSTEMPATH\Boot.php(67): CodeIgniter\Boot::runCodeIgniter(Object(CodeIgniter\CodeIgniter))
14 FCPATH\index.php(63): CodeIgniter\Boot::bootWeb(Object(Config\Paths))
WARNING - 2025-05-31 18:18:36 --> [DEPRECATED] Passing lowercase HTTP method "post" is deprecated. Use uppercase HTTP method like "POST". in SYSTEMPATH\Router\RouteCollection.php on line 1027.
 1 SYSTEMPATH\Router\RouteCollection.php(1027): trigger_error('Passing lowercase HTTP method "post" is deprecated. Use uppercase HTTP method like "POST".', 16384)
 2 APPPATH\Config\Routes\AdminRoutes.php(186): CodeIgniter\Router\RouteCollection->match([...], 'send_mail/?(:num)?', 'UsersController::send_mail/$1')
 3 SYSTEMPATH\Router\RouteCollection.php(800): App\Config\Routes\AdminRoutes::App\Config\Routes\{closure}(Object(CodeIgniter\Router\RouteCollection))
 4 APPPATH\Config\Routes\AdminRoutes.php(182): CodeIgniter\Router\RouteCollection->group('users', [...], Object(Closure))
 5 SYSTEMPATH\Router\RouteCollection.php(800): App\Config\Routes\AdminRoutes::App\Config\Routes\{closure}(Object(CodeIgniter\Router\RouteCollection))
 6 APPPATH\Config\Routes\AdminRoutes.php(28): CodeIgniter\Router\RouteCollection->group('admin', [...], Object(Closure))
 7 APPPATH\Config\Routes.php(20): App\Config\Routes\AdminRoutes::init(Object(CodeIgniter\Router\RouteCollection))
 8 SYSTEMPATH\Router\RouteCollection.php(340): require('C:\\xampp\\htdocs\\smartstore\\app\\Config\\Routes.php')
 9 SYSTEMPATH\CodeIgniter.php(823): CodeIgniter\Router\RouteCollection->loadRoutes()
10 SYSTEMPATH\CodeIgniter.php(457): CodeIgniter\CodeIgniter->tryToRouteIt(null)
11 SYSTEMPATH\CodeIgniter.php(355): CodeIgniter\CodeIgniter->handleRequest(null, Object(Config\Cache), false)
12 SYSTEMPATH\Boot.php(325): CodeIgniter\CodeIgniter->run()
13 SYSTEMPATH\Boot.php(67): CodeIgniter\Boot::runCodeIgniter(Object(CodeIgniter\CodeIgniter))
14 FCPATH\index.php(63): CodeIgniter\Boot::bootWeb(Object(Config\Paths))
WARNING - 2025-05-31 18:18:36 --> [DEPRECATED] Passing lowercase HTTP method "get" is deprecated. Use uppercase HTTP method like "GET". in SYSTEMPATH\Router\RouteCollection.php on line 1027.
 1 SYSTEMPATH\Router\RouteCollection.php(1027): trigger_error('Passing lowercase HTTP method "get" is deprecated. Use uppercase HTTP method like "GET".', 16384)
 2 APPPATH\Config\Routes\AdminRoutes.php(215): CodeIgniter\Router\RouteCollection->match([...], 'send_mail/?(:num)?', 'TicketsController::send_mail/$1')
 3 SYSTEMPATH\Router\RouteCollection.php(800): App\Config\Routes\AdminRoutes::App\Config\Routes\{closure}(Object(CodeIgniter\Router\RouteCollection))
 4 APPPATH\Config\Routes\AdminRoutes.php(212): CodeIgniter\Router\RouteCollection->group('tickets', [...], Object(Closure))
 5 SYSTEMPATH\Router\RouteCollection.php(800): App\Config\Routes\AdminRoutes::App\Config\Routes\{closure}(Object(CodeIgniter\Router\RouteCollection))
 6 APPPATH\Config\Routes\AdminRoutes.php(28): CodeIgniter\Router\RouteCollection->group('admin', [...], Object(Closure))
 7 APPPATH\Config\Routes.php(20): App\Config\Routes\AdminRoutes::init(Object(CodeIgniter\Router\RouteCollection))
 8 SYSTEMPATH\Router\RouteCollection.php(340): require('C:\\xampp\\htdocs\\smartstore\\app\\Config\\Routes.php')
 9 SYSTEMPATH\CodeIgniter.php(823): CodeIgniter\Router\RouteCollection->loadRoutes()
10 SYSTEMPATH\CodeIgniter.php(457): CodeIgniter\CodeIgniter->tryToRouteIt(null)
11 SYSTEMPATH\CodeIgniter.php(355): CodeIgniter\CodeIgniter->handleRequest(null, Object(Config\Cache), false)
12 SYSTEMPATH\Boot.php(325): CodeIgniter\CodeIgniter->run()
13 SYSTEMPATH\Boot.php(67): CodeIgniter\Boot::runCodeIgniter(Object(CodeIgniter\CodeIgniter))
14 FCPATH\index.php(63): CodeIgniter\Boot::bootWeb(Object(Config\Paths))
WARNING - 2025-05-31 18:18:36 --> [DEPRECATED] Passing lowercase HTTP method "post" is deprecated. Use uppercase HTTP method like "POST". in SYSTEMPATH\Router\RouteCollection.php on line 1027.
 1 SYSTEMPATH\Router\RouteCollection.php(1027): trigger_error('Passing lowercase HTTP method "post" is deprecated. Use uppercase HTTP method like "POST".', 16384)
 2 APPPATH\Config\Routes\AdminRoutes.php(215): CodeIgniter\Router\RouteCollection->match([...], 'send_mail/?(:num)?', 'TicketsController::send_mail/$1')
 3 SYSTEMPATH\Router\RouteCollection.php(800): App\Config\Routes\AdminRoutes::App\Config\Routes\{closure}(Object(CodeIgniter\Router\RouteCollection))
 4 APPPATH\Config\Routes\AdminRoutes.php(212): CodeIgniter\Router\RouteCollection->group('tickets', [...], Object(Closure))
 5 SYSTEMPATH\Router\RouteCollection.php(800): App\Config\Routes\AdminRoutes::App\Config\Routes\{closure}(Object(CodeIgniter\Router\RouteCollection))
 6 APPPATH\Config\Routes\AdminRoutes.php(28): CodeIgniter\Router\RouteCollection->group('admin', [...], Object(Closure))
 7 APPPATH\Config\Routes.php(20): App\Config\Routes\AdminRoutes::init(Object(CodeIgniter\Router\RouteCollection))
 8 SYSTEMPATH\Router\RouteCollection.php(340): require('C:\\xampp\\htdocs\\smartstore\\app\\Config\\Routes.php')
 9 SYSTEMPATH\CodeIgniter.php(823): CodeIgniter\Router\RouteCollection->loadRoutes()
10 SYSTEMPATH\CodeIgniter.php(457): CodeIgniter\CodeIgniter->tryToRouteIt(null)
11 SYSTEMPATH\CodeIgniter.php(355): CodeIgniter\CodeIgniter->handleRequest(null, Object(Config\Cache), false)
12 SYSTEMPATH\Boot.php(325): CodeIgniter\CodeIgniter->run()
13 SYSTEMPATH\Boot.php(67): CodeIgniter\Boot::runCodeIgniter(Object(CodeIgniter\CodeIgniter))
14 FCPATH\index.php(63): CodeIgniter\Boot::bootWeb(Object(Config\Paths))
WARNING - 2025-05-31 18:18:36 --> [DEPRECATED] Passing lowercase HTTP method "get" is deprecated. Use uppercase HTTP method like "GET". in SYSTEMPATH\Router\RouteCollection.php on line 1027.
 1 SYSTEMPATH\Router\RouteCollection.php(1027): trigger_error('Passing lowercase HTTP method "get" is deprecated. Use uppercase HTTP method like "GET".', 16384)
 2 APPPATH\Config\Routes\UserRoutes.php(49): CodeIgniter\Router\RouteCollection->match([...], 'submit_review', 'ClientController::submit_review', [...])
 3 APPPATH\Config\Routes\UserRoutes.php(23): App\Config\Routes\UserRoutes::defineRoutes(Object(CodeIgniter\Router\RouteCollection))
 4 APPPATH\Config\Routes.php(21): App\Config\Routes\UserRoutes::init(Object(CodeIgniter\Router\RouteCollection))
 5 SYSTEMPATH\Router\RouteCollection.php(340): require('C:\\xampp\\htdocs\\smartstore\\app\\Config\\Routes.php')
 6 SYSTEMPATH\CodeIgniter.php(823): CodeIgniter\Router\RouteCollection->loadRoutes()
 7 SYSTEMPATH\CodeIgniter.php(457): CodeIgniter\CodeIgniter->tryToRouteIt(null)
 8 SYSTEMPATH\CodeIgniter.php(355): CodeIgniter\CodeIgniter->handleRequest(null, Object(Config\Cache), false)
 9 SYSTEMPATH\Boot.php(325): CodeIgniter\CodeIgniter->run()
10 SYSTEMPATH\Boot.php(67): CodeIgniter\Boot::runCodeIgniter(Object(CodeIgniter\CodeIgniter))
11 FCPATH\index.php(63): CodeIgniter\Boot::bootWeb(Object(Config\Paths))
WARNING - 2025-05-31 18:18:36 --> [DEPRECATED] Passing lowercase HTTP method "post" is deprecated. Use uppercase HTTP method like "POST". in SYSTEMPATH\Router\RouteCollection.php on line 1027.
 1 SYSTEMPATH\Router\RouteCollection.php(1027): trigger_error('Passing lowercase HTTP method "post" is deprecated. Use uppercase HTTP method like "POST".', 16384)
 2 APPPATH\Config\Routes\UserRoutes.php(49): CodeIgniter\Router\RouteCollection->match([...], 'submit_review', 'ClientController::submit_review', [...])
 3 APPPATH\Config\Routes\UserRoutes.php(23): App\Config\Routes\UserRoutes::defineRoutes(Object(CodeIgniter\Router\RouteCollection))
 4 APPPATH\Config\Routes.php(21): App\Config\Routes\UserRoutes::init(Object(CodeIgniter\Router\RouteCollection))
 5 SYSTEMPATH\Router\RouteCollection.php(340): require('C:\\xampp\\htdocs\\smartstore\\app\\Config\\Routes.php')
 6 SYSTEMPATH\CodeIgniter.php(823): CodeIgniter\Router\RouteCollection->loadRoutes()
 7 SYSTEMPATH\CodeIgniter.php(457): CodeIgniter\CodeIgniter->tryToRouteIt(null)
 8 SYSTEMPATH\CodeIgniter.php(355): CodeIgniter\CodeIgniter->handleRequest(null, Object(Config\Cache), false)
 9 SYSTEMPATH\Boot.php(325): CodeIgniter\CodeIgniter->run()
10 SYSTEMPATH\Boot.php(67): CodeIgniter\Boot::runCodeIgniter(Object(CodeIgniter\CodeIgniter))
11 FCPATH\index.php(63): CodeIgniter\Boot::bootWeb(Object(Config\Paths))
WARNING - 2025-05-31 18:18:36 --> [DEPRECATED] Passing lowercase HTTP method "get" is deprecated. Use uppercase HTTP method like "GET". in SYSTEMPATH\Router\RouteCollection.php on line 1027.
 1 SYSTEMPATH\Router\RouteCollection.php(1027): trigger_error('Passing lowercase HTTP method "get" is deprecated. Use uppercase HTTP method like "GET".', 16384)
 2 APPPATH\Config\Routes\UserRoutes.php(63): CodeIgniter\Router\RouteCollection->match([...], 'track-order', 'OrderController::track_order', [...])
 3 APPPATH\Config\Routes\UserRoutes.php(23): App\Config\Routes\UserRoutes::defineRoutes(Object(CodeIgniter\Router\RouteCollection))
 4 APPPATH\Config\Routes.php(21): App\Config\Routes\UserRoutes::init(Object(CodeIgniter\Router\RouteCollection))
 5 SYSTEMPATH\Router\RouteCollection.php(340): require('C:\\xampp\\htdocs\\smartstore\\app\\Config\\Routes.php')
 6 SYSTEMPATH\CodeIgniter.php(823): CodeIgniter\Router\RouteCollection->loadRoutes()
 7 SYSTEMPATH\CodeIgniter.php(457): CodeIgniter\CodeIgniter->tryToRouteIt(null)
 8 SYSTEMPATH\CodeIgniter.php(355): CodeIgniter\CodeIgniter->handleRequest(null, Object(Config\Cache), false)
 9 SYSTEMPATH\Boot.php(325): CodeIgniter\CodeIgniter->run()
10 SYSTEMPATH\Boot.php(67): CodeIgniter\Boot::runCodeIgniter(Object(CodeIgniter\CodeIgniter))
11 FCPATH\index.php(63): CodeIgniter\Boot::bootWeb(Object(Config\Paths))
WARNING - 2025-05-31 18:18:36 --> [DEPRECATED] Passing lowercase HTTP method "post" is deprecated. Use uppercase HTTP method like "POST". in SYSTEMPATH\Router\RouteCollection.php on line 1027.
 1 SYSTEMPATH\Router\RouteCollection.php(1027): trigger_error('Passing lowercase HTTP method "post" is deprecated. Use uppercase HTTP method like "POST".', 16384)
 2 APPPATH\Config\Routes\UserRoutes.php(63): CodeIgniter\Router\RouteCollection->match([...], 'track-order', 'OrderController::track_order', [...])
 3 APPPATH\Config\Routes\UserRoutes.php(23): App\Config\Routes\UserRoutes::defineRoutes(Object(CodeIgniter\Router\RouteCollection))
 4 APPPATH\Config\Routes.php(21): App\Config\Routes\UserRoutes::init(Object(CodeIgniter\Router\RouteCollection))
 5 SYSTEMPATH\Router\RouteCollection.php(340): require('C:\\xampp\\htdocs\\smartstore\\app\\Config\\Routes.php')
 6 SYSTEMPATH\CodeIgniter.php(823): CodeIgniter\Router\RouteCollection->loadRoutes()
 7 SYSTEMPATH\CodeIgniter.php(457): CodeIgniter\CodeIgniter->tryToRouteIt(null)
 8 SYSTEMPATH\CodeIgniter.php(355): CodeIgniter\CodeIgniter->handleRequest(null, Object(Config\Cache), false)
 9 SYSTEMPATH\Boot.php(325): CodeIgniter\CodeIgniter->run()
10 SYSTEMPATH\Boot.php(67): CodeIgniter\Boot::runCodeIgniter(Object(CodeIgniter\CodeIgniter))
11 FCPATH\index.php(63): CodeIgniter\Boot::bootWeb(Object(Config\Paths))
WARNING - 2025-05-31 18:18:36 --> [DEPRECATED] Passing lowercase HTTP method "get" is deprecated. Use uppercase HTTP method like "GET". in SYSTEMPATH\Router\RouteCollection.php on line 1027.
 1 SYSTEMPATH\Router\RouteCollection.php(1027): trigger_error('Passing lowercase HTTP method "get" is deprecated. Use uppercase HTTP method like "GET".', 16384)
 2 APPPATH\Config\Routes\UserRoutes.php(49): CodeIgniter\Router\RouteCollection->match([...], 'submit_review', 'ClientController::submit_review', [...])
 3 APPPATH\Config\Routes\UserRoutes.php(26): App\Config\Routes\UserRoutes::defineRoutes(Object(CodeIgniter\Router\RouteCollection))
 4 SYSTEMPATH\Router\RouteCollection.php(800): App\Config\Routes\UserRoutes::App\Config\Routes\{closure}(Object(CodeIgniter\Router\RouteCollection))
 5 APPPATH\Config\Routes\UserRoutes.php(25): CodeIgniter\Router\RouteCollection->group('{locale}', Object(Closure))
 6 APPPATH\Config\Routes.php(21): App\Config\Routes\UserRoutes::init(Object(CodeIgniter\Router\RouteCollection))
 7 SYSTEMPATH\Router\RouteCollection.php(340): require('C:\\xampp\\htdocs\\smartstore\\app\\Config\\Routes.php')
 8 SYSTEMPATH\CodeIgniter.php(823): CodeIgniter\Router\RouteCollection->loadRoutes()
 9 SYSTEMPATH\CodeIgniter.php(457): CodeIgniter\CodeIgniter->tryToRouteIt(null)
10 SYSTEMPATH\CodeIgniter.php(355): CodeIgniter\CodeIgniter->handleRequest(null, Object(Config\Cache), false)
11 SYSTEMPATH\Boot.php(325): CodeIgniter\CodeIgniter->run()
12 SYSTEMPATH\Boot.php(67): CodeIgniter\Boot::runCodeIgniter(Object(CodeIgniter\CodeIgniter))
13 FCPATH\index.php(63): CodeIgniter\Boot::bootWeb(Object(Config\Paths))
WARNING - 2025-05-31 18:18:36 --> [DEPRECATED] Passing lowercase HTTP method "post" is deprecated. Use uppercase HTTP method like "POST". in SYSTEMPATH\Router\RouteCollection.php on line 1027.
 1 SYSTEMPATH\Router\RouteCollection.php(1027): trigger_error('Passing lowercase HTTP method "post" is deprecated. Use uppercase HTTP method like "POST".', 16384)
 2 APPPATH\Config\Routes\UserRoutes.php(49): CodeIgniter\Router\RouteCollection->match([...], 'submit_review', 'ClientController::submit_review', [...])
 3 APPPATH\Config\Routes\UserRoutes.php(26): App\Config\Routes\UserRoutes::defineRoutes(Object(CodeIgniter\Router\RouteCollection))
 4 SYSTEMPATH\Router\RouteCollection.php(800): App\Config\Routes\UserRoutes::App\Config\Routes\{closure}(Object(CodeIgniter\Router\RouteCollection))
 5 APPPATH\Config\Routes\UserRoutes.php(25): CodeIgniter\Router\RouteCollection->group('{locale}', Object(Closure))
 6 APPPATH\Config\Routes.php(21): App\Config\Routes\UserRoutes::init(Object(CodeIgniter\Router\RouteCollection))
 7 SYSTEMPATH\Router\RouteCollection.php(340): require('C:\\xampp\\htdocs\\smartstore\\app\\Config\\Routes.php')
 8 SYSTEMPATH\CodeIgniter.php(823): CodeIgniter\Router\RouteCollection->loadRoutes()
 9 SYSTEMPATH\CodeIgniter.php(457): CodeIgniter\CodeIgniter->tryToRouteIt(null)
10 SYSTEMPATH\CodeIgniter.php(355): CodeIgniter\CodeIgniter->handleRequest(null, Object(Config\Cache), false)
11 SYSTEMPATH\Boot.php(325): CodeIgniter\CodeIgniter->run()
12 SYSTEMPATH\Boot.php(67): CodeIgniter\Boot::runCodeIgniter(Object(CodeIgniter\CodeIgniter))
13 FCPATH\index.php(63): CodeIgniter\Boot::bootWeb(Object(Config\Paths))
WARNING - 2025-05-31 18:18:36 --> [DEPRECATED] Passing lowercase HTTP method "get" is deprecated. Use uppercase HTTP method like "GET". in SYSTEMPATH\Router\RouteCollection.php on line 1027.
 1 SYSTEMPATH\Router\RouteCollection.php(1027): trigger_error('Passing lowercase HTTP method "get" is deprecated. Use uppercase HTTP method like "GET".', 16384)
 2 APPPATH\Config\Routes\UserRoutes.php(63): CodeIgniter\Router\RouteCollection->match([...], 'track-order', 'OrderController::track_order', [...])
 3 APPPATH\Config\Routes\UserRoutes.php(26): App\Config\Routes\UserRoutes::defineRoutes(Object(CodeIgniter\Router\RouteCollection))
 4 SYSTEMPATH\Router\RouteCollection.php(800): App\Config\Routes\UserRoutes::App\Config\Routes\{closure}(Object(CodeIgniter\Router\RouteCollection))
 5 APPPATH\Config\Routes\UserRoutes.php(25): CodeIgniter\Router\RouteCollection->group('{locale}', Object(Closure))
 6 APPPATH\Config\Routes.php(21): App\Config\Routes\UserRoutes::init(Object(CodeIgniter\Router\RouteCollection))
 7 SYSTEMPATH\Router\RouteCollection.php(340): require('C:\\xampp\\htdocs\\smartstore\\app\\Config\\Routes.php')
 8 SYSTEMPATH\CodeIgniter.php(823): CodeIgniter\Router\RouteCollection->loadRoutes()
 9 SYSTEMPATH\CodeIgniter.php(457): CodeIgniter\CodeIgniter->tryToRouteIt(null)
10 SYSTEMPATH\CodeIgniter.php(355): CodeIgniter\CodeIgniter->handleRequest(null, Object(Config\Cache), false)
11 SYSTEMPATH\Boot.php(325): CodeIgniter\CodeIgniter->run()
12 SYSTEMPATH\Boot.php(67): CodeIgniter\Boot::runCodeIgniter(Object(CodeIgniter\CodeIgniter))
13 FCPATH\index.php(63): CodeIgniter\Boot::bootWeb(Object(Config\Paths))
WARNING - 2025-05-31 18:18:36 --> [DEPRECATED] Passing lowercase HTTP method "post" is deprecated. Use uppercase HTTP method like "POST". in SYSTEMPATH\Router\RouteCollection.php on line 1027.
 1 SYSTEMPATH\Router\RouteCollection.php(1027): trigger_error('Passing lowercase HTTP method "post" is deprecated. Use uppercase HTTP method like "POST".', 16384)
 2 APPPATH\Config\Routes\UserRoutes.php(63): CodeIgniter\Router\RouteCollection->match([...], 'track-order', 'OrderController::track_order', [...])
 3 APPPATH\Config\Routes\UserRoutes.php(26): App\Config\Routes\UserRoutes::defineRoutes(Object(CodeIgniter\Router\RouteCollection))
 4 SYSTEMPATH\Router\RouteCollection.php(800): App\Config\Routes\UserRoutes::App\Config\Routes\{closure}(Object(CodeIgniter\Router\RouteCollection))
 5 APPPATH\Config\Routes\UserRoutes.php(25): CodeIgniter\Router\RouteCollection->group('{locale}', Object(Closure))
 6 APPPATH\Config\Routes.php(21): App\Config\Routes\UserRoutes::init(Object(CodeIgniter\Router\RouteCollection))
 7 SYSTEMPATH\Router\RouteCollection.php(340): require('C:\\xampp\\htdocs\\smartstore\\app\\Config\\Routes.php')
 8 SYSTEMPATH\CodeIgniter.php(823): CodeIgniter\Router\RouteCollection->loadRoutes()
 9 SYSTEMPATH\CodeIgniter.php(457): CodeIgniter\CodeIgniter->tryToRouteIt(null)
10 SYSTEMPATH\CodeIgniter.php(355): CodeIgniter\CodeIgniter->handleRequest(null, Object(Config\Cache), false)
11 SYSTEMPATH\Boot.php(325): CodeIgniter\CodeIgniter->run()
12 SYSTEMPATH\Boot.php(67): CodeIgniter\Boot::runCodeIgniter(Object(CodeIgniter\CodeIgniter))
13 FCPATH\index.php(63): CodeIgniter\Boot::bootWeb(Object(Config\Paths))
INFO - 2025-05-31 18:18:36 --> CSRF token verified.
INFO - 2025-05-31 18:18:36 --> Session: Class initialized using 'CodeIgniter\Session\Handlers\FileHandler' driver.
WARNING - 2025-05-31 18:18:36 --> [DEPRECATED] Creation of dynamic property App\Models\Admin\SocialNetworkModel::$blog_posts_lang_builder is deprecated in APPPATH\Models\Admin\MyAdminModel.php on line 15.
 1 APPPATH\Models\Admin\SocialNetworkModel.php(9): App\Models\Admin\MyAdminModel->__construct()
 2 APPPATH\Controllers\Admin\SocialnetworkController.php(19): App\Models\Admin\SocialNetworkModel->__construct()
 3 SYSTEMPATH\CodeIgniter.php(903): App\Controllers\Admin\SocialnetworkController->__construct()
 4 SYSTEMPATH\CodeIgniter.php(500): CodeIgniter\CodeIgniter->createController()
 5 SYSTEMPATH\CodeIgniter.php(355): CodeIgniter\CodeIgniter->handleRequest(null, Object(Config\Cache), false)
 6 SYSTEMPATH\Boot.php(325): CodeIgniter\CodeIgniter->run()
 7 SYSTEMPATH\Boot.php(67): CodeIgniter\Boot::runCodeIgniter(Object(CodeIgniter\CodeIgniter))
 8 FCPATH\index.php(63): CodeIgniter\Boot::bootWeb(Object(Config\Paths))
WARNING - 2025-05-31 18:18:36 --> [DEPRECATED] Creation of dynamic property App\Models\Admin\SocialNetworkModel::$lang_list_builder is deprecated in APPPATH\Models\Admin\MyAdminModel.php on line 16.
 1 APPPATH\Models\Admin\SocialNetworkModel.php(9): App\Models\Admin\MyAdminModel->__construct()
 2 APPPATH\Controllers\Admin\SocialnetworkController.php(19): App\Models\Admin\SocialNetworkModel->__construct()
 3 SYSTEMPATH\CodeIgniter.php(903): App\Controllers\Admin\SocialnetworkController->__construct()
 4 SYSTEMPATH\CodeIgniter.php(500): CodeIgniter\CodeIgniter->createController()
 5 SYSTEMPATH\CodeIgniter.php(355): CodeIgniter\CodeIgniter->handleRequest(null, Object(Config\Cache), false)
 6 SYSTEMPATH\Boot.php(325): CodeIgniter\CodeIgniter->run()
 7 SYSTEMPATH\Boot.php(67): CodeIgniter\Boot::runCodeIgniter(Object(CodeIgniter\CodeIgniter))
 8 FCPATH\index.php(63): CodeIgniter\Boot::bootWeb(Object(Config\Paths))
WARNING - 2025-05-31 18:18:36 --> [DEPRECATED] Creation of dynamic property App\Models\Admin\SocialNetworkModel::$field_search_accepted is deprecated in APPPATH\Models\Admin\SocialNetworkModel.php on line 16.
 1 APPPATH\Controllers\Admin\SocialnetworkController.php(19): App\Models\Admin\SocialNetworkModel->__construct()
 2 SYSTEMPATH\CodeIgniter.php(903): App\Controllers\Admin\SocialnetworkController->__construct()
 3 SYSTEMPATH\CodeIgniter.php(500): CodeIgniter\CodeIgniter->createController()
 4 SYSTEMPATH\CodeIgniter.php(355): CodeIgniter\CodeIgniter->handleRequest(null, Object(Config\Cache), false)
 5 SYSTEMPATH\Boot.php(325): CodeIgniter\CodeIgniter->run()
 6 SYSTEMPATH\Boot.php(67): CodeIgniter\Boot::runCodeIgniter(Object(CodeIgniter\CodeIgniter))
 7 FCPATH\index.php(63): CodeIgniter\Boot::bootWeb(Object(Config\Paths))
WARNING - 2025-05-31 18:18:36 --> [DEPRECATED] Creation of dynamic property App\Requests\Admin\SocialNetworkRequest::$not_allowed_fields_for_js_validate is deprecated in APPPATH\Requests\Admin\MyAdminRequest.php on line 16.
 1 APPPATH\Requests\Admin\SocialNetworkRequest.php(11): App\Requests\Admin\MyAdminRequest->__construct()
 2 APPPATH\Controllers\Admin\SocialnetworkController.php(20): App\Requests\Admin\SocialNetworkRequest->__construct()
 3 SYSTEMPATH\CodeIgniter.php(903): App\Controllers\Admin\SocialnetworkController->__construct()
 4 SYSTEMPATH\CodeIgniter.php(500): CodeIgniter\CodeIgniter->createController()
 5 SYSTEMPATH\CodeIgniter.php(355): CodeIgniter\CodeIgniter->handleRequest(null, Object(Config\Cache), false)
 6 SYSTEMPATH\Boot.php(325): CodeIgniter\CodeIgniter->run()
 7 SYSTEMPATH\Boot.php(67): CodeIgniter\Boot::runCodeIgniter(Object(CodeIgniter\CodeIgniter))
 8 FCPATH\index.php(63): CodeIgniter\Boot::bootWeb(Object(Config\Paths))
WARNING - 2025-05-31 18:18:42 --> [DEPRECATED] Passing lowercase HTTP method "get" is deprecated. Use uppercase HTTP method like "GET". in SYSTEMPATH\Router\RouteCollection.php on line 1027.
 1 SYSTEMPATH\Router\RouteCollection.php(1027): trigger_error('Passing lowercase HTTP method "get" is deprecated. Use uppercase HTTP method like "GET".', 16384)
 2 APPPATH\Config\Routes\AdminRoutes.php(65): CodeIgniter\Router\RouteCollection->match([...], 'send_test_mail', 'SettingsController::send_test_mail')
 3 SYSTEMPATH\Router\RouteCollection.php(800): App\Config\Routes\AdminRoutes::App\Config\Routes\{closure}(Object(CodeIgniter\Router\RouteCollection))
 4 APPPATH\Config\Routes\AdminRoutes.php(63): CodeIgniter\Router\RouteCollection->group('settings', [...], Object(Closure))
 5 SYSTEMPATH\Router\RouteCollection.php(800): App\Config\Routes\AdminRoutes::App\Config\Routes\{closure}(Object(CodeIgniter\Router\RouteCollection))
 6 APPPATH\Config\Routes\AdminRoutes.php(28): CodeIgniter\Router\RouteCollection->group('admin', [...], Object(Closure))
 7 APPPATH\Config\Routes.php(20): App\Config\Routes\AdminRoutes::init(Object(CodeIgniter\Router\RouteCollection))
 8 SYSTEMPATH\Router\RouteCollection.php(340): require('C:\\xampp\\htdocs\\smartstore\\app\\Config\\Routes.php')
 9 SYSTEMPATH\CodeIgniter.php(823): CodeIgniter\Router\RouteCollection->loadRoutes()
10 SYSTEMPATH\CodeIgniter.php(457): CodeIgniter\CodeIgniter->tryToRouteIt(null)
11 SYSTEMPATH\CodeIgniter.php(355): CodeIgniter\CodeIgniter->handleRequest(null, Object(Config\Cache), false)
12 SYSTEMPATH\Boot.php(325): CodeIgniter\CodeIgniter->run()
13 SYSTEMPATH\Boot.php(67): CodeIgniter\Boot::runCodeIgniter(Object(CodeIgniter\CodeIgniter))
14 FCPATH\index.php(63): CodeIgniter\Boot::bootWeb(Object(Config\Paths))
WARNING - 2025-05-31 18:18:42 --> [DEPRECATED] Passing lowercase HTTP method "post" is deprecated. Use uppercase HTTP method like "POST". in SYSTEMPATH\Router\RouteCollection.php on line 1027.
 1 SYSTEMPATH\Router\RouteCollection.php(1027): trigger_error('Passing lowercase HTTP method "post" is deprecated. Use uppercase HTTP method like "POST".', 16384)
 2 APPPATH\Config\Routes\AdminRoutes.php(65): CodeIgniter\Router\RouteCollection->match([...], 'send_test_mail', 'SettingsController::send_test_mail')
 3 SYSTEMPATH\Router\RouteCollection.php(800): App\Config\Routes\AdminRoutes::App\Config\Routes\{closure}(Object(CodeIgniter\Router\RouteCollection))
 4 APPPATH\Config\Routes\AdminRoutes.php(63): CodeIgniter\Router\RouteCollection->group('settings', [...], Object(Closure))
 5 SYSTEMPATH\Router\RouteCollection.php(800): App\Config\Routes\AdminRoutes::App\Config\Routes\{closure}(Object(CodeIgniter\Router\RouteCollection))
 6 APPPATH\Config\Routes\AdminRoutes.php(28): CodeIgniter\Router\RouteCollection->group('admin', [...], Object(Closure))
 7 APPPATH\Config\Routes.php(20): App\Config\Routes\AdminRoutes::init(Object(CodeIgniter\Router\RouteCollection))
 8 SYSTEMPATH\Router\RouteCollection.php(340): require('C:\\xampp\\htdocs\\smartstore\\app\\Config\\Routes.php')
 9 SYSTEMPATH\CodeIgniter.php(823): CodeIgniter\Router\RouteCollection->loadRoutes()
10 SYSTEMPATH\CodeIgniter.php(457): CodeIgniter\CodeIgniter->tryToRouteIt(null)
11 SYSTEMPATH\CodeIgniter.php(355): CodeIgniter\CodeIgniter->handleRequest(null, Object(Config\Cache), false)
12 SYSTEMPATH\Boot.php(325): CodeIgniter\CodeIgniter->run()
13 SYSTEMPATH\Boot.php(67): CodeIgniter\Boot::runCodeIgniter(Object(CodeIgniter\CodeIgniter))
14 FCPATH\index.php(63): CodeIgniter\Boot::bootWeb(Object(Config\Paths))
WARNING - 2025-05-31 18:18:42 --> [DEPRECATED] Passing lowercase HTTP method "get" is deprecated. Use uppercase HTTP method like "GET". in SYSTEMPATH\Router\RouteCollection.php on line 1027.
 1 SYSTEMPATH\Router\RouteCollection.php(1027): trigger_error('Passing lowercase HTTP method "get" is deprecated. Use uppercase HTTP method like "GET".', 16384)
 2 APPPATH\Config\Routes\AdminRoutes.php(76): CodeIgniter\Router\RouteCollection->match([...], 'elfinder_connector', 'FilemanagerController::elfinder_connector')
 3 SYSTEMPATH\Router\RouteCollection.php(800): App\Config\Routes\AdminRoutes::App\Config\Routes\{closure}(Object(CodeIgniter\Router\RouteCollection))
 4 APPPATH\Config\Routes\AdminRoutes.php(73): CodeIgniter\Router\RouteCollection->group('filemanager', [...], Object(Closure))
 5 SYSTEMPATH\Router\RouteCollection.php(800): App\Config\Routes\AdminRoutes::App\Config\Routes\{closure}(Object(CodeIgniter\Router\RouteCollection))
 6 APPPATH\Config\Routes\AdminRoutes.php(28): CodeIgniter\Router\RouteCollection->group('admin', [...], Object(Closure))
 7 APPPATH\Config\Routes.php(20): App\Config\Routes\AdminRoutes::init(Object(CodeIgniter\Router\RouteCollection))
 8 SYSTEMPATH\Router\RouteCollection.php(340): require('C:\\xampp\\htdocs\\smartstore\\app\\Config\\Routes.php')
 9 SYSTEMPATH\CodeIgniter.php(823): CodeIgniter\Router\RouteCollection->loadRoutes()
10 SYSTEMPATH\CodeIgniter.php(457): CodeIgniter\CodeIgniter->tryToRouteIt(null)
11 SYSTEMPATH\CodeIgniter.php(355): CodeIgniter\CodeIgniter->handleRequest(null, Object(Config\Cache), false)
12 SYSTEMPATH\Boot.php(325): CodeIgniter\CodeIgniter->run()
13 SYSTEMPATH\Boot.php(67): CodeIgniter\Boot::runCodeIgniter(Object(CodeIgniter\CodeIgniter))
14 FCPATH\index.php(63): CodeIgniter\Boot::bootWeb(Object(Config\Paths))
WARNING - 2025-05-31 18:18:42 --> [DEPRECATED] Passing lowercase HTTP method "post" is deprecated. Use uppercase HTTP method like "POST". in SYSTEMPATH\Router\RouteCollection.php on line 1027.
 1 SYSTEMPATH\Router\RouteCollection.php(1027): trigger_error('Passing lowercase HTTP method "post" is deprecated. Use uppercase HTTP method like "POST".', 16384)
 2 APPPATH\Config\Routes\AdminRoutes.php(76): CodeIgniter\Router\RouteCollection->match([...], 'elfinder_connector', 'FilemanagerController::elfinder_connector')
 3 SYSTEMPATH\Router\RouteCollection.php(800): App\Config\Routes\AdminRoutes::App\Config\Routes\{closure}(Object(CodeIgniter\Router\RouteCollection))
 4 APPPATH\Config\Routes\AdminRoutes.php(73): CodeIgniter\Router\RouteCollection->group('filemanager', [...], Object(Closure))
 5 SYSTEMPATH\Router\RouteCollection.php(800): App\Config\Routes\AdminRoutes::App\Config\Routes\{closure}(Object(CodeIgniter\Router\RouteCollection))
 6 APPPATH\Config\Routes\AdminRoutes.php(28): CodeIgniter\Router\RouteCollection->group('admin', [...], Object(Closure))
 7 APPPATH\Config\Routes.php(20): App\Config\Routes\AdminRoutes::init(Object(CodeIgniter\Router\RouteCollection))
 8 SYSTEMPATH\Router\RouteCollection.php(340): require('C:\\xampp\\htdocs\\smartstore\\app\\Config\\Routes.php')
 9 SYSTEMPATH\CodeIgniter.php(823): CodeIgniter\Router\RouteCollection->loadRoutes()
10 SYSTEMPATH\CodeIgniter.php(457): CodeIgniter\CodeIgniter->tryToRouteIt(null)
11 SYSTEMPATH\CodeIgniter.php(355): CodeIgniter\CodeIgniter->handleRequest(null, Object(Config\Cache), false)
12 SYSTEMPATH\Boot.php(325): CodeIgniter\CodeIgniter->run()
13 SYSTEMPATH\Boot.php(67): CodeIgniter\Boot::runCodeIgniter(Object(CodeIgniter\CodeIgniter))
14 FCPATH\index.php(63): CodeIgniter\Boot::bootWeb(Object(Config\Paths))
WARNING - 2025-05-31 18:18:42 --> [DEPRECATED] Passing lowercase HTTP method "get" is deprecated. Use uppercase HTTP method like "GET". in SYSTEMPATH\Router\RouteCollection.php on line 1027.
 1 SYSTEMPATH\Router\RouteCollection.php(1027): trigger_error('Passing lowercase HTTP method "get" is deprecated. Use uppercase HTTP method like "GET".', 16384)
 2 APPPATH\Config\Routes\AdminRoutes.php(172): CodeIgniter\Router\RouteCollection->match([...], 'sync_services/?(:num)?', 'ProvidersController::sync_services/$1')
 3 SYSTEMPATH\Router\RouteCollection.php(800): App\Config\Routes\AdminRoutes::App\Config\Routes\{closure}(Object(CodeIgniter\Router\RouteCollection))
 4 APPPATH\Config\Routes\AdminRoutes.php(167): CodeIgniter\Router\RouteCollection->group('providers', [...], Object(Closure))
 5 SYSTEMPATH\Router\RouteCollection.php(800): App\Config\Routes\AdminRoutes::App\Config\Routes\{closure}(Object(CodeIgniter\Router\RouteCollection))
 6 APPPATH\Config\Routes\AdminRoutes.php(28): CodeIgniter\Router\RouteCollection->group('admin', [...], Object(Closure))
 7 APPPATH\Config\Routes.php(20): App\Config\Routes\AdminRoutes::init(Object(CodeIgniter\Router\RouteCollection))
 8 SYSTEMPATH\Router\RouteCollection.php(340): require('C:\\xampp\\htdocs\\smartstore\\app\\Config\\Routes.php')
 9 SYSTEMPATH\CodeIgniter.php(823): CodeIgniter\Router\RouteCollection->loadRoutes()
10 SYSTEMPATH\CodeIgniter.php(457): CodeIgniter\CodeIgniter->tryToRouteIt(null)
11 SYSTEMPATH\CodeIgniter.php(355): CodeIgniter\CodeIgniter->handleRequest(null, Object(Config\Cache), false)
12 SYSTEMPATH\Boot.php(325): CodeIgniter\CodeIgniter->run()
13 SYSTEMPATH\Boot.php(67): CodeIgniter\Boot::runCodeIgniter(Object(CodeIgniter\CodeIgniter))
14 FCPATH\index.php(63): CodeIgniter\Boot::bootWeb(Object(Config\Paths))
WARNING - 2025-05-31 18:18:42 --> [DEPRECATED] Passing lowercase HTTP method "post" is deprecated. Use uppercase HTTP method like "POST". in SYSTEMPATH\Router\RouteCollection.php on line 1027.
 1 SYSTEMPATH\Router\RouteCollection.php(1027): trigger_error('Passing lowercase HTTP method "post" is deprecated. Use uppercase HTTP method like "POST".', 16384)
 2 APPPATH\Config\Routes\AdminRoutes.php(172): CodeIgniter\Router\RouteCollection->match([...], 'sync_services/?(:num)?', 'ProvidersController::sync_services/$1')
 3 SYSTEMPATH\Router\RouteCollection.php(800): App\Config\Routes\AdminRoutes::App\Config\Routes\{closure}(Object(CodeIgniter\Router\RouteCollection))
 4 APPPATH\Config\Routes\AdminRoutes.php(167): CodeIgniter\Router\RouteCollection->group('providers', [...], Object(Closure))
 5 SYSTEMPATH\Router\RouteCollection.php(800): App\Config\Routes\AdminRoutes::App\Config\Routes\{closure}(Object(CodeIgniter\Router\RouteCollection))
 6 APPPATH\Config\Routes\AdminRoutes.php(28): CodeIgniter\Router\RouteCollection->group('admin', [...], Object(Closure))
 7 APPPATH\Config\Routes.php(20): App\Config\Routes\AdminRoutes::init(Object(CodeIgniter\Router\RouteCollection))
 8 SYSTEMPATH\Router\RouteCollection.php(340): require('C:\\xampp\\htdocs\\smartstore\\app\\Config\\Routes.php')
 9 SYSTEMPATH\CodeIgniter.php(823): CodeIgniter\Router\RouteCollection->loadRoutes()
10 SYSTEMPATH\CodeIgniter.php(457): CodeIgniter\CodeIgniter->tryToRouteIt(null)
11 SYSTEMPATH\CodeIgniter.php(355): CodeIgniter\CodeIgniter->handleRequest(null, Object(Config\Cache), false)
12 SYSTEMPATH\Boot.php(325): CodeIgniter\CodeIgniter->run()
13 SYSTEMPATH\Boot.php(67): CodeIgniter\Boot::runCodeIgniter(Object(CodeIgniter\CodeIgniter))
14 FCPATH\index.php(63): CodeIgniter\Boot::bootWeb(Object(Config\Paths))
WARNING - 2025-05-31 18:18:42 --> [DEPRECATED] Passing lowercase HTTP method "get" is deprecated. Use uppercase HTTP method like "GET". in SYSTEMPATH\Router\RouteCollection.php on line 1027.
 1 SYSTEMPATH\Router\RouteCollection.php(1027): trigger_error('Passing lowercase HTTP method "get" is deprecated. Use uppercase HTTP method like "GET".', 16384)
 2 APPPATH\Config\Routes\AdminRoutes.php(185): CodeIgniter\Router\RouteCollection->match([...], 'add_note/?(:num)?', 'UsersController::add_note/$1')
 3 SYSTEMPATH\Router\RouteCollection.php(800): App\Config\Routes\AdminRoutes::App\Config\Routes\{closure}(Object(CodeIgniter\Router\RouteCollection))
 4 APPPATH\Config\Routes\AdminRoutes.php(182): CodeIgniter\Router\RouteCollection->group('users', [...], Object(Closure))
 5 SYSTEMPATH\Router\RouteCollection.php(800): App\Config\Routes\AdminRoutes::App\Config\Routes\{closure}(Object(CodeIgniter\Router\RouteCollection))
 6 APPPATH\Config\Routes\AdminRoutes.php(28): CodeIgniter\Router\RouteCollection->group('admin', [...], Object(Closure))
 7 APPPATH\Config\Routes.php(20): App\Config\Routes\AdminRoutes::init(Object(CodeIgniter\Router\RouteCollection))
 8 SYSTEMPATH\Router\RouteCollection.php(340): require('C:\\xampp\\htdocs\\smartstore\\app\\Config\\Routes.php')
 9 SYSTEMPATH\CodeIgniter.php(823): CodeIgniter\Router\RouteCollection->loadRoutes()
10 SYSTEMPATH\CodeIgniter.php(457): CodeIgniter\CodeIgniter->tryToRouteIt(null)
11 SYSTEMPATH\CodeIgniter.php(355): CodeIgniter\CodeIgniter->handleRequest(null, Object(Config\Cache), false)
12 SYSTEMPATH\Boot.php(325): CodeIgniter\CodeIgniter->run()
13 SYSTEMPATH\Boot.php(67): CodeIgniter\Boot::runCodeIgniter(Object(CodeIgniter\CodeIgniter))
14 FCPATH\index.php(63): CodeIgniter\Boot::bootWeb(Object(Config\Paths))
WARNING - 2025-05-31 18:18:42 --> [DEPRECATED] Passing lowercase HTTP method "post" is deprecated. Use uppercase HTTP method like "POST". in SYSTEMPATH\Router\RouteCollection.php on line 1027.
 1 SYSTEMPATH\Router\RouteCollection.php(1027): trigger_error('Passing lowercase HTTP method "post" is deprecated. Use uppercase HTTP method like "POST".', 16384)
 2 APPPATH\Config\Routes\AdminRoutes.php(185): CodeIgniter\Router\RouteCollection->match([...], 'add_note/?(:num)?', 'UsersController::add_note/$1')
 3 SYSTEMPATH\Router\RouteCollection.php(800): App\Config\Routes\AdminRoutes::App\Config\Routes\{closure}(Object(CodeIgniter\Router\RouteCollection))
 4 APPPATH\Config\Routes\AdminRoutes.php(182): CodeIgniter\Router\RouteCollection->group('users', [...], Object(Closure))
 5 SYSTEMPATH\Router\RouteCollection.php(800): App\Config\Routes\AdminRoutes::App\Config\Routes\{closure}(Object(CodeIgniter\Router\RouteCollection))
 6 APPPATH\Config\Routes\AdminRoutes.php(28): CodeIgniter\Router\RouteCollection->group('admin', [...], Object(Closure))
 7 APPPATH\Config\Routes.php(20): App\Config\Routes\AdminRoutes::init(Object(CodeIgniter\Router\RouteCollection))
 8 SYSTEMPATH\Router\RouteCollection.php(340): require('C:\\xampp\\htdocs\\smartstore\\app\\Config\\Routes.php')
 9 SYSTEMPATH\CodeIgniter.php(823): CodeIgniter\Router\RouteCollection->loadRoutes()
10 SYSTEMPATH\CodeIgniter.php(457): CodeIgniter\CodeIgniter->tryToRouteIt(null)
11 SYSTEMPATH\CodeIgniter.php(355): CodeIgniter\CodeIgniter->handleRequest(null, Object(Config\Cache), false)
12 SYSTEMPATH\Boot.php(325): CodeIgniter\CodeIgniter->run()
13 SYSTEMPATH\Boot.php(67): CodeIgniter\Boot::runCodeIgniter(Object(CodeIgniter\CodeIgniter))
14 FCPATH\index.php(63): CodeIgniter\Boot::bootWeb(Object(Config\Paths))
WARNING - 2025-05-31 18:18:42 --> [DEPRECATED] Passing lowercase HTTP method "get" is deprecated. Use uppercase HTTP method like "GET". in SYSTEMPATH\Router\RouteCollection.php on line 1027.
 1 SYSTEMPATH\Router\RouteCollection.php(1027): trigger_error('Passing lowercase HTTP method "get" is deprecated. Use uppercase HTTP method like "GET".', 16384)
 2 APPPATH\Config\Routes\AdminRoutes.php(186): CodeIgniter\Router\RouteCollection->match([...], 'send_mail/?(:num)?', 'UsersController::send_mail/$1')
 3 SYSTEMPATH\Router\RouteCollection.php(800): App\Config\Routes\AdminRoutes::App\Config\Routes\{closure}(Object(CodeIgniter\Router\RouteCollection))
 4 APPPATH\Config\Routes\AdminRoutes.php(182): CodeIgniter\Router\RouteCollection->group('users', [...], Object(Closure))
 5 SYSTEMPATH\Router\RouteCollection.php(800): App\Config\Routes\AdminRoutes::App\Config\Routes\{closure}(Object(CodeIgniter\Router\RouteCollection))
 6 APPPATH\Config\Routes\AdminRoutes.php(28): CodeIgniter\Router\RouteCollection->group('admin', [...], Object(Closure))
 7 APPPATH\Config\Routes.php(20): App\Config\Routes\AdminRoutes::init(Object(CodeIgniter\Router\RouteCollection))
 8 SYSTEMPATH\Router\RouteCollection.php(340): require('C:\\xampp\\htdocs\\smartstore\\app\\Config\\Routes.php')
 9 SYSTEMPATH\CodeIgniter.php(823): CodeIgniter\Router\RouteCollection->loadRoutes()
10 SYSTEMPATH\CodeIgniter.php(457): CodeIgniter\CodeIgniter->tryToRouteIt(null)
11 SYSTEMPATH\CodeIgniter.php(355): CodeIgniter\CodeIgniter->handleRequest(null, Object(Config\Cache), false)
12 SYSTEMPATH\Boot.php(325): CodeIgniter\CodeIgniter->run()
13 SYSTEMPATH\Boot.php(67): CodeIgniter\Boot::runCodeIgniter(Object(CodeIgniter\CodeIgniter))
14 FCPATH\index.php(63): CodeIgniter\Boot::bootWeb(Object(Config\Paths))
WARNING - 2025-05-31 18:18:42 --> [DEPRECATED] Passing lowercase HTTP method "post" is deprecated. Use uppercase HTTP method like "POST". in SYSTEMPATH\Router\RouteCollection.php on line 1027.
 1 SYSTEMPATH\Router\RouteCollection.php(1027): trigger_error('Passing lowercase HTTP method "post" is deprecated. Use uppercase HTTP method like "POST".', 16384)
 2 APPPATH\Config\Routes\AdminRoutes.php(186): CodeIgniter\Router\RouteCollection->match([...], 'send_mail/?(:num)?', 'UsersController::send_mail/$1')
 3 SYSTEMPATH\Router\RouteCollection.php(800): App\Config\Routes\AdminRoutes::App\Config\Routes\{closure}(Object(CodeIgniter\Router\RouteCollection))
 4 APPPATH\Config\Routes\AdminRoutes.php(182): CodeIgniter\Router\RouteCollection->group('users', [...], Object(Closure))
 5 SYSTEMPATH\Router\RouteCollection.php(800): App\Config\Routes\AdminRoutes::App\Config\Routes\{closure}(Object(CodeIgniter\Router\RouteCollection))
 6 APPPATH\Config\Routes\AdminRoutes.php(28): CodeIgniter\Router\RouteCollection->group('admin', [...], Object(Closure))
 7 APPPATH\Config\Routes.php(20): App\Config\Routes\AdminRoutes::init(Object(CodeIgniter\Router\RouteCollection))
 8 SYSTEMPATH\Router\RouteCollection.php(340): require('C:\\xampp\\htdocs\\smartstore\\app\\Config\\Routes.php')
 9 SYSTEMPATH\CodeIgniter.php(823): CodeIgniter\Router\RouteCollection->loadRoutes()
10 SYSTEMPATH\CodeIgniter.php(457): CodeIgniter\CodeIgniter->tryToRouteIt(null)
11 SYSTEMPATH\CodeIgniter.php(355): CodeIgniter\CodeIgniter->handleRequest(null, Object(Config\Cache), false)
12 SYSTEMPATH\Boot.php(325): CodeIgniter\CodeIgniter->run()
13 SYSTEMPATH\Boot.php(67): CodeIgniter\Boot::runCodeIgniter(Object(CodeIgniter\CodeIgniter))
14 FCPATH\index.php(63): CodeIgniter\Boot::bootWeb(Object(Config\Paths))
WARNING - 2025-05-31 18:18:42 --> [DEPRECATED] Passing lowercase HTTP method "get" is deprecated. Use uppercase HTTP method like "GET". in SYSTEMPATH\Router\RouteCollection.php on line 1027.
 1 SYSTEMPATH\Router\RouteCollection.php(1027): trigger_error('Passing lowercase HTTP method "get" is deprecated. Use uppercase HTTP method like "GET".', 16384)
 2 APPPATH\Config\Routes\AdminRoutes.php(215): CodeIgniter\Router\RouteCollection->match([...], 'send_mail/?(:num)?', 'TicketsController::send_mail/$1')
 3 SYSTEMPATH\Router\RouteCollection.php(800): App\Config\Routes\AdminRoutes::App\Config\Routes\{closure}(Object(CodeIgniter\Router\RouteCollection))
 4 APPPATH\Config\Routes\AdminRoutes.php(212): CodeIgniter\Router\RouteCollection->group('tickets', [...], Object(Closure))
 5 SYSTEMPATH\Router\RouteCollection.php(800): App\Config\Routes\AdminRoutes::App\Config\Routes\{closure}(Object(CodeIgniter\Router\RouteCollection))
 6 APPPATH\Config\Routes\AdminRoutes.php(28): CodeIgniter\Router\RouteCollection->group('admin', [...], Object(Closure))
 7 APPPATH\Config\Routes.php(20): App\Config\Routes\AdminRoutes::init(Object(CodeIgniter\Router\RouteCollection))
 8 SYSTEMPATH\Router\RouteCollection.php(340): require('C:\\xampp\\htdocs\\smartstore\\app\\Config\\Routes.php')
 9 SYSTEMPATH\CodeIgniter.php(823): CodeIgniter\Router\RouteCollection->loadRoutes()
10 SYSTEMPATH\CodeIgniter.php(457): CodeIgniter\CodeIgniter->tryToRouteIt(null)
11 SYSTEMPATH\CodeIgniter.php(355): CodeIgniter\CodeIgniter->handleRequest(null, Object(Config\Cache), false)
12 SYSTEMPATH\Boot.php(325): CodeIgniter\CodeIgniter->run()
13 SYSTEMPATH\Boot.php(67): CodeIgniter\Boot::runCodeIgniter(Object(CodeIgniter\CodeIgniter))
14 FCPATH\index.php(63): CodeIgniter\Boot::bootWeb(Object(Config\Paths))
WARNING - 2025-05-31 18:18:42 --> [DEPRECATED] Passing lowercase HTTP method "post" is deprecated. Use uppercase HTTP method like "POST". in SYSTEMPATH\Router\RouteCollection.php on line 1027.
 1 SYSTEMPATH\Router\RouteCollection.php(1027): trigger_error('Passing lowercase HTTP method "post" is deprecated. Use uppercase HTTP method like "POST".', 16384)
 2 APPPATH\Config\Routes\AdminRoutes.php(215): CodeIgniter\Router\RouteCollection->match([...], 'send_mail/?(:num)?', 'TicketsController::send_mail/$1')
 3 SYSTEMPATH\Router\RouteCollection.php(800): App\Config\Routes\AdminRoutes::App\Config\Routes\{closure}(Object(CodeIgniter\Router\RouteCollection))
 4 APPPATH\Config\Routes\AdminRoutes.php(212): CodeIgniter\Router\RouteCollection->group('tickets', [...], Object(Closure))
 5 SYSTEMPATH\Router\RouteCollection.php(800): App\Config\Routes\AdminRoutes::App\Config\Routes\{closure}(Object(CodeIgniter\Router\RouteCollection))
 6 APPPATH\Config\Routes\AdminRoutes.php(28): CodeIgniter\Router\RouteCollection->group('admin', [...], Object(Closure))
 7 APPPATH\Config\Routes.php(20): App\Config\Routes\AdminRoutes::init(Object(CodeIgniter\Router\RouteCollection))
 8 SYSTEMPATH\Router\RouteCollection.php(340): require('C:\\xampp\\htdocs\\smartstore\\app\\Config\\Routes.php')
 9 SYSTEMPATH\CodeIgniter.php(823): CodeIgniter\Router\RouteCollection->loadRoutes()
10 SYSTEMPATH\CodeIgniter.php(457): CodeIgniter\CodeIgniter->tryToRouteIt(null)
11 SYSTEMPATH\CodeIgniter.php(355): CodeIgniter\CodeIgniter->handleRequest(null, Object(Config\Cache), false)
12 SYSTEMPATH\Boot.php(325): CodeIgniter\CodeIgniter->run()
13 SYSTEMPATH\Boot.php(67): CodeIgniter\Boot::runCodeIgniter(Object(CodeIgniter\CodeIgniter))
14 FCPATH\index.php(63): CodeIgniter\Boot::bootWeb(Object(Config\Paths))
WARNING - 2025-05-31 18:18:42 --> [DEPRECATED] Passing lowercase HTTP method "get" is deprecated. Use uppercase HTTP method like "GET". in SYSTEMPATH\Router\RouteCollection.php on line 1027.
 1 SYSTEMPATH\Router\RouteCollection.php(1027): trigger_error('Passing lowercase HTTP method "get" is deprecated. Use uppercase HTTP method like "GET".', 16384)
 2 APPPATH\Config\Routes\UserRoutes.php(49): CodeIgniter\Router\RouteCollection->match([...], 'submit_review', 'ClientController::submit_review', [...])
 3 APPPATH\Config\Routes\UserRoutes.php(23): App\Config\Routes\UserRoutes::defineRoutes(Object(CodeIgniter\Router\RouteCollection))
 4 APPPATH\Config\Routes.php(21): App\Config\Routes\UserRoutes::init(Object(CodeIgniter\Router\RouteCollection))
 5 SYSTEMPATH\Router\RouteCollection.php(340): require('C:\\xampp\\htdocs\\smartstore\\app\\Config\\Routes.php')
 6 SYSTEMPATH\CodeIgniter.php(823): CodeIgniter\Router\RouteCollection->loadRoutes()
 7 SYSTEMPATH\CodeIgniter.php(457): CodeIgniter\CodeIgniter->tryToRouteIt(null)
 8 SYSTEMPATH\CodeIgniter.php(355): CodeIgniter\CodeIgniter->handleRequest(null, Object(Config\Cache), false)
 9 SYSTEMPATH\Boot.php(325): CodeIgniter\CodeIgniter->run()
10 SYSTEMPATH\Boot.php(67): CodeIgniter\Boot::runCodeIgniter(Object(CodeIgniter\CodeIgniter))
11 FCPATH\index.php(63): CodeIgniter\Boot::bootWeb(Object(Config\Paths))
WARNING - 2025-05-31 18:18:42 --> [DEPRECATED] Passing lowercase HTTP method "post" is deprecated. Use uppercase HTTP method like "POST". in SYSTEMPATH\Router\RouteCollection.php on line 1027.
 1 SYSTEMPATH\Router\RouteCollection.php(1027): trigger_error('Passing lowercase HTTP method "post" is deprecated. Use uppercase HTTP method like "POST".', 16384)
 2 APPPATH\Config\Routes\UserRoutes.php(49): CodeIgniter\Router\RouteCollection->match([...], 'submit_review', 'ClientController::submit_review', [...])
 3 APPPATH\Config\Routes\UserRoutes.php(23): App\Config\Routes\UserRoutes::defineRoutes(Object(CodeIgniter\Router\RouteCollection))
 4 APPPATH\Config\Routes.php(21): App\Config\Routes\UserRoutes::init(Object(CodeIgniter\Router\RouteCollection))
 5 SYSTEMPATH\Router\RouteCollection.php(340): require('C:\\xampp\\htdocs\\smartstore\\app\\Config\\Routes.php')
 6 SYSTEMPATH\CodeIgniter.php(823): CodeIgniter\Router\RouteCollection->loadRoutes()
 7 SYSTEMPATH\CodeIgniter.php(457): CodeIgniter\CodeIgniter->tryToRouteIt(null)
 8 SYSTEMPATH\CodeIgniter.php(355): CodeIgniter\CodeIgniter->handleRequest(null, Object(Config\Cache), false)
 9 SYSTEMPATH\Boot.php(325): CodeIgniter\CodeIgniter->run()
10 SYSTEMPATH\Boot.php(67): CodeIgniter\Boot::runCodeIgniter(Object(CodeIgniter\CodeIgniter))
11 FCPATH\index.php(63): CodeIgniter\Boot::bootWeb(Object(Config\Paths))
WARNING - 2025-05-31 18:18:42 --> [DEPRECATED] Passing lowercase HTTP method "get" is deprecated. Use uppercase HTTP method like "GET". in SYSTEMPATH\Router\RouteCollection.php on line 1027.
 1 SYSTEMPATH\Router\RouteCollection.php(1027): trigger_error('Passing lowercase HTTP method "get" is deprecated. Use uppercase HTTP method like "GET".', 16384)
 2 APPPATH\Config\Routes\UserRoutes.php(63): CodeIgniter\Router\RouteCollection->match([...], 'track-order', 'OrderController::track_order', [...])
 3 APPPATH\Config\Routes\UserRoutes.php(23): App\Config\Routes\UserRoutes::defineRoutes(Object(CodeIgniter\Router\RouteCollection))
 4 APPPATH\Config\Routes.php(21): App\Config\Routes\UserRoutes::init(Object(CodeIgniter\Router\RouteCollection))
 5 SYSTEMPATH\Router\RouteCollection.php(340): require('C:\\xampp\\htdocs\\smartstore\\app\\Config\\Routes.php')
 6 SYSTEMPATH\CodeIgniter.php(823): CodeIgniter\Router\RouteCollection->loadRoutes()
 7 SYSTEMPATH\CodeIgniter.php(457): CodeIgniter\CodeIgniter->tryToRouteIt(null)
 8 SYSTEMPATH\CodeIgniter.php(355): CodeIgniter\CodeIgniter->handleRequest(null, Object(Config\Cache), false)
 9 SYSTEMPATH\Boot.php(325): CodeIgniter\CodeIgniter->run()
10 SYSTEMPATH\Boot.php(67): CodeIgniter\Boot::runCodeIgniter(Object(CodeIgniter\CodeIgniter))
11 FCPATH\index.php(63): CodeIgniter\Boot::bootWeb(Object(Config\Paths))
WARNING - 2025-05-31 18:18:42 --> [DEPRECATED] Passing lowercase HTTP method "post" is deprecated. Use uppercase HTTP method like "POST". in SYSTEMPATH\Router\RouteCollection.php on line 1027.
 1 SYSTEMPATH\Router\RouteCollection.php(1027): trigger_error('Passing lowercase HTTP method "post" is deprecated. Use uppercase HTTP method like "POST".', 16384)
 2 APPPATH\Config\Routes\UserRoutes.php(63): CodeIgniter\Router\RouteCollection->match([...], 'track-order', 'OrderController::track_order', [...])
 3 APPPATH\Config\Routes\UserRoutes.php(23): App\Config\Routes\UserRoutes::defineRoutes(Object(CodeIgniter\Router\RouteCollection))
 4 APPPATH\Config\Routes.php(21): App\Config\Routes\UserRoutes::init(Object(CodeIgniter\Router\RouteCollection))
 5 SYSTEMPATH\Router\RouteCollection.php(340): require('C:\\xampp\\htdocs\\smartstore\\app\\Config\\Routes.php')
 6 SYSTEMPATH\CodeIgniter.php(823): CodeIgniter\Router\RouteCollection->loadRoutes()
 7 SYSTEMPATH\CodeIgniter.php(457): CodeIgniter\CodeIgniter->tryToRouteIt(null)
 8 SYSTEMPATH\CodeIgniter.php(355): CodeIgniter\CodeIgniter->handleRequest(null, Object(Config\Cache), false)
 9 SYSTEMPATH\Boot.php(325): CodeIgniter\CodeIgniter->run()
10 SYSTEMPATH\Boot.php(67): CodeIgniter\Boot::runCodeIgniter(Object(CodeIgniter\CodeIgniter))
11 FCPATH\index.php(63): CodeIgniter\Boot::bootWeb(Object(Config\Paths))
WARNING - 2025-05-31 18:18:42 --> [DEPRECATED] Passing lowercase HTTP method "get" is deprecated. Use uppercase HTTP method like "GET". in SYSTEMPATH\Router\RouteCollection.php on line 1027.
 1 SYSTEMPATH\Router\RouteCollection.php(1027): trigger_error('Passing lowercase HTTP method "get" is deprecated. Use uppercase HTTP method like "GET".', 16384)
 2 APPPATH\Config\Routes\UserRoutes.php(49): CodeIgniter\Router\RouteCollection->match([...], 'submit_review', 'ClientController::submit_review', [...])
 3 APPPATH\Config\Routes\UserRoutes.php(26): App\Config\Routes\UserRoutes::defineRoutes(Object(CodeIgniter\Router\RouteCollection))
 4 SYSTEMPATH\Router\RouteCollection.php(800): App\Config\Routes\UserRoutes::App\Config\Routes\{closure}(Object(CodeIgniter\Router\RouteCollection))
 5 APPPATH\Config\Routes\UserRoutes.php(25): CodeIgniter\Router\RouteCollection->group('{locale}', Object(Closure))
 6 APPPATH\Config\Routes.php(21): App\Config\Routes\UserRoutes::init(Object(CodeIgniter\Router\RouteCollection))
 7 SYSTEMPATH\Router\RouteCollection.php(340): require('C:\\xampp\\htdocs\\smartstore\\app\\Config\\Routes.php')
 8 SYSTEMPATH\CodeIgniter.php(823): CodeIgniter\Router\RouteCollection->loadRoutes()
 9 SYSTEMPATH\CodeIgniter.php(457): CodeIgniter\CodeIgniter->tryToRouteIt(null)
10 SYSTEMPATH\CodeIgniter.php(355): CodeIgniter\CodeIgniter->handleRequest(null, Object(Config\Cache), false)
11 SYSTEMPATH\Boot.php(325): CodeIgniter\CodeIgniter->run()
12 SYSTEMPATH\Boot.php(67): CodeIgniter\Boot::runCodeIgniter(Object(CodeIgniter\CodeIgniter))
13 FCPATH\index.php(63): CodeIgniter\Boot::bootWeb(Object(Config\Paths))
WARNING - 2025-05-31 18:18:42 --> [DEPRECATED] Passing lowercase HTTP method "post" is deprecated. Use uppercase HTTP method like "POST". in SYSTEMPATH\Router\RouteCollection.php on line 1027.
 1 SYSTEMPATH\Router\RouteCollection.php(1027): trigger_error('Passing lowercase HTTP method "post" is deprecated. Use uppercase HTTP method like "POST".', 16384)
 2 APPPATH\Config\Routes\UserRoutes.php(49): CodeIgniter\Router\RouteCollection->match([...], 'submit_review', 'ClientController::submit_review', [...])
 3 APPPATH\Config\Routes\UserRoutes.php(26): App\Config\Routes\UserRoutes::defineRoutes(Object(CodeIgniter\Router\RouteCollection))
 4 SYSTEMPATH\Router\RouteCollection.php(800): App\Config\Routes\UserRoutes::App\Config\Routes\{closure}(Object(CodeIgniter\Router\RouteCollection))
 5 APPPATH\Config\Routes\UserRoutes.php(25): CodeIgniter\Router\RouteCollection->group('{locale}', Object(Closure))
 6 APPPATH\Config\Routes.php(21): App\Config\Routes\UserRoutes::init(Object(CodeIgniter\Router\RouteCollection))
 7 SYSTEMPATH\Router\RouteCollection.php(340): require('C:\\xampp\\htdocs\\smartstore\\app\\Config\\Routes.php')
 8 SYSTEMPATH\CodeIgniter.php(823): CodeIgniter\Router\RouteCollection->loadRoutes()
 9 SYSTEMPATH\CodeIgniter.php(457): CodeIgniter\CodeIgniter->tryToRouteIt(null)
10 SYSTEMPATH\CodeIgniter.php(355): CodeIgniter\CodeIgniter->handleRequest(null, Object(Config\Cache), false)
11 SYSTEMPATH\Boot.php(325): CodeIgniter\CodeIgniter->run()
12 SYSTEMPATH\Boot.php(67): CodeIgniter\Boot::runCodeIgniter(Object(CodeIgniter\CodeIgniter))
13 FCPATH\index.php(63): CodeIgniter\Boot::bootWeb(Object(Config\Paths))
WARNING - 2025-05-31 18:18:42 --> [DEPRECATED] Passing lowercase HTTP method "get" is deprecated. Use uppercase HTTP method like "GET". in SYSTEMPATH\Router\RouteCollection.php on line 1027.
 1 SYSTEMPATH\Router\RouteCollection.php(1027): trigger_error('Passing lowercase HTTP method "get" is deprecated. Use uppercase HTTP method like "GET".', 16384)
 2 APPPATH\Config\Routes\UserRoutes.php(63): CodeIgniter\Router\RouteCollection->match([...], 'track-order', 'OrderController::track_order', [...])
 3 APPPATH\Config\Routes\UserRoutes.php(26): App\Config\Routes\UserRoutes::defineRoutes(Object(CodeIgniter\Router\RouteCollection))
 4 SYSTEMPATH\Router\RouteCollection.php(800): App\Config\Routes\UserRoutes::App\Config\Routes\{closure}(Object(CodeIgniter\Router\RouteCollection))
 5 APPPATH\Config\Routes\UserRoutes.php(25): CodeIgniter\Router\RouteCollection->group('{locale}', Object(Closure))
 6 APPPATH\Config\Routes.php(21): App\Config\Routes\UserRoutes::init(Object(CodeIgniter\Router\RouteCollection))
 7 SYSTEMPATH\Router\RouteCollection.php(340): require('C:\\xampp\\htdocs\\smartstore\\app\\Config\\Routes.php')
 8 SYSTEMPATH\CodeIgniter.php(823): CodeIgniter\Router\RouteCollection->loadRoutes()
 9 SYSTEMPATH\CodeIgniter.php(457): CodeIgniter\CodeIgniter->tryToRouteIt(null)
10 SYSTEMPATH\CodeIgniter.php(355): CodeIgniter\CodeIgniter->handleRequest(null, Object(Config\Cache), false)
11 SYSTEMPATH\Boot.php(325): CodeIgniter\CodeIgniter->run()
12 SYSTEMPATH\Boot.php(67): CodeIgniter\Boot::runCodeIgniter(Object(CodeIgniter\CodeIgniter))
13 FCPATH\index.php(63): CodeIgniter\Boot::bootWeb(Object(Config\Paths))
WARNING - 2025-05-31 18:18:42 --> [DEPRECATED] Passing lowercase HTTP method "post" is deprecated. Use uppercase HTTP method like "POST". in SYSTEMPATH\Router\RouteCollection.php on line 1027.
 1 SYSTEMPATH\Router\RouteCollection.php(1027): trigger_error('Passing lowercase HTTP method "post" is deprecated. Use uppercase HTTP method like "POST".', 16384)
 2 APPPATH\Config\Routes\UserRoutes.php(63): CodeIgniter\Router\RouteCollection->match([...], 'track-order', 'OrderController::track_order', [...])
 3 APPPATH\Config\Routes\UserRoutes.php(26): App\Config\Routes\UserRoutes::defineRoutes(Object(CodeIgniter\Router\RouteCollection))
 4 SYSTEMPATH\Router\RouteCollection.php(800): App\Config\Routes\UserRoutes::App\Config\Routes\{closure}(Object(CodeIgniter\Router\RouteCollection))
 5 APPPATH\Config\Routes\UserRoutes.php(25): CodeIgniter\Router\RouteCollection->group('{locale}', Object(Closure))
 6 APPPATH\Config\Routes.php(21): App\Config\Routes\UserRoutes::init(Object(CodeIgniter\Router\RouteCollection))
 7 SYSTEMPATH\Router\RouteCollection.php(340): require('C:\\xampp\\htdocs\\smartstore\\app\\Config\\Routes.php')
 8 SYSTEMPATH\CodeIgniter.php(823): CodeIgniter\Router\RouteCollection->loadRoutes()
 9 SYSTEMPATH\CodeIgniter.php(457): CodeIgniter\CodeIgniter->tryToRouteIt(null)
10 SYSTEMPATH\CodeIgniter.php(355): CodeIgniter\CodeIgniter->handleRequest(null, Object(Config\Cache), false)
11 SYSTEMPATH\Boot.php(325): CodeIgniter\CodeIgniter->run()
12 SYSTEMPATH\Boot.php(67): CodeIgniter\Boot::runCodeIgniter(Object(CodeIgniter\CodeIgniter))
13 FCPATH\index.php(63): CodeIgniter\Boot::bootWeb(Object(Config\Paths))
INFO - 2025-05-31 18:18:42 --> Session: Class initialized using 'CodeIgniter\Session\Handlers\FileHandler' driver.
WARNING - 2025-05-31 18:18:42 --> [DEPRECATED] Creation of dynamic property App\Models\Admin\StatisticsModel::$blog_posts_lang_builder is deprecated in APPPATH\Models\Admin\MyAdminModel.php on line 15.
 1 APPPATH\Models\Admin\StatisticsModel.php(9): App\Models\Admin\MyAdminModel->__construct()
 2 APPPATH\Controllers\Admin\StatisticsController.php(15): App\Models\Admin\StatisticsModel->__construct()
 3 SYSTEMPATH\CodeIgniter.php(903): App\Controllers\Admin\StatisticsController->__construct()
 4 SYSTEMPATH\CodeIgniter.php(500): CodeIgniter\CodeIgniter->createController()
 5 SYSTEMPATH\CodeIgniter.php(355): CodeIgniter\CodeIgniter->handleRequest(null, Object(Config\Cache), false)
 6 SYSTEMPATH\Boot.php(325): CodeIgniter\CodeIgniter->run()
 7 SYSTEMPATH\Boot.php(67): CodeIgniter\Boot::runCodeIgniter(Object(CodeIgniter\CodeIgniter))
 8 FCPATH\index.php(63): CodeIgniter\Boot::bootWeb(Object(Config\Paths))
WARNING - 2025-05-31 18:18:42 --> [DEPRECATED] Creation of dynamic property App\Models\Admin\StatisticsModel::$lang_list_builder is deprecated in APPPATH\Models\Admin\MyAdminModel.php on line 16.
 1 APPPATH\Models\Admin\StatisticsModel.php(9): App\Models\Admin\MyAdminModel->__construct()
 2 APPPATH\Controllers\Admin\StatisticsController.php(15): App\Models\Admin\StatisticsModel->__construct()
 3 SYSTEMPATH\CodeIgniter.php(903): App\Controllers\Admin\StatisticsController->__construct()
 4 SYSTEMPATH\CodeIgniter.php(500): CodeIgniter\CodeIgniter->createController()
 5 SYSTEMPATH\CodeIgniter.php(355): CodeIgniter\CodeIgniter->handleRequest(null, Object(Config\Cache), false)
 6 SYSTEMPATH\Boot.php(325): CodeIgniter\CodeIgniter->run()
 7 SYSTEMPATH\Boot.php(67): CodeIgniter\Boot::runCodeIgniter(Object(CodeIgniter\CodeIgniter))
 8 FCPATH\index.php(63): CodeIgniter\Boot::bootWeb(Object(Config\Paths))
WARNING - 2025-05-31 18:18:42 --> [DEPRECATED] Creation of dynamic property App\Models\Admin\StatisticsModel::$field_search_accepted is deprecated in APPPATH\Models\Admin\StatisticsModel.php on line 12.
 1 APPPATH\Controllers\Admin\StatisticsController.php(15): App\Models\Admin\StatisticsModel->__construct()
 2 SYSTEMPATH\CodeIgniter.php(903): App\Controllers\Admin\StatisticsController->__construct()
 3 SYSTEMPATH\CodeIgniter.php(500): CodeIgniter\CodeIgniter->createController()
 4 SYSTEMPATH\CodeIgniter.php(355): CodeIgniter\CodeIgniter->handleRequest(null, Object(Config\Cache), false)
 5 SYSTEMPATH\Boot.php(325): CodeIgniter\CodeIgniter->run()
 6 SYSTEMPATH\Boot.php(67): CodeIgniter\Boot::runCodeIgniter(Object(CodeIgniter\CodeIgniter))
 7 FCPATH\index.php(63): CodeIgniter\Boot::bootWeb(Object(Config\Paths))
WARNING - 2025-05-31 18:18:42 --> [DEPRECATED] Creation of dynamic property App\Models\Admin\StatisticsModel::$chart_spline_limit_days is deprecated in APPPATH\Models\Admin\StatisticsModel.php on line 58.
 1 APPPATH\Models\Admin\StatisticsModel.php(51): App\Models\Admin\StatisticsModel->data_chart_spline()
 2 APPPATH\Controllers\Admin\StatisticsController.php(36): App\Models\Admin\StatisticsModel->order_chart_spline()
 3 SYSTEMPATH\CodeIgniter.php(933): App\Controllers\Admin\StatisticsController->index()
 4 SYSTEMPATH\CodeIgniter.php(509): CodeIgniter\CodeIgniter->runController(Object(App\Controllers\Admin\StatisticsController))
 5 SYSTEMPATH\CodeIgniter.php(355): CodeIgniter\CodeIgniter->handleRequest(null, Object(Config\Cache), false)
 6 SYSTEMPATH\Boot.php(325): CodeIgniter\CodeIgniter->run()
 7 SYSTEMPATH\Boot.php(67): CodeIgniter\Boot::runCodeIgniter(Object(CodeIgniter\CodeIgniter))
 8 FCPATH\index.php(63): CodeIgniter\Boot::bootWeb(Object(Config\Paths))
WARNING - 2025-05-31 18:44:31 --> [DEPRECATED] Passing lowercase HTTP method "get" is deprecated. Use uppercase HTTP method like "GET". in SYSTEMPATH\Router\RouteCollection.php on line 1027.
 1 SYSTEMPATH\Router\RouteCollection.php(1027): trigger_error('Passing lowercase HTTP method "get" is deprecated. Use uppercase HTTP method like "GET".', 16384)
 2 APPPATH\Config\Routes\AdminRoutes.php(65): CodeIgniter\Router\RouteCollection->match([...], 'send_test_mail', 'SettingsController::send_test_mail')
 3 SYSTEMPATH\Router\RouteCollection.php(800): App\Config\Routes\AdminRoutes::App\Config\Routes\{closure}(Object(CodeIgniter\Router\RouteCollection))
 4 APPPATH\Config\Routes\AdminRoutes.php(63): CodeIgniter\Router\RouteCollection->group('settings', [...], Object(Closure))
 5 SYSTEMPATH\Router\RouteCollection.php(800): App\Config\Routes\AdminRoutes::App\Config\Routes\{closure}(Object(CodeIgniter\Router\RouteCollection))
 6 APPPATH\Config\Routes\AdminRoutes.php(28): CodeIgniter\Router\RouteCollection->group('admin', [...], Object(Closure))
 7 APPPATH\Config\Routes.php(20): App\Config\Routes\AdminRoutes::init(Object(CodeIgniter\Router\RouteCollection))
 8 SYSTEMPATH\Router\RouteCollection.php(340): require('C:\\xampp\\htdocs\\smartstore\\app\\Config\\Routes.php')
 9 SYSTEMPATH\CodeIgniter.php(823): CodeIgniter\Router\RouteCollection->loadRoutes()
10 SYSTEMPATH\CodeIgniter.php(457): CodeIgniter\CodeIgniter->tryToRouteIt(null)
11 SYSTEMPATH\CodeIgniter.php(355): CodeIgniter\CodeIgniter->handleRequest(null, Object(Config\Cache), false)
12 SYSTEMPATH\Boot.php(325): CodeIgniter\CodeIgniter->run()
13 SYSTEMPATH\Boot.php(67): CodeIgniter\Boot::runCodeIgniter(Object(CodeIgniter\CodeIgniter))
14 FCPATH\index.php(63): CodeIgniter\Boot::bootWeb(Object(Config\Paths))
WARNING - 2025-05-31 18:44:31 --> [DEPRECATED] Passing lowercase HTTP method "post" is deprecated. Use uppercase HTTP method like "POST". in SYSTEMPATH\Router\RouteCollection.php on line 1027.
 1 SYSTEMPATH\Router\RouteCollection.php(1027): trigger_error('Passing lowercase HTTP method "post" is deprecated. Use uppercase HTTP method like "POST".', 16384)
 2 APPPATH\Config\Routes\AdminRoutes.php(65): CodeIgniter\Router\RouteCollection->match([...], 'send_test_mail', 'SettingsController::send_test_mail')
 3 SYSTEMPATH\Router\RouteCollection.php(800): App\Config\Routes\AdminRoutes::App\Config\Routes\{closure}(Object(CodeIgniter\Router\RouteCollection))
 4 APPPATH\Config\Routes\AdminRoutes.php(63): CodeIgniter\Router\RouteCollection->group('settings', [...], Object(Closure))
 5 SYSTEMPATH\Router\RouteCollection.php(800): App\Config\Routes\AdminRoutes::App\Config\Routes\{closure}(Object(CodeIgniter\Router\RouteCollection))
 6 APPPATH\Config\Routes\AdminRoutes.php(28): CodeIgniter\Router\RouteCollection->group('admin', [...], Object(Closure))
 7 APPPATH\Config\Routes.php(20): App\Config\Routes\AdminRoutes::init(Object(CodeIgniter\Router\RouteCollection))
 8 SYSTEMPATH\Router\RouteCollection.php(340): require('C:\\xampp\\htdocs\\smartstore\\app\\Config\\Routes.php')
 9 SYSTEMPATH\CodeIgniter.php(823): CodeIgniter\Router\RouteCollection->loadRoutes()
10 SYSTEMPATH\CodeIgniter.php(457): CodeIgniter\CodeIgniter->tryToRouteIt(null)
11 SYSTEMPATH\CodeIgniter.php(355): CodeIgniter\CodeIgniter->handleRequest(null, Object(Config\Cache), false)
12 SYSTEMPATH\Boot.php(325): CodeIgniter\CodeIgniter->run()
13 SYSTEMPATH\Boot.php(67): CodeIgniter\Boot::runCodeIgniter(Object(CodeIgniter\CodeIgniter))
14 FCPATH\index.php(63): CodeIgniter\Boot::bootWeb(Object(Config\Paths))
WARNING - 2025-05-31 18:44:31 --> [DEPRECATED] Passing lowercase HTTP method "get" is deprecated. Use uppercase HTTP method like "GET". in SYSTEMPATH\Router\RouteCollection.php on line 1027.
 1 SYSTEMPATH\Router\RouteCollection.php(1027): trigger_error('Passing lowercase HTTP method "get" is deprecated. Use uppercase HTTP method like "GET".', 16384)
 2 APPPATH\Config\Routes\AdminRoutes.php(76): CodeIgniter\Router\RouteCollection->match([...], 'elfinder_connector', 'FilemanagerController::elfinder_connector')
 3 SYSTEMPATH\Router\RouteCollection.php(800): App\Config\Routes\AdminRoutes::App\Config\Routes\{closure}(Object(CodeIgniter\Router\RouteCollection))
 4 APPPATH\Config\Routes\AdminRoutes.php(73): CodeIgniter\Router\RouteCollection->group('filemanager', [...], Object(Closure))
 5 SYSTEMPATH\Router\RouteCollection.php(800): App\Config\Routes\AdminRoutes::App\Config\Routes\{closure}(Object(CodeIgniter\Router\RouteCollection))
 6 APPPATH\Config\Routes\AdminRoutes.php(28): CodeIgniter\Router\RouteCollection->group('admin', [...], Object(Closure))
 7 APPPATH\Config\Routes.php(20): App\Config\Routes\AdminRoutes::init(Object(CodeIgniter\Router\RouteCollection))
 8 SYSTEMPATH\Router\RouteCollection.php(340): require('C:\\xampp\\htdocs\\smartstore\\app\\Config\\Routes.php')
 9 SYSTEMPATH\CodeIgniter.php(823): CodeIgniter\Router\RouteCollection->loadRoutes()
10 SYSTEMPATH\CodeIgniter.php(457): CodeIgniter\CodeIgniter->tryToRouteIt(null)
11 SYSTEMPATH\CodeIgniter.php(355): CodeIgniter\CodeIgniter->handleRequest(null, Object(Config\Cache), false)
12 SYSTEMPATH\Boot.php(325): CodeIgniter\CodeIgniter->run()
13 SYSTEMPATH\Boot.php(67): CodeIgniter\Boot::runCodeIgniter(Object(CodeIgniter\CodeIgniter))
14 FCPATH\index.php(63): CodeIgniter\Boot::bootWeb(Object(Config\Paths))
WARNING - 2025-05-31 18:44:31 --> [DEPRECATED] Passing lowercase HTTP method "post" is deprecated. Use uppercase HTTP method like "POST". in SYSTEMPATH\Router\RouteCollection.php on line 1027.
 1 SYSTEMPATH\Router\RouteCollection.php(1027): trigger_error('Passing lowercase HTTP method "post" is deprecated. Use uppercase HTTP method like "POST".', 16384)
 2 APPPATH\Config\Routes\AdminRoutes.php(76): CodeIgniter\Router\RouteCollection->match([...], 'elfinder_connector', 'FilemanagerController::elfinder_connector')
 3 SYSTEMPATH\Router\RouteCollection.php(800): App\Config\Routes\AdminRoutes::App\Config\Routes\{closure}(Object(CodeIgniter\Router\RouteCollection))
 4 APPPATH\Config\Routes\AdminRoutes.php(73): CodeIgniter\Router\RouteCollection->group('filemanager', [...], Object(Closure))
 5 SYSTEMPATH\Router\RouteCollection.php(800): App\Config\Routes\AdminRoutes::App\Config\Routes\{closure}(Object(CodeIgniter\Router\RouteCollection))
 6 APPPATH\Config\Routes\AdminRoutes.php(28): CodeIgniter\Router\RouteCollection->group('admin', [...], Object(Closure))
 7 APPPATH\Config\Routes.php(20): App\Config\Routes\AdminRoutes::init(Object(CodeIgniter\Router\RouteCollection))
 8 SYSTEMPATH\Router\RouteCollection.php(340): require('C:\\xampp\\htdocs\\smartstore\\app\\Config\\Routes.php')
 9 SYSTEMPATH\CodeIgniter.php(823): CodeIgniter\Router\RouteCollection->loadRoutes()
10 SYSTEMPATH\CodeIgniter.php(457): CodeIgniter\CodeIgniter->tryToRouteIt(null)
11 SYSTEMPATH\CodeIgniter.php(355): CodeIgniter\CodeIgniter->handleRequest(null, Object(Config\Cache), false)
12 SYSTEMPATH\Boot.php(325): CodeIgniter\CodeIgniter->run()
13 SYSTEMPATH\Boot.php(67): CodeIgniter\Boot::runCodeIgniter(Object(CodeIgniter\CodeIgniter))
14 FCPATH\index.php(63): CodeIgniter\Boot::bootWeb(Object(Config\Paths))
WARNING - 2025-05-31 18:44:31 --> [DEPRECATED] Passing lowercase HTTP method "get" is deprecated. Use uppercase HTTP method like "GET". in SYSTEMPATH\Router\RouteCollection.php on line 1027.
 1 SYSTEMPATH\Router\RouteCollection.php(1027): trigger_error('Passing lowercase HTTP method "get" is deprecated. Use uppercase HTTP method like "GET".', 16384)
 2 APPPATH\Config\Routes\AdminRoutes.php(172): CodeIgniter\Router\RouteCollection->match([...], 'sync_services/?(:num)?', 'ProvidersController::sync_services/$1')
 3 SYSTEMPATH\Router\RouteCollection.php(800): App\Config\Routes\AdminRoutes::App\Config\Routes\{closure}(Object(CodeIgniter\Router\RouteCollection))
 4 APPPATH\Config\Routes\AdminRoutes.php(167): CodeIgniter\Router\RouteCollection->group('providers', [...], Object(Closure))
 5 SYSTEMPATH\Router\RouteCollection.php(800): App\Config\Routes\AdminRoutes::App\Config\Routes\{closure}(Object(CodeIgniter\Router\RouteCollection))
 6 APPPATH\Config\Routes\AdminRoutes.php(28): CodeIgniter\Router\RouteCollection->group('admin', [...], Object(Closure))
 7 APPPATH\Config\Routes.php(20): App\Config\Routes\AdminRoutes::init(Object(CodeIgniter\Router\RouteCollection))
 8 SYSTEMPATH\Router\RouteCollection.php(340): require('C:\\xampp\\htdocs\\smartstore\\app\\Config\\Routes.php')
 9 SYSTEMPATH\CodeIgniter.php(823): CodeIgniter\Router\RouteCollection->loadRoutes()
10 SYSTEMPATH\CodeIgniter.php(457): CodeIgniter\CodeIgniter->tryToRouteIt(null)
11 SYSTEMPATH\CodeIgniter.php(355): CodeIgniter\CodeIgniter->handleRequest(null, Object(Config\Cache), false)
12 SYSTEMPATH\Boot.php(325): CodeIgniter\CodeIgniter->run()
13 SYSTEMPATH\Boot.php(67): CodeIgniter\Boot::runCodeIgniter(Object(CodeIgniter\CodeIgniter))
14 FCPATH\index.php(63): CodeIgniter\Boot::bootWeb(Object(Config\Paths))
WARNING - 2025-05-31 18:44:31 --> [DEPRECATED] Passing lowercase HTTP method "post" is deprecated. Use uppercase HTTP method like "POST". in SYSTEMPATH\Router\RouteCollection.php on line 1027.
 1 SYSTEMPATH\Router\RouteCollection.php(1027): trigger_error('Passing lowercase HTTP method "post" is deprecated. Use uppercase HTTP method like "POST".', 16384)
 2 APPPATH\Config\Routes\AdminRoutes.php(172): CodeIgniter\Router\RouteCollection->match([...], 'sync_services/?(:num)?', 'ProvidersController::sync_services/$1')
 3 SYSTEMPATH\Router\RouteCollection.php(800): App\Config\Routes\AdminRoutes::App\Config\Routes\{closure}(Object(CodeIgniter\Router\RouteCollection))
 4 APPPATH\Config\Routes\AdminRoutes.php(167): CodeIgniter\Router\RouteCollection->group('providers', [...], Object(Closure))
 5 SYSTEMPATH\Router\RouteCollection.php(800): App\Config\Routes\AdminRoutes::App\Config\Routes\{closure}(Object(CodeIgniter\Router\RouteCollection))
 6 APPPATH\Config\Routes\AdminRoutes.php(28): CodeIgniter\Router\RouteCollection->group('admin', [...], Object(Closure))
 7 APPPATH\Config\Routes.php(20): App\Config\Routes\AdminRoutes::init(Object(CodeIgniter\Router\RouteCollection))
 8 SYSTEMPATH\Router\RouteCollection.php(340): require('C:\\xampp\\htdocs\\smartstore\\app\\Config\\Routes.php')
 9 SYSTEMPATH\CodeIgniter.php(823): CodeIgniter\Router\RouteCollection->loadRoutes()
10 SYSTEMPATH\CodeIgniter.php(457): CodeIgniter\CodeIgniter->tryToRouteIt(null)
11 SYSTEMPATH\CodeIgniter.php(355): CodeIgniter\CodeIgniter->handleRequest(null, Object(Config\Cache), false)
12 SYSTEMPATH\Boot.php(325): CodeIgniter\CodeIgniter->run()
13 SYSTEMPATH\Boot.php(67): CodeIgniter\Boot::runCodeIgniter(Object(CodeIgniter\CodeIgniter))
14 FCPATH\index.php(63): CodeIgniter\Boot::bootWeb(Object(Config\Paths))
WARNING - 2025-05-31 18:44:31 --> [DEPRECATED] Passing lowercase HTTP method "get" is deprecated. Use uppercase HTTP method like "GET". in SYSTEMPATH\Router\RouteCollection.php on line 1027.
 1 SYSTEMPATH\Router\RouteCollection.php(1027): trigger_error('Passing lowercase HTTP method "get" is deprecated. Use uppercase HTTP method like "GET".', 16384)
 2 APPPATH\Config\Routes\AdminRoutes.php(185): CodeIgniter\Router\RouteCollection->match([...], 'add_note/?(:num)?', 'UsersController::add_note/$1')
 3 SYSTEMPATH\Router\RouteCollection.php(800): App\Config\Routes\AdminRoutes::App\Config\Routes\{closure}(Object(CodeIgniter\Router\RouteCollection))
 4 APPPATH\Config\Routes\AdminRoutes.php(182): CodeIgniter\Router\RouteCollection->group('users', [...], Object(Closure))
 5 SYSTEMPATH\Router\RouteCollection.php(800): App\Config\Routes\AdminRoutes::App\Config\Routes\{closure}(Object(CodeIgniter\Router\RouteCollection))
 6 APPPATH\Config\Routes\AdminRoutes.php(28): CodeIgniter\Router\RouteCollection->group('admin', [...], Object(Closure))
 7 APPPATH\Config\Routes.php(20): App\Config\Routes\AdminRoutes::init(Object(CodeIgniter\Router\RouteCollection))
 8 SYSTEMPATH\Router\RouteCollection.php(340): require('C:\\xampp\\htdocs\\smartstore\\app\\Config\\Routes.php')
 9 SYSTEMPATH\CodeIgniter.php(823): CodeIgniter\Router\RouteCollection->loadRoutes()
10 SYSTEMPATH\CodeIgniter.php(457): CodeIgniter\CodeIgniter->tryToRouteIt(null)
11 SYSTEMPATH\CodeIgniter.php(355): CodeIgniter\CodeIgniter->handleRequest(null, Object(Config\Cache), false)
12 SYSTEMPATH\Boot.php(325): CodeIgniter\CodeIgniter->run()
13 SYSTEMPATH\Boot.php(67): CodeIgniter\Boot::runCodeIgniter(Object(CodeIgniter\CodeIgniter))
14 FCPATH\index.php(63): CodeIgniter\Boot::bootWeb(Object(Config\Paths))
WARNING - 2025-05-31 18:44:31 --> [DEPRECATED] Passing lowercase HTTP method "post" is deprecated. Use uppercase HTTP method like "POST". in SYSTEMPATH\Router\RouteCollection.php on line 1027.
 1 SYSTEMPATH\Router\RouteCollection.php(1027): trigger_error('Passing lowercase HTTP method "post" is deprecated. Use uppercase HTTP method like "POST".', 16384)
 2 APPPATH\Config\Routes\AdminRoutes.php(185): CodeIgniter\Router\RouteCollection->match([...], 'add_note/?(:num)?', 'UsersController::add_note/$1')
 3 SYSTEMPATH\Router\RouteCollection.php(800): App\Config\Routes\AdminRoutes::App\Config\Routes\{closure}(Object(CodeIgniter\Router\RouteCollection))
 4 APPPATH\Config\Routes\AdminRoutes.php(182): CodeIgniter\Router\RouteCollection->group('users', [...], Object(Closure))
 5 SYSTEMPATH\Router\RouteCollection.php(800): App\Config\Routes\AdminRoutes::App\Config\Routes\{closure}(Object(CodeIgniter\Router\RouteCollection))
 6 APPPATH\Config\Routes\AdminRoutes.php(28): CodeIgniter\Router\RouteCollection->group('admin', [...], Object(Closure))
 7 APPPATH\Config\Routes.php(20): App\Config\Routes\AdminRoutes::init(Object(CodeIgniter\Router\RouteCollection))
 8 SYSTEMPATH\Router\RouteCollection.php(340): require('C:\\xampp\\htdocs\\smartstore\\app\\Config\\Routes.php')
 9 SYSTEMPATH\CodeIgniter.php(823): CodeIgniter\Router\RouteCollection->loadRoutes()
10 SYSTEMPATH\CodeIgniter.php(457): CodeIgniter\CodeIgniter->tryToRouteIt(null)
11 SYSTEMPATH\CodeIgniter.php(355): CodeIgniter\CodeIgniter->handleRequest(null, Object(Config\Cache), false)
12 SYSTEMPATH\Boot.php(325): CodeIgniter\CodeIgniter->run()
13 SYSTEMPATH\Boot.php(67): CodeIgniter\Boot::runCodeIgniter(Object(CodeIgniter\CodeIgniter))
14 FCPATH\index.php(63): CodeIgniter\Boot::bootWeb(Object(Config\Paths))
WARNING - 2025-05-31 18:44:31 --> [DEPRECATED] Passing lowercase HTTP method "get" is deprecated. Use uppercase HTTP method like "GET". in SYSTEMPATH\Router\RouteCollection.php on line 1027.
 1 SYSTEMPATH\Router\RouteCollection.php(1027): trigger_error('Passing lowercase HTTP method "get" is deprecated. Use uppercase HTTP method like "GET".', 16384)
 2 APPPATH\Config\Routes\AdminRoutes.php(186): CodeIgniter\Router\RouteCollection->match([...], 'send_mail/?(:num)?', 'UsersController::send_mail/$1')
 3 SYSTEMPATH\Router\RouteCollection.php(800): App\Config\Routes\AdminRoutes::App\Config\Routes\{closure}(Object(CodeIgniter\Router\RouteCollection))
 4 APPPATH\Config\Routes\AdminRoutes.php(182): CodeIgniter\Router\RouteCollection->group('users', [...], Object(Closure))
 5 SYSTEMPATH\Router\RouteCollection.php(800): App\Config\Routes\AdminRoutes::App\Config\Routes\{closure}(Object(CodeIgniter\Router\RouteCollection))
 6 APPPATH\Config\Routes\AdminRoutes.php(28): CodeIgniter\Router\RouteCollection->group('admin', [...], Object(Closure))
 7 APPPATH\Config\Routes.php(20): App\Config\Routes\AdminRoutes::init(Object(CodeIgniter\Router\RouteCollection))
 8 SYSTEMPATH\Router\RouteCollection.php(340): require('C:\\xampp\\htdocs\\smartstore\\app\\Config\\Routes.php')
 9 SYSTEMPATH\CodeIgniter.php(823): CodeIgniter\Router\RouteCollection->loadRoutes()
10 SYSTEMPATH\CodeIgniter.php(457): CodeIgniter\CodeIgniter->tryToRouteIt(null)
11 SYSTEMPATH\CodeIgniter.php(355): CodeIgniter\CodeIgniter->handleRequest(null, Object(Config\Cache), false)
12 SYSTEMPATH\Boot.php(325): CodeIgniter\CodeIgniter->run()
13 SYSTEMPATH\Boot.php(67): CodeIgniter\Boot::runCodeIgniter(Object(CodeIgniter\CodeIgniter))
14 FCPATH\index.php(63): CodeIgniter\Boot::bootWeb(Object(Config\Paths))
WARNING - 2025-05-31 18:44:31 --> [DEPRECATED] Passing lowercase HTTP method "post" is deprecated. Use uppercase HTTP method like "POST". in SYSTEMPATH\Router\RouteCollection.php on line 1027.
 1 SYSTEMPATH\Router\RouteCollection.php(1027): trigger_error('Passing lowercase HTTP method "post" is deprecated. Use uppercase HTTP method like "POST".', 16384)
 2 APPPATH\Config\Routes\AdminRoutes.php(186): CodeIgniter\Router\RouteCollection->match([...], 'send_mail/?(:num)?', 'UsersController::send_mail/$1')
 3 SYSTEMPATH\Router\RouteCollection.php(800): App\Config\Routes\AdminRoutes::App\Config\Routes\{closure}(Object(CodeIgniter\Router\RouteCollection))
 4 APPPATH\Config\Routes\AdminRoutes.php(182): CodeIgniter\Router\RouteCollection->group('users', [...], Object(Closure))
 5 SYSTEMPATH\Router\RouteCollection.php(800): App\Config\Routes\AdminRoutes::App\Config\Routes\{closure}(Object(CodeIgniter\Router\RouteCollection))
 6 APPPATH\Config\Routes\AdminRoutes.php(28): CodeIgniter\Router\RouteCollection->group('admin', [...], Object(Closure))
 7 APPPATH\Config\Routes.php(20): App\Config\Routes\AdminRoutes::init(Object(CodeIgniter\Router\RouteCollection))
 8 SYSTEMPATH\Router\RouteCollection.php(340): require('C:\\xampp\\htdocs\\smartstore\\app\\Config\\Routes.php')
 9 SYSTEMPATH\CodeIgniter.php(823): CodeIgniter\Router\RouteCollection->loadRoutes()
10 SYSTEMPATH\CodeIgniter.php(457): CodeIgniter\CodeIgniter->tryToRouteIt(null)
11 SYSTEMPATH\CodeIgniter.php(355): CodeIgniter\CodeIgniter->handleRequest(null, Object(Config\Cache), false)
12 SYSTEMPATH\Boot.php(325): CodeIgniter\CodeIgniter->run()
13 SYSTEMPATH\Boot.php(67): CodeIgniter\Boot::runCodeIgniter(Object(CodeIgniter\CodeIgniter))
14 FCPATH\index.php(63): CodeIgniter\Boot::bootWeb(Object(Config\Paths))
WARNING - 2025-05-31 18:44:31 --> [DEPRECATED] Passing lowercase HTTP method "get" is deprecated. Use uppercase HTTP method like "GET". in SYSTEMPATH\Router\RouteCollection.php on line 1027.
 1 SYSTEMPATH\Router\RouteCollection.php(1027): trigger_error('Passing lowercase HTTP method "get" is deprecated. Use uppercase HTTP method like "GET".', 16384)
 2 APPPATH\Config\Routes\AdminRoutes.php(215): CodeIgniter\Router\RouteCollection->match([...], 'send_mail/?(:num)?', 'TicketsController::send_mail/$1')
 3 SYSTEMPATH\Router\RouteCollection.php(800): App\Config\Routes\AdminRoutes::App\Config\Routes\{closure}(Object(CodeIgniter\Router\RouteCollection))
 4 APPPATH\Config\Routes\AdminRoutes.php(212): CodeIgniter\Router\RouteCollection->group('tickets', [...], Object(Closure))
 5 SYSTEMPATH\Router\RouteCollection.php(800): App\Config\Routes\AdminRoutes::App\Config\Routes\{closure}(Object(CodeIgniter\Router\RouteCollection))
 6 APPPATH\Config\Routes\AdminRoutes.php(28): CodeIgniter\Router\RouteCollection->group('admin', [...], Object(Closure))
 7 APPPATH\Config\Routes.php(20): App\Config\Routes\AdminRoutes::init(Object(CodeIgniter\Router\RouteCollection))
 8 SYSTEMPATH\Router\RouteCollection.php(340): require('C:\\xampp\\htdocs\\smartstore\\app\\Config\\Routes.php')
 9 SYSTEMPATH\CodeIgniter.php(823): CodeIgniter\Router\RouteCollection->loadRoutes()
10 SYSTEMPATH\CodeIgniter.php(457): CodeIgniter\CodeIgniter->tryToRouteIt(null)
11 SYSTEMPATH\CodeIgniter.php(355): CodeIgniter\CodeIgniter->handleRequest(null, Object(Config\Cache), false)
12 SYSTEMPATH\Boot.php(325): CodeIgniter\CodeIgniter->run()
13 SYSTEMPATH\Boot.php(67): CodeIgniter\Boot::runCodeIgniter(Object(CodeIgniter\CodeIgniter))
14 FCPATH\index.php(63): CodeIgniter\Boot::bootWeb(Object(Config\Paths))
WARNING - 2025-05-31 18:44:31 --> [DEPRECATED] Passing lowercase HTTP method "post" is deprecated. Use uppercase HTTP method like "POST". in SYSTEMPATH\Router\RouteCollection.php on line 1027.
 1 SYSTEMPATH\Router\RouteCollection.php(1027): trigger_error('Passing lowercase HTTP method "post" is deprecated. Use uppercase HTTP method like "POST".', 16384)
 2 APPPATH\Config\Routes\AdminRoutes.php(215): CodeIgniter\Router\RouteCollection->match([...], 'send_mail/?(:num)?', 'TicketsController::send_mail/$1')
 3 SYSTEMPATH\Router\RouteCollection.php(800): App\Config\Routes\AdminRoutes::App\Config\Routes\{closure}(Object(CodeIgniter\Router\RouteCollection))
 4 APPPATH\Config\Routes\AdminRoutes.php(212): CodeIgniter\Router\RouteCollection->group('tickets', [...], Object(Closure))
 5 SYSTEMPATH\Router\RouteCollection.php(800): App\Config\Routes\AdminRoutes::App\Config\Routes\{closure}(Object(CodeIgniter\Router\RouteCollection))
 6 APPPATH\Config\Routes\AdminRoutes.php(28): CodeIgniter\Router\RouteCollection->group('admin', [...], Object(Closure))
 7 APPPATH\Config\Routes.php(20): App\Config\Routes\AdminRoutes::init(Object(CodeIgniter\Router\RouteCollection))
 8 SYSTEMPATH\Router\RouteCollection.php(340): require('C:\\xampp\\htdocs\\smartstore\\app\\Config\\Routes.php')
 9 SYSTEMPATH\CodeIgniter.php(823): CodeIgniter\Router\RouteCollection->loadRoutes()
10 SYSTEMPATH\CodeIgniter.php(457): CodeIgniter\CodeIgniter->tryToRouteIt(null)
11 SYSTEMPATH\CodeIgniter.php(355): CodeIgniter\CodeIgniter->handleRequest(null, Object(Config\Cache), false)
12 SYSTEMPATH\Boot.php(325): CodeIgniter\CodeIgniter->run()
13 SYSTEMPATH\Boot.php(67): CodeIgniter\Boot::runCodeIgniter(Object(CodeIgniter\CodeIgniter))
14 FCPATH\index.php(63): CodeIgniter\Boot::bootWeb(Object(Config\Paths))
WARNING - 2025-05-31 18:44:31 --> [DEPRECATED] Passing lowercase HTTP method "get" is deprecated. Use uppercase HTTP method like "GET". in SYSTEMPATH\Router\RouteCollection.php on line 1027.
 1 SYSTEMPATH\Router\RouteCollection.php(1027): trigger_error('Passing lowercase HTTP method "get" is deprecated. Use uppercase HTTP method like "GET".', 16384)
 2 APPPATH\Config\Routes\UserRoutes.php(49): CodeIgniter\Router\RouteCollection->match([...], 'submit_review', 'ClientController::submit_review', [...])
 3 APPPATH\Config\Routes\UserRoutes.php(23): App\Config\Routes\UserRoutes::defineRoutes(Object(CodeIgniter\Router\RouteCollection))
 4 APPPATH\Config\Routes.php(21): App\Config\Routes\UserRoutes::init(Object(CodeIgniter\Router\RouteCollection))
 5 SYSTEMPATH\Router\RouteCollection.php(340): require('C:\\xampp\\htdocs\\smartstore\\app\\Config\\Routes.php')
 6 SYSTEMPATH\CodeIgniter.php(823): CodeIgniter\Router\RouteCollection->loadRoutes()
 7 SYSTEMPATH\CodeIgniter.php(457): CodeIgniter\CodeIgniter->tryToRouteIt(null)
 8 SYSTEMPATH\CodeIgniter.php(355): CodeIgniter\CodeIgniter->handleRequest(null, Object(Config\Cache), false)
 9 SYSTEMPATH\Boot.php(325): CodeIgniter\CodeIgniter->run()
10 SYSTEMPATH\Boot.php(67): CodeIgniter\Boot::runCodeIgniter(Object(CodeIgniter\CodeIgniter))
11 FCPATH\index.php(63): CodeIgniter\Boot::bootWeb(Object(Config\Paths))
WARNING - 2025-05-31 18:44:31 --> [DEPRECATED] Passing lowercase HTTP method "post" is deprecated. Use uppercase HTTP method like "POST". in SYSTEMPATH\Router\RouteCollection.php on line 1027.
 1 SYSTEMPATH\Router\RouteCollection.php(1027): trigger_error('Passing lowercase HTTP method "post" is deprecated. Use uppercase HTTP method like "POST".', 16384)
 2 APPPATH\Config\Routes\UserRoutes.php(49): CodeIgniter\Router\RouteCollection->match([...], 'submit_review', 'ClientController::submit_review', [...])
 3 APPPATH\Config\Routes\UserRoutes.php(23): App\Config\Routes\UserRoutes::defineRoutes(Object(CodeIgniter\Router\RouteCollection))
 4 APPPATH\Config\Routes.php(21): App\Config\Routes\UserRoutes::init(Object(CodeIgniter\Router\RouteCollection))
 5 SYSTEMPATH\Router\RouteCollection.php(340): require('C:\\xampp\\htdocs\\smartstore\\app\\Config\\Routes.php')
 6 SYSTEMPATH\CodeIgniter.php(823): CodeIgniter\Router\RouteCollection->loadRoutes()
 7 SYSTEMPATH\CodeIgniter.php(457): CodeIgniter\CodeIgniter->tryToRouteIt(null)
 8 SYSTEMPATH\CodeIgniter.php(355): CodeIgniter\CodeIgniter->handleRequest(null, Object(Config\Cache), false)
 9 SYSTEMPATH\Boot.php(325): CodeIgniter\CodeIgniter->run()
10 SYSTEMPATH\Boot.php(67): CodeIgniter\Boot::runCodeIgniter(Object(CodeIgniter\CodeIgniter))
11 FCPATH\index.php(63): CodeIgniter\Boot::bootWeb(Object(Config\Paths))
WARNING - 2025-05-31 18:44:31 --> [DEPRECATED] Passing lowercase HTTP method "get" is deprecated. Use uppercase HTTP method like "GET". in SYSTEMPATH\Router\RouteCollection.php on line 1027.
 1 SYSTEMPATH\Router\RouteCollection.php(1027): trigger_error('Passing lowercase HTTP method "get" is deprecated. Use uppercase HTTP method like "GET".', 16384)
 2 APPPATH\Config\Routes\UserRoutes.php(63): CodeIgniter\Router\RouteCollection->match([...], 'track-order', 'OrderController::track_order', [...])
 3 APPPATH\Config\Routes\UserRoutes.php(23): App\Config\Routes\UserRoutes::defineRoutes(Object(CodeIgniter\Router\RouteCollection))
 4 APPPATH\Config\Routes.php(21): App\Config\Routes\UserRoutes::init(Object(CodeIgniter\Router\RouteCollection))
 5 SYSTEMPATH\Router\RouteCollection.php(340): require('C:\\xampp\\htdocs\\smartstore\\app\\Config\\Routes.php')
 6 SYSTEMPATH\CodeIgniter.php(823): CodeIgniter\Router\RouteCollection->loadRoutes()
 7 SYSTEMPATH\CodeIgniter.php(457): CodeIgniter\CodeIgniter->tryToRouteIt(null)
 8 SYSTEMPATH\CodeIgniter.php(355): CodeIgniter\CodeIgniter->handleRequest(null, Object(Config\Cache), false)
 9 SYSTEMPATH\Boot.php(325): CodeIgniter\CodeIgniter->run()
10 SYSTEMPATH\Boot.php(67): CodeIgniter\Boot::runCodeIgniter(Object(CodeIgniter\CodeIgniter))
11 FCPATH\index.php(63): CodeIgniter\Boot::bootWeb(Object(Config\Paths))
WARNING - 2025-05-31 18:44:31 --> [DEPRECATED] Passing lowercase HTTP method "post" is deprecated. Use uppercase HTTP method like "POST". in SYSTEMPATH\Router\RouteCollection.php on line 1027.
 1 SYSTEMPATH\Router\RouteCollection.php(1027): trigger_error('Passing lowercase HTTP method "post" is deprecated. Use uppercase HTTP method like "POST".', 16384)
 2 APPPATH\Config\Routes\UserRoutes.php(63): CodeIgniter\Router\RouteCollection->match([...], 'track-order', 'OrderController::track_order', [...])
 3 APPPATH\Config\Routes\UserRoutes.php(23): App\Config\Routes\UserRoutes::defineRoutes(Object(CodeIgniter\Router\RouteCollection))
 4 APPPATH\Config\Routes.php(21): App\Config\Routes\UserRoutes::init(Object(CodeIgniter\Router\RouteCollection))
 5 SYSTEMPATH\Router\RouteCollection.php(340): require('C:\\xampp\\htdocs\\smartstore\\app\\Config\\Routes.php')
 6 SYSTEMPATH\CodeIgniter.php(823): CodeIgniter\Router\RouteCollection->loadRoutes()
 7 SYSTEMPATH\CodeIgniter.php(457): CodeIgniter\CodeIgniter->tryToRouteIt(null)
 8 SYSTEMPATH\CodeIgniter.php(355): CodeIgniter\CodeIgniter->handleRequest(null, Object(Config\Cache), false)
 9 SYSTEMPATH\Boot.php(325): CodeIgniter\CodeIgniter->run()
10 SYSTEMPATH\Boot.php(67): CodeIgniter\Boot::runCodeIgniter(Object(CodeIgniter\CodeIgniter))
11 FCPATH\index.php(63): CodeIgniter\Boot::bootWeb(Object(Config\Paths))
WARNING - 2025-05-31 18:44:31 --> [DEPRECATED] Passing lowercase HTTP method "get" is deprecated. Use uppercase HTTP method like "GET". in SYSTEMPATH\Router\RouteCollection.php on line 1027.
 1 SYSTEMPATH\Router\RouteCollection.php(1027): trigger_error('Passing lowercase HTTP method "get" is deprecated. Use uppercase HTTP method like "GET".', 16384)
 2 APPPATH\Config\Routes\UserRoutes.php(49): CodeIgniter\Router\RouteCollection->match([...], 'submit_review', 'ClientController::submit_review', [...])
 3 APPPATH\Config\Routes\UserRoutes.php(26): App\Config\Routes\UserRoutes::defineRoutes(Object(CodeIgniter\Router\RouteCollection))
 4 SYSTEMPATH\Router\RouteCollection.php(800): App\Config\Routes\UserRoutes::App\Config\Routes\{closure}(Object(CodeIgniter\Router\RouteCollection))
 5 APPPATH\Config\Routes\UserRoutes.php(25): CodeIgniter\Router\RouteCollection->group('{locale}', Object(Closure))
 6 APPPATH\Config\Routes.php(21): App\Config\Routes\UserRoutes::init(Object(CodeIgniter\Router\RouteCollection))
 7 SYSTEMPATH\Router\RouteCollection.php(340): require('C:\\xampp\\htdocs\\smartstore\\app\\Config\\Routes.php')
 8 SYSTEMPATH\CodeIgniter.php(823): CodeIgniter\Router\RouteCollection->loadRoutes()
 9 SYSTEMPATH\CodeIgniter.php(457): CodeIgniter\CodeIgniter->tryToRouteIt(null)
10 SYSTEMPATH\CodeIgniter.php(355): CodeIgniter\CodeIgniter->handleRequest(null, Object(Config\Cache), false)
11 SYSTEMPATH\Boot.php(325): CodeIgniter\CodeIgniter->run()
12 SYSTEMPATH\Boot.php(67): CodeIgniter\Boot::runCodeIgniter(Object(CodeIgniter\CodeIgniter))
13 FCPATH\index.php(63): CodeIgniter\Boot::bootWeb(Object(Config\Paths))
WARNING - 2025-05-31 18:44:31 --> [DEPRECATED] Passing lowercase HTTP method "post" is deprecated. Use uppercase HTTP method like "POST". in SYSTEMPATH\Router\RouteCollection.php on line 1027.
 1 SYSTEMPATH\Router\RouteCollection.php(1027): trigger_error('Passing lowercase HTTP method "post" is deprecated. Use uppercase HTTP method like "POST".', 16384)
 2 APPPATH\Config\Routes\UserRoutes.php(49): CodeIgniter\Router\RouteCollection->match([...], 'submit_review', 'ClientController::submit_review', [...])
 3 APPPATH\Config\Routes\UserRoutes.php(26): App\Config\Routes\UserRoutes::defineRoutes(Object(CodeIgniter\Router\RouteCollection))
 4 SYSTEMPATH\Router\RouteCollection.php(800): App\Config\Routes\UserRoutes::App\Config\Routes\{closure}(Object(CodeIgniter\Router\RouteCollection))
 5 APPPATH\Config\Routes\UserRoutes.php(25): CodeIgniter\Router\RouteCollection->group('{locale}', Object(Closure))
 6 APPPATH\Config\Routes.php(21): App\Config\Routes\UserRoutes::init(Object(CodeIgniter\Router\RouteCollection))
 7 SYSTEMPATH\Router\RouteCollection.php(340): require('C:\\xampp\\htdocs\\smartstore\\app\\Config\\Routes.php')
 8 SYSTEMPATH\CodeIgniter.php(823): CodeIgniter\Router\RouteCollection->loadRoutes()
 9 SYSTEMPATH\CodeIgniter.php(457): CodeIgniter\CodeIgniter->tryToRouteIt(null)
10 SYSTEMPATH\CodeIgniter.php(355): CodeIgniter\CodeIgniter->handleRequest(null, Object(Config\Cache), false)
11 SYSTEMPATH\Boot.php(325): CodeIgniter\CodeIgniter->run()
12 SYSTEMPATH\Boot.php(67): CodeIgniter\Boot::runCodeIgniter(Object(CodeIgniter\CodeIgniter))
13 FCPATH\index.php(63): CodeIgniter\Boot::bootWeb(Object(Config\Paths))
WARNING - 2025-05-31 18:44:31 --> [DEPRECATED] Passing lowercase HTTP method "get" is deprecated. Use uppercase HTTP method like "GET". in SYSTEMPATH\Router\RouteCollection.php on line 1027.
 1 SYSTEMPATH\Router\RouteCollection.php(1027): trigger_error('Passing lowercase HTTP method "get" is deprecated. Use uppercase HTTP method like "GET".', 16384)
 2 APPPATH\Config\Routes\UserRoutes.php(63): CodeIgniter\Router\RouteCollection->match([...], 'track-order', 'OrderController::track_order', [...])
 3 APPPATH\Config\Routes\UserRoutes.php(26): App\Config\Routes\UserRoutes::defineRoutes(Object(CodeIgniter\Router\RouteCollection))
 4 SYSTEMPATH\Router\RouteCollection.php(800): App\Config\Routes\UserRoutes::App\Config\Routes\{closure}(Object(CodeIgniter\Router\RouteCollection))
 5 APPPATH\Config\Routes\UserRoutes.php(25): CodeIgniter\Router\RouteCollection->group('{locale}', Object(Closure))
 6 APPPATH\Config\Routes.php(21): App\Config\Routes\UserRoutes::init(Object(CodeIgniter\Router\RouteCollection))
 7 SYSTEMPATH\Router\RouteCollection.php(340): require('C:\\xampp\\htdocs\\smartstore\\app\\Config\\Routes.php')
 8 SYSTEMPATH\CodeIgniter.php(823): CodeIgniter\Router\RouteCollection->loadRoutes()
 9 SYSTEMPATH\CodeIgniter.php(457): CodeIgniter\CodeIgniter->tryToRouteIt(null)
10 SYSTEMPATH\CodeIgniter.php(355): CodeIgniter\CodeIgniter->handleRequest(null, Object(Config\Cache), false)
11 SYSTEMPATH\Boot.php(325): CodeIgniter\CodeIgniter->run()
12 SYSTEMPATH\Boot.php(67): CodeIgniter\Boot::runCodeIgniter(Object(CodeIgniter\CodeIgniter))
13 FCPATH\index.php(63): CodeIgniter\Boot::bootWeb(Object(Config\Paths))
WARNING - 2025-05-31 18:44:31 --> [DEPRECATED] Passing lowercase HTTP method "post" is deprecated. Use uppercase HTTP method like "POST". in SYSTEMPATH\Router\RouteCollection.php on line 1027.
 1 SYSTEMPATH\Router\RouteCollection.php(1027): trigger_error('Passing lowercase HTTP method "post" is deprecated. Use uppercase HTTP method like "POST".', 16384)
 2 APPPATH\Config\Routes\UserRoutes.php(63): CodeIgniter\Router\RouteCollection->match([...], 'track-order', 'OrderController::track_order', [...])
 3 APPPATH\Config\Routes\UserRoutes.php(26): App\Config\Routes\UserRoutes::defineRoutes(Object(CodeIgniter\Router\RouteCollection))
 4 SYSTEMPATH\Router\RouteCollection.php(800): App\Config\Routes\UserRoutes::App\Config\Routes\{closure}(Object(CodeIgniter\Router\RouteCollection))
 5 APPPATH\Config\Routes\UserRoutes.php(25): CodeIgniter\Router\RouteCollection->group('{locale}', Object(Closure))
 6 APPPATH\Config\Routes.php(21): App\Config\Routes\UserRoutes::init(Object(CodeIgniter\Router\RouteCollection))
 7 SYSTEMPATH\Router\RouteCollection.php(340): require('C:\\xampp\\htdocs\\smartstore\\app\\Config\\Routes.php')
 8 SYSTEMPATH\CodeIgniter.php(823): CodeIgniter\Router\RouteCollection->loadRoutes()
 9 SYSTEMPATH\CodeIgniter.php(457): CodeIgniter\CodeIgniter->tryToRouteIt(null)
10 SYSTEMPATH\CodeIgniter.php(355): CodeIgniter\CodeIgniter->handleRequest(null, Object(Config\Cache), false)
11 SYSTEMPATH\Boot.php(325): CodeIgniter\CodeIgniter->run()
12 SYSTEMPATH\Boot.php(67): CodeIgniter\Boot::runCodeIgniter(Object(CodeIgniter\CodeIgniter))
13 FCPATH\index.php(63): CodeIgniter\Boot::bootWeb(Object(Config\Paths))
INFO - 2025-05-31 18:44:31 --> Session: Class initialized using 'CodeIgniter\Session\Handlers\FileHandler' driver.
WARNING - 2025-05-31 18:44:32 --> [DEPRECATED] Creation of dynamic property App\Controllers\Public\PageController::$load_files is deprecated in APPPATH\Controllers\Public\PageController.php on line 21.
 1 SYSTEMPATH\CodeIgniter.php(903): App\Controllers\Public\PageController->__construct()
 2 SYSTEMPATH\CodeIgniter.php(500): CodeIgniter\CodeIgniter->createController()
 3 SYSTEMPATH\CodeIgniter.php(355): CodeIgniter\CodeIgniter->handleRequest(null, Object(Config\Cache), false)
 4 SYSTEMPATH\Boot.php(325): CodeIgniter\CodeIgniter->run()
 5 SYSTEMPATH\Boot.php(67): CodeIgniter\Boot::runCodeIgniter(Object(CodeIgniter\CodeIgniter))
 6 FCPATH\index.php(63): CodeIgniter\Boot::bootWeb(Object(Config\Paths))
WARNING - 2025-05-31 18:44:32 --> [DEPRECATED] Creation of dynamic property App\Controllers\Public\PageController::$page_title is deprecated in APPPATH\Controllers\Public\PageController.php on line 22.
 1 SYSTEMPATH\CodeIgniter.php(903): App\Controllers\Public\PageController->__construct()
 2 SYSTEMPATH\CodeIgniter.php(500): CodeIgniter\CodeIgniter->createController()
 3 SYSTEMPATH\CodeIgniter.php(355): CodeIgniter\CodeIgniter->handleRequest(null, Object(Config\Cache), false)
 4 SYSTEMPATH\Boot.php(325): CodeIgniter\CodeIgniter->run()
 5 SYSTEMPATH\Boot.php(67): CodeIgniter\Boot::runCodeIgniter(Object(CodeIgniter\CodeIgniter))
 6 FCPATH\index.php(63): CodeIgniter\Boot::bootWeb(Object(Config\Paths))
