WARNING - 2025-06-05 13:50:45 --> [DEPRECATED] Passing lowercase HTTP method "get" is deprecated. Use uppercase HTTP method like "GET". in SYSTEMPATH\Router\RouteCollection.php on line 1027.
 1 SYSTEMPATH\Router\RouteCollection.php(1027): trigger_error('Passing lowercase HTTP method "get" is deprecated. Use uppercase HTTP method like "GET".', 16384)
 2 APPPATH\Config\Routes\AdminRoutes.php(65): CodeIgniter\Router\RouteCollection->match([...], 'send_test_mail', 'SettingsController::send_test_mail')
 3 SYSTEMPATH\Router\RouteCollection.php(800): App\Config\Routes\AdminRoutes::App\Config\Routes\{closure}(Object(CodeIgniter\Router\RouteCollection))
 4 APPPATH\Config\Routes\AdminRoutes.php(63): CodeIgniter\Router\RouteCollection->group('settings', [...], Object(Closure))
 5 SYSTEMPATH\Router\RouteCollection.php(800): App\Config\Routes\AdminRoutes::App\Config\Routes\{closure}(Object(CodeIgniter\Router\RouteCollection))
 6 APPPATH\Config\Routes\AdminRoutes.php(28): CodeIgniter\Router\RouteCollection->group('admin', [...], Object(Closure))
 7 APPPATH\Config\Routes.php(20): App\Config\Routes\AdminRoutes::init(Object(CodeIgniter\Router\RouteCollection))
 8 SYSTEMPATH\Router\RouteCollection.php(340): require('C:\\xampp\\htdocs\\smartstore\\app\\Config\\Routes.php')
 9 SYSTEMPATH\CodeIgniter.php(823): CodeIgniter\Router\RouteCollection->loadRoutes()
10 SYSTEMPATH\CodeIgniter.php(457): CodeIgniter\CodeIgniter->tryToRouteIt(null)
11 SYSTEMPATH\CodeIgniter.php(355): CodeIgniter\CodeIgniter->handleRequest(null, Object(Config\Cache), false)
12 SYSTEMPATH\Boot.php(325): CodeIgniter\CodeIgniter->run()
13 SYSTEMPATH\Boot.php(67): CodeIgniter\Boot::runCodeIgniter(Object(CodeIgniter\CodeIgniter))
14 FCPATH\index.php(63): CodeIgniter\Boot::bootWeb(Object(Config\Paths))
WARNING - 2025-06-05 13:50:45 --> [DEPRECATED] Passing lowercase HTTP method "post" is deprecated. Use uppercase HTTP method like "POST". in SYSTEMPATH\Router\RouteCollection.php on line 1027.
 1 SYSTEMPATH\Router\RouteCollection.php(1027): trigger_error('Passing lowercase HTTP method "post" is deprecated. Use uppercase HTTP method like "POST".', 16384)
 2 APPPATH\Config\Routes\AdminRoutes.php(65): CodeIgniter\Router\RouteCollection->match([...], 'send_test_mail', 'SettingsController::send_test_mail')
 3 SYSTEMPATH\Router\RouteCollection.php(800): App\Config\Routes\AdminRoutes::App\Config\Routes\{closure}(Object(CodeIgniter\Router\RouteCollection))
 4 APPPATH\Config\Routes\AdminRoutes.php(63): CodeIgniter\Router\RouteCollection->group('settings', [...], Object(Closure))
 5 SYSTEMPATH\Router\RouteCollection.php(800): App\Config\Routes\AdminRoutes::App\Config\Routes\{closure}(Object(CodeIgniter\Router\RouteCollection))
 6 APPPATH\Config\Routes\AdminRoutes.php(28): CodeIgniter\Router\RouteCollection->group('admin', [...], Object(Closure))
 7 APPPATH\Config\Routes.php(20): App\Config\Routes\AdminRoutes::init(Object(CodeIgniter\Router\RouteCollection))
 8 SYSTEMPATH\Router\RouteCollection.php(340): require('C:\\xampp\\htdocs\\smartstore\\app\\Config\\Routes.php')
 9 SYSTEMPATH\CodeIgniter.php(823): CodeIgniter\Router\RouteCollection->loadRoutes()
10 SYSTEMPATH\CodeIgniter.php(457): CodeIgniter\CodeIgniter->tryToRouteIt(null)
11 SYSTEMPATH\CodeIgniter.php(355): CodeIgniter\CodeIgniter->handleRequest(null, Object(Config\Cache), false)
12 SYSTEMPATH\Boot.php(325): CodeIgniter\CodeIgniter->run()
13 SYSTEMPATH\Boot.php(67): CodeIgniter\Boot::runCodeIgniter(Object(CodeIgniter\CodeIgniter))
14 FCPATH\index.php(63): CodeIgniter\Boot::bootWeb(Object(Config\Paths))
WARNING - 2025-06-05 13:50:45 --> [DEPRECATED] Passing lowercase HTTP method "get" is deprecated. Use uppercase HTTP method like "GET". in SYSTEMPATH\Router\RouteCollection.php on line 1027.
 1 SYSTEMPATH\Router\RouteCollection.php(1027): trigger_error('Passing lowercase HTTP method "get" is deprecated. Use uppercase HTTP method like "GET".', 16384)
 2 APPPATH\Config\Routes\AdminRoutes.php(76): CodeIgniter\Router\RouteCollection->match([...], 'elfinder_connector', 'FilemanagerController::elfinder_connector')
 3 SYSTEMPATH\Router\RouteCollection.php(800): App\Config\Routes\AdminRoutes::App\Config\Routes\{closure}(Object(CodeIgniter\Router\RouteCollection))
 4 APPPATH\Config\Routes\AdminRoutes.php(73): CodeIgniter\Router\RouteCollection->group('filemanager', [...], Object(Closure))
 5 SYSTEMPATH\Router\RouteCollection.php(800): App\Config\Routes\AdminRoutes::App\Config\Routes\{closure}(Object(CodeIgniter\Router\RouteCollection))
 6 APPPATH\Config\Routes\AdminRoutes.php(28): CodeIgniter\Router\RouteCollection->group('admin', [...], Object(Closure))
 7 APPPATH\Config\Routes.php(20): App\Config\Routes\AdminRoutes::init(Object(CodeIgniter\Router\RouteCollection))
 8 SYSTEMPATH\Router\RouteCollection.php(340): require('C:\\xampp\\htdocs\\smartstore\\app\\Config\\Routes.php')
 9 SYSTEMPATH\CodeIgniter.php(823): CodeIgniter\Router\RouteCollection->loadRoutes()
10 SYSTEMPATH\CodeIgniter.php(457): CodeIgniter\CodeIgniter->tryToRouteIt(null)
11 SYSTEMPATH\CodeIgniter.php(355): CodeIgniter\CodeIgniter->handleRequest(null, Object(Config\Cache), false)
12 SYSTEMPATH\Boot.php(325): CodeIgniter\CodeIgniter->run()
13 SYSTEMPATH\Boot.php(67): CodeIgniter\Boot::runCodeIgniter(Object(CodeIgniter\CodeIgniter))
14 FCPATH\index.php(63): CodeIgniter\Boot::bootWeb(Object(Config\Paths))
WARNING - 2025-06-05 13:50:45 --> [DEPRECATED] Passing lowercase HTTP method "post" is deprecated. Use uppercase HTTP method like "POST". in SYSTEMPATH\Router\RouteCollection.php on line 1027.
 1 SYSTEMPATH\Router\RouteCollection.php(1027): trigger_error('Passing lowercase HTTP method "post" is deprecated. Use uppercase HTTP method like "POST".', 16384)
 2 APPPATH\Config\Routes\AdminRoutes.php(76): CodeIgniter\Router\RouteCollection->match([...], 'elfinder_connector', 'FilemanagerController::elfinder_connector')
 3 SYSTEMPATH\Router\RouteCollection.php(800): App\Config\Routes\AdminRoutes::App\Config\Routes\{closure}(Object(CodeIgniter\Router\RouteCollection))
 4 APPPATH\Config\Routes\AdminRoutes.php(73): CodeIgniter\Router\RouteCollection->group('filemanager', [...], Object(Closure))
 5 SYSTEMPATH\Router\RouteCollection.php(800): App\Config\Routes\AdminRoutes::App\Config\Routes\{closure}(Object(CodeIgniter\Router\RouteCollection))
 6 APPPATH\Config\Routes\AdminRoutes.php(28): CodeIgniter\Router\RouteCollection->group('admin', [...], Object(Closure))
 7 APPPATH\Config\Routes.php(20): App\Config\Routes\AdminRoutes::init(Object(CodeIgniter\Router\RouteCollection))
 8 SYSTEMPATH\Router\RouteCollection.php(340): require('C:\\xampp\\htdocs\\smartstore\\app\\Config\\Routes.php')
 9 SYSTEMPATH\CodeIgniter.php(823): CodeIgniter\Router\RouteCollection->loadRoutes()
10 SYSTEMPATH\CodeIgniter.php(457): CodeIgniter\CodeIgniter->tryToRouteIt(null)
11 SYSTEMPATH\CodeIgniter.php(355): CodeIgniter\CodeIgniter->handleRequest(null, Object(Config\Cache), false)
12 SYSTEMPATH\Boot.php(325): CodeIgniter\CodeIgniter->run()
13 SYSTEMPATH\Boot.php(67): CodeIgniter\Boot::runCodeIgniter(Object(CodeIgniter\CodeIgniter))
14 FCPATH\index.php(63): CodeIgniter\Boot::bootWeb(Object(Config\Paths))
WARNING - 2025-06-05 13:50:45 --> [DEPRECATED] Passing lowercase HTTP method "get" is deprecated. Use uppercase HTTP method like "GET". in SYSTEMPATH\Router\RouteCollection.php on line 1027.
 1 SYSTEMPATH\Router\RouteCollection.php(1027): trigger_error('Passing lowercase HTTP method "get" is deprecated. Use uppercase HTTP method like "GET".', 16384)
 2 APPPATH\Config\Routes\AdminRoutes.php(172): CodeIgniter\Router\RouteCollection->match([...], 'sync_services/?(:num)?', 'ProvidersController::sync_services/$1')
 3 SYSTEMPATH\Router\RouteCollection.php(800): App\Config\Routes\AdminRoutes::App\Config\Routes\{closure}(Object(CodeIgniter\Router\RouteCollection))
 4 APPPATH\Config\Routes\AdminRoutes.php(167): CodeIgniter\Router\RouteCollection->group('providers', [...], Object(Closure))
 5 SYSTEMPATH\Router\RouteCollection.php(800): App\Config\Routes\AdminRoutes::App\Config\Routes\{closure}(Object(CodeIgniter\Router\RouteCollection))
 6 APPPATH\Config\Routes\AdminRoutes.php(28): CodeIgniter\Router\RouteCollection->group('admin', [...], Object(Closure))
 7 APPPATH\Config\Routes.php(20): App\Config\Routes\AdminRoutes::init(Object(CodeIgniter\Router\RouteCollection))
 8 SYSTEMPATH\Router\RouteCollection.php(340): require('C:\\xampp\\htdocs\\smartstore\\app\\Config\\Routes.php')
 9 SYSTEMPATH\CodeIgniter.php(823): CodeIgniter\Router\RouteCollection->loadRoutes()
10 SYSTEMPATH\CodeIgniter.php(457): CodeIgniter\CodeIgniter->tryToRouteIt(null)
11 SYSTEMPATH\CodeIgniter.php(355): CodeIgniter\CodeIgniter->handleRequest(null, Object(Config\Cache), false)
12 SYSTEMPATH\Boot.php(325): CodeIgniter\CodeIgniter->run()
13 SYSTEMPATH\Boot.php(67): CodeIgniter\Boot::runCodeIgniter(Object(CodeIgniter\CodeIgniter))
14 FCPATH\index.php(63): CodeIgniter\Boot::bootWeb(Object(Config\Paths))
WARNING - 2025-06-05 13:50:45 --> [DEPRECATED] Passing lowercase HTTP method "post" is deprecated. Use uppercase HTTP method like "POST". in SYSTEMPATH\Router\RouteCollection.php on line 1027.
 1 SYSTEMPATH\Router\RouteCollection.php(1027): trigger_error('Passing lowercase HTTP method "post" is deprecated. Use uppercase HTTP method like "POST".', 16384)
 2 APPPATH\Config\Routes\AdminRoutes.php(172): CodeIgniter\Router\RouteCollection->match([...], 'sync_services/?(:num)?', 'ProvidersController::sync_services/$1')
 3 SYSTEMPATH\Router\RouteCollection.php(800): App\Config\Routes\AdminRoutes::App\Config\Routes\{closure}(Object(CodeIgniter\Router\RouteCollection))
 4 APPPATH\Config\Routes\AdminRoutes.php(167): CodeIgniter\Router\RouteCollection->group('providers', [...], Object(Closure))
 5 SYSTEMPATH\Router\RouteCollection.php(800): App\Config\Routes\AdminRoutes::App\Config\Routes\{closure}(Object(CodeIgniter\Router\RouteCollection))
 6 APPPATH\Config\Routes\AdminRoutes.php(28): CodeIgniter\Router\RouteCollection->group('admin', [...], Object(Closure))
 7 APPPATH\Config\Routes.php(20): App\Config\Routes\AdminRoutes::init(Object(CodeIgniter\Router\RouteCollection))
 8 SYSTEMPATH\Router\RouteCollection.php(340): require('C:\\xampp\\htdocs\\smartstore\\app\\Config\\Routes.php')
 9 SYSTEMPATH\CodeIgniter.php(823): CodeIgniter\Router\RouteCollection->loadRoutes()
10 SYSTEMPATH\CodeIgniter.php(457): CodeIgniter\CodeIgniter->tryToRouteIt(null)
11 SYSTEMPATH\CodeIgniter.php(355): CodeIgniter\CodeIgniter->handleRequest(null, Object(Config\Cache), false)
12 SYSTEMPATH\Boot.php(325): CodeIgniter\CodeIgniter->run()
13 SYSTEMPATH\Boot.php(67): CodeIgniter\Boot::runCodeIgniter(Object(CodeIgniter\CodeIgniter))
14 FCPATH\index.php(63): CodeIgniter\Boot::bootWeb(Object(Config\Paths))
WARNING - 2025-06-05 13:50:45 --> [DEPRECATED] Passing lowercase HTTP method "get" is deprecated. Use uppercase HTTP method like "GET". in SYSTEMPATH\Router\RouteCollection.php on line 1027.
 1 SYSTEMPATH\Router\RouteCollection.php(1027): trigger_error('Passing lowercase HTTP method "get" is deprecated. Use uppercase HTTP method like "GET".', 16384)
 2 APPPATH\Config\Routes\AdminRoutes.php(185): CodeIgniter\Router\RouteCollection->match([...], 'add_note/?(:num)?', 'UsersController::add_note/$1')
 3 SYSTEMPATH\Router\RouteCollection.php(800): App\Config\Routes\AdminRoutes::App\Config\Routes\{closure}(Object(CodeIgniter\Router\RouteCollection))
 4 APPPATH\Config\Routes\AdminRoutes.php(182): CodeIgniter\Router\RouteCollection->group('users', [...], Object(Closure))
 5 SYSTEMPATH\Router\RouteCollection.php(800): App\Config\Routes\AdminRoutes::App\Config\Routes\{closure}(Object(CodeIgniter\Router\RouteCollection))
 6 APPPATH\Config\Routes\AdminRoutes.php(28): CodeIgniter\Router\RouteCollection->group('admin', [...], Object(Closure))
 7 APPPATH\Config\Routes.php(20): App\Config\Routes\AdminRoutes::init(Object(CodeIgniter\Router\RouteCollection))
 8 SYSTEMPATH\Router\RouteCollection.php(340): require('C:\\xampp\\htdocs\\smartstore\\app\\Config\\Routes.php')
 9 SYSTEMPATH\CodeIgniter.php(823): CodeIgniter\Router\RouteCollection->loadRoutes()
10 SYSTEMPATH\CodeIgniter.php(457): CodeIgniter\CodeIgniter->tryToRouteIt(null)
11 SYSTEMPATH\CodeIgniter.php(355): CodeIgniter\CodeIgniter->handleRequest(null, Object(Config\Cache), false)
12 SYSTEMPATH\Boot.php(325): CodeIgniter\CodeIgniter->run()
13 SYSTEMPATH\Boot.php(67): CodeIgniter\Boot::runCodeIgniter(Object(CodeIgniter\CodeIgniter))
14 FCPATH\index.php(63): CodeIgniter\Boot::bootWeb(Object(Config\Paths))
WARNING - 2025-06-05 13:50:45 --> [DEPRECATED] Passing lowercase HTTP method "post" is deprecated. Use uppercase HTTP method like "POST". in SYSTEMPATH\Router\RouteCollection.php on line 1027.
 1 SYSTEMPATH\Router\RouteCollection.php(1027): trigger_error('Passing lowercase HTTP method "post" is deprecated. Use uppercase HTTP method like "POST".', 16384)
 2 APPPATH\Config\Routes\AdminRoutes.php(185): CodeIgniter\Router\RouteCollection->match([...], 'add_note/?(:num)?', 'UsersController::add_note/$1')
 3 SYSTEMPATH\Router\RouteCollection.php(800): App\Config\Routes\AdminRoutes::App\Config\Routes\{closure}(Object(CodeIgniter\Router\RouteCollection))
 4 APPPATH\Config\Routes\AdminRoutes.php(182): CodeIgniter\Router\RouteCollection->group('users', [...], Object(Closure))
 5 SYSTEMPATH\Router\RouteCollection.php(800): App\Config\Routes\AdminRoutes::App\Config\Routes\{closure}(Object(CodeIgniter\Router\RouteCollection))
 6 APPPATH\Config\Routes\AdminRoutes.php(28): CodeIgniter\Router\RouteCollection->group('admin', [...], Object(Closure))
 7 APPPATH\Config\Routes.php(20): App\Config\Routes\AdminRoutes::init(Object(CodeIgniter\Router\RouteCollection))
 8 SYSTEMPATH\Router\RouteCollection.php(340): require('C:\\xampp\\htdocs\\smartstore\\app\\Config\\Routes.php')
 9 SYSTEMPATH\CodeIgniter.php(823): CodeIgniter\Router\RouteCollection->loadRoutes()
10 SYSTEMPATH\CodeIgniter.php(457): CodeIgniter\CodeIgniter->tryToRouteIt(null)
11 SYSTEMPATH\CodeIgniter.php(355): CodeIgniter\CodeIgniter->handleRequest(null, Object(Config\Cache), false)
12 SYSTEMPATH\Boot.php(325): CodeIgniter\CodeIgniter->run()
13 SYSTEMPATH\Boot.php(67): CodeIgniter\Boot::runCodeIgniter(Object(CodeIgniter\CodeIgniter))
14 FCPATH\index.php(63): CodeIgniter\Boot::bootWeb(Object(Config\Paths))
WARNING - 2025-06-05 13:50:46 --> [DEPRECATED] Passing lowercase HTTP method "get" is deprecated. Use uppercase HTTP method like "GET". in SYSTEMPATH\Router\RouteCollection.php on line 1027.
 1 SYSTEMPATH\Router\RouteCollection.php(1027): trigger_error('Passing lowercase HTTP method "get" is deprecated. Use uppercase HTTP method like "GET".', 16384)
 2 APPPATH\Config\Routes\AdminRoutes.php(186): CodeIgniter\Router\RouteCollection->match([...], 'send_mail/?(:num)?', 'UsersController::send_mail/$1')
 3 SYSTEMPATH\Router\RouteCollection.php(800): App\Config\Routes\AdminRoutes::App\Config\Routes\{closure}(Object(CodeIgniter\Router\RouteCollection))
 4 APPPATH\Config\Routes\AdminRoutes.php(182): CodeIgniter\Router\RouteCollection->group('users', [...], Object(Closure))
 5 SYSTEMPATH\Router\RouteCollection.php(800): App\Config\Routes\AdminRoutes::App\Config\Routes\{closure}(Object(CodeIgniter\Router\RouteCollection))
 6 APPPATH\Config\Routes\AdminRoutes.php(28): CodeIgniter\Router\RouteCollection->group('admin', [...], Object(Closure))
 7 APPPATH\Config\Routes.php(20): App\Config\Routes\AdminRoutes::init(Object(CodeIgniter\Router\RouteCollection))
 8 SYSTEMPATH\Router\RouteCollection.php(340): require('C:\\xampp\\htdocs\\smartstore\\app\\Config\\Routes.php')
 9 SYSTEMPATH\CodeIgniter.php(823): CodeIgniter\Router\RouteCollection->loadRoutes()
10 SYSTEMPATH\CodeIgniter.php(457): CodeIgniter\CodeIgniter->tryToRouteIt(null)
11 SYSTEMPATH\CodeIgniter.php(355): CodeIgniter\CodeIgniter->handleRequest(null, Object(Config\Cache), false)
12 SYSTEMPATH\Boot.php(325): CodeIgniter\CodeIgniter->run()
13 SYSTEMPATH\Boot.php(67): CodeIgniter\Boot::runCodeIgniter(Object(CodeIgniter\CodeIgniter))
14 FCPATH\index.php(63): CodeIgniter\Boot::bootWeb(Object(Config\Paths))
WARNING - 2025-06-05 13:50:46 --> [DEPRECATED] Passing lowercase HTTP method "post" is deprecated. Use uppercase HTTP method like "POST". in SYSTEMPATH\Router\RouteCollection.php on line 1027.
 1 SYSTEMPATH\Router\RouteCollection.php(1027): trigger_error('Passing lowercase HTTP method "post" is deprecated. Use uppercase HTTP method like "POST".', 16384)
 2 APPPATH\Config\Routes\AdminRoutes.php(186): CodeIgniter\Router\RouteCollection->match([...], 'send_mail/?(:num)?', 'UsersController::send_mail/$1')
 3 SYSTEMPATH\Router\RouteCollection.php(800): App\Config\Routes\AdminRoutes::App\Config\Routes\{closure}(Object(CodeIgniter\Router\RouteCollection))
 4 APPPATH\Config\Routes\AdminRoutes.php(182): CodeIgniter\Router\RouteCollection->group('users', [...], Object(Closure))
 5 SYSTEMPATH\Router\RouteCollection.php(800): App\Config\Routes\AdminRoutes::App\Config\Routes\{closure}(Object(CodeIgniter\Router\RouteCollection))
 6 APPPATH\Config\Routes\AdminRoutes.php(28): CodeIgniter\Router\RouteCollection->group('admin', [...], Object(Closure))
 7 APPPATH\Config\Routes.php(20): App\Config\Routes\AdminRoutes::init(Object(CodeIgniter\Router\RouteCollection))
 8 SYSTEMPATH\Router\RouteCollection.php(340): require('C:\\xampp\\htdocs\\smartstore\\app\\Config\\Routes.php')
 9 SYSTEMPATH\CodeIgniter.php(823): CodeIgniter\Router\RouteCollection->loadRoutes()
10 SYSTEMPATH\CodeIgniter.php(457): CodeIgniter\CodeIgniter->tryToRouteIt(null)
11 SYSTEMPATH\CodeIgniter.php(355): CodeIgniter\CodeIgniter->handleRequest(null, Object(Config\Cache), false)
12 SYSTEMPATH\Boot.php(325): CodeIgniter\CodeIgniter->run()
13 SYSTEMPATH\Boot.php(67): CodeIgniter\Boot::runCodeIgniter(Object(CodeIgniter\CodeIgniter))
14 FCPATH\index.php(63): CodeIgniter\Boot::bootWeb(Object(Config\Paths))
WARNING - 2025-06-05 13:50:46 --> [DEPRECATED] Passing lowercase HTTP method "get" is deprecated. Use uppercase HTTP method like "GET". in SYSTEMPATH\Router\RouteCollection.php on line 1027.
 1 SYSTEMPATH\Router\RouteCollection.php(1027): trigger_error('Passing lowercase HTTP method "get" is deprecated. Use uppercase HTTP method like "GET".', 16384)
 2 APPPATH\Config\Routes\AdminRoutes.php(215): CodeIgniter\Router\RouteCollection->match([...], 'send_mail/?(:num)?', 'TicketsController::send_mail/$1')
 3 SYSTEMPATH\Router\RouteCollection.php(800): App\Config\Routes\AdminRoutes::App\Config\Routes\{closure}(Object(CodeIgniter\Router\RouteCollection))
 4 APPPATH\Config\Routes\AdminRoutes.php(212): CodeIgniter\Router\RouteCollection->group('tickets', [...], Object(Closure))
 5 SYSTEMPATH\Router\RouteCollection.php(800): App\Config\Routes\AdminRoutes::App\Config\Routes\{closure}(Object(CodeIgniter\Router\RouteCollection))
 6 APPPATH\Config\Routes\AdminRoutes.php(28): CodeIgniter\Router\RouteCollection->group('admin', [...], Object(Closure))
 7 APPPATH\Config\Routes.php(20): App\Config\Routes\AdminRoutes::init(Object(CodeIgniter\Router\RouteCollection))
 8 SYSTEMPATH\Router\RouteCollection.php(340): require('C:\\xampp\\htdocs\\smartstore\\app\\Config\\Routes.php')
 9 SYSTEMPATH\CodeIgniter.php(823): CodeIgniter\Router\RouteCollection->loadRoutes()
10 SYSTEMPATH\CodeIgniter.php(457): CodeIgniter\CodeIgniter->tryToRouteIt(null)
11 SYSTEMPATH\CodeIgniter.php(355): CodeIgniter\CodeIgniter->handleRequest(null, Object(Config\Cache), false)
12 SYSTEMPATH\Boot.php(325): CodeIgniter\CodeIgniter->run()
13 SYSTEMPATH\Boot.php(67): CodeIgniter\Boot::runCodeIgniter(Object(CodeIgniter\CodeIgniter))
14 FCPATH\index.php(63): CodeIgniter\Boot::bootWeb(Object(Config\Paths))
WARNING - 2025-06-05 13:50:46 --> [DEPRECATED] Passing lowercase HTTP method "post" is deprecated. Use uppercase HTTP method like "POST". in SYSTEMPATH\Router\RouteCollection.php on line 1027.
 1 SYSTEMPATH\Router\RouteCollection.php(1027): trigger_error('Passing lowercase HTTP method "post" is deprecated. Use uppercase HTTP method like "POST".', 16384)
 2 APPPATH\Config\Routes\AdminRoutes.php(215): CodeIgniter\Router\RouteCollection->match([...], 'send_mail/?(:num)?', 'TicketsController::send_mail/$1')
 3 SYSTEMPATH\Router\RouteCollection.php(800): App\Config\Routes\AdminRoutes::App\Config\Routes\{closure}(Object(CodeIgniter\Router\RouteCollection))
 4 APPPATH\Config\Routes\AdminRoutes.php(212): CodeIgniter\Router\RouteCollection->group('tickets', [...], Object(Closure))
 5 SYSTEMPATH\Router\RouteCollection.php(800): App\Config\Routes\AdminRoutes::App\Config\Routes\{closure}(Object(CodeIgniter\Router\RouteCollection))
 6 APPPATH\Config\Routes\AdminRoutes.php(28): CodeIgniter\Router\RouteCollection->group('admin', [...], Object(Closure))
 7 APPPATH\Config\Routes.php(20): App\Config\Routes\AdminRoutes::init(Object(CodeIgniter\Router\RouteCollection))
 8 SYSTEMPATH\Router\RouteCollection.php(340): require('C:\\xampp\\htdocs\\smartstore\\app\\Config\\Routes.php')
 9 SYSTEMPATH\CodeIgniter.php(823): CodeIgniter\Router\RouteCollection->loadRoutes()
10 SYSTEMPATH\CodeIgniter.php(457): CodeIgniter\CodeIgniter->tryToRouteIt(null)
11 SYSTEMPATH\CodeIgniter.php(355): CodeIgniter\CodeIgniter->handleRequest(null, Object(Config\Cache), false)
12 SYSTEMPATH\Boot.php(325): CodeIgniter\CodeIgniter->run()
13 SYSTEMPATH\Boot.php(67): CodeIgniter\Boot::runCodeIgniter(Object(CodeIgniter\CodeIgniter))
14 FCPATH\index.php(63): CodeIgniter\Boot::bootWeb(Object(Config\Paths))
WARNING - 2025-06-05 13:50:46 --> [DEPRECATED] Passing lowercase HTTP method "get" is deprecated. Use uppercase HTTP method like "GET". in SYSTEMPATH\Router\RouteCollection.php on line 1027.
 1 SYSTEMPATH\Router\RouteCollection.php(1027): trigger_error('Passing lowercase HTTP method "get" is deprecated. Use uppercase HTTP method like "GET".', 16384)
 2 APPPATH\Config\Routes\UserRoutes.php(49): CodeIgniter\Router\RouteCollection->match([...], 'submit_review', 'ClientController::submit_review', [...])
 3 APPPATH\Config\Routes\UserRoutes.php(23): App\Config\Routes\UserRoutes::defineRoutes(Object(CodeIgniter\Router\RouteCollection))
 4 APPPATH\Config\Routes.php(21): App\Config\Routes\UserRoutes::init(Object(CodeIgniter\Router\RouteCollection))
 5 SYSTEMPATH\Router\RouteCollection.php(340): require('C:\\xampp\\htdocs\\smartstore\\app\\Config\\Routes.php')
 6 SYSTEMPATH\CodeIgniter.php(823): CodeIgniter\Router\RouteCollection->loadRoutes()
 7 SYSTEMPATH\CodeIgniter.php(457): CodeIgniter\CodeIgniter->tryToRouteIt(null)
 8 SYSTEMPATH\CodeIgniter.php(355): CodeIgniter\CodeIgniter->handleRequest(null, Object(Config\Cache), false)
 9 SYSTEMPATH\Boot.php(325): CodeIgniter\CodeIgniter->run()
10 SYSTEMPATH\Boot.php(67): CodeIgniter\Boot::runCodeIgniter(Object(CodeIgniter\CodeIgniter))
11 FCPATH\index.php(63): CodeIgniter\Boot::bootWeb(Object(Config\Paths))
WARNING - 2025-06-05 13:50:46 --> [DEPRECATED] Passing lowercase HTTP method "post" is deprecated. Use uppercase HTTP method like "POST". in SYSTEMPATH\Router\RouteCollection.php on line 1027.
 1 SYSTEMPATH\Router\RouteCollection.php(1027): trigger_error('Passing lowercase HTTP method "post" is deprecated. Use uppercase HTTP method like "POST".', 16384)
 2 APPPATH\Config\Routes\UserRoutes.php(49): CodeIgniter\Router\RouteCollection->match([...], 'submit_review', 'ClientController::submit_review', [...])
 3 APPPATH\Config\Routes\UserRoutes.php(23): App\Config\Routes\UserRoutes::defineRoutes(Object(CodeIgniter\Router\RouteCollection))
 4 APPPATH\Config\Routes.php(21): App\Config\Routes\UserRoutes::init(Object(CodeIgniter\Router\RouteCollection))
 5 SYSTEMPATH\Router\RouteCollection.php(340): require('C:\\xampp\\htdocs\\smartstore\\app\\Config\\Routes.php')
 6 SYSTEMPATH\CodeIgniter.php(823): CodeIgniter\Router\RouteCollection->loadRoutes()
 7 SYSTEMPATH\CodeIgniter.php(457): CodeIgniter\CodeIgniter->tryToRouteIt(null)
 8 SYSTEMPATH\CodeIgniter.php(355): CodeIgniter\CodeIgniter->handleRequest(null, Object(Config\Cache), false)
 9 SYSTEMPATH\Boot.php(325): CodeIgniter\CodeIgniter->run()
10 SYSTEMPATH\Boot.php(67): CodeIgniter\Boot::runCodeIgniter(Object(CodeIgniter\CodeIgniter))
11 FCPATH\index.php(63): CodeIgniter\Boot::bootWeb(Object(Config\Paths))
WARNING - 2025-06-05 13:50:46 --> [DEPRECATED] Passing lowercase HTTP method "get" is deprecated. Use uppercase HTTP method like "GET". in SYSTEMPATH\Router\RouteCollection.php on line 1027.
 1 SYSTEMPATH\Router\RouteCollection.php(1027): trigger_error('Passing lowercase HTTP method "get" is deprecated. Use uppercase HTTP method like "GET".', 16384)
 2 APPPATH\Config\Routes\UserRoutes.php(63): CodeIgniter\Router\RouteCollection->match([...], 'track-order', 'OrderController::track_order', [...])
 3 APPPATH\Config\Routes\UserRoutes.php(23): App\Config\Routes\UserRoutes::defineRoutes(Object(CodeIgniter\Router\RouteCollection))
 4 APPPATH\Config\Routes.php(21): App\Config\Routes\UserRoutes::init(Object(CodeIgniter\Router\RouteCollection))
 5 SYSTEMPATH\Router\RouteCollection.php(340): require('C:\\xampp\\htdocs\\smartstore\\app\\Config\\Routes.php')
 6 SYSTEMPATH\CodeIgniter.php(823): CodeIgniter\Router\RouteCollection->loadRoutes()
 7 SYSTEMPATH\CodeIgniter.php(457): CodeIgniter\CodeIgniter->tryToRouteIt(null)
 8 SYSTEMPATH\CodeIgniter.php(355): CodeIgniter\CodeIgniter->handleRequest(null, Object(Config\Cache), false)
 9 SYSTEMPATH\Boot.php(325): CodeIgniter\CodeIgniter->run()
10 SYSTEMPATH\Boot.php(67): CodeIgniter\Boot::runCodeIgniter(Object(CodeIgniter\CodeIgniter))
11 FCPATH\index.php(63): CodeIgniter\Boot::bootWeb(Object(Config\Paths))
WARNING - 2025-06-05 13:50:46 --> [DEPRECATED] Passing lowercase HTTP method "post" is deprecated. Use uppercase HTTP method like "POST". in SYSTEMPATH\Router\RouteCollection.php on line 1027.
 1 SYSTEMPATH\Router\RouteCollection.php(1027): trigger_error('Passing lowercase HTTP method "post" is deprecated. Use uppercase HTTP method like "POST".', 16384)
 2 APPPATH\Config\Routes\UserRoutes.php(63): CodeIgniter\Router\RouteCollection->match([...], 'track-order', 'OrderController::track_order', [...])
 3 APPPATH\Config\Routes\UserRoutes.php(23): App\Config\Routes\UserRoutes::defineRoutes(Object(CodeIgniter\Router\RouteCollection))
 4 APPPATH\Config\Routes.php(21): App\Config\Routes\UserRoutes::init(Object(CodeIgniter\Router\RouteCollection))
 5 SYSTEMPATH\Router\RouteCollection.php(340): require('C:\\xampp\\htdocs\\smartstore\\app\\Config\\Routes.php')
 6 SYSTEMPATH\CodeIgniter.php(823): CodeIgniter\Router\RouteCollection->loadRoutes()
 7 SYSTEMPATH\CodeIgniter.php(457): CodeIgniter\CodeIgniter->tryToRouteIt(null)
 8 SYSTEMPATH\CodeIgniter.php(355): CodeIgniter\CodeIgniter->handleRequest(null, Object(Config\Cache), false)
 9 SYSTEMPATH\Boot.php(325): CodeIgniter\CodeIgniter->run()
10 SYSTEMPATH\Boot.php(67): CodeIgniter\Boot::runCodeIgniter(Object(CodeIgniter\CodeIgniter))
11 FCPATH\index.php(63): CodeIgniter\Boot::bootWeb(Object(Config\Paths))
WARNING - 2025-06-05 13:50:46 --> [DEPRECATED] Passing lowercase HTTP method "get" is deprecated. Use uppercase HTTP method like "GET". in SYSTEMPATH\Router\RouteCollection.php on line 1027.
 1 SYSTEMPATH\Router\RouteCollection.php(1027): trigger_error('Passing lowercase HTTP method "get" is deprecated. Use uppercase HTTP method like "GET".', 16384)
 2 APPPATH\Config\Routes\UserRoutes.php(49): CodeIgniter\Router\RouteCollection->match([...], 'submit_review', 'ClientController::submit_review', [...])
 3 APPPATH\Config\Routes\UserRoutes.php(26): App\Config\Routes\UserRoutes::defineRoutes(Object(CodeIgniter\Router\RouteCollection))
 4 SYSTEMPATH\Router\RouteCollection.php(800): App\Config\Routes\UserRoutes::App\Config\Routes\{closure}(Object(CodeIgniter\Router\RouteCollection))
 5 APPPATH\Config\Routes\UserRoutes.php(25): CodeIgniter\Router\RouteCollection->group('{locale}', Object(Closure))
 6 APPPATH\Config\Routes.php(21): App\Config\Routes\UserRoutes::init(Object(CodeIgniter\Router\RouteCollection))
 7 SYSTEMPATH\Router\RouteCollection.php(340): require('C:\\xampp\\htdocs\\smartstore\\app\\Config\\Routes.php')
 8 SYSTEMPATH\CodeIgniter.php(823): CodeIgniter\Router\RouteCollection->loadRoutes()
 9 SYSTEMPATH\CodeIgniter.php(457): CodeIgniter\CodeIgniter->tryToRouteIt(null)
10 SYSTEMPATH\CodeIgniter.php(355): CodeIgniter\CodeIgniter->handleRequest(null, Object(Config\Cache), false)
11 SYSTEMPATH\Boot.php(325): CodeIgniter\CodeIgniter->run()
12 SYSTEMPATH\Boot.php(67): CodeIgniter\Boot::runCodeIgniter(Object(CodeIgniter\CodeIgniter))
13 FCPATH\index.php(63): CodeIgniter\Boot::bootWeb(Object(Config\Paths))
WARNING - 2025-06-05 13:50:46 --> [DEPRECATED] Passing lowercase HTTP method "post" is deprecated. Use uppercase HTTP method like "POST". in SYSTEMPATH\Router\RouteCollection.php on line 1027.
 1 SYSTEMPATH\Router\RouteCollection.php(1027): trigger_error('Passing lowercase HTTP method "post" is deprecated. Use uppercase HTTP method like "POST".', 16384)
 2 APPPATH\Config\Routes\UserRoutes.php(49): CodeIgniter\Router\RouteCollection->match([...], 'submit_review', 'ClientController::submit_review', [...])
 3 APPPATH\Config\Routes\UserRoutes.php(26): App\Config\Routes\UserRoutes::defineRoutes(Object(CodeIgniter\Router\RouteCollection))
 4 SYSTEMPATH\Router\RouteCollection.php(800): App\Config\Routes\UserRoutes::App\Config\Routes\{closure}(Object(CodeIgniter\Router\RouteCollection))
 5 APPPATH\Config\Routes\UserRoutes.php(25): CodeIgniter\Router\RouteCollection->group('{locale}', Object(Closure))
 6 APPPATH\Config\Routes.php(21): App\Config\Routes\UserRoutes::init(Object(CodeIgniter\Router\RouteCollection))
 7 SYSTEMPATH\Router\RouteCollection.php(340): require('C:\\xampp\\htdocs\\smartstore\\app\\Config\\Routes.php')
 8 SYSTEMPATH\CodeIgniter.php(823): CodeIgniter\Router\RouteCollection->loadRoutes()
 9 SYSTEMPATH\CodeIgniter.php(457): CodeIgniter\CodeIgniter->tryToRouteIt(null)
10 SYSTEMPATH\CodeIgniter.php(355): CodeIgniter\CodeIgniter->handleRequest(null, Object(Config\Cache), false)
11 SYSTEMPATH\Boot.php(325): CodeIgniter\CodeIgniter->run()
12 SYSTEMPATH\Boot.php(67): CodeIgniter\Boot::runCodeIgniter(Object(CodeIgniter\CodeIgniter))
13 FCPATH\index.php(63): CodeIgniter\Boot::bootWeb(Object(Config\Paths))
WARNING - 2025-06-05 13:50:46 --> [DEPRECATED] Passing lowercase HTTP method "get" is deprecated. Use uppercase HTTP method like "GET". in SYSTEMPATH\Router\RouteCollection.php on line 1027.
 1 SYSTEMPATH\Router\RouteCollection.php(1027): trigger_error('Passing lowercase HTTP method "get" is deprecated. Use uppercase HTTP method like "GET".', 16384)
 2 APPPATH\Config\Routes\UserRoutes.php(63): CodeIgniter\Router\RouteCollection->match([...], 'track-order', 'OrderController::track_order', [...])
 3 APPPATH\Config\Routes\UserRoutes.php(26): App\Config\Routes\UserRoutes::defineRoutes(Object(CodeIgniter\Router\RouteCollection))
 4 SYSTEMPATH\Router\RouteCollection.php(800): App\Config\Routes\UserRoutes::App\Config\Routes\{closure}(Object(CodeIgniter\Router\RouteCollection))
 5 APPPATH\Config\Routes\UserRoutes.php(25): CodeIgniter\Router\RouteCollection->group('{locale}', Object(Closure))
 6 APPPATH\Config\Routes.php(21): App\Config\Routes\UserRoutes::init(Object(CodeIgniter\Router\RouteCollection))
 7 SYSTEMPATH\Router\RouteCollection.php(340): require('C:\\xampp\\htdocs\\smartstore\\app\\Config\\Routes.php')
 8 SYSTEMPATH\CodeIgniter.php(823): CodeIgniter\Router\RouteCollection->loadRoutes()
 9 SYSTEMPATH\CodeIgniter.php(457): CodeIgniter\CodeIgniter->tryToRouteIt(null)
10 SYSTEMPATH\CodeIgniter.php(355): CodeIgniter\CodeIgniter->handleRequest(null, Object(Config\Cache), false)
11 SYSTEMPATH\Boot.php(325): CodeIgniter\CodeIgniter->run()
12 SYSTEMPATH\Boot.php(67): CodeIgniter\Boot::runCodeIgniter(Object(CodeIgniter\CodeIgniter))
13 FCPATH\index.php(63): CodeIgniter\Boot::bootWeb(Object(Config\Paths))
WARNING - 2025-06-05 13:50:46 --> [DEPRECATED] Passing lowercase HTTP method "post" is deprecated. Use uppercase HTTP method like "POST". in SYSTEMPATH\Router\RouteCollection.php on line 1027.
 1 SYSTEMPATH\Router\RouteCollection.php(1027): trigger_error('Passing lowercase HTTP method "post" is deprecated. Use uppercase HTTP method like "POST".', 16384)
 2 APPPATH\Config\Routes\UserRoutes.php(63): CodeIgniter\Router\RouteCollection->match([...], 'track-order', 'OrderController::track_order', [...])
 3 APPPATH\Config\Routes\UserRoutes.php(26): App\Config\Routes\UserRoutes::defineRoutes(Object(CodeIgniter\Router\RouteCollection))
 4 SYSTEMPATH\Router\RouteCollection.php(800): App\Config\Routes\UserRoutes::App\Config\Routes\{closure}(Object(CodeIgniter\Router\RouteCollection))
 5 APPPATH\Config\Routes\UserRoutes.php(25): CodeIgniter\Router\RouteCollection->group('{locale}', Object(Closure))
 6 APPPATH\Config\Routes.php(21): App\Config\Routes\UserRoutes::init(Object(CodeIgniter\Router\RouteCollection))
 7 SYSTEMPATH\Router\RouteCollection.php(340): require('C:\\xampp\\htdocs\\smartstore\\app\\Config\\Routes.php')
 8 SYSTEMPATH\CodeIgniter.php(823): CodeIgniter\Router\RouteCollection->loadRoutes()
 9 SYSTEMPATH\CodeIgniter.php(457): CodeIgniter\CodeIgniter->tryToRouteIt(null)
10 SYSTEMPATH\CodeIgniter.php(355): CodeIgniter\CodeIgniter->handleRequest(null, Object(Config\Cache), false)
11 SYSTEMPATH\Boot.php(325): CodeIgniter\CodeIgniter->run()
12 SYSTEMPATH\Boot.php(67): CodeIgniter\Boot::runCodeIgniter(Object(CodeIgniter\CodeIgniter))
13 FCPATH\index.php(63): CodeIgniter\Boot::bootWeb(Object(Config\Paths))
INFO - 2025-06-05 13:50:46 --> Session: Class initialized using 'CodeIgniter\Session\Handlers\FileHandler' driver.
WARNING - 2025-06-05 13:50:48 --> [DEPRECATED] Creation of dynamic property App\Controllers\Public\PageController::$load_files is deprecated in APPPATH\Controllers\Public\PageController.php on line 21.
 1 SYSTEMPATH\CodeIgniter.php(903): App\Controllers\Public\PageController->__construct()
 2 SYSTEMPATH\CodeIgniter.php(500): CodeIgniter\CodeIgniter->createController()
 3 SYSTEMPATH\CodeIgniter.php(355): CodeIgniter\CodeIgniter->handleRequest(null, Object(Config\Cache), false)
 4 SYSTEMPATH\Boot.php(325): CodeIgniter\CodeIgniter->run()
 5 SYSTEMPATH\Boot.php(67): CodeIgniter\Boot::runCodeIgniter(Object(CodeIgniter\CodeIgniter))
 6 FCPATH\index.php(63): CodeIgniter\Boot::bootWeb(Object(Config\Paths))
WARNING - 2025-06-05 13:50:48 --> [DEPRECATED] Creation of dynamic property App\Controllers\Public\PageController::$page_title is deprecated in APPPATH\Controllers\Public\PageController.php on line 22.
 1 SYSTEMPATH\CodeIgniter.php(903): App\Controllers\Public\PageController->__construct()
 2 SYSTEMPATH\CodeIgniter.php(500): CodeIgniter\CodeIgniter->createController()
 3 SYSTEMPATH\CodeIgniter.php(355): CodeIgniter\CodeIgniter->handleRequest(null, Object(Config\Cache), false)
 4 SYSTEMPATH\Boot.php(325): CodeIgniter\CodeIgniter->run()
 5 SYSTEMPATH\Boot.php(67): CodeIgniter\Boot::runCodeIgniter(Object(CodeIgniter\CodeIgniter))
 6 FCPATH\index.php(63): CodeIgniter\Boot::bootWeb(Object(Config\Paths))
WARNING - 2025-06-05 13:51:00 --> [DEPRECATED] Passing lowercase HTTP method "get" is deprecated. Use uppercase HTTP method like "GET". in SYSTEMPATH\Router\RouteCollection.php on line 1027.
 1 SYSTEMPATH\Router\RouteCollection.php(1027): trigger_error('Passing lowercase HTTP method "get" is deprecated. Use uppercase HTTP method like "GET".', 16384)
 2 APPPATH\Config\Routes\AdminRoutes.php(65): CodeIgniter\Router\RouteCollection->match([...], 'send_test_mail', 'SettingsController::send_test_mail')
 3 SYSTEMPATH\Router\RouteCollection.php(800): App\Config\Routes\AdminRoutes::App\Config\Routes\{closure}(Object(CodeIgniter\Router\RouteCollection))
 4 APPPATH\Config\Routes\AdminRoutes.php(63): CodeIgniter\Router\RouteCollection->group('settings', [...], Object(Closure))
 5 SYSTEMPATH\Router\RouteCollection.php(800): App\Config\Routes\AdminRoutes::App\Config\Routes\{closure}(Object(CodeIgniter\Router\RouteCollection))
 6 APPPATH\Config\Routes\AdminRoutes.php(28): CodeIgniter\Router\RouteCollection->group('admin', [...], Object(Closure))
 7 APPPATH\Config\Routes.php(20): App\Config\Routes\AdminRoutes::init(Object(CodeIgniter\Router\RouteCollection))
 8 SYSTEMPATH\Router\RouteCollection.php(340): require('C:\\xampp\\htdocs\\smartstore\\app\\Config\\Routes.php')
 9 SYSTEMPATH\CodeIgniter.php(823): CodeIgniter\Router\RouteCollection->loadRoutes()
10 SYSTEMPATH\CodeIgniter.php(457): CodeIgniter\CodeIgniter->tryToRouteIt(null)
11 SYSTEMPATH\CodeIgniter.php(355): CodeIgniter\CodeIgniter->handleRequest(null, Object(Config\Cache), false)
12 SYSTEMPATH\Boot.php(325): CodeIgniter\CodeIgniter->run()
13 SYSTEMPATH\Boot.php(67): CodeIgniter\Boot::runCodeIgniter(Object(CodeIgniter\CodeIgniter))
14 FCPATH\index.php(63): CodeIgniter\Boot::bootWeb(Object(Config\Paths))
WARNING - 2025-06-05 13:51:00 --> [DEPRECATED] Passing lowercase HTTP method "post" is deprecated. Use uppercase HTTP method like "POST". in SYSTEMPATH\Router\RouteCollection.php on line 1027.
 1 SYSTEMPATH\Router\RouteCollection.php(1027): trigger_error('Passing lowercase HTTP method "post" is deprecated. Use uppercase HTTP method like "POST".', 16384)
 2 APPPATH\Config\Routes\AdminRoutes.php(65): CodeIgniter\Router\RouteCollection->match([...], 'send_test_mail', 'SettingsController::send_test_mail')
 3 SYSTEMPATH\Router\RouteCollection.php(800): App\Config\Routes\AdminRoutes::App\Config\Routes\{closure}(Object(CodeIgniter\Router\RouteCollection))
 4 APPPATH\Config\Routes\AdminRoutes.php(63): CodeIgniter\Router\RouteCollection->group('settings', [...], Object(Closure))
 5 SYSTEMPATH\Router\RouteCollection.php(800): App\Config\Routes\AdminRoutes::App\Config\Routes\{closure}(Object(CodeIgniter\Router\RouteCollection))
 6 APPPATH\Config\Routes\AdminRoutes.php(28): CodeIgniter\Router\RouteCollection->group('admin', [...], Object(Closure))
 7 APPPATH\Config\Routes.php(20): App\Config\Routes\AdminRoutes::init(Object(CodeIgniter\Router\RouteCollection))
 8 SYSTEMPATH\Router\RouteCollection.php(340): require('C:\\xampp\\htdocs\\smartstore\\app\\Config\\Routes.php')
 9 SYSTEMPATH\CodeIgniter.php(823): CodeIgniter\Router\RouteCollection->loadRoutes()
10 SYSTEMPATH\CodeIgniter.php(457): CodeIgniter\CodeIgniter->tryToRouteIt(null)
11 SYSTEMPATH\CodeIgniter.php(355): CodeIgniter\CodeIgniter->handleRequest(null, Object(Config\Cache), false)
12 SYSTEMPATH\Boot.php(325): CodeIgniter\CodeIgniter->run()
13 SYSTEMPATH\Boot.php(67): CodeIgniter\Boot::runCodeIgniter(Object(CodeIgniter\CodeIgniter))
14 FCPATH\index.php(63): CodeIgniter\Boot::bootWeb(Object(Config\Paths))
WARNING - 2025-06-05 13:51:00 --> [DEPRECATED] Passing lowercase HTTP method "get" is deprecated. Use uppercase HTTP method like "GET". in SYSTEMPATH\Router\RouteCollection.php on line 1027.
 1 SYSTEMPATH\Router\RouteCollection.php(1027): trigger_error('Passing lowercase HTTP method "get" is deprecated. Use uppercase HTTP method like "GET".', 16384)
 2 APPPATH\Config\Routes\AdminRoutes.php(76): CodeIgniter\Router\RouteCollection->match([...], 'elfinder_connector', 'FilemanagerController::elfinder_connector')
 3 SYSTEMPATH\Router\RouteCollection.php(800): App\Config\Routes\AdminRoutes::App\Config\Routes\{closure}(Object(CodeIgniter\Router\RouteCollection))
 4 APPPATH\Config\Routes\AdminRoutes.php(73): CodeIgniter\Router\RouteCollection->group('filemanager', [...], Object(Closure))
 5 SYSTEMPATH\Router\RouteCollection.php(800): App\Config\Routes\AdminRoutes::App\Config\Routes\{closure}(Object(CodeIgniter\Router\RouteCollection))
 6 APPPATH\Config\Routes\AdminRoutes.php(28): CodeIgniter\Router\RouteCollection->group('admin', [...], Object(Closure))
 7 APPPATH\Config\Routes.php(20): App\Config\Routes\AdminRoutes::init(Object(CodeIgniter\Router\RouteCollection))
 8 SYSTEMPATH\Router\RouteCollection.php(340): require('C:\\xampp\\htdocs\\smartstore\\app\\Config\\Routes.php')
 9 SYSTEMPATH\CodeIgniter.php(823): CodeIgniter\Router\RouteCollection->loadRoutes()
10 SYSTEMPATH\CodeIgniter.php(457): CodeIgniter\CodeIgniter->tryToRouteIt(null)
11 SYSTEMPATH\CodeIgniter.php(355): CodeIgniter\CodeIgniter->handleRequest(null, Object(Config\Cache), false)
12 SYSTEMPATH\Boot.php(325): CodeIgniter\CodeIgniter->run()
13 SYSTEMPATH\Boot.php(67): CodeIgniter\Boot::runCodeIgniter(Object(CodeIgniter\CodeIgniter))
14 FCPATH\index.php(63): CodeIgniter\Boot::bootWeb(Object(Config\Paths))
WARNING - 2025-06-05 13:51:00 --> [DEPRECATED] Passing lowercase HTTP method "post" is deprecated. Use uppercase HTTP method like "POST". in SYSTEMPATH\Router\RouteCollection.php on line 1027.
 1 SYSTEMPATH\Router\RouteCollection.php(1027): trigger_error('Passing lowercase HTTP method "post" is deprecated. Use uppercase HTTP method like "POST".', 16384)
 2 APPPATH\Config\Routes\AdminRoutes.php(76): CodeIgniter\Router\RouteCollection->match([...], 'elfinder_connector', 'FilemanagerController::elfinder_connector')
 3 SYSTEMPATH\Router\RouteCollection.php(800): App\Config\Routes\AdminRoutes::App\Config\Routes\{closure}(Object(CodeIgniter\Router\RouteCollection))
 4 APPPATH\Config\Routes\AdminRoutes.php(73): CodeIgniter\Router\RouteCollection->group('filemanager', [...], Object(Closure))
 5 SYSTEMPATH\Router\RouteCollection.php(800): App\Config\Routes\AdminRoutes::App\Config\Routes\{closure}(Object(CodeIgniter\Router\RouteCollection))
 6 APPPATH\Config\Routes\AdminRoutes.php(28): CodeIgniter\Router\RouteCollection->group('admin', [...], Object(Closure))
 7 APPPATH\Config\Routes.php(20): App\Config\Routes\AdminRoutes::init(Object(CodeIgniter\Router\RouteCollection))
 8 SYSTEMPATH\Router\RouteCollection.php(340): require('C:\\xampp\\htdocs\\smartstore\\app\\Config\\Routes.php')
 9 SYSTEMPATH\CodeIgniter.php(823): CodeIgniter\Router\RouteCollection->loadRoutes()
10 SYSTEMPATH\CodeIgniter.php(457): CodeIgniter\CodeIgniter->tryToRouteIt(null)
11 SYSTEMPATH\CodeIgniter.php(355): CodeIgniter\CodeIgniter->handleRequest(null, Object(Config\Cache), false)
12 SYSTEMPATH\Boot.php(325): CodeIgniter\CodeIgniter->run()
13 SYSTEMPATH\Boot.php(67): CodeIgniter\Boot::runCodeIgniter(Object(CodeIgniter\CodeIgniter))
14 FCPATH\index.php(63): CodeIgniter\Boot::bootWeb(Object(Config\Paths))
WARNING - 2025-06-05 13:51:00 --> [DEPRECATED] Passing lowercase HTTP method "get" is deprecated. Use uppercase HTTP method like "GET". in SYSTEMPATH\Router\RouteCollection.php on line 1027.
 1 SYSTEMPATH\Router\RouteCollection.php(1027): trigger_error('Passing lowercase HTTP method "get" is deprecated. Use uppercase HTTP method like "GET".', 16384)
 2 APPPATH\Config\Routes\AdminRoutes.php(172): CodeIgniter\Router\RouteCollection->match([...], 'sync_services/?(:num)?', 'ProvidersController::sync_services/$1')
 3 SYSTEMPATH\Router\RouteCollection.php(800): App\Config\Routes\AdminRoutes::App\Config\Routes\{closure}(Object(CodeIgniter\Router\RouteCollection))
 4 APPPATH\Config\Routes\AdminRoutes.php(167): CodeIgniter\Router\RouteCollection->group('providers', [...], Object(Closure))
 5 SYSTEMPATH\Router\RouteCollection.php(800): App\Config\Routes\AdminRoutes::App\Config\Routes\{closure}(Object(CodeIgniter\Router\RouteCollection))
 6 APPPATH\Config\Routes\AdminRoutes.php(28): CodeIgniter\Router\RouteCollection->group('admin', [...], Object(Closure))
 7 APPPATH\Config\Routes.php(20): App\Config\Routes\AdminRoutes::init(Object(CodeIgniter\Router\RouteCollection))
 8 SYSTEMPATH\Router\RouteCollection.php(340): require('C:\\xampp\\htdocs\\smartstore\\app\\Config\\Routes.php')
 9 SYSTEMPATH\CodeIgniter.php(823): CodeIgniter\Router\RouteCollection->loadRoutes()
10 SYSTEMPATH\CodeIgniter.php(457): CodeIgniter\CodeIgniter->tryToRouteIt(null)
11 SYSTEMPATH\CodeIgniter.php(355): CodeIgniter\CodeIgniter->handleRequest(null, Object(Config\Cache), false)
12 SYSTEMPATH\Boot.php(325): CodeIgniter\CodeIgniter->run()
13 SYSTEMPATH\Boot.php(67): CodeIgniter\Boot::runCodeIgniter(Object(CodeIgniter\CodeIgniter))
14 FCPATH\index.php(63): CodeIgniter\Boot::bootWeb(Object(Config\Paths))
WARNING - 2025-06-05 13:51:00 --> [DEPRECATED] Passing lowercase HTTP method "post" is deprecated. Use uppercase HTTP method like "POST". in SYSTEMPATH\Router\RouteCollection.php on line 1027.
 1 SYSTEMPATH\Router\RouteCollection.php(1027): trigger_error('Passing lowercase HTTP method "post" is deprecated. Use uppercase HTTP method like "POST".', 16384)
 2 APPPATH\Config\Routes\AdminRoutes.php(172): CodeIgniter\Router\RouteCollection->match([...], 'sync_services/?(:num)?', 'ProvidersController::sync_services/$1')
 3 SYSTEMPATH\Router\RouteCollection.php(800): App\Config\Routes\AdminRoutes::App\Config\Routes\{closure}(Object(CodeIgniter\Router\RouteCollection))
 4 APPPATH\Config\Routes\AdminRoutes.php(167): CodeIgniter\Router\RouteCollection->group('providers', [...], Object(Closure))
 5 SYSTEMPATH\Router\RouteCollection.php(800): App\Config\Routes\AdminRoutes::App\Config\Routes\{closure}(Object(CodeIgniter\Router\RouteCollection))
 6 APPPATH\Config\Routes\AdminRoutes.php(28): CodeIgniter\Router\RouteCollection->group('admin', [...], Object(Closure))
 7 APPPATH\Config\Routes.php(20): App\Config\Routes\AdminRoutes::init(Object(CodeIgniter\Router\RouteCollection))
 8 SYSTEMPATH\Router\RouteCollection.php(340): require('C:\\xampp\\htdocs\\smartstore\\app\\Config\\Routes.php')
 9 SYSTEMPATH\CodeIgniter.php(823): CodeIgniter\Router\RouteCollection->loadRoutes()
10 SYSTEMPATH\CodeIgniter.php(457): CodeIgniter\CodeIgniter->tryToRouteIt(null)
11 SYSTEMPATH\CodeIgniter.php(355): CodeIgniter\CodeIgniter->handleRequest(null, Object(Config\Cache), false)
12 SYSTEMPATH\Boot.php(325): CodeIgniter\CodeIgniter->run()
13 SYSTEMPATH\Boot.php(67): CodeIgniter\Boot::runCodeIgniter(Object(CodeIgniter\CodeIgniter))
14 FCPATH\index.php(63): CodeIgniter\Boot::bootWeb(Object(Config\Paths))
WARNING - 2025-06-05 13:51:00 --> [DEPRECATED] Passing lowercase HTTP method "get" is deprecated. Use uppercase HTTP method like "GET". in SYSTEMPATH\Router\RouteCollection.php on line 1027.
 1 SYSTEMPATH\Router\RouteCollection.php(1027): trigger_error('Passing lowercase HTTP method "get" is deprecated. Use uppercase HTTP method like "GET".', 16384)
 2 APPPATH\Config\Routes\AdminRoutes.php(185): CodeIgniter\Router\RouteCollection->match([...], 'add_note/?(:num)?', 'UsersController::add_note/$1')
 3 SYSTEMPATH\Router\RouteCollection.php(800): App\Config\Routes\AdminRoutes::App\Config\Routes\{closure}(Object(CodeIgniter\Router\RouteCollection))
 4 APPPATH\Config\Routes\AdminRoutes.php(182): CodeIgniter\Router\RouteCollection->group('users', [...], Object(Closure))
 5 SYSTEMPATH\Router\RouteCollection.php(800): App\Config\Routes\AdminRoutes::App\Config\Routes\{closure}(Object(CodeIgniter\Router\RouteCollection))
 6 APPPATH\Config\Routes\AdminRoutes.php(28): CodeIgniter\Router\RouteCollection->group('admin', [...], Object(Closure))
 7 APPPATH\Config\Routes.php(20): App\Config\Routes\AdminRoutes::init(Object(CodeIgniter\Router\RouteCollection))
 8 SYSTEMPATH\Router\RouteCollection.php(340): require('C:\\xampp\\htdocs\\smartstore\\app\\Config\\Routes.php')
 9 SYSTEMPATH\CodeIgniter.php(823): CodeIgniter\Router\RouteCollection->loadRoutes()
10 SYSTEMPATH\CodeIgniter.php(457): CodeIgniter\CodeIgniter->tryToRouteIt(null)
11 SYSTEMPATH\CodeIgniter.php(355): CodeIgniter\CodeIgniter->handleRequest(null, Object(Config\Cache), false)
12 SYSTEMPATH\Boot.php(325): CodeIgniter\CodeIgniter->run()
13 SYSTEMPATH\Boot.php(67): CodeIgniter\Boot::runCodeIgniter(Object(CodeIgniter\CodeIgniter))
14 FCPATH\index.php(63): CodeIgniter\Boot::bootWeb(Object(Config\Paths))
WARNING - 2025-06-05 13:51:00 --> [DEPRECATED] Passing lowercase HTTP method "post" is deprecated. Use uppercase HTTP method like "POST". in SYSTEMPATH\Router\RouteCollection.php on line 1027.
 1 SYSTEMPATH\Router\RouteCollection.php(1027): trigger_error('Passing lowercase HTTP method "post" is deprecated. Use uppercase HTTP method like "POST".', 16384)
 2 APPPATH\Config\Routes\AdminRoutes.php(185): CodeIgniter\Router\RouteCollection->match([...], 'add_note/?(:num)?', 'UsersController::add_note/$1')
 3 SYSTEMPATH\Router\RouteCollection.php(800): App\Config\Routes\AdminRoutes::App\Config\Routes\{closure}(Object(CodeIgniter\Router\RouteCollection))
 4 APPPATH\Config\Routes\AdminRoutes.php(182): CodeIgniter\Router\RouteCollection->group('users', [...], Object(Closure))
 5 SYSTEMPATH\Router\RouteCollection.php(800): App\Config\Routes\AdminRoutes::App\Config\Routes\{closure}(Object(CodeIgniter\Router\RouteCollection))
 6 APPPATH\Config\Routes\AdminRoutes.php(28): CodeIgniter\Router\RouteCollection->group('admin', [...], Object(Closure))
 7 APPPATH\Config\Routes.php(20): App\Config\Routes\AdminRoutes::init(Object(CodeIgniter\Router\RouteCollection))
 8 SYSTEMPATH\Router\RouteCollection.php(340): require('C:\\xampp\\htdocs\\smartstore\\app\\Config\\Routes.php')
 9 SYSTEMPATH\CodeIgniter.php(823): CodeIgniter\Router\RouteCollection->loadRoutes()
10 SYSTEMPATH\CodeIgniter.php(457): CodeIgniter\CodeIgniter->tryToRouteIt(null)
11 SYSTEMPATH\CodeIgniter.php(355): CodeIgniter\CodeIgniter->handleRequest(null, Object(Config\Cache), false)
12 SYSTEMPATH\Boot.php(325): CodeIgniter\CodeIgniter->run()
13 SYSTEMPATH\Boot.php(67): CodeIgniter\Boot::runCodeIgniter(Object(CodeIgniter\CodeIgniter))
14 FCPATH\index.php(63): CodeIgniter\Boot::bootWeb(Object(Config\Paths))
WARNING - 2025-06-05 13:51:00 --> [DEPRECATED] Passing lowercase HTTP method "get" is deprecated. Use uppercase HTTP method like "GET". in SYSTEMPATH\Router\RouteCollection.php on line 1027.
 1 SYSTEMPATH\Router\RouteCollection.php(1027): trigger_error('Passing lowercase HTTP method "get" is deprecated. Use uppercase HTTP method like "GET".', 16384)
 2 APPPATH\Config\Routes\AdminRoutes.php(186): CodeIgniter\Router\RouteCollection->match([...], 'send_mail/?(:num)?', 'UsersController::send_mail/$1')
 3 SYSTEMPATH\Router\RouteCollection.php(800): App\Config\Routes\AdminRoutes::App\Config\Routes\{closure}(Object(CodeIgniter\Router\RouteCollection))
 4 APPPATH\Config\Routes\AdminRoutes.php(182): CodeIgniter\Router\RouteCollection->group('users', [...], Object(Closure))
 5 SYSTEMPATH\Router\RouteCollection.php(800): App\Config\Routes\AdminRoutes::App\Config\Routes\{closure}(Object(CodeIgniter\Router\RouteCollection))
 6 APPPATH\Config\Routes\AdminRoutes.php(28): CodeIgniter\Router\RouteCollection->group('admin', [...], Object(Closure))
 7 APPPATH\Config\Routes.php(20): App\Config\Routes\AdminRoutes::init(Object(CodeIgniter\Router\RouteCollection))
 8 SYSTEMPATH\Router\RouteCollection.php(340): require('C:\\xampp\\htdocs\\smartstore\\app\\Config\\Routes.php')
 9 SYSTEMPATH\CodeIgniter.php(823): CodeIgniter\Router\RouteCollection->loadRoutes()
10 SYSTEMPATH\CodeIgniter.php(457): CodeIgniter\CodeIgniter->tryToRouteIt(null)
11 SYSTEMPATH\CodeIgniter.php(355): CodeIgniter\CodeIgniter->handleRequest(null, Object(Config\Cache), false)
12 SYSTEMPATH\Boot.php(325): CodeIgniter\CodeIgniter->run()
13 SYSTEMPATH\Boot.php(67): CodeIgniter\Boot::runCodeIgniter(Object(CodeIgniter\CodeIgniter))
14 FCPATH\index.php(63): CodeIgniter\Boot::bootWeb(Object(Config\Paths))
WARNING - 2025-06-05 13:51:00 --> [DEPRECATED] Passing lowercase HTTP method "post" is deprecated. Use uppercase HTTP method like "POST". in SYSTEMPATH\Router\RouteCollection.php on line 1027.
 1 SYSTEMPATH\Router\RouteCollection.php(1027): trigger_error('Passing lowercase HTTP method "post" is deprecated. Use uppercase HTTP method like "POST".', 16384)
 2 APPPATH\Config\Routes\AdminRoutes.php(186): CodeIgniter\Router\RouteCollection->match([...], 'send_mail/?(:num)?', 'UsersController::send_mail/$1')
 3 SYSTEMPATH\Router\RouteCollection.php(800): App\Config\Routes\AdminRoutes::App\Config\Routes\{closure}(Object(CodeIgniter\Router\RouteCollection))
 4 APPPATH\Config\Routes\AdminRoutes.php(182): CodeIgniter\Router\RouteCollection->group('users', [...], Object(Closure))
 5 SYSTEMPATH\Router\RouteCollection.php(800): App\Config\Routes\AdminRoutes::App\Config\Routes\{closure}(Object(CodeIgniter\Router\RouteCollection))
 6 APPPATH\Config\Routes\AdminRoutes.php(28): CodeIgniter\Router\RouteCollection->group('admin', [...], Object(Closure))
 7 APPPATH\Config\Routes.php(20): App\Config\Routes\AdminRoutes::init(Object(CodeIgniter\Router\RouteCollection))
 8 SYSTEMPATH\Router\RouteCollection.php(340): require('C:\\xampp\\htdocs\\smartstore\\app\\Config\\Routes.php')
 9 SYSTEMPATH\CodeIgniter.php(823): CodeIgniter\Router\RouteCollection->loadRoutes()
10 SYSTEMPATH\CodeIgniter.php(457): CodeIgniter\CodeIgniter->tryToRouteIt(null)
11 SYSTEMPATH\CodeIgniter.php(355): CodeIgniter\CodeIgniter->handleRequest(null, Object(Config\Cache), false)
12 SYSTEMPATH\Boot.php(325): CodeIgniter\CodeIgniter->run()
13 SYSTEMPATH\Boot.php(67): CodeIgniter\Boot::runCodeIgniter(Object(CodeIgniter\CodeIgniter))
14 FCPATH\index.php(63): CodeIgniter\Boot::bootWeb(Object(Config\Paths))
WARNING - 2025-06-05 13:51:00 --> [DEPRECATED] Passing lowercase HTTP method "get" is deprecated. Use uppercase HTTP method like "GET". in SYSTEMPATH\Router\RouteCollection.php on line 1027.
 1 SYSTEMPATH\Router\RouteCollection.php(1027): trigger_error('Passing lowercase HTTP method "get" is deprecated. Use uppercase HTTP method like "GET".', 16384)
 2 APPPATH\Config\Routes\AdminRoutes.php(215): CodeIgniter\Router\RouteCollection->match([...], 'send_mail/?(:num)?', 'TicketsController::send_mail/$1')
 3 SYSTEMPATH\Router\RouteCollection.php(800): App\Config\Routes\AdminRoutes::App\Config\Routes\{closure}(Object(CodeIgniter\Router\RouteCollection))
 4 APPPATH\Config\Routes\AdminRoutes.php(212): CodeIgniter\Router\RouteCollection->group('tickets', [...], Object(Closure))
 5 SYSTEMPATH\Router\RouteCollection.php(800): App\Config\Routes\AdminRoutes::App\Config\Routes\{closure}(Object(CodeIgniter\Router\RouteCollection))
 6 APPPATH\Config\Routes\AdminRoutes.php(28): CodeIgniter\Router\RouteCollection->group('admin', [...], Object(Closure))
 7 APPPATH\Config\Routes.php(20): App\Config\Routes\AdminRoutes::init(Object(CodeIgniter\Router\RouteCollection))
 8 SYSTEMPATH\Router\RouteCollection.php(340): require('C:\\xampp\\htdocs\\smartstore\\app\\Config\\Routes.php')
 9 SYSTEMPATH\CodeIgniter.php(823): CodeIgniter\Router\RouteCollection->loadRoutes()
10 SYSTEMPATH\CodeIgniter.php(457): CodeIgniter\CodeIgniter->tryToRouteIt(null)
11 SYSTEMPATH\CodeIgniter.php(355): CodeIgniter\CodeIgniter->handleRequest(null, Object(Config\Cache), false)
12 SYSTEMPATH\Boot.php(325): CodeIgniter\CodeIgniter->run()
13 SYSTEMPATH\Boot.php(67): CodeIgniter\Boot::runCodeIgniter(Object(CodeIgniter\CodeIgniter))
14 FCPATH\index.php(63): CodeIgniter\Boot::bootWeb(Object(Config\Paths))
WARNING - 2025-06-05 13:51:00 --> [DEPRECATED] Passing lowercase HTTP method "post" is deprecated. Use uppercase HTTP method like "POST". in SYSTEMPATH\Router\RouteCollection.php on line 1027.
 1 SYSTEMPATH\Router\RouteCollection.php(1027): trigger_error('Passing lowercase HTTP method "post" is deprecated. Use uppercase HTTP method like "POST".', 16384)
 2 APPPATH\Config\Routes\AdminRoutes.php(215): CodeIgniter\Router\RouteCollection->match([...], 'send_mail/?(:num)?', 'TicketsController::send_mail/$1')
 3 SYSTEMPATH\Router\RouteCollection.php(800): App\Config\Routes\AdminRoutes::App\Config\Routes\{closure}(Object(CodeIgniter\Router\RouteCollection))
 4 APPPATH\Config\Routes\AdminRoutes.php(212): CodeIgniter\Router\RouteCollection->group('tickets', [...], Object(Closure))
 5 SYSTEMPATH\Router\RouteCollection.php(800): App\Config\Routes\AdminRoutes::App\Config\Routes\{closure}(Object(CodeIgniter\Router\RouteCollection))
 6 APPPATH\Config\Routes\AdminRoutes.php(28): CodeIgniter\Router\RouteCollection->group('admin', [...], Object(Closure))
 7 APPPATH\Config\Routes.php(20): App\Config\Routes\AdminRoutes::init(Object(CodeIgniter\Router\RouteCollection))
 8 SYSTEMPATH\Router\RouteCollection.php(340): require('C:\\xampp\\htdocs\\smartstore\\app\\Config\\Routes.php')
 9 SYSTEMPATH\CodeIgniter.php(823): CodeIgniter\Router\RouteCollection->loadRoutes()
10 SYSTEMPATH\CodeIgniter.php(457): CodeIgniter\CodeIgniter->tryToRouteIt(null)
11 SYSTEMPATH\CodeIgniter.php(355): CodeIgniter\CodeIgniter->handleRequest(null, Object(Config\Cache), false)
12 SYSTEMPATH\Boot.php(325): CodeIgniter\CodeIgniter->run()
13 SYSTEMPATH\Boot.php(67): CodeIgniter\Boot::runCodeIgniter(Object(CodeIgniter\CodeIgniter))
14 FCPATH\index.php(63): CodeIgniter\Boot::bootWeb(Object(Config\Paths))
WARNING - 2025-06-05 13:51:00 --> [DEPRECATED] Passing lowercase HTTP method "get" is deprecated. Use uppercase HTTP method like "GET". in SYSTEMPATH\Router\RouteCollection.php on line 1027.
 1 SYSTEMPATH\Router\RouteCollection.php(1027): trigger_error('Passing lowercase HTTP method "get" is deprecated. Use uppercase HTTP method like "GET".', 16384)
 2 APPPATH\Config\Routes\UserRoutes.php(49): CodeIgniter\Router\RouteCollection->match([...], 'submit_review', 'ClientController::submit_review', [...])
 3 APPPATH\Config\Routes\UserRoutes.php(23): App\Config\Routes\UserRoutes::defineRoutes(Object(CodeIgniter\Router\RouteCollection))
 4 APPPATH\Config\Routes.php(21): App\Config\Routes\UserRoutes::init(Object(CodeIgniter\Router\RouteCollection))
 5 SYSTEMPATH\Router\RouteCollection.php(340): require('C:\\xampp\\htdocs\\smartstore\\app\\Config\\Routes.php')
 6 SYSTEMPATH\CodeIgniter.php(823): CodeIgniter\Router\RouteCollection->loadRoutes()
 7 SYSTEMPATH\CodeIgniter.php(457): CodeIgniter\CodeIgniter->tryToRouteIt(null)
 8 SYSTEMPATH\CodeIgniter.php(355): CodeIgniter\CodeIgniter->handleRequest(null, Object(Config\Cache), false)
 9 SYSTEMPATH\Boot.php(325): CodeIgniter\CodeIgniter->run()
10 SYSTEMPATH\Boot.php(67): CodeIgniter\Boot::runCodeIgniter(Object(CodeIgniter\CodeIgniter))
11 FCPATH\index.php(63): CodeIgniter\Boot::bootWeb(Object(Config\Paths))
WARNING - 2025-06-05 13:51:00 --> [DEPRECATED] Passing lowercase HTTP method "post" is deprecated. Use uppercase HTTP method like "POST". in SYSTEMPATH\Router\RouteCollection.php on line 1027.
 1 SYSTEMPATH\Router\RouteCollection.php(1027): trigger_error('Passing lowercase HTTP method "post" is deprecated. Use uppercase HTTP method like "POST".', 16384)
 2 APPPATH\Config\Routes\UserRoutes.php(49): CodeIgniter\Router\RouteCollection->match([...], 'submit_review', 'ClientController::submit_review', [...])
 3 APPPATH\Config\Routes\UserRoutes.php(23): App\Config\Routes\UserRoutes::defineRoutes(Object(CodeIgniter\Router\RouteCollection))
 4 APPPATH\Config\Routes.php(21): App\Config\Routes\UserRoutes::init(Object(CodeIgniter\Router\RouteCollection))
 5 SYSTEMPATH\Router\RouteCollection.php(340): require('C:\\xampp\\htdocs\\smartstore\\app\\Config\\Routes.php')
 6 SYSTEMPATH\CodeIgniter.php(823): CodeIgniter\Router\RouteCollection->loadRoutes()
 7 SYSTEMPATH\CodeIgniter.php(457): CodeIgniter\CodeIgniter->tryToRouteIt(null)
 8 SYSTEMPATH\CodeIgniter.php(355): CodeIgniter\CodeIgniter->handleRequest(null, Object(Config\Cache), false)
 9 SYSTEMPATH\Boot.php(325): CodeIgniter\CodeIgniter->run()
10 SYSTEMPATH\Boot.php(67): CodeIgniter\Boot::runCodeIgniter(Object(CodeIgniter\CodeIgniter))
11 FCPATH\index.php(63): CodeIgniter\Boot::bootWeb(Object(Config\Paths))
WARNING - 2025-06-05 13:51:00 --> [DEPRECATED] Passing lowercase HTTP method "get" is deprecated. Use uppercase HTTP method like "GET". in SYSTEMPATH\Router\RouteCollection.php on line 1027.
 1 SYSTEMPATH\Router\RouteCollection.php(1027): trigger_error('Passing lowercase HTTP method "get" is deprecated. Use uppercase HTTP method like "GET".', 16384)
 2 APPPATH\Config\Routes\UserRoutes.php(63): CodeIgniter\Router\RouteCollection->match([...], 'track-order', 'OrderController::track_order', [...])
 3 APPPATH\Config\Routes\UserRoutes.php(23): App\Config\Routes\UserRoutes::defineRoutes(Object(CodeIgniter\Router\RouteCollection))
 4 APPPATH\Config\Routes.php(21): App\Config\Routes\UserRoutes::init(Object(CodeIgniter\Router\RouteCollection))
 5 SYSTEMPATH\Router\RouteCollection.php(340): require('C:\\xampp\\htdocs\\smartstore\\app\\Config\\Routes.php')
 6 SYSTEMPATH\CodeIgniter.php(823): CodeIgniter\Router\RouteCollection->loadRoutes()
 7 SYSTEMPATH\CodeIgniter.php(457): CodeIgniter\CodeIgniter->tryToRouteIt(null)
 8 SYSTEMPATH\CodeIgniter.php(355): CodeIgniter\CodeIgniter->handleRequest(null, Object(Config\Cache), false)
 9 SYSTEMPATH\Boot.php(325): CodeIgniter\CodeIgniter->run()
10 SYSTEMPATH\Boot.php(67): CodeIgniter\Boot::runCodeIgniter(Object(CodeIgniter\CodeIgniter))
11 FCPATH\index.php(63): CodeIgniter\Boot::bootWeb(Object(Config\Paths))
WARNING - 2025-06-05 13:51:00 --> [DEPRECATED] Passing lowercase HTTP method "post" is deprecated. Use uppercase HTTP method like "POST". in SYSTEMPATH\Router\RouteCollection.php on line 1027.
 1 SYSTEMPATH\Router\RouteCollection.php(1027): trigger_error('Passing lowercase HTTP method "post" is deprecated. Use uppercase HTTP method like "POST".', 16384)
 2 APPPATH\Config\Routes\UserRoutes.php(63): CodeIgniter\Router\RouteCollection->match([...], 'track-order', 'OrderController::track_order', [...])
 3 APPPATH\Config\Routes\UserRoutes.php(23): App\Config\Routes\UserRoutes::defineRoutes(Object(CodeIgniter\Router\RouteCollection))
 4 APPPATH\Config\Routes.php(21): App\Config\Routes\UserRoutes::init(Object(CodeIgniter\Router\RouteCollection))
 5 SYSTEMPATH\Router\RouteCollection.php(340): require('C:\\xampp\\htdocs\\smartstore\\app\\Config\\Routes.php')
 6 SYSTEMPATH\CodeIgniter.php(823): CodeIgniter\Router\RouteCollection->loadRoutes()
 7 SYSTEMPATH\CodeIgniter.php(457): CodeIgniter\CodeIgniter->tryToRouteIt(null)
 8 SYSTEMPATH\CodeIgniter.php(355): CodeIgniter\CodeIgniter->handleRequest(null, Object(Config\Cache), false)
 9 SYSTEMPATH\Boot.php(325): CodeIgniter\CodeIgniter->run()
10 SYSTEMPATH\Boot.php(67): CodeIgniter\Boot::runCodeIgniter(Object(CodeIgniter\CodeIgniter))
11 FCPATH\index.php(63): CodeIgniter\Boot::bootWeb(Object(Config\Paths))
WARNING - 2025-06-05 13:51:00 --> [DEPRECATED] Passing lowercase HTTP method "get" is deprecated. Use uppercase HTTP method like "GET". in SYSTEMPATH\Router\RouteCollection.php on line 1027.
 1 SYSTEMPATH\Router\RouteCollection.php(1027): trigger_error('Passing lowercase HTTP method "get" is deprecated. Use uppercase HTTP method like "GET".', 16384)
 2 APPPATH\Config\Routes\UserRoutes.php(49): CodeIgniter\Router\RouteCollection->match([...], 'submit_review', 'ClientController::submit_review', [...])
 3 APPPATH\Config\Routes\UserRoutes.php(26): App\Config\Routes\UserRoutes::defineRoutes(Object(CodeIgniter\Router\RouteCollection))
 4 SYSTEMPATH\Router\RouteCollection.php(800): App\Config\Routes\UserRoutes::App\Config\Routes\{closure}(Object(CodeIgniter\Router\RouteCollection))
 5 APPPATH\Config\Routes\UserRoutes.php(25): CodeIgniter\Router\RouteCollection->group('{locale}', Object(Closure))
 6 APPPATH\Config\Routes.php(21): App\Config\Routes\UserRoutes::init(Object(CodeIgniter\Router\RouteCollection))
 7 SYSTEMPATH\Router\RouteCollection.php(340): require('C:\\xampp\\htdocs\\smartstore\\app\\Config\\Routes.php')
 8 SYSTEMPATH\CodeIgniter.php(823): CodeIgniter\Router\RouteCollection->loadRoutes()
 9 SYSTEMPATH\CodeIgniter.php(457): CodeIgniter\CodeIgniter->tryToRouteIt(null)
10 SYSTEMPATH\CodeIgniter.php(355): CodeIgniter\CodeIgniter->handleRequest(null, Object(Config\Cache), false)
11 SYSTEMPATH\Boot.php(325): CodeIgniter\CodeIgniter->run()
12 SYSTEMPATH\Boot.php(67): CodeIgniter\Boot::runCodeIgniter(Object(CodeIgniter\CodeIgniter))
13 FCPATH\index.php(63): CodeIgniter\Boot::bootWeb(Object(Config\Paths))
WARNING - 2025-06-05 13:51:00 --> [DEPRECATED] Passing lowercase HTTP method "post" is deprecated. Use uppercase HTTP method like "POST". in SYSTEMPATH\Router\RouteCollection.php on line 1027.
 1 SYSTEMPATH\Router\RouteCollection.php(1027): trigger_error('Passing lowercase HTTP method "post" is deprecated. Use uppercase HTTP method like "POST".', 16384)
 2 APPPATH\Config\Routes\UserRoutes.php(49): CodeIgniter\Router\RouteCollection->match([...], 'submit_review', 'ClientController::submit_review', [...])
 3 APPPATH\Config\Routes\UserRoutes.php(26): App\Config\Routes\UserRoutes::defineRoutes(Object(CodeIgniter\Router\RouteCollection))
 4 SYSTEMPATH\Router\RouteCollection.php(800): App\Config\Routes\UserRoutes::App\Config\Routes\{closure}(Object(CodeIgniter\Router\RouteCollection))
 5 APPPATH\Config\Routes\UserRoutes.php(25): CodeIgniter\Router\RouteCollection->group('{locale}', Object(Closure))
 6 APPPATH\Config\Routes.php(21): App\Config\Routes\UserRoutes::init(Object(CodeIgniter\Router\RouteCollection))
 7 SYSTEMPATH\Router\RouteCollection.php(340): require('C:\\xampp\\htdocs\\smartstore\\app\\Config\\Routes.php')
 8 SYSTEMPATH\CodeIgniter.php(823): CodeIgniter\Router\RouteCollection->loadRoutes()
 9 SYSTEMPATH\CodeIgniter.php(457): CodeIgniter\CodeIgniter->tryToRouteIt(null)
10 SYSTEMPATH\CodeIgniter.php(355): CodeIgniter\CodeIgniter->handleRequest(null, Object(Config\Cache), false)
11 SYSTEMPATH\Boot.php(325): CodeIgniter\CodeIgniter->run()
12 SYSTEMPATH\Boot.php(67): CodeIgniter\Boot::runCodeIgniter(Object(CodeIgniter\CodeIgniter))
13 FCPATH\index.php(63): CodeIgniter\Boot::bootWeb(Object(Config\Paths))
WARNING - 2025-06-05 13:51:00 --> [DEPRECATED] Passing lowercase HTTP method "get" is deprecated. Use uppercase HTTP method like "GET". in SYSTEMPATH\Router\RouteCollection.php on line 1027.
 1 SYSTEMPATH\Router\RouteCollection.php(1027): trigger_error('Passing lowercase HTTP method "get" is deprecated. Use uppercase HTTP method like "GET".', 16384)
 2 APPPATH\Config\Routes\UserRoutes.php(63): CodeIgniter\Router\RouteCollection->match([...], 'track-order', 'OrderController::track_order', [...])
 3 APPPATH\Config\Routes\UserRoutes.php(26): App\Config\Routes\UserRoutes::defineRoutes(Object(CodeIgniter\Router\RouteCollection))
 4 SYSTEMPATH\Router\RouteCollection.php(800): App\Config\Routes\UserRoutes::App\Config\Routes\{closure}(Object(CodeIgniter\Router\RouteCollection))
 5 APPPATH\Config\Routes\UserRoutes.php(25): CodeIgniter\Router\RouteCollection->group('{locale}', Object(Closure))
 6 APPPATH\Config\Routes.php(21): App\Config\Routes\UserRoutes::init(Object(CodeIgniter\Router\RouteCollection))
 7 SYSTEMPATH\Router\RouteCollection.php(340): require('C:\\xampp\\htdocs\\smartstore\\app\\Config\\Routes.php')
 8 SYSTEMPATH\CodeIgniter.php(823): CodeIgniter\Router\RouteCollection->loadRoutes()
 9 SYSTEMPATH\CodeIgniter.php(457): CodeIgniter\CodeIgniter->tryToRouteIt(null)
10 SYSTEMPATH\CodeIgniter.php(355): CodeIgniter\CodeIgniter->handleRequest(null, Object(Config\Cache), false)
11 SYSTEMPATH\Boot.php(325): CodeIgniter\CodeIgniter->run()
12 SYSTEMPATH\Boot.php(67): CodeIgniter\Boot::runCodeIgniter(Object(CodeIgniter\CodeIgniter))
13 FCPATH\index.php(63): CodeIgniter\Boot::bootWeb(Object(Config\Paths))
WARNING - 2025-06-05 13:51:00 --> [DEPRECATED] Passing lowercase HTTP method "post" is deprecated. Use uppercase HTTP method like "POST". in SYSTEMPATH\Router\RouteCollection.php on line 1027.
 1 SYSTEMPATH\Router\RouteCollection.php(1027): trigger_error('Passing lowercase HTTP method "post" is deprecated. Use uppercase HTTP method like "POST".', 16384)
 2 APPPATH\Config\Routes\UserRoutes.php(63): CodeIgniter\Router\RouteCollection->match([...], 'track-order', 'OrderController::track_order', [...])
 3 APPPATH\Config\Routes\UserRoutes.php(26): App\Config\Routes\UserRoutes::defineRoutes(Object(CodeIgniter\Router\RouteCollection))
 4 SYSTEMPATH\Router\RouteCollection.php(800): App\Config\Routes\UserRoutes::App\Config\Routes\{closure}(Object(CodeIgniter\Router\RouteCollection))
 5 APPPATH\Config\Routes\UserRoutes.php(25): CodeIgniter\Router\RouteCollection->group('{locale}', Object(Closure))
 6 APPPATH\Config\Routes.php(21): App\Config\Routes\UserRoutes::init(Object(CodeIgniter\Router\RouteCollection))
 7 SYSTEMPATH\Router\RouteCollection.php(340): require('C:\\xampp\\htdocs\\smartstore\\app\\Config\\Routes.php')
 8 SYSTEMPATH\CodeIgniter.php(823): CodeIgniter\Router\RouteCollection->loadRoutes()
 9 SYSTEMPATH\CodeIgniter.php(457): CodeIgniter\CodeIgniter->tryToRouteIt(null)
10 SYSTEMPATH\CodeIgniter.php(355): CodeIgniter\CodeIgniter->handleRequest(null, Object(Config\Cache), false)
11 SYSTEMPATH\Boot.php(325): CodeIgniter\CodeIgniter->run()
12 SYSTEMPATH\Boot.php(67): CodeIgniter\Boot::runCodeIgniter(Object(CodeIgniter\CodeIgniter))
13 FCPATH\index.php(63): CodeIgniter\Boot::bootWeb(Object(Config\Paths))
INFO - 2025-06-05 13:51:00 --> Session: Class initialized using 'CodeIgniter\Session\Handlers\FileHandler' driver.
WARNING - 2025-06-05 13:51:00 --> [DEPRECATED] Creation of dynamic property App\Controllers\Public\PageController::$load_files is deprecated in APPPATH\Controllers\Public\PageController.php on line 21.
 1 SYSTEMPATH\CodeIgniter.php(903): App\Controllers\Public\PageController->__construct()
 2 SYSTEMPATH\CodeIgniter.php(500): CodeIgniter\CodeIgniter->createController()
 3 SYSTEMPATH\CodeIgniter.php(355): CodeIgniter\CodeIgniter->handleRequest(null, Object(Config\Cache), false)
 4 SYSTEMPATH\Boot.php(325): CodeIgniter\CodeIgniter->run()
 5 SYSTEMPATH\Boot.php(67): CodeIgniter\Boot::runCodeIgniter(Object(CodeIgniter\CodeIgniter))
 6 FCPATH\index.php(63): CodeIgniter\Boot::bootWeb(Object(Config\Paths))
WARNING - 2025-06-05 13:51:00 --> [DEPRECATED] Creation of dynamic property App\Controllers\Public\PageController::$page_title is deprecated in APPPATH\Controllers\Public\PageController.php on line 22.
 1 SYSTEMPATH\CodeIgniter.php(903): App\Controllers\Public\PageController->__construct()
 2 SYSTEMPATH\CodeIgniter.php(500): CodeIgniter\CodeIgniter->createController()
 3 SYSTEMPATH\CodeIgniter.php(355): CodeIgniter\CodeIgniter->handleRequest(null, Object(Config\Cache), false)
 4 SYSTEMPATH\Boot.php(325): CodeIgniter\CodeIgniter->run()
 5 SYSTEMPATH\Boot.php(67): CodeIgniter\Boot::runCodeIgniter(Object(CodeIgniter\CodeIgniter))
 6 FCPATH\index.php(63): CodeIgniter\Boot::bootWeb(Object(Config\Paths))
WARNING - 2025-06-05 13:51:25 --> [DEPRECATED] Passing lowercase HTTP method "get" is deprecated. Use uppercase HTTP method like "GET". in SYSTEMPATH\Router\RouteCollection.php on line 1027.
 1 SYSTEMPATH\Router\RouteCollection.php(1027): trigger_error('Passing lowercase HTTP method "get" is deprecated. Use uppercase HTTP method like "GET".', 16384)
 2 APPPATH\Config\Routes\AdminRoutes.php(65): CodeIgniter\Router\RouteCollection->match([...], 'send_test_mail', 'SettingsController::send_test_mail')
 3 SYSTEMPATH\Router\RouteCollection.php(800): App\Config\Routes\AdminRoutes::App\Config\Routes\{closure}(Object(CodeIgniter\Router\RouteCollection))
 4 APPPATH\Config\Routes\AdminRoutes.php(63): CodeIgniter\Router\RouteCollection->group('settings', [...], Object(Closure))
 5 SYSTEMPATH\Router\RouteCollection.php(800): App\Config\Routes\AdminRoutes::App\Config\Routes\{closure}(Object(CodeIgniter\Router\RouteCollection))
 6 APPPATH\Config\Routes\AdminRoutes.php(28): CodeIgniter\Router\RouteCollection->group('admin', [...], Object(Closure))
 7 APPPATH\Config\Routes.php(20): App\Config\Routes\AdminRoutes::init(Object(CodeIgniter\Router\RouteCollection))
 8 SYSTEMPATH\Router\RouteCollection.php(340): require('C:\\xampp\\htdocs\\smartstore\\app\\Config\\Routes.php')
 9 SYSTEMPATH\CodeIgniter.php(823): CodeIgniter\Router\RouteCollection->loadRoutes()
10 SYSTEMPATH\CodeIgniter.php(457): CodeIgniter\CodeIgniter->tryToRouteIt(null)
11 SYSTEMPATH\CodeIgniter.php(355): CodeIgniter\CodeIgniter->handleRequest(null, Object(Config\Cache), false)
12 SYSTEMPATH\Boot.php(325): CodeIgniter\CodeIgniter->run()
13 SYSTEMPATH\Boot.php(67): CodeIgniter\Boot::runCodeIgniter(Object(CodeIgniter\CodeIgniter))
14 FCPATH\index.php(63): CodeIgniter\Boot::bootWeb(Object(Config\Paths))
WARNING - 2025-06-05 13:51:25 --> [DEPRECATED] Passing lowercase HTTP method "post" is deprecated. Use uppercase HTTP method like "POST". in SYSTEMPATH\Router\RouteCollection.php on line 1027.
 1 SYSTEMPATH\Router\RouteCollection.php(1027): trigger_error('Passing lowercase HTTP method "post" is deprecated. Use uppercase HTTP method like "POST".', 16384)
 2 APPPATH\Config\Routes\AdminRoutes.php(65): CodeIgniter\Router\RouteCollection->match([...], 'send_test_mail', 'SettingsController::send_test_mail')
 3 SYSTEMPATH\Router\RouteCollection.php(800): App\Config\Routes\AdminRoutes::App\Config\Routes\{closure}(Object(CodeIgniter\Router\RouteCollection))
 4 APPPATH\Config\Routes\AdminRoutes.php(63): CodeIgniter\Router\RouteCollection->group('settings', [...], Object(Closure))
 5 SYSTEMPATH\Router\RouteCollection.php(800): App\Config\Routes\AdminRoutes::App\Config\Routes\{closure}(Object(CodeIgniter\Router\RouteCollection))
 6 APPPATH\Config\Routes\AdminRoutes.php(28): CodeIgniter\Router\RouteCollection->group('admin', [...], Object(Closure))
 7 APPPATH\Config\Routes.php(20): App\Config\Routes\AdminRoutes::init(Object(CodeIgniter\Router\RouteCollection))
 8 SYSTEMPATH\Router\RouteCollection.php(340): require('C:\\xampp\\htdocs\\smartstore\\app\\Config\\Routes.php')
 9 SYSTEMPATH\CodeIgniter.php(823): CodeIgniter\Router\RouteCollection->loadRoutes()
10 SYSTEMPATH\CodeIgniter.php(457): CodeIgniter\CodeIgniter->tryToRouteIt(null)
11 SYSTEMPATH\CodeIgniter.php(355): CodeIgniter\CodeIgniter->handleRequest(null, Object(Config\Cache), false)
12 SYSTEMPATH\Boot.php(325): CodeIgniter\CodeIgniter->run()
13 SYSTEMPATH\Boot.php(67): CodeIgniter\Boot::runCodeIgniter(Object(CodeIgniter\CodeIgniter))
14 FCPATH\index.php(63): CodeIgniter\Boot::bootWeb(Object(Config\Paths))
WARNING - 2025-06-05 13:51:25 --> [DEPRECATED] Passing lowercase HTTP method "get" is deprecated. Use uppercase HTTP method like "GET". in SYSTEMPATH\Router\RouteCollection.php on line 1027.
 1 SYSTEMPATH\Router\RouteCollection.php(1027): trigger_error('Passing lowercase HTTP method "get" is deprecated. Use uppercase HTTP method like "GET".', 16384)
 2 APPPATH\Config\Routes\AdminRoutes.php(76): CodeIgniter\Router\RouteCollection->match([...], 'elfinder_connector', 'FilemanagerController::elfinder_connector')
 3 SYSTEMPATH\Router\RouteCollection.php(800): App\Config\Routes\AdminRoutes::App\Config\Routes\{closure}(Object(CodeIgniter\Router\RouteCollection))
 4 APPPATH\Config\Routes\AdminRoutes.php(73): CodeIgniter\Router\RouteCollection->group('filemanager', [...], Object(Closure))
 5 SYSTEMPATH\Router\RouteCollection.php(800): App\Config\Routes\AdminRoutes::App\Config\Routes\{closure}(Object(CodeIgniter\Router\RouteCollection))
 6 APPPATH\Config\Routes\AdminRoutes.php(28): CodeIgniter\Router\RouteCollection->group('admin', [...], Object(Closure))
 7 APPPATH\Config\Routes.php(20): App\Config\Routes\AdminRoutes::init(Object(CodeIgniter\Router\RouteCollection))
 8 SYSTEMPATH\Router\RouteCollection.php(340): require('C:\\xampp\\htdocs\\smartstore\\app\\Config\\Routes.php')
 9 SYSTEMPATH\CodeIgniter.php(823): CodeIgniter\Router\RouteCollection->loadRoutes()
10 SYSTEMPATH\CodeIgniter.php(457): CodeIgniter\CodeIgniter->tryToRouteIt(null)
11 SYSTEMPATH\CodeIgniter.php(355): CodeIgniter\CodeIgniter->handleRequest(null, Object(Config\Cache), false)
12 SYSTEMPATH\Boot.php(325): CodeIgniter\CodeIgniter->run()
13 SYSTEMPATH\Boot.php(67): CodeIgniter\Boot::runCodeIgniter(Object(CodeIgniter\CodeIgniter))
14 FCPATH\index.php(63): CodeIgniter\Boot::bootWeb(Object(Config\Paths))
WARNING - 2025-06-05 13:51:25 --> [DEPRECATED] Passing lowercase HTTP method "post" is deprecated. Use uppercase HTTP method like "POST". in SYSTEMPATH\Router\RouteCollection.php on line 1027.
 1 SYSTEMPATH\Router\RouteCollection.php(1027): trigger_error('Passing lowercase HTTP method "post" is deprecated. Use uppercase HTTP method like "POST".', 16384)
 2 APPPATH\Config\Routes\AdminRoutes.php(76): CodeIgniter\Router\RouteCollection->match([...], 'elfinder_connector', 'FilemanagerController::elfinder_connector')
 3 SYSTEMPATH\Router\RouteCollection.php(800): App\Config\Routes\AdminRoutes::App\Config\Routes\{closure}(Object(CodeIgniter\Router\RouteCollection))
 4 APPPATH\Config\Routes\AdminRoutes.php(73): CodeIgniter\Router\RouteCollection->group('filemanager', [...], Object(Closure))
 5 SYSTEMPATH\Router\RouteCollection.php(800): App\Config\Routes\AdminRoutes::App\Config\Routes\{closure}(Object(CodeIgniter\Router\RouteCollection))
 6 APPPATH\Config\Routes\AdminRoutes.php(28): CodeIgniter\Router\RouteCollection->group('admin', [...], Object(Closure))
 7 APPPATH\Config\Routes.php(20): App\Config\Routes\AdminRoutes::init(Object(CodeIgniter\Router\RouteCollection))
 8 SYSTEMPATH\Router\RouteCollection.php(340): require('C:\\xampp\\htdocs\\smartstore\\app\\Config\\Routes.php')
 9 SYSTEMPATH\CodeIgniter.php(823): CodeIgniter\Router\RouteCollection->loadRoutes()
10 SYSTEMPATH\CodeIgniter.php(457): CodeIgniter\CodeIgniter->tryToRouteIt(null)
11 SYSTEMPATH\CodeIgniter.php(355): CodeIgniter\CodeIgniter->handleRequest(null, Object(Config\Cache), false)
12 SYSTEMPATH\Boot.php(325): CodeIgniter\CodeIgniter->run()
13 SYSTEMPATH\Boot.php(67): CodeIgniter\Boot::runCodeIgniter(Object(CodeIgniter\CodeIgniter))
14 FCPATH\index.php(63): CodeIgniter\Boot::bootWeb(Object(Config\Paths))
WARNING - 2025-06-05 13:51:25 --> [DEPRECATED] Passing lowercase HTTP method "get" is deprecated. Use uppercase HTTP method like "GET". in SYSTEMPATH\Router\RouteCollection.php on line 1027.
 1 SYSTEMPATH\Router\RouteCollection.php(1027): trigger_error('Passing lowercase HTTP method "get" is deprecated. Use uppercase HTTP method like "GET".', 16384)
 2 APPPATH\Config\Routes\AdminRoutes.php(172): CodeIgniter\Router\RouteCollection->match([...], 'sync_services/?(:num)?', 'ProvidersController::sync_services/$1')
 3 SYSTEMPATH\Router\RouteCollection.php(800): App\Config\Routes\AdminRoutes::App\Config\Routes\{closure}(Object(CodeIgniter\Router\RouteCollection))
 4 APPPATH\Config\Routes\AdminRoutes.php(167): CodeIgniter\Router\RouteCollection->group('providers', [...], Object(Closure))
 5 SYSTEMPATH\Router\RouteCollection.php(800): App\Config\Routes\AdminRoutes::App\Config\Routes\{closure}(Object(CodeIgniter\Router\RouteCollection))
 6 APPPATH\Config\Routes\AdminRoutes.php(28): CodeIgniter\Router\RouteCollection->group('admin', [...], Object(Closure))
 7 APPPATH\Config\Routes.php(20): App\Config\Routes\AdminRoutes::init(Object(CodeIgniter\Router\RouteCollection))
 8 SYSTEMPATH\Router\RouteCollection.php(340): require('C:\\xampp\\htdocs\\smartstore\\app\\Config\\Routes.php')
 9 SYSTEMPATH\CodeIgniter.php(823): CodeIgniter\Router\RouteCollection->loadRoutes()
10 SYSTEMPATH\CodeIgniter.php(457): CodeIgniter\CodeIgniter->tryToRouteIt(null)
11 SYSTEMPATH\CodeIgniter.php(355): CodeIgniter\CodeIgniter->handleRequest(null, Object(Config\Cache), false)
12 SYSTEMPATH\Boot.php(325): CodeIgniter\CodeIgniter->run()
13 SYSTEMPATH\Boot.php(67): CodeIgniter\Boot::runCodeIgniter(Object(CodeIgniter\CodeIgniter))
14 FCPATH\index.php(63): CodeIgniter\Boot::bootWeb(Object(Config\Paths))
WARNING - 2025-06-05 13:51:25 --> [DEPRECATED] Passing lowercase HTTP method "post" is deprecated. Use uppercase HTTP method like "POST". in SYSTEMPATH\Router\RouteCollection.php on line 1027.
 1 SYSTEMPATH\Router\RouteCollection.php(1027): trigger_error('Passing lowercase HTTP method "post" is deprecated. Use uppercase HTTP method like "POST".', 16384)
 2 APPPATH\Config\Routes\AdminRoutes.php(172): CodeIgniter\Router\RouteCollection->match([...], 'sync_services/?(:num)?', 'ProvidersController::sync_services/$1')
 3 SYSTEMPATH\Router\RouteCollection.php(800): App\Config\Routes\AdminRoutes::App\Config\Routes\{closure}(Object(CodeIgniter\Router\RouteCollection))
 4 APPPATH\Config\Routes\AdminRoutes.php(167): CodeIgniter\Router\RouteCollection->group('providers', [...], Object(Closure))
 5 SYSTEMPATH\Router\RouteCollection.php(800): App\Config\Routes\AdminRoutes::App\Config\Routes\{closure}(Object(CodeIgniter\Router\RouteCollection))
 6 APPPATH\Config\Routes\AdminRoutes.php(28): CodeIgniter\Router\RouteCollection->group('admin', [...], Object(Closure))
 7 APPPATH\Config\Routes.php(20): App\Config\Routes\AdminRoutes::init(Object(CodeIgniter\Router\RouteCollection))
 8 SYSTEMPATH\Router\RouteCollection.php(340): require('C:\\xampp\\htdocs\\smartstore\\app\\Config\\Routes.php')
 9 SYSTEMPATH\CodeIgniter.php(823): CodeIgniter\Router\RouteCollection->loadRoutes()
10 SYSTEMPATH\CodeIgniter.php(457): CodeIgniter\CodeIgniter->tryToRouteIt(null)
11 SYSTEMPATH\CodeIgniter.php(355): CodeIgniter\CodeIgniter->handleRequest(null, Object(Config\Cache), false)
12 SYSTEMPATH\Boot.php(325): CodeIgniter\CodeIgniter->run()
13 SYSTEMPATH\Boot.php(67): CodeIgniter\Boot::runCodeIgniter(Object(CodeIgniter\CodeIgniter))
14 FCPATH\index.php(63): CodeIgniter\Boot::bootWeb(Object(Config\Paths))
WARNING - 2025-06-05 13:51:25 --> [DEPRECATED] Passing lowercase HTTP method "get" is deprecated. Use uppercase HTTP method like "GET". in SYSTEMPATH\Router\RouteCollection.php on line 1027.
 1 SYSTEMPATH\Router\RouteCollection.php(1027): trigger_error('Passing lowercase HTTP method "get" is deprecated. Use uppercase HTTP method like "GET".', 16384)
 2 APPPATH\Config\Routes\AdminRoutes.php(185): CodeIgniter\Router\RouteCollection->match([...], 'add_note/?(:num)?', 'UsersController::add_note/$1')
 3 SYSTEMPATH\Router\RouteCollection.php(800): App\Config\Routes\AdminRoutes::App\Config\Routes\{closure}(Object(CodeIgniter\Router\RouteCollection))
 4 APPPATH\Config\Routes\AdminRoutes.php(182): CodeIgniter\Router\RouteCollection->group('users', [...], Object(Closure))
 5 SYSTEMPATH\Router\RouteCollection.php(800): App\Config\Routes\AdminRoutes::App\Config\Routes\{closure}(Object(CodeIgniter\Router\RouteCollection))
 6 APPPATH\Config\Routes\AdminRoutes.php(28): CodeIgniter\Router\RouteCollection->group('admin', [...], Object(Closure))
 7 APPPATH\Config\Routes.php(20): App\Config\Routes\AdminRoutes::init(Object(CodeIgniter\Router\RouteCollection))
 8 SYSTEMPATH\Router\RouteCollection.php(340): require('C:\\xampp\\htdocs\\smartstore\\app\\Config\\Routes.php')
 9 SYSTEMPATH\CodeIgniter.php(823): CodeIgniter\Router\RouteCollection->loadRoutes()
10 SYSTEMPATH\CodeIgniter.php(457): CodeIgniter\CodeIgniter->tryToRouteIt(null)
11 SYSTEMPATH\CodeIgniter.php(355): CodeIgniter\CodeIgniter->handleRequest(null, Object(Config\Cache), false)
12 SYSTEMPATH\Boot.php(325): CodeIgniter\CodeIgniter->run()
13 SYSTEMPATH\Boot.php(67): CodeIgniter\Boot::runCodeIgniter(Object(CodeIgniter\CodeIgniter))
14 FCPATH\index.php(63): CodeIgniter\Boot::bootWeb(Object(Config\Paths))
WARNING - 2025-06-05 13:51:25 --> [DEPRECATED] Passing lowercase HTTP method "post" is deprecated. Use uppercase HTTP method like "POST". in SYSTEMPATH\Router\RouteCollection.php on line 1027.
 1 SYSTEMPATH\Router\RouteCollection.php(1027): trigger_error('Passing lowercase HTTP method "post" is deprecated. Use uppercase HTTP method like "POST".', 16384)
 2 APPPATH\Config\Routes\AdminRoutes.php(185): CodeIgniter\Router\RouteCollection->match([...], 'add_note/?(:num)?', 'UsersController::add_note/$1')
 3 SYSTEMPATH\Router\RouteCollection.php(800): App\Config\Routes\AdminRoutes::App\Config\Routes\{closure}(Object(CodeIgniter\Router\RouteCollection))
 4 APPPATH\Config\Routes\AdminRoutes.php(182): CodeIgniter\Router\RouteCollection->group('users', [...], Object(Closure))
 5 SYSTEMPATH\Router\RouteCollection.php(800): App\Config\Routes\AdminRoutes::App\Config\Routes\{closure}(Object(CodeIgniter\Router\RouteCollection))
 6 APPPATH\Config\Routes\AdminRoutes.php(28): CodeIgniter\Router\RouteCollection->group('admin', [...], Object(Closure))
 7 APPPATH\Config\Routes.php(20): App\Config\Routes\AdminRoutes::init(Object(CodeIgniter\Router\RouteCollection))
 8 SYSTEMPATH\Router\RouteCollection.php(340): require('C:\\xampp\\htdocs\\smartstore\\app\\Config\\Routes.php')
 9 SYSTEMPATH\CodeIgniter.php(823): CodeIgniter\Router\RouteCollection->loadRoutes()
10 SYSTEMPATH\CodeIgniter.php(457): CodeIgniter\CodeIgniter->tryToRouteIt(null)
11 SYSTEMPATH\CodeIgniter.php(355): CodeIgniter\CodeIgniter->handleRequest(null, Object(Config\Cache), false)
12 SYSTEMPATH\Boot.php(325): CodeIgniter\CodeIgniter->run()
13 SYSTEMPATH\Boot.php(67): CodeIgniter\Boot::runCodeIgniter(Object(CodeIgniter\CodeIgniter))
14 FCPATH\index.php(63): CodeIgniter\Boot::bootWeb(Object(Config\Paths))
WARNING - 2025-06-05 13:51:25 --> [DEPRECATED] Passing lowercase HTTP method "get" is deprecated. Use uppercase HTTP method like "GET". in SYSTEMPATH\Router\RouteCollection.php on line 1027.
 1 SYSTEMPATH\Router\RouteCollection.php(1027): trigger_error('Passing lowercase HTTP method "get" is deprecated. Use uppercase HTTP method like "GET".', 16384)
 2 APPPATH\Config\Routes\AdminRoutes.php(186): CodeIgniter\Router\RouteCollection->match([...], 'send_mail/?(:num)?', 'UsersController::send_mail/$1')
 3 SYSTEMPATH\Router\RouteCollection.php(800): App\Config\Routes\AdminRoutes::App\Config\Routes\{closure}(Object(CodeIgniter\Router\RouteCollection))
 4 APPPATH\Config\Routes\AdminRoutes.php(182): CodeIgniter\Router\RouteCollection->group('users', [...], Object(Closure))
 5 SYSTEMPATH\Router\RouteCollection.php(800): App\Config\Routes\AdminRoutes::App\Config\Routes\{closure}(Object(CodeIgniter\Router\RouteCollection))
 6 APPPATH\Config\Routes\AdminRoutes.php(28): CodeIgniter\Router\RouteCollection->group('admin', [...], Object(Closure))
 7 APPPATH\Config\Routes.php(20): App\Config\Routes\AdminRoutes::init(Object(CodeIgniter\Router\RouteCollection))
 8 SYSTEMPATH\Router\RouteCollection.php(340): require('C:\\xampp\\htdocs\\smartstore\\app\\Config\\Routes.php')
 9 SYSTEMPATH\CodeIgniter.php(823): CodeIgniter\Router\RouteCollection->loadRoutes()
10 SYSTEMPATH\CodeIgniter.php(457): CodeIgniter\CodeIgniter->tryToRouteIt(null)
11 SYSTEMPATH\CodeIgniter.php(355): CodeIgniter\CodeIgniter->handleRequest(null, Object(Config\Cache), false)
12 SYSTEMPATH\Boot.php(325): CodeIgniter\CodeIgniter->run()
13 SYSTEMPATH\Boot.php(67): CodeIgniter\Boot::runCodeIgniter(Object(CodeIgniter\CodeIgniter))
14 FCPATH\index.php(63): CodeIgniter\Boot::bootWeb(Object(Config\Paths))
WARNING - 2025-06-05 13:51:25 --> [DEPRECATED] Passing lowercase HTTP method "post" is deprecated. Use uppercase HTTP method like "POST". in SYSTEMPATH\Router\RouteCollection.php on line 1027.
 1 SYSTEMPATH\Router\RouteCollection.php(1027): trigger_error('Passing lowercase HTTP method "post" is deprecated. Use uppercase HTTP method like "POST".', 16384)
 2 APPPATH\Config\Routes\AdminRoutes.php(186): CodeIgniter\Router\RouteCollection->match([...], 'send_mail/?(:num)?', 'UsersController::send_mail/$1')
 3 SYSTEMPATH\Router\RouteCollection.php(800): App\Config\Routes\AdminRoutes::App\Config\Routes\{closure}(Object(CodeIgniter\Router\RouteCollection))
 4 APPPATH\Config\Routes\AdminRoutes.php(182): CodeIgniter\Router\RouteCollection->group('users', [...], Object(Closure))
 5 SYSTEMPATH\Router\RouteCollection.php(800): App\Config\Routes\AdminRoutes::App\Config\Routes\{closure}(Object(CodeIgniter\Router\RouteCollection))
 6 APPPATH\Config\Routes\AdminRoutes.php(28): CodeIgniter\Router\RouteCollection->group('admin', [...], Object(Closure))
 7 APPPATH\Config\Routes.php(20): App\Config\Routes\AdminRoutes::init(Object(CodeIgniter\Router\RouteCollection))
 8 SYSTEMPATH\Router\RouteCollection.php(340): require('C:\\xampp\\htdocs\\smartstore\\app\\Config\\Routes.php')
 9 SYSTEMPATH\CodeIgniter.php(823): CodeIgniter\Router\RouteCollection->loadRoutes()
10 SYSTEMPATH\CodeIgniter.php(457): CodeIgniter\CodeIgniter->tryToRouteIt(null)
11 SYSTEMPATH\CodeIgniter.php(355): CodeIgniter\CodeIgniter->handleRequest(null, Object(Config\Cache), false)
12 SYSTEMPATH\Boot.php(325): CodeIgniter\CodeIgniter->run()
13 SYSTEMPATH\Boot.php(67): CodeIgniter\Boot::runCodeIgniter(Object(CodeIgniter\CodeIgniter))
14 FCPATH\index.php(63): CodeIgniter\Boot::bootWeb(Object(Config\Paths))
WARNING - 2025-06-05 13:51:25 --> [DEPRECATED] Passing lowercase HTTP method "get" is deprecated. Use uppercase HTTP method like "GET". in SYSTEMPATH\Router\RouteCollection.php on line 1027.
 1 SYSTEMPATH\Router\RouteCollection.php(1027): trigger_error('Passing lowercase HTTP method "get" is deprecated. Use uppercase HTTP method like "GET".', 16384)
 2 APPPATH\Config\Routes\AdminRoutes.php(215): CodeIgniter\Router\RouteCollection->match([...], 'send_mail/?(:num)?', 'TicketsController::send_mail/$1')
 3 SYSTEMPATH\Router\RouteCollection.php(800): App\Config\Routes\AdminRoutes::App\Config\Routes\{closure}(Object(CodeIgniter\Router\RouteCollection))
 4 APPPATH\Config\Routes\AdminRoutes.php(212): CodeIgniter\Router\RouteCollection->group('tickets', [...], Object(Closure))
 5 SYSTEMPATH\Router\RouteCollection.php(800): App\Config\Routes\AdminRoutes::App\Config\Routes\{closure}(Object(CodeIgniter\Router\RouteCollection))
 6 APPPATH\Config\Routes\AdminRoutes.php(28): CodeIgniter\Router\RouteCollection->group('admin', [...], Object(Closure))
 7 APPPATH\Config\Routes.php(20): App\Config\Routes\AdminRoutes::init(Object(CodeIgniter\Router\RouteCollection))
 8 SYSTEMPATH\Router\RouteCollection.php(340): require('C:\\xampp\\htdocs\\smartstore\\app\\Config\\Routes.php')
 9 SYSTEMPATH\CodeIgniter.php(823): CodeIgniter\Router\RouteCollection->loadRoutes()
10 SYSTEMPATH\CodeIgniter.php(457): CodeIgniter\CodeIgniter->tryToRouteIt(null)
11 SYSTEMPATH\CodeIgniter.php(355): CodeIgniter\CodeIgniter->handleRequest(null, Object(Config\Cache), false)
12 SYSTEMPATH\Boot.php(325): CodeIgniter\CodeIgniter->run()
13 SYSTEMPATH\Boot.php(67): CodeIgniter\Boot::runCodeIgniter(Object(CodeIgniter\CodeIgniter))
14 FCPATH\index.php(63): CodeIgniter\Boot::bootWeb(Object(Config\Paths))
WARNING - 2025-06-05 13:51:25 --> [DEPRECATED] Passing lowercase HTTP method "post" is deprecated. Use uppercase HTTP method like "POST". in SYSTEMPATH\Router\RouteCollection.php on line 1027.
 1 SYSTEMPATH\Router\RouteCollection.php(1027): trigger_error('Passing lowercase HTTP method "post" is deprecated. Use uppercase HTTP method like "POST".', 16384)
 2 APPPATH\Config\Routes\AdminRoutes.php(215): CodeIgniter\Router\RouteCollection->match([...], 'send_mail/?(:num)?', 'TicketsController::send_mail/$1')
 3 SYSTEMPATH\Router\RouteCollection.php(800): App\Config\Routes\AdminRoutes::App\Config\Routes\{closure}(Object(CodeIgniter\Router\RouteCollection))
 4 APPPATH\Config\Routes\AdminRoutes.php(212): CodeIgniter\Router\RouteCollection->group('tickets', [...], Object(Closure))
 5 SYSTEMPATH\Router\RouteCollection.php(800): App\Config\Routes\AdminRoutes::App\Config\Routes\{closure}(Object(CodeIgniter\Router\RouteCollection))
 6 APPPATH\Config\Routes\AdminRoutes.php(28): CodeIgniter\Router\RouteCollection->group('admin', [...], Object(Closure))
 7 APPPATH\Config\Routes.php(20): App\Config\Routes\AdminRoutes::init(Object(CodeIgniter\Router\RouteCollection))
 8 SYSTEMPATH\Router\RouteCollection.php(340): require('C:\\xampp\\htdocs\\smartstore\\app\\Config\\Routes.php')
 9 SYSTEMPATH\CodeIgniter.php(823): CodeIgniter\Router\RouteCollection->loadRoutes()
10 SYSTEMPATH\CodeIgniter.php(457): CodeIgniter\CodeIgniter->tryToRouteIt(null)
11 SYSTEMPATH\CodeIgniter.php(355): CodeIgniter\CodeIgniter->handleRequest(null, Object(Config\Cache), false)
12 SYSTEMPATH\Boot.php(325): CodeIgniter\CodeIgniter->run()
13 SYSTEMPATH\Boot.php(67): CodeIgniter\Boot::runCodeIgniter(Object(CodeIgniter\CodeIgniter))
14 FCPATH\index.php(63): CodeIgniter\Boot::bootWeb(Object(Config\Paths))
WARNING - 2025-06-05 13:51:25 --> [DEPRECATED] Passing lowercase HTTP method "get" is deprecated. Use uppercase HTTP method like "GET". in SYSTEMPATH\Router\RouteCollection.php on line 1027.
 1 SYSTEMPATH\Router\RouteCollection.php(1027): trigger_error('Passing lowercase HTTP method "get" is deprecated. Use uppercase HTTP method like "GET".', 16384)
 2 APPPATH\Config\Routes\UserRoutes.php(49): CodeIgniter\Router\RouteCollection->match([...], 'submit_review', 'ClientController::submit_review', [...])
 3 APPPATH\Config\Routes\UserRoutes.php(23): App\Config\Routes\UserRoutes::defineRoutes(Object(CodeIgniter\Router\RouteCollection))
 4 APPPATH\Config\Routes.php(21): App\Config\Routes\UserRoutes::init(Object(CodeIgniter\Router\RouteCollection))
 5 SYSTEMPATH\Router\RouteCollection.php(340): require('C:\\xampp\\htdocs\\smartstore\\app\\Config\\Routes.php')
 6 SYSTEMPATH\CodeIgniter.php(823): CodeIgniter\Router\RouteCollection->loadRoutes()
 7 SYSTEMPATH\CodeIgniter.php(457): CodeIgniter\CodeIgniter->tryToRouteIt(null)
 8 SYSTEMPATH\CodeIgniter.php(355): CodeIgniter\CodeIgniter->handleRequest(null, Object(Config\Cache), false)
 9 SYSTEMPATH\Boot.php(325): CodeIgniter\CodeIgniter->run()
10 SYSTEMPATH\Boot.php(67): CodeIgniter\Boot::runCodeIgniter(Object(CodeIgniter\CodeIgniter))
11 FCPATH\index.php(63): CodeIgniter\Boot::bootWeb(Object(Config\Paths))
WARNING - 2025-06-05 13:51:25 --> [DEPRECATED] Passing lowercase HTTP method "post" is deprecated. Use uppercase HTTP method like "POST". in SYSTEMPATH\Router\RouteCollection.php on line 1027.
 1 SYSTEMPATH\Router\RouteCollection.php(1027): trigger_error('Passing lowercase HTTP method "post" is deprecated. Use uppercase HTTP method like "POST".', 16384)
 2 APPPATH\Config\Routes\UserRoutes.php(49): CodeIgniter\Router\RouteCollection->match([...], 'submit_review', 'ClientController::submit_review', [...])
 3 APPPATH\Config\Routes\UserRoutes.php(23): App\Config\Routes\UserRoutes::defineRoutes(Object(CodeIgniter\Router\RouteCollection))
 4 APPPATH\Config\Routes.php(21): App\Config\Routes\UserRoutes::init(Object(CodeIgniter\Router\RouteCollection))
 5 SYSTEMPATH\Router\RouteCollection.php(340): require('C:\\xampp\\htdocs\\smartstore\\app\\Config\\Routes.php')
 6 SYSTEMPATH\CodeIgniter.php(823): CodeIgniter\Router\RouteCollection->loadRoutes()
 7 SYSTEMPATH\CodeIgniter.php(457): CodeIgniter\CodeIgniter->tryToRouteIt(null)
 8 SYSTEMPATH\CodeIgniter.php(355): CodeIgniter\CodeIgniter->handleRequest(null, Object(Config\Cache), false)
 9 SYSTEMPATH\Boot.php(325): CodeIgniter\CodeIgniter->run()
10 SYSTEMPATH\Boot.php(67): CodeIgniter\Boot::runCodeIgniter(Object(CodeIgniter\CodeIgniter))
11 FCPATH\index.php(63): CodeIgniter\Boot::bootWeb(Object(Config\Paths))
WARNING - 2025-06-05 13:51:25 --> [DEPRECATED] Passing lowercase HTTP method "get" is deprecated. Use uppercase HTTP method like "GET". in SYSTEMPATH\Router\RouteCollection.php on line 1027.
 1 SYSTEMPATH\Router\RouteCollection.php(1027): trigger_error('Passing lowercase HTTP method "get" is deprecated. Use uppercase HTTP method like "GET".', 16384)
 2 APPPATH\Config\Routes\UserRoutes.php(63): CodeIgniter\Router\RouteCollection->match([...], 'track-order', 'OrderController::track_order', [...])
 3 APPPATH\Config\Routes\UserRoutes.php(23): App\Config\Routes\UserRoutes::defineRoutes(Object(CodeIgniter\Router\RouteCollection))
 4 APPPATH\Config\Routes.php(21): App\Config\Routes\UserRoutes::init(Object(CodeIgniter\Router\RouteCollection))
 5 SYSTEMPATH\Router\RouteCollection.php(340): require('C:\\xampp\\htdocs\\smartstore\\app\\Config\\Routes.php')
 6 SYSTEMPATH\CodeIgniter.php(823): CodeIgniter\Router\RouteCollection->loadRoutes()
 7 SYSTEMPATH\CodeIgniter.php(457): CodeIgniter\CodeIgniter->tryToRouteIt(null)
 8 SYSTEMPATH\CodeIgniter.php(355): CodeIgniter\CodeIgniter->handleRequest(null, Object(Config\Cache), false)
 9 SYSTEMPATH\Boot.php(325): CodeIgniter\CodeIgniter->run()
10 SYSTEMPATH\Boot.php(67): CodeIgniter\Boot::runCodeIgniter(Object(CodeIgniter\CodeIgniter))
11 FCPATH\index.php(63): CodeIgniter\Boot::bootWeb(Object(Config\Paths))
WARNING - 2025-06-05 13:51:25 --> [DEPRECATED] Passing lowercase HTTP method "post" is deprecated. Use uppercase HTTP method like "POST". in SYSTEMPATH\Router\RouteCollection.php on line 1027.
 1 SYSTEMPATH\Router\RouteCollection.php(1027): trigger_error('Passing lowercase HTTP method "post" is deprecated. Use uppercase HTTP method like "POST".', 16384)
 2 APPPATH\Config\Routes\UserRoutes.php(63): CodeIgniter\Router\RouteCollection->match([...], 'track-order', 'OrderController::track_order', [...])
 3 APPPATH\Config\Routes\UserRoutes.php(23): App\Config\Routes\UserRoutes::defineRoutes(Object(CodeIgniter\Router\RouteCollection))
 4 APPPATH\Config\Routes.php(21): App\Config\Routes\UserRoutes::init(Object(CodeIgniter\Router\RouteCollection))
 5 SYSTEMPATH\Router\RouteCollection.php(340): require('C:\\xampp\\htdocs\\smartstore\\app\\Config\\Routes.php')
 6 SYSTEMPATH\CodeIgniter.php(823): CodeIgniter\Router\RouteCollection->loadRoutes()
 7 SYSTEMPATH\CodeIgniter.php(457): CodeIgniter\CodeIgniter->tryToRouteIt(null)
 8 SYSTEMPATH\CodeIgniter.php(355): CodeIgniter\CodeIgniter->handleRequest(null, Object(Config\Cache), false)
 9 SYSTEMPATH\Boot.php(325): CodeIgniter\CodeIgniter->run()
10 SYSTEMPATH\Boot.php(67): CodeIgniter\Boot::runCodeIgniter(Object(CodeIgniter\CodeIgniter))
11 FCPATH\index.php(63): CodeIgniter\Boot::bootWeb(Object(Config\Paths))
WARNING - 2025-06-05 13:51:25 --> [DEPRECATED] Passing lowercase HTTP method "get" is deprecated. Use uppercase HTTP method like "GET". in SYSTEMPATH\Router\RouteCollection.php on line 1027.
 1 SYSTEMPATH\Router\RouteCollection.php(1027): trigger_error('Passing lowercase HTTP method "get" is deprecated. Use uppercase HTTP method like "GET".', 16384)
 2 APPPATH\Config\Routes\UserRoutes.php(49): CodeIgniter\Router\RouteCollection->match([...], 'submit_review', 'ClientController::submit_review', [...])
 3 APPPATH\Config\Routes\UserRoutes.php(26): App\Config\Routes\UserRoutes::defineRoutes(Object(CodeIgniter\Router\RouteCollection))
 4 SYSTEMPATH\Router\RouteCollection.php(800): App\Config\Routes\UserRoutes::App\Config\Routes\{closure}(Object(CodeIgniter\Router\RouteCollection))
 5 APPPATH\Config\Routes\UserRoutes.php(25): CodeIgniter\Router\RouteCollection->group('{locale}', Object(Closure))
 6 APPPATH\Config\Routes.php(21): App\Config\Routes\UserRoutes::init(Object(CodeIgniter\Router\RouteCollection))
 7 SYSTEMPATH\Router\RouteCollection.php(340): require('C:\\xampp\\htdocs\\smartstore\\app\\Config\\Routes.php')
 8 SYSTEMPATH\CodeIgniter.php(823): CodeIgniter\Router\RouteCollection->loadRoutes()
 9 SYSTEMPATH\CodeIgniter.php(457): CodeIgniter\CodeIgniter->tryToRouteIt(null)
10 SYSTEMPATH\CodeIgniter.php(355): CodeIgniter\CodeIgniter->handleRequest(null, Object(Config\Cache), false)
11 SYSTEMPATH\Boot.php(325): CodeIgniter\CodeIgniter->run()
12 SYSTEMPATH\Boot.php(67): CodeIgniter\Boot::runCodeIgniter(Object(CodeIgniter\CodeIgniter))
13 FCPATH\index.php(63): CodeIgniter\Boot::bootWeb(Object(Config\Paths))
WARNING - 2025-06-05 13:51:25 --> [DEPRECATED] Passing lowercase HTTP method "post" is deprecated. Use uppercase HTTP method like "POST". in SYSTEMPATH\Router\RouteCollection.php on line 1027.
 1 SYSTEMPATH\Router\RouteCollection.php(1027): trigger_error('Passing lowercase HTTP method "post" is deprecated. Use uppercase HTTP method like "POST".', 16384)
 2 APPPATH\Config\Routes\UserRoutes.php(49): CodeIgniter\Router\RouteCollection->match([...], 'submit_review', 'ClientController::submit_review', [...])
 3 APPPATH\Config\Routes\UserRoutes.php(26): App\Config\Routes\UserRoutes::defineRoutes(Object(CodeIgniter\Router\RouteCollection))
 4 SYSTEMPATH\Router\RouteCollection.php(800): App\Config\Routes\UserRoutes::App\Config\Routes\{closure}(Object(CodeIgniter\Router\RouteCollection))
 5 APPPATH\Config\Routes\UserRoutes.php(25): CodeIgniter\Router\RouteCollection->group('{locale}', Object(Closure))
 6 APPPATH\Config\Routes.php(21): App\Config\Routes\UserRoutes::init(Object(CodeIgniter\Router\RouteCollection))
 7 SYSTEMPATH\Router\RouteCollection.php(340): require('C:\\xampp\\htdocs\\smartstore\\app\\Config\\Routes.php')
 8 SYSTEMPATH\CodeIgniter.php(823): CodeIgniter\Router\RouteCollection->loadRoutes()
 9 SYSTEMPATH\CodeIgniter.php(457): CodeIgniter\CodeIgniter->tryToRouteIt(null)
10 SYSTEMPATH\CodeIgniter.php(355): CodeIgniter\CodeIgniter->handleRequest(null, Object(Config\Cache), false)
11 SYSTEMPATH\Boot.php(325): CodeIgniter\CodeIgniter->run()
12 SYSTEMPATH\Boot.php(67): CodeIgniter\Boot::runCodeIgniter(Object(CodeIgniter\CodeIgniter))
13 FCPATH\index.php(63): CodeIgniter\Boot::bootWeb(Object(Config\Paths))
WARNING - 2025-06-05 13:51:25 --> [DEPRECATED] Passing lowercase HTTP method "get" is deprecated. Use uppercase HTTP method like "GET". in SYSTEMPATH\Router\RouteCollection.php on line 1027.
 1 SYSTEMPATH\Router\RouteCollection.php(1027): trigger_error('Passing lowercase HTTP method "get" is deprecated. Use uppercase HTTP method like "GET".', 16384)
 2 APPPATH\Config\Routes\UserRoutes.php(63): CodeIgniter\Router\RouteCollection->match([...], 'track-order', 'OrderController::track_order', [...])
 3 APPPATH\Config\Routes\UserRoutes.php(26): App\Config\Routes\UserRoutes::defineRoutes(Object(CodeIgniter\Router\RouteCollection))
 4 SYSTEMPATH\Router\RouteCollection.php(800): App\Config\Routes\UserRoutes::App\Config\Routes\{closure}(Object(CodeIgniter\Router\RouteCollection))
 5 APPPATH\Config\Routes\UserRoutes.php(25): CodeIgniter\Router\RouteCollection->group('{locale}', Object(Closure))
 6 APPPATH\Config\Routes.php(21): App\Config\Routes\UserRoutes::init(Object(CodeIgniter\Router\RouteCollection))
 7 SYSTEMPATH\Router\RouteCollection.php(340): require('C:\\xampp\\htdocs\\smartstore\\app\\Config\\Routes.php')
 8 SYSTEMPATH\CodeIgniter.php(823): CodeIgniter\Router\RouteCollection->loadRoutes()
 9 SYSTEMPATH\CodeIgniter.php(457): CodeIgniter\CodeIgniter->tryToRouteIt(null)
10 SYSTEMPATH\CodeIgniter.php(355): CodeIgniter\CodeIgniter->handleRequest(null, Object(Config\Cache), false)
11 SYSTEMPATH\Boot.php(325): CodeIgniter\CodeIgniter->run()
12 SYSTEMPATH\Boot.php(67): CodeIgniter\Boot::runCodeIgniter(Object(CodeIgniter\CodeIgniter))
13 FCPATH\index.php(63): CodeIgniter\Boot::bootWeb(Object(Config\Paths))
WARNING - 2025-06-05 13:51:25 --> [DEPRECATED] Passing lowercase HTTP method "post" is deprecated. Use uppercase HTTP method like "POST". in SYSTEMPATH\Router\RouteCollection.php on line 1027.
 1 SYSTEMPATH\Router\RouteCollection.php(1027): trigger_error('Passing lowercase HTTP method "post" is deprecated. Use uppercase HTTP method like "POST".', 16384)
 2 APPPATH\Config\Routes\UserRoutes.php(63): CodeIgniter\Router\RouteCollection->match([...], 'track-order', 'OrderController::track_order', [...])
 3 APPPATH\Config\Routes\UserRoutes.php(26): App\Config\Routes\UserRoutes::defineRoutes(Object(CodeIgniter\Router\RouteCollection))
 4 SYSTEMPATH\Router\RouteCollection.php(800): App\Config\Routes\UserRoutes::App\Config\Routes\{closure}(Object(CodeIgniter\Router\RouteCollection))
 5 APPPATH\Config\Routes\UserRoutes.php(25): CodeIgniter\Router\RouteCollection->group('{locale}', Object(Closure))
 6 APPPATH\Config\Routes.php(21): App\Config\Routes\UserRoutes::init(Object(CodeIgniter\Router\RouteCollection))
 7 SYSTEMPATH\Router\RouteCollection.php(340): require('C:\\xampp\\htdocs\\smartstore\\app\\Config\\Routes.php')
 8 SYSTEMPATH\CodeIgniter.php(823): CodeIgniter\Router\RouteCollection->loadRoutes()
 9 SYSTEMPATH\CodeIgniter.php(457): CodeIgniter\CodeIgniter->tryToRouteIt(null)
10 SYSTEMPATH\CodeIgniter.php(355): CodeIgniter\CodeIgniter->handleRequest(null, Object(Config\Cache), false)
11 SYSTEMPATH\Boot.php(325): CodeIgniter\CodeIgniter->run()
12 SYSTEMPATH\Boot.php(67): CodeIgniter\Boot::runCodeIgniter(Object(CodeIgniter\CodeIgniter))
13 FCPATH\index.php(63): CodeIgniter\Boot::bootWeb(Object(Config\Paths))
INFO - 2025-06-05 13:51:25 --> Session: Class initialized using 'CodeIgniter\Session\Handlers\FileHandler' driver.
WARNING - 2025-06-05 13:51:25 --> [DEPRECATED] Creation of dynamic property App\Controllers\Public\PageController::$load_files is deprecated in APPPATH\Controllers\Public\PageController.php on line 21.
 1 SYSTEMPATH\CodeIgniter.php(903): App\Controllers\Public\PageController->__construct()
 2 SYSTEMPATH\CodeIgniter.php(500): CodeIgniter\CodeIgniter->createController()
 3 SYSTEMPATH\CodeIgniter.php(355): CodeIgniter\CodeIgniter->handleRequest(null, Object(Config\Cache), false)
 4 SYSTEMPATH\Boot.php(325): CodeIgniter\CodeIgniter->run()
 5 SYSTEMPATH\Boot.php(67): CodeIgniter\Boot::runCodeIgniter(Object(CodeIgniter\CodeIgniter))
 6 FCPATH\index.php(63): CodeIgniter\Boot::bootWeb(Object(Config\Paths))
WARNING - 2025-06-05 13:51:25 --> [DEPRECATED] Creation of dynamic property App\Controllers\Public\PageController::$page_title is deprecated in APPPATH\Controllers\Public\PageController.php on line 22.
 1 SYSTEMPATH\CodeIgniter.php(903): App\Controllers\Public\PageController->__construct()
 2 SYSTEMPATH\CodeIgniter.php(500): CodeIgniter\CodeIgniter->createController()
 3 SYSTEMPATH\CodeIgniter.php(355): CodeIgniter\CodeIgniter->handleRequest(null, Object(Config\Cache), false)
 4 SYSTEMPATH\Boot.php(325): CodeIgniter\CodeIgniter->run()
 5 SYSTEMPATH\Boot.php(67): CodeIgniter\Boot::runCodeIgniter(Object(CodeIgniter\CodeIgniter))
 6 FCPATH\index.php(63): CodeIgniter\Boot::bootWeb(Object(Config\Paths))
WARNING - 2025-06-05 13:51:36 --> [DEPRECATED] Passing lowercase HTTP method "get" is deprecated. Use uppercase HTTP method like "GET". in SYSTEMPATH\Router\RouteCollection.php on line 1027.
 1 SYSTEMPATH\Router\RouteCollection.php(1027): trigger_error('Passing lowercase HTTP method "get" is deprecated. Use uppercase HTTP method like "GET".', 16384)
 2 APPPATH\Config\Routes\AdminRoutes.php(65): CodeIgniter\Router\RouteCollection->match([...], 'send_test_mail', 'SettingsController::send_test_mail')
 3 SYSTEMPATH\Router\RouteCollection.php(800): App\Config\Routes\AdminRoutes::App\Config\Routes\{closure}(Object(CodeIgniter\Router\RouteCollection))
 4 APPPATH\Config\Routes\AdminRoutes.php(63): CodeIgniter\Router\RouteCollection->group('settings', [...], Object(Closure))
 5 SYSTEMPATH\Router\RouteCollection.php(800): App\Config\Routes\AdminRoutes::App\Config\Routes\{closure}(Object(CodeIgniter\Router\RouteCollection))
 6 APPPATH\Config\Routes\AdminRoutes.php(28): CodeIgniter\Router\RouteCollection->group('admin', [...], Object(Closure))
 7 APPPATH\Config\Routes.php(20): App\Config\Routes\AdminRoutes::init(Object(CodeIgniter\Router\RouteCollection))
 8 SYSTEMPATH\Router\RouteCollection.php(340): require('C:\\xampp\\htdocs\\smartstore\\app\\Config\\Routes.php')
 9 SYSTEMPATH\CodeIgniter.php(823): CodeIgniter\Router\RouteCollection->loadRoutes()
10 SYSTEMPATH\CodeIgniter.php(457): CodeIgniter\CodeIgniter->tryToRouteIt(null)
11 SYSTEMPATH\CodeIgniter.php(355): CodeIgniter\CodeIgniter->handleRequest(null, Object(Config\Cache), false)
12 SYSTEMPATH\Boot.php(325): CodeIgniter\CodeIgniter->run()
13 SYSTEMPATH\Boot.php(67): CodeIgniter\Boot::runCodeIgniter(Object(CodeIgniter\CodeIgniter))
14 FCPATH\index.php(63): CodeIgniter\Boot::bootWeb(Object(Config\Paths))
WARNING - 2025-06-05 13:51:36 --> [DEPRECATED] Passing lowercase HTTP method "post" is deprecated. Use uppercase HTTP method like "POST". in SYSTEMPATH\Router\RouteCollection.php on line 1027.
 1 SYSTEMPATH\Router\RouteCollection.php(1027): trigger_error('Passing lowercase HTTP method "post" is deprecated. Use uppercase HTTP method like "POST".', 16384)
 2 APPPATH\Config\Routes\AdminRoutes.php(65): CodeIgniter\Router\RouteCollection->match([...], 'send_test_mail', 'SettingsController::send_test_mail')
 3 SYSTEMPATH\Router\RouteCollection.php(800): App\Config\Routes\AdminRoutes::App\Config\Routes\{closure}(Object(CodeIgniter\Router\RouteCollection))
 4 APPPATH\Config\Routes\AdminRoutes.php(63): CodeIgniter\Router\RouteCollection->group('settings', [...], Object(Closure))
 5 SYSTEMPATH\Router\RouteCollection.php(800): App\Config\Routes\AdminRoutes::App\Config\Routes\{closure}(Object(CodeIgniter\Router\RouteCollection))
 6 APPPATH\Config\Routes\AdminRoutes.php(28): CodeIgniter\Router\RouteCollection->group('admin', [...], Object(Closure))
 7 APPPATH\Config\Routes.php(20): App\Config\Routes\AdminRoutes::init(Object(CodeIgniter\Router\RouteCollection))
 8 SYSTEMPATH\Router\RouteCollection.php(340): require('C:\\xampp\\htdocs\\smartstore\\app\\Config\\Routes.php')
 9 SYSTEMPATH\CodeIgniter.php(823): CodeIgniter\Router\RouteCollection->loadRoutes()
10 SYSTEMPATH\CodeIgniter.php(457): CodeIgniter\CodeIgniter->tryToRouteIt(null)
11 SYSTEMPATH\CodeIgniter.php(355): CodeIgniter\CodeIgniter->handleRequest(null, Object(Config\Cache), false)
12 SYSTEMPATH\Boot.php(325): CodeIgniter\CodeIgniter->run()
13 SYSTEMPATH\Boot.php(67): CodeIgniter\Boot::runCodeIgniter(Object(CodeIgniter\CodeIgniter))
14 FCPATH\index.php(63): CodeIgniter\Boot::bootWeb(Object(Config\Paths))
WARNING - 2025-06-05 13:51:36 --> [DEPRECATED] Passing lowercase HTTP method "get" is deprecated. Use uppercase HTTP method like "GET". in SYSTEMPATH\Router\RouteCollection.php on line 1027.
 1 SYSTEMPATH\Router\RouteCollection.php(1027): trigger_error('Passing lowercase HTTP method "get" is deprecated. Use uppercase HTTP method like "GET".', 16384)
 2 APPPATH\Config\Routes\AdminRoutes.php(76): CodeIgniter\Router\RouteCollection->match([...], 'elfinder_connector', 'FilemanagerController::elfinder_connector')
 3 SYSTEMPATH\Router\RouteCollection.php(800): App\Config\Routes\AdminRoutes::App\Config\Routes\{closure}(Object(CodeIgniter\Router\RouteCollection))
 4 APPPATH\Config\Routes\AdminRoutes.php(73): CodeIgniter\Router\RouteCollection->group('filemanager', [...], Object(Closure))
 5 SYSTEMPATH\Router\RouteCollection.php(800): App\Config\Routes\AdminRoutes::App\Config\Routes\{closure}(Object(CodeIgniter\Router\RouteCollection))
 6 APPPATH\Config\Routes\AdminRoutes.php(28): CodeIgniter\Router\RouteCollection->group('admin', [...], Object(Closure))
 7 APPPATH\Config\Routes.php(20): App\Config\Routes\AdminRoutes::init(Object(CodeIgniter\Router\RouteCollection))
 8 SYSTEMPATH\Router\RouteCollection.php(340): require('C:\\xampp\\htdocs\\smartstore\\app\\Config\\Routes.php')
 9 SYSTEMPATH\CodeIgniter.php(823): CodeIgniter\Router\RouteCollection->loadRoutes()
10 SYSTEMPATH\CodeIgniter.php(457): CodeIgniter\CodeIgniter->tryToRouteIt(null)
11 SYSTEMPATH\CodeIgniter.php(355): CodeIgniter\CodeIgniter->handleRequest(null, Object(Config\Cache), false)
12 SYSTEMPATH\Boot.php(325): CodeIgniter\CodeIgniter->run()
13 SYSTEMPATH\Boot.php(67): CodeIgniter\Boot::runCodeIgniter(Object(CodeIgniter\CodeIgniter))
14 FCPATH\index.php(63): CodeIgniter\Boot::bootWeb(Object(Config\Paths))
WARNING - 2025-06-05 13:51:36 --> [DEPRECATED] Passing lowercase HTTP method "post" is deprecated. Use uppercase HTTP method like "POST". in SYSTEMPATH\Router\RouteCollection.php on line 1027.
 1 SYSTEMPATH\Router\RouteCollection.php(1027): trigger_error('Passing lowercase HTTP method "post" is deprecated. Use uppercase HTTP method like "POST".', 16384)
 2 APPPATH\Config\Routes\AdminRoutes.php(76): CodeIgniter\Router\RouteCollection->match([...], 'elfinder_connector', 'FilemanagerController::elfinder_connector')
 3 SYSTEMPATH\Router\RouteCollection.php(800): App\Config\Routes\AdminRoutes::App\Config\Routes\{closure}(Object(CodeIgniter\Router\RouteCollection))
 4 APPPATH\Config\Routes\AdminRoutes.php(73): CodeIgniter\Router\RouteCollection->group('filemanager', [...], Object(Closure))
 5 SYSTEMPATH\Router\RouteCollection.php(800): App\Config\Routes\AdminRoutes::App\Config\Routes\{closure}(Object(CodeIgniter\Router\RouteCollection))
 6 APPPATH\Config\Routes\AdminRoutes.php(28): CodeIgniter\Router\RouteCollection->group('admin', [...], Object(Closure))
 7 APPPATH\Config\Routes.php(20): App\Config\Routes\AdminRoutes::init(Object(CodeIgniter\Router\RouteCollection))
 8 SYSTEMPATH\Router\RouteCollection.php(340): require('C:\\xampp\\htdocs\\smartstore\\app\\Config\\Routes.php')
 9 SYSTEMPATH\CodeIgniter.php(823): CodeIgniter\Router\RouteCollection->loadRoutes()
10 SYSTEMPATH\CodeIgniter.php(457): CodeIgniter\CodeIgniter->tryToRouteIt(null)
11 SYSTEMPATH\CodeIgniter.php(355): CodeIgniter\CodeIgniter->handleRequest(null, Object(Config\Cache), false)
12 SYSTEMPATH\Boot.php(325): CodeIgniter\CodeIgniter->run()
13 SYSTEMPATH\Boot.php(67): CodeIgniter\Boot::runCodeIgniter(Object(CodeIgniter\CodeIgniter))
14 FCPATH\index.php(63): CodeIgniter\Boot::bootWeb(Object(Config\Paths))
WARNING - 2025-06-05 13:51:36 --> [DEPRECATED] Passing lowercase HTTP method "get" is deprecated. Use uppercase HTTP method like "GET". in SYSTEMPATH\Router\RouteCollection.php on line 1027.
 1 SYSTEMPATH\Router\RouteCollection.php(1027): trigger_error('Passing lowercase HTTP method "get" is deprecated. Use uppercase HTTP method like "GET".', 16384)
 2 APPPATH\Config\Routes\AdminRoutes.php(172): CodeIgniter\Router\RouteCollection->match([...], 'sync_services/?(:num)?', 'ProvidersController::sync_services/$1')
 3 SYSTEMPATH\Router\RouteCollection.php(800): App\Config\Routes\AdminRoutes::App\Config\Routes\{closure}(Object(CodeIgniter\Router\RouteCollection))
 4 APPPATH\Config\Routes\AdminRoutes.php(167): CodeIgniter\Router\RouteCollection->group('providers', [...], Object(Closure))
 5 SYSTEMPATH\Router\RouteCollection.php(800): App\Config\Routes\AdminRoutes::App\Config\Routes\{closure}(Object(CodeIgniter\Router\RouteCollection))
 6 APPPATH\Config\Routes\AdminRoutes.php(28): CodeIgniter\Router\RouteCollection->group('admin', [...], Object(Closure))
 7 APPPATH\Config\Routes.php(20): App\Config\Routes\AdminRoutes::init(Object(CodeIgniter\Router\RouteCollection))
 8 SYSTEMPATH\Router\RouteCollection.php(340): require('C:\\xampp\\htdocs\\smartstore\\app\\Config\\Routes.php')
 9 SYSTEMPATH\CodeIgniter.php(823): CodeIgniter\Router\RouteCollection->loadRoutes()
10 SYSTEMPATH\CodeIgniter.php(457): CodeIgniter\CodeIgniter->tryToRouteIt(null)
11 SYSTEMPATH\CodeIgniter.php(355): CodeIgniter\CodeIgniter->handleRequest(null, Object(Config\Cache), false)
12 SYSTEMPATH\Boot.php(325): CodeIgniter\CodeIgniter->run()
13 SYSTEMPATH\Boot.php(67): CodeIgniter\Boot::runCodeIgniter(Object(CodeIgniter\CodeIgniter))
14 FCPATH\index.php(63): CodeIgniter\Boot::bootWeb(Object(Config\Paths))
WARNING - 2025-06-05 13:51:36 --> [DEPRECATED] Passing lowercase HTTP method "post" is deprecated. Use uppercase HTTP method like "POST". in SYSTEMPATH\Router\RouteCollection.php on line 1027.
 1 SYSTEMPATH\Router\RouteCollection.php(1027): trigger_error('Passing lowercase HTTP method "post" is deprecated. Use uppercase HTTP method like "POST".', 16384)
 2 APPPATH\Config\Routes\AdminRoutes.php(172): CodeIgniter\Router\RouteCollection->match([...], 'sync_services/?(:num)?', 'ProvidersController::sync_services/$1')
 3 SYSTEMPATH\Router\RouteCollection.php(800): App\Config\Routes\AdminRoutes::App\Config\Routes\{closure}(Object(CodeIgniter\Router\RouteCollection))
 4 APPPATH\Config\Routes\AdminRoutes.php(167): CodeIgniter\Router\RouteCollection->group('providers', [...], Object(Closure))
 5 SYSTEMPATH\Router\RouteCollection.php(800): App\Config\Routes\AdminRoutes::App\Config\Routes\{closure}(Object(CodeIgniter\Router\RouteCollection))
 6 APPPATH\Config\Routes\AdminRoutes.php(28): CodeIgniter\Router\RouteCollection->group('admin', [...], Object(Closure))
 7 APPPATH\Config\Routes.php(20): App\Config\Routes\AdminRoutes::init(Object(CodeIgniter\Router\RouteCollection))
 8 SYSTEMPATH\Router\RouteCollection.php(340): require('C:\\xampp\\htdocs\\smartstore\\app\\Config\\Routes.php')
 9 SYSTEMPATH\CodeIgniter.php(823): CodeIgniter\Router\RouteCollection->loadRoutes()
10 SYSTEMPATH\CodeIgniter.php(457): CodeIgniter\CodeIgniter->tryToRouteIt(null)
11 SYSTEMPATH\CodeIgniter.php(355): CodeIgniter\CodeIgniter->handleRequest(null, Object(Config\Cache), false)
12 SYSTEMPATH\Boot.php(325): CodeIgniter\CodeIgniter->run()
13 SYSTEMPATH\Boot.php(67): CodeIgniter\Boot::runCodeIgniter(Object(CodeIgniter\CodeIgniter))
14 FCPATH\index.php(63): CodeIgniter\Boot::bootWeb(Object(Config\Paths))
WARNING - 2025-06-05 13:51:36 --> [DEPRECATED] Passing lowercase HTTP method "get" is deprecated. Use uppercase HTTP method like "GET". in SYSTEMPATH\Router\RouteCollection.php on line 1027.
 1 SYSTEMPATH\Router\RouteCollection.php(1027): trigger_error('Passing lowercase HTTP method "get" is deprecated. Use uppercase HTTP method like "GET".', 16384)
 2 APPPATH\Config\Routes\AdminRoutes.php(185): CodeIgniter\Router\RouteCollection->match([...], 'add_note/?(:num)?', 'UsersController::add_note/$1')
 3 SYSTEMPATH\Router\RouteCollection.php(800): App\Config\Routes\AdminRoutes::App\Config\Routes\{closure}(Object(CodeIgniter\Router\RouteCollection))
 4 APPPATH\Config\Routes\AdminRoutes.php(182): CodeIgniter\Router\RouteCollection->group('users', [...], Object(Closure))
 5 SYSTEMPATH\Router\RouteCollection.php(800): App\Config\Routes\AdminRoutes::App\Config\Routes\{closure}(Object(CodeIgniter\Router\RouteCollection))
 6 APPPATH\Config\Routes\AdminRoutes.php(28): CodeIgniter\Router\RouteCollection->group('admin', [...], Object(Closure))
 7 APPPATH\Config\Routes.php(20): App\Config\Routes\AdminRoutes::init(Object(CodeIgniter\Router\RouteCollection))
 8 SYSTEMPATH\Router\RouteCollection.php(340): require('C:\\xampp\\htdocs\\smartstore\\app\\Config\\Routes.php')
 9 SYSTEMPATH\CodeIgniter.php(823): CodeIgniter\Router\RouteCollection->loadRoutes()
10 SYSTEMPATH\CodeIgniter.php(457): CodeIgniter\CodeIgniter->tryToRouteIt(null)
11 SYSTEMPATH\CodeIgniter.php(355): CodeIgniter\CodeIgniter->handleRequest(null, Object(Config\Cache), false)
12 SYSTEMPATH\Boot.php(325): CodeIgniter\CodeIgniter->run()
13 SYSTEMPATH\Boot.php(67): CodeIgniter\Boot::runCodeIgniter(Object(CodeIgniter\CodeIgniter))
14 FCPATH\index.php(63): CodeIgniter\Boot::bootWeb(Object(Config\Paths))
WARNING - 2025-06-05 13:51:36 --> [DEPRECATED] Passing lowercase HTTP method "post" is deprecated. Use uppercase HTTP method like "POST". in SYSTEMPATH\Router\RouteCollection.php on line 1027.
 1 SYSTEMPATH\Router\RouteCollection.php(1027): trigger_error('Passing lowercase HTTP method "post" is deprecated. Use uppercase HTTP method like "POST".', 16384)
 2 APPPATH\Config\Routes\AdminRoutes.php(185): CodeIgniter\Router\RouteCollection->match([...], 'add_note/?(:num)?', 'UsersController::add_note/$1')
 3 SYSTEMPATH\Router\RouteCollection.php(800): App\Config\Routes\AdminRoutes::App\Config\Routes\{closure}(Object(CodeIgniter\Router\RouteCollection))
 4 APPPATH\Config\Routes\AdminRoutes.php(182): CodeIgniter\Router\RouteCollection->group('users', [...], Object(Closure))
 5 SYSTEMPATH\Router\RouteCollection.php(800): App\Config\Routes\AdminRoutes::App\Config\Routes\{closure}(Object(CodeIgniter\Router\RouteCollection))
 6 APPPATH\Config\Routes\AdminRoutes.php(28): CodeIgniter\Router\RouteCollection->group('admin', [...], Object(Closure))
 7 APPPATH\Config\Routes.php(20): App\Config\Routes\AdminRoutes::init(Object(CodeIgniter\Router\RouteCollection))
 8 SYSTEMPATH\Router\RouteCollection.php(340): require('C:\\xampp\\htdocs\\smartstore\\app\\Config\\Routes.php')
 9 SYSTEMPATH\CodeIgniter.php(823): CodeIgniter\Router\RouteCollection->loadRoutes()
10 SYSTEMPATH\CodeIgniter.php(457): CodeIgniter\CodeIgniter->tryToRouteIt(null)
11 SYSTEMPATH\CodeIgniter.php(355): CodeIgniter\CodeIgniter->handleRequest(null, Object(Config\Cache), false)
12 SYSTEMPATH\Boot.php(325): CodeIgniter\CodeIgniter->run()
13 SYSTEMPATH\Boot.php(67): CodeIgniter\Boot::runCodeIgniter(Object(CodeIgniter\CodeIgniter))
14 FCPATH\index.php(63): CodeIgniter\Boot::bootWeb(Object(Config\Paths))
WARNING - 2025-06-05 13:51:36 --> [DEPRECATED] Passing lowercase HTTP method "get" is deprecated. Use uppercase HTTP method like "GET". in SYSTEMPATH\Router\RouteCollection.php on line 1027.
 1 SYSTEMPATH\Router\RouteCollection.php(1027): trigger_error('Passing lowercase HTTP method "get" is deprecated. Use uppercase HTTP method like "GET".', 16384)
 2 APPPATH\Config\Routes\AdminRoutes.php(186): CodeIgniter\Router\RouteCollection->match([...], 'send_mail/?(:num)?', 'UsersController::send_mail/$1')
 3 SYSTEMPATH\Router\RouteCollection.php(800): App\Config\Routes\AdminRoutes::App\Config\Routes\{closure}(Object(CodeIgniter\Router\RouteCollection))
 4 APPPATH\Config\Routes\AdminRoutes.php(182): CodeIgniter\Router\RouteCollection->group('users', [...], Object(Closure))
 5 SYSTEMPATH\Router\RouteCollection.php(800): App\Config\Routes\AdminRoutes::App\Config\Routes\{closure}(Object(CodeIgniter\Router\RouteCollection))
 6 APPPATH\Config\Routes\AdminRoutes.php(28): CodeIgniter\Router\RouteCollection->group('admin', [...], Object(Closure))
 7 APPPATH\Config\Routes.php(20): App\Config\Routes\AdminRoutes::init(Object(CodeIgniter\Router\RouteCollection))
 8 SYSTEMPATH\Router\RouteCollection.php(340): require('C:\\xampp\\htdocs\\smartstore\\app\\Config\\Routes.php')
 9 SYSTEMPATH\CodeIgniter.php(823): CodeIgniter\Router\RouteCollection->loadRoutes()
10 SYSTEMPATH\CodeIgniter.php(457): CodeIgniter\CodeIgniter->tryToRouteIt(null)
11 SYSTEMPATH\CodeIgniter.php(355): CodeIgniter\CodeIgniter->handleRequest(null, Object(Config\Cache), false)
12 SYSTEMPATH\Boot.php(325): CodeIgniter\CodeIgniter->run()
13 SYSTEMPATH\Boot.php(67): CodeIgniter\Boot::runCodeIgniter(Object(CodeIgniter\CodeIgniter))
14 FCPATH\index.php(63): CodeIgniter\Boot::bootWeb(Object(Config\Paths))
WARNING - 2025-06-05 13:51:36 --> [DEPRECATED] Passing lowercase HTTP method "post" is deprecated. Use uppercase HTTP method like "POST". in SYSTEMPATH\Router\RouteCollection.php on line 1027.
 1 SYSTEMPATH\Router\RouteCollection.php(1027): trigger_error('Passing lowercase HTTP method "post" is deprecated. Use uppercase HTTP method like "POST".', 16384)
 2 APPPATH\Config\Routes\AdminRoutes.php(186): CodeIgniter\Router\RouteCollection->match([...], 'send_mail/?(:num)?', 'UsersController::send_mail/$1')
 3 SYSTEMPATH\Router\RouteCollection.php(800): App\Config\Routes\AdminRoutes::App\Config\Routes\{closure}(Object(CodeIgniter\Router\RouteCollection))
 4 APPPATH\Config\Routes\AdminRoutes.php(182): CodeIgniter\Router\RouteCollection->group('users', [...], Object(Closure))
 5 SYSTEMPATH\Router\RouteCollection.php(800): App\Config\Routes\AdminRoutes::App\Config\Routes\{closure}(Object(CodeIgniter\Router\RouteCollection))
 6 APPPATH\Config\Routes\AdminRoutes.php(28): CodeIgniter\Router\RouteCollection->group('admin', [...], Object(Closure))
 7 APPPATH\Config\Routes.php(20): App\Config\Routes\AdminRoutes::init(Object(CodeIgniter\Router\RouteCollection))
 8 SYSTEMPATH\Router\RouteCollection.php(340): require('C:\\xampp\\htdocs\\smartstore\\app\\Config\\Routes.php')
 9 SYSTEMPATH\CodeIgniter.php(823): CodeIgniter\Router\RouteCollection->loadRoutes()
10 SYSTEMPATH\CodeIgniter.php(457): CodeIgniter\CodeIgniter->tryToRouteIt(null)
11 SYSTEMPATH\CodeIgniter.php(355): CodeIgniter\CodeIgniter->handleRequest(null, Object(Config\Cache), false)
12 SYSTEMPATH\Boot.php(325): CodeIgniter\CodeIgniter->run()
13 SYSTEMPATH\Boot.php(67): CodeIgniter\Boot::runCodeIgniter(Object(CodeIgniter\CodeIgniter))
14 FCPATH\index.php(63): CodeIgniter\Boot::bootWeb(Object(Config\Paths))
WARNING - 2025-06-05 13:51:36 --> [DEPRECATED] Passing lowercase HTTP method "get" is deprecated. Use uppercase HTTP method like "GET". in SYSTEMPATH\Router\RouteCollection.php on line 1027.
 1 SYSTEMPATH\Router\RouteCollection.php(1027): trigger_error('Passing lowercase HTTP method "get" is deprecated. Use uppercase HTTP method like "GET".', 16384)
 2 APPPATH\Config\Routes\AdminRoutes.php(215): CodeIgniter\Router\RouteCollection->match([...], 'send_mail/?(:num)?', 'TicketsController::send_mail/$1')
 3 SYSTEMPATH\Router\RouteCollection.php(800): App\Config\Routes\AdminRoutes::App\Config\Routes\{closure}(Object(CodeIgniter\Router\RouteCollection))
 4 APPPATH\Config\Routes\AdminRoutes.php(212): CodeIgniter\Router\RouteCollection->group('tickets', [...], Object(Closure))
 5 SYSTEMPATH\Router\RouteCollection.php(800): App\Config\Routes\AdminRoutes::App\Config\Routes\{closure}(Object(CodeIgniter\Router\RouteCollection))
 6 APPPATH\Config\Routes\AdminRoutes.php(28): CodeIgniter\Router\RouteCollection->group('admin', [...], Object(Closure))
 7 APPPATH\Config\Routes.php(20): App\Config\Routes\AdminRoutes::init(Object(CodeIgniter\Router\RouteCollection))
 8 SYSTEMPATH\Router\RouteCollection.php(340): require('C:\\xampp\\htdocs\\smartstore\\app\\Config\\Routes.php')
 9 SYSTEMPATH\CodeIgniter.php(823): CodeIgniter\Router\RouteCollection->loadRoutes()
10 SYSTEMPATH\CodeIgniter.php(457): CodeIgniter\CodeIgniter->tryToRouteIt(null)
11 SYSTEMPATH\CodeIgniter.php(355): CodeIgniter\CodeIgniter->handleRequest(null, Object(Config\Cache), false)
12 SYSTEMPATH\Boot.php(325): CodeIgniter\CodeIgniter->run()
13 SYSTEMPATH\Boot.php(67): CodeIgniter\Boot::runCodeIgniter(Object(CodeIgniter\CodeIgniter))
14 FCPATH\index.php(63): CodeIgniter\Boot::bootWeb(Object(Config\Paths))
WARNING - 2025-06-05 13:51:36 --> [DEPRECATED] Passing lowercase HTTP method "post" is deprecated. Use uppercase HTTP method like "POST". in SYSTEMPATH\Router\RouteCollection.php on line 1027.
 1 SYSTEMPATH\Router\RouteCollection.php(1027): trigger_error('Passing lowercase HTTP method "post" is deprecated. Use uppercase HTTP method like "POST".', 16384)
 2 APPPATH\Config\Routes\AdminRoutes.php(215): CodeIgniter\Router\RouteCollection->match([...], 'send_mail/?(:num)?', 'TicketsController::send_mail/$1')
 3 SYSTEMPATH\Router\RouteCollection.php(800): App\Config\Routes\AdminRoutes::App\Config\Routes\{closure}(Object(CodeIgniter\Router\RouteCollection))
 4 APPPATH\Config\Routes\AdminRoutes.php(212): CodeIgniter\Router\RouteCollection->group('tickets', [...], Object(Closure))
 5 SYSTEMPATH\Router\RouteCollection.php(800): App\Config\Routes\AdminRoutes::App\Config\Routes\{closure}(Object(CodeIgniter\Router\RouteCollection))
 6 APPPATH\Config\Routes\AdminRoutes.php(28): CodeIgniter\Router\RouteCollection->group('admin', [...], Object(Closure))
 7 APPPATH\Config\Routes.php(20): App\Config\Routes\AdminRoutes::init(Object(CodeIgniter\Router\RouteCollection))
 8 SYSTEMPATH\Router\RouteCollection.php(340): require('C:\\xampp\\htdocs\\smartstore\\app\\Config\\Routes.php')
 9 SYSTEMPATH\CodeIgniter.php(823): CodeIgniter\Router\RouteCollection->loadRoutes()
10 SYSTEMPATH\CodeIgniter.php(457): CodeIgniter\CodeIgniter->tryToRouteIt(null)
11 SYSTEMPATH\CodeIgniter.php(355): CodeIgniter\CodeIgniter->handleRequest(null, Object(Config\Cache), false)
12 SYSTEMPATH\Boot.php(325): CodeIgniter\CodeIgniter->run()
13 SYSTEMPATH\Boot.php(67): CodeIgniter\Boot::runCodeIgniter(Object(CodeIgniter\CodeIgniter))
14 FCPATH\index.php(63): CodeIgniter\Boot::bootWeb(Object(Config\Paths))
WARNING - 2025-06-05 13:51:36 --> [DEPRECATED] Passing lowercase HTTP method "get" is deprecated. Use uppercase HTTP method like "GET". in SYSTEMPATH\Router\RouteCollection.php on line 1027.
 1 SYSTEMPATH\Router\RouteCollection.php(1027): trigger_error('Passing lowercase HTTP method "get" is deprecated. Use uppercase HTTP method like "GET".', 16384)
 2 APPPATH\Config\Routes\UserRoutes.php(49): CodeIgniter\Router\RouteCollection->match([...], 'submit_review', 'ClientController::submit_review', [...])
 3 APPPATH\Config\Routes\UserRoutes.php(23): App\Config\Routes\UserRoutes::defineRoutes(Object(CodeIgniter\Router\RouteCollection))
 4 APPPATH\Config\Routes.php(21): App\Config\Routes\UserRoutes::init(Object(CodeIgniter\Router\RouteCollection))
 5 SYSTEMPATH\Router\RouteCollection.php(340): require('C:\\xampp\\htdocs\\smartstore\\app\\Config\\Routes.php')
 6 SYSTEMPATH\CodeIgniter.php(823): CodeIgniter\Router\RouteCollection->loadRoutes()
 7 SYSTEMPATH\CodeIgniter.php(457): CodeIgniter\CodeIgniter->tryToRouteIt(null)
 8 SYSTEMPATH\CodeIgniter.php(355): CodeIgniter\CodeIgniter->handleRequest(null, Object(Config\Cache), false)
 9 SYSTEMPATH\Boot.php(325): CodeIgniter\CodeIgniter->run()
10 SYSTEMPATH\Boot.php(67): CodeIgniter\Boot::runCodeIgniter(Object(CodeIgniter\CodeIgniter))
11 FCPATH\index.php(63): CodeIgniter\Boot::bootWeb(Object(Config\Paths))
WARNING - 2025-06-05 13:51:36 --> [DEPRECATED] Passing lowercase HTTP method "post" is deprecated. Use uppercase HTTP method like "POST". in SYSTEMPATH\Router\RouteCollection.php on line 1027.
 1 SYSTEMPATH\Router\RouteCollection.php(1027): trigger_error('Passing lowercase HTTP method "post" is deprecated. Use uppercase HTTP method like "POST".', 16384)
 2 APPPATH\Config\Routes\UserRoutes.php(49): CodeIgniter\Router\RouteCollection->match([...], 'submit_review', 'ClientController::submit_review', [...])
 3 APPPATH\Config\Routes\UserRoutes.php(23): App\Config\Routes\UserRoutes::defineRoutes(Object(CodeIgniter\Router\RouteCollection))
 4 APPPATH\Config\Routes.php(21): App\Config\Routes\UserRoutes::init(Object(CodeIgniter\Router\RouteCollection))
 5 SYSTEMPATH\Router\RouteCollection.php(340): require('C:\\xampp\\htdocs\\smartstore\\app\\Config\\Routes.php')
 6 SYSTEMPATH\CodeIgniter.php(823): CodeIgniter\Router\RouteCollection->loadRoutes()
 7 SYSTEMPATH\CodeIgniter.php(457): CodeIgniter\CodeIgniter->tryToRouteIt(null)
 8 SYSTEMPATH\CodeIgniter.php(355): CodeIgniter\CodeIgniter->handleRequest(null, Object(Config\Cache), false)
 9 SYSTEMPATH\Boot.php(325): CodeIgniter\CodeIgniter->run()
10 SYSTEMPATH\Boot.php(67): CodeIgniter\Boot::runCodeIgniter(Object(CodeIgniter\CodeIgniter))
11 FCPATH\index.php(63): CodeIgniter\Boot::bootWeb(Object(Config\Paths))
WARNING - 2025-06-05 13:51:36 --> [DEPRECATED] Passing lowercase HTTP method "get" is deprecated. Use uppercase HTTP method like "GET". in SYSTEMPATH\Router\RouteCollection.php on line 1027.
 1 SYSTEMPATH\Router\RouteCollection.php(1027): trigger_error('Passing lowercase HTTP method "get" is deprecated. Use uppercase HTTP method like "GET".', 16384)
 2 APPPATH\Config\Routes\UserRoutes.php(63): CodeIgniter\Router\RouteCollection->match([...], 'track-order', 'OrderController::track_order', [...])
 3 APPPATH\Config\Routes\UserRoutes.php(23): App\Config\Routes\UserRoutes::defineRoutes(Object(CodeIgniter\Router\RouteCollection))
 4 APPPATH\Config\Routes.php(21): App\Config\Routes\UserRoutes::init(Object(CodeIgniter\Router\RouteCollection))
 5 SYSTEMPATH\Router\RouteCollection.php(340): require('C:\\xampp\\htdocs\\smartstore\\app\\Config\\Routes.php')
 6 SYSTEMPATH\CodeIgniter.php(823): CodeIgniter\Router\RouteCollection->loadRoutes()
 7 SYSTEMPATH\CodeIgniter.php(457): CodeIgniter\CodeIgniter->tryToRouteIt(null)
 8 SYSTEMPATH\CodeIgniter.php(355): CodeIgniter\CodeIgniter->handleRequest(null, Object(Config\Cache), false)
 9 SYSTEMPATH\Boot.php(325): CodeIgniter\CodeIgniter->run()
10 SYSTEMPATH\Boot.php(67): CodeIgniter\Boot::runCodeIgniter(Object(CodeIgniter\CodeIgniter))
11 FCPATH\index.php(63): CodeIgniter\Boot::bootWeb(Object(Config\Paths))
WARNING - 2025-06-05 13:51:36 --> [DEPRECATED] Passing lowercase HTTP method "post" is deprecated. Use uppercase HTTP method like "POST". in SYSTEMPATH\Router\RouteCollection.php on line 1027.
 1 SYSTEMPATH\Router\RouteCollection.php(1027): trigger_error('Passing lowercase HTTP method "post" is deprecated. Use uppercase HTTP method like "POST".', 16384)
 2 APPPATH\Config\Routes\UserRoutes.php(63): CodeIgniter\Router\RouteCollection->match([...], 'track-order', 'OrderController::track_order', [...])
 3 APPPATH\Config\Routes\UserRoutes.php(23): App\Config\Routes\UserRoutes::defineRoutes(Object(CodeIgniter\Router\RouteCollection))
 4 APPPATH\Config\Routes.php(21): App\Config\Routes\UserRoutes::init(Object(CodeIgniter\Router\RouteCollection))
 5 SYSTEMPATH\Router\RouteCollection.php(340): require('C:\\xampp\\htdocs\\smartstore\\app\\Config\\Routes.php')
 6 SYSTEMPATH\CodeIgniter.php(823): CodeIgniter\Router\RouteCollection->loadRoutes()
 7 SYSTEMPATH\CodeIgniter.php(457): CodeIgniter\CodeIgniter->tryToRouteIt(null)
 8 SYSTEMPATH\CodeIgniter.php(355): CodeIgniter\CodeIgniter->handleRequest(null, Object(Config\Cache), false)
 9 SYSTEMPATH\Boot.php(325): CodeIgniter\CodeIgniter->run()
10 SYSTEMPATH\Boot.php(67): CodeIgniter\Boot::runCodeIgniter(Object(CodeIgniter\CodeIgniter))
11 FCPATH\index.php(63): CodeIgniter\Boot::bootWeb(Object(Config\Paths))
WARNING - 2025-06-05 13:51:36 --> [DEPRECATED] Passing lowercase HTTP method "get" is deprecated. Use uppercase HTTP method like "GET". in SYSTEMPATH\Router\RouteCollection.php on line 1027.
 1 SYSTEMPATH\Router\RouteCollection.php(1027): trigger_error('Passing lowercase HTTP method "get" is deprecated. Use uppercase HTTP method like "GET".', 16384)
 2 APPPATH\Config\Routes\UserRoutes.php(49): CodeIgniter\Router\RouteCollection->match([...], 'submit_review', 'ClientController::submit_review', [...])
 3 APPPATH\Config\Routes\UserRoutes.php(26): App\Config\Routes\UserRoutes::defineRoutes(Object(CodeIgniter\Router\RouteCollection))
 4 SYSTEMPATH\Router\RouteCollection.php(800): App\Config\Routes\UserRoutes::App\Config\Routes\{closure}(Object(CodeIgniter\Router\RouteCollection))
 5 APPPATH\Config\Routes\UserRoutes.php(25): CodeIgniter\Router\RouteCollection->group('{locale}', Object(Closure))
 6 APPPATH\Config\Routes.php(21): App\Config\Routes\UserRoutes::init(Object(CodeIgniter\Router\RouteCollection))
 7 SYSTEMPATH\Router\RouteCollection.php(340): require('C:\\xampp\\htdocs\\smartstore\\app\\Config\\Routes.php')
 8 SYSTEMPATH\CodeIgniter.php(823): CodeIgniter\Router\RouteCollection->loadRoutes()
 9 SYSTEMPATH\CodeIgniter.php(457): CodeIgniter\CodeIgniter->tryToRouteIt(null)
10 SYSTEMPATH\CodeIgniter.php(355): CodeIgniter\CodeIgniter->handleRequest(null, Object(Config\Cache), false)
11 SYSTEMPATH\Boot.php(325): CodeIgniter\CodeIgniter->run()
12 SYSTEMPATH\Boot.php(67): CodeIgniter\Boot::runCodeIgniter(Object(CodeIgniter\CodeIgniter))
13 FCPATH\index.php(63): CodeIgniter\Boot::bootWeb(Object(Config\Paths))
WARNING - 2025-06-05 13:51:36 --> [DEPRECATED] Passing lowercase HTTP method "post" is deprecated. Use uppercase HTTP method like "POST". in SYSTEMPATH\Router\RouteCollection.php on line 1027.
 1 SYSTEMPATH\Router\RouteCollection.php(1027): trigger_error('Passing lowercase HTTP method "post" is deprecated. Use uppercase HTTP method like "POST".', 16384)
 2 APPPATH\Config\Routes\UserRoutes.php(49): CodeIgniter\Router\RouteCollection->match([...], 'submit_review', 'ClientController::submit_review', [...])
 3 APPPATH\Config\Routes\UserRoutes.php(26): App\Config\Routes\UserRoutes::defineRoutes(Object(CodeIgniter\Router\RouteCollection))
 4 SYSTEMPATH\Router\RouteCollection.php(800): App\Config\Routes\UserRoutes::App\Config\Routes\{closure}(Object(CodeIgniter\Router\RouteCollection))
 5 APPPATH\Config\Routes\UserRoutes.php(25): CodeIgniter\Router\RouteCollection->group('{locale}', Object(Closure))
 6 APPPATH\Config\Routes.php(21): App\Config\Routes\UserRoutes::init(Object(CodeIgniter\Router\RouteCollection))
 7 SYSTEMPATH\Router\RouteCollection.php(340): require('C:\\xampp\\htdocs\\smartstore\\app\\Config\\Routes.php')
 8 SYSTEMPATH\CodeIgniter.php(823): CodeIgniter\Router\RouteCollection->loadRoutes()
 9 SYSTEMPATH\CodeIgniter.php(457): CodeIgniter\CodeIgniter->tryToRouteIt(null)
10 SYSTEMPATH\CodeIgniter.php(355): CodeIgniter\CodeIgniter->handleRequest(null, Object(Config\Cache), false)
11 SYSTEMPATH\Boot.php(325): CodeIgniter\CodeIgniter->run()
12 SYSTEMPATH\Boot.php(67): CodeIgniter\Boot::runCodeIgniter(Object(CodeIgniter\CodeIgniter))
13 FCPATH\index.php(63): CodeIgniter\Boot::bootWeb(Object(Config\Paths))
WARNING - 2025-06-05 13:51:36 --> [DEPRECATED] Passing lowercase HTTP method "get" is deprecated. Use uppercase HTTP method like "GET". in SYSTEMPATH\Router\RouteCollection.php on line 1027.
 1 SYSTEMPATH\Router\RouteCollection.php(1027): trigger_error('Passing lowercase HTTP method "get" is deprecated. Use uppercase HTTP method like "GET".', 16384)
 2 APPPATH\Config\Routes\UserRoutes.php(63): CodeIgniter\Router\RouteCollection->match([...], 'track-order', 'OrderController::track_order', [...])
 3 APPPATH\Config\Routes\UserRoutes.php(26): App\Config\Routes\UserRoutes::defineRoutes(Object(CodeIgniter\Router\RouteCollection))
 4 SYSTEMPATH\Router\RouteCollection.php(800): App\Config\Routes\UserRoutes::App\Config\Routes\{closure}(Object(CodeIgniter\Router\RouteCollection))
 5 APPPATH\Config\Routes\UserRoutes.php(25): CodeIgniter\Router\RouteCollection->group('{locale}', Object(Closure))
 6 APPPATH\Config\Routes.php(21): App\Config\Routes\UserRoutes::init(Object(CodeIgniter\Router\RouteCollection))
 7 SYSTEMPATH\Router\RouteCollection.php(340): require('C:\\xampp\\htdocs\\smartstore\\app\\Config\\Routes.php')
 8 SYSTEMPATH\CodeIgniter.php(823): CodeIgniter\Router\RouteCollection->loadRoutes()
 9 SYSTEMPATH\CodeIgniter.php(457): CodeIgniter\CodeIgniter->tryToRouteIt(null)
10 SYSTEMPATH\CodeIgniter.php(355): CodeIgniter\CodeIgniter->handleRequest(null, Object(Config\Cache), false)
11 SYSTEMPATH\Boot.php(325): CodeIgniter\CodeIgniter->run()
12 SYSTEMPATH\Boot.php(67): CodeIgniter\Boot::runCodeIgniter(Object(CodeIgniter\CodeIgniter))
13 FCPATH\index.php(63): CodeIgniter\Boot::bootWeb(Object(Config\Paths))
WARNING - 2025-06-05 13:51:36 --> [DEPRECATED] Passing lowercase HTTP method "post" is deprecated. Use uppercase HTTP method like "POST". in SYSTEMPATH\Router\RouteCollection.php on line 1027.
 1 SYSTEMPATH\Router\RouteCollection.php(1027): trigger_error('Passing lowercase HTTP method "post" is deprecated. Use uppercase HTTP method like "POST".', 16384)
 2 APPPATH\Config\Routes\UserRoutes.php(63): CodeIgniter\Router\RouteCollection->match([...], 'track-order', 'OrderController::track_order', [...])
 3 APPPATH\Config\Routes\UserRoutes.php(26): App\Config\Routes\UserRoutes::defineRoutes(Object(CodeIgniter\Router\RouteCollection))
 4 SYSTEMPATH\Router\RouteCollection.php(800): App\Config\Routes\UserRoutes::App\Config\Routes\{closure}(Object(CodeIgniter\Router\RouteCollection))
 5 APPPATH\Config\Routes\UserRoutes.php(25): CodeIgniter\Router\RouteCollection->group('{locale}', Object(Closure))
 6 APPPATH\Config\Routes.php(21): App\Config\Routes\UserRoutes::init(Object(CodeIgniter\Router\RouteCollection))
 7 SYSTEMPATH\Router\RouteCollection.php(340): require('C:\\xampp\\htdocs\\smartstore\\app\\Config\\Routes.php')
 8 SYSTEMPATH\CodeIgniter.php(823): CodeIgniter\Router\RouteCollection->loadRoutes()
 9 SYSTEMPATH\CodeIgniter.php(457): CodeIgniter\CodeIgniter->tryToRouteIt(null)
10 SYSTEMPATH\CodeIgniter.php(355): CodeIgniter\CodeIgniter->handleRequest(null, Object(Config\Cache), false)
11 SYSTEMPATH\Boot.php(325): CodeIgniter\CodeIgniter->run()
12 SYSTEMPATH\Boot.php(67): CodeIgniter\Boot::runCodeIgniter(Object(CodeIgniter\CodeIgniter))
13 FCPATH\index.php(63): CodeIgniter\Boot::bootWeb(Object(Config\Paths))
INFO - 2025-06-05 13:51:36 --> Session: Class initialized using 'CodeIgniter\Session\Handlers\FileHandler' driver.
WARNING - 2025-06-05 13:51:36 --> [DEPRECATED] Creation of dynamic property App\Controllers\Public\PageController::$load_files is deprecated in APPPATH\Controllers\Public\PageController.php on line 21.
 1 SYSTEMPATH\CodeIgniter.php(903): App\Controllers\Public\PageController->__construct()
 2 SYSTEMPATH\CodeIgniter.php(500): CodeIgniter\CodeIgniter->createController()
 3 SYSTEMPATH\CodeIgniter.php(355): CodeIgniter\CodeIgniter->handleRequest(null, Object(Config\Cache), false)
 4 SYSTEMPATH\Boot.php(325): CodeIgniter\CodeIgniter->run()
 5 SYSTEMPATH\Boot.php(67): CodeIgniter\Boot::runCodeIgniter(Object(CodeIgniter\CodeIgniter))
 6 FCPATH\index.php(63): CodeIgniter\Boot::bootWeb(Object(Config\Paths))
WARNING - 2025-06-05 13:51:36 --> [DEPRECATED] Creation of dynamic property App\Controllers\Public\PageController::$page_title is deprecated in APPPATH\Controllers\Public\PageController.php on line 22.
 1 SYSTEMPATH\CodeIgniter.php(903): App\Controllers\Public\PageController->__construct()
 2 SYSTEMPATH\CodeIgniter.php(500): CodeIgniter\CodeIgniter->createController()
 3 SYSTEMPATH\CodeIgniter.php(355): CodeIgniter\CodeIgniter->handleRequest(null, Object(Config\Cache), false)
 4 SYSTEMPATH\Boot.php(325): CodeIgniter\CodeIgniter->run()
 5 SYSTEMPATH\Boot.php(67): CodeIgniter\Boot::runCodeIgniter(Object(CodeIgniter\CodeIgniter))
 6 FCPATH\index.php(63): CodeIgniter\Boot::bootWeb(Object(Config\Paths))
WARNING - 2025-06-05 13:51:38 --> [DEPRECATED] Passing lowercase HTTP method "get" is deprecated. Use uppercase HTTP method like "GET". in SYSTEMPATH\Router\RouteCollection.php on line 1027.
 1 SYSTEMPATH\Router\RouteCollection.php(1027): trigger_error('Passing lowercase HTTP method "get" is deprecated. Use uppercase HTTP method like "GET".', 16384)
 2 APPPATH\Config\Routes\AdminRoutes.php(65): CodeIgniter\Router\RouteCollection->match([...], 'send_test_mail', 'SettingsController::send_test_mail')
 3 SYSTEMPATH\Router\RouteCollection.php(800): App\Config\Routes\AdminRoutes::App\Config\Routes\{closure}(Object(CodeIgniter\Router\RouteCollection))
 4 APPPATH\Config\Routes\AdminRoutes.php(63): CodeIgniter\Router\RouteCollection->group('settings', [...], Object(Closure))
 5 SYSTEMPATH\Router\RouteCollection.php(800): App\Config\Routes\AdminRoutes::App\Config\Routes\{closure}(Object(CodeIgniter\Router\RouteCollection))
 6 APPPATH\Config\Routes\AdminRoutes.php(28): CodeIgniter\Router\RouteCollection->group('admin', [...], Object(Closure))
 7 APPPATH\Config\Routes.php(20): App\Config\Routes\AdminRoutes::init(Object(CodeIgniter\Router\RouteCollection))
 8 SYSTEMPATH\Router\RouteCollection.php(340): require('C:\\xampp\\htdocs\\smartstore\\app\\Config\\Routes.php')
 9 SYSTEMPATH\CodeIgniter.php(823): CodeIgniter\Router\RouteCollection->loadRoutes()
10 SYSTEMPATH\CodeIgniter.php(457): CodeIgniter\CodeIgniter->tryToRouteIt(null)
11 SYSTEMPATH\CodeIgniter.php(355): CodeIgniter\CodeIgniter->handleRequest(null, Object(Config\Cache), false)
12 SYSTEMPATH\Boot.php(325): CodeIgniter\CodeIgniter->run()
13 SYSTEMPATH\Boot.php(67): CodeIgniter\Boot::runCodeIgniter(Object(CodeIgniter\CodeIgniter))
14 FCPATH\index.php(63): CodeIgniter\Boot::bootWeb(Object(Config\Paths))
WARNING - 2025-06-05 13:51:38 --> [DEPRECATED] Passing lowercase HTTP method "post" is deprecated. Use uppercase HTTP method like "POST". in SYSTEMPATH\Router\RouteCollection.php on line 1027.
 1 SYSTEMPATH\Router\RouteCollection.php(1027): trigger_error('Passing lowercase HTTP method "post" is deprecated. Use uppercase HTTP method like "POST".', 16384)
 2 APPPATH\Config\Routes\AdminRoutes.php(65): CodeIgniter\Router\RouteCollection->match([...], 'send_test_mail', 'SettingsController::send_test_mail')
 3 SYSTEMPATH\Router\RouteCollection.php(800): App\Config\Routes\AdminRoutes::App\Config\Routes\{closure}(Object(CodeIgniter\Router\RouteCollection))
 4 APPPATH\Config\Routes\AdminRoutes.php(63): CodeIgniter\Router\RouteCollection->group('settings', [...], Object(Closure))
 5 SYSTEMPATH\Router\RouteCollection.php(800): App\Config\Routes\AdminRoutes::App\Config\Routes\{closure}(Object(CodeIgniter\Router\RouteCollection))
 6 APPPATH\Config\Routes\AdminRoutes.php(28): CodeIgniter\Router\RouteCollection->group('admin', [...], Object(Closure))
 7 APPPATH\Config\Routes.php(20): App\Config\Routes\AdminRoutes::init(Object(CodeIgniter\Router\RouteCollection))
 8 SYSTEMPATH\Router\RouteCollection.php(340): require('C:\\xampp\\htdocs\\smartstore\\app\\Config\\Routes.php')
 9 SYSTEMPATH\CodeIgniter.php(823): CodeIgniter\Router\RouteCollection->loadRoutes()
10 SYSTEMPATH\CodeIgniter.php(457): CodeIgniter\CodeIgniter->tryToRouteIt(null)
11 SYSTEMPATH\CodeIgniter.php(355): CodeIgniter\CodeIgniter->handleRequest(null, Object(Config\Cache), false)
12 SYSTEMPATH\Boot.php(325): CodeIgniter\CodeIgniter->run()
13 SYSTEMPATH\Boot.php(67): CodeIgniter\Boot::runCodeIgniter(Object(CodeIgniter\CodeIgniter))
14 FCPATH\index.php(63): CodeIgniter\Boot::bootWeb(Object(Config\Paths))
WARNING - 2025-06-05 13:51:38 --> [DEPRECATED] Passing lowercase HTTP method "get" is deprecated. Use uppercase HTTP method like "GET". in SYSTEMPATH\Router\RouteCollection.php on line 1027.
 1 SYSTEMPATH\Router\RouteCollection.php(1027): trigger_error('Passing lowercase HTTP method "get" is deprecated. Use uppercase HTTP method like "GET".', 16384)
 2 APPPATH\Config\Routes\AdminRoutes.php(76): CodeIgniter\Router\RouteCollection->match([...], 'elfinder_connector', 'FilemanagerController::elfinder_connector')
 3 SYSTEMPATH\Router\RouteCollection.php(800): App\Config\Routes\AdminRoutes::App\Config\Routes\{closure}(Object(CodeIgniter\Router\RouteCollection))
 4 APPPATH\Config\Routes\AdminRoutes.php(73): CodeIgniter\Router\RouteCollection->group('filemanager', [...], Object(Closure))
 5 SYSTEMPATH\Router\RouteCollection.php(800): App\Config\Routes\AdminRoutes::App\Config\Routes\{closure}(Object(CodeIgniter\Router\RouteCollection))
 6 APPPATH\Config\Routes\AdminRoutes.php(28): CodeIgniter\Router\RouteCollection->group('admin', [...], Object(Closure))
 7 APPPATH\Config\Routes.php(20): App\Config\Routes\AdminRoutes::init(Object(CodeIgniter\Router\RouteCollection))
 8 SYSTEMPATH\Router\RouteCollection.php(340): require('C:\\xampp\\htdocs\\smartstore\\app\\Config\\Routes.php')
 9 SYSTEMPATH\CodeIgniter.php(823): CodeIgniter\Router\RouteCollection->loadRoutes()
10 SYSTEMPATH\CodeIgniter.php(457): CodeIgniter\CodeIgniter->tryToRouteIt(null)
11 SYSTEMPATH\CodeIgniter.php(355): CodeIgniter\CodeIgniter->handleRequest(null, Object(Config\Cache), false)
12 SYSTEMPATH\Boot.php(325): CodeIgniter\CodeIgniter->run()
13 SYSTEMPATH\Boot.php(67): CodeIgniter\Boot::runCodeIgniter(Object(CodeIgniter\CodeIgniter))
14 FCPATH\index.php(63): CodeIgniter\Boot::bootWeb(Object(Config\Paths))
WARNING - 2025-06-05 13:51:38 --> [DEPRECATED] Passing lowercase HTTP method "post" is deprecated. Use uppercase HTTP method like "POST". in SYSTEMPATH\Router\RouteCollection.php on line 1027.
 1 SYSTEMPATH\Router\RouteCollection.php(1027): trigger_error('Passing lowercase HTTP method "post" is deprecated. Use uppercase HTTP method like "POST".', 16384)
 2 APPPATH\Config\Routes\AdminRoutes.php(76): CodeIgniter\Router\RouteCollection->match([...], 'elfinder_connector', 'FilemanagerController::elfinder_connector')
 3 SYSTEMPATH\Router\RouteCollection.php(800): App\Config\Routes\AdminRoutes::App\Config\Routes\{closure}(Object(CodeIgniter\Router\RouteCollection))
 4 APPPATH\Config\Routes\AdminRoutes.php(73): CodeIgniter\Router\RouteCollection->group('filemanager', [...], Object(Closure))
 5 SYSTEMPATH\Router\RouteCollection.php(800): App\Config\Routes\AdminRoutes::App\Config\Routes\{closure}(Object(CodeIgniter\Router\RouteCollection))
 6 APPPATH\Config\Routes\AdminRoutes.php(28): CodeIgniter\Router\RouteCollection->group('admin', [...], Object(Closure))
 7 APPPATH\Config\Routes.php(20): App\Config\Routes\AdminRoutes::init(Object(CodeIgniter\Router\RouteCollection))
 8 SYSTEMPATH\Router\RouteCollection.php(340): require('C:\\xampp\\htdocs\\smartstore\\app\\Config\\Routes.php')
 9 SYSTEMPATH\CodeIgniter.php(823): CodeIgniter\Router\RouteCollection->loadRoutes()
10 SYSTEMPATH\CodeIgniter.php(457): CodeIgniter\CodeIgniter->tryToRouteIt(null)
11 SYSTEMPATH\CodeIgniter.php(355): CodeIgniter\CodeIgniter->handleRequest(null, Object(Config\Cache), false)
12 SYSTEMPATH\Boot.php(325): CodeIgniter\CodeIgniter->run()
13 SYSTEMPATH\Boot.php(67): CodeIgniter\Boot::runCodeIgniter(Object(CodeIgniter\CodeIgniter))
14 FCPATH\index.php(63): CodeIgniter\Boot::bootWeb(Object(Config\Paths))
WARNING - 2025-06-05 13:51:38 --> [DEPRECATED] Passing lowercase HTTP method "get" is deprecated. Use uppercase HTTP method like "GET". in SYSTEMPATH\Router\RouteCollection.php on line 1027.
 1 SYSTEMPATH\Router\RouteCollection.php(1027): trigger_error('Passing lowercase HTTP method "get" is deprecated. Use uppercase HTTP method like "GET".', 16384)
 2 APPPATH\Config\Routes\AdminRoutes.php(172): CodeIgniter\Router\RouteCollection->match([...], 'sync_services/?(:num)?', 'ProvidersController::sync_services/$1')
 3 SYSTEMPATH\Router\RouteCollection.php(800): App\Config\Routes\AdminRoutes::App\Config\Routes\{closure}(Object(CodeIgniter\Router\RouteCollection))
 4 APPPATH\Config\Routes\AdminRoutes.php(167): CodeIgniter\Router\RouteCollection->group('providers', [...], Object(Closure))
 5 SYSTEMPATH\Router\RouteCollection.php(800): App\Config\Routes\AdminRoutes::App\Config\Routes\{closure}(Object(CodeIgniter\Router\RouteCollection))
 6 APPPATH\Config\Routes\AdminRoutes.php(28): CodeIgniter\Router\RouteCollection->group('admin', [...], Object(Closure))
 7 APPPATH\Config\Routes.php(20): App\Config\Routes\AdminRoutes::init(Object(CodeIgniter\Router\RouteCollection))
 8 SYSTEMPATH\Router\RouteCollection.php(340): require('C:\\xampp\\htdocs\\smartstore\\app\\Config\\Routes.php')
 9 SYSTEMPATH\CodeIgniter.php(823): CodeIgniter\Router\RouteCollection->loadRoutes()
10 SYSTEMPATH\CodeIgniter.php(457): CodeIgniter\CodeIgniter->tryToRouteIt(null)
11 SYSTEMPATH\CodeIgniter.php(355): CodeIgniter\CodeIgniter->handleRequest(null, Object(Config\Cache), false)
12 SYSTEMPATH\Boot.php(325): CodeIgniter\CodeIgniter->run()
13 SYSTEMPATH\Boot.php(67): CodeIgniter\Boot::runCodeIgniter(Object(CodeIgniter\CodeIgniter))
14 FCPATH\index.php(63): CodeIgniter\Boot::bootWeb(Object(Config\Paths))
WARNING - 2025-06-05 13:51:38 --> [DEPRECATED] Passing lowercase HTTP method "post" is deprecated. Use uppercase HTTP method like "POST". in SYSTEMPATH\Router\RouteCollection.php on line 1027.
 1 SYSTEMPATH\Router\RouteCollection.php(1027): trigger_error('Passing lowercase HTTP method "post" is deprecated. Use uppercase HTTP method like "POST".', 16384)
 2 APPPATH\Config\Routes\AdminRoutes.php(172): CodeIgniter\Router\RouteCollection->match([...], 'sync_services/?(:num)?', 'ProvidersController::sync_services/$1')
 3 SYSTEMPATH\Router\RouteCollection.php(800): App\Config\Routes\AdminRoutes::App\Config\Routes\{closure}(Object(CodeIgniter\Router\RouteCollection))
 4 APPPATH\Config\Routes\AdminRoutes.php(167): CodeIgniter\Router\RouteCollection->group('providers', [...], Object(Closure))
 5 SYSTEMPATH\Router\RouteCollection.php(800): App\Config\Routes\AdminRoutes::App\Config\Routes\{closure}(Object(CodeIgniter\Router\RouteCollection))
 6 APPPATH\Config\Routes\AdminRoutes.php(28): CodeIgniter\Router\RouteCollection->group('admin', [...], Object(Closure))
 7 APPPATH\Config\Routes.php(20): App\Config\Routes\AdminRoutes::init(Object(CodeIgniter\Router\RouteCollection))
 8 SYSTEMPATH\Router\RouteCollection.php(340): require('C:\\xampp\\htdocs\\smartstore\\app\\Config\\Routes.php')
 9 SYSTEMPATH\CodeIgniter.php(823): CodeIgniter\Router\RouteCollection->loadRoutes()
10 SYSTEMPATH\CodeIgniter.php(457): CodeIgniter\CodeIgniter->tryToRouteIt(null)
11 SYSTEMPATH\CodeIgniter.php(355): CodeIgniter\CodeIgniter->handleRequest(null, Object(Config\Cache), false)
12 SYSTEMPATH\Boot.php(325): CodeIgniter\CodeIgniter->run()
13 SYSTEMPATH\Boot.php(67): CodeIgniter\Boot::runCodeIgniter(Object(CodeIgniter\CodeIgniter))
14 FCPATH\index.php(63): CodeIgniter\Boot::bootWeb(Object(Config\Paths))
WARNING - 2025-06-05 13:51:38 --> [DEPRECATED] Passing lowercase HTTP method "get" is deprecated. Use uppercase HTTP method like "GET". in SYSTEMPATH\Router\RouteCollection.php on line 1027.
 1 SYSTEMPATH\Router\RouteCollection.php(1027): trigger_error('Passing lowercase HTTP method "get" is deprecated. Use uppercase HTTP method like "GET".', 16384)
 2 APPPATH\Config\Routes\AdminRoutes.php(185): CodeIgniter\Router\RouteCollection->match([...], 'add_note/?(:num)?', 'UsersController::add_note/$1')
 3 SYSTEMPATH\Router\RouteCollection.php(800): App\Config\Routes\AdminRoutes::App\Config\Routes\{closure}(Object(CodeIgniter\Router\RouteCollection))
 4 APPPATH\Config\Routes\AdminRoutes.php(182): CodeIgniter\Router\RouteCollection->group('users', [...], Object(Closure))
 5 SYSTEMPATH\Router\RouteCollection.php(800): App\Config\Routes\AdminRoutes::App\Config\Routes\{closure}(Object(CodeIgniter\Router\RouteCollection))
 6 APPPATH\Config\Routes\AdminRoutes.php(28): CodeIgniter\Router\RouteCollection->group('admin', [...], Object(Closure))
 7 APPPATH\Config\Routes.php(20): App\Config\Routes\AdminRoutes::init(Object(CodeIgniter\Router\RouteCollection))
 8 SYSTEMPATH\Router\RouteCollection.php(340): require('C:\\xampp\\htdocs\\smartstore\\app\\Config\\Routes.php')
 9 SYSTEMPATH\CodeIgniter.php(823): CodeIgniter\Router\RouteCollection->loadRoutes()
10 SYSTEMPATH\CodeIgniter.php(457): CodeIgniter\CodeIgniter->tryToRouteIt(null)
11 SYSTEMPATH\CodeIgniter.php(355): CodeIgniter\CodeIgniter->handleRequest(null, Object(Config\Cache), false)
12 SYSTEMPATH\Boot.php(325): CodeIgniter\CodeIgniter->run()
13 SYSTEMPATH\Boot.php(67): CodeIgniter\Boot::runCodeIgniter(Object(CodeIgniter\CodeIgniter))
14 FCPATH\index.php(63): CodeIgniter\Boot::bootWeb(Object(Config\Paths))
WARNING - 2025-06-05 13:51:38 --> [DEPRECATED] Passing lowercase HTTP method "post" is deprecated. Use uppercase HTTP method like "POST". in SYSTEMPATH\Router\RouteCollection.php on line 1027.
 1 SYSTEMPATH\Router\RouteCollection.php(1027): trigger_error('Passing lowercase HTTP method "post" is deprecated. Use uppercase HTTP method like "POST".', 16384)
 2 APPPATH\Config\Routes\AdminRoutes.php(185): CodeIgniter\Router\RouteCollection->match([...], 'add_note/?(:num)?', 'UsersController::add_note/$1')
 3 SYSTEMPATH\Router\RouteCollection.php(800): App\Config\Routes\AdminRoutes::App\Config\Routes\{closure}(Object(CodeIgniter\Router\RouteCollection))
 4 APPPATH\Config\Routes\AdminRoutes.php(182): CodeIgniter\Router\RouteCollection->group('users', [...], Object(Closure))
 5 SYSTEMPATH\Router\RouteCollection.php(800): App\Config\Routes\AdminRoutes::App\Config\Routes\{closure}(Object(CodeIgniter\Router\RouteCollection))
 6 APPPATH\Config\Routes\AdminRoutes.php(28): CodeIgniter\Router\RouteCollection->group('admin', [...], Object(Closure))
 7 APPPATH\Config\Routes.php(20): App\Config\Routes\AdminRoutes::init(Object(CodeIgniter\Router\RouteCollection))
 8 SYSTEMPATH\Router\RouteCollection.php(340): require('C:\\xampp\\htdocs\\smartstore\\app\\Config\\Routes.php')
 9 SYSTEMPATH\CodeIgniter.php(823): CodeIgniter\Router\RouteCollection->loadRoutes()
10 SYSTEMPATH\CodeIgniter.php(457): CodeIgniter\CodeIgniter->tryToRouteIt(null)
11 SYSTEMPATH\CodeIgniter.php(355): CodeIgniter\CodeIgniter->handleRequest(null, Object(Config\Cache), false)
12 SYSTEMPATH\Boot.php(325): CodeIgniter\CodeIgniter->run()
13 SYSTEMPATH\Boot.php(67): CodeIgniter\Boot::runCodeIgniter(Object(CodeIgniter\CodeIgniter))
14 FCPATH\index.php(63): CodeIgniter\Boot::bootWeb(Object(Config\Paths))
WARNING - 2025-06-05 13:51:38 --> [DEPRECATED] Passing lowercase HTTP method "get" is deprecated. Use uppercase HTTP method like "GET". in SYSTEMPATH\Router\RouteCollection.php on line 1027.
 1 SYSTEMPATH\Router\RouteCollection.php(1027): trigger_error('Passing lowercase HTTP method "get" is deprecated. Use uppercase HTTP method like "GET".', 16384)
 2 APPPATH\Config\Routes\AdminRoutes.php(186): CodeIgniter\Router\RouteCollection->match([...], 'send_mail/?(:num)?', 'UsersController::send_mail/$1')
 3 SYSTEMPATH\Router\RouteCollection.php(800): App\Config\Routes\AdminRoutes::App\Config\Routes\{closure}(Object(CodeIgniter\Router\RouteCollection))
 4 APPPATH\Config\Routes\AdminRoutes.php(182): CodeIgniter\Router\RouteCollection->group('users', [...], Object(Closure))
 5 SYSTEMPATH\Router\RouteCollection.php(800): App\Config\Routes\AdminRoutes::App\Config\Routes\{closure}(Object(CodeIgniter\Router\RouteCollection))
 6 APPPATH\Config\Routes\AdminRoutes.php(28): CodeIgniter\Router\RouteCollection->group('admin', [...], Object(Closure))
 7 APPPATH\Config\Routes.php(20): App\Config\Routes\AdminRoutes::init(Object(CodeIgniter\Router\RouteCollection))
 8 SYSTEMPATH\Router\RouteCollection.php(340): require('C:\\xampp\\htdocs\\smartstore\\app\\Config\\Routes.php')
 9 SYSTEMPATH\CodeIgniter.php(823): CodeIgniter\Router\RouteCollection->loadRoutes()
10 SYSTEMPATH\CodeIgniter.php(457): CodeIgniter\CodeIgniter->tryToRouteIt(null)
11 SYSTEMPATH\CodeIgniter.php(355): CodeIgniter\CodeIgniter->handleRequest(null, Object(Config\Cache), false)
12 SYSTEMPATH\Boot.php(325): CodeIgniter\CodeIgniter->run()
13 SYSTEMPATH\Boot.php(67): CodeIgniter\Boot::runCodeIgniter(Object(CodeIgniter\CodeIgniter))
14 FCPATH\index.php(63): CodeIgniter\Boot::bootWeb(Object(Config\Paths))
WARNING - 2025-06-05 13:51:38 --> [DEPRECATED] Passing lowercase HTTP method "post" is deprecated. Use uppercase HTTP method like "POST". in SYSTEMPATH\Router\RouteCollection.php on line 1027.
 1 SYSTEMPATH\Router\RouteCollection.php(1027): trigger_error('Passing lowercase HTTP method "post" is deprecated. Use uppercase HTTP method like "POST".', 16384)
 2 APPPATH\Config\Routes\AdminRoutes.php(186): CodeIgniter\Router\RouteCollection->match([...], 'send_mail/?(:num)?', 'UsersController::send_mail/$1')
 3 SYSTEMPATH\Router\RouteCollection.php(800): App\Config\Routes\AdminRoutes::App\Config\Routes\{closure}(Object(CodeIgniter\Router\RouteCollection))
 4 APPPATH\Config\Routes\AdminRoutes.php(182): CodeIgniter\Router\RouteCollection->group('users', [...], Object(Closure))
 5 SYSTEMPATH\Router\RouteCollection.php(800): App\Config\Routes\AdminRoutes::App\Config\Routes\{closure}(Object(CodeIgniter\Router\RouteCollection))
 6 APPPATH\Config\Routes\AdminRoutes.php(28): CodeIgniter\Router\RouteCollection->group('admin', [...], Object(Closure))
 7 APPPATH\Config\Routes.php(20): App\Config\Routes\AdminRoutes::init(Object(CodeIgniter\Router\RouteCollection))
 8 SYSTEMPATH\Router\RouteCollection.php(340): require('C:\\xampp\\htdocs\\smartstore\\app\\Config\\Routes.php')
 9 SYSTEMPATH\CodeIgniter.php(823): CodeIgniter\Router\RouteCollection->loadRoutes()
10 SYSTEMPATH\CodeIgniter.php(457): CodeIgniter\CodeIgniter->tryToRouteIt(null)
11 SYSTEMPATH\CodeIgniter.php(355): CodeIgniter\CodeIgniter->handleRequest(null, Object(Config\Cache), false)
12 SYSTEMPATH\Boot.php(325): CodeIgniter\CodeIgniter->run()
13 SYSTEMPATH\Boot.php(67): CodeIgniter\Boot::runCodeIgniter(Object(CodeIgniter\CodeIgniter))
14 FCPATH\index.php(63): CodeIgniter\Boot::bootWeb(Object(Config\Paths))
WARNING - 2025-06-05 13:51:39 --> [DEPRECATED] Passing lowercase HTTP method "get" is deprecated. Use uppercase HTTP method like "GET". in SYSTEMPATH\Router\RouteCollection.php on line 1027.
 1 SYSTEMPATH\Router\RouteCollection.php(1027): trigger_error('Passing lowercase HTTP method "get" is deprecated. Use uppercase HTTP method like "GET".', 16384)
 2 APPPATH\Config\Routes\AdminRoutes.php(215): CodeIgniter\Router\RouteCollection->match([...], 'send_mail/?(:num)?', 'TicketsController::send_mail/$1')
 3 SYSTEMPATH\Router\RouteCollection.php(800): App\Config\Routes\AdminRoutes::App\Config\Routes\{closure}(Object(CodeIgniter\Router\RouteCollection))
 4 APPPATH\Config\Routes\AdminRoutes.php(212): CodeIgniter\Router\RouteCollection->group('tickets', [...], Object(Closure))
 5 SYSTEMPATH\Router\RouteCollection.php(800): App\Config\Routes\AdminRoutes::App\Config\Routes\{closure}(Object(CodeIgniter\Router\RouteCollection))
 6 APPPATH\Config\Routes\AdminRoutes.php(28): CodeIgniter\Router\RouteCollection->group('admin', [...], Object(Closure))
 7 APPPATH\Config\Routes.php(20): App\Config\Routes\AdminRoutes::init(Object(CodeIgniter\Router\RouteCollection))
 8 SYSTEMPATH\Router\RouteCollection.php(340): require('C:\\xampp\\htdocs\\smartstore\\app\\Config\\Routes.php')
 9 SYSTEMPATH\CodeIgniter.php(823): CodeIgniter\Router\RouteCollection->loadRoutes()
10 SYSTEMPATH\CodeIgniter.php(457): CodeIgniter\CodeIgniter->tryToRouteIt(null)
11 SYSTEMPATH\CodeIgniter.php(355): CodeIgniter\CodeIgniter->handleRequest(null, Object(Config\Cache), false)
12 SYSTEMPATH\Boot.php(325): CodeIgniter\CodeIgniter->run()
13 SYSTEMPATH\Boot.php(67): CodeIgniter\Boot::runCodeIgniter(Object(CodeIgniter\CodeIgniter))
14 FCPATH\index.php(63): CodeIgniter\Boot::bootWeb(Object(Config\Paths))
WARNING - 2025-06-05 13:51:39 --> [DEPRECATED] Passing lowercase HTTP method "post" is deprecated. Use uppercase HTTP method like "POST". in SYSTEMPATH\Router\RouteCollection.php on line 1027.
 1 SYSTEMPATH\Router\RouteCollection.php(1027): trigger_error('Passing lowercase HTTP method "post" is deprecated. Use uppercase HTTP method like "POST".', 16384)
 2 APPPATH\Config\Routes\AdminRoutes.php(215): CodeIgniter\Router\RouteCollection->match([...], 'send_mail/?(:num)?', 'TicketsController::send_mail/$1')
 3 SYSTEMPATH\Router\RouteCollection.php(800): App\Config\Routes\AdminRoutes::App\Config\Routes\{closure}(Object(CodeIgniter\Router\RouteCollection))
 4 APPPATH\Config\Routes\AdminRoutes.php(212): CodeIgniter\Router\RouteCollection->group('tickets', [...], Object(Closure))
 5 SYSTEMPATH\Router\RouteCollection.php(800): App\Config\Routes\AdminRoutes::App\Config\Routes\{closure}(Object(CodeIgniter\Router\RouteCollection))
 6 APPPATH\Config\Routes\AdminRoutes.php(28): CodeIgniter\Router\RouteCollection->group('admin', [...], Object(Closure))
 7 APPPATH\Config\Routes.php(20): App\Config\Routes\AdminRoutes::init(Object(CodeIgniter\Router\RouteCollection))
 8 SYSTEMPATH\Router\RouteCollection.php(340): require('C:\\xampp\\htdocs\\smartstore\\app\\Config\\Routes.php')
 9 SYSTEMPATH\CodeIgniter.php(823): CodeIgniter\Router\RouteCollection->loadRoutes()
10 SYSTEMPATH\CodeIgniter.php(457): CodeIgniter\CodeIgniter->tryToRouteIt(null)
11 SYSTEMPATH\CodeIgniter.php(355): CodeIgniter\CodeIgniter->handleRequest(null, Object(Config\Cache), false)
12 SYSTEMPATH\Boot.php(325): CodeIgniter\CodeIgniter->run()
13 SYSTEMPATH\Boot.php(67): CodeIgniter\Boot::runCodeIgniter(Object(CodeIgniter\CodeIgniter))
14 FCPATH\index.php(63): CodeIgniter\Boot::bootWeb(Object(Config\Paths))
WARNING - 2025-06-05 13:51:39 --> [DEPRECATED] Passing lowercase HTTP method "get" is deprecated. Use uppercase HTTP method like "GET". in SYSTEMPATH\Router\RouteCollection.php on line 1027.
 1 SYSTEMPATH\Router\RouteCollection.php(1027): trigger_error('Passing lowercase HTTP method "get" is deprecated. Use uppercase HTTP method like "GET".', 16384)
 2 APPPATH\Config\Routes\UserRoutes.php(49): CodeIgniter\Router\RouteCollection->match([...], 'submit_review', 'ClientController::submit_review', [...])
 3 APPPATH\Config\Routes\UserRoutes.php(23): App\Config\Routes\UserRoutes::defineRoutes(Object(CodeIgniter\Router\RouteCollection))
 4 APPPATH\Config\Routes.php(21): App\Config\Routes\UserRoutes::init(Object(CodeIgniter\Router\RouteCollection))
 5 SYSTEMPATH\Router\RouteCollection.php(340): require('C:\\xampp\\htdocs\\smartstore\\app\\Config\\Routes.php')
 6 SYSTEMPATH\CodeIgniter.php(823): CodeIgniter\Router\RouteCollection->loadRoutes()
 7 SYSTEMPATH\CodeIgniter.php(457): CodeIgniter\CodeIgniter->tryToRouteIt(null)
 8 SYSTEMPATH\CodeIgniter.php(355): CodeIgniter\CodeIgniter->handleRequest(null, Object(Config\Cache), false)
 9 SYSTEMPATH\Boot.php(325): CodeIgniter\CodeIgniter->run()
10 SYSTEMPATH\Boot.php(67): CodeIgniter\Boot::runCodeIgniter(Object(CodeIgniter\CodeIgniter))
11 FCPATH\index.php(63): CodeIgniter\Boot::bootWeb(Object(Config\Paths))
WARNING - 2025-06-05 13:51:39 --> [DEPRECATED] Passing lowercase HTTP method "post" is deprecated. Use uppercase HTTP method like "POST". in SYSTEMPATH\Router\RouteCollection.php on line 1027.
 1 SYSTEMPATH\Router\RouteCollection.php(1027): trigger_error('Passing lowercase HTTP method "post" is deprecated. Use uppercase HTTP method like "POST".', 16384)
 2 APPPATH\Config\Routes\UserRoutes.php(49): CodeIgniter\Router\RouteCollection->match([...], 'submit_review', 'ClientController::submit_review', [...])
 3 APPPATH\Config\Routes\UserRoutes.php(23): App\Config\Routes\UserRoutes::defineRoutes(Object(CodeIgniter\Router\RouteCollection))
 4 APPPATH\Config\Routes.php(21): App\Config\Routes\UserRoutes::init(Object(CodeIgniter\Router\RouteCollection))
 5 SYSTEMPATH\Router\RouteCollection.php(340): require('C:\\xampp\\htdocs\\smartstore\\app\\Config\\Routes.php')
 6 SYSTEMPATH\CodeIgniter.php(823): CodeIgniter\Router\RouteCollection->loadRoutes()
 7 SYSTEMPATH\CodeIgniter.php(457): CodeIgniter\CodeIgniter->tryToRouteIt(null)
 8 SYSTEMPATH\CodeIgniter.php(355): CodeIgniter\CodeIgniter->handleRequest(null, Object(Config\Cache), false)
 9 SYSTEMPATH\Boot.php(325): CodeIgniter\CodeIgniter->run()
10 SYSTEMPATH\Boot.php(67): CodeIgniter\Boot::runCodeIgniter(Object(CodeIgniter\CodeIgniter))
11 FCPATH\index.php(63): CodeIgniter\Boot::bootWeb(Object(Config\Paths))
WARNING - 2025-06-05 13:51:39 --> [DEPRECATED] Passing lowercase HTTP method "get" is deprecated. Use uppercase HTTP method like "GET". in SYSTEMPATH\Router\RouteCollection.php on line 1027.
 1 SYSTEMPATH\Router\RouteCollection.php(1027): trigger_error('Passing lowercase HTTP method "get" is deprecated. Use uppercase HTTP method like "GET".', 16384)
 2 APPPATH\Config\Routes\UserRoutes.php(63): CodeIgniter\Router\RouteCollection->match([...], 'track-order', 'OrderController::track_order', [...])
 3 APPPATH\Config\Routes\UserRoutes.php(23): App\Config\Routes\UserRoutes::defineRoutes(Object(CodeIgniter\Router\RouteCollection))
 4 APPPATH\Config\Routes.php(21): App\Config\Routes\UserRoutes::init(Object(CodeIgniter\Router\RouteCollection))
 5 SYSTEMPATH\Router\RouteCollection.php(340): require('C:\\xampp\\htdocs\\smartstore\\app\\Config\\Routes.php')
 6 SYSTEMPATH\CodeIgniter.php(823): CodeIgniter\Router\RouteCollection->loadRoutes()
 7 SYSTEMPATH\CodeIgniter.php(457): CodeIgniter\CodeIgniter->tryToRouteIt(null)
 8 SYSTEMPATH\CodeIgniter.php(355): CodeIgniter\CodeIgniter->handleRequest(null, Object(Config\Cache), false)
 9 SYSTEMPATH\Boot.php(325): CodeIgniter\CodeIgniter->run()
10 SYSTEMPATH\Boot.php(67): CodeIgniter\Boot::runCodeIgniter(Object(CodeIgniter\CodeIgniter))
11 FCPATH\index.php(63): CodeIgniter\Boot::bootWeb(Object(Config\Paths))
WARNING - 2025-06-05 13:51:39 --> [DEPRECATED] Passing lowercase HTTP method "post" is deprecated. Use uppercase HTTP method like "POST". in SYSTEMPATH\Router\RouteCollection.php on line 1027.
 1 SYSTEMPATH\Router\RouteCollection.php(1027): trigger_error('Passing lowercase HTTP method "post" is deprecated. Use uppercase HTTP method like "POST".', 16384)
 2 APPPATH\Config\Routes\UserRoutes.php(63): CodeIgniter\Router\RouteCollection->match([...], 'track-order', 'OrderController::track_order', [...])
 3 APPPATH\Config\Routes\UserRoutes.php(23): App\Config\Routes\UserRoutes::defineRoutes(Object(CodeIgniter\Router\RouteCollection))
 4 APPPATH\Config\Routes.php(21): App\Config\Routes\UserRoutes::init(Object(CodeIgniter\Router\RouteCollection))
 5 SYSTEMPATH\Router\RouteCollection.php(340): require('C:\\xampp\\htdocs\\smartstore\\app\\Config\\Routes.php')
 6 SYSTEMPATH\CodeIgniter.php(823): CodeIgniter\Router\RouteCollection->loadRoutes()
 7 SYSTEMPATH\CodeIgniter.php(457): CodeIgniter\CodeIgniter->tryToRouteIt(null)
 8 SYSTEMPATH\CodeIgniter.php(355): CodeIgniter\CodeIgniter->handleRequest(null, Object(Config\Cache), false)
 9 SYSTEMPATH\Boot.php(325): CodeIgniter\CodeIgniter->run()
10 SYSTEMPATH\Boot.php(67): CodeIgniter\Boot::runCodeIgniter(Object(CodeIgniter\CodeIgniter))
11 FCPATH\index.php(63): CodeIgniter\Boot::bootWeb(Object(Config\Paths))
WARNING - 2025-06-05 13:51:39 --> [DEPRECATED] Passing lowercase HTTP method "get" is deprecated. Use uppercase HTTP method like "GET". in SYSTEMPATH\Router\RouteCollection.php on line 1027.
 1 SYSTEMPATH\Router\RouteCollection.php(1027): trigger_error('Passing lowercase HTTP method "get" is deprecated. Use uppercase HTTP method like "GET".', 16384)
 2 APPPATH\Config\Routes\UserRoutes.php(49): CodeIgniter\Router\RouteCollection->match([...], 'submit_review', 'ClientController::submit_review', [...])
 3 APPPATH\Config\Routes\UserRoutes.php(26): App\Config\Routes\UserRoutes::defineRoutes(Object(CodeIgniter\Router\RouteCollection))
 4 SYSTEMPATH\Router\RouteCollection.php(800): App\Config\Routes\UserRoutes::App\Config\Routes\{closure}(Object(CodeIgniter\Router\RouteCollection))
 5 APPPATH\Config\Routes\UserRoutes.php(25): CodeIgniter\Router\RouteCollection->group('{locale}', Object(Closure))
 6 APPPATH\Config\Routes.php(21): App\Config\Routes\UserRoutes::init(Object(CodeIgniter\Router\RouteCollection))
 7 SYSTEMPATH\Router\RouteCollection.php(340): require('C:\\xampp\\htdocs\\smartstore\\app\\Config\\Routes.php')
 8 SYSTEMPATH\CodeIgniter.php(823): CodeIgniter\Router\RouteCollection->loadRoutes()
 9 SYSTEMPATH\CodeIgniter.php(457): CodeIgniter\CodeIgniter->tryToRouteIt(null)
10 SYSTEMPATH\CodeIgniter.php(355): CodeIgniter\CodeIgniter->handleRequest(null, Object(Config\Cache), false)
11 SYSTEMPATH\Boot.php(325): CodeIgniter\CodeIgniter->run()
12 SYSTEMPATH\Boot.php(67): CodeIgniter\Boot::runCodeIgniter(Object(CodeIgniter\CodeIgniter))
13 FCPATH\index.php(63): CodeIgniter\Boot::bootWeb(Object(Config\Paths))
WARNING - 2025-06-05 13:51:39 --> [DEPRECATED] Passing lowercase HTTP method "post" is deprecated. Use uppercase HTTP method like "POST". in SYSTEMPATH\Router\RouteCollection.php on line 1027.
 1 SYSTEMPATH\Router\RouteCollection.php(1027): trigger_error('Passing lowercase HTTP method "post" is deprecated. Use uppercase HTTP method like "POST".', 16384)
 2 APPPATH\Config\Routes\UserRoutes.php(49): CodeIgniter\Router\RouteCollection->match([...], 'submit_review', 'ClientController::submit_review', [...])
 3 APPPATH\Config\Routes\UserRoutes.php(26): App\Config\Routes\UserRoutes::defineRoutes(Object(CodeIgniter\Router\RouteCollection))
 4 SYSTEMPATH\Router\RouteCollection.php(800): App\Config\Routes\UserRoutes::App\Config\Routes\{closure}(Object(CodeIgniter\Router\RouteCollection))
 5 APPPATH\Config\Routes\UserRoutes.php(25): CodeIgniter\Router\RouteCollection->group('{locale}', Object(Closure))
 6 APPPATH\Config\Routes.php(21): App\Config\Routes\UserRoutes::init(Object(CodeIgniter\Router\RouteCollection))
 7 SYSTEMPATH\Router\RouteCollection.php(340): require('C:\\xampp\\htdocs\\smartstore\\app\\Config\\Routes.php')
 8 SYSTEMPATH\CodeIgniter.php(823): CodeIgniter\Router\RouteCollection->loadRoutes()
 9 SYSTEMPATH\CodeIgniter.php(457): CodeIgniter\CodeIgniter->tryToRouteIt(null)
10 SYSTEMPATH\CodeIgniter.php(355): CodeIgniter\CodeIgniter->handleRequest(null, Object(Config\Cache), false)
11 SYSTEMPATH\Boot.php(325): CodeIgniter\CodeIgniter->run()
12 SYSTEMPATH\Boot.php(67): CodeIgniter\Boot::runCodeIgniter(Object(CodeIgniter\CodeIgniter))
13 FCPATH\index.php(63): CodeIgniter\Boot::bootWeb(Object(Config\Paths))
WARNING - 2025-06-05 13:51:39 --> [DEPRECATED] Passing lowercase HTTP method "get" is deprecated. Use uppercase HTTP method like "GET". in SYSTEMPATH\Router\RouteCollection.php on line 1027.
 1 SYSTEMPATH\Router\RouteCollection.php(1027): trigger_error('Passing lowercase HTTP method "get" is deprecated. Use uppercase HTTP method like "GET".', 16384)
 2 APPPATH\Config\Routes\UserRoutes.php(63): CodeIgniter\Router\RouteCollection->match([...], 'track-order', 'OrderController::track_order', [...])
 3 APPPATH\Config\Routes\UserRoutes.php(26): App\Config\Routes\UserRoutes::defineRoutes(Object(CodeIgniter\Router\RouteCollection))
 4 SYSTEMPATH\Router\RouteCollection.php(800): App\Config\Routes\UserRoutes::App\Config\Routes\{closure}(Object(CodeIgniter\Router\RouteCollection))
 5 APPPATH\Config\Routes\UserRoutes.php(25): CodeIgniter\Router\RouteCollection->group('{locale}', Object(Closure))
 6 APPPATH\Config\Routes.php(21): App\Config\Routes\UserRoutes::init(Object(CodeIgniter\Router\RouteCollection))
 7 SYSTEMPATH\Router\RouteCollection.php(340): require('C:\\xampp\\htdocs\\smartstore\\app\\Config\\Routes.php')
 8 SYSTEMPATH\CodeIgniter.php(823): CodeIgniter\Router\RouteCollection->loadRoutes()
 9 SYSTEMPATH\CodeIgniter.php(457): CodeIgniter\CodeIgniter->tryToRouteIt(null)
10 SYSTEMPATH\CodeIgniter.php(355): CodeIgniter\CodeIgniter->handleRequest(null, Object(Config\Cache), false)
11 SYSTEMPATH\Boot.php(325): CodeIgniter\CodeIgniter->run()
12 SYSTEMPATH\Boot.php(67): CodeIgniter\Boot::runCodeIgniter(Object(CodeIgniter\CodeIgniter))
13 FCPATH\index.php(63): CodeIgniter\Boot::bootWeb(Object(Config\Paths))
WARNING - 2025-06-05 13:51:39 --> [DEPRECATED] Passing lowercase HTTP method "post" is deprecated. Use uppercase HTTP method like "POST". in SYSTEMPATH\Router\RouteCollection.php on line 1027.
 1 SYSTEMPATH\Router\RouteCollection.php(1027): trigger_error('Passing lowercase HTTP method "post" is deprecated. Use uppercase HTTP method like "POST".', 16384)
 2 APPPATH\Config\Routes\UserRoutes.php(63): CodeIgniter\Router\RouteCollection->match([...], 'track-order', 'OrderController::track_order', [...])
 3 APPPATH\Config\Routes\UserRoutes.php(26): App\Config\Routes\UserRoutes::defineRoutes(Object(CodeIgniter\Router\RouteCollection))
 4 SYSTEMPATH\Router\RouteCollection.php(800): App\Config\Routes\UserRoutes::App\Config\Routes\{closure}(Object(CodeIgniter\Router\RouteCollection))
 5 APPPATH\Config\Routes\UserRoutes.php(25): CodeIgniter\Router\RouteCollection->group('{locale}', Object(Closure))
 6 APPPATH\Config\Routes.php(21): App\Config\Routes\UserRoutes::init(Object(CodeIgniter\Router\RouteCollection))
 7 SYSTEMPATH\Router\RouteCollection.php(340): require('C:\\xampp\\htdocs\\smartstore\\app\\Config\\Routes.php')
 8 SYSTEMPATH\CodeIgniter.php(823): CodeIgniter\Router\RouteCollection->loadRoutes()
 9 SYSTEMPATH\CodeIgniter.php(457): CodeIgniter\CodeIgniter->tryToRouteIt(null)
10 SYSTEMPATH\CodeIgniter.php(355): CodeIgniter\CodeIgniter->handleRequest(null, Object(Config\Cache), false)
11 SYSTEMPATH\Boot.php(325): CodeIgniter\CodeIgniter->run()
12 SYSTEMPATH\Boot.php(67): CodeIgniter\Boot::runCodeIgniter(Object(CodeIgniter\CodeIgniter))
13 FCPATH\index.php(63): CodeIgniter\Boot::bootWeb(Object(Config\Paths))
INFO - 2025-06-05 13:51:39 --> Session: Class initialized using 'CodeIgniter\Session\Handlers\FileHandler' driver.
WARNING - 2025-06-05 13:51:39 --> [DEPRECATED] Creation of dynamic property App\Controllers\Public\PageController::$load_files is deprecated in APPPATH\Controllers\Public\PageController.php on line 21.
 1 SYSTEMPATH\CodeIgniter.php(903): App\Controllers\Public\PageController->__construct()
 2 SYSTEMPATH\CodeIgniter.php(500): CodeIgniter\CodeIgniter->createController()
 3 SYSTEMPATH\CodeIgniter.php(355): CodeIgniter\CodeIgniter->handleRequest(null, Object(Config\Cache), false)
 4 SYSTEMPATH\Boot.php(325): CodeIgniter\CodeIgniter->run()
 5 SYSTEMPATH\Boot.php(67): CodeIgniter\Boot::runCodeIgniter(Object(CodeIgniter\CodeIgniter))
 6 FCPATH\index.php(63): CodeIgniter\Boot::bootWeb(Object(Config\Paths))
WARNING - 2025-06-05 13:51:39 --> [DEPRECATED] Creation of dynamic property App\Controllers\Public\PageController::$page_title is deprecated in APPPATH\Controllers\Public\PageController.php on line 22.
 1 SYSTEMPATH\CodeIgniter.php(903): App\Controllers\Public\PageController->__construct()
 2 SYSTEMPATH\CodeIgniter.php(500): CodeIgniter\CodeIgniter->createController()
 3 SYSTEMPATH\CodeIgniter.php(355): CodeIgniter\CodeIgniter->handleRequest(null, Object(Config\Cache), false)
 4 SYSTEMPATH\Boot.php(325): CodeIgniter\CodeIgniter->run()
 5 SYSTEMPATH\Boot.php(67): CodeIgniter\Boot::runCodeIgniter(Object(CodeIgniter\CodeIgniter))
 6 FCPATH\index.php(63): CodeIgniter\Boot::bootWeb(Object(Config\Paths))
WARNING - 2025-06-05 13:52:03 --> [DEPRECATED] Passing lowercase HTTP method "get" is deprecated. Use uppercase HTTP method like "GET". in SYSTEMPATH\Router\RouteCollection.php on line 1027.
 1 SYSTEMPATH\Router\RouteCollection.php(1027): trigger_error('Passing lowercase HTTP method "get" is deprecated. Use uppercase HTTP method like "GET".', 16384)
 2 APPPATH\Config\Routes\AdminRoutes.php(65): CodeIgniter\Router\RouteCollection->match([...], 'send_test_mail', 'SettingsController::send_test_mail')
 3 SYSTEMPATH\Router\RouteCollection.php(800): App\Config\Routes\AdminRoutes::App\Config\Routes\{closure}(Object(CodeIgniter\Router\RouteCollection))
 4 APPPATH\Config\Routes\AdminRoutes.php(63): CodeIgniter\Router\RouteCollection->group('settings', [...], Object(Closure))
 5 SYSTEMPATH\Router\RouteCollection.php(800): App\Config\Routes\AdminRoutes::App\Config\Routes\{closure}(Object(CodeIgniter\Router\RouteCollection))
 6 APPPATH\Config\Routes\AdminRoutes.php(28): CodeIgniter\Router\RouteCollection->group('admin', [...], Object(Closure))
 7 APPPATH\Config\Routes.php(20): App\Config\Routes\AdminRoutes::init(Object(CodeIgniter\Router\RouteCollection))
 8 SYSTEMPATH\Router\RouteCollection.php(340): require('C:\\xampp\\htdocs\\smartstore\\app\\Config\\Routes.php')
 9 SYSTEMPATH\CodeIgniter.php(823): CodeIgniter\Router\RouteCollection->loadRoutes()
10 SYSTEMPATH\CodeIgniter.php(457): CodeIgniter\CodeIgniter->tryToRouteIt(null)
11 SYSTEMPATH\CodeIgniter.php(355): CodeIgniter\CodeIgniter->handleRequest(null, Object(Config\Cache), false)
12 SYSTEMPATH\Boot.php(325): CodeIgniter\CodeIgniter->run()
13 SYSTEMPATH\Boot.php(67): CodeIgniter\Boot::runCodeIgniter(Object(CodeIgniter\CodeIgniter))
14 FCPATH\index.php(63): CodeIgniter\Boot::bootWeb(Object(Config\Paths))
WARNING - 2025-06-05 13:52:03 --> [DEPRECATED] Passing lowercase HTTP method "post" is deprecated. Use uppercase HTTP method like "POST". in SYSTEMPATH\Router\RouteCollection.php on line 1027.
 1 SYSTEMPATH\Router\RouteCollection.php(1027): trigger_error('Passing lowercase HTTP method "post" is deprecated. Use uppercase HTTP method like "POST".', 16384)
 2 APPPATH\Config\Routes\AdminRoutes.php(65): CodeIgniter\Router\RouteCollection->match([...], 'send_test_mail', 'SettingsController::send_test_mail')
 3 SYSTEMPATH\Router\RouteCollection.php(800): App\Config\Routes\AdminRoutes::App\Config\Routes\{closure}(Object(CodeIgniter\Router\RouteCollection))
 4 APPPATH\Config\Routes\AdminRoutes.php(63): CodeIgniter\Router\RouteCollection->group('settings', [...], Object(Closure))
 5 SYSTEMPATH\Router\RouteCollection.php(800): App\Config\Routes\AdminRoutes::App\Config\Routes\{closure}(Object(CodeIgniter\Router\RouteCollection))
 6 APPPATH\Config\Routes\AdminRoutes.php(28): CodeIgniter\Router\RouteCollection->group('admin', [...], Object(Closure))
 7 APPPATH\Config\Routes.php(20): App\Config\Routes\AdminRoutes::init(Object(CodeIgniter\Router\RouteCollection))
 8 SYSTEMPATH\Router\RouteCollection.php(340): require('C:\\xampp\\htdocs\\smartstore\\app\\Config\\Routes.php')
 9 SYSTEMPATH\CodeIgniter.php(823): CodeIgniter\Router\RouteCollection->loadRoutes()
10 SYSTEMPATH\CodeIgniter.php(457): CodeIgniter\CodeIgniter->tryToRouteIt(null)
11 SYSTEMPATH\CodeIgniter.php(355): CodeIgniter\CodeIgniter->handleRequest(null, Object(Config\Cache), false)
12 SYSTEMPATH\Boot.php(325): CodeIgniter\CodeIgniter->run()
13 SYSTEMPATH\Boot.php(67): CodeIgniter\Boot::runCodeIgniter(Object(CodeIgniter\CodeIgniter))
14 FCPATH\index.php(63): CodeIgniter\Boot::bootWeb(Object(Config\Paths))
WARNING - 2025-06-05 13:52:03 --> [DEPRECATED] Passing lowercase HTTP method "get" is deprecated. Use uppercase HTTP method like "GET". in SYSTEMPATH\Router\RouteCollection.php on line 1027.
 1 SYSTEMPATH\Router\RouteCollection.php(1027): trigger_error('Passing lowercase HTTP method "get" is deprecated. Use uppercase HTTP method like "GET".', 16384)
 2 APPPATH\Config\Routes\AdminRoutes.php(76): CodeIgniter\Router\RouteCollection->match([...], 'elfinder_connector', 'FilemanagerController::elfinder_connector')
 3 SYSTEMPATH\Router\RouteCollection.php(800): App\Config\Routes\AdminRoutes::App\Config\Routes\{closure}(Object(CodeIgniter\Router\RouteCollection))
 4 APPPATH\Config\Routes\AdminRoutes.php(73): CodeIgniter\Router\RouteCollection->group('filemanager', [...], Object(Closure))
 5 SYSTEMPATH\Router\RouteCollection.php(800): App\Config\Routes\AdminRoutes::App\Config\Routes\{closure}(Object(CodeIgniter\Router\RouteCollection))
 6 APPPATH\Config\Routes\AdminRoutes.php(28): CodeIgniter\Router\RouteCollection->group('admin', [...], Object(Closure))
 7 APPPATH\Config\Routes.php(20): App\Config\Routes\AdminRoutes::init(Object(CodeIgniter\Router\RouteCollection))
 8 SYSTEMPATH\Router\RouteCollection.php(340): require('C:\\xampp\\htdocs\\smartstore\\app\\Config\\Routes.php')
 9 SYSTEMPATH\CodeIgniter.php(823): CodeIgniter\Router\RouteCollection->loadRoutes()
10 SYSTEMPATH\CodeIgniter.php(457): CodeIgniter\CodeIgniter->tryToRouteIt(null)
11 SYSTEMPATH\CodeIgniter.php(355): CodeIgniter\CodeIgniter->handleRequest(null, Object(Config\Cache), false)
12 SYSTEMPATH\Boot.php(325): CodeIgniter\CodeIgniter->run()
13 SYSTEMPATH\Boot.php(67): CodeIgniter\Boot::runCodeIgniter(Object(CodeIgniter\CodeIgniter))
14 FCPATH\index.php(63): CodeIgniter\Boot::bootWeb(Object(Config\Paths))
WARNING - 2025-06-05 13:52:03 --> [DEPRECATED] Passing lowercase HTTP method "post" is deprecated. Use uppercase HTTP method like "POST". in SYSTEMPATH\Router\RouteCollection.php on line 1027.
 1 SYSTEMPATH\Router\RouteCollection.php(1027): trigger_error('Passing lowercase HTTP method "post" is deprecated. Use uppercase HTTP method like "POST".', 16384)
 2 APPPATH\Config\Routes\AdminRoutes.php(76): CodeIgniter\Router\RouteCollection->match([...], 'elfinder_connector', 'FilemanagerController::elfinder_connector')
 3 SYSTEMPATH\Router\RouteCollection.php(800): App\Config\Routes\AdminRoutes::App\Config\Routes\{closure}(Object(CodeIgniter\Router\RouteCollection))
 4 APPPATH\Config\Routes\AdminRoutes.php(73): CodeIgniter\Router\RouteCollection->group('filemanager', [...], Object(Closure))
 5 SYSTEMPATH\Router\RouteCollection.php(800): App\Config\Routes\AdminRoutes::App\Config\Routes\{closure}(Object(CodeIgniter\Router\RouteCollection))
 6 APPPATH\Config\Routes\AdminRoutes.php(28): CodeIgniter\Router\RouteCollection->group('admin', [...], Object(Closure))
 7 APPPATH\Config\Routes.php(20): App\Config\Routes\AdminRoutes::init(Object(CodeIgniter\Router\RouteCollection))
 8 SYSTEMPATH\Router\RouteCollection.php(340): require('C:\\xampp\\htdocs\\smartstore\\app\\Config\\Routes.php')
 9 SYSTEMPATH\CodeIgniter.php(823): CodeIgniter\Router\RouteCollection->loadRoutes()
10 SYSTEMPATH\CodeIgniter.php(457): CodeIgniter\CodeIgniter->tryToRouteIt(null)
11 SYSTEMPATH\CodeIgniter.php(355): CodeIgniter\CodeIgniter->handleRequest(null, Object(Config\Cache), false)
12 SYSTEMPATH\Boot.php(325): CodeIgniter\CodeIgniter->run()
13 SYSTEMPATH\Boot.php(67): CodeIgniter\Boot::runCodeIgniter(Object(CodeIgniter\CodeIgniter))
14 FCPATH\index.php(63): CodeIgniter\Boot::bootWeb(Object(Config\Paths))
WARNING - 2025-06-05 13:52:03 --> [DEPRECATED] Passing lowercase HTTP method "get" is deprecated. Use uppercase HTTP method like "GET". in SYSTEMPATH\Router\RouteCollection.php on line 1027.
 1 SYSTEMPATH\Router\RouteCollection.php(1027): trigger_error('Passing lowercase HTTP method "get" is deprecated. Use uppercase HTTP method like "GET".', 16384)
 2 APPPATH\Config\Routes\AdminRoutes.php(172): CodeIgniter\Router\RouteCollection->match([...], 'sync_services/?(:num)?', 'ProvidersController::sync_services/$1')
 3 SYSTEMPATH\Router\RouteCollection.php(800): App\Config\Routes\AdminRoutes::App\Config\Routes\{closure}(Object(CodeIgniter\Router\RouteCollection))
 4 APPPATH\Config\Routes\AdminRoutes.php(167): CodeIgniter\Router\RouteCollection->group('providers', [...], Object(Closure))
 5 SYSTEMPATH\Router\RouteCollection.php(800): App\Config\Routes\AdminRoutes::App\Config\Routes\{closure}(Object(CodeIgniter\Router\RouteCollection))
 6 APPPATH\Config\Routes\AdminRoutes.php(28): CodeIgniter\Router\RouteCollection->group('admin', [...], Object(Closure))
 7 APPPATH\Config\Routes.php(20): App\Config\Routes\AdminRoutes::init(Object(CodeIgniter\Router\RouteCollection))
 8 SYSTEMPATH\Router\RouteCollection.php(340): require('C:\\xampp\\htdocs\\smartstore\\app\\Config\\Routes.php')
 9 SYSTEMPATH\CodeIgniter.php(823): CodeIgniter\Router\RouteCollection->loadRoutes()
10 SYSTEMPATH\CodeIgniter.php(457): CodeIgniter\CodeIgniter->tryToRouteIt(null)
11 SYSTEMPATH\CodeIgniter.php(355): CodeIgniter\CodeIgniter->handleRequest(null, Object(Config\Cache), false)
12 SYSTEMPATH\Boot.php(325): CodeIgniter\CodeIgniter->run()
13 SYSTEMPATH\Boot.php(67): CodeIgniter\Boot::runCodeIgniter(Object(CodeIgniter\CodeIgniter))
14 FCPATH\index.php(63): CodeIgniter\Boot::bootWeb(Object(Config\Paths))
WARNING - 2025-06-05 13:52:03 --> [DEPRECATED] Passing lowercase HTTP method "post" is deprecated. Use uppercase HTTP method like "POST". in SYSTEMPATH\Router\RouteCollection.php on line 1027.
 1 SYSTEMPATH\Router\RouteCollection.php(1027): trigger_error('Passing lowercase HTTP method "post" is deprecated. Use uppercase HTTP method like "POST".', 16384)
 2 APPPATH\Config\Routes\AdminRoutes.php(172): CodeIgniter\Router\RouteCollection->match([...], 'sync_services/?(:num)?', 'ProvidersController::sync_services/$1')
 3 SYSTEMPATH\Router\RouteCollection.php(800): App\Config\Routes\AdminRoutes::App\Config\Routes\{closure}(Object(CodeIgniter\Router\RouteCollection))
 4 APPPATH\Config\Routes\AdminRoutes.php(167): CodeIgniter\Router\RouteCollection->group('providers', [...], Object(Closure))
 5 SYSTEMPATH\Router\RouteCollection.php(800): App\Config\Routes\AdminRoutes::App\Config\Routes\{closure}(Object(CodeIgniter\Router\RouteCollection))
 6 APPPATH\Config\Routes\AdminRoutes.php(28): CodeIgniter\Router\RouteCollection->group('admin', [...], Object(Closure))
 7 APPPATH\Config\Routes.php(20): App\Config\Routes\AdminRoutes::init(Object(CodeIgniter\Router\RouteCollection))
 8 SYSTEMPATH\Router\RouteCollection.php(340): require('C:\\xampp\\htdocs\\smartstore\\app\\Config\\Routes.php')
 9 SYSTEMPATH\CodeIgniter.php(823): CodeIgniter\Router\RouteCollection->loadRoutes()
10 SYSTEMPATH\CodeIgniter.php(457): CodeIgniter\CodeIgniter->tryToRouteIt(null)
11 SYSTEMPATH\CodeIgniter.php(355): CodeIgniter\CodeIgniter->handleRequest(null, Object(Config\Cache), false)
12 SYSTEMPATH\Boot.php(325): CodeIgniter\CodeIgniter->run()
13 SYSTEMPATH\Boot.php(67): CodeIgniter\Boot::runCodeIgniter(Object(CodeIgniter\CodeIgniter))
14 FCPATH\index.php(63): CodeIgniter\Boot::bootWeb(Object(Config\Paths))
WARNING - 2025-06-05 13:52:03 --> [DEPRECATED] Passing lowercase HTTP method "get" is deprecated. Use uppercase HTTP method like "GET". in SYSTEMPATH\Router\RouteCollection.php on line 1027.
 1 SYSTEMPATH\Router\RouteCollection.php(1027): trigger_error('Passing lowercase HTTP method "get" is deprecated. Use uppercase HTTP method like "GET".', 16384)
 2 APPPATH\Config\Routes\AdminRoutes.php(185): CodeIgniter\Router\RouteCollection->match([...], 'add_note/?(:num)?', 'UsersController::add_note/$1')
 3 SYSTEMPATH\Router\RouteCollection.php(800): App\Config\Routes\AdminRoutes::App\Config\Routes\{closure}(Object(CodeIgniter\Router\RouteCollection))
 4 APPPATH\Config\Routes\AdminRoutes.php(182): CodeIgniter\Router\RouteCollection->group('users', [...], Object(Closure))
 5 SYSTEMPATH\Router\RouteCollection.php(800): App\Config\Routes\AdminRoutes::App\Config\Routes\{closure}(Object(CodeIgniter\Router\RouteCollection))
 6 APPPATH\Config\Routes\AdminRoutes.php(28): CodeIgniter\Router\RouteCollection->group('admin', [...], Object(Closure))
 7 APPPATH\Config\Routes.php(20): App\Config\Routes\AdminRoutes::init(Object(CodeIgniter\Router\RouteCollection))
 8 SYSTEMPATH\Router\RouteCollection.php(340): require('C:\\xampp\\htdocs\\smartstore\\app\\Config\\Routes.php')
 9 SYSTEMPATH\CodeIgniter.php(823): CodeIgniter\Router\RouteCollection->loadRoutes()
10 SYSTEMPATH\CodeIgniter.php(457): CodeIgniter\CodeIgniter->tryToRouteIt(null)
11 SYSTEMPATH\CodeIgniter.php(355): CodeIgniter\CodeIgniter->handleRequest(null, Object(Config\Cache), false)
12 SYSTEMPATH\Boot.php(325): CodeIgniter\CodeIgniter->run()
13 SYSTEMPATH\Boot.php(67): CodeIgniter\Boot::runCodeIgniter(Object(CodeIgniter\CodeIgniter))
14 FCPATH\index.php(63): CodeIgniter\Boot::bootWeb(Object(Config\Paths))
WARNING - 2025-06-05 13:52:03 --> [DEPRECATED] Passing lowercase HTTP method "post" is deprecated. Use uppercase HTTP method like "POST". in SYSTEMPATH\Router\RouteCollection.php on line 1027.
 1 SYSTEMPATH\Router\RouteCollection.php(1027): trigger_error('Passing lowercase HTTP method "post" is deprecated. Use uppercase HTTP method like "POST".', 16384)
 2 APPPATH\Config\Routes\AdminRoutes.php(185): CodeIgniter\Router\RouteCollection->match([...], 'add_note/?(:num)?', 'UsersController::add_note/$1')
 3 SYSTEMPATH\Router\RouteCollection.php(800): App\Config\Routes\AdminRoutes::App\Config\Routes\{closure}(Object(CodeIgniter\Router\RouteCollection))
 4 APPPATH\Config\Routes\AdminRoutes.php(182): CodeIgniter\Router\RouteCollection->group('users', [...], Object(Closure))
 5 SYSTEMPATH\Router\RouteCollection.php(800): App\Config\Routes\AdminRoutes::App\Config\Routes\{closure}(Object(CodeIgniter\Router\RouteCollection))
 6 APPPATH\Config\Routes\AdminRoutes.php(28): CodeIgniter\Router\RouteCollection->group('admin', [...], Object(Closure))
 7 APPPATH\Config\Routes.php(20): App\Config\Routes\AdminRoutes::init(Object(CodeIgniter\Router\RouteCollection))
 8 SYSTEMPATH\Router\RouteCollection.php(340): require('C:\\xampp\\htdocs\\smartstore\\app\\Config\\Routes.php')
 9 SYSTEMPATH\CodeIgniter.php(823): CodeIgniter\Router\RouteCollection->loadRoutes()
10 SYSTEMPATH\CodeIgniter.php(457): CodeIgniter\CodeIgniter->tryToRouteIt(null)
11 SYSTEMPATH\CodeIgniter.php(355): CodeIgniter\CodeIgniter->handleRequest(null, Object(Config\Cache), false)
12 SYSTEMPATH\Boot.php(325): CodeIgniter\CodeIgniter->run()
13 SYSTEMPATH\Boot.php(67): CodeIgniter\Boot::runCodeIgniter(Object(CodeIgniter\CodeIgniter))
14 FCPATH\index.php(63): CodeIgniter\Boot::bootWeb(Object(Config\Paths))
WARNING - 2025-06-05 13:52:03 --> [DEPRECATED] Passing lowercase HTTP method "get" is deprecated. Use uppercase HTTP method like "GET". in SYSTEMPATH\Router\RouteCollection.php on line 1027.
 1 SYSTEMPATH\Router\RouteCollection.php(1027): trigger_error('Passing lowercase HTTP method "get" is deprecated. Use uppercase HTTP method like "GET".', 16384)
 2 APPPATH\Config\Routes\AdminRoutes.php(186): CodeIgniter\Router\RouteCollection->match([...], 'send_mail/?(:num)?', 'UsersController::send_mail/$1')
 3 SYSTEMPATH\Router\RouteCollection.php(800): App\Config\Routes\AdminRoutes::App\Config\Routes\{closure}(Object(CodeIgniter\Router\RouteCollection))
 4 APPPATH\Config\Routes\AdminRoutes.php(182): CodeIgniter\Router\RouteCollection->group('users', [...], Object(Closure))
 5 SYSTEMPATH\Router\RouteCollection.php(800): App\Config\Routes\AdminRoutes::App\Config\Routes\{closure}(Object(CodeIgniter\Router\RouteCollection))
 6 APPPATH\Config\Routes\AdminRoutes.php(28): CodeIgniter\Router\RouteCollection->group('admin', [...], Object(Closure))
 7 APPPATH\Config\Routes.php(20): App\Config\Routes\AdminRoutes::init(Object(CodeIgniter\Router\RouteCollection))
 8 SYSTEMPATH\Router\RouteCollection.php(340): require('C:\\xampp\\htdocs\\smartstore\\app\\Config\\Routes.php')
 9 SYSTEMPATH\CodeIgniter.php(823): CodeIgniter\Router\RouteCollection->loadRoutes()
10 SYSTEMPATH\CodeIgniter.php(457): CodeIgniter\CodeIgniter->tryToRouteIt(null)
11 SYSTEMPATH\CodeIgniter.php(355): CodeIgniter\CodeIgniter->handleRequest(null, Object(Config\Cache), false)
12 SYSTEMPATH\Boot.php(325): CodeIgniter\CodeIgniter->run()
13 SYSTEMPATH\Boot.php(67): CodeIgniter\Boot::runCodeIgniter(Object(CodeIgniter\CodeIgniter))
14 FCPATH\index.php(63): CodeIgniter\Boot::bootWeb(Object(Config\Paths))
WARNING - 2025-06-05 13:52:03 --> [DEPRECATED] Passing lowercase HTTP method "post" is deprecated. Use uppercase HTTP method like "POST". in SYSTEMPATH\Router\RouteCollection.php on line 1027.
 1 SYSTEMPATH\Router\RouteCollection.php(1027): trigger_error('Passing lowercase HTTP method "post" is deprecated. Use uppercase HTTP method like "POST".', 16384)
 2 APPPATH\Config\Routes\AdminRoutes.php(186): CodeIgniter\Router\RouteCollection->match([...], 'send_mail/?(:num)?', 'UsersController::send_mail/$1')
 3 SYSTEMPATH\Router\RouteCollection.php(800): App\Config\Routes\AdminRoutes::App\Config\Routes\{closure}(Object(CodeIgniter\Router\RouteCollection))
 4 APPPATH\Config\Routes\AdminRoutes.php(182): CodeIgniter\Router\RouteCollection->group('users', [...], Object(Closure))
 5 SYSTEMPATH\Router\RouteCollection.php(800): App\Config\Routes\AdminRoutes::App\Config\Routes\{closure}(Object(CodeIgniter\Router\RouteCollection))
 6 APPPATH\Config\Routes\AdminRoutes.php(28): CodeIgniter\Router\RouteCollection->group('admin', [...], Object(Closure))
 7 APPPATH\Config\Routes.php(20): App\Config\Routes\AdminRoutes::init(Object(CodeIgniter\Router\RouteCollection))
 8 SYSTEMPATH\Router\RouteCollection.php(340): require('C:\\xampp\\htdocs\\smartstore\\app\\Config\\Routes.php')
 9 SYSTEMPATH\CodeIgniter.php(823): CodeIgniter\Router\RouteCollection->loadRoutes()
10 SYSTEMPATH\CodeIgniter.php(457): CodeIgniter\CodeIgniter->tryToRouteIt(null)
11 SYSTEMPATH\CodeIgniter.php(355): CodeIgniter\CodeIgniter->handleRequest(null, Object(Config\Cache), false)
12 SYSTEMPATH\Boot.php(325): CodeIgniter\CodeIgniter->run()
13 SYSTEMPATH\Boot.php(67): CodeIgniter\Boot::runCodeIgniter(Object(CodeIgniter\CodeIgniter))
14 FCPATH\index.php(63): CodeIgniter\Boot::bootWeb(Object(Config\Paths))
WARNING - 2025-06-05 13:52:03 --> [DEPRECATED] Passing lowercase HTTP method "get" is deprecated. Use uppercase HTTP method like "GET". in SYSTEMPATH\Router\RouteCollection.php on line 1027.
 1 SYSTEMPATH\Router\RouteCollection.php(1027): trigger_error('Passing lowercase HTTP method "get" is deprecated. Use uppercase HTTP method like "GET".', 16384)
 2 APPPATH\Config\Routes\AdminRoutes.php(215): CodeIgniter\Router\RouteCollection->match([...], 'send_mail/?(:num)?', 'TicketsController::send_mail/$1')
 3 SYSTEMPATH\Router\RouteCollection.php(800): App\Config\Routes\AdminRoutes::App\Config\Routes\{closure}(Object(CodeIgniter\Router\RouteCollection))
 4 APPPATH\Config\Routes\AdminRoutes.php(212): CodeIgniter\Router\RouteCollection->group('tickets', [...], Object(Closure))
 5 SYSTEMPATH\Router\RouteCollection.php(800): App\Config\Routes\AdminRoutes::App\Config\Routes\{closure}(Object(CodeIgniter\Router\RouteCollection))
 6 APPPATH\Config\Routes\AdminRoutes.php(28): CodeIgniter\Router\RouteCollection->group('admin', [...], Object(Closure))
 7 APPPATH\Config\Routes.php(20): App\Config\Routes\AdminRoutes::init(Object(CodeIgniter\Router\RouteCollection))
 8 SYSTEMPATH\Router\RouteCollection.php(340): require('C:\\xampp\\htdocs\\smartstore\\app\\Config\\Routes.php')
 9 SYSTEMPATH\CodeIgniter.php(823): CodeIgniter\Router\RouteCollection->loadRoutes()
10 SYSTEMPATH\CodeIgniter.php(457): CodeIgniter\CodeIgniter->tryToRouteIt(null)
11 SYSTEMPATH\CodeIgniter.php(355): CodeIgniter\CodeIgniter->handleRequest(null, Object(Config\Cache), false)
12 SYSTEMPATH\Boot.php(325): CodeIgniter\CodeIgniter->run()
13 SYSTEMPATH\Boot.php(67): CodeIgniter\Boot::runCodeIgniter(Object(CodeIgniter\CodeIgniter))
14 FCPATH\index.php(63): CodeIgniter\Boot::bootWeb(Object(Config\Paths))
WARNING - 2025-06-05 13:52:03 --> [DEPRECATED] Passing lowercase HTTP method "post" is deprecated. Use uppercase HTTP method like "POST". in SYSTEMPATH\Router\RouteCollection.php on line 1027.
 1 SYSTEMPATH\Router\RouteCollection.php(1027): trigger_error('Passing lowercase HTTP method "post" is deprecated. Use uppercase HTTP method like "POST".', 16384)
 2 APPPATH\Config\Routes\AdminRoutes.php(215): CodeIgniter\Router\RouteCollection->match([...], 'send_mail/?(:num)?', 'TicketsController::send_mail/$1')
 3 SYSTEMPATH\Router\RouteCollection.php(800): App\Config\Routes\AdminRoutes::App\Config\Routes\{closure}(Object(CodeIgniter\Router\RouteCollection))
 4 APPPATH\Config\Routes\AdminRoutes.php(212): CodeIgniter\Router\RouteCollection->group('tickets', [...], Object(Closure))
 5 SYSTEMPATH\Router\RouteCollection.php(800): App\Config\Routes\AdminRoutes::App\Config\Routes\{closure}(Object(CodeIgniter\Router\RouteCollection))
 6 APPPATH\Config\Routes\AdminRoutes.php(28): CodeIgniter\Router\RouteCollection->group('admin', [...], Object(Closure))
 7 APPPATH\Config\Routes.php(20): App\Config\Routes\AdminRoutes::init(Object(CodeIgniter\Router\RouteCollection))
 8 SYSTEMPATH\Router\RouteCollection.php(340): require('C:\\xampp\\htdocs\\smartstore\\app\\Config\\Routes.php')
 9 SYSTEMPATH\CodeIgniter.php(823): CodeIgniter\Router\RouteCollection->loadRoutes()
10 SYSTEMPATH\CodeIgniter.php(457): CodeIgniter\CodeIgniter->tryToRouteIt(null)
11 SYSTEMPATH\CodeIgniter.php(355): CodeIgniter\CodeIgniter->handleRequest(null, Object(Config\Cache), false)
12 SYSTEMPATH\Boot.php(325): CodeIgniter\CodeIgniter->run()
13 SYSTEMPATH\Boot.php(67): CodeIgniter\Boot::runCodeIgniter(Object(CodeIgniter\CodeIgniter))
14 FCPATH\index.php(63): CodeIgniter\Boot::bootWeb(Object(Config\Paths))
WARNING - 2025-06-05 13:52:03 --> [DEPRECATED] Passing lowercase HTTP method "get" is deprecated. Use uppercase HTTP method like "GET". in SYSTEMPATH\Router\RouteCollection.php on line 1027.
 1 SYSTEMPATH\Router\RouteCollection.php(1027): trigger_error('Passing lowercase HTTP method "get" is deprecated. Use uppercase HTTP method like "GET".', 16384)
 2 APPPATH\Config\Routes\UserRoutes.php(49): CodeIgniter\Router\RouteCollection->match([...], 'submit_review', 'ClientController::submit_review', [...])
 3 APPPATH\Config\Routes\UserRoutes.php(23): App\Config\Routes\UserRoutes::defineRoutes(Object(CodeIgniter\Router\RouteCollection))
 4 APPPATH\Config\Routes.php(21): App\Config\Routes\UserRoutes::init(Object(CodeIgniter\Router\RouteCollection))
 5 SYSTEMPATH\Router\RouteCollection.php(340): require('C:\\xampp\\htdocs\\smartstore\\app\\Config\\Routes.php')
 6 SYSTEMPATH\CodeIgniter.php(823): CodeIgniter\Router\RouteCollection->loadRoutes()
 7 SYSTEMPATH\CodeIgniter.php(457): CodeIgniter\CodeIgniter->tryToRouteIt(null)
 8 SYSTEMPATH\CodeIgniter.php(355): CodeIgniter\CodeIgniter->handleRequest(null, Object(Config\Cache), false)
 9 SYSTEMPATH\Boot.php(325): CodeIgniter\CodeIgniter->run()
10 SYSTEMPATH\Boot.php(67): CodeIgniter\Boot::runCodeIgniter(Object(CodeIgniter\CodeIgniter))
11 FCPATH\index.php(63): CodeIgniter\Boot::bootWeb(Object(Config\Paths))
WARNING - 2025-06-05 13:52:03 --> [DEPRECATED] Passing lowercase HTTP method "post" is deprecated. Use uppercase HTTP method like "POST". in SYSTEMPATH\Router\RouteCollection.php on line 1027.
 1 SYSTEMPATH\Router\RouteCollection.php(1027): trigger_error('Passing lowercase HTTP method "post" is deprecated. Use uppercase HTTP method like "POST".', 16384)
 2 APPPATH\Config\Routes\UserRoutes.php(49): CodeIgniter\Router\RouteCollection->match([...], 'submit_review', 'ClientController::submit_review', [...])
 3 APPPATH\Config\Routes\UserRoutes.php(23): App\Config\Routes\UserRoutes::defineRoutes(Object(CodeIgniter\Router\RouteCollection))
 4 APPPATH\Config\Routes.php(21): App\Config\Routes\UserRoutes::init(Object(CodeIgniter\Router\RouteCollection))
 5 SYSTEMPATH\Router\RouteCollection.php(340): require('C:\\xampp\\htdocs\\smartstore\\app\\Config\\Routes.php')
 6 SYSTEMPATH\CodeIgniter.php(823): CodeIgniter\Router\RouteCollection->loadRoutes()
 7 SYSTEMPATH\CodeIgniter.php(457): CodeIgniter\CodeIgniter->tryToRouteIt(null)
 8 SYSTEMPATH\CodeIgniter.php(355): CodeIgniter\CodeIgniter->handleRequest(null, Object(Config\Cache), false)
 9 SYSTEMPATH\Boot.php(325): CodeIgniter\CodeIgniter->run()
10 SYSTEMPATH\Boot.php(67): CodeIgniter\Boot::runCodeIgniter(Object(CodeIgniter\CodeIgniter))
11 FCPATH\index.php(63): CodeIgniter\Boot::bootWeb(Object(Config\Paths))
WARNING - 2025-06-05 13:52:03 --> [DEPRECATED] Passing lowercase HTTP method "get" is deprecated. Use uppercase HTTP method like "GET". in SYSTEMPATH\Router\RouteCollection.php on line 1027.
 1 SYSTEMPATH\Router\RouteCollection.php(1027): trigger_error('Passing lowercase HTTP method "get" is deprecated. Use uppercase HTTP method like "GET".', 16384)
 2 APPPATH\Config\Routes\UserRoutes.php(63): CodeIgniter\Router\RouteCollection->match([...], 'track-order', 'OrderController::track_order', [...])
 3 APPPATH\Config\Routes\UserRoutes.php(23): App\Config\Routes\UserRoutes::defineRoutes(Object(CodeIgniter\Router\RouteCollection))
 4 APPPATH\Config\Routes.php(21): App\Config\Routes\UserRoutes::init(Object(CodeIgniter\Router\RouteCollection))
 5 SYSTEMPATH\Router\RouteCollection.php(340): require('C:\\xampp\\htdocs\\smartstore\\app\\Config\\Routes.php')
 6 SYSTEMPATH\CodeIgniter.php(823): CodeIgniter\Router\RouteCollection->loadRoutes()
 7 SYSTEMPATH\CodeIgniter.php(457): CodeIgniter\CodeIgniter->tryToRouteIt(null)
 8 SYSTEMPATH\CodeIgniter.php(355): CodeIgniter\CodeIgniter->handleRequest(null, Object(Config\Cache), false)
 9 SYSTEMPATH\Boot.php(325): CodeIgniter\CodeIgniter->run()
10 SYSTEMPATH\Boot.php(67): CodeIgniter\Boot::runCodeIgniter(Object(CodeIgniter\CodeIgniter))
11 FCPATH\index.php(63): CodeIgniter\Boot::bootWeb(Object(Config\Paths))
WARNING - 2025-06-05 13:52:03 --> [DEPRECATED] Passing lowercase HTTP method "post" is deprecated. Use uppercase HTTP method like "POST". in SYSTEMPATH\Router\RouteCollection.php on line 1027.
 1 SYSTEMPATH\Router\RouteCollection.php(1027): trigger_error('Passing lowercase HTTP method "post" is deprecated. Use uppercase HTTP method like "POST".', 16384)
 2 APPPATH\Config\Routes\UserRoutes.php(63): CodeIgniter\Router\RouteCollection->match([...], 'track-order', 'OrderController::track_order', [...])
 3 APPPATH\Config\Routes\UserRoutes.php(23): App\Config\Routes\UserRoutes::defineRoutes(Object(CodeIgniter\Router\RouteCollection))
 4 APPPATH\Config\Routes.php(21): App\Config\Routes\UserRoutes::init(Object(CodeIgniter\Router\RouteCollection))
 5 SYSTEMPATH\Router\RouteCollection.php(340): require('C:\\xampp\\htdocs\\smartstore\\app\\Config\\Routes.php')
 6 SYSTEMPATH\CodeIgniter.php(823): CodeIgniter\Router\RouteCollection->loadRoutes()
 7 SYSTEMPATH\CodeIgniter.php(457): CodeIgniter\CodeIgniter->tryToRouteIt(null)
 8 SYSTEMPATH\CodeIgniter.php(355): CodeIgniter\CodeIgniter->handleRequest(null, Object(Config\Cache), false)
 9 SYSTEMPATH\Boot.php(325): CodeIgniter\CodeIgniter->run()
10 SYSTEMPATH\Boot.php(67): CodeIgniter\Boot::runCodeIgniter(Object(CodeIgniter\CodeIgniter))
11 FCPATH\index.php(63): CodeIgniter\Boot::bootWeb(Object(Config\Paths))
WARNING - 2025-06-05 13:52:03 --> [DEPRECATED] Passing lowercase HTTP method "get" is deprecated. Use uppercase HTTP method like "GET". in SYSTEMPATH\Router\RouteCollection.php on line 1027.
 1 SYSTEMPATH\Router\RouteCollection.php(1027): trigger_error('Passing lowercase HTTP method "get" is deprecated. Use uppercase HTTP method like "GET".', 16384)
 2 APPPATH\Config\Routes\UserRoutes.php(49): CodeIgniter\Router\RouteCollection->match([...], 'submit_review', 'ClientController::submit_review', [...])
 3 APPPATH\Config\Routes\UserRoutes.php(26): App\Config\Routes\UserRoutes::defineRoutes(Object(CodeIgniter\Router\RouteCollection))
 4 SYSTEMPATH\Router\RouteCollection.php(800): App\Config\Routes\UserRoutes::App\Config\Routes\{closure}(Object(CodeIgniter\Router\RouteCollection))
 5 APPPATH\Config\Routes\UserRoutes.php(25): CodeIgniter\Router\RouteCollection->group('{locale}', Object(Closure))
 6 APPPATH\Config\Routes.php(21): App\Config\Routes\UserRoutes::init(Object(CodeIgniter\Router\RouteCollection))
 7 SYSTEMPATH\Router\RouteCollection.php(340): require('C:\\xampp\\htdocs\\smartstore\\app\\Config\\Routes.php')
 8 SYSTEMPATH\CodeIgniter.php(823): CodeIgniter\Router\RouteCollection->loadRoutes()
 9 SYSTEMPATH\CodeIgniter.php(457): CodeIgniter\CodeIgniter->tryToRouteIt(null)
10 SYSTEMPATH\CodeIgniter.php(355): CodeIgniter\CodeIgniter->handleRequest(null, Object(Config\Cache), false)
11 SYSTEMPATH\Boot.php(325): CodeIgniter\CodeIgniter->run()
12 SYSTEMPATH\Boot.php(67): CodeIgniter\Boot::runCodeIgniter(Object(CodeIgniter\CodeIgniter))
13 FCPATH\index.php(63): CodeIgniter\Boot::bootWeb(Object(Config\Paths))
WARNING - 2025-06-05 13:52:03 --> [DEPRECATED] Passing lowercase HTTP method "post" is deprecated. Use uppercase HTTP method like "POST". in SYSTEMPATH\Router\RouteCollection.php on line 1027.
 1 SYSTEMPATH\Router\RouteCollection.php(1027): trigger_error('Passing lowercase HTTP method "post" is deprecated. Use uppercase HTTP method like "POST".', 16384)
 2 APPPATH\Config\Routes\UserRoutes.php(49): CodeIgniter\Router\RouteCollection->match([...], 'submit_review', 'ClientController::submit_review', [...])
 3 APPPATH\Config\Routes\UserRoutes.php(26): App\Config\Routes\UserRoutes::defineRoutes(Object(CodeIgniter\Router\RouteCollection))
 4 SYSTEMPATH\Router\RouteCollection.php(800): App\Config\Routes\UserRoutes::App\Config\Routes\{closure}(Object(CodeIgniter\Router\RouteCollection))
 5 APPPATH\Config\Routes\UserRoutes.php(25): CodeIgniter\Router\RouteCollection->group('{locale}', Object(Closure))
 6 APPPATH\Config\Routes.php(21): App\Config\Routes\UserRoutes::init(Object(CodeIgniter\Router\RouteCollection))
 7 SYSTEMPATH\Router\RouteCollection.php(340): require('C:\\xampp\\htdocs\\smartstore\\app\\Config\\Routes.php')
 8 SYSTEMPATH\CodeIgniter.php(823): CodeIgniter\Router\RouteCollection->loadRoutes()
 9 SYSTEMPATH\CodeIgniter.php(457): CodeIgniter\CodeIgniter->tryToRouteIt(null)
10 SYSTEMPATH\CodeIgniter.php(355): CodeIgniter\CodeIgniter->handleRequest(null, Object(Config\Cache), false)
11 SYSTEMPATH\Boot.php(325): CodeIgniter\CodeIgniter->run()
12 SYSTEMPATH\Boot.php(67): CodeIgniter\Boot::runCodeIgniter(Object(CodeIgniter\CodeIgniter))
13 FCPATH\index.php(63): CodeIgniter\Boot::bootWeb(Object(Config\Paths))
WARNING - 2025-06-05 13:52:03 --> [DEPRECATED] Passing lowercase HTTP method "get" is deprecated. Use uppercase HTTP method like "GET". in SYSTEMPATH\Router\RouteCollection.php on line 1027.
 1 SYSTEMPATH\Router\RouteCollection.php(1027): trigger_error('Passing lowercase HTTP method "get" is deprecated. Use uppercase HTTP method like "GET".', 16384)
 2 APPPATH\Config\Routes\UserRoutes.php(63): CodeIgniter\Router\RouteCollection->match([...], 'track-order', 'OrderController::track_order', [...])
 3 APPPATH\Config\Routes\UserRoutes.php(26): App\Config\Routes\UserRoutes::defineRoutes(Object(CodeIgniter\Router\RouteCollection))
 4 SYSTEMPATH\Router\RouteCollection.php(800): App\Config\Routes\UserRoutes::App\Config\Routes\{closure}(Object(CodeIgniter\Router\RouteCollection))
 5 APPPATH\Config\Routes\UserRoutes.php(25): CodeIgniter\Router\RouteCollection->group('{locale}', Object(Closure))
 6 APPPATH\Config\Routes.php(21): App\Config\Routes\UserRoutes::init(Object(CodeIgniter\Router\RouteCollection))
 7 SYSTEMPATH\Router\RouteCollection.php(340): require('C:\\xampp\\htdocs\\smartstore\\app\\Config\\Routes.php')
 8 SYSTEMPATH\CodeIgniter.php(823): CodeIgniter\Router\RouteCollection->loadRoutes()
 9 SYSTEMPATH\CodeIgniter.php(457): CodeIgniter\CodeIgniter->tryToRouteIt(null)
10 SYSTEMPATH\CodeIgniter.php(355): CodeIgniter\CodeIgniter->handleRequest(null, Object(Config\Cache), false)
11 SYSTEMPATH\Boot.php(325): CodeIgniter\CodeIgniter->run()
12 SYSTEMPATH\Boot.php(67): CodeIgniter\Boot::runCodeIgniter(Object(CodeIgniter\CodeIgniter))
13 FCPATH\index.php(63): CodeIgniter\Boot::bootWeb(Object(Config\Paths))
WARNING - 2025-06-05 13:52:03 --> [DEPRECATED] Passing lowercase HTTP method "post" is deprecated. Use uppercase HTTP method like "POST". in SYSTEMPATH\Router\RouteCollection.php on line 1027.
 1 SYSTEMPATH\Router\RouteCollection.php(1027): trigger_error('Passing lowercase HTTP method "post" is deprecated. Use uppercase HTTP method like "POST".', 16384)
 2 APPPATH\Config\Routes\UserRoutes.php(63): CodeIgniter\Router\RouteCollection->match([...], 'track-order', 'OrderController::track_order', [...])
 3 APPPATH\Config\Routes\UserRoutes.php(26): App\Config\Routes\UserRoutes::defineRoutes(Object(CodeIgniter\Router\RouteCollection))
 4 SYSTEMPATH\Router\RouteCollection.php(800): App\Config\Routes\UserRoutes::App\Config\Routes\{closure}(Object(CodeIgniter\Router\RouteCollection))
 5 APPPATH\Config\Routes\UserRoutes.php(25): CodeIgniter\Router\RouteCollection->group('{locale}', Object(Closure))
 6 APPPATH\Config\Routes.php(21): App\Config\Routes\UserRoutes::init(Object(CodeIgniter\Router\RouteCollection))
 7 SYSTEMPATH\Router\RouteCollection.php(340): require('C:\\xampp\\htdocs\\smartstore\\app\\Config\\Routes.php')
 8 SYSTEMPATH\CodeIgniter.php(823): CodeIgniter\Router\RouteCollection->loadRoutes()
 9 SYSTEMPATH\CodeIgniter.php(457): CodeIgniter\CodeIgniter->tryToRouteIt(null)
10 SYSTEMPATH\CodeIgniter.php(355): CodeIgniter\CodeIgniter->handleRequest(null, Object(Config\Cache), false)
11 SYSTEMPATH\Boot.php(325): CodeIgniter\CodeIgniter->run()
12 SYSTEMPATH\Boot.php(67): CodeIgniter\Boot::runCodeIgniter(Object(CodeIgniter\CodeIgniter))
13 FCPATH\index.php(63): CodeIgniter\Boot::bootWeb(Object(Config\Paths))
INFO - 2025-06-05 13:52:03 --> Session: Class initialized using 'CodeIgniter\Session\Handlers\FileHandler' driver.
WARNING - 2025-06-05 13:52:03 --> [DEPRECATED] Creation of dynamic property App\Controllers\Public\PageController::$load_files is deprecated in APPPATH\Controllers\Public\PageController.php on line 21.
 1 SYSTEMPATH\CodeIgniter.php(903): App\Controllers\Public\PageController->__construct()
 2 SYSTEMPATH\CodeIgniter.php(500): CodeIgniter\CodeIgniter->createController()
 3 SYSTEMPATH\CodeIgniter.php(355): CodeIgniter\CodeIgniter->handleRequest(null, Object(Config\Cache), false)
 4 SYSTEMPATH\Boot.php(325): CodeIgniter\CodeIgniter->run()
 5 SYSTEMPATH\Boot.php(67): CodeIgniter\Boot::runCodeIgniter(Object(CodeIgniter\CodeIgniter))
 6 FCPATH\index.php(63): CodeIgniter\Boot::bootWeb(Object(Config\Paths))
WARNING - 2025-06-05 13:52:03 --> [DEPRECATED] Creation of dynamic property App\Controllers\Public\PageController::$page_title is deprecated in APPPATH\Controllers\Public\PageController.php on line 22.
 1 SYSTEMPATH\CodeIgniter.php(903): App\Controllers\Public\PageController->__construct()
 2 SYSTEMPATH\CodeIgniter.php(500): CodeIgniter\CodeIgniter->createController()
 3 SYSTEMPATH\CodeIgniter.php(355): CodeIgniter\CodeIgniter->handleRequest(null, Object(Config\Cache), false)
 4 SYSTEMPATH\Boot.php(325): CodeIgniter\CodeIgniter->run()
 5 SYSTEMPATH\Boot.php(67): CodeIgniter\Boot::runCodeIgniter(Object(CodeIgniter\CodeIgniter))
 6 FCPATH\index.php(63): CodeIgniter\Boot::bootWeb(Object(Config\Paths))
WARNING - 2025-06-05 13:52:59 --> [DEPRECATED] Passing lowercase HTTP method "get" is deprecated. Use uppercase HTTP method like "GET". in SYSTEMPATH\Router\RouteCollection.php on line 1027.
 1 SYSTEMPATH\Router\RouteCollection.php(1027): trigger_error('Passing lowercase HTTP method "get" is deprecated. Use uppercase HTTP method like "GET".', 16384)
 2 APPPATH\Config\Routes\AdminRoutes.php(65): CodeIgniter\Router\RouteCollection->match([...], 'send_test_mail', 'SettingsController::send_test_mail')
 3 SYSTEMPATH\Router\RouteCollection.php(800): App\Config\Routes\AdminRoutes::App\Config\Routes\{closure}(Object(CodeIgniter\Router\RouteCollection))
 4 APPPATH\Config\Routes\AdminRoutes.php(63): CodeIgniter\Router\RouteCollection->group('settings', [...], Object(Closure))
 5 SYSTEMPATH\Router\RouteCollection.php(800): App\Config\Routes\AdminRoutes::App\Config\Routes\{closure}(Object(CodeIgniter\Router\RouteCollection))
 6 APPPATH\Config\Routes\AdminRoutes.php(28): CodeIgniter\Router\RouteCollection->group('admin', [...], Object(Closure))
 7 APPPATH\Config\Routes.php(20): App\Config\Routes\AdminRoutes::init(Object(CodeIgniter\Router\RouteCollection))
 8 SYSTEMPATH\Router\RouteCollection.php(340): require('C:\\xampp\\htdocs\\smartstore\\app\\Config\\Routes.php')
 9 SYSTEMPATH\CodeIgniter.php(823): CodeIgniter\Router\RouteCollection->loadRoutes()
10 SYSTEMPATH\CodeIgniter.php(457): CodeIgniter\CodeIgniter->tryToRouteIt(null)
11 SYSTEMPATH\CodeIgniter.php(355): CodeIgniter\CodeIgniter->handleRequest(null, Object(Config\Cache), false)
12 SYSTEMPATH\Boot.php(325): CodeIgniter\CodeIgniter->run()
13 SYSTEMPATH\Boot.php(67): CodeIgniter\Boot::runCodeIgniter(Object(CodeIgniter\CodeIgniter))
14 FCPATH\index.php(63): CodeIgniter\Boot::bootWeb(Object(Config\Paths))
WARNING - 2025-06-05 13:52:59 --> [DEPRECATED] Passing lowercase HTTP method "post" is deprecated. Use uppercase HTTP method like "POST". in SYSTEMPATH\Router\RouteCollection.php on line 1027.
 1 SYSTEMPATH\Router\RouteCollection.php(1027): trigger_error('Passing lowercase HTTP method "post" is deprecated. Use uppercase HTTP method like "POST".', 16384)
 2 APPPATH\Config\Routes\AdminRoutes.php(65): CodeIgniter\Router\RouteCollection->match([...], 'send_test_mail', 'SettingsController::send_test_mail')
 3 SYSTEMPATH\Router\RouteCollection.php(800): App\Config\Routes\AdminRoutes::App\Config\Routes\{closure}(Object(CodeIgniter\Router\RouteCollection))
 4 APPPATH\Config\Routes\AdminRoutes.php(63): CodeIgniter\Router\RouteCollection->group('settings', [...], Object(Closure))
 5 SYSTEMPATH\Router\RouteCollection.php(800): App\Config\Routes\AdminRoutes::App\Config\Routes\{closure}(Object(CodeIgniter\Router\RouteCollection))
 6 APPPATH\Config\Routes\AdminRoutes.php(28): CodeIgniter\Router\RouteCollection->group('admin', [...], Object(Closure))
 7 APPPATH\Config\Routes.php(20): App\Config\Routes\AdminRoutes::init(Object(CodeIgniter\Router\RouteCollection))
 8 SYSTEMPATH\Router\RouteCollection.php(340): require('C:\\xampp\\htdocs\\smartstore\\app\\Config\\Routes.php')
 9 SYSTEMPATH\CodeIgniter.php(823): CodeIgniter\Router\RouteCollection->loadRoutes()
10 SYSTEMPATH\CodeIgniter.php(457): CodeIgniter\CodeIgniter->tryToRouteIt(null)
11 SYSTEMPATH\CodeIgniter.php(355): CodeIgniter\CodeIgniter->handleRequest(null, Object(Config\Cache), false)
12 SYSTEMPATH\Boot.php(325): CodeIgniter\CodeIgniter->run()
13 SYSTEMPATH\Boot.php(67): CodeIgniter\Boot::runCodeIgniter(Object(CodeIgniter\CodeIgniter))
14 FCPATH\index.php(63): CodeIgniter\Boot::bootWeb(Object(Config\Paths))
WARNING - 2025-06-05 13:52:59 --> [DEPRECATED] Passing lowercase HTTP method "get" is deprecated. Use uppercase HTTP method like "GET". in SYSTEMPATH\Router\RouteCollection.php on line 1027.
 1 SYSTEMPATH\Router\RouteCollection.php(1027): trigger_error('Passing lowercase HTTP method "get" is deprecated. Use uppercase HTTP method like "GET".', 16384)
 2 APPPATH\Config\Routes\AdminRoutes.php(76): CodeIgniter\Router\RouteCollection->match([...], 'elfinder_connector', 'FilemanagerController::elfinder_connector')
 3 SYSTEMPATH\Router\RouteCollection.php(800): App\Config\Routes\AdminRoutes::App\Config\Routes\{closure}(Object(CodeIgniter\Router\RouteCollection))
 4 APPPATH\Config\Routes\AdminRoutes.php(73): CodeIgniter\Router\RouteCollection->group('filemanager', [...], Object(Closure))
 5 SYSTEMPATH\Router\RouteCollection.php(800): App\Config\Routes\AdminRoutes::App\Config\Routes\{closure}(Object(CodeIgniter\Router\RouteCollection))
 6 APPPATH\Config\Routes\AdminRoutes.php(28): CodeIgniter\Router\RouteCollection->group('admin', [...], Object(Closure))
 7 APPPATH\Config\Routes.php(20): App\Config\Routes\AdminRoutes::init(Object(CodeIgniter\Router\RouteCollection))
 8 SYSTEMPATH\Router\RouteCollection.php(340): require('C:\\xampp\\htdocs\\smartstore\\app\\Config\\Routes.php')
 9 SYSTEMPATH\CodeIgniter.php(823): CodeIgniter\Router\RouteCollection->loadRoutes()
10 SYSTEMPATH\CodeIgniter.php(457): CodeIgniter\CodeIgniter->tryToRouteIt(null)
11 SYSTEMPATH\CodeIgniter.php(355): CodeIgniter\CodeIgniter->handleRequest(null, Object(Config\Cache), false)
12 SYSTEMPATH\Boot.php(325): CodeIgniter\CodeIgniter->run()
13 SYSTEMPATH\Boot.php(67): CodeIgniter\Boot::runCodeIgniter(Object(CodeIgniter\CodeIgniter))
14 FCPATH\index.php(63): CodeIgniter\Boot::bootWeb(Object(Config\Paths))
WARNING - 2025-06-05 13:52:59 --> [DEPRECATED] Passing lowercase HTTP method "post" is deprecated. Use uppercase HTTP method like "POST". in SYSTEMPATH\Router\RouteCollection.php on line 1027.
 1 SYSTEMPATH\Router\RouteCollection.php(1027): trigger_error('Passing lowercase HTTP method "post" is deprecated. Use uppercase HTTP method like "POST".', 16384)
 2 APPPATH\Config\Routes\AdminRoutes.php(76): CodeIgniter\Router\RouteCollection->match([...], 'elfinder_connector', 'FilemanagerController::elfinder_connector')
 3 SYSTEMPATH\Router\RouteCollection.php(800): App\Config\Routes\AdminRoutes::App\Config\Routes\{closure}(Object(CodeIgniter\Router\RouteCollection))
 4 APPPATH\Config\Routes\AdminRoutes.php(73): CodeIgniter\Router\RouteCollection->group('filemanager', [...], Object(Closure))
 5 SYSTEMPATH\Router\RouteCollection.php(800): App\Config\Routes\AdminRoutes::App\Config\Routes\{closure}(Object(CodeIgniter\Router\RouteCollection))
 6 APPPATH\Config\Routes\AdminRoutes.php(28): CodeIgniter\Router\RouteCollection->group('admin', [...], Object(Closure))
 7 APPPATH\Config\Routes.php(20): App\Config\Routes\AdminRoutes::init(Object(CodeIgniter\Router\RouteCollection))
 8 SYSTEMPATH\Router\RouteCollection.php(340): require('C:\\xampp\\htdocs\\smartstore\\app\\Config\\Routes.php')
 9 SYSTEMPATH\CodeIgniter.php(823): CodeIgniter\Router\RouteCollection->loadRoutes()
10 SYSTEMPATH\CodeIgniter.php(457): CodeIgniter\CodeIgniter->tryToRouteIt(null)
11 SYSTEMPATH\CodeIgniter.php(355): CodeIgniter\CodeIgniter->handleRequest(null, Object(Config\Cache), false)
12 SYSTEMPATH\Boot.php(325): CodeIgniter\CodeIgniter->run()
13 SYSTEMPATH\Boot.php(67): CodeIgniter\Boot::runCodeIgniter(Object(CodeIgniter\CodeIgniter))
14 FCPATH\index.php(63): CodeIgniter\Boot::bootWeb(Object(Config\Paths))
WARNING - 2025-06-05 13:52:59 --> [DEPRECATED] Passing lowercase HTTP method "get" is deprecated. Use uppercase HTTP method like "GET". in SYSTEMPATH\Router\RouteCollection.php on line 1027.
 1 SYSTEMPATH\Router\RouteCollection.php(1027): trigger_error('Passing lowercase HTTP method "get" is deprecated. Use uppercase HTTP method like "GET".', 16384)
 2 APPPATH\Config\Routes\AdminRoutes.php(172): CodeIgniter\Router\RouteCollection->match([...], 'sync_services/?(:num)?', 'ProvidersController::sync_services/$1')
 3 SYSTEMPATH\Router\RouteCollection.php(800): App\Config\Routes\AdminRoutes::App\Config\Routes\{closure}(Object(CodeIgniter\Router\RouteCollection))
 4 APPPATH\Config\Routes\AdminRoutes.php(167): CodeIgniter\Router\RouteCollection->group('providers', [...], Object(Closure))
 5 SYSTEMPATH\Router\RouteCollection.php(800): App\Config\Routes\AdminRoutes::App\Config\Routes\{closure}(Object(CodeIgniter\Router\RouteCollection))
 6 APPPATH\Config\Routes\AdminRoutes.php(28): CodeIgniter\Router\RouteCollection->group('admin', [...], Object(Closure))
 7 APPPATH\Config\Routes.php(20): App\Config\Routes\AdminRoutes::init(Object(CodeIgniter\Router\RouteCollection))
 8 SYSTEMPATH\Router\RouteCollection.php(340): require('C:\\xampp\\htdocs\\smartstore\\app\\Config\\Routes.php')
 9 SYSTEMPATH\CodeIgniter.php(823): CodeIgniter\Router\RouteCollection->loadRoutes()
10 SYSTEMPATH\CodeIgniter.php(457): CodeIgniter\CodeIgniter->tryToRouteIt(null)
11 SYSTEMPATH\CodeIgniter.php(355): CodeIgniter\CodeIgniter->handleRequest(null, Object(Config\Cache), false)
12 SYSTEMPATH\Boot.php(325): CodeIgniter\CodeIgniter->run()
13 SYSTEMPATH\Boot.php(67): CodeIgniter\Boot::runCodeIgniter(Object(CodeIgniter\CodeIgniter))
14 FCPATH\index.php(63): CodeIgniter\Boot::bootWeb(Object(Config\Paths))
WARNING - 2025-06-05 13:52:59 --> [DEPRECATED] Passing lowercase HTTP method "post" is deprecated. Use uppercase HTTP method like "POST". in SYSTEMPATH\Router\RouteCollection.php on line 1027.
 1 SYSTEMPATH\Router\RouteCollection.php(1027): trigger_error('Passing lowercase HTTP method "post" is deprecated. Use uppercase HTTP method like "POST".', 16384)
 2 APPPATH\Config\Routes\AdminRoutes.php(172): CodeIgniter\Router\RouteCollection->match([...], 'sync_services/?(:num)?', 'ProvidersController::sync_services/$1')
 3 SYSTEMPATH\Router\RouteCollection.php(800): App\Config\Routes\AdminRoutes::App\Config\Routes\{closure}(Object(CodeIgniter\Router\RouteCollection))
 4 APPPATH\Config\Routes\AdminRoutes.php(167): CodeIgniter\Router\RouteCollection->group('providers', [...], Object(Closure))
 5 SYSTEMPATH\Router\RouteCollection.php(800): App\Config\Routes\AdminRoutes::App\Config\Routes\{closure}(Object(CodeIgniter\Router\RouteCollection))
 6 APPPATH\Config\Routes\AdminRoutes.php(28): CodeIgniter\Router\RouteCollection->group('admin', [...], Object(Closure))
 7 APPPATH\Config\Routes.php(20): App\Config\Routes\AdminRoutes::init(Object(CodeIgniter\Router\RouteCollection))
 8 SYSTEMPATH\Router\RouteCollection.php(340): require('C:\\xampp\\htdocs\\smartstore\\app\\Config\\Routes.php')
 9 SYSTEMPATH\CodeIgniter.php(823): CodeIgniter\Router\RouteCollection->loadRoutes()
10 SYSTEMPATH\CodeIgniter.php(457): CodeIgniter\CodeIgniter->tryToRouteIt(null)
11 SYSTEMPATH\CodeIgniter.php(355): CodeIgniter\CodeIgniter->handleRequest(null, Object(Config\Cache), false)
12 SYSTEMPATH\Boot.php(325): CodeIgniter\CodeIgniter->run()
13 SYSTEMPATH\Boot.php(67): CodeIgniter\Boot::runCodeIgniter(Object(CodeIgniter\CodeIgniter))
14 FCPATH\index.php(63): CodeIgniter\Boot::bootWeb(Object(Config\Paths))
WARNING - 2025-06-05 13:52:59 --> [DEPRECATED] Passing lowercase HTTP method "get" is deprecated. Use uppercase HTTP method like "GET". in SYSTEMPATH\Router\RouteCollection.php on line 1027.
 1 SYSTEMPATH\Router\RouteCollection.php(1027): trigger_error('Passing lowercase HTTP method "get" is deprecated. Use uppercase HTTP method like "GET".', 16384)
 2 APPPATH\Config\Routes\AdminRoutes.php(185): CodeIgniter\Router\RouteCollection->match([...], 'add_note/?(:num)?', 'UsersController::add_note/$1')
 3 SYSTEMPATH\Router\RouteCollection.php(800): App\Config\Routes\AdminRoutes::App\Config\Routes\{closure}(Object(CodeIgniter\Router\RouteCollection))
 4 APPPATH\Config\Routes\AdminRoutes.php(182): CodeIgniter\Router\RouteCollection->group('users', [...], Object(Closure))
 5 SYSTEMPATH\Router\RouteCollection.php(800): App\Config\Routes\AdminRoutes::App\Config\Routes\{closure}(Object(CodeIgniter\Router\RouteCollection))
 6 APPPATH\Config\Routes\AdminRoutes.php(28): CodeIgniter\Router\RouteCollection->group('admin', [...], Object(Closure))
 7 APPPATH\Config\Routes.php(20): App\Config\Routes\AdminRoutes::init(Object(CodeIgniter\Router\RouteCollection))
 8 SYSTEMPATH\Router\RouteCollection.php(340): require('C:\\xampp\\htdocs\\smartstore\\app\\Config\\Routes.php')
 9 SYSTEMPATH\CodeIgniter.php(823): CodeIgniter\Router\RouteCollection->loadRoutes()
10 SYSTEMPATH\CodeIgniter.php(457): CodeIgniter\CodeIgniter->tryToRouteIt(null)
11 SYSTEMPATH\CodeIgniter.php(355): CodeIgniter\CodeIgniter->handleRequest(null, Object(Config\Cache), false)
12 SYSTEMPATH\Boot.php(325): CodeIgniter\CodeIgniter->run()
13 SYSTEMPATH\Boot.php(67): CodeIgniter\Boot::runCodeIgniter(Object(CodeIgniter\CodeIgniter))
14 FCPATH\index.php(63): CodeIgniter\Boot::bootWeb(Object(Config\Paths))
WARNING - 2025-06-05 13:52:59 --> [DEPRECATED] Passing lowercase HTTP method "post" is deprecated. Use uppercase HTTP method like "POST". in SYSTEMPATH\Router\RouteCollection.php on line 1027.
 1 SYSTEMPATH\Router\RouteCollection.php(1027): trigger_error('Passing lowercase HTTP method "post" is deprecated. Use uppercase HTTP method like "POST".', 16384)
 2 APPPATH\Config\Routes\AdminRoutes.php(185): CodeIgniter\Router\RouteCollection->match([...], 'add_note/?(:num)?', 'UsersController::add_note/$1')
 3 SYSTEMPATH\Router\RouteCollection.php(800): App\Config\Routes\AdminRoutes::App\Config\Routes\{closure}(Object(CodeIgniter\Router\RouteCollection))
 4 APPPATH\Config\Routes\AdminRoutes.php(182): CodeIgniter\Router\RouteCollection->group('users', [...], Object(Closure))
 5 SYSTEMPATH\Router\RouteCollection.php(800): App\Config\Routes\AdminRoutes::App\Config\Routes\{closure}(Object(CodeIgniter\Router\RouteCollection))
 6 APPPATH\Config\Routes\AdminRoutes.php(28): CodeIgniter\Router\RouteCollection->group('admin', [...], Object(Closure))
 7 APPPATH\Config\Routes.php(20): App\Config\Routes\AdminRoutes::init(Object(CodeIgniter\Router\RouteCollection))
 8 SYSTEMPATH\Router\RouteCollection.php(340): require('C:\\xampp\\htdocs\\smartstore\\app\\Config\\Routes.php')
 9 SYSTEMPATH\CodeIgniter.php(823): CodeIgniter\Router\RouteCollection->loadRoutes()
10 SYSTEMPATH\CodeIgniter.php(457): CodeIgniter\CodeIgniter->tryToRouteIt(null)
11 SYSTEMPATH\CodeIgniter.php(355): CodeIgniter\CodeIgniter->handleRequest(null, Object(Config\Cache), false)
12 SYSTEMPATH\Boot.php(325): CodeIgniter\CodeIgniter->run()
13 SYSTEMPATH\Boot.php(67): CodeIgniter\Boot::runCodeIgniter(Object(CodeIgniter\CodeIgniter))
14 FCPATH\index.php(63): CodeIgniter\Boot::bootWeb(Object(Config\Paths))
WARNING - 2025-06-05 13:52:59 --> [DEPRECATED] Passing lowercase HTTP method "get" is deprecated. Use uppercase HTTP method like "GET". in SYSTEMPATH\Router\RouteCollection.php on line 1027.
 1 SYSTEMPATH\Router\RouteCollection.php(1027): trigger_error('Passing lowercase HTTP method "get" is deprecated. Use uppercase HTTP method like "GET".', 16384)
 2 APPPATH\Config\Routes\AdminRoutes.php(186): CodeIgniter\Router\RouteCollection->match([...], 'send_mail/?(:num)?', 'UsersController::send_mail/$1')
 3 SYSTEMPATH\Router\RouteCollection.php(800): App\Config\Routes\AdminRoutes::App\Config\Routes\{closure}(Object(CodeIgniter\Router\RouteCollection))
 4 APPPATH\Config\Routes\AdminRoutes.php(182): CodeIgniter\Router\RouteCollection->group('users', [...], Object(Closure))
 5 SYSTEMPATH\Router\RouteCollection.php(800): App\Config\Routes\AdminRoutes::App\Config\Routes\{closure}(Object(CodeIgniter\Router\RouteCollection))
 6 APPPATH\Config\Routes\AdminRoutes.php(28): CodeIgniter\Router\RouteCollection->group('admin', [...], Object(Closure))
 7 APPPATH\Config\Routes.php(20): App\Config\Routes\AdminRoutes::init(Object(CodeIgniter\Router\RouteCollection))
 8 SYSTEMPATH\Router\RouteCollection.php(340): require('C:\\xampp\\htdocs\\smartstore\\app\\Config\\Routes.php')
 9 SYSTEMPATH\CodeIgniter.php(823): CodeIgniter\Router\RouteCollection->loadRoutes()
10 SYSTEMPATH\CodeIgniter.php(457): CodeIgniter\CodeIgniter->tryToRouteIt(null)
11 SYSTEMPATH\CodeIgniter.php(355): CodeIgniter\CodeIgniter->handleRequest(null, Object(Config\Cache), false)
12 SYSTEMPATH\Boot.php(325): CodeIgniter\CodeIgniter->run()
13 SYSTEMPATH\Boot.php(67): CodeIgniter\Boot::runCodeIgniter(Object(CodeIgniter\CodeIgniter))
14 FCPATH\index.php(63): CodeIgniter\Boot::bootWeb(Object(Config\Paths))
WARNING - 2025-06-05 13:52:59 --> [DEPRECATED] Passing lowercase HTTP method "post" is deprecated. Use uppercase HTTP method like "POST". in SYSTEMPATH\Router\RouteCollection.php on line 1027.
 1 SYSTEMPATH\Router\RouteCollection.php(1027): trigger_error('Passing lowercase HTTP method "post" is deprecated. Use uppercase HTTP method like "POST".', 16384)
 2 APPPATH\Config\Routes\AdminRoutes.php(186): CodeIgniter\Router\RouteCollection->match([...], 'send_mail/?(:num)?', 'UsersController::send_mail/$1')
 3 SYSTEMPATH\Router\RouteCollection.php(800): App\Config\Routes\AdminRoutes::App\Config\Routes\{closure}(Object(CodeIgniter\Router\RouteCollection))
 4 APPPATH\Config\Routes\AdminRoutes.php(182): CodeIgniter\Router\RouteCollection->group('users', [...], Object(Closure))
 5 SYSTEMPATH\Router\RouteCollection.php(800): App\Config\Routes\AdminRoutes::App\Config\Routes\{closure}(Object(CodeIgniter\Router\RouteCollection))
 6 APPPATH\Config\Routes\AdminRoutes.php(28): CodeIgniter\Router\RouteCollection->group('admin', [...], Object(Closure))
 7 APPPATH\Config\Routes.php(20): App\Config\Routes\AdminRoutes::init(Object(CodeIgniter\Router\RouteCollection))
 8 SYSTEMPATH\Router\RouteCollection.php(340): require('C:\\xampp\\htdocs\\smartstore\\app\\Config\\Routes.php')
 9 SYSTEMPATH\CodeIgniter.php(823): CodeIgniter\Router\RouteCollection->loadRoutes()
10 SYSTEMPATH\CodeIgniter.php(457): CodeIgniter\CodeIgniter->tryToRouteIt(null)
11 SYSTEMPATH\CodeIgniter.php(355): CodeIgniter\CodeIgniter->handleRequest(null, Object(Config\Cache), false)
12 SYSTEMPATH\Boot.php(325): CodeIgniter\CodeIgniter->run()
13 SYSTEMPATH\Boot.php(67): CodeIgniter\Boot::runCodeIgniter(Object(CodeIgniter\CodeIgniter))
14 FCPATH\index.php(63): CodeIgniter\Boot::bootWeb(Object(Config\Paths))
WARNING - 2025-06-05 13:52:59 --> [DEPRECATED] Passing lowercase HTTP method "get" is deprecated. Use uppercase HTTP method like "GET". in SYSTEMPATH\Router\RouteCollection.php on line 1027.
 1 SYSTEMPATH\Router\RouteCollection.php(1027): trigger_error('Passing lowercase HTTP method "get" is deprecated. Use uppercase HTTP method like "GET".', 16384)
 2 APPPATH\Config\Routes\AdminRoutes.php(215): CodeIgniter\Router\RouteCollection->match([...], 'send_mail/?(:num)?', 'TicketsController::send_mail/$1')
 3 SYSTEMPATH\Router\RouteCollection.php(800): App\Config\Routes\AdminRoutes::App\Config\Routes\{closure}(Object(CodeIgniter\Router\RouteCollection))
 4 APPPATH\Config\Routes\AdminRoutes.php(212): CodeIgniter\Router\RouteCollection->group('tickets', [...], Object(Closure))
 5 SYSTEMPATH\Router\RouteCollection.php(800): App\Config\Routes\AdminRoutes::App\Config\Routes\{closure}(Object(CodeIgniter\Router\RouteCollection))
 6 APPPATH\Config\Routes\AdminRoutes.php(28): CodeIgniter\Router\RouteCollection->group('admin', [...], Object(Closure))
 7 APPPATH\Config\Routes.php(20): App\Config\Routes\AdminRoutes::init(Object(CodeIgniter\Router\RouteCollection))
 8 SYSTEMPATH\Router\RouteCollection.php(340): require('C:\\xampp\\htdocs\\smartstore\\app\\Config\\Routes.php')
 9 SYSTEMPATH\CodeIgniter.php(823): CodeIgniter\Router\RouteCollection->loadRoutes()
10 SYSTEMPATH\CodeIgniter.php(457): CodeIgniter\CodeIgniter->tryToRouteIt(null)
11 SYSTEMPATH\CodeIgniter.php(355): CodeIgniter\CodeIgniter->handleRequest(null, Object(Config\Cache), false)
12 SYSTEMPATH\Boot.php(325): CodeIgniter\CodeIgniter->run()
13 SYSTEMPATH\Boot.php(67): CodeIgniter\Boot::runCodeIgniter(Object(CodeIgniter\CodeIgniter))
14 FCPATH\index.php(63): CodeIgniter\Boot::bootWeb(Object(Config\Paths))
WARNING - 2025-06-05 13:52:59 --> [DEPRECATED] Passing lowercase HTTP method "post" is deprecated. Use uppercase HTTP method like "POST". in SYSTEMPATH\Router\RouteCollection.php on line 1027.
 1 SYSTEMPATH\Router\RouteCollection.php(1027): trigger_error('Passing lowercase HTTP method "post" is deprecated. Use uppercase HTTP method like "POST".', 16384)
 2 APPPATH\Config\Routes\AdminRoutes.php(215): CodeIgniter\Router\RouteCollection->match([...], 'send_mail/?(:num)?', 'TicketsController::send_mail/$1')
 3 SYSTEMPATH\Router\RouteCollection.php(800): App\Config\Routes\AdminRoutes::App\Config\Routes\{closure}(Object(CodeIgniter\Router\RouteCollection))
 4 APPPATH\Config\Routes\AdminRoutes.php(212): CodeIgniter\Router\RouteCollection->group('tickets', [...], Object(Closure))
 5 SYSTEMPATH\Router\RouteCollection.php(800): App\Config\Routes\AdminRoutes::App\Config\Routes\{closure}(Object(CodeIgniter\Router\RouteCollection))
 6 APPPATH\Config\Routes\AdminRoutes.php(28): CodeIgniter\Router\RouteCollection->group('admin', [...], Object(Closure))
 7 APPPATH\Config\Routes.php(20): App\Config\Routes\AdminRoutes::init(Object(CodeIgniter\Router\RouteCollection))
 8 SYSTEMPATH\Router\RouteCollection.php(340): require('C:\\xampp\\htdocs\\smartstore\\app\\Config\\Routes.php')
 9 SYSTEMPATH\CodeIgniter.php(823): CodeIgniter\Router\RouteCollection->loadRoutes()
10 SYSTEMPATH\CodeIgniter.php(457): CodeIgniter\CodeIgniter->tryToRouteIt(null)
11 SYSTEMPATH\CodeIgniter.php(355): CodeIgniter\CodeIgniter->handleRequest(null, Object(Config\Cache), false)
12 SYSTEMPATH\Boot.php(325): CodeIgniter\CodeIgniter->run()
13 SYSTEMPATH\Boot.php(67): CodeIgniter\Boot::runCodeIgniter(Object(CodeIgniter\CodeIgniter))
14 FCPATH\index.php(63): CodeIgniter\Boot::bootWeb(Object(Config\Paths))
WARNING - 2025-06-05 13:52:59 --> [DEPRECATED] Passing lowercase HTTP method "get" is deprecated. Use uppercase HTTP method like "GET". in SYSTEMPATH\Router\RouteCollection.php on line 1027.
 1 SYSTEMPATH\Router\RouteCollection.php(1027): trigger_error('Passing lowercase HTTP method "get" is deprecated. Use uppercase HTTP method like "GET".', 16384)
 2 APPPATH\Config\Routes\UserRoutes.php(49): CodeIgniter\Router\RouteCollection->match([...], 'submit_review', 'ClientController::submit_review', [...])
 3 APPPATH\Config\Routes\UserRoutes.php(23): App\Config\Routes\UserRoutes::defineRoutes(Object(CodeIgniter\Router\RouteCollection))
 4 APPPATH\Config\Routes.php(21): App\Config\Routes\UserRoutes::init(Object(CodeIgniter\Router\RouteCollection))
 5 SYSTEMPATH\Router\RouteCollection.php(340): require('C:\\xampp\\htdocs\\smartstore\\app\\Config\\Routes.php')
 6 SYSTEMPATH\CodeIgniter.php(823): CodeIgniter\Router\RouteCollection->loadRoutes()
 7 SYSTEMPATH\CodeIgniter.php(457): CodeIgniter\CodeIgniter->tryToRouteIt(null)
 8 SYSTEMPATH\CodeIgniter.php(355): CodeIgniter\CodeIgniter->handleRequest(null, Object(Config\Cache), false)
 9 SYSTEMPATH\Boot.php(325): CodeIgniter\CodeIgniter->run()
10 SYSTEMPATH\Boot.php(67): CodeIgniter\Boot::runCodeIgniter(Object(CodeIgniter\CodeIgniter))
11 FCPATH\index.php(63): CodeIgniter\Boot::bootWeb(Object(Config\Paths))
WARNING - 2025-06-05 13:52:59 --> [DEPRECATED] Passing lowercase HTTP method "post" is deprecated. Use uppercase HTTP method like "POST". in SYSTEMPATH\Router\RouteCollection.php on line 1027.
 1 SYSTEMPATH\Router\RouteCollection.php(1027): trigger_error('Passing lowercase HTTP method "post" is deprecated. Use uppercase HTTP method like "POST".', 16384)
 2 APPPATH\Config\Routes\UserRoutes.php(49): CodeIgniter\Router\RouteCollection->match([...], 'submit_review', 'ClientController::submit_review', [...])
 3 APPPATH\Config\Routes\UserRoutes.php(23): App\Config\Routes\UserRoutes::defineRoutes(Object(CodeIgniter\Router\RouteCollection))
 4 APPPATH\Config\Routes.php(21): App\Config\Routes\UserRoutes::init(Object(CodeIgniter\Router\RouteCollection))
 5 SYSTEMPATH\Router\RouteCollection.php(340): require('C:\\xampp\\htdocs\\smartstore\\app\\Config\\Routes.php')
 6 SYSTEMPATH\CodeIgniter.php(823): CodeIgniter\Router\RouteCollection->loadRoutes()
 7 SYSTEMPATH\CodeIgniter.php(457): CodeIgniter\CodeIgniter->tryToRouteIt(null)
 8 SYSTEMPATH\CodeIgniter.php(355): CodeIgniter\CodeIgniter->handleRequest(null, Object(Config\Cache), false)
 9 SYSTEMPATH\Boot.php(325): CodeIgniter\CodeIgniter->run()
10 SYSTEMPATH\Boot.php(67): CodeIgniter\Boot::runCodeIgniter(Object(CodeIgniter\CodeIgniter))
11 FCPATH\index.php(63): CodeIgniter\Boot::bootWeb(Object(Config\Paths))
WARNING - 2025-06-05 13:52:59 --> [DEPRECATED] Passing lowercase HTTP method "get" is deprecated. Use uppercase HTTP method like "GET". in SYSTEMPATH\Router\RouteCollection.php on line 1027.
 1 SYSTEMPATH\Router\RouteCollection.php(1027): trigger_error('Passing lowercase HTTP method "get" is deprecated. Use uppercase HTTP method like "GET".', 16384)
 2 APPPATH\Config\Routes\UserRoutes.php(63): CodeIgniter\Router\RouteCollection->match([...], 'track-order', 'OrderController::track_order', [...])
 3 APPPATH\Config\Routes\UserRoutes.php(23): App\Config\Routes\UserRoutes::defineRoutes(Object(CodeIgniter\Router\RouteCollection))
 4 APPPATH\Config\Routes.php(21): App\Config\Routes\UserRoutes::init(Object(CodeIgniter\Router\RouteCollection))
 5 SYSTEMPATH\Router\RouteCollection.php(340): require('C:\\xampp\\htdocs\\smartstore\\app\\Config\\Routes.php')
 6 SYSTEMPATH\CodeIgniter.php(823): CodeIgniter\Router\RouteCollection->loadRoutes()
 7 SYSTEMPATH\CodeIgniter.php(457): CodeIgniter\CodeIgniter->tryToRouteIt(null)
 8 SYSTEMPATH\CodeIgniter.php(355): CodeIgniter\CodeIgniter->handleRequest(null, Object(Config\Cache), false)
 9 SYSTEMPATH\Boot.php(325): CodeIgniter\CodeIgniter->run()
10 SYSTEMPATH\Boot.php(67): CodeIgniter\Boot::runCodeIgniter(Object(CodeIgniter\CodeIgniter))
11 FCPATH\index.php(63): CodeIgniter\Boot::bootWeb(Object(Config\Paths))
WARNING - 2025-06-05 13:52:59 --> [DEPRECATED] Passing lowercase HTTP method "post" is deprecated. Use uppercase HTTP method like "POST". in SYSTEMPATH\Router\RouteCollection.php on line 1027.
 1 SYSTEMPATH\Router\RouteCollection.php(1027): trigger_error('Passing lowercase HTTP method "post" is deprecated. Use uppercase HTTP method like "POST".', 16384)
 2 APPPATH\Config\Routes\UserRoutes.php(63): CodeIgniter\Router\RouteCollection->match([...], 'track-order', 'OrderController::track_order', [...])
 3 APPPATH\Config\Routes\UserRoutes.php(23): App\Config\Routes\UserRoutes::defineRoutes(Object(CodeIgniter\Router\RouteCollection))
 4 APPPATH\Config\Routes.php(21): App\Config\Routes\UserRoutes::init(Object(CodeIgniter\Router\RouteCollection))
 5 SYSTEMPATH\Router\RouteCollection.php(340): require('C:\\xampp\\htdocs\\smartstore\\app\\Config\\Routes.php')
 6 SYSTEMPATH\CodeIgniter.php(823): CodeIgniter\Router\RouteCollection->loadRoutes()
 7 SYSTEMPATH\CodeIgniter.php(457): CodeIgniter\CodeIgniter->tryToRouteIt(null)
 8 SYSTEMPATH\CodeIgniter.php(355): CodeIgniter\CodeIgniter->handleRequest(null, Object(Config\Cache), false)
 9 SYSTEMPATH\Boot.php(325): CodeIgniter\CodeIgniter->run()
10 SYSTEMPATH\Boot.php(67): CodeIgniter\Boot::runCodeIgniter(Object(CodeIgniter\CodeIgniter))
11 FCPATH\index.php(63): CodeIgniter\Boot::bootWeb(Object(Config\Paths))
WARNING - 2025-06-05 13:52:59 --> [DEPRECATED] Passing lowercase HTTP method "get" is deprecated. Use uppercase HTTP method like "GET". in SYSTEMPATH\Router\RouteCollection.php on line 1027.
 1 SYSTEMPATH\Router\RouteCollection.php(1027): trigger_error('Passing lowercase HTTP method "get" is deprecated. Use uppercase HTTP method like "GET".', 16384)
 2 APPPATH\Config\Routes\UserRoutes.php(49): CodeIgniter\Router\RouteCollection->match([...], 'submit_review', 'ClientController::submit_review', [...])
 3 APPPATH\Config\Routes\UserRoutes.php(26): App\Config\Routes\UserRoutes::defineRoutes(Object(CodeIgniter\Router\RouteCollection))
 4 SYSTEMPATH\Router\RouteCollection.php(800): App\Config\Routes\UserRoutes::App\Config\Routes\{closure}(Object(CodeIgniter\Router\RouteCollection))
 5 APPPATH\Config\Routes\UserRoutes.php(25): CodeIgniter\Router\RouteCollection->group('{locale}', Object(Closure))
 6 APPPATH\Config\Routes.php(21): App\Config\Routes\UserRoutes::init(Object(CodeIgniter\Router\RouteCollection))
 7 SYSTEMPATH\Router\RouteCollection.php(340): require('C:\\xampp\\htdocs\\smartstore\\app\\Config\\Routes.php')
 8 SYSTEMPATH\CodeIgniter.php(823): CodeIgniter\Router\RouteCollection->loadRoutes()
 9 SYSTEMPATH\CodeIgniter.php(457): CodeIgniter\CodeIgniter->tryToRouteIt(null)
10 SYSTEMPATH\CodeIgniter.php(355): CodeIgniter\CodeIgniter->handleRequest(null, Object(Config\Cache), false)
11 SYSTEMPATH\Boot.php(325): CodeIgniter\CodeIgniter->run()
12 SYSTEMPATH\Boot.php(67): CodeIgniter\Boot::runCodeIgniter(Object(CodeIgniter\CodeIgniter))
13 FCPATH\index.php(63): CodeIgniter\Boot::bootWeb(Object(Config\Paths))
WARNING - 2025-06-05 13:52:59 --> [DEPRECATED] Passing lowercase HTTP method "post" is deprecated. Use uppercase HTTP method like "POST". in SYSTEMPATH\Router\RouteCollection.php on line 1027.
 1 SYSTEMPATH\Router\RouteCollection.php(1027): trigger_error('Passing lowercase HTTP method "post" is deprecated. Use uppercase HTTP method like "POST".', 16384)
 2 APPPATH\Config\Routes\UserRoutes.php(49): CodeIgniter\Router\RouteCollection->match([...], 'submit_review', 'ClientController::submit_review', [...])
 3 APPPATH\Config\Routes\UserRoutes.php(26): App\Config\Routes\UserRoutes::defineRoutes(Object(CodeIgniter\Router\RouteCollection))
 4 SYSTEMPATH\Router\RouteCollection.php(800): App\Config\Routes\UserRoutes::App\Config\Routes\{closure}(Object(CodeIgniter\Router\RouteCollection))
 5 APPPATH\Config\Routes\UserRoutes.php(25): CodeIgniter\Router\RouteCollection->group('{locale}', Object(Closure))
 6 APPPATH\Config\Routes.php(21): App\Config\Routes\UserRoutes::init(Object(CodeIgniter\Router\RouteCollection))
 7 SYSTEMPATH\Router\RouteCollection.php(340): require('C:\\xampp\\htdocs\\smartstore\\app\\Config\\Routes.php')
 8 SYSTEMPATH\CodeIgniter.php(823): CodeIgniter\Router\RouteCollection->loadRoutes()
 9 SYSTEMPATH\CodeIgniter.php(457): CodeIgniter\CodeIgniter->tryToRouteIt(null)
10 SYSTEMPATH\CodeIgniter.php(355): CodeIgniter\CodeIgniter->handleRequest(null, Object(Config\Cache), false)
11 SYSTEMPATH\Boot.php(325): CodeIgniter\CodeIgniter->run()
12 SYSTEMPATH\Boot.php(67): CodeIgniter\Boot::runCodeIgniter(Object(CodeIgniter\CodeIgniter))
13 FCPATH\index.php(63): CodeIgniter\Boot::bootWeb(Object(Config\Paths))
WARNING - 2025-06-05 13:52:59 --> [DEPRECATED] Passing lowercase HTTP method "get" is deprecated. Use uppercase HTTP method like "GET". in SYSTEMPATH\Router\RouteCollection.php on line 1027.
 1 SYSTEMPATH\Router\RouteCollection.php(1027): trigger_error('Passing lowercase HTTP method "get" is deprecated. Use uppercase HTTP method like "GET".', 16384)
 2 APPPATH\Config\Routes\UserRoutes.php(63): CodeIgniter\Router\RouteCollection->match([...], 'track-order', 'OrderController::track_order', [...])
 3 APPPATH\Config\Routes\UserRoutes.php(26): App\Config\Routes\UserRoutes::defineRoutes(Object(CodeIgniter\Router\RouteCollection))
 4 SYSTEMPATH\Router\RouteCollection.php(800): App\Config\Routes\UserRoutes::App\Config\Routes\{closure}(Object(CodeIgniter\Router\RouteCollection))
 5 APPPATH\Config\Routes\UserRoutes.php(25): CodeIgniter\Router\RouteCollection->group('{locale}', Object(Closure))
 6 APPPATH\Config\Routes.php(21): App\Config\Routes\UserRoutes::init(Object(CodeIgniter\Router\RouteCollection))
 7 SYSTEMPATH\Router\RouteCollection.php(340): require('C:\\xampp\\htdocs\\smartstore\\app\\Config\\Routes.php')
 8 SYSTEMPATH\CodeIgniter.php(823): CodeIgniter\Router\RouteCollection->loadRoutes()
 9 SYSTEMPATH\CodeIgniter.php(457): CodeIgniter\CodeIgniter->tryToRouteIt(null)
10 SYSTEMPATH\CodeIgniter.php(355): CodeIgniter\CodeIgniter->handleRequest(null, Object(Config\Cache), false)
11 SYSTEMPATH\Boot.php(325): CodeIgniter\CodeIgniter->run()
12 SYSTEMPATH\Boot.php(67): CodeIgniter\Boot::runCodeIgniter(Object(CodeIgniter\CodeIgniter))
13 FCPATH\index.php(63): CodeIgniter\Boot::bootWeb(Object(Config\Paths))
WARNING - 2025-06-05 13:52:59 --> [DEPRECATED] Passing lowercase HTTP method "post" is deprecated. Use uppercase HTTP method like "POST". in SYSTEMPATH\Router\RouteCollection.php on line 1027.
 1 SYSTEMPATH\Router\RouteCollection.php(1027): trigger_error('Passing lowercase HTTP method "post" is deprecated. Use uppercase HTTP method like "POST".', 16384)
 2 APPPATH\Config\Routes\UserRoutes.php(63): CodeIgniter\Router\RouteCollection->match([...], 'track-order', 'OrderController::track_order', [...])
 3 APPPATH\Config\Routes\UserRoutes.php(26): App\Config\Routes\UserRoutes::defineRoutes(Object(CodeIgniter\Router\RouteCollection))
 4 SYSTEMPATH\Router\RouteCollection.php(800): App\Config\Routes\UserRoutes::App\Config\Routes\{closure}(Object(CodeIgniter\Router\RouteCollection))
 5 APPPATH\Config\Routes\UserRoutes.php(25): CodeIgniter\Router\RouteCollection->group('{locale}', Object(Closure))
 6 APPPATH\Config\Routes.php(21): App\Config\Routes\UserRoutes::init(Object(CodeIgniter\Router\RouteCollection))
 7 SYSTEMPATH\Router\RouteCollection.php(340): require('C:\\xampp\\htdocs\\smartstore\\app\\Config\\Routes.php')
 8 SYSTEMPATH\CodeIgniter.php(823): CodeIgniter\Router\RouteCollection->loadRoutes()
 9 SYSTEMPATH\CodeIgniter.php(457): CodeIgniter\CodeIgniter->tryToRouteIt(null)
10 SYSTEMPATH\CodeIgniter.php(355): CodeIgniter\CodeIgniter->handleRequest(null, Object(Config\Cache), false)
11 SYSTEMPATH\Boot.php(325): CodeIgniter\CodeIgniter->run()
12 SYSTEMPATH\Boot.php(67): CodeIgniter\Boot::runCodeIgniter(Object(CodeIgniter\CodeIgniter))
13 FCPATH\index.php(63): CodeIgniter\Boot::bootWeb(Object(Config\Paths))
INFO - 2025-06-05 13:52:59 --> Session: Class initialized using 'CodeIgniter\Session\Handlers\FileHandler' driver.
WARNING - 2025-06-05 13:52:59 --> [DEPRECATED] Creation of dynamic property App\Controllers\Public\PageController::$load_files is deprecated in APPPATH\Controllers\Public\PageController.php on line 21.
 1 SYSTEMPATH\CodeIgniter.php(903): App\Controllers\Public\PageController->__construct()
 2 SYSTEMPATH\CodeIgniter.php(500): CodeIgniter\CodeIgniter->createController()
 3 SYSTEMPATH\CodeIgniter.php(355): CodeIgniter\CodeIgniter->handleRequest(null, Object(Config\Cache), false)
 4 SYSTEMPATH\Boot.php(325): CodeIgniter\CodeIgniter->run()
 5 SYSTEMPATH\Boot.php(67): CodeIgniter\Boot::runCodeIgniter(Object(CodeIgniter\CodeIgniter))
 6 FCPATH\index.php(63): CodeIgniter\Boot::bootWeb(Object(Config\Paths))
WARNING - 2025-06-05 13:52:59 --> [DEPRECATED] Creation of dynamic property App\Controllers\Public\PageController::$page_title is deprecated in APPPATH\Controllers\Public\PageController.php on line 22.
 1 SYSTEMPATH\CodeIgniter.php(903): App\Controllers\Public\PageController->__construct()
 2 SYSTEMPATH\CodeIgniter.php(500): CodeIgniter\CodeIgniter->createController()
 3 SYSTEMPATH\CodeIgniter.php(355): CodeIgniter\CodeIgniter->handleRequest(null, Object(Config\Cache), false)
 4 SYSTEMPATH\Boot.php(325): CodeIgniter\CodeIgniter->run()
 5 SYSTEMPATH\Boot.php(67): CodeIgniter\Boot::runCodeIgniter(Object(CodeIgniter\CodeIgniter))
 6 FCPATH\index.php(63): CodeIgniter\Boot::bootWeb(Object(Config\Paths))
WARNING - 2025-06-05 13:53:13 --> [DEPRECATED] Passing lowercase HTTP method "get" is deprecated. Use uppercase HTTP method like "GET". in SYSTEMPATH\Router\RouteCollection.php on line 1027.
 1 SYSTEMPATH\Router\RouteCollection.php(1027): trigger_error('Passing lowercase HTTP method "get" is deprecated. Use uppercase HTTP method like "GET".', 16384)
 2 APPPATH\Config\Routes\AdminRoutes.php(65): CodeIgniter\Router\RouteCollection->match([...], 'send_test_mail', 'SettingsController::send_test_mail')
 3 SYSTEMPATH\Router\RouteCollection.php(800): App\Config\Routes\AdminRoutes::App\Config\Routes\{closure}(Object(CodeIgniter\Router\RouteCollection))
 4 APPPATH\Config\Routes\AdminRoutes.php(63): CodeIgniter\Router\RouteCollection->group('settings', [...], Object(Closure))
 5 SYSTEMPATH\Router\RouteCollection.php(800): App\Config\Routes\AdminRoutes::App\Config\Routes\{closure}(Object(CodeIgniter\Router\RouteCollection))
 6 APPPATH\Config\Routes\AdminRoutes.php(28): CodeIgniter\Router\RouteCollection->group('admin', [...], Object(Closure))
 7 APPPATH\Config\Routes.php(20): App\Config\Routes\AdminRoutes::init(Object(CodeIgniter\Router\RouteCollection))
 8 SYSTEMPATH\Router\RouteCollection.php(340): require('C:\\xampp\\htdocs\\smartstore\\app\\Config\\Routes.php')
 9 SYSTEMPATH\CodeIgniter.php(823): CodeIgniter\Router\RouteCollection->loadRoutes()
10 SYSTEMPATH\CodeIgniter.php(457): CodeIgniter\CodeIgniter->tryToRouteIt(null)
11 SYSTEMPATH\CodeIgniter.php(355): CodeIgniter\CodeIgniter->handleRequest(null, Object(Config\Cache), false)
12 SYSTEMPATH\Boot.php(325): CodeIgniter\CodeIgniter->run()
13 SYSTEMPATH\Boot.php(67): CodeIgniter\Boot::runCodeIgniter(Object(CodeIgniter\CodeIgniter))
14 FCPATH\index.php(63): CodeIgniter\Boot::bootWeb(Object(Config\Paths))
WARNING - 2025-06-05 13:53:13 --> [DEPRECATED] Passing lowercase HTTP method "post" is deprecated. Use uppercase HTTP method like "POST". in SYSTEMPATH\Router\RouteCollection.php on line 1027.
 1 SYSTEMPATH\Router\RouteCollection.php(1027): trigger_error('Passing lowercase HTTP method "post" is deprecated. Use uppercase HTTP method like "POST".', 16384)
 2 APPPATH\Config\Routes\AdminRoutes.php(65): CodeIgniter\Router\RouteCollection->match([...], 'send_test_mail', 'SettingsController::send_test_mail')
 3 SYSTEMPATH\Router\RouteCollection.php(800): App\Config\Routes\AdminRoutes::App\Config\Routes\{closure}(Object(CodeIgniter\Router\RouteCollection))
 4 APPPATH\Config\Routes\AdminRoutes.php(63): CodeIgniter\Router\RouteCollection->group('settings', [...], Object(Closure))
 5 SYSTEMPATH\Router\RouteCollection.php(800): App\Config\Routes\AdminRoutes::App\Config\Routes\{closure}(Object(CodeIgniter\Router\RouteCollection))
 6 APPPATH\Config\Routes\AdminRoutes.php(28): CodeIgniter\Router\RouteCollection->group('admin', [...], Object(Closure))
 7 APPPATH\Config\Routes.php(20): App\Config\Routes\AdminRoutes::init(Object(CodeIgniter\Router\RouteCollection))
 8 SYSTEMPATH\Router\RouteCollection.php(340): require('C:\\xampp\\htdocs\\smartstore\\app\\Config\\Routes.php')
 9 SYSTEMPATH\CodeIgniter.php(823): CodeIgniter\Router\RouteCollection->loadRoutes()
10 SYSTEMPATH\CodeIgniter.php(457): CodeIgniter\CodeIgniter->tryToRouteIt(null)
11 SYSTEMPATH\CodeIgniter.php(355): CodeIgniter\CodeIgniter->handleRequest(null, Object(Config\Cache), false)
12 SYSTEMPATH\Boot.php(325): CodeIgniter\CodeIgniter->run()
13 SYSTEMPATH\Boot.php(67): CodeIgniter\Boot::runCodeIgniter(Object(CodeIgniter\CodeIgniter))
14 FCPATH\index.php(63): CodeIgniter\Boot::bootWeb(Object(Config\Paths))
WARNING - 2025-06-05 13:53:13 --> [DEPRECATED] Passing lowercase HTTP method "get" is deprecated. Use uppercase HTTP method like "GET". in SYSTEMPATH\Router\RouteCollection.php on line 1027.
 1 SYSTEMPATH\Router\RouteCollection.php(1027): trigger_error('Passing lowercase HTTP method "get" is deprecated. Use uppercase HTTP method like "GET".', 16384)
 2 APPPATH\Config\Routes\AdminRoutes.php(76): CodeIgniter\Router\RouteCollection->match([...], 'elfinder_connector', 'FilemanagerController::elfinder_connector')
 3 SYSTEMPATH\Router\RouteCollection.php(800): App\Config\Routes\AdminRoutes::App\Config\Routes\{closure}(Object(CodeIgniter\Router\RouteCollection))
 4 APPPATH\Config\Routes\AdminRoutes.php(73): CodeIgniter\Router\RouteCollection->group('filemanager', [...], Object(Closure))
 5 SYSTEMPATH\Router\RouteCollection.php(800): App\Config\Routes\AdminRoutes::App\Config\Routes\{closure}(Object(CodeIgniter\Router\RouteCollection))
 6 APPPATH\Config\Routes\AdminRoutes.php(28): CodeIgniter\Router\RouteCollection->group('admin', [...], Object(Closure))
 7 APPPATH\Config\Routes.php(20): App\Config\Routes\AdminRoutes::init(Object(CodeIgniter\Router\RouteCollection))
 8 SYSTEMPATH\Router\RouteCollection.php(340): require('C:\\xampp\\htdocs\\smartstore\\app\\Config\\Routes.php')
 9 SYSTEMPATH\CodeIgniter.php(823): CodeIgniter\Router\RouteCollection->loadRoutes()
10 SYSTEMPATH\CodeIgniter.php(457): CodeIgniter\CodeIgniter->tryToRouteIt(null)
11 SYSTEMPATH\CodeIgniter.php(355): CodeIgniter\CodeIgniter->handleRequest(null, Object(Config\Cache), false)
12 SYSTEMPATH\Boot.php(325): CodeIgniter\CodeIgniter->run()
13 SYSTEMPATH\Boot.php(67): CodeIgniter\Boot::runCodeIgniter(Object(CodeIgniter\CodeIgniter))
14 FCPATH\index.php(63): CodeIgniter\Boot::bootWeb(Object(Config\Paths))
WARNING - 2025-06-05 13:53:13 --> [DEPRECATED] Passing lowercase HTTP method "post" is deprecated. Use uppercase HTTP method like "POST". in SYSTEMPATH\Router\RouteCollection.php on line 1027.
 1 SYSTEMPATH\Router\RouteCollection.php(1027): trigger_error('Passing lowercase HTTP method "post" is deprecated. Use uppercase HTTP method like "POST".', 16384)
 2 APPPATH\Config\Routes\AdminRoutes.php(76): CodeIgniter\Router\RouteCollection->match([...], 'elfinder_connector', 'FilemanagerController::elfinder_connector')
 3 SYSTEMPATH\Router\RouteCollection.php(800): App\Config\Routes\AdminRoutes::App\Config\Routes\{closure}(Object(CodeIgniter\Router\RouteCollection))
 4 APPPATH\Config\Routes\AdminRoutes.php(73): CodeIgniter\Router\RouteCollection->group('filemanager', [...], Object(Closure))
 5 SYSTEMPATH\Router\RouteCollection.php(800): App\Config\Routes\AdminRoutes::App\Config\Routes\{closure}(Object(CodeIgniter\Router\RouteCollection))
 6 APPPATH\Config\Routes\AdminRoutes.php(28): CodeIgniter\Router\RouteCollection->group('admin', [...], Object(Closure))
 7 APPPATH\Config\Routes.php(20): App\Config\Routes\AdminRoutes::init(Object(CodeIgniter\Router\RouteCollection))
 8 SYSTEMPATH\Router\RouteCollection.php(340): require('C:\\xampp\\htdocs\\smartstore\\app\\Config\\Routes.php')
 9 SYSTEMPATH\CodeIgniter.php(823): CodeIgniter\Router\RouteCollection->loadRoutes()
10 SYSTEMPATH\CodeIgniter.php(457): CodeIgniter\CodeIgniter->tryToRouteIt(null)
11 SYSTEMPATH\CodeIgniter.php(355): CodeIgniter\CodeIgniter->handleRequest(null, Object(Config\Cache), false)
12 SYSTEMPATH\Boot.php(325): CodeIgniter\CodeIgniter->run()
13 SYSTEMPATH\Boot.php(67): CodeIgniter\Boot::runCodeIgniter(Object(CodeIgniter\CodeIgniter))
14 FCPATH\index.php(63): CodeIgniter\Boot::bootWeb(Object(Config\Paths))
WARNING - 2025-06-05 13:53:13 --> [DEPRECATED] Passing lowercase HTTP method "get" is deprecated. Use uppercase HTTP method like "GET". in SYSTEMPATH\Router\RouteCollection.php on line 1027.
 1 SYSTEMPATH\Router\RouteCollection.php(1027): trigger_error('Passing lowercase HTTP method "get" is deprecated. Use uppercase HTTP method like "GET".', 16384)
 2 APPPATH\Config\Routes\AdminRoutes.php(172): CodeIgniter\Router\RouteCollection->match([...], 'sync_services/?(:num)?', 'ProvidersController::sync_services/$1')
 3 SYSTEMPATH\Router\RouteCollection.php(800): App\Config\Routes\AdminRoutes::App\Config\Routes\{closure}(Object(CodeIgniter\Router\RouteCollection))
 4 APPPATH\Config\Routes\AdminRoutes.php(167): CodeIgniter\Router\RouteCollection->group('providers', [...], Object(Closure))
 5 SYSTEMPATH\Router\RouteCollection.php(800): App\Config\Routes\AdminRoutes::App\Config\Routes\{closure}(Object(CodeIgniter\Router\RouteCollection))
 6 APPPATH\Config\Routes\AdminRoutes.php(28): CodeIgniter\Router\RouteCollection->group('admin', [...], Object(Closure))
 7 APPPATH\Config\Routes.php(20): App\Config\Routes\AdminRoutes::init(Object(CodeIgniter\Router\RouteCollection))
 8 SYSTEMPATH\Router\RouteCollection.php(340): require('C:\\xampp\\htdocs\\smartstore\\app\\Config\\Routes.php')
 9 SYSTEMPATH\CodeIgniter.php(823): CodeIgniter\Router\RouteCollection->loadRoutes()
10 SYSTEMPATH\CodeIgniter.php(457): CodeIgniter\CodeIgniter->tryToRouteIt(null)
11 SYSTEMPATH\CodeIgniter.php(355): CodeIgniter\CodeIgniter->handleRequest(null, Object(Config\Cache), false)
12 SYSTEMPATH\Boot.php(325): CodeIgniter\CodeIgniter->run()
13 SYSTEMPATH\Boot.php(67): CodeIgniter\Boot::runCodeIgniter(Object(CodeIgniter\CodeIgniter))
14 FCPATH\index.php(63): CodeIgniter\Boot::bootWeb(Object(Config\Paths))
WARNING - 2025-06-05 13:53:13 --> [DEPRECATED] Passing lowercase HTTP method "post" is deprecated. Use uppercase HTTP method like "POST". in SYSTEMPATH\Router\RouteCollection.php on line 1027.
 1 SYSTEMPATH\Router\RouteCollection.php(1027): trigger_error('Passing lowercase HTTP method "post" is deprecated. Use uppercase HTTP method like "POST".', 16384)
 2 APPPATH\Config\Routes\AdminRoutes.php(172): CodeIgniter\Router\RouteCollection->match([...], 'sync_services/?(:num)?', 'ProvidersController::sync_services/$1')
 3 SYSTEMPATH\Router\RouteCollection.php(800): App\Config\Routes\AdminRoutes::App\Config\Routes\{closure}(Object(CodeIgniter\Router\RouteCollection))
 4 APPPATH\Config\Routes\AdminRoutes.php(167): CodeIgniter\Router\RouteCollection->group('providers', [...], Object(Closure))
 5 SYSTEMPATH\Router\RouteCollection.php(800): App\Config\Routes\AdminRoutes::App\Config\Routes\{closure}(Object(CodeIgniter\Router\RouteCollection))
 6 APPPATH\Config\Routes\AdminRoutes.php(28): CodeIgniter\Router\RouteCollection->group('admin', [...], Object(Closure))
 7 APPPATH\Config\Routes.php(20): App\Config\Routes\AdminRoutes::init(Object(CodeIgniter\Router\RouteCollection))
 8 SYSTEMPATH\Router\RouteCollection.php(340): require('C:\\xampp\\htdocs\\smartstore\\app\\Config\\Routes.php')
 9 SYSTEMPATH\CodeIgniter.php(823): CodeIgniter\Router\RouteCollection->loadRoutes()
10 SYSTEMPATH\CodeIgniter.php(457): CodeIgniter\CodeIgniter->tryToRouteIt(null)
11 SYSTEMPATH\CodeIgniter.php(355): CodeIgniter\CodeIgniter->handleRequest(null, Object(Config\Cache), false)
12 SYSTEMPATH\Boot.php(325): CodeIgniter\CodeIgniter->run()
13 SYSTEMPATH\Boot.php(67): CodeIgniter\Boot::runCodeIgniter(Object(CodeIgniter\CodeIgniter))
14 FCPATH\index.php(63): CodeIgniter\Boot::bootWeb(Object(Config\Paths))
WARNING - 2025-06-05 13:53:13 --> [DEPRECATED] Passing lowercase HTTP method "get" is deprecated. Use uppercase HTTP method like "GET". in SYSTEMPATH\Router\RouteCollection.php on line 1027.
 1 SYSTEMPATH\Router\RouteCollection.php(1027): trigger_error('Passing lowercase HTTP method "get" is deprecated. Use uppercase HTTP method like "GET".', 16384)
 2 APPPATH\Config\Routes\AdminRoutes.php(185): CodeIgniter\Router\RouteCollection->match([...], 'add_note/?(:num)?', 'UsersController::add_note/$1')
 3 SYSTEMPATH\Router\RouteCollection.php(800): App\Config\Routes\AdminRoutes::App\Config\Routes\{closure}(Object(CodeIgniter\Router\RouteCollection))
 4 APPPATH\Config\Routes\AdminRoutes.php(182): CodeIgniter\Router\RouteCollection->group('users', [...], Object(Closure))
 5 SYSTEMPATH\Router\RouteCollection.php(800): App\Config\Routes\AdminRoutes::App\Config\Routes\{closure}(Object(CodeIgniter\Router\RouteCollection))
 6 APPPATH\Config\Routes\AdminRoutes.php(28): CodeIgniter\Router\RouteCollection->group('admin', [...], Object(Closure))
 7 APPPATH\Config\Routes.php(20): App\Config\Routes\AdminRoutes::init(Object(CodeIgniter\Router\RouteCollection))
 8 SYSTEMPATH\Router\RouteCollection.php(340): require('C:\\xampp\\htdocs\\smartstore\\app\\Config\\Routes.php')
 9 SYSTEMPATH\CodeIgniter.php(823): CodeIgniter\Router\RouteCollection->loadRoutes()
10 SYSTEMPATH\CodeIgniter.php(457): CodeIgniter\CodeIgniter->tryToRouteIt(null)
11 SYSTEMPATH\CodeIgniter.php(355): CodeIgniter\CodeIgniter->handleRequest(null, Object(Config\Cache), false)
12 SYSTEMPATH\Boot.php(325): CodeIgniter\CodeIgniter->run()
13 SYSTEMPATH\Boot.php(67): CodeIgniter\Boot::runCodeIgniter(Object(CodeIgniter\CodeIgniter))
14 FCPATH\index.php(63): CodeIgniter\Boot::bootWeb(Object(Config\Paths))
WARNING - 2025-06-05 13:53:13 --> [DEPRECATED] Passing lowercase HTTP method "post" is deprecated. Use uppercase HTTP method like "POST". in SYSTEMPATH\Router\RouteCollection.php on line 1027.
 1 SYSTEMPATH\Router\RouteCollection.php(1027): trigger_error('Passing lowercase HTTP method "post" is deprecated. Use uppercase HTTP method like "POST".', 16384)
 2 APPPATH\Config\Routes\AdminRoutes.php(185): CodeIgniter\Router\RouteCollection->match([...], 'add_note/?(:num)?', 'UsersController::add_note/$1')
 3 SYSTEMPATH\Router\RouteCollection.php(800): App\Config\Routes\AdminRoutes::App\Config\Routes\{closure}(Object(CodeIgniter\Router\RouteCollection))
 4 APPPATH\Config\Routes\AdminRoutes.php(182): CodeIgniter\Router\RouteCollection->group('users', [...], Object(Closure))
 5 SYSTEMPATH\Router\RouteCollection.php(800): App\Config\Routes\AdminRoutes::App\Config\Routes\{closure}(Object(CodeIgniter\Router\RouteCollection))
 6 APPPATH\Config\Routes\AdminRoutes.php(28): CodeIgniter\Router\RouteCollection->group('admin', [...], Object(Closure))
 7 APPPATH\Config\Routes.php(20): App\Config\Routes\AdminRoutes::init(Object(CodeIgniter\Router\RouteCollection))
 8 SYSTEMPATH\Router\RouteCollection.php(340): require('C:\\xampp\\htdocs\\smartstore\\app\\Config\\Routes.php')
 9 SYSTEMPATH\CodeIgniter.php(823): CodeIgniter\Router\RouteCollection->loadRoutes()
10 SYSTEMPATH\CodeIgniter.php(457): CodeIgniter\CodeIgniter->tryToRouteIt(null)
11 SYSTEMPATH\CodeIgniter.php(355): CodeIgniter\CodeIgniter->handleRequest(null, Object(Config\Cache), false)
12 SYSTEMPATH\Boot.php(325): CodeIgniter\CodeIgniter->run()
13 SYSTEMPATH\Boot.php(67): CodeIgniter\Boot::runCodeIgniter(Object(CodeIgniter\CodeIgniter))
14 FCPATH\index.php(63): CodeIgniter\Boot::bootWeb(Object(Config\Paths))
WARNING - 2025-06-05 13:53:13 --> [DEPRECATED] Passing lowercase HTTP method "get" is deprecated. Use uppercase HTTP method like "GET". in SYSTEMPATH\Router\RouteCollection.php on line 1027.
 1 SYSTEMPATH\Router\RouteCollection.php(1027): trigger_error('Passing lowercase HTTP method "get" is deprecated. Use uppercase HTTP method like "GET".', 16384)
 2 APPPATH\Config\Routes\AdminRoutes.php(186): CodeIgniter\Router\RouteCollection->match([...], 'send_mail/?(:num)?', 'UsersController::send_mail/$1')
 3 SYSTEMPATH\Router\RouteCollection.php(800): App\Config\Routes\AdminRoutes::App\Config\Routes\{closure}(Object(CodeIgniter\Router\RouteCollection))
 4 APPPATH\Config\Routes\AdminRoutes.php(182): CodeIgniter\Router\RouteCollection->group('users', [...], Object(Closure))
 5 SYSTEMPATH\Router\RouteCollection.php(800): App\Config\Routes\AdminRoutes::App\Config\Routes\{closure}(Object(CodeIgniter\Router\RouteCollection))
 6 APPPATH\Config\Routes\AdminRoutes.php(28): CodeIgniter\Router\RouteCollection->group('admin', [...], Object(Closure))
 7 APPPATH\Config\Routes.php(20): App\Config\Routes\AdminRoutes::init(Object(CodeIgniter\Router\RouteCollection))
 8 SYSTEMPATH\Router\RouteCollection.php(340): require('C:\\xampp\\htdocs\\smartstore\\app\\Config\\Routes.php')
 9 SYSTEMPATH\CodeIgniter.php(823): CodeIgniter\Router\RouteCollection->loadRoutes()
10 SYSTEMPATH\CodeIgniter.php(457): CodeIgniter\CodeIgniter->tryToRouteIt(null)
11 SYSTEMPATH\CodeIgniter.php(355): CodeIgniter\CodeIgniter->handleRequest(null, Object(Config\Cache), false)
12 SYSTEMPATH\Boot.php(325): CodeIgniter\CodeIgniter->run()
13 SYSTEMPATH\Boot.php(67): CodeIgniter\Boot::runCodeIgniter(Object(CodeIgniter\CodeIgniter))
14 FCPATH\index.php(63): CodeIgniter\Boot::bootWeb(Object(Config\Paths))
WARNING - 2025-06-05 13:53:13 --> [DEPRECATED] Passing lowercase HTTP method "post" is deprecated. Use uppercase HTTP method like "POST". in SYSTEMPATH\Router\RouteCollection.php on line 1027.
 1 SYSTEMPATH\Router\RouteCollection.php(1027): trigger_error('Passing lowercase HTTP method "post" is deprecated. Use uppercase HTTP method like "POST".', 16384)
 2 APPPATH\Config\Routes\AdminRoutes.php(186): CodeIgniter\Router\RouteCollection->match([...], 'send_mail/?(:num)?', 'UsersController::send_mail/$1')
 3 SYSTEMPATH\Router\RouteCollection.php(800): App\Config\Routes\AdminRoutes::App\Config\Routes\{closure}(Object(CodeIgniter\Router\RouteCollection))
 4 APPPATH\Config\Routes\AdminRoutes.php(182): CodeIgniter\Router\RouteCollection->group('users', [...], Object(Closure))
 5 SYSTEMPATH\Router\RouteCollection.php(800): App\Config\Routes\AdminRoutes::App\Config\Routes\{closure}(Object(CodeIgniter\Router\RouteCollection))
 6 APPPATH\Config\Routes\AdminRoutes.php(28): CodeIgniter\Router\RouteCollection->group('admin', [...], Object(Closure))
 7 APPPATH\Config\Routes.php(20): App\Config\Routes\AdminRoutes::init(Object(CodeIgniter\Router\RouteCollection))
 8 SYSTEMPATH\Router\RouteCollection.php(340): require('C:\\xampp\\htdocs\\smartstore\\app\\Config\\Routes.php')
 9 SYSTEMPATH\CodeIgniter.php(823): CodeIgniter\Router\RouteCollection->loadRoutes()
10 SYSTEMPATH\CodeIgniter.php(457): CodeIgniter\CodeIgniter->tryToRouteIt(null)
11 SYSTEMPATH\CodeIgniter.php(355): CodeIgniter\CodeIgniter->handleRequest(null, Object(Config\Cache), false)
12 SYSTEMPATH\Boot.php(325): CodeIgniter\CodeIgniter->run()
13 SYSTEMPATH\Boot.php(67): CodeIgniter\Boot::runCodeIgniter(Object(CodeIgniter\CodeIgniter))
14 FCPATH\index.php(63): CodeIgniter\Boot::bootWeb(Object(Config\Paths))
WARNING - 2025-06-05 13:53:13 --> [DEPRECATED] Passing lowercase HTTP method "get" is deprecated. Use uppercase HTTP method like "GET". in SYSTEMPATH\Router\RouteCollection.php on line 1027.
 1 SYSTEMPATH\Router\RouteCollection.php(1027): trigger_error('Passing lowercase HTTP method "get" is deprecated. Use uppercase HTTP method like "GET".', 16384)
 2 APPPATH\Config\Routes\AdminRoutes.php(215): CodeIgniter\Router\RouteCollection->match([...], 'send_mail/?(:num)?', 'TicketsController::send_mail/$1')
 3 SYSTEMPATH\Router\RouteCollection.php(800): App\Config\Routes\AdminRoutes::App\Config\Routes\{closure}(Object(CodeIgniter\Router\RouteCollection))
 4 APPPATH\Config\Routes\AdminRoutes.php(212): CodeIgniter\Router\RouteCollection->group('tickets', [...], Object(Closure))
 5 SYSTEMPATH\Router\RouteCollection.php(800): App\Config\Routes\AdminRoutes::App\Config\Routes\{closure}(Object(CodeIgniter\Router\RouteCollection))
 6 APPPATH\Config\Routes\AdminRoutes.php(28): CodeIgniter\Router\RouteCollection->group('admin', [...], Object(Closure))
 7 APPPATH\Config\Routes.php(20): App\Config\Routes\AdminRoutes::init(Object(CodeIgniter\Router\RouteCollection))
 8 SYSTEMPATH\Router\RouteCollection.php(340): require('C:\\xampp\\htdocs\\smartstore\\app\\Config\\Routes.php')
 9 SYSTEMPATH\CodeIgniter.php(823): CodeIgniter\Router\RouteCollection->loadRoutes()
10 SYSTEMPATH\CodeIgniter.php(457): CodeIgniter\CodeIgniter->tryToRouteIt(null)
11 SYSTEMPATH\CodeIgniter.php(355): CodeIgniter\CodeIgniter->handleRequest(null, Object(Config\Cache), false)
12 SYSTEMPATH\Boot.php(325): CodeIgniter\CodeIgniter->run()
13 SYSTEMPATH\Boot.php(67): CodeIgniter\Boot::runCodeIgniter(Object(CodeIgniter\CodeIgniter))
14 FCPATH\index.php(63): CodeIgniter\Boot::bootWeb(Object(Config\Paths))
WARNING - 2025-06-05 13:53:13 --> [DEPRECATED] Passing lowercase HTTP method "post" is deprecated. Use uppercase HTTP method like "POST". in SYSTEMPATH\Router\RouteCollection.php on line 1027.
 1 SYSTEMPATH\Router\RouteCollection.php(1027): trigger_error('Passing lowercase HTTP method "post" is deprecated. Use uppercase HTTP method like "POST".', 16384)
 2 APPPATH\Config\Routes\AdminRoutes.php(215): CodeIgniter\Router\RouteCollection->match([...], 'send_mail/?(:num)?', 'TicketsController::send_mail/$1')
 3 SYSTEMPATH\Router\RouteCollection.php(800): App\Config\Routes\AdminRoutes::App\Config\Routes\{closure}(Object(CodeIgniter\Router\RouteCollection))
 4 APPPATH\Config\Routes\AdminRoutes.php(212): CodeIgniter\Router\RouteCollection->group('tickets', [...], Object(Closure))
 5 SYSTEMPATH\Router\RouteCollection.php(800): App\Config\Routes\AdminRoutes::App\Config\Routes\{closure}(Object(CodeIgniter\Router\RouteCollection))
 6 APPPATH\Config\Routes\AdminRoutes.php(28): CodeIgniter\Router\RouteCollection->group('admin', [...], Object(Closure))
 7 APPPATH\Config\Routes.php(20): App\Config\Routes\AdminRoutes::init(Object(CodeIgniter\Router\RouteCollection))
 8 SYSTEMPATH\Router\RouteCollection.php(340): require('C:\\xampp\\htdocs\\smartstore\\app\\Config\\Routes.php')
 9 SYSTEMPATH\CodeIgniter.php(823): CodeIgniter\Router\RouteCollection->loadRoutes()
10 SYSTEMPATH\CodeIgniter.php(457): CodeIgniter\CodeIgniter->tryToRouteIt(null)
11 SYSTEMPATH\CodeIgniter.php(355): CodeIgniter\CodeIgniter->handleRequest(null, Object(Config\Cache), false)
12 SYSTEMPATH\Boot.php(325): CodeIgniter\CodeIgniter->run()
13 SYSTEMPATH\Boot.php(67): CodeIgniter\Boot::runCodeIgniter(Object(CodeIgniter\CodeIgniter))
14 FCPATH\index.php(63): CodeIgniter\Boot::bootWeb(Object(Config\Paths))
WARNING - 2025-06-05 13:53:13 --> [DEPRECATED] Passing lowercase HTTP method "get" is deprecated. Use uppercase HTTP method like "GET". in SYSTEMPATH\Router\RouteCollection.php on line 1027.
 1 SYSTEMPATH\Router\RouteCollection.php(1027): trigger_error('Passing lowercase HTTP method "get" is deprecated. Use uppercase HTTP method like "GET".', 16384)
 2 APPPATH\Config\Routes\UserRoutes.php(49): CodeIgniter\Router\RouteCollection->match([...], 'submit_review', 'ClientController::submit_review', [...])
 3 APPPATH\Config\Routes\UserRoutes.php(23): App\Config\Routes\UserRoutes::defineRoutes(Object(CodeIgniter\Router\RouteCollection))
 4 APPPATH\Config\Routes.php(21): App\Config\Routes\UserRoutes::init(Object(CodeIgniter\Router\RouteCollection))
 5 SYSTEMPATH\Router\RouteCollection.php(340): require('C:\\xampp\\htdocs\\smartstore\\app\\Config\\Routes.php')
 6 SYSTEMPATH\CodeIgniter.php(823): CodeIgniter\Router\RouteCollection->loadRoutes()
 7 SYSTEMPATH\CodeIgniter.php(457): CodeIgniter\CodeIgniter->tryToRouteIt(null)
 8 SYSTEMPATH\CodeIgniter.php(355): CodeIgniter\CodeIgniter->handleRequest(null, Object(Config\Cache), false)
 9 SYSTEMPATH\Boot.php(325): CodeIgniter\CodeIgniter->run()
10 SYSTEMPATH\Boot.php(67): CodeIgniter\Boot::runCodeIgniter(Object(CodeIgniter\CodeIgniter))
11 FCPATH\index.php(63): CodeIgniter\Boot::bootWeb(Object(Config\Paths))
WARNING - 2025-06-05 13:53:13 --> [DEPRECATED] Passing lowercase HTTP method "post" is deprecated. Use uppercase HTTP method like "POST". in SYSTEMPATH\Router\RouteCollection.php on line 1027.
 1 SYSTEMPATH\Router\RouteCollection.php(1027): trigger_error('Passing lowercase HTTP method "post" is deprecated. Use uppercase HTTP method like "POST".', 16384)
 2 APPPATH\Config\Routes\UserRoutes.php(49): CodeIgniter\Router\RouteCollection->match([...], 'submit_review', 'ClientController::submit_review', [...])
 3 APPPATH\Config\Routes\UserRoutes.php(23): App\Config\Routes\UserRoutes::defineRoutes(Object(CodeIgniter\Router\RouteCollection))
 4 APPPATH\Config\Routes.php(21): App\Config\Routes\UserRoutes::init(Object(CodeIgniter\Router\RouteCollection))
 5 SYSTEMPATH\Router\RouteCollection.php(340): require('C:\\xampp\\htdocs\\smartstore\\app\\Config\\Routes.php')
 6 SYSTEMPATH\CodeIgniter.php(823): CodeIgniter\Router\RouteCollection->loadRoutes()
 7 SYSTEMPATH\CodeIgniter.php(457): CodeIgniter\CodeIgniter->tryToRouteIt(null)
 8 SYSTEMPATH\CodeIgniter.php(355): CodeIgniter\CodeIgniter->handleRequest(null, Object(Config\Cache), false)
 9 SYSTEMPATH\Boot.php(325): CodeIgniter\CodeIgniter->run()
10 SYSTEMPATH\Boot.php(67): CodeIgniter\Boot::runCodeIgniter(Object(CodeIgniter\CodeIgniter))
11 FCPATH\index.php(63): CodeIgniter\Boot::bootWeb(Object(Config\Paths))
WARNING - 2025-06-05 13:53:13 --> [DEPRECATED] Passing lowercase HTTP method "get" is deprecated. Use uppercase HTTP method like "GET". in SYSTEMPATH\Router\RouteCollection.php on line 1027.
 1 SYSTEMPATH\Router\RouteCollection.php(1027): trigger_error('Passing lowercase HTTP method "get" is deprecated. Use uppercase HTTP method like "GET".', 16384)
 2 APPPATH\Config\Routes\UserRoutes.php(63): CodeIgniter\Router\RouteCollection->match([...], 'track-order', 'OrderController::track_order', [...])
 3 APPPATH\Config\Routes\UserRoutes.php(23): App\Config\Routes\UserRoutes::defineRoutes(Object(CodeIgniter\Router\RouteCollection))
 4 APPPATH\Config\Routes.php(21): App\Config\Routes\UserRoutes::init(Object(CodeIgniter\Router\RouteCollection))
 5 SYSTEMPATH\Router\RouteCollection.php(340): require('C:\\xampp\\htdocs\\smartstore\\app\\Config\\Routes.php')
 6 SYSTEMPATH\CodeIgniter.php(823): CodeIgniter\Router\RouteCollection->loadRoutes()
 7 SYSTEMPATH\CodeIgniter.php(457): CodeIgniter\CodeIgniter->tryToRouteIt(null)
 8 SYSTEMPATH\CodeIgniter.php(355): CodeIgniter\CodeIgniter->handleRequest(null, Object(Config\Cache), false)
 9 SYSTEMPATH\Boot.php(325): CodeIgniter\CodeIgniter->run()
10 SYSTEMPATH\Boot.php(67): CodeIgniter\Boot::runCodeIgniter(Object(CodeIgniter\CodeIgniter))
11 FCPATH\index.php(63): CodeIgniter\Boot::bootWeb(Object(Config\Paths))
WARNING - 2025-06-05 13:53:13 --> [DEPRECATED] Passing lowercase HTTP method "post" is deprecated. Use uppercase HTTP method like "POST". in SYSTEMPATH\Router\RouteCollection.php on line 1027.
 1 SYSTEMPATH\Router\RouteCollection.php(1027): trigger_error('Passing lowercase HTTP method "post" is deprecated. Use uppercase HTTP method like "POST".', 16384)
 2 APPPATH\Config\Routes\UserRoutes.php(63): CodeIgniter\Router\RouteCollection->match([...], 'track-order', 'OrderController::track_order', [...])
 3 APPPATH\Config\Routes\UserRoutes.php(23): App\Config\Routes\UserRoutes::defineRoutes(Object(CodeIgniter\Router\RouteCollection))
 4 APPPATH\Config\Routes.php(21): App\Config\Routes\UserRoutes::init(Object(CodeIgniter\Router\RouteCollection))
 5 SYSTEMPATH\Router\RouteCollection.php(340): require('C:\\xampp\\htdocs\\smartstore\\app\\Config\\Routes.php')
 6 SYSTEMPATH\CodeIgniter.php(823): CodeIgniter\Router\RouteCollection->loadRoutes()
 7 SYSTEMPATH\CodeIgniter.php(457): CodeIgniter\CodeIgniter->tryToRouteIt(null)
 8 SYSTEMPATH\CodeIgniter.php(355): CodeIgniter\CodeIgniter->handleRequest(null, Object(Config\Cache), false)
 9 SYSTEMPATH\Boot.php(325): CodeIgniter\CodeIgniter->run()
10 SYSTEMPATH\Boot.php(67): CodeIgniter\Boot::runCodeIgniter(Object(CodeIgniter\CodeIgniter))
11 FCPATH\index.php(63): CodeIgniter\Boot::bootWeb(Object(Config\Paths))
WARNING - 2025-06-05 13:53:13 --> [DEPRECATED] Passing lowercase HTTP method "get" is deprecated. Use uppercase HTTP method like "GET". in SYSTEMPATH\Router\RouteCollection.php on line 1027.
 1 SYSTEMPATH\Router\RouteCollection.php(1027): trigger_error('Passing lowercase HTTP method "get" is deprecated. Use uppercase HTTP method like "GET".', 16384)
 2 APPPATH\Config\Routes\UserRoutes.php(49): CodeIgniter\Router\RouteCollection->match([...], 'submit_review', 'ClientController::submit_review', [...])
 3 APPPATH\Config\Routes\UserRoutes.php(26): App\Config\Routes\UserRoutes::defineRoutes(Object(CodeIgniter\Router\RouteCollection))
 4 SYSTEMPATH\Router\RouteCollection.php(800): App\Config\Routes\UserRoutes::App\Config\Routes\{closure}(Object(CodeIgniter\Router\RouteCollection))
 5 APPPATH\Config\Routes\UserRoutes.php(25): CodeIgniter\Router\RouteCollection->group('{locale}', Object(Closure))
 6 APPPATH\Config\Routes.php(21): App\Config\Routes\UserRoutes::init(Object(CodeIgniter\Router\RouteCollection))
 7 SYSTEMPATH\Router\RouteCollection.php(340): require('C:\\xampp\\htdocs\\smartstore\\app\\Config\\Routes.php')
 8 SYSTEMPATH\CodeIgniter.php(823): CodeIgniter\Router\RouteCollection->loadRoutes()
 9 SYSTEMPATH\CodeIgniter.php(457): CodeIgniter\CodeIgniter->tryToRouteIt(null)
10 SYSTEMPATH\CodeIgniter.php(355): CodeIgniter\CodeIgniter->handleRequest(null, Object(Config\Cache), false)
11 SYSTEMPATH\Boot.php(325): CodeIgniter\CodeIgniter->run()
12 SYSTEMPATH\Boot.php(67): CodeIgniter\Boot::runCodeIgniter(Object(CodeIgniter\CodeIgniter))
13 FCPATH\index.php(63): CodeIgniter\Boot::bootWeb(Object(Config\Paths))
WARNING - 2025-06-05 13:53:13 --> [DEPRECATED] Passing lowercase HTTP method "post" is deprecated. Use uppercase HTTP method like "POST". in SYSTEMPATH\Router\RouteCollection.php on line 1027.
 1 SYSTEMPATH\Router\RouteCollection.php(1027): trigger_error('Passing lowercase HTTP method "post" is deprecated. Use uppercase HTTP method like "POST".', 16384)
 2 APPPATH\Config\Routes\UserRoutes.php(49): CodeIgniter\Router\RouteCollection->match([...], 'submit_review', 'ClientController::submit_review', [...])
 3 APPPATH\Config\Routes\UserRoutes.php(26): App\Config\Routes\UserRoutes::defineRoutes(Object(CodeIgniter\Router\RouteCollection))
 4 SYSTEMPATH\Router\RouteCollection.php(800): App\Config\Routes\UserRoutes::App\Config\Routes\{closure}(Object(CodeIgniter\Router\RouteCollection))
 5 APPPATH\Config\Routes\UserRoutes.php(25): CodeIgniter\Router\RouteCollection->group('{locale}', Object(Closure))
 6 APPPATH\Config\Routes.php(21): App\Config\Routes\UserRoutes::init(Object(CodeIgniter\Router\RouteCollection))
 7 SYSTEMPATH\Router\RouteCollection.php(340): require('C:\\xampp\\htdocs\\smartstore\\app\\Config\\Routes.php')
 8 SYSTEMPATH\CodeIgniter.php(823): CodeIgniter\Router\RouteCollection->loadRoutes()
 9 SYSTEMPATH\CodeIgniter.php(457): CodeIgniter\CodeIgniter->tryToRouteIt(null)
10 SYSTEMPATH\CodeIgniter.php(355): CodeIgniter\CodeIgniter->handleRequest(null, Object(Config\Cache), false)
11 SYSTEMPATH\Boot.php(325): CodeIgniter\CodeIgniter->run()
12 SYSTEMPATH\Boot.php(67): CodeIgniter\Boot::runCodeIgniter(Object(CodeIgniter\CodeIgniter))
13 FCPATH\index.php(63): CodeIgniter\Boot::bootWeb(Object(Config\Paths))
WARNING - 2025-06-05 13:53:13 --> [DEPRECATED] Passing lowercase HTTP method "get" is deprecated. Use uppercase HTTP method like "GET". in SYSTEMPATH\Router\RouteCollection.php on line 1027.
 1 SYSTEMPATH\Router\RouteCollection.php(1027): trigger_error('Passing lowercase HTTP method "get" is deprecated. Use uppercase HTTP method like "GET".', 16384)
 2 APPPATH\Config\Routes\UserRoutes.php(63): CodeIgniter\Router\RouteCollection->match([...], 'track-order', 'OrderController::track_order', [...])
 3 APPPATH\Config\Routes\UserRoutes.php(26): App\Config\Routes\UserRoutes::defineRoutes(Object(CodeIgniter\Router\RouteCollection))
 4 SYSTEMPATH\Router\RouteCollection.php(800): App\Config\Routes\UserRoutes::App\Config\Routes\{closure}(Object(CodeIgniter\Router\RouteCollection))
 5 APPPATH\Config\Routes\UserRoutes.php(25): CodeIgniter\Router\RouteCollection->group('{locale}', Object(Closure))
 6 APPPATH\Config\Routes.php(21): App\Config\Routes\UserRoutes::init(Object(CodeIgniter\Router\RouteCollection))
 7 SYSTEMPATH\Router\RouteCollection.php(340): require('C:\\xampp\\htdocs\\smartstore\\app\\Config\\Routes.php')
 8 SYSTEMPATH\CodeIgniter.php(823): CodeIgniter\Router\RouteCollection->loadRoutes()
 9 SYSTEMPATH\CodeIgniter.php(457): CodeIgniter\CodeIgniter->tryToRouteIt(null)
10 SYSTEMPATH\CodeIgniter.php(355): CodeIgniter\CodeIgniter->handleRequest(null, Object(Config\Cache), false)
11 SYSTEMPATH\Boot.php(325): CodeIgniter\CodeIgniter->run()
12 SYSTEMPATH\Boot.php(67): CodeIgniter\Boot::runCodeIgniter(Object(CodeIgniter\CodeIgniter))
13 FCPATH\index.php(63): CodeIgniter\Boot::bootWeb(Object(Config\Paths))
WARNING - 2025-06-05 13:53:13 --> [DEPRECATED] Passing lowercase HTTP method "post" is deprecated. Use uppercase HTTP method like "POST". in SYSTEMPATH\Router\RouteCollection.php on line 1027.
 1 SYSTEMPATH\Router\RouteCollection.php(1027): trigger_error('Passing lowercase HTTP method "post" is deprecated. Use uppercase HTTP method like "POST".', 16384)
 2 APPPATH\Config\Routes\UserRoutes.php(63): CodeIgniter\Router\RouteCollection->match([...], 'track-order', 'OrderController::track_order', [...])
 3 APPPATH\Config\Routes\UserRoutes.php(26): App\Config\Routes\UserRoutes::defineRoutes(Object(CodeIgniter\Router\RouteCollection))
 4 SYSTEMPATH\Router\RouteCollection.php(800): App\Config\Routes\UserRoutes::App\Config\Routes\{closure}(Object(CodeIgniter\Router\RouteCollection))
 5 APPPATH\Config\Routes\UserRoutes.php(25): CodeIgniter\Router\RouteCollection->group('{locale}', Object(Closure))
 6 APPPATH\Config\Routes.php(21): App\Config\Routes\UserRoutes::init(Object(CodeIgniter\Router\RouteCollection))
 7 SYSTEMPATH\Router\RouteCollection.php(340): require('C:\\xampp\\htdocs\\smartstore\\app\\Config\\Routes.php')
 8 SYSTEMPATH\CodeIgniter.php(823): CodeIgniter\Router\RouteCollection->loadRoutes()
 9 SYSTEMPATH\CodeIgniter.php(457): CodeIgniter\CodeIgniter->tryToRouteIt(null)
10 SYSTEMPATH\CodeIgniter.php(355): CodeIgniter\CodeIgniter->handleRequest(null, Object(Config\Cache), false)
11 SYSTEMPATH\Boot.php(325): CodeIgniter\CodeIgniter->run()
12 SYSTEMPATH\Boot.php(67): CodeIgniter\Boot::runCodeIgniter(Object(CodeIgniter\CodeIgniter))
13 FCPATH\index.php(63): CodeIgniter\Boot::bootWeb(Object(Config\Paths))
INFO - 2025-06-05 13:53:13 --> Session: Class initialized using 'CodeIgniter\Session\Handlers\FileHandler' driver.
WARNING - 2025-06-05 13:53:13 --> [DEPRECATED] Creation of dynamic property App\Controllers\Public\PageController::$load_files is deprecated in APPPATH\Controllers\Public\PageController.php on line 21.
 1 SYSTEMPATH\CodeIgniter.php(903): App\Controllers\Public\PageController->__construct()
 2 SYSTEMPATH\CodeIgniter.php(500): CodeIgniter\CodeIgniter->createController()
 3 SYSTEMPATH\CodeIgniter.php(355): CodeIgniter\CodeIgniter->handleRequest(null, Object(Config\Cache), false)
 4 SYSTEMPATH\Boot.php(325): CodeIgniter\CodeIgniter->run()
 5 SYSTEMPATH\Boot.php(67): CodeIgniter\Boot::runCodeIgniter(Object(CodeIgniter\CodeIgniter))
 6 FCPATH\index.php(63): CodeIgniter\Boot::bootWeb(Object(Config\Paths))
WARNING - 2025-06-05 13:53:13 --> [DEPRECATED] Creation of dynamic property App\Controllers\Public\PageController::$page_title is deprecated in APPPATH\Controllers\Public\PageController.php on line 22.
 1 SYSTEMPATH\CodeIgniter.php(903): App\Controllers\Public\PageController->__construct()
 2 SYSTEMPATH\CodeIgniter.php(500): CodeIgniter\CodeIgniter->createController()
 3 SYSTEMPATH\CodeIgniter.php(355): CodeIgniter\CodeIgniter->handleRequest(null, Object(Config\Cache), false)
 4 SYSTEMPATH\Boot.php(325): CodeIgniter\CodeIgniter->run()
 5 SYSTEMPATH\Boot.php(67): CodeIgniter\Boot::runCodeIgniter(Object(CodeIgniter\CodeIgniter))
 6 FCPATH\index.php(63): CodeIgniter\Boot::bootWeb(Object(Config\Paths))
WARNING - 2025-06-05 14:03:37 --> [DEPRECATED] Passing lowercase HTTP method "get" is deprecated. Use uppercase HTTP method like "GET". in SYSTEMPATH\Router\RouteCollection.php on line 1027.
 1 SYSTEMPATH\Router\RouteCollection.php(1027): trigger_error('Passing lowercase HTTP method "get" is deprecated. Use uppercase HTTP method like "GET".', 16384)
 2 APPPATH\Config\Routes\AdminRoutes.php(65): CodeIgniter\Router\RouteCollection->match([...], 'send_test_mail', 'SettingsController::send_test_mail')
 3 SYSTEMPATH\Router\RouteCollection.php(800): App\Config\Routes\AdminRoutes::App\Config\Routes\{closure}(Object(CodeIgniter\Router\RouteCollection))
 4 APPPATH\Config\Routes\AdminRoutes.php(63): CodeIgniter\Router\RouteCollection->group('settings', [...], Object(Closure))
 5 SYSTEMPATH\Router\RouteCollection.php(800): App\Config\Routes\AdminRoutes::App\Config\Routes\{closure}(Object(CodeIgniter\Router\RouteCollection))
 6 APPPATH\Config\Routes\AdminRoutes.php(28): CodeIgniter\Router\RouteCollection->group('admin', [...], Object(Closure))
 7 APPPATH\Config\Routes.php(20): App\Config\Routes\AdminRoutes::init(Object(CodeIgniter\Router\RouteCollection))
 8 SYSTEMPATH\Router\RouteCollection.php(340): require('C:\\xampp\\htdocs\\smartstore\\app\\Config\\Routes.php')
 9 SYSTEMPATH\CodeIgniter.php(823): CodeIgniter\Router\RouteCollection->loadRoutes()
10 SYSTEMPATH\CodeIgniter.php(457): CodeIgniter\CodeIgniter->tryToRouteIt(null)
11 SYSTEMPATH\CodeIgniter.php(355): CodeIgniter\CodeIgniter->handleRequest(null, Object(Config\Cache), false)
12 SYSTEMPATH\Boot.php(325): CodeIgniter\CodeIgniter->run()
13 SYSTEMPATH\Boot.php(67): CodeIgniter\Boot::runCodeIgniter(Object(CodeIgniter\CodeIgniter))
14 FCPATH\index.php(63): CodeIgniter\Boot::bootWeb(Object(Config\Paths))
WARNING - 2025-06-05 14:03:37 --> [DEPRECATED] Passing lowercase HTTP method "post" is deprecated. Use uppercase HTTP method like "POST". in SYSTEMPATH\Router\RouteCollection.php on line 1027.
 1 SYSTEMPATH\Router\RouteCollection.php(1027): trigger_error('Passing lowercase HTTP method "post" is deprecated. Use uppercase HTTP method like "POST".', 16384)
 2 APPPATH\Config\Routes\AdminRoutes.php(65): CodeIgniter\Router\RouteCollection->match([...], 'send_test_mail', 'SettingsController::send_test_mail')
 3 SYSTEMPATH\Router\RouteCollection.php(800): App\Config\Routes\AdminRoutes::App\Config\Routes\{closure}(Object(CodeIgniter\Router\RouteCollection))
 4 APPPATH\Config\Routes\AdminRoutes.php(63): CodeIgniter\Router\RouteCollection->group('settings', [...], Object(Closure))
 5 SYSTEMPATH\Router\RouteCollection.php(800): App\Config\Routes\AdminRoutes::App\Config\Routes\{closure}(Object(CodeIgniter\Router\RouteCollection))
 6 APPPATH\Config\Routes\AdminRoutes.php(28): CodeIgniter\Router\RouteCollection->group('admin', [...], Object(Closure))
 7 APPPATH\Config\Routes.php(20): App\Config\Routes\AdminRoutes::init(Object(CodeIgniter\Router\RouteCollection))
 8 SYSTEMPATH\Router\RouteCollection.php(340): require('C:\\xampp\\htdocs\\smartstore\\app\\Config\\Routes.php')
 9 SYSTEMPATH\CodeIgniter.php(823): CodeIgniter\Router\RouteCollection->loadRoutes()
10 SYSTEMPATH\CodeIgniter.php(457): CodeIgniter\CodeIgniter->tryToRouteIt(null)
11 SYSTEMPATH\CodeIgniter.php(355): CodeIgniter\CodeIgniter->handleRequest(null, Object(Config\Cache), false)
12 SYSTEMPATH\Boot.php(325): CodeIgniter\CodeIgniter->run()
13 SYSTEMPATH\Boot.php(67): CodeIgniter\Boot::runCodeIgniter(Object(CodeIgniter\CodeIgniter))
14 FCPATH\index.php(63): CodeIgniter\Boot::bootWeb(Object(Config\Paths))
WARNING - 2025-06-05 14:03:37 --> [DEPRECATED] Passing lowercase HTTP method "get" is deprecated. Use uppercase HTTP method like "GET". in SYSTEMPATH\Router\RouteCollection.php on line 1027.
 1 SYSTEMPATH\Router\RouteCollection.php(1027): trigger_error('Passing lowercase HTTP method "get" is deprecated. Use uppercase HTTP method like "GET".', 16384)
 2 APPPATH\Config\Routes\AdminRoutes.php(76): CodeIgniter\Router\RouteCollection->match([...], 'elfinder_connector', 'FilemanagerController::elfinder_connector')
 3 SYSTEMPATH\Router\RouteCollection.php(800): App\Config\Routes\AdminRoutes::App\Config\Routes\{closure}(Object(CodeIgniter\Router\RouteCollection))
 4 APPPATH\Config\Routes\AdminRoutes.php(73): CodeIgniter\Router\RouteCollection->group('filemanager', [...], Object(Closure))
 5 SYSTEMPATH\Router\RouteCollection.php(800): App\Config\Routes\AdminRoutes::App\Config\Routes\{closure}(Object(CodeIgniter\Router\RouteCollection))
 6 APPPATH\Config\Routes\AdminRoutes.php(28): CodeIgniter\Router\RouteCollection->group('admin', [...], Object(Closure))
 7 APPPATH\Config\Routes.php(20): App\Config\Routes\AdminRoutes::init(Object(CodeIgniter\Router\RouteCollection))
 8 SYSTEMPATH\Router\RouteCollection.php(340): require('C:\\xampp\\htdocs\\smartstore\\app\\Config\\Routes.php')
 9 SYSTEMPATH\CodeIgniter.php(823): CodeIgniter\Router\RouteCollection->loadRoutes()
10 SYSTEMPATH\CodeIgniter.php(457): CodeIgniter\CodeIgniter->tryToRouteIt(null)
11 SYSTEMPATH\CodeIgniter.php(355): CodeIgniter\CodeIgniter->handleRequest(null, Object(Config\Cache), false)
12 SYSTEMPATH\Boot.php(325): CodeIgniter\CodeIgniter->run()
13 SYSTEMPATH\Boot.php(67): CodeIgniter\Boot::runCodeIgniter(Object(CodeIgniter\CodeIgniter))
14 FCPATH\index.php(63): CodeIgniter\Boot::bootWeb(Object(Config\Paths))
WARNING - 2025-06-05 14:03:37 --> [DEPRECATED] Passing lowercase HTTP method "post" is deprecated. Use uppercase HTTP method like "POST". in SYSTEMPATH\Router\RouteCollection.php on line 1027.
 1 SYSTEMPATH\Router\RouteCollection.php(1027): trigger_error('Passing lowercase HTTP method "post" is deprecated. Use uppercase HTTP method like "POST".', 16384)
 2 APPPATH\Config\Routes\AdminRoutes.php(76): CodeIgniter\Router\RouteCollection->match([...], 'elfinder_connector', 'FilemanagerController::elfinder_connector')
 3 SYSTEMPATH\Router\RouteCollection.php(800): App\Config\Routes\AdminRoutes::App\Config\Routes\{closure}(Object(CodeIgniter\Router\RouteCollection))
 4 APPPATH\Config\Routes\AdminRoutes.php(73): CodeIgniter\Router\RouteCollection->group('filemanager', [...], Object(Closure))
 5 SYSTEMPATH\Router\RouteCollection.php(800): App\Config\Routes\AdminRoutes::App\Config\Routes\{closure}(Object(CodeIgniter\Router\RouteCollection))
 6 APPPATH\Config\Routes\AdminRoutes.php(28): CodeIgniter\Router\RouteCollection->group('admin', [...], Object(Closure))
 7 APPPATH\Config\Routes.php(20): App\Config\Routes\AdminRoutes::init(Object(CodeIgniter\Router\RouteCollection))
 8 SYSTEMPATH\Router\RouteCollection.php(340): require('C:\\xampp\\htdocs\\smartstore\\app\\Config\\Routes.php')
 9 SYSTEMPATH\CodeIgniter.php(823): CodeIgniter\Router\RouteCollection->loadRoutes()
10 SYSTEMPATH\CodeIgniter.php(457): CodeIgniter\CodeIgniter->tryToRouteIt(null)
11 SYSTEMPATH\CodeIgniter.php(355): CodeIgniter\CodeIgniter->handleRequest(null, Object(Config\Cache), false)
12 SYSTEMPATH\Boot.php(325): CodeIgniter\CodeIgniter->run()
13 SYSTEMPATH\Boot.php(67): CodeIgniter\Boot::runCodeIgniter(Object(CodeIgniter\CodeIgniter))
14 FCPATH\index.php(63): CodeIgniter\Boot::bootWeb(Object(Config\Paths))
WARNING - 2025-06-05 14:03:37 --> [DEPRECATED] Passing lowercase HTTP method "get" is deprecated. Use uppercase HTTP method like "GET". in SYSTEMPATH\Router\RouteCollection.php on line 1027.
 1 SYSTEMPATH\Router\RouteCollection.php(1027): trigger_error('Passing lowercase HTTP method "get" is deprecated. Use uppercase HTTP method like "GET".', 16384)
 2 APPPATH\Config\Routes\AdminRoutes.php(172): CodeIgniter\Router\RouteCollection->match([...], 'sync_services/?(:num)?', 'ProvidersController::sync_services/$1')
 3 SYSTEMPATH\Router\RouteCollection.php(800): App\Config\Routes\AdminRoutes::App\Config\Routes\{closure}(Object(CodeIgniter\Router\RouteCollection))
 4 APPPATH\Config\Routes\AdminRoutes.php(167): CodeIgniter\Router\RouteCollection->group('providers', [...], Object(Closure))
 5 SYSTEMPATH\Router\RouteCollection.php(800): App\Config\Routes\AdminRoutes::App\Config\Routes\{closure}(Object(CodeIgniter\Router\RouteCollection))
 6 APPPATH\Config\Routes\AdminRoutes.php(28): CodeIgniter\Router\RouteCollection->group('admin', [...], Object(Closure))
 7 APPPATH\Config\Routes.php(20): App\Config\Routes\AdminRoutes::init(Object(CodeIgniter\Router\RouteCollection))
 8 SYSTEMPATH\Router\RouteCollection.php(340): require('C:\\xampp\\htdocs\\smartstore\\app\\Config\\Routes.php')
 9 SYSTEMPATH\CodeIgniter.php(823): CodeIgniter\Router\RouteCollection->loadRoutes()
10 SYSTEMPATH\CodeIgniter.php(457): CodeIgniter\CodeIgniter->tryToRouteIt(null)
11 SYSTEMPATH\CodeIgniter.php(355): CodeIgniter\CodeIgniter->handleRequest(null, Object(Config\Cache), false)
12 SYSTEMPATH\Boot.php(325): CodeIgniter\CodeIgniter->run()
13 SYSTEMPATH\Boot.php(67): CodeIgniter\Boot::runCodeIgniter(Object(CodeIgniter\CodeIgniter))
14 FCPATH\index.php(63): CodeIgniter\Boot::bootWeb(Object(Config\Paths))
WARNING - 2025-06-05 14:03:37 --> [DEPRECATED] Passing lowercase HTTP method "post" is deprecated. Use uppercase HTTP method like "POST". in SYSTEMPATH\Router\RouteCollection.php on line 1027.
 1 SYSTEMPATH\Router\RouteCollection.php(1027): trigger_error('Passing lowercase HTTP method "post" is deprecated. Use uppercase HTTP method like "POST".', 16384)
 2 APPPATH\Config\Routes\AdminRoutes.php(172): CodeIgniter\Router\RouteCollection->match([...], 'sync_services/?(:num)?', 'ProvidersController::sync_services/$1')
 3 SYSTEMPATH\Router\RouteCollection.php(800): App\Config\Routes\AdminRoutes::App\Config\Routes\{closure}(Object(CodeIgniter\Router\RouteCollection))
 4 APPPATH\Config\Routes\AdminRoutes.php(167): CodeIgniter\Router\RouteCollection->group('providers', [...], Object(Closure))
 5 SYSTEMPATH\Router\RouteCollection.php(800): App\Config\Routes\AdminRoutes::App\Config\Routes\{closure}(Object(CodeIgniter\Router\RouteCollection))
 6 APPPATH\Config\Routes\AdminRoutes.php(28): CodeIgniter\Router\RouteCollection->group('admin', [...], Object(Closure))
 7 APPPATH\Config\Routes.php(20): App\Config\Routes\AdminRoutes::init(Object(CodeIgniter\Router\RouteCollection))
 8 SYSTEMPATH\Router\RouteCollection.php(340): require('C:\\xampp\\htdocs\\smartstore\\app\\Config\\Routes.php')
 9 SYSTEMPATH\CodeIgniter.php(823): CodeIgniter\Router\RouteCollection->loadRoutes()
10 SYSTEMPATH\CodeIgniter.php(457): CodeIgniter\CodeIgniter->tryToRouteIt(null)
11 SYSTEMPATH\CodeIgniter.php(355): CodeIgniter\CodeIgniter->handleRequest(null, Object(Config\Cache), false)
12 SYSTEMPATH\Boot.php(325): CodeIgniter\CodeIgniter->run()
13 SYSTEMPATH\Boot.php(67): CodeIgniter\Boot::runCodeIgniter(Object(CodeIgniter\CodeIgniter))
14 FCPATH\index.php(63): CodeIgniter\Boot::bootWeb(Object(Config\Paths))
WARNING - 2025-06-05 14:03:37 --> [DEPRECATED] Passing lowercase HTTP method "get" is deprecated. Use uppercase HTTP method like "GET". in SYSTEMPATH\Router\RouteCollection.php on line 1027.
 1 SYSTEMPATH\Router\RouteCollection.php(1027): trigger_error('Passing lowercase HTTP method "get" is deprecated. Use uppercase HTTP method like "GET".', 16384)
 2 APPPATH\Config\Routes\AdminRoutes.php(185): CodeIgniter\Router\RouteCollection->match([...], 'add_note/?(:num)?', 'UsersController::add_note/$1')
 3 SYSTEMPATH\Router\RouteCollection.php(800): App\Config\Routes\AdminRoutes::App\Config\Routes\{closure}(Object(CodeIgniter\Router\RouteCollection))
 4 APPPATH\Config\Routes\AdminRoutes.php(182): CodeIgniter\Router\RouteCollection->group('users', [...], Object(Closure))
 5 SYSTEMPATH\Router\RouteCollection.php(800): App\Config\Routes\AdminRoutes::App\Config\Routes\{closure}(Object(CodeIgniter\Router\RouteCollection))
 6 APPPATH\Config\Routes\AdminRoutes.php(28): CodeIgniter\Router\RouteCollection->group('admin', [...], Object(Closure))
 7 APPPATH\Config\Routes.php(20): App\Config\Routes\AdminRoutes::init(Object(CodeIgniter\Router\RouteCollection))
 8 SYSTEMPATH\Router\RouteCollection.php(340): require('C:\\xampp\\htdocs\\smartstore\\app\\Config\\Routes.php')
 9 SYSTEMPATH\CodeIgniter.php(823): CodeIgniter\Router\RouteCollection->loadRoutes()
10 SYSTEMPATH\CodeIgniter.php(457): CodeIgniter\CodeIgniter->tryToRouteIt(null)
11 SYSTEMPATH\CodeIgniter.php(355): CodeIgniter\CodeIgniter->handleRequest(null, Object(Config\Cache), false)
12 SYSTEMPATH\Boot.php(325): CodeIgniter\CodeIgniter->run()
13 SYSTEMPATH\Boot.php(67): CodeIgniter\Boot::runCodeIgniter(Object(CodeIgniter\CodeIgniter))
14 FCPATH\index.php(63): CodeIgniter\Boot::bootWeb(Object(Config\Paths))
WARNING - 2025-06-05 14:03:37 --> [DEPRECATED] Passing lowercase HTTP method "post" is deprecated. Use uppercase HTTP method like "POST". in SYSTEMPATH\Router\RouteCollection.php on line 1027.
 1 SYSTEMPATH\Router\RouteCollection.php(1027): trigger_error('Passing lowercase HTTP method "post" is deprecated. Use uppercase HTTP method like "POST".', 16384)
 2 APPPATH\Config\Routes\AdminRoutes.php(185): CodeIgniter\Router\RouteCollection->match([...], 'add_note/?(:num)?', 'UsersController::add_note/$1')
 3 SYSTEMPATH\Router\RouteCollection.php(800): App\Config\Routes\AdminRoutes::App\Config\Routes\{closure}(Object(CodeIgniter\Router\RouteCollection))
 4 APPPATH\Config\Routes\AdminRoutes.php(182): CodeIgniter\Router\RouteCollection->group('users', [...], Object(Closure))
 5 SYSTEMPATH\Router\RouteCollection.php(800): App\Config\Routes\AdminRoutes::App\Config\Routes\{closure}(Object(CodeIgniter\Router\RouteCollection))
 6 APPPATH\Config\Routes\AdminRoutes.php(28): CodeIgniter\Router\RouteCollection->group('admin', [...], Object(Closure))
 7 APPPATH\Config\Routes.php(20): App\Config\Routes\AdminRoutes::init(Object(CodeIgniter\Router\RouteCollection))
 8 SYSTEMPATH\Router\RouteCollection.php(340): require('C:\\xampp\\htdocs\\smartstore\\app\\Config\\Routes.php')
 9 SYSTEMPATH\CodeIgniter.php(823): CodeIgniter\Router\RouteCollection->loadRoutes()
10 SYSTEMPATH\CodeIgniter.php(457): CodeIgniter\CodeIgniter->tryToRouteIt(null)
11 SYSTEMPATH\CodeIgniter.php(355): CodeIgniter\CodeIgniter->handleRequest(null, Object(Config\Cache), false)
12 SYSTEMPATH\Boot.php(325): CodeIgniter\CodeIgniter->run()
13 SYSTEMPATH\Boot.php(67): CodeIgniter\Boot::runCodeIgniter(Object(CodeIgniter\CodeIgniter))
14 FCPATH\index.php(63): CodeIgniter\Boot::bootWeb(Object(Config\Paths))
WARNING - 2025-06-05 14:03:37 --> [DEPRECATED] Passing lowercase HTTP method "get" is deprecated. Use uppercase HTTP method like "GET". in SYSTEMPATH\Router\RouteCollection.php on line 1027.
 1 SYSTEMPATH\Router\RouteCollection.php(1027): trigger_error('Passing lowercase HTTP method "get" is deprecated. Use uppercase HTTP method like "GET".', 16384)
 2 APPPATH\Config\Routes\AdminRoutes.php(186): CodeIgniter\Router\RouteCollection->match([...], 'send_mail/?(:num)?', 'UsersController::send_mail/$1')
 3 SYSTEMPATH\Router\RouteCollection.php(800): App\Config\Routes\AdminRoutes::App\Config\Routes\{closure}(Object(CodeIgniter\Router\RouteCollection))
 4 APPPATH\Config\Routes\AdminRoutes.php(182): CodeIgniter\Router\RouteCollection->group('users', [...], Object(Closure))
 5 SYSTEMPATH\Router\RouteCollection.php(800): App\Config\Routes\AdminRoutes::App\Config\Routes\{closure}(Object(CodeIgniter\Router\RouteCollection))
 6 APPPATH\Config\Routes\AdminRoutes.php(28): CodeIgniter\Router\RouteCollection->group('admin', [...], Object(Closure))
 7 APPPATH\Config\Routes.php(20): App\Config\Routes\AdminRoutes::init(Object(CodeIgniter\Router\RouteCollection))
 8 SYSTEMPATH\Router\RouteCollection.php(340): require('C:\\xampp\\htdocs\\smartstore\\app\\Config\\Routes.php')
 9 SYSTEMPATH\CodeIgniter.php(823): CodeIgniter\Router\RouteCollection->loadRoutes()
10 SYSTEMPATH\CodeIgniter.php(457): CodeIgniter\CodeIgniter->tryToRouteIt(null)
11 SYSTEMPATH\CodeIgniter.php(355): CodeIgniter\CodeIgniter->handleRequest(null, Object(Config\Cache), false)
12 SYSTEMPATH\Boot.php(325): CodeIgniter\CodeIgniter->run()
13 SYSTEMPATH\Boot.php(67): CodeIgniter\Boot::runCodeIgniter(Object(CodeIgniter\CodeIgniter))
14 FCPATH\index.php(63): CodeIgniter\Boot::bootWeb(Object(Config\Paths))
WARNING - 2025-06-05 14:03:37 --> [DEPRECATED] Passing lowercase HTTP method "post" is deprecated. Use uppercase HTTP method like "POST". in SYSTEMPATH\Router\RouteCollection.php on line 1027.
 1 SYSTEMPATH\Router\RouteCollection.php(1027): trigger_error('Passing lowercase HTTP method "post" is deprecated. Use uppercase HTTP method like "POST".', 16384)
 2 APPPATH\Config\Routes\AdminRoutes.php(186): CodeIgniter\Router\RouteCollection->match([...], 'send_mail/?(:num)?', 'UsersController::send_mail/$1')
 3 SYSTEMPATH\Router\RouteCollection.php(800): App\Config\Routes\AdminRoutes::App\Config\Routes\{closure}(Object(CodeIgniter\Router\RouteCollection))
 4 APPPATH\Config\Routes\AdminRoutes.php(182): CodeIgniter\Router\RouteCollection->group('users', [...], Object(Closure))
 5 SYSTEMPATH\Router\RouteCollection.php(800): App\Config\Routes\AdminRoutes::App\Config\Routes\{closure}(Object(CodeIgniter\Router\RouteCollection))
 6 APPPATH\Config\Routes\AdminRoutes.php(28): CodeIgniter\Router\RouteCollection->group('admin', [...], Object(Closure))
 7 APPPATH\Config\Routes.php(20): App\Config\Routes\AdminRoutes::init(Object(CodeIgniter\Router\RouteCollection))
 8 SYSTEMPATH\Router\RouteCollection.php(340): require('C:\\xampp\\htdocs\\smartstore\\app\\Config\\Routes.php')
 9 SYSTEMPATH\CodeIgniter.php(823): CodeIgniter\Router\RouteCollection->loadRoutes()
10 SYSTEMPATH\CodeIgniter.php(457): CodeIgniter\CodeIgniter->tryToRouteIt(null)
11 SYSTEMPATH\CodeIgniter.php(355): CodeIgniter\CodeIgniter->handleRequest(null, Object(Config\Cache), false)
12 SYSTEMPATH\Boot.php(325): CodeIgniter\CodeIgniter->run()
13 SYSTEMPATH\Boot.php(67): CodeIgniter\Boot::runCodeIgniter(Object(CodeIgniter\CodeIgniter))
14 FCPATH\index.php(63): CodeIgniter\Boot::bootWeb(Object(Config\Paths))
WARNING - 2025-06-05 14:03:37 --> [DEPRECATED] Passing lowercase HTTP method "get" is deprecated. Use uppercase HTTP method like "GET". in SYSTEMPATH\Router\RouteCollection.php on line 1027.
 1 SYSTEMPATH\Router\RouteCollection.php(1027): trigger_error('Passing lowercase HTTP method "get" is deprecated. Use uppercase HTTP method like "GET".', 16384)
 2 APPPATH\Config\Routes\AdminRoutes.php(215): CodeIgniter\Router\RouteCollection->match([...], 'send_mail/?(:num)?', 'TicketsController::send_mail/$1')
 3 SYSTEMPATH\Router\RouteCollection.php(800): App\Config\Routes\AdminRoutes::App\Config\Routes\{closure}(Object(CodeIgniter\Router\RouteCollection))
 4 APPPATH\Config\Routes\AdminRoutes.php(212): CodeIgniter\Router\RouteCollection->group('tickets', [...], Object(Closure))
 5 SYSTEMPATH\Router\RouteCollection.php(800): App\Config\Routes\AdminRoutes::App\Config\Routes\{closure}(Object(CodeIgniter\Router\RouteCollection))
 6 APPPATH\Config\Routes\AdminRoutes.php(28): CodeIgniter\Router\RouteCollection->group('admin', [...], Object(Closure))
 7 APPPATH\Config\Routes.php(20): App\Config\Routes\AdminRoutes::init(Object(CodeIgniter\Router\RouteCollection))
 8 SYSTEMPATH\Router\RouteCollection.php(340): require('C:\\xampp\\htdocs\\smartstore\\app\\Config\\Routes.php')
 9 SYSTEMPATH\CodeIgniter.php(823): CodeIgniter\Router\RouteCollection->loadRoutes()
10 SYSTEMPATH\CodeIgniter.php(457): CodeIgniter\CodeIgniter->tryToRouteIt(null)
11 SYSTEMPATH\CodeIgniter.php(355): CodeIgniter\CodeIgniter->handleRequest(null, Object(Config\Cache), false)
12 SYSTEMPATH\Boot.php(325): CodeIgniter\CodeIgniter->run()
13 SYSTEMPATH\Boot.php(67): CodeIgniter\Boot::runCodeIgniter(Object(CodeIgniter\CodeIgniter))
14 FCPATH\index.php(63): CodeIgniter\Boot::bootWeb(Object(Config\Paths))
WARNING - 2025-06-05 14:03:37 --> [DEPRECATED] Passing lowercase HTTP method "post" is deprecated. Use uppercase HTTP method like "POST". in SYSTEMPATH\Router\RouteCollection.php on line 1027.
 1 SYSTEMPATH\Router\RouteCollection.php(1027): trigger_error('Passing lowercase HTTP method "post" is deprecated. Use uppercase HTTP method like "POST".', 16384)
 2 APPPATH\Config\Routes\AdminRoutes.php(215): CodeIgniter\Router\RouteCollection->match([...], 'send_mail/?(:num)?', 'TicketsController::send_mail/$1')
 3 SYSTEMPATH\Router\RouteCollection.php(800): App\Config\Routes\AdminRoutes::App\Config\Routes\{closure}(Object(CodeIgniter\Router\RouteCollection))
 4 APPPATH\Config\Routes\AdminRoutes.php(212): CodeIgniter\Router\RouteCollection->group('tickets', [...], Object(Closure))
 5 SYSTEMPATH\Router\RouteCollection.php(800): App\Config\Routes\AdminRoutes::App\Config\Routes\{closure}(Object(CodeIgniter\Router\RouteCollection))
 6 APPPATH\Config\Routes\AdminRoutes.php(28): CodeIgniter\Router\RouteCollection->group('admin', [...], Object(Closure))
 7 APPPATH\Config\Routes.php(20): App\Config\Routes\AdminRoutes::init(Object(CodeIgniter\Router\RouteCollection))
 8 SYSTEMPATH\Router\RouteCollection.php(340): require('C:\\xampp\\htdocs\\smartstore\\app\\Config\\Routes.php')
 9 SYSTEMPATH\CodeIgniter.php(823): CodeIgniter\Router\RouteCollection->loadRoutes()
10 SYSTEMPATH\CodeIgniter.php(457): CodeIgniter\CodeIgniter->tryToRouteIt(null)
11 SYSTEMPATH\CodeIgniter.php(355): CodeIgniter\CodeIgniter->handleRequest(null, Object(Config\Cache), false)
12 SYSTEMPATH\Boot.php(325): CodeIgniter\CodeIgniter->run()
13 SYSTEMPATH\Boot.php(67): CodeIgniter\Boot::runCodeIgniter(Object(CodeIgniter\CodeIgniter))
14 FCPATH\index.php(63): CodeIgniter\Boot::bootWeb(Object(Config\Paths))
WARNING - 2025-06-05 14:03:37 --> [DEPRECATED] Passing lowercase HTTP method "get" is deprecated. Use uppercase HTTP method like "GET". in SYSTEMPATH\Router\RouteCollection.php on line 1027.
 1 SYSTEMPATH\Router\RouteCollection.php(1027): trigger_error('Passing lowercase HTTP method "get" is deprecated. Use uppercase HTTP method like "GET".', 16384)
 2 APPPATH\Config\Routes\UserRoutes.php(49): CodeIgniter\Router\RouteCollection->match([...], 'submit_review', 'ClientController::submit_review', [...])
 3 APPPATH\Config\Routes\UserRoutes.php(23): App\Config\Routes\UserRoutes::defineRoutes(Object(CodeIgniter\Router\RouteCollection))
 4 APPPATH\Config\Routes.php(21): App\Config\Routes\UserRoutes::init(Object(CodeIgniter\Router\RouteCollection))
 5 SYSTEMPATH\Router\RouteCollection.php(340): require('C:\\xampp\\htdocs\\smartstore\\app\\Config\\Routes.php')
 6 SYSTEMPATH\CodeIgniter.php(823): CodeIgniter\Router\RouteCollection->loadRoutes()
 7 SYSTEMPATH\CodeIgniter.php(457): CodeIgniter\CodeIgniter->tryToRouteIt(null)
 8 SYSTEMPATH\CodeIgniter.php(355): CodeIgniter\CodeIgniter->handleRequest(null, Object(Config\Cache), false)
 9 SYSTEMPATH\Boot.php(325): CodeIgniter\CodeIgniter->run()
10 SYSTEMPATH\Boot.php(67): CodeIgniter\Boot::runCodeIgniter(Object(CodeIgniter\CodeIgniter))
11 FCPATH\index.php(63): CodeIgniter\Boot::bootWeb(Object(Config\Paths))
WARNING - 2025-06-05 14:03:37 --> [DEPRECATED] Passing lowercase HTTP method "post" is deprecated. Use uppercase HTTP method like "POST". in SYSTEMPATH\Router\RouteCollection.php on line 1027.
 1 SYSTEMPATH\Router\RouteCollection.php(1027): trigger_error('Passing lowercase HTTP method "post" is deprecated. Use uppercase HTTP method like "POST".', 16384)
 2 APPPATH\Config\Routes\UserRoutes.php(49): CodeIgniter\Router\RouteCollection->match([...], 'submit_review', 'ClientController::submit_review', [...])
 3 APPPATH\Config\Routes\UserRoutes.php(23): App\Config\Routes\UserRoutes::defineRoutes(Object(CodeIgniter\Router\RouteCollection))
 4 APPPATH\Config\Routes.php(21): App\Config\Routes\UserRoutes::init(Object(CodeIgniter\Router\RouteCollection))
 5 SYSTEMPATH\Router\RouteCollection.php(340): require('C:\\xampp\\htdocs\\smartstore\\app\\Config\\Routes.php')
 6 SYSTEMPATH\CodeIgniter.php(823): CodeIgniter\Router\RouteCollection->loadRoutes()
 7 SYSTEMPATH\CodeIgniter.php(457): CodeIgniter\CodeIgniter->tryToRouteIt(null)
 8 SYSTEMPATH\CodeIgniter.php(355): CodeIgniter\CodeIgniter->handleRequest(null, Object(Config\Cache), false)
 9 SYSTEMPATH\Boot.php(325): CodeIgniter\CodeIgniter->run()
10 SYSTEMPATH\Boot.php(67): CodeIgniter\Boot::runCodeIgniter(Object(CodeIgniter\CodeIgniter))
11 FCPATH\index.php(63): CodeIgniter\Boot::bootWeb(Object(Config\Paths))
WARNING - 2025-06-05 14:03:37 --> [DEPRECATED] Passing lowercase HTTP method "get" is deprecated. Use uppercase HTTP method like "GET". in SYSTEMPATH\Router\RouteCollection.php on line 1027.
 1 SYSTEMPATH\Router\RouteCollection.php(1027): trigger_error('Passing lowercase HTTP method "get" is deprecated. Use uppercase HTTP method like "GET".', 16384)
 2 APPPATH\Config\Routes\UserRoutes.php(63): CodeIgniter\Router\RouteCollection->match([...], 'track-order', 'OrderController::track_order', [...])
 3 APPPATH\Config\Routes\UserRoutes.php(23): App\Config\Routes\UserRoutes::defineRoutes(Object(CodeIgniter\Router\RouteCollection))
 4 APPPATH\Config\Routes.php(21): App\Config\Routes\UserRoutes::init(Object(CodeIgniter\Router\RouteCollection))
 5 SYSTEMPATH\Router\RouteCollection.php(340): require('C:\\xampp\\htdocs\\smartstore\\app\\Config\\Routes.php')
 6 SYSTEMPATH\CodeIgniter.php(823): CodeIgniter\Router\RouteCollection->loadRoutes()
 7 SYSTEMPATH\CodeIgniter.php(457): CodeIgniter\CodeIgniter->tryToRouteIt(null)
 8 SYSTEMPATH\CodeIgniter.php(355): CodeIgniter\CodeIgniter->handleRequest(null, Object(Config\Cache), false)
 9 SYSTEMPATH\Boot.php(325): CodeIgniter\CodeIgniter->run()
10 SYSTEMPATH\Boot.php(67): CodeIgniter\Boot::runCodeIgniter(Object(CodeIgniter\CodeIgniter))
11 FCPATH\index.php(63): CodeIgniter\Boot::bootWeb(Object(Config\Paths))
WARNING - 2025-06-05 14:03:37 --> [DEPRECATED] Passing lowercase HTTP method "post" is deprecated. Use uppercase HTTP method like "POST". in SYSTEMPATH\Router\RouteCollection.php on line 1027.
 1 SYSTEMPATH\Router\RouteCollection.php(1027): trigger_error('Passing lowercase HTTP method "post" is deprecated. Use uppercase HTTP method like "POST".', 16384)
 2 APPPATH\Config\Routes\UserRoutes.php(63): CodeIgniter\Router\RouteCollection->match([...], 'track-order', 'OrderController::track_order', [...])
 3 APPPATH\Config\Routes\UserRoutes.php(23): App\Config\Routes\UserRoutes::defineRoutes(Object(CodeIgniter\Router\RouteCollection))
 4 APPPATH\Config\Routes.php(21): App\Config\Routes\UserRoutes::init(Object(CodeIgniter\Router\RouteCollection))
 5 SYSTEMPATH\Router\RouteCollection.php(340): require('C:\\xampp\\htdocs\\smartstore\\app\\Config\\Routes.php')
 6 SYSTEMPATH\CodeIgniter.php(823): CodeIgniter\Router\RouteCollection->loadRoutes()
 7 SYSTEMPATH\CodeIgniter.php(457): CodeIgniter\CodeIgniter->tryToRouteIt(null)
 8 SYSTEMPATH\CodeIgniter.php(355): CodeIgniter\CodeIgniter->handleRequest(null, Object(Config\Cache), false)
 9 SYSTEMPATH\Boot.php(325): CodeIgniter\CodeIgniter->run()
10 SYSTEMPATH\Boot.php(67): CodeIgniter\Boot::runCodeIgniter(Object(CodeIgniter\CodeIgniter))
11 FCPATH\index.php(63): CodeIgniter\Boot::bootWeb(Object(Config\Paths))
WARNING - 2025-06-05 14:03:37 --> [DEPRECATED] Passing lowercase HTTP method "get" is deprecated. Use uppercase HTTP method like "GET". in SYSTEMPATH\Router\RouteCollection.php on line 1027.
 1 SYSTEMPATH\Router\RouteCollection.php(1027): trigger_error('Passing lowercase HTTP method "get" is deprecated. Use uppercase HTTP method like "GET".', 16384)
 2 APPPATH\Config\Routes\UserRoutes.php(49): CodeIgniter\Router\RouteCollection->match([...], 'submit_review', 'ClientController::submit_review', [...])
 3 APPPATH\Config\Routes\UserRoutes.php(26): App\Config\Routes\UserRoutes::defineRoutes(Object(CodeIgniter\Router\RouteCollection))
 4 SYSTEMPATH\Router\RouteCollection.php(800): App\Config\Routes\UserRoutes::App\Config\Routes\{closure}(Object(CodeIgniter\Router\RouteCollection))
 5 APPPATH\Config\Routes\UserRoutes.php(25): CodeIgniter\Router\RouteCollection->group('{locale}', Object(Closure))
 6 APPPATH\Config\Routes.php(21): App\Config\Routes\UserRoutes::init(Object(CodeIgniter\Router\RouteCollection))
 7 SYSTEMPATH\Router\RouteCollection.php(340): require('C:\\xampp\\htdocs\\smartstore\\app\\Config\\Routes.php')
 8 SYSTEMPATH\CodeIgniter.php(823): CodeIgniter\Router\RouteCollection->loadRoutes()
 9 SYSTEMPATH\CodeIgniter.php(457): CodeIgniter\CodeIgniter->tryToRouteIt(null)
10 SYSTEMPATH\CodeIgniter.php(355): CodeIgniter\CodeIgniter->handleRequest(null, Object(Config\Cache), false)
11 SYSTEMPATH\Boot.php(325): CodeIgniter\CodeIgniter->run()
12 SYSTEMPATH\Boot.php(67): CodeIgniter\Boot::runCodeIgniter(Object(CodeIgniter\CodeIgniter))
13 FCPATH\index.php(63): CodeIgniter\Boot::bootWeb(Object(Config\Paths))
WARNING - 2025-06-05 14:03:37 --> [DEPRECATED] Passing lowercase HTTP method "post" is deprecated. Use uppercase HTTP method like "POST". in SYSTEMPATH\Router\RouteCollection.php on line 1027.
 1 SYSTEMPATH\Router\RouteCollection.php(1027): trigger_error('Passing lowercase HTTP method "post" is deprecated. Use uppercase HTTP method like "POST".', 16384)
 2 APPPATH\Config\Routes\UserRoutes.php(49): CodeIgniter\Router\RouteCollection->match([...], 'submit_review', 'ClientController::submit_review', [...])
 3 APPPATH\Config\Routes\UserRoutes.php(26): App\Config\Routes\UserRoutes::defineRoutes(Object(CodeIgniter\Router\RouteCollection))
 4 SYSTEMPATH\Router\RouteCollection.php(800): App\Config\Routes\UserRoutes::App\Config\Routes\{closure}(Object(CodeIgniter\Router\RouteCollection))
 5 APPPATH\Config\Routes\UserRoutes.php(25): CodeIgniter\Router\RouteCollection->group('{locale}', Object(Closure))
 6 APPPATH\Config\Routes.php(21): App\Config\Routes\UserRoutes::init(Object(CodeIgniter\Router\RouteCollection))
 7 SYSTEMPATH\Router\RouteCollection.php(340): require('C:\\xampp\\htdocs\\smartstore\\app\\Config\\Routes.php')
 8 SYSTEMPATH\CodeIgniter.php(823): CodeIgniter\Router\RouteCollection->loadRoutes()
 9 SYSTEMPATH\CodeIgniter.php(457): CodeIgniter\CodeIgniter->tryToRouteIt(null)
10 SYSTEMPATH\CodeIgniter.php(355): CodeIgniter\CodeIgniter->handleRequest(null, Object(Config\Cache), false)
11 SYSTEMPATH\Boot.php(325): CodeIgniter\CodeIgniter->run()
12 SYSTEMPATH\Boot.php(67): CodeIgniter\Boot::runCodeIgniter(Object(CodeIgniter\CodeIgniter))
13 FCPATH\index.php(63): CodeIgniter\Boot::bootWeb(Object(Config\Paths))
WARNING - 2025-06-05 14:03:37 --> [DEPRECATED] Passing lowercase HTTP method "get" is deprecated. Use uppercase HTTP method like "GET". in SYSTEMPATH\Router\RouteCollection.php on line 1027.
 1 SYSTEMPATH\Router\RouteCollection.php(1027): trigger_error('Passing lowercase HTTP method "get" is deprecated. Use uppercase HTTP method like "GET".', 16384)
 2 APPPATH\Config\Routes\UserRoutes.php(63): CodeIgniter\Router\RouteCollection->match([...], 'track-order', 'OrderController::track_order', [...])
 3 APPPATH\Config\Routes\UserRoutes.php(26): App\Config\Routes\UserRoutes::defineRoutes(Object(CodeIgniter\Router\RouteCollection))
 4 SYSTEMPATH\Router\RouteCollection.php(800): App\Config\Routes\UserRoutes::App\Config\Routes\{closure}(Object(CodeIgniter\Router\RouteCollection))
 5 APPPATH\Config\Routes\UserRoutes.php(25): CodeIgniter\Router\RouteCollection->group('{locale}', Object(Closure))
 6 APPPATH\Config\Routes.php(21): App\Config\Routes\UserRoutes::init(Object(CodeIgniter\Router\RouteCollection))
 7 SYSTEMPATH\Router\RouteCollection.php(340): require('C:\\xampp\\htdocs\\smartstore\\app\\Config\\Routes.php')
 8 SYSTEMPATH\CodeIgniter.php(823): CodeIgniter\Router\RouteCollection->loadRoutes()
 9 SYSTEMPATH\CodeIgniter.php(457): CodeIgniter\CodeIgniter->tryToRouteIt(null)
10 SYSTEMPATH\CodeIgniter.php(355): CodeIgniter\CodeIgniter->handleRequest(null, Object(Config\Cache), false)
11 SYSTEMPATH\Boot.php(325): CodeIgniter\CodeIgniter->run()
12 SYSTEMPATH\Boot.php(67): CodeIgniter\Boot::runCodeIgniter(Object(CodeIgniter\CodeIgniter))
13 FCPATH\index.php(63): CodeIgniter\Boot::bootWeb(Object(Config\Paths))
WARNING - 2025-06-05 14:03:37 --> [DEPRECATED] Passing lowercase HTTP method "post" is deprecated. Use uppercase HTTP method like "POST". in SYSTEMPATH\Router\RouteCollection.php on line 1027.
 1 SYSTEMPATH\Router\RouteCollection.php(1027): trigger_error('Passing lowercase HTTP method "post" is deprecated. Use uppercase HTTP method like "POST".', 16384)
 2 APPPATH\Config\Routes\UserRoutes.php(63): CodeIgniter\Router\RouteCollection->match([...], 'track-order', 'OrderController::track_order', [...])
 3 APPPATH\Config\Routes\UserRoutes.php(26): App\Config\Routes\UserRoutes::defineRoutes(Object(CodeIgniter\Router\RouteCollection))
 4 SYSTEMPATH\Router\RouteCollection.php(800): App\Config\Routes\UserRoutes::App\Config\Routes\{closure}(Object(CodeIgniter\Router\RouteCollection))
 5 APPPATH\Config\Routes\UserRoutes.php(25): CodeIgniter\Router\RouteCollection->group('{locale}', Object(Closure))
 6 APPPATH\Config\Routes.php(21): App\Config\Routes\UserRoutes::init(Object(CodeIgniter\Router\RouteCollection))
 7 SYSTEMPATH\Router\RouteCollection.php(340): require('C:\\xampp\\htdocs\\smartstore\\app\\Config\\Routes.php')
 8 SYSTEMPATH\CodeIgniter.php(823): CodeIgniter\Router\RouteCollection->loadRoutes()
 9 SYSTEMPATH\CodeIgniter.php(457): CodeIgniter\CodeIgniter->tryToRouteIt(null)
10 SYSTEMPATH\CodeIgniter.php(355): CodeIgniter\CodeIgniter->handleRequest(null, Object(Config\Cache), false)
11 SYSTEMPATH\Boot.php(325): CodeIgniter\CodeIgniter->run()
12 SYSTEMPATH\Boot.php(67): CodeIgniter\Boot::runCodeIgniter(Object(CodeIgniter\CodeIgniter))
13 FCPATH\index.php(63): CodeIgniter\Boot::bootWeb(Object(Config\Paths))
INFO - 2025-06-05 14:03:37 --> Session: Class initialized using 'CodeIgniter\Session\Handlers\FileHandler' driver.
WARNING - 2025-06-05 14:03:37 --> [DEPRECATED] Creation of dynamic property App\Controllers\Public\PageController::$load_files is deprecated in APPPATH\Controllers\Public\PageController.php on line 21.
 1 SYSTEMPATH\CodeIgniter.php(903): App\Controllers\Public\PageController->__construct()
 2 SYSTEMPATH\CodeIgniter.php(500): CodeIgniter\CodeIgniter->createController()
 3 SYSTEMPATH\CodeIgniter.php(355): CodeIgniter\CodeIgniter->handleRequest(null, Object(Config\Cache), false)
 4 SYSTEMPATH\Boot.php(325): CodeIgniter\CodeIgniter->run()
 5 SYSTEMPATH\Boot.php(67): CodeIgniter\Boot::runCodeIgniter(Object(CodeIgniter\CodeIgniter))
 6 FCPATH\index.php(63): CodeIgniter\Boot::bootWeb(Object(Config\Paths))
WARNING - 2025-06-05 14:03:37 --> [DEPRECATED] Creation of dynamic property App\Controllers\Public\PageController::$page_title is deprecated in APPPATH\Controllers\Public\PageController.php on line 22.
 1 SYSTEMPATH\CodeIgniter.php(903): App\Controllers\Public\PageController->__construct()
 2 SYSTEMPATH\CodeIgniter.php(500): CodeIgniter\CodeIgniter->createController()
 3 SYSTEMPATH\CodeIgniter.php(355): CodeIgniter\CodeIgniter->handleRequest(null, Object(Config\Cache), false)
 4 SYSTEMPATH\Boot.php(325): CodeIgniter\CodeIgniter->run()
 5 SYSTEMPATH\Boot.php(67): CodeIgniter\Boot::runCodeIgniter(Object(CodeIgniter\CodeIgniter))
 6 FCPATH\index.php(63): CodeIgniter\Boot::bootWeb(Object(Config\Paths))
CRITICAL - 2025-06-05 14:03:37 --> ErrorException: session_start(): Ignoring session_start() because a session is already active
[Method: GET, Route: /]
in APPPATH\Views\themes\regular\elements\header_menu.php on line 4.
 1 [internal function]: CodeIgniter\Debug\Exceptions->errorHandler(8, 'session_start(): Ignoring session_start() because a session is already active', 'C:\\xampp\\htdocs\\smartstore\\app\\Views\\themes\\regular\\elements\\header_menu.php', 4)
 2 APPPATH\Views\themes\regular\elements\header_menu.php(4): session_start()
 3 APPPATH\Views\themes\regular\theme_blade.php(19): include('C:\\xampp\\htdocs\\smartstore\\app\\Views\\themes\\regular\\elements\\header_menu.php')
 4 SYSTEMPATH\View\View.php(234): include('C:\\xampp\\htdocs\\smartstore\\app\\Views\\themes\\regular\\theme_blade.php')
 5 SYSTEMPATH\View\View.php(237): CodeIgniter\View\View->CodeIgniter\View\{closure}()
 6 SYSTEMPATH\View\View.php(250): CodeIgniter\View\View->render('themes/regular/theme_blade', [], true)
 7 SYSTEMPATH\Common.php(1171): CodeIgniter\View\View->render('themes/regular/landing_page', [], true)
 8 APPPATH\Controllers\Public\PageController.php(121): view('themes/regular/landing_page', [...])
 9 APPPATH\Controllers\Public\PageController.php(36): App\Controllers\Public\PageController->render_page([...], 'home_page')
10 SYSTEMPATH\CodeIgniter.php(933): App\Controllers\Public\PageController->index()
11 SYSTEMPATH\CodeIgniter.php(509): CodeIgniter\CodeIgniter->runController(Object(App\Controllers\Public\PageController))
12 SYSTEMPATH\CodeIgniter.php(355): CodeIgniter\CodeIgniter->handleRequest(null, Object(Config\Cache), false)
13 SYSTEMPATH\Boot.php(325): CodeIgniter\CodeIgniter->run()
14 SYSTEMPATH\Boot.php(67): CodeIgniter\Boot::runCodeIgniter(Object(CodeIgniter\CodeIgniter))
15 FCPATH\index.php(63): CodeIgniter\Boot::bootWeb(Object(Config\Paths))
WARNING - 2025-06-05 14:04:07 --> [DEPRECATED] Passing lowercase HTTP method "get" is deprecated. Use uppercase HTTP method like "GET". in SYSTEMPATH\Router\RouteCollection.php on line 1027.
 1 SYSTEMPATH\Router\RouteCollection.php(1027): trigger_error('Passing lowercase HTTP method "get" is deprecated. Use uppercase HTTP method like "GET".', 16384)
 2 APPPATH\Config\Routes\AdminRoutes.php(65): CodeIgniter\Router\RouteCollection->match([...], 'send_test_mail', 'SettingsController::send_test_mail')
 3 SYSTEMPATH\Router\RouteCollection.php(800): App\Config\Routes\AdminRoutes::App\Config\Routes\{closure}(Object(CodeIgniter\Router\RouteCollection))
 4 APPPATH\Config\Routes\AdminRoutes.php(63): CodeIgniter\Router\RouteCollection->group('settings', [...], Object(Closure))
 5 SYSTEMPATH\Router\RouteCollection.php(800): App\Config\Routes\AdminRoutes::App\Config\Routes\{closure}(Object(CodeIgniter\Router\RouteCollection))
 6 APPPATH\Config\Routes\AdminRoutes.php(28): CodeIgniter\Router\RouteCollection->group('admin', [...], Object(Closure))
 7 APPPATH\Config\Routes.php(20): App\Config\Routes\AdminRoutes::init(Object(CodeIgniter\Router\RouteCollection))
 8 SYSTEMPATH\Router\RouteCollection.php(340): require('C:\\xampp\\htdocs\\smartstore\\app\\Config\\Routes.php')
 9 SYSTEMPATH\CodeIgniter.php(823): CodeIgniter\Router\RouteCollection->loadRoutes()
10 SYSTEMPATH\CodeIgniter.php(457): CodeIgniter\CodeIgniter->tryToRouteIt(null)
11 SYSTEMPATH\CodeIgniter.php(355): CodeIgniter\CodeIgniter->handleRequest(null, Object(Config\Cache), false)
12 SYSTEMPATH\Boot.php(325): CodeIgniter\CodeIgniter->run()
13 SYSTEMPATH\Boot.php(67): CodeIgniter\Boot::runCodeIgniter(Object(CodeIgniter\CodeIgniter))
14 FCPATH\index.php(63): CodeIgniter\Boot::bootWeb(Object(Config\Paths))
WARNING - 2025-06-05 14:04:07 --> [DEPRECATED] Passing lowercase HTTP method "post" is deprecated. Use uppercase HTTP method like "POST". in SYSTEMPATH\Router\RouteCollection.php on line 1027.
 1 SYSTEMPATH\Router\RouteCollection.php(1027): trigger_error('Passing lowercase HTTP method "post" is deprecated. Use uppercase HTTP method like "POST".', 16384)
 2 APPPATH\Config\Routes\AdminRoutes.php(65): CodeIgniter\Router\RouteCollection->match([...], 'send_test_mail', 'SettingsController::send_test_mail')
 3 SYSTEMPATH\Router\RouteCollection.php(800): App\Config\Routes\AdminRoutes::App\Config\Routes\{closure}(Object(CodeIgniter\Router\RouteCollection))
 4 APPPATH\Config\Routes\AdminRoutes.php(63): CodeIgniter\Router\RouteCollection->group('settings', [...], Object(Closure))
 5 SYSTEMPATH\Router\RouteCollection.php(800): App\Config\Routes\AdminRoutes::App\Config\Routes\{closure}(Object(CodeIgniter\Router\RouteCollection))
 6 APPPATH\Config\Routes\AdminRoutes.php(28): CodeIgniter\Router\RouteCollection->group('admin', [...], Object(Closure))
 7 APPPATH\Config\Routes.php(20): App\Config\Routes\AdminRoutes::init(Object(CodeIgniter\Router\RouteCollection))
 8 SYSTEMPATH\Router\RouteCollection.php(340): require('C:\\xampp\\htdocs\\smartstore\\app\\Config\\Routes.php')
 9 SYSTEMPATH\CodeIgniter.php(823): CodeIgniter\Router\RouteCollection->loadRoutes()
10 SYSTEMPATH\CodeIgniter.php(457): CodeIgniter\CodeIgniter->tryToRouteIt(null)
11 SYSTEMPATH\CodeIgniter.php(355): CodeIgniter\CodeIgniter->handleRequest(null, Object(Config\Cache), false)
12 SYSTEMPATH\Boot.php(325): CodeIgniter\CodeIgniter->run()
13 SYSTEMPATH\Boot.php(67): CodeIgniter\Boot::runCodeIgniter(Object(CodeIgniter\CodeIgniter))
14 FCPATH\index.php(63): CodeIgniter\Boot::bootWeb(Object(Config\Paths))
WARNING - 2025-06-05 14:04:07 --> [DEPRECATED] Passing lowercase HTTP method "get" is deprecated. Use uppercase HTTP method like "GET". in SYSTEMPATH\Router\RouteCollection.php on line 1027.
 1 SYSTEMPATH\Router\RouteCollection.php(1027): trigger_error('Passing lowercase HTTP method "get" is deprecated. Use uppercase HTTP method like "GET".', 16384)
 2 APPPATH\Config\Routes\AdminRoutes.php(76): CodeIgniter\Router\RouteCollection->match([...], 'elfinder_connector', 'FilemanagerController::elfinder_connector')
 3 SYSTEMPATH\Router\RouteCollection.php(800): App\Config\Routes\AdminRoutes::App\Config\Routes\{closure}(Object(CodeIgniter\Router\RouteCollection))
 4 APPPATH\Config\Routes\AdminRoutes.php(73): CodeIgniter\Router\RouteCollection->group('filemanager', [...], Object(Closure))
 5 SYSTEMPATH\Router\RouteCollection.php(800): App\Config\Routes\AdminRoutes::App\Config\Routes\{closure}(Object(CodeIgniter\Router\RouteCollection))
 6 APPPATH\Config\Routes\AdminRoutes.php(28): CodeIgniter\Router\RouteCollection->group('admin', [...], Object(Closure))
 7 APPPATH\Config\Routes.php(20): App\Config\Routes\AdminRoutes::init(Object(CodeIgniter\Router\RouteCollection))
 8 SYSTEMPATH\Router\RouteCollection.php(340): require('C:\\xampp\\htdocs\\smartstore\\app\\Config\\Routes.php')
 9 SYSTEMPATH\CodeIgniter.php(823): CodeIgniter\Router\RouteCollection->loadRoutes()
10 SYSTEMPATH\CodeIgniter.php(457): CodeIgniter\CodeIgniter->tryToRouteIt(null)
11 SYSTEMPATH\CodeIgniter.php(355): CodeIgniter\CodeIgniter->handleRequest(null, Object(Config\Cache), false)
12 SYSTEMPATH\Boot.php(325): CodeIgniter\CodeIgniter->run()
13 SYSTEMPATH\Boot.php(67): CodeIgniter\Boot::runCodeIgniter(Object(CodeIgniter\CodeIgniter))
14 FCPATH\index.php(63): CodeIgniter\Boot::bootWeb(Object(Config\Paths))
WARNING - 2025-06-05 14:04:07 --> [DEPRECATED] Passing lowercase HTTP method "post" is deprecated. Use uppercase HTTP method like "POST". in SYSTEMPATH\Router\RouteCollection.php on line 1027.
 1 SYSTEMPATH\Router\RouteCollection.php(1027): trigger_error('Passing lowercase HTTP method "post" is deprecated. Use uppercase HTTP method like "POST".', 16384)
 2 APPPATH\Config\Routes\AdminRoutes.php(76): CodeIgniter\Router\RouteCollection->match([...], 'elfinder_connector', 'FilemanagerController::elfinder_connector')
 3 SYSTEMPATH\Router\RouteCollection.php(800): App\Config\Routes\AdminRoutes::App\Config\Routes\{closure}(Object(CodeIgniter\Router\RouteCollection))
 4 APPPATH\Config\Routes\AdminRoutes.php(73): CodeIgniter\Router\RouteCollection->group('filemanager', [...], Object(Closure))
 5 SYSTEMPATH\Router\RouteCollection.php(800): App\Config\Routes\AdminRoutes::App\Config\Routes\{closure}(Object(CodeIgniter\Router\RouteCollection))
 6 APPPATH\Config\Routes\AdminRoutes.php(28): CodeIgniter\Router\RouteCollection->group('admin', [...], Object(Closure))
 7 APPPATH\Config\Routes.php(20): App\Config\Routes\AdminRoutes::init(Object(CodeIgniter\Router\RouteCollection))
 8 SYSTEMPATH\Router\RouteCollection.php(340): require('C:\\xampp\\htdocs\\smartstore\\app\\Config\\Routes.php')
 9 SYSTEMPATH\CodeIgniter.php(823): CodeIgniter\Router\RouteCollection->loadRoutes()
10 SYSTEMPATH\CodeIgniter.php(457): CodeIgniter\CodeIgniter->tryToRouteIt(null)
11 SYSTEMPATH\CodeIgniter.php(355): CodeIgniter\CodeIgniter->handleRequest(null, Object(Config\Cache), false)
12 SYSTEMPATH\Boot.php(325): CodeIgniter\CodeIgniter->run()
13 SYSTEMPATH\Boot.php(67): CodeIgniter\Boot::runCodeIgniter(Object(CodeIgniter\CodeIgniter))
14 FCPATH\index.php(63): CodeIgniter\Boot::bootWeb(Object(Config\Paths))
WARNING - 2025-06-05 14:04:07 --> [DEPRECATED] Passing lowercase HTTP method "get" is deprecated. Use uppercase HTTP method like "GET". in SYSTEMPATH\Router\RouteCollection.php on line 1027.
 1 SYSTEMPATH\Router\RouteCollection.php(1027): trigger_error('Passing lowercase HTTP method "get" is deprecated. Use uppercase HTTP method like "GET".', 16384)
 2 APPPATH\Config\Routes\AdminRoutes.php(172): CodeIgniter\Router\RouteCollection->match([...], 'sync_services/?(:num)?', 'ProvidersController::sync_services/$1')
 3 SYSTEMPATH\Router\RouteCollection.php(800): App\Config\Routes\AdminRoutes::App\Config\Routes\{closure}(Object(CodeIgniter\Router\RouteCollection))
 4 APPPATH\Config\Routes\AdminRoutes.php(167): CodeIgniter\Router\RouteCollection->group('providers', [...], Object(Closure))
 5 SYSTEMPATH\Router\RouteCollection.php(800): App\Config\Routes\AdminRoutes::App\Config\Routes\{closure}(Object(CodeIgniter\Router\RouteCollection))
 6 APPPATH\Config\Routes\AdminRoutes.php(28): CodeIgniter\Router\RouteCollection->group('admin', [...], Object(Closure))
 7 APPPATH\Config\Routes.php(20): App\Config\Routes\AdminRoutes::init(Object(CodeIgniter\Router\RouteCollection))
 8 SYSTEMPATH\Router\RouteCollection.php(340): require('C:\\xampp\\htdocs\\smartstore\\app\\Config\\Routes.php')
 9 SYSTEMPATH\CodeIgniter.php(823): CodeIgniter\Router\RouteCollection->loadRoutes()
10 SYSTEMPATH\CodeIgniter.php(457): CodeIgniter\CodeIgniter->tryToRouteIt(null)
11 SYSTEMPATH\CodeIgniter.php(355): CodeIgniter\CodeIgniter->handleRequest(null, Object(Config\Cache), false)
12 SYSTEMPATH\Boot.php(325): CodeIgniter\CodeIgniter->run()
13 SYSTEMPATH\Boot.php(67): CodeIgniter\Boot::runCodeIgniter(Object(CodeIgniter\CodeIgniter))
14 FCPATH\index.php(63): CodeIgniter\Boot::bootWeb(Object(Config\Paths))
WARNING - 2025-06-05 14:04:07 --> [DEPRECATED] Passing lowercase HTTP method "post" is deprecated. Use uppercase HTTP method like "POST". in SYSTEMPATH\Router\RouteCollection.php on line 1027.
 1 SYSTEMPATH\Router\RouteCollection.php(1027): trigger_error('Passing lowercase HTTP method "post" is deprecated. Use uppercase HTTP method like "POST".', 16384)
 2 APPPATH\Config\Routes\AdminRoutes.php(172): CodeIgniter\Router\RouteCollection->match([...], 'sync_services/?(:num)?', 'ProvidersController::sync_services/$1')
 3 SYSTEMPATH\Router\RouteCollection.php(800): App\Config\Routes\AdminRoutes::App\Config\Routes\{closure}(Object(CodeIgniter\Router\RouteCollection))
 4 APPPATH\Config\Routes\AdminRoutes.php(167): CodeIgniter\Router\RouteCollection->group('providers', [...], Object(Closure))
 5 SYSTEMPATH\Router\RouteCollection.php(800): App\Config\Routes\AdminRoutes::App\Config\Routes\{closure}(Object(CodeIgniter\Router\RouteCollection))
 6 APPPATH\Config\Routes\AdminRoutes.php(28): CodeIgniter\Router\RouteCollection->group('admin', [...], Object(Closure))
 7 APPPATH\Config\Routes.php(20): App\Config\Routes\AdminRoutes::init(Object(CodeIgniter\Router\RouteCollection))
 8 SYSTEMPATH\Router\RouteCollection.php(340): require('C:\\xampp\\htdocs\\smartstore\\app\\Config\\Routes.php')
 9 SYSTEMPATH\CodeIgniter.php(823): CodeIgniter\Router\RouteCollection->loadRoutes()
10 SYSTEMPATH\CodeIgniter.php(457): CodeIgniter\CodeIgniter->tryToRouteIt(null)
11 SYSTEMPATH\CodeIgniter.php(355): CodeIgniter\CodeIgniter->handleRequest(null, Object(Config\Cache), false)
12 SYSTEMPATH\Boot.php(325): CodeIgniter\CodeIgniter->run()
13 SYSTEMPATH\Boot.php(67): CodeIgniter\Boot::runCodeIgniter(Object(CodeIgniter\CodeIgniter))
14 FCPATH\index.php(63): CodeIgniter\Boot::bootWeb(Object(Config\Paths))
WARNING - 2025-06-05 14:04:07 --> [DEPRECATED] Passing lowercase HTTP method "get" is deprecated. Use uppercase HTTP method like "GET". in SYSTEMPATH\Router\RouteCollection.php on line 1027.
 1 SYSTEMPATH\Router\RouteCollection.php(1027): trigger_error('Passing lowercase HTTP method "get" is deprecated. Use uppercase HTTP method like "GET".', 16384)
 2 APPPATH\Config\Routes\AdminRoutes.php(185): CodeIgniter\Router\RouteCollection->match([...], 'add_note/?(:num)?', 'UsersController::add_note/$1')
 3 SYSTEMPATH\Router\RouteCollection.php(800): App\Config\Routes\AdminRoutes::App\Config\Routes\{closure}(Object(CodeIgniter\Router\RouteCollection))
 4 APPPATH\Config\Routes\AdminRoutes.php(182): CodeIgniter\Router\RouteCollection->group('users', [...], Object(Closure))
 5 SYSTEMPATH\Router\RouteCollection.php(800): App\Config\Routes\AdminRoutes::App\Config\Routes\{closure}(Object(CodeIgniter\Router\RouteCollection))
 6 APPPATH\Config\Routes\AdminRoutes.php(28): CodeIgniter\Router\RouteCollection->group('admin', [...], Object(Closure))
 7 APPPATH\Config\Routes.php(20): App\Config\Routes\AdminRoutes::init(Object(CodeIgniter\Router\RouteCollection))
 8 SYSTEMPATH\Router\RouteCollection.php(340): require('C:\\xampp\\htdocs\\smartstore\\app\\Config\\Routes.php')
 9 SYSTEMPATH\CodeIgniter.php(823): CodeIgniter\Router\RouteCollection->loadRoutes()
10 SYSTEMPATH\CodeIgniter.php(457): CodeIgniter\CodeIgniter->tryToRouteIt(null)
11 SYSTEMPATH\CodeIgniter.php(355): CodeIgniter\CodeIgniter->handleRequest(null, Object(Config\Cache), false)
12 SYSTEMPATH\Boot.php(325): CodeIgniter\CodeIgniter->run()
13 SYSTEMPATH\Boot.php(67): CodeIgniter\Boot::runCodeIgniter(Object(CodeIgniter\CodeIgniter))
14 FCPATH\index.php(63): CodeIgniter\Boot::bootWeb(Object(Config\Paths))
WARNING - 2025-06-05 14:04:07 --> [DEPRECATED] Passing lowercase HTTP method "post" is deprecated. Use uppercase HTTP method like "POST". in SYSTEMPATH\Router\RouteCollection.php on line 1027.
 1 SYSTEMPATH\Router\RouteCollection.php(1027): trigger_error('Passing lowercase HTTP method "post" is deprecated. Use uppercase HTTP method like "POST".', 16384)
 2 APPPATH\Config\Routes\AdminRoutes.php(185): CodeIgniter\Router\RouteCollection->match([...], 'add_note/?(:num)?', 'UsersController::add_note/$1')
 3 SYSTEMPATH\Router\RouteCollection.php(800): App\Config\Routes\AdminRoutes::App\Config\Routes\{closure}(Object(CodeIgniter\Router\RouteCollection))
 4 APPPATH\Config\Routes\AdminRoutes.php(182): CodeIgniter\Router\RouteCollection->group('users', [...], Object(Closure))
 5 SYSTEMPATH\Router\RouteCollection.php(800): App\Config\Routes\AdminRoutes::App\Config\Routes\{closure}(Object(CodeIgniter\Router\RouteCollection))
 6 APPPATH\Config\Routes\AdminRoutes.php(28): CodeIgniter\Router\RouteCollection->group('admin', [...], Object(Closure))
 7 APPPATH\Config\Routes.php(20): App\Config\Routes\AdminRoutes::init(Object(CodeIgniter\Router\RouteCollection))
 8 SYSTEMPATH\Router\RouteCollection.php(340): require('C:\\xampp\\htdocs\\smartstore\\app\\Config\\Routes.php')
 9 SYSTEMPATH\CodeIgniter.php(823): CodeIgniter\Router\RouteCollection->loadRoutes()
10 SYSTEMPATH\CodeIgniter.php(457): CodeIgniter\CodeIgniter->tryToRouteIt(null)
11 SYSTEMPATH\CodeIgniter.php(355): CodeIgniter\CodeIgniter->handleRequest(null, Object(Config\Cache), false)
12 SYSTEMPATH\Boot.php(325): CodeIgniter\CodeIgniter->run()
13 SYSTEMPATH\Boot.php(67): CodeIgniter\Boot::runCodeIgniter(Object(CodeIgniter\CodeIgniter))
14 FCPATH\index.php(63): CodeIgniter\Boot::bootWeb(Object(Config\Paths))
WARNING - 2025-06-05 14:04:07 --> [DEPRECATED] Passing lowercase HTTP method "get" is deprecated. Use uppercase HTTP method like "GET". in SYSTEMPATH\Router\RouteCollection.php on line 1027.
 1 SYSTEMPATH\Router\RouteCollection.php(1027): trigger_error('Passing lowercase HTTP method "get" is deprecated. Use uppercase HTTP method like "GET".', 16384)
 2 APPPATH\Config\Routes\AdminRoutes.php(186): CodeIgniter\Router\RouteCollection->match([...], 'send_mail/?(:num)?', 'UsersController::send_mail/$1')
 3 SYSTEMPATH\Router\RouteCollection.php(800): App\Config\Routes\AdminRoutes::App\Config\Routes\{closure}(Object(CodeIgniter\Router\RouteCollection))
 4 APPPATH\Config\Routes\AdminRoutes.php(182): CodeIgniter\Router\RouteCollection->group('users', [...], Object(Closure))
 5 SYSTEMPATH\Router\RouteCollection.php(800): App\Config\Routes\AdminRoutes::App\Config\Routes\{closure}(Object(CodeIgniter\Router\RouteCollection))
 6 APPPATH\Config\Routes\AdminRoutes.php(28): CodeIgniter\Router\RouteCollection->group('admin', [...], Object(Closure))
 7 APPPATH\Config\Routes.php(20): App\Config\Routes\AdminRoutes::init(Object(CodeIgniter\Router\RouteCollection))
 8 SYSTEMPATH\Router\RouteCollection.php(340): require('C:\\xampp\\htdocs\\smartstore\\app\\Config\\Routes.php')
 9 SYSTEMPATH\CodeIgniter.php(823): CodeIgniter\Router\RouteCollection->loadRoutes()
10 SYSTEMPATH\CodeIgniter.php(457): CodeIgniter\CodeIgniter->tryToRouteIt(null)
11 SYSTEMPATH\CodeIgniter.php(355): CodeIgniter\CodeIgniter->handleRequest(null, Object(Config\Cache), false)
12 SYSTEMPATH\Boot.php(325): CodeIgniter\CodeIgniter->run()
13 SYSTEMPATH\Boot.php(67): CodeIgniter\Boot::runCodeIgniter(Object(CodeIgniter\CodeIgniter))
14 FCPATH\index.php(63): CodeIgniter\Boot::bootWeb(Object(Config\Paths))
WARNING - 2025-06-05 14:04:07 --> [DEPRECATED] Passing lowercase HTTP method "post" is deprecated. Use uppercase HTTP method like "POST". in SYSTEMPATH\Router\RouteCollection.php on line 1027.
 1 SYSTEMPATH\Router\RouteCollection.php(1027): trigger_error('Passing lowercase HTTP method "post" is deprecated. Use uppercase HTTP method like "POST".', 16384)
 2 APPPATH\Config\Routes\AdminRoutes.php(186): CodeIgniter\Router\RouteCollection->match([...], 'send_mail/?(:num)?', 'UsersController::send_mail/$1')
 3 SYSTEMPATH\Router\RouteCollection.php(800): App\Config\Routes\AdminRoutes::App\Config\Routes\{closure}(Object(CodeIgniter\Router\RouteCollection))
 4 APPPATH\Config\Routes\AdminRoutes.php(182): CodeIgniter\Router\RouteCollection->group('users', [...], Object(Closure))
 5 SYSTEMPATH\Router\RouteCollection.php(800): App\Config\Routes\AdminRoutes::App\Config\Routes\{closure}(Object(CodeIgniter\Router\RouteCollection))
 6 APPPATH\Config\Routes\AdminRoutes.php(28): CodeIgniter\Router\RouteCollection->group('admin', [...], Object(Closure))
 7 APPPATH\Config\Routes.php(20): App\Config\Routes\AdminRoutes::init(Object(CodeIgniter\Router\RouteCollection))
 8 SYSTEMPATH\Router\RouteCollection.php(340): require('C:\\xampp\\htdocs\\smartstore\\app\\Config\\Routes.php')
 9 SYSTEMPATH\CodeIgniter.php(823): CodeIgniter\Router\RouteCollection->loadRoutes()
10 SYSTEMPATH\CodeIgniter.php(457): CodeIgniter\CodeIgniter->tryToRouteIt(null)
11 SYSTEMPATH\CodeIgniter.php(355): CodeIgniter\CodeIgniter->handleRequest(null, Object(Config\Cache), false)
12 SYSTEMPATH\Boot.php(325): CodeIgniter\CodeIgniter->run()
13 SYSTEMPATH\Boot.php(67): CodeIgniter\Boot::runCodeIgniter(Object(CodeIgniter\CodeIgniter))
14 FCPATH\index.php(63): CodeIgniter\Boot::bootWeb(Object(Config\Paths))
WARNING - 2025-06-05 14:04:07 --> [DEPRECATED] Passing lowercase HTTP method "get" is deprecated. Use uppercase HTTP method like "GET". in SYSTEMPATH\Router\RouteCollection.php on line 1027.
 1 SYSTEMPATH\Router\RouteCollection.php(1027): trigger_error('Passing lowercase HTTP method "get" is deprecated. Use uppercase HTTP method like "GET".', 16384)
 2 APPPATH\Config\Routes\AdminRoutes.php(215): CodeIgniter\Router\RouteCollection->match([...], 'send_mail/?(:num)?', 'TicketsController::send_mail/$1')
 3 SYSTEMPATH\Router\RouteCollection.php(800): App\Config\Routes\AdminRoutes::App\Config\Routes\{closure}(Object(CodeIgniter\Router\RouteCollection))
 4 APPPATH\Config\Routes\AdminRoutes.php(212): CodeIgniter\Router\RouteCollection->group('tickets', [...], Object(Closure))
 5 SYSTEMPATH\Router\RouteCollection.php(800): App\Config\Routes\AdminRoutes::App\Config\Routes\{closure}(Object(CodeIgniter\Router\RouteCollection))
 6 APPPATH\Config\Routes\AdminRoutes.php(28): CodeIgniter\Router\RouteCollection->group('admin', [...], Object(Closure))
 7 APPPATH\Config\Routes.php(20): App\Config\Routes\AdminRoutes::init(Object(CodeIgniter\Router\RouteCollection))
 8 SYSTEMPATH\Router\RouteCollection.php(340): require('C:\\xampp\\htdocs\\smartstore\\app\\Config\\Routes.php')
 9 SYSTEMPATH\CodeIgniter.php(823): CodeIgniter\Router\RouteCollection->loadRoutes()
10 SYSTEMPATH\CodeIgniter.php(457): CodeIgniter\CodeIgniter->tryToRouteIt(null)
11 SYSTEMPATH\CodeIgniter.php(355): CodeIgniter\CodeIgniter->handleRequest(null, Object(Config\Cache), false)
12 SYSTEMPATH\Boot.php(325): CodeIgniter\CodeIgniter->run()
13 SYSTEMPATH\Boot.php(67): CodeIgniter\Boot::runCodeIgniter(Object(CodeIgniter\CodeIgniter))
14 FCPATH\index.php(63): CodeIgniter\Boot::bootWeb(Object(Config\Paths))
WARNING - 2025-06-05 14:04:07 --> [DEPRECATED] Passing lowercase HTTP method "post" is deprecated. Use uppercase HTTP method like "POST". in SYSTEMPATH\Router\RouteCollection.php on line 1027.
 1 SYSTEMPATH\Router\RouteCollection.php(1027): trigger_error('Passing lowercase HTTP method "post" is deprecated. Use uppercase HTTP method like "POST".', 16384)
 2 APPPATH\Config\Routes\AdminRoutes.php(215): CodeIgniter\Router\RouteCollection->match([...], 'send_mail/?(:num)?', 'TicketsController::send_mail/$1')
 3 SYSTEMPATH\Router\RouteCollection.php(800): App\Config\Routes\AdminRoutes::App\Config\Routes\{closure}(Object(CodeIgniter\Router\RouteCollection))
 4 APPPATH\Config\Routes\AdminRoutes.php(212): CodeIgniter\Router\RouteCollection->group('tickets', [...], Object(Closure))
 5 SYSTEMPATH\Router\RouteCollection.php(800): App\Config\Routes\AdminRoutes::App\Config\Routes\{closure}(Object(CodeIgniter\Router\RouteCollection))
 6 APPPATH\Config\Routes\AdminRoutes.php(28): CodeIgniter\Router\RouteCollection->group('admin', [...], Object(Closure))
 7 APPPATH\Config\Routes.php(20): App\Config\Routes\AdminRoutes::init(Object(CodeIgniter\Router\RouteCollection))
 8 SYSTEMPATH\Router\RouteCollection.php(340): require('C:\\xampp\\htdocs\\smartstore\\app\\Config\\Routes.php')
 9 SYSTEMPATH\CodeIgniter.php(823): CodeIgniter\Router\RouteCollection->loadRoutes()
10 SYSTEMPATH\CodeIgniter.php(457): CodeIgniter\CodeIgniter->tryToRouteIt(null)
11 SYSTEMPATH\CodeIgniter.php(355): CodeIgniter\CodeIgniter->handleRequest(null, Object(Config\Cache), false)
12 SYSTEMPATH\Boot.php(325): CodeIgniter\CodeIgniter->run()
13 SYSTEMPATH\Boot.php(67): CodeIgniter\Boot::runCodeIgniter(Object(CodeIgniter\CodeIgniter))
14 FCPATH\index.php(63): CodeIgniter\Boot::bootWeb(Object(Config\Paths))
WARNING - 2025-06-05 14:04:07 --> [DEPRECATED] Passing lowercase HTTP method "get" is deprecated. Use uppercase HTTP method like "GET". in SYSTEMPATH\Router\RouteCollection.php on line 1027.
 1 SYSTEMPATH\Router\RouteCollection.php(1027): trigger_error('Passing lowercase HTTP method "get" is deprecated. Use uppercase HTTP method like "GET".', 16384)
 2 APPPATH\Config\Routes\UserRoutes.php(49): CodeIgniter\Router\RouteCollection->match([...], 'submit_review', 'ClientController::submit_review', [...])
 3 APPPATH\Config\Routes\UserRoutes.php(23): App\Config\Routes\UserRoutes::defineRoutes(Object(CodeIgniter\Router\RouteCollection))
 4 APPPATH\Config\Routes.php(21): App\Config\Routes\UserRoutes::init(Object(CodeIgniter\Router\RouteCollection))
 5 SYSTEMPATH\Router\RouteCollection.php(340): require('C:\\xampp\\htdocs\\smartstore\\app\\Config\\Routes.php')
 6 SYSTEMPATH\CodeIgniter.php(823): CodeIgniter\Router\RouteCollection->loadRoutes()
 7 SYSTEMPATH\CodeIgniter.php(457): CodeIgniter\CodeIgniter->tryToRouteIt(null)
 8 SYSTEMPATH\CodeIgniter.php(355): CodeIgniter\CodeIgniter->handleRequest(null, Object(Config\Cache), false)
 9 SYSTEMPATH\Boot.php(325): CodeIgniter\CodeIgniter->run()
10 SYSTEMPATH\Boot.php(67): CodeIgniter\Boot::runCodeIgniter(Object(CodeIgniter\CodeIgniter))
11 FCPATH\index.php(63): CodeIgniter\Boot::bootWeb(Object(Config\Paths))
WARNING - 2025-06-05 14:04:07 --> [DEPRECATED] Passing lowercase HTTP method "post" is deprecated. Use uppercase HTTP method like "POST". in SYSTEMPATH\Router\RouteCollection.php on line 1027.
 1 SYSTEMPATH\Router\RouteCollection.php(1027): trigger_error('Passing lowercase HTTP method "post" is deprecated. Use uppercase HTTP method like "POST".', 16384)
 2 APPPATH\Config\Routes\UserRoutes.php(49): CodeIgniter\Router\RouteCollection->match([...], 'submit_review', 'ClientController::submit_review', [...])
 3 APPPATH\Config\Routes\UserRoutes.php(23): App\Config\Routes\UserRoutes::defineRoutes(Object(CodeIgniter\Router\RouteCollection))
 4 APPPATH\Config\Routes.php(21): App\Config\Routes\UserRoutes::init(Object(CodeIgniter\Router\RouteCollection))
 5 SYSTEMPATH\Router\RouteCollection.php(340): require('C:\\xampp\\htdocs\\smartstore\\app\\Config\\Routes.php')
 6 SYSTEMPATH\CodeIgniter.php(823): CodeIgniter\Router\RouteCollection->loadRoutes()
 7 SYSTEMPATH\CodeIgniter.php(457): CodeIgniter\CodeIgniter->tryToRouteIt(null)
 8 SYSTEMPATH\CodeIgniter.php(355): CodeIgniter\CodeIgniter->handleRequest(null, Object(Config\Cache), false)
 9 SYSTEMPATH\Boot.php(325): CodeIgniter\CodeIgniter->run()
10 SYSTEMPATH\Boot.php(67): CodeIgniter\Boot::runCodeIgniter(Object(CodeIgniter\CodeIgniter))
11 FCPATH\index.php(63): CodeIgniter\Boot::bootWeb(Object(Config\Paths))
WARNING - 2025-06-05 14:04:07 --> [DEPRECATED] Passing lowercase HTTP method "get" is deprecated. Use uppercase HTTP method like "GET". in SYSTEMPATH\Router\RouteCollection.php on line 1027.
 1 SYSTEMPATH\Router\RouteCollection.php(1027): trigger_error('Passing lowercase HTTP method "get" is deprecated. Use uppercase HTTP method like "GET".', 16384)
 2 APPPATH\Config\Routes\UserRoutes.php(63): CodeIgniter\Router\RouteCollection->match([...], 'track-order', 'OrderController::track_order', [...])
 3 APPPATH\Config\Routes\UserRoutes.php(23): App\Config\Routes\UserRoutes::defineRoutes(Object(CodeIgniter\Router\RouteCollection))
 4 APPPATH\Config\Routes.php(21): App\Config\Routes\UserRoutes::init(Object(CodeIgniter\Router\RouteCollection))
 5 SYSTEMPATH\Router\RouteCollection.php(340): require('C:\\xampp\\htdocs\\smartstore\\app\\Config\\Routes.php')
 6 SYSTEMPATH\CodeIgniter.php(823): CodeIgniter\Router\RouteCollection->loadRoutes()
 7 SYSTEMPATH\CodeIgniter.php(457): CodeIgniter\CodeIgniter->tryToRouteIt(null)
 8 SYSTEMPATH\CodeIgniter.php(355): CodeIgniter\CodeIgniter->handleRequest(null, Object(Config\Cache), false)
 9 SYSTEMPATH\Boot.php(325): CodeIgniter\CodeIgniter->run()
10 SYSTEMPATH\Boot.php(67): CodeIgniter\Boot::runCodeIgniter(Object(CodeIgniter\CodeIgniter))
11 FCPATH\index.php(63): CodeIgniter\Boot::bootWeb(Object(Config\Paths))
WARNING - 2025-06-05 14:04:07 --> [DEPRECATED] Passing lowercase HTTP method "post" is deprecated. Use uppercase HTTP method like "POST". in SYSTEMPATH\Router\RouteCollection.php on line 1027.
 1 SYSTEMPATH\Router\RouteCollection.php(1027): trigger_error('Passing lowercase HTTP method "post" is deprecated. Use uppercase HTTP method like "POST".', 16384)
 2 APPPATH\Config\Routes\UserRoutes.php(63): CodeIgniter\Router\RouteCollection->match([...], 'track-order', 'OrderController::track_order', [...])
 3 APPPATH\Config\Routes\UserRoutes.php(23): App\Config\Routes\UserRoutes::defineRoutes(Object(CodeIgniter\Router\RouteCollection))
 4 APPPATH\Config\Routes.php(21): App\Config\Routes\UserRoutes::init(Object(CodeIgniter\Router\RouteCollection))
 5 SYSTEMPATH\Router\RouteCollection.php(340): require('C:\\xampp\\htdocs\\smartstore\\app\\Config\\Routes.php')
 6 SYSTEMPATH\CodeIgniter.php(823): CodeIgniter\Router\RouteCollection->loadRoutes()
 7 SYSTEMPATH\CodeIgniter.php(457): CodeIgniter\CodeIgniter->tryToRouteIt(null)
 8 SYSTEMPATH\CodeIgniter.php(355): CodeIgniter\CodeIgniter->handleRequest(null, Object(Config\Cache), false)
 9 SYSTEMPATH\Boot.php(325): CodeIgniter\CodeIgniter->run()
10 SYSTEMPATH\Boot.php(67): CodeIgniter\Boot::runCodeIgniter(Object(CodeIgniter\CodeIgniter))
11 FCPATH\index.php(63): CodeIgniter\Boot::bootWeb(Object(Config\Paths))
WARNING - 2025-06-05 14:04:07 --> [DEPRECATED] Passing lowercase HTTP method "get" is deprecated. Use uppercase HTTP method like "GET". in SYSTEMPATH\Router\RouteCollection.php on line 1027.
 1 SYSTEMPATH\Router\RouteCollection.php(1027): trigger_error('Passing lowercase HTTP method "get" is deprecated. Use uppercase HTTP method like "GET".', 16384)
 2 APPPATH\Config\Routes\UserRoutes.php(49): CodeIgniter\Router\RouteCollection->match([...], 'submit_review', 'ClientController::submit_review', [...])
 3 APPPATH\Config\Routes\UserRoutes.php(26): App\Config\Routes\UserRoutes::defineRoutes(Object(CodeIgniter\Router\RouteCollection))
 4 SYSTEMPATH\Router\RouteCollection.php(800): App\Config\Routes\UserRoutes::App\Config\Routes\{closure}(Object(CodeIgniter\Router\RouteCollection))
 5 APPPATH\Config\Routes\UserRoutes.php(25): CodeIgniter\Router\RouteCollection->group('{locale}', Object(Closure))
 6 APPPATH\Config\Routes.php(21): App\Config\Routes\UserRoutes::init(Object(CodeIgniter\Router\RouteCollection))
 7 SYSTEMPATH\Router\RouteCollection.php(340): require('C:\\xampp\\htdocs\\smartstore\\app\\Config\\Routes.php')
 8 SYSTEMPATH\CodeIgniter.php(823): CodeIgniter\Router\RouteCollection->loadRoutes()
 9 SYSTEMPATH\CodeIgniter.php(457): CodeIgniter\CodeIgniter->tryToRouteIt(null)
10 SYSTEMPATH\CodeIgniter.php(355): CodeIgniter\CodeIgniter->handleRequest(null, Object(Config\Cache), false)
11 SYSTEMPATH\Boot.php(325): CodeIgniter\CodeIgniter->run()
12 SYSTEMPATH\Boot.php(67): CodeIgniter\Boot::runCodeIgniter(Object(CodeIgniter\CodeIgniter))
13 FCPATH\index.php(63): CodeIgniter\Boot::bootWeb(Object(Config\Paths))
WARNING - 2025-06-05 14:04:07 --> [DEPRECATED] Passing lowercase HTTP method "post" is deprecated. Use uppercase HTTP method like "POST". in SYSTEMPATH\Router\RouteCollection.php on line 1027.
 1 SYSTEMPATH\Router\RouteCollection.php(1027): trigger_error('Passing lowercase HTTP method "post" is deprecated. Use uppercase HTTP method like "POST".', 16384)
 2 APPPATH\Config\Routes\UserRoutes.php(49): CodeIgniter\Router\RouteCollection->match([...], 'submit_review', 'ClientController::submit_review', [...])
 3 APPPATH\Config\Routes\UserRoutes.php(26): App\Config\Routes\UserRoutes::defineRoutes(Object(CodeIgniter\Router\RouteCollection))
 4 SYSTEMPATH\Router\RouteCollection.php(800): App\Config\Routes\UserRoutes::App\Config\Routes\{closure}(Object(CodeIgniter\Router\RouteCollection))
 5 APPPATH\Config\Routes\UserRoutes.php(25): CodeIgniter\Router\RouteCollection->group('{locale}', Object(Closure))
 6 APPPATH\Config\Routes.php(21): App\Config\Routes\UserRoutes::init(Object(CodeIgniter\Router\RouteCollection))
 7 SYSTEMPATH\Router\RouteCollection.php(340): require('C:\\xampp\\htdocs\\smartstore\\app\\Config\\Routes.php')
 8 SYSTEMPATH\CodeIgniter.php(823): CodeIgniter\Router\RouteCollection->loadRoutes()
 9 SYSTEMPATH\CodeIgniter.php(457): CodeIgniter\CodeIgniter->tryToRouteIt(null)
10 SYSTEMPATH\CodeIgniter.php(355): CodeIgniter\CodeIgniter->handleRequest(null, Object(Config\Cache), false)
11 SYSTEMPATH\Boot.php(325): CodeIgniter\CodeIgniter->run()
12 SYSTEMPATH\Boot.php(67): CodeIgniter\Boot::runCodeIgniter(Object(CodeIgniter\CodeIgniter))
13 FCPATH\index.php(63): CodeIgniter\Boot::bootWeb(Object(Config\Paths))
WARNING - 2025-06-05 14:04:07 --> [DEPRECATED] Passing lowercase HTTP method "get" is deprecated. Use uppercase HTTP method like "GET". in SYSTEMPATH\Router\RouteCollection.php on line 1027.
 1 SYSTEMPATH\Router\RouteCollection.php(1027): trigger_error('Passing lowercase HTTP method "get" is deprecated. Use uppercase HTTP method like "GET".', 16384)
 2 APPPATH\Config\Routes\UserRoutes.php(63): CodeIgniter\Router\RouteCollection->match([...], 'track-order', 'OrderController::track_order', [...])
 3 APPPATH\Config\Routes\UserRoutes.php(26): App\Config\Routes\UserRoutes::defineRoutes(Object(CodeIgniter\Router\RouteCollection))
 4 SYSTEMPATH\Router\RouteCollection.php(800): App\Config\Routes\UserRoutes::App\Config\Routes\{closure}(Object(CodeIgniter\Router\RouteCollection))
 5 APPPATH\Config\Routes\UserRoutes.php(25): CodeIgniter\Router\RouteCollection->group('{locale}', Object(Closure))
 6 APPPATH\Config\Routes.php(21): App\Config\Routes\UserRoutes::init(Object(CodeIgniter\Router\RouteCollection))
 7 SYSTEMPATH\Router\RouteCollection.php(340): require('C:\\xampp\\htdocs\\smartstore\\app\\Config\\Routes.php')
 8 SYSTEMPATH\CodeIgniter.php(823): CodeIgniter\Router\RouteCollection->loadRoutes()
 9 SYSTEMPATH\CodeIgniter.php(457): CodeIgniter\CodeIgniter->tryToRouteIt(null)
10 SYSTEMPATH\CodeIgniter.php(355): CodeIgniter\CodeIgniter->handleRequest(null, Object(Config\Cache), false)
11 SYSTEMPATH\Boot.php(325): CodeIgniter\CodeIgniter->run()
12 SYSTEMPATH\Boot.php(67): CodeIgniter\Boot::runCodeIgniter(Object(CodeIgniter\CodeIgniter))
13 FCPATH\index.php(63): CodeIgniter\Boot::bootWeb(Object(Config\Paths))
WARNING - 2025-06-05 14:04:07 --> [DEPRECATED] Passing lowercase HTTP method "post" is deprecated. Use uppercase HTTP method like "POST". in SYSTEMPATH\Router\RouteCollection.php on line 1027.
 1 SYSTEMPATH\Router\RouteCollection.php(1027): trigger_error('Passing lowercase HTTP method "post" is deprecated. Use uppercase HTTP method like "POST".', 16384)
 2 APPPATH\Config\Routes\UserRoutes.php(63): CodeIgniter\Router\RouteCollection->match([...], 'track-order', 'OrderController::track_order', [...])
 3 APPPATH\Config\Routes\UserRoutes.php(26): App\Config\Routes\UserRoutes::defineRoutes(Object(CodeIgniter\Router\RouteCollection))
 4 SYSTEMPATH\Router\RouteCollection.php(800): App\Config\Routes\UserRoutes::App\Config\Routes\{closure}(Object(CodeIgniter\Router\RouteCollection))
 5 APPPATH\Config\Routes\UserRoutes.php(25): CodeIgniter\Router\RouteCollection->group('{locale}', Object(Closure))
 6 APPPATH\Config\Routes.php(21): App\Config\Routes\UserRoutes::init(Object(CodeIgniter\Router\RouteCollection))
 7 SYSTEMPATH\Router\RouteCollection.php(340): require('C:\\xampp\\htdocs\\smartstore\\app\\Config\\Routes.php')
 8 SYSTEMPATH\CodeIgniter.php(823): CodeIgniter\Router\RouteCollection->loadRoutes()
 9 SYSTEMPATH\CodeIgniter.php(457): CodeIgniter\CodeIgniter->tryToRouteIt(null)
10 SYSTEMPATH\CodeIgniter.php(355): CodeIgniter\CodeIgniter->handleRequest(null, Object(Config\Cache), false)
11 SYSTEMPATH\Boot.php(325): CodeIgniter\CodeIgniter->run()
12 SYSTEMPATH\Boot.php(67): CodeIgniter\Boot::runCodeIgniter(Object(CodeIgniter\CodeIgniter))
13 FCPATH\index.php(63): CodeIgniter\Boot::bootWeb(Object(Config\Paths))
INFO - 2025-06-05 14:04:07 --> Session: Class initialized using 'CodeIgniter\Session\Handlers\FileHandler' driver.
WARNING - 2025-06-05 14:04:07 --> [DEPRECATED] Creation of dynamic property App\Controllers\Public\PageController::$load_files is deprecated in APPPATH\Controllers\Public\PageController.php on line 21.
 1 SYSTEMPATH\CodeIgniter.php(903): App\Controllers\Public\PageController->__construct()
 2 SYSTEMPATH\CodeIgniter.php(500): CodeIgniter\CodeIgniter->createController()
 3 SYSTEMPATH\CodeIgniter.php(355): CodeIgniter\CodeIgniter->handleRequest(null, Object(Config\Cache), false)
 4 SYSTEMPATH\Boot.php(325): CodeIgniter\CodeIgniter->run()
 5 SYSTEMPATH\Boot.php(67): CodeIgniter\Boot::runCodeIgniter(Object(CodeIgniter\CodeIgniter))
 6 FCPATH\index.php(63): CodeIgniter\Boot::bootWeb(Object(Config\Paths))
WARNING - 2025-06-05 14:04:07 --> [DEPRECATED] Creation of dynamic property App\Controllers\Public\PageController::$page_title is deprecated in APPPATH\Controllers\Public\PageController.php on line 22.
 1 SYSTEMPATH\CodeIgniter.php(903): App\Controllers\Public\PageController->__construct()
 2 SYSTEMPATH\CodeIgniter.php(500): CodeIgniter\CodeIgniter->createController()
 3 SYSTEMPATH\CodeIgniter.php(355): CodeIgniter\CodeIgniter->handleRequest(null, Object(Config\Cache), false)
 4 SYSTEMPATH\Boot.php(325): CodeIgniter\CodeIgniter->run()
 5 SYSTEMPATH\Boot.php(67): CodeIgniter\Boot::runCodeIgniter(Object(CodeIgniter\CodeIgniter))
 6 FCPATH\index.php(63): CodeIgniter\Boot::bootWeb(Object(Config\Paths))
WARNING - 2025-06-05 14:04:09 --> [DEPRECATED] Passing lowercase HTTP method "get" is deprecated. Use uppercase HTTP method like "GET". in SYSTEMPATH\Router\RouteCollection.php on line 1027.
 1 SYSTEMPATH\Router\RouteCollection.php(1027): trigger_error('Passing lowercase HTTP method "get" is deprecated. Use uppercase HTTP method like "GET".', 16384)
 2 APPPATH\Config\Routes\AdminRoutes.php(65): CodeIgniter\Router\RouteCollection->match([...], 'send_test_mail', 'SettingsController::send_test_mail')
 3 SYSTEMPATH\Router\RouteCollection.php(800): App\Config\Routes\AdminRoutes::App\Config\Routes\{closure}(Object(CodeIgniter\Router\RouteCollection))
 4 APPPATH\Config\Routes\AdminRoutes.php(63): CodeIgniter\Router\RouteCollection->group('settings', [...], Object(Closure))
 5 SYSTEMPATH\Router\RouteCollection.php(800): App\Config\Routes\AdminRoutes::App\Config\Routes\{closure}(Object(CodeIgniter\Router\RouteCollection))
 6 APPPATH\Config\Routes\AdminRoutes.php(28): CodeIgniter\Router\RouteCollection->group('admin', [...], Object(Closure))
 7 APPPATH\Config\Routes.php(20): App\Config\Routes\AdminRoutes::init(Object(CodeIgniter\Router\RouteCollection))
 8 SYSTEMPATH\Router\RouteCollection.php(340): require('C:\\xampp\\htdocs\\smartstore\\app\\Config\\Routes.php')
 9 SYSTEMPATH\CodeIgniter.php(823): CodeIgniter\Router\RouteCollection->loadRoutes()
10 SYSTEMPATH\CodeIgniter.php(457): CodeIgniter\CodeIgniter->tryToRouteIt(null)
11 SYSTEMPATH\CodeIgniter.php(355): CodeIgniter\CodeIgniter->handleRequest(null, Object(Config\Cache), false)
12 SYSTEMPATH\Boot.php(325): CodeIgniter\CodeIgniter->run()
13 SYSTEMPATH\Boot.php(67): CodeIgniter\Boot::runCodeIgniter(Object(CodeIgniter\CodeIgniter))
14 FCPATH\index.php(63): CodeIgniter\Boot::bootWeb(Object(Config\Paths))
WARNING - 2025-06-05 14:04:09 --> [DEPRECATED] Passing lowercase HTTP method "post" is deprecated. Use uppercase HTTP method like "POST". in SYSTEMPATH\Router\RouteCollection.php on line 1027.
 1 SYSTEMPATH\Router\RouteCollection.php(1027): trigger_error('Passing lowercase HTTP method "post" is deprecated. Use uppercase HTTP method like "POST".', 16384)
 2 APPPATH\Config\Routes\AdminRoutes.php(65): CodeIgniter\Router\RouteCollection->match([...], 'send_test_mail', 'SettingsController::send_test_mail')
 3 SYSTEMPATH\Router\RouteCollection.php(800): App\Config\Routes\AdminRoutes::App\Config\Routes\{closure}(Object(CodeIgniter\Router\RouteCollection))
 4 APPPATH\Config\Routes\AdminRoutes.php(63): CodeIgniter\Router\RouteCollection->group('settings', [...], Object(Closure))
 5 SYSTEMPATH\Router\RouteCollection.php(800): App\Config\Routes\AdminRoutes::App\Config\Routes\{closure}(Object(CodeIgniter\Router\RouteCollection))
 6 APPPATH\Config\Routes\AdminRoutes.php(28): CodeIgniter\Router\RouteCollection->group('admin', [...], Object(Closure))
 7 APPPATH\Config\Routes.php(20): App\Config\Routes\AdminRoutes::init(Object(CodeIgniter\Router\RouteCollection))
 8 SYSTEMPATH\Router\RouteCollection.php(340): require('C:\\xampp\\htdocs\\smartstore\\app\\Config\\Routes.php')
 9 SYSTEMPATH\CodeIgniter.php(823): CodeIgniter\Router\RouteCollection->loadRoutes()
10 SYSTEMPATH\CodeIgniter.php(457): CodeIgniter\CodeIgniter->tryToRouteIt(null)
11 SYSTEMPATH\CodeIgniter.php(355): CodeIgniter\CodeIgniter->handleRequest(null, Object(Config\Cache), false)
12 SYSTEMPATH\Boot.php(325): CodeIgniter\CodeIgniter->run()
13 SYSTEMPATH\Boot.php(67): CodeIgniter\Boot::runCodeIgniter(Object(CodeIgniter\CodeIgniter))
14 FCPATH\index.php(63): CodeIgniter\Boot::bootWeb(Object(Config\Paths))
WARNING - 2025-06-05 14:04:09 --> [DEPRECATED] Passing lowercase HTTP method "get" is deprecated. Use uppercase HTTP method like "GET". in SYSTEMPATH\Router\RouteCollection.php on line 1027.
 1 SYSTEMPATH\Router\RouteCollection.php(1027): trigger_error('Passing lowercase HTTP method "get" is deprecated. Use uppercase HTTP method like "GET".', 16384)
 2 APPPATH\Config\Routes\AdminRoutes.php(76): CodeIgniter\Router\RouteCollection->match([...], 'elfinder_connector', 'FilemanagerController::elfinder_connector')
 3 SYSTEMPATH\Router\RouteCollection.php(800): App\Config\Routes\AdminRoutes::App\Config\Routes\{closure}(Object(CodeIgniter\Router\RouteCollection))
 4 APPPATH\Config\Routes\AdminRoutes.php(73): CodeIgniter\Router\RouteCollection->group('filemanager', [...], Object(Closure))
 5 SYSTEMPATH\Router\RouteCollection.php(800): App\Config\Routes\AdminRoutes::App\Config\Routes\{closure}(Object(CodeIgniter\Router\RouteCollection))
 6 APPPATH\Config\Routes\AdminRoutes.php(28): CodeIgniter\Router\RouteCollection->group('admin', [...], Object(Closure))
 7 APPPATH\Config\Routes.php(20): App\Config\Routes\AdminRoutes::init(Object(CodeIgniter\Router\RouteCollection))
 8 SYSTEMPATH\Router\RouteCollection.php(340): require('C:\\xampp\\htdocs\\smartstore\\app\\Config\\Routes.php')
 9 SYSTEMPATH\CodeIgniter.php(823): CodeIgniter\Router\RouteCollection->loadRoutes()
10 SYSTEMPATH\CodeIgniter.php(457): CodeIgniter\CodeIgniter->tryToRouteIt(null)
11 SYSTEMPATH\CodeIgniter.php(355): CodeIgniter\CodeIgniter->handleRequest(null, Object(Config\Cache), false)
12 SYSTEMPATH\Boot.php(325): CodeIgniter\CodeIgniter->run()
13 SYSTEMPATH\Boot.php(67): CodeIgniter\Boot::runCodeIgniter(Object(CodeIgniter\CodeIgniter))
14 FCPATH\index.php(63): CodeIgniter\Boot::bootWeb(Object(Config\Paths))
WARNING - 2025-06-05 14:04:09 --> [DEPRECATED] Passing lowercase HTTP method "post" is deprecated. Use uppercase HTTP method like "POST". in SYSTEMPATH\Router\RouteCollection.php on line 1027.
 1 SYSTEMPATH\Router\RouteCollection.php(1027): trigger_error('Passing lowercase HTTP method "post" is deprecated. Use uppercase HTTP method like "POST".', 16384)
 2 APPPATH\Config\Routes\AdminRoutes.php(76): CodeIgniter\Router\RouteCollection->match([...], 'elfinder_connector', 'FilemanagerController::elfinder_connector')
 3 SYSTEMPATH\Router\RouteCollection.php(800): App\Config\Routes\AdminRoutes::App\Config\Routes\{closure}(Object(CodeIgniter\Router\RouteCollection))
 4 APPPATH\Config\Routes\AdminRoutes.php(73): CodeIgniter\Router\RouteCollection->group('filemanager', [...], Object(Closure))
 5 SYSTEMPATH\Router\RouteCollection.php(800): App\Config\Routes\AdminRoutes::App\Config\Routes\{closure}(Object(CodeIgniter\Router\RouteCollection))
 6 APPPATH\Config\Routes\AdminRoutes.php(28): CodeIgniter\Router\RouteCollection->group('admin', [...], Object(Closure))
 7 APPPATH\Config\Routes.php(20): App\Config\Routes\AdminRoutes::init(Object(CodeIgniter\Router\RouteCollection))
 8 SYSTEMPATH\Router\RouteCollection.php(340): require('C:\\xampp\\htdocs\\smartstore\\app\\Config\\Routes.php')
 9 SYSTEMPATH\CodeIgniter.php(823): CodeIgniter\Router\RouteCollection->loadRoutes()
10 SYSTEMPATH\CodeIgniter.php(457): CodeIgniter\CodeIgniter->tryToRouteIt(null)
11 SYSTEMPATH\CodeIgniter.php(355): CodeIgniter\CodeIgniter->handleRequest(null, Object(Config\Cache), false)
12 SYSTEMPATH\Boot.php(325): CodeIgniter\CodeIgniter->run()
13 SYSTEMPATH\Boot.php(67): CodeIgniter\Boot::runCodeIgniter(Object(CodeIgniter\CodeIgniter))
14 FCPATH\index.php(63): CodeIgniter\Boot::bootWeb(Object(Config\Paths))
WARNING - 2025-06-05 14:04:09 --> [DEPRECATED] Passing lowercase HTTP method "get" is deprecated. Use uppercase HTTP method like "GET". in SYSTEMPATH\Router\RouteCollection.php on line 1027.
 1 SYSTEMPATH\Router\RouteCollection.php(1027): trigger_error('Passing lowercase HTTP method "get" is deprecated. Use uppercase HTTP method like "GET".', 16384)
 2 APPPATH\Config\Routes\AdminRoutes.php(172): CodeIgniter\Router\RouteCollection->match([...], 'sync_services/?(:num)?', 'ProvidersController::sync_services/$1')
 3 SYSTEMPATH\Router\RouteCollection.php(800): App\Config\Routes\AdminRoutes::App\Config\Routes\{closure}(Object(CodeIgniter\Router\RouteCollection))
 4 APPPATH\Config\Routes\AdminRoutes.php(167): CodeIgniter\Router\RouteCollection->group('providers', [...], Object(Closure))
 5 SYSTEMPATH\Router\RouteCollection.php(800): App\Config\Routes\AdminRoutes::App\Config\Routes\{closure}(Object(CodeIgniter\Router\RouteCollection))
 6 APPPATH\Config\Routes\AdminRoutes.php(28): CodeIgniter\Router\RouteCollection->group('admin', [...], Object(Closure))
 7 APPPATH\Config\Routes.php(20): App\Config\Routes\AdminRoutes::init(Object(CodeIgniter\Router\RouteCollection))
 8 SYSTEMPATH\Router\RouteCollection.php(340): require('C:\\xampp\\htdocs\\smartstore\\app\\Config\\Routes.php')
 9 SYSTEMPATH\CodeIgniter.php(823): CodeIgniter\Router\RouteCollection->loadRoutes()
10 SYSTEMPATH\CodeIgniter.php(457): CodeIgniter\CodeIgniter->tryToRouteIt(null)
11 SYSTEMPATH\CodeIgniter.php(355): CodeIgniter\CodeIgniter->handleRequest(null, Object(Config\Cache), false)
12 SYSTEMPATH\Boot.php(325): CodeIgniter\CodeIgniter->run()
13 SYSTEMPATH\Boot.php(67): CodeIgniter\Boot::runCodeIgniter(Object(CodeIgniter\CodeIgniter))
14 FCPATH\index.php(63): CodeIgniter\Boot::bootWeb(Object(Config\Paths))
WARNING - 2025-06-05 14:04:09 --> [DEPRECATED] Passing lowercase HTTP method "post" is deprecated. Use uppercase HTTP method like "POST". in SYSTEMPATH\Router\RouteCollection.php on line 1027.
 1 SYSTEMPATH\Router\RouteCollection.php(1027): trigger_error('Passing lowercase HTTP method "post" is deprecated. Use uppercase HTTP method like "POST".', 16384)
 2 APPPATH\Config\Routes\AdminRoutes.php(172): CodeIgniter\Router\RouteCollection->match([...], 'sync_services/?(:num)?', 'ProvidersController::sync_services/$1')
 3 SYSTEMPATH\Router\RouteCollection.php(800): App\Config\Routes\AdminRoutes::App\Config\Routes\{closure}(Object(CodeIgniter\Router\RouteCollection))
 4 APPPATH\Config\Routes\AdminRoutes.php(167): CodeIgniter\Router\RouteCollection->group('providers', [...], Object(Closure))
 5 SYSTEMPATH\Router\RouteCollection.php(800): App\Config\Routes\AdminRoutes::App\Config\Routes\{closure}(Object(CodeIgniter\Router\RouteCollection))
 6 APPPATH\Config\Routes\AdminRoutes.php(28): CodeIgniter\Router\RouteCollection->group('admin', [...], Object(Closure))
 7 APPPATH\Config\Routes.php(20): App\Config\Routes\AdminRoutes::init(Object(CodeIgniter\Router\RouteCollection))
 8 SYSTEMPATH\Router\RouteCollection.php(340): require('C:\\xampp\\htdocs\\smartstore\\app\\Config\\Routes.php')
 9 SYSTEMPATH\CodeIgniter.php(823): CodeIgniter\Router\RouteCollection->loadRoutes()
10 SYSTEMPATH\CodeIgniter.php(457): CodeIgniter\CodeIgniter->tryToRouteIt(null)
11 SYSTEMPATH\CodeIgniter.php(355): CodeIgniter\CodeIgniter->handleRequest(null, Object(Config\Cache), false)
12 SYSTEMPATH\Boot.php(325): CodeIgniter\CodeIgniter->run()
13 SYSTEMPATH\Boot.php(67): CodeIgniter\Boot::runCodeIgniter(Object(CodeIgniter\CodeIgniter))
14 FCPATH\index.php(63): CodeIgniter\Boot::bootWeb(Object(Config\Paths))
WARNING - 2025-06-05 14:04:09 --> [DEPRECATED] Passing lowercase HTTP method "get" is deprecated. Use uppercase HTTP method like "GET". in SYSTEMPATH\Router\RouteCollection.php on line 1027.
 1 SYSTEMPATH\Router\RouteCollection.php(1027): trigger_error('Passing lowercase HTTP method "get" is deprecated. Use uppercase HTTP method like "GET".', 16384)
 2 APPPATH\Config\Routes\AdminRoutes.php(185): CodeIgniter\Router\RouteCollection->match([...], 'add_note/?(:num)?', 'UsersController::add_note/$1')
 3 SYSTEMPATH\Router\RouteCollection.php(800): App\Config\Routes\AdminRoutes::App\Config\Routes\{closure}(Object(CodeIgniter\Router\RouteCollection))
 4 APPPATH\Config\Routes\AdminRoutes.php(182): CodeIgniter\Router\RouteCollection->group('users', [...], Object(Closure))
 5 SYSTEMPATH\Router\RouteCollection.php(800): App\Config\Routes\AdminRoutes::App\Config\Routes\{closure}(Object(CodeIgniter\Router\RouteCollection))
 6 APPPATH\Config\Routes\AdminRoutes.php(28): CodeIgniter\Router\RouteCollection->group('admin', [...], Object(Closure))
 7 APPPATH\Config\Routes.php(20): App\Config\Routes\AdminRoutes::init(Object(CodeIgniter\Router\RouteCollection))
 8 SYSTEMPATH\Router\RouteCollection.php(340): require('C:\\xampp\\htdocs\\smartstore\\app\\Config\\Routes.php')
 9 SYSTEMPATH\CodeIgniter.php(823): CodeIgniter\Router\RouteCollection->loadRoutes()
10 SYSTEMPATH\CodeIgniter.php(457): CodeIgniter\CodeIgniter->tryToRouteIt(null)
11 SYSTEMPATH\CodeIgniter.php(355): CodeIgniter\CodeIgniter->handleRequest(null, Object(Config\Cache), false)
12 SYSTEMPATH\Boot.php(325): CodeIgniter\CodeIgniter->run()
13 SYSTEMPATH\Boot.php(67): CodeIgniter\Boot::runCodeIgniter(Object(CodeIgniter\CodeIgniter))
14 FCPATH\index.php(63): CodeIgniter\Boot::bootWeb(Object(Config\Paths))
WARNING - 2025-06-05 14:04:09 --> [DEPRECATED] Passing lowercase HTTP method "post" is deprecated. Use uppercase HTTP method like "POST". in SYSTEMPATH\Router\RouteCollection.php on line 1027.
 1 SYSTEMPATH\Router\RouteCollection.php(1027): trigger_error('Passing lowercase HTTP method "post" is deprecated. Use uppercase HTTP method like "POST".', 16384)
 2 APPPATH\Config\Routes\AdminRoutes.php(185): CodeIgniter\Router\RouteCollection->match([...], 'add_note/?(:num)?', 'UsersController::add_note/$1')
 3 SYSTEMPATH\Router\RouteCollection.php(800): App\Config\Routes\AdminRoutes::App\Config\Routes\{closure}(Object(CodeIgniter\Router\RouteCollection))
 4 APPPATH\Config\Routes\AdminRoutes.php(182): CodeIgniter\Router\RouteCollection->group('users', [...], Object(Closure))
 5 SYSTEMPATH\Router\RouteCollection.php(800): App\Config\Routes\AdminRoutes::App\Config\Routes\{closure}(Object(CodeIgniter\Router\RouteCollection))
 6 APPPATH\Config\Routes\AdminRoutes.php(28): CodeIgniter\Router\RouteCollection->group('admin', [...], Object(Closure))
 7 APPPATH\Config\Routes.php(20): App\Config\Routes\AdminRoutes::init(Object(CodeIgniter\Router\RouteCollection))
 8 SYSTEMPATH\Router\RouteCollection.php(340): require('C:\\xampp\\htdocs\\smartstore\\app\\Config\\Routes.php')
 9 SYSTEMPATH\CodeIgniter.php(823): CodeIgniter\Router\RouteCollection->loadRoutes()
10 SYSTEMPATH\CodeIgniter.php(457): CodeIgniter\CodeIgniter->tryToRouteIt(null)
11 SYSTEMPATH\CodeIgniter.php(355): CodeIgniter\CodeIgniter->handleRequest(null, Object(Config\Cache), false)
12 SYSTEMPATH\Boot.php(325): CodeIgniter\CodeIgniter->run()
13 SYSTEMPATH\Boot.php(67): CodeIgniter\Boot::runCodeIgniter(Object(CodeIgniter\CodeIgniter))
14 FCPATH\index.php(63): CodeIgniter\Boot::bootWeb(Object(Config\Paths))
WARNING - 2025-06-05 14:04:09 --> [DEPRECATED] Passing lowercase HTTP method "get" is deprecated. Use uppercase HTTP method like "GET". in SYSTEMPATH\Router\RouteCollection.php on line 1027.
 1 SYSTEMPATH\Router\RouteCollection.php(1027): trigger_error('Passing lowercase HTTP method "get" is deprecated. Use uppercase HTTP method like "GET".', 16384)
 2 APPPATH\Config\Routes\AdminRoutes.php(186): CodeIgniter\Router\RouteCollection->match([...], 'send_mail/?(:num)?', 'UsersController::send_mail/$1')
 3 SYSTEMPATH\Router\RouteCollection.php(800): App\Config\Routes\AdminRoutes::App\Config\Routes\{closure}(Object(CodeIgniter\Router\RouteCollection))
 4 APPPATH\Config\Routes\AdminRoutes.php(182): CodeIgniter\Router\RouteCollection->group('users', [...], Object(Closure))
 5 SYSTEMPATH\Router\RouteCollection.php(800): App\Config\Routes\AdminRoutes::App\Config\Routes\{closure}(Object(CodeIgniter\Router\RouteCollection))
 6 APPPATH\Config\Routes\AdminRoutes.php(28): CodeIgniter\Router\RouteCollection->group('admin', [...], Object(Closure))
 7 APPPATH\Config\Routes.php(20): App\Config\Routes\AdminRoutes::init(Object(CodeIgniter\Router\RouteCollection))
 8 SYSTEMPATH\Router\RouteCollection.php(340): require('C:\\xampp\\htdocs\\smartstore\\app\\Config\\Routes.php')
 9 SYSTEMPATH\CodeIgniter.php(823): CodeIgniter\Router\RouteCollection->loadRoutes()
10 SYSTEMPATH\CodeIgniter.php(457): CodeIgniter\CodeIgniter->tryToRouteIt(null)
11 SYSTEMPATH\CodeIgniter.php(355): CodeIgniter\CodeIgniter->handleRequest(null, Object(Config\Cache), false)
12 SYSTEMPATH\Boot.php(325): CodeIgniter\CodeIgniter->run()
13 SYSTEMPATH\Boot.php(67): CodeIgniter\Boot::runCodeIgniter(Object(CodeIgniter\CodeIgniter))
14 FCPATH\index.php(63): CodeIgniter\Boot::bootWeb(Object(Config\Paths))
WARNING - 2025-06-05 14:04:09 --> [DEPRECATED] Passing lowercase HTTP method "post" is deprecated. Use uppercase HTTP method like "POST". in SYSTEMPATH\Router\RouteCollection.php on line 1027.
 1 SYSTEMPATH\Router\RouteCollection.php(1027): trigger_error('Passing lowercase HTTP method "post" is deprecated. Use uppercase HTTP method like "POST".', 16384)
 2 APPPATH\Config\Routes\AdminRoutes.php(186): CodeIgniter\Router\RouteCollection->match([...], 'send_mail/?(:num)?', 'UsersController::send_mail/$1')
 3 SYSTEMPATH\Router\RouteCollection.php(800): App\Config\Routes\AdminRoutes::App\Config\Routes\{closure}(Object(CodeIgniter\Router\RouteCollection))
 4 APPPATH\Config\Routes\AdminRoutes.php(182): CodeIgniter\Router\RouteCollection->group('users', [...], Object(Closure))
 5 SYSTEMPATH\Router\RouteCollection.php(800): App\Config\Routes\AdminRoutes::App\Config\Routes\{closure}(Object(CodeIgniter\Router\RouteCollection))
 6 APPPATH\Config\Routes\AdminRoutes.php(28): CodeIgniter\Router\RouteCollection->group('admin', [...], Object(Closure))
 7 APPPATH\Config\Routes.php(20): App\Config\Routes\AdminRoutes::init(Object(CodeIgniter\Router\RouteCollection))
 8 SYSTEMPATH\Router\RouteCollection.php(340): require('C:\\xampp\\htdocs\\smartstore\\app\\Config\\Routes.php')
 9 SYSTEMPATH\CodeIgniter.php(823): CodeIgniter\Router\RouteCollection->loadRoutes()
10 SYSTEMPATH\CodeIgniter.php(457): CodeIgniter\CodeIgniter->tryToRouteIt(null)
11 SYSTEMPATH\CodeIgniter.php(355): CodeIgniter\CodeIgniter->handleRequest(null, Object(Config\Cache), false)
12 SYSTEMPATH\Boot.php(325): CodeIgniter\CodeIgniter->run()
13 SYSTEMPATH\Boot.php(67): CodeIgniter\Boot::runCodeIgniter(Object(CodeIgniter\CodeIgniter))
14 FCPATH\index.php(63): CodeIgniter\Boot::bootWeb(Object(Config\Paths))
WARNING - 2025-06-05 14:04:09 --> [DEPRECATED] Passing lowercase HTTP method "get" is deprecated. Use uppercase HTTP method like "GET". in SYSTEMPATH\Router\RouteCollection.php on line 1027.
 1 SYSTEMPATH\Router\RouteCollection.php(1027): trigger_error('Passing lowercase HTTP method "get" is deprecated. Use uppercase HTTP method like "GET".', 16384)
 2 APPPATH\Config\Routes\AdminRoutes.php(215): CodeIgniter\Router\RouteCollection->match([...], 'send_mail/?(:num)?', 'TicketsController::send_mail/$1')
 3 SYSTEMPATH\Router\RouteCollection.php(800): App\Config\Routes\AdminRoutes::App\Config\Routes\{closure}(Object(CodeIgniter\Router\RouteCollection))
 4 APPPATH\Config\Routes\AdminRoutes.php(212): CodeIgniter\Router\RouteCollection->group('tickets', [...], Object(Closure))
 5 SYSTEMPATH\Router\RouteCollection.php(800): App\Config\Routes\AdminRoutes::App\Config\Routes\{closure}(Object(CodeIgniter\Router\RouteCollection))
 6 APPPATH\Config\Routes\AdminRoutes.php(28): CodeIgniter\Router\RouteCollection->group('admin', [...], Object(Closure))
 7 APPPATH\Config\Routes.php(20): App\Config\Routes\AdminRoutes::init(Object(CodeIgniter\Router\RouteCollection))
 8 SYSTEMPATH\Router\RouteCollection.php(340): require('C:\\xampp\\htdocs\\smartstore\\app\\Config\\Routes.php')
 9 SYSTEMPATH\CodeIgniter.php(823): CodeIgniter\Router\RouteCollection->loadRoutes()
10 SYSTEMPATH\CodeIgniter.php(457): CodeIgniter\CodeIgniter->tryToRouteIt(null)
11 SYSTEMPATH\CodeIgniter.php(355): CodeIgniter\CodeIgniter->handleRequest(null, Object(Config\Cache), false)
12 SYSTEMPATH\Boot.php(325): CodeIgniter\CodeIgniter->run()
13 SYSTEMPATH\Boot.php(67): CodeIgniter\Boot::runCodeIgniter(Object(CodeIgniter\CodeIgniter))
14 FCPATH\index.php(63): CodeIgniter\Boot::bootWeb(Object(Config\Paths))
WARNING - 2025-06-05 14:04:09 --> [DEPRECATED] Passing lowercase HTTP method "post" is deprecated. Use uppercase HTTP method like "POST". in SYSTEMPATH\Router\RouteCollection.php on line 1027.
 1 SYSTEMPATH\Router\RouteCollection.php(1027): trigger_error('Passing lowercase HTTP method "post" is deprecated. Use uppercase HTTP method like "POST".', 16384)
 2 APPPATH\Config\Routes\AdminRoutes.php(215): CodeIgniter\Router\RouteCollection->match([...], 'send_mail/?(:num)?', 'TicketsController::send_mail/$1')
 3 SYSTEMPATH\Router\RouteCollection.php(800): App\Config\Routes\AdminRoutes::App\Config\Routes\{closure}(Object(CodeIgniter\Router\RouteCollection))
 4 APPPATH\Config\Routes\AdminRoutes.php(212): CodeIgniter\Router\RouteCollection->group('tickets', [...], Object(Closure))
 5 SYSTEMPATH\Router\RouteCollection.php(800): App\Config\Routes\AdminRoutes::App\Config\Routes\{closure}(Object(CodeIgniter\Router\RouteCollection))
 6 APPPATH\Config\Routes\AdminRoutes.php(28): CodeIgniter\Router\RouteCollection->group('admin', [...], Object(Closure))
 7 APPPATH\Config\Routes.php(20): App\Config\Routes\AdminRoutes::init(Object(CodeIgniter\Router\RouteCollection))
 8 SYSTEMPATH\Router\RouteCollection.php(340): require('C:\\xampp\\htdocs\\smartstore\\app\\Config\\Routes.php')
 9 SYSTEMPATH\CodeIgniter.php(823): CodeIgniter\Router\RouteCollection->loadRoutes()
10 SYSTEMPATH\CodeIgniter.php(457): CodeIgniter\CodeIgniter->tryToRouteIt(null)
11 SYSTEMPATH\CodeIgniter.php(355): CodeIgniter\CodeIgniter->handleRequest(null, Object(Config\Cache), false)
12 SYSTEMPATH\Boot.php(325): CodeIgniter\CodeIgniter->run()
13 SYSTEMPATH\Boot.php(67): CodeIgniter\Boot::runCodeIgniter(Object(CodeIgniter\CodeIgniter))
14 FCPATH\index.php(63): CodeIgniter\Boot::bootWeb(Object(Config\Paths))
WARNING - 2025-06-05 14:04:09 --> [DEPRECATED] Passing lowercase HTTP method "get" is deprecated. Use uppercase HTTP method like "GET". in SYSTEMPATH\Router\RouteCollection.php on line 1027.
 1 SYSTEMPATH\Router\RouteCollection.php(1027): trigger_error('Passing lowercase HTTP method "get" is deprecated. Use uppercase HTTP method like "GET".', 16384)
 2 APPPATH\Config\Routes\UserRoutes.php(49): CodeIgniter\Router\RouteCollection->match([...], 'submit_review', 'ClientController::submit_review', [...])
 3 APPPATH\Config\Routes\UserRoutes.php(23): App\Config\Routes\UserRoutes::defineRoutes(Object(CodeIgniter\Router\RouteCollection))
 4 APPPATH\Config\Routes.php(21): App\Config\Routes\UserRoutes::init(Object(CodeIgniter\Router\RouteCollection))
 5 SYSTEMPATH\Router\RouteCollection.php(340): require('C:\\xampp\\htdocs\\smartstore\\app\\Config\\Routes.php')
 6 SYSTEMPATH\CodeIgniter.php(823): CodeIgniter\Router\RouteCollection->loadRoutes()
 7 SYSTEMPATH\CodeIgniter.php(457): CodeIgniter\CodeIgniter->tryToRouteIt(null)
 8 SYSTEMPATH\CodeIgniter.php(355): CodeIgniter\CodeIgniter->handleRequest(null, Object(Config\Cache), false)
 9 SYSTEMPATH\Boot.php(325): CodeIgniter\CodeIgniter->run()
10 SYSTEMPATH\Boot.php(67): CodeIgniter\Boot::runCodeIgniter(Object(CodeIgniter\CodeIgniter))
11 FCPATH\index.php(63): CodeIgniter\Boot::bootWeb(Object(Config\Paths))
WARNING - 2025-06-05 14:04:09 --> [DEPRECATED] Passing lowercase HTTP method "post" is deprecated. Use uppercase HTTP method like "POST". in SYSTEMPATH\Router\RouteCollection.php on line 1027.
 1 SYSTEMPATH\Router\RouteCollection.php(1027): trigger_error('Passing lowercase HTTP method "post" is deprecated. Use uppercase HTTP method like "POST".', 16384)
 2 APPPATH\Config\Routes\UserRoutes.php(49): CodeIgniter\Router\RouteCollection->match([...], 'submit_review', 'ClientController::submit_review', [...])
 3 APPPATH\Config\Routes\UserRoutes.php(23): App\Config\Routes\UserRoutes::defineRoutes(Object(CodeIgniter\Router\RouteCollection))
 4 APPPATH\Config\Routes.php(21): App\Config\Routes\UserRoutes::init(Object(CodeIgniter\Router\RouteCollection))
 5 SYSTEMPATH\Router\RouteCollection.php(340): require('C:\\xampp\\htdocs\\smartstore\\app\\Config\\Routes.php')
 6 SYSTEMPATH\CodeIgniter.php(823): CodeIgniter\Router\RouteCollection->loadRoutes()
 7 SYSTEMPATH\CodeIgniter.php(457): CodeIgniter\CodeIgniter->tryToRouteIt(null)
 8 SYSTEMPATH\CodeIgniter.php(355): CodeIgniter\CodeIgniter->handleRequest(null, Object(Config\Cache), false)
 9 SYSTEMPATH\Boot.php(325): CodeIgniter\CodeIgniter->run()
10 SYSTEMPATH\Boot.php(67): CodeIgniter\Boot::runCodeIgniter(Object(CodeIgniter\CodeIgniter))
11 FCPATH\index.php(63): CodeIgniter\Boot::bootWeb(Object(Config\Paths))
WARNING - 2025-06-05 14:04:09 --> [DEPRECATED] Passing lowercase HTTP method "get" is deprecated. Use uppercase HTTP method like "GET". in SYSTEMPATH\Router\RouteCollection.php on line 1027.
 1 SYSTEMPATH\Router\RouteCollection.php(1027): trigger_error('Passing lowercase HTTP method "get" is deprecated. Use uppercase HTTP method like "GET".', 16384)
 2 APPPATH\Config\Routes\UserRoutes.php(63): CodeIgniter\Router\RouteCollection->match([...], 'track-order', 'OrderController::track_order', [...])
 3 APPPATH\Config\Routes\UserRoutes.php(23): App\Config\Routes\UserRoutes::defineRoutes(Object(CodeIgniter\Router\RouteCollection))
 4 APPPATH\Config\Routes.php(21): App\Config\Routes\UserRoutes::init(Object(CodeIgniter\Router\RouteCollection))
 5 SYSTEMPATH\Router\RouteCollection.php(340): require('C:\\xampp\\htdocs\\smartstore\\app\\Config\\Routes.php')
 6 SYSTEMPATH\CodeIgniter.php(823): CodeIgniter\Router\RouteCollection->loadRoutes()
 7 SYSTEMPATH\CodeIgniter.php(457): CodeIgniter\CodeIgniter->tryToRouteIt(null)
 8 SYSTEMPATH\CodeIgniter.php(355): CodeIgniter\CodeIgniter->handleRequest(null, Object(Config\Cache), false)
 9 SYSTEMPATH\Boot.php(325): CodeIgniter\CodeIgniter->run()
10 SYSTEMPATH\Boot.php(67): CodeIgniter\Boot::runCodeIgniter(Object(CodeIgniter\CodeIgniter))
11 FCPATH\index.php(63): CodeIgniter\Boot::bootWeb(Object(Config\Paths))
WARNING - 2025-06-05 14:04:09 --> [DEPRECATED] Passing lowercase HTTP method "post" is deprecated. Use uppercase HTTP method like "POST". in SYSTEMPATH\Router\RouteCollection.php on line 1027.
 1 SYSTEMPATH\Router\RouteCollection.php(1027): trigger_error('Passing lowercase HTTP method "post" is deprecated. Use uppercase HTTP method like "POST".', 16384)
 2 APPPATH\Config\Routes\UserRoutes.php(63): CodeIgniter\Router\RouteCollection->match([...], 'track-order', 'OrderController::track_order', [...])
 3 APPPATH\Config\Routes\UserRoutes.php(23): App\Config\Routes\UserRoutes::defineRoutes(Object(CodeIgniter\Router\RouteCollection))
 4 APPPATH\Config\Routes.php(21): App\Config\Routes\UserRoutes::init(Object(CodeIgniter\Router\RouteCollection))
 5 SYSTEMPATH\Router\RouteCollection.php(340): require('C:\\xampp\\htdocs\\smartstore\\app\\Config\\Routes.php')
 6 SYSTEMPATH\CodeIgniter.php(823): CodeIgniter\Router\RouteCollection->loadRoutes()
 7 SYSTEMPATH\CodeIgniter.php(457): CodeIgniter\CodeIgniter->tryToRouteIt(null)
 8 SYSTEMPATH\CodeIgniter.php(355): CodeIgniter\CodeIgniter->handleRequest(null, Object(Config\Cache), false)
 9 SYSTEMPATH\Boot.php(325): CodeIgniter\CodeIgniter->run()
10 SYSTEMPATH\Boot.php(67): CodeIgniter\Boot::runCodeIgniter(Object(CodeIgniter\CodeIgniter))
11 FCPATH\index.php(63): CodeIgniter\Boot::bootWeb(Object(Config\Paths))
WARNING - 2025-06-05 14:04:09 --> [DEPRECATED] Passing lowercase HTTP method "get" is deprecated. Use uppercase HTTP method like "GET". in SYSTEMPATH\Router\RouteCollection.php on line 1027.
 1 SYSTEMPATH\Router\RouteCollection.php(1027): trigger_error('Passing lowercase HTTP method "get" is deprecated. Use uppercase HTTP method like "GET".', 16384)
 2 APPPATH\Config\Routes\UserRoutes.php(49): CodeIgniter\Router\RouteCollection->match([...], 'submit_review', 'ClientController::submit_review', [...])
 3 APPPATH\Config\Routes\UserRoutes.php(26): App\Config\Routes\UserRoutes::defineRoutes(Object(CodeIgniter\Router\RouteCollection))
 4 SYSTEMPATH\Router\RouteCollection.php(800): App\Config\Routes\UserRoutes::App\Config\Routes\{closure}(Object(CodeIgniter\Router\RouteCollection))
 5 APPPATH\Config\Routes\UserRoutes.php(25): CodeIgniter\Router\RouteCollection->group('{locale}', Object(Closure))
 6 APPPATH\Config\Routes.php(21): App\Config\Routes\UserRoutes::init(Object(CodeIgniter\Router\RouteCollection))
 7 SYSTEMPATH\Router\RouteCollection.php(340): require('C:\\xampp\\htdocs\\smartstore\\app\\Config\\Routes.php')
 8 SYSTEMPATH\CodeIgniter.php(823): CodeIgniter\Router\RouteCollection->loadRoutes()
 9 SYSTEMPATH\CodeIgniter.php(457): CodeIgniter\CodeIgniter->tryToRouteIt(null)
10 SYSTEMPATH\CodeIgniter.php(355): CodeIgniter\CodeIgniter->handleRequest(null, Object(Config\Cache), false)
11 SYSTEMPATH\Boot.php(325): CodeIgniter\CodeIgniter->run()
12 SYSTEMPATH\Boot.php(67): CodeIgniter\Boot::runCodeIgniter(Object(CodeIgniter\CodeIgniter))
13 FCPATH\index.php(63): CodeIgniter\Boot::bootWeb(Object(Config\Paths))
WARNING - 2025-06-05 14:04:09 --> [DEPRECATED] Passing lowercase HTTP method "post" is deprecated. Use uppercase HTTP method like "POST". in SYSTEMPATH\Router\RouteCollection.php on line 1027.
 1 SYSTEMPATH\Router\RouteCollection.php(1027): trigger_error('Passing lowercase HTTP method "post" is deprecated. Use uppercase HTTP method like "POST".', 16384)
 2 APPPATH\Config\Routes\UserRoutes.php(49): CodeIgniter\Router\RouteCollection->match([...], 'submit_review', 'ClientController::submit_review', [...])
 3 APPPATH\Config\Routes\UserRoutes.php(26): App\Config\Routes\UserRoutes::defineRoutes(Object(CodeIgniter\Router\RouteCollection))
 4 SYSTEMPATH\Router\RouteCollection.php(800): App\Config\Routes\UserRoutes::App\Config\Routes\{closure}(Object(CodeIgniter\Router\RouteCollection))
 5 APPPATH\Config\Routes\UserRoutes.php(25): CodeIgniter\Router\RouteCollection->group('{locale}', Object(Closure))
 6 APPPATH\Config\Routes.php(21): App\Config\Routes\UserRoutes::init(Object(CodeIgniter\Router\RouteCollection))
 7 SYSTEMPATH\Router\RouteCollection.php(340): require('C:\\xampp\\htdocs\\smartstore\\app\\Config\\Routes.php')
 8 SYSTEMPATH\CodeIgniter.php(823): CodeIgniter\Router\RouteCollection->loadRoutes()
 9 SYSTEMPATH\CodeIgniter.php(457): CodeIgniter\CodeIgniter->tryToRouteIt(null)
10 SYSTEMPATH\CodeIgniter.php(355): CodeIgniter\CodeIgniter->handleRequest(null, Object(Config\Cache), false)
11 SYSTEMPATH\Boot.php(325): CodeIgniter\CodeIgniter->run()
12 SYSTEMPATH\Boot.php(67): CodeIgniter\Boot::runCodeIgniter(Object(CodeIgniter\CodeIgniter))
13 FCPATH\index.php(63): CodeIgniter\Boot::bootWeb(Object(Config\Paths))
WARNING - 2025-06-05 14:04:09 --> [DEPRECATED] Passing lowercase HTTP method "get" is deprecated. Use uppercase HTTP method like "GET". in SYSTEMPATH\Router\RouteCollection.php on line 1027.
 1 SYSTEMPATH\Router\RouteCollection.php(1027): trigger_error('Passing lowercase HTTP method "get" is deprecated. Use uppercase HTTP method like "GET".', 16384)
 2 APPPATH\Config\Routes\UserRoutes.php(63): CodeIgniter\Router\RouteCollection->match([...], 'track-order', 'OrderController::track_order', [...])
 3 APPPATH\Config\Routes\UserRoutes.php(26): App\Config\Routes\UserRoutes::defineRoutes(Object(CodeIgniter\Router\RouteCollection))
 4 SYSTEMPATH\Router\RouteCollection.php(800): App\Config\Routes\UserRoutes::App\Config\Routes\{closure}(Object(CodeIgniter\Router\RouteCollection))
 5 APPPATH\Config\Routes\UserRoutes.php(25): CodeIgniter\Router\RouteCollection->group('{locale}', Object(Closure))
 6 APPPATH\Config\Routes.php(21): App\Config\Routes\UserRoutes::init(Object(CodeIgniter\Router\RouteCollection))
 7 SYSTEMPATH\Router\RouteCollection.php(340): require('C:\\xampp\\htdocs\\smartstore\\app\\Config\\Routes.php')
 8 SYSTEMPATH\CodeIgniter.php(823): CodeIgniter\Router\RouteCollection->loadRoutes()
 9 SYSTEMPATH\CodeIgniter.php(457): CodeIgniter\CodeIgniter->tryToRouteIt(null)
10 SYSTEMPATH\CodeIgniter.php(355): CodeIgniter\CodeIgniter->handleRequest(null, Object(Config\Cache), false)
11 SYSTEMPATH\Boot.php(325): CodeIgniter\CodeIgniter->run()
12 SYSTEMPATH\Boot.php(67): CodeIgniter\Boot::runCodeIgniter(Object(CodeIgniter\CodeIgniter))
13 FCPATH\index.php(63): CodeIgniter\Boot::bootWeb(Object(Config\Paths))
WARNING - 2025-06-05 14:04:09 --> [DEPRECATED] Passing lowercase HTTP method "post" is deprecated. Use uppercase HTTP method like "POST". in SYSTEMPATH\Router\RouteCollection.php on line 1027.
 1 SYSTEMPATH\Router\RouteCollection.php(1027): trigger_error('Passing lowercase HTTP method "post" is deprecated. Use uppercase HTTP method like "POST".', 16384)
 2 APPPATH\Config\Routes\UserRoutes.php(63): CodeIgniter\Router\RouteCollection->match([...], 'track-order', 'OrderController::track_order', [...])
 3 APPPATH\Config\Routes\UserRoutes.php(26): App\Config\Routes\UserRoutes::defineRoutes(Object(CodeIgniter\Router\RouteCollection))
 4 SYSTEMPATH\Router\RouteCollection.php(800): App\Config\Routes\UserRoutes::App\Config\Routes\{closure}(Object(CodeIgniter\Router\RouteCollection))
 5 APPPATH\Config\Routes\UserRoutes.php(25): CodeIgniter\Router\RouteCollection->group('{locale}', Object(Closure))
 6 APPPATH\Config\Routes.php(21): App\Config\Routes\UserRoutes::init(Object(CodeIgniter\Router\RouteCollection))
 7 SYSTEMPATH\Router\RouteCollection.php(340): require('C:\\xampp\\htdocs\\smartstore\\app\\Config\\Routes.php')
 8 SYSTEMPATH\CodeIgniter.php(823): CodeIgniter\Router\RouteCollection->loadRoutes()
 9 SYSTEMPATH\CodeIgniter.php(457): CodeIgniter\CodeIgniter->tryToRouteIt(null)
10 SYSTEMPATH\CodeIgniter.php(355): CodeIgniter\CodeIgniter->handleRequest(null, Object(Config\Cache), false)
11 SYSTEMPATH\Boot.php(325): CodeIgniter\CodeIgniter->run()
12 SYSTEMPATH\Boot.php(67): CodeIgniter\Boot::runCodeIgniter(Object(CodeIgniter\CodeIgniter))
13 FCPATH\index.php(63): CodeIgniter\Boot::bootWeb(Object(Config\Paths))
INFO - 2025-06-05 14:04:09 --> Session: Class initialized using 'CodeIgniter\Session\Handlers\FileHandler' driver.
WARNING - 2025-06-05 14:04:09 --> [DEPRECATED] Creation of dynamic property App\Controllers\Public\PageController::$load_files is deprecated in APPPATH\Controllers\Public\PageController.php on line 21.
 1 SYSTEMPATH\CodeIgniter.php(903): App\Controllers\Public\PageController->__construct()
 2 SYSTEMPATH\CodeIgniter.php(500): CodeIgniter\CodeIgniter->createController()
 3 SYSTEMPATH\CodeIgniter.php(355): CodeIgniter\CodeIgniter->handleRequest(null, Object(Config\Cache), false)
 4 SYSTEMPATH\Boot.php(325): CodeIgniter\CodeIgniter->run()
 5 SYSTEMPATH\Boot.php(67): CodeIgniter\Boot::runCodeIgniter(Object(CodeIgniter\CodeIgniter))
 6 FCPATH\index.php(63): CodeIgniter\Boot::bootWeb(Object(Config\Paths))
WARNING - 2025-06-05 14:04:09 --> [DEPRECATED] Creation of dynamic property App\Controllers\Public\PageController::$page_title is deprecated in APPPATH\Controllers\Public\PageController.php on line 22.
 1 SYSTEMPATH\CodeIgniter.php(903): App\Controllers\Public\PageController->__construct()
 2 SYSTEMPATH\CodeIgniter.php(500): CodeIgniter\CodeIgniter->createController()
 3 SYSTEMPATH\CodeIgniter.php(355): CodeIgniter\CodeIgniter->handleRequest(null, Object(Config\Cache), false)
 4 SYSTEMPATH\Boot.php(325): CodeIgniter\CodeIgniter->run()
 5 SYSTEMPATH\Boot.php(67): CodeIgniter\Boot::runCodeIgniter(Object(CodeIgniter\CodeIgniter))
 6 FCPATH\index.php(63): CodeIgniter\Boot::bootWeb(Object(Config\Paths))
WARNING - 2025-06-05 14:10:41 --> [DEPRECATED] Passing lowercase HTTP method "get" is deprecated. Use uppercase HTTP method like "GET". in SYSTEMPATH\Router\RouteCollection.php on line 1027.
 1 SYSTEMPATH\Router\RouteCollection.php(1027): trigger_error('Passing lowercase HTTP method "get" is deprecated. Use uppercase HTTP method like "GET".', 16384)
 2 APPPATH\Config\Routes\AdminRoutes.php(65): CodeIgniter\Router\RouteCollection->match([...], 'send_test_mail', 'SettingsController::send_test_mail')
 3 SYSTEMPATH\Router\RouteCollection.php(800): App\Config\Routes\AdminRoutes::App\Config\Routes\{closure}(Object(CodeIgniter\Router\RouteCollection))
 4 APPPATH\Config\Routes\AdminRoutes.php(63): CodeIgniter\Router\RouteCollection->group('settings', [...], Object(Closure))
 5 SYSTEMPATH\Router\RouteCollection.php(800): App\Config\Routes\AdminRoutes::App\Config\Routes\{closure}(Object(CodeIgniter\Router\RouteCollection))
 6 APPPATH\Config\Routes\AdminRoutes.php(28): CodeIgniter\Router\RouteCollection->group('admin', [...], Object(Closure))
 7 APPPATH\Config\Routes.php(20): App\Config\Routes\AdminRoutes::init(Object(CodeIgniter\Router\RouteCollection))
 8 SYSTEMPATH\Router\RouteCollection.php(340): require('C:\\xampp\\htdocs\\smartstore\\app\\Config\\Routes.php')
 9 SYSTEMPATH\CodeIgniter.php(823): CodeIgniter\Router\RouteCollection->loadRoutes()
10 SYSTEMPATH\CodeIgniter.php(457): CodeIgniter\CodeIgniter->tryToRouteIt(null)
11 SYSTEMPATH\CodeIgniter.php(355): CodeIgniter\CodeIgniter->handleRequest(null, Object(Config\Cache), false)
12 SYSTEMPATH\Boot.php(325): CodeIgniter\CodeIgniter->run()
13 SYSTEMPATH\Boot.php(67): CodeIgniter\Boot::runCodeIgniter(Object(CodeIgniter\CodeIgniter))
14 FCPATH\index.php(63): CodeIgniter\Boot::bootWeb(Object(Config\Paths))
WARNING - 2025-06-05 14:10:41 --> [DEPRECATED] Passing lowercase HTTP method "post" is deprecated. Use uppercase HTTP method like "POST". in SYSTEMPATH\Router\RouteCollection.php on line 1027.
 1 SYSTEMPATH\Router\RouteCollection.php(1027): trigger_error('Passing lowercase HTTP method "post" is deprecated. Use uppercase HTTP method like "POST".', 16384)
 2 APPPATH\Config\Routes\AdminRoutes.php(65): CodeIgniter\Router\RouteCollection->match([...], 'send_test_mail', 'SettingsController::send_test_mail')
 3 SYSTEMPATH\Router\RouteCollection.php(800): App\Config\Routes\AdminRoutes::App\Config\Routes\{closure}(Object(CodeIgniter\Router\RouteCollection))
 4 APPPATH\Config\Routes\AdminRoutes.php(63): CodeIgniter\Router\RouteCollection->group('settings', [...], Object(Closure))
 5 SYSTEMPATH\Router\RouteCollection.php(800): App\Config\Routes\AdminRoutes::App\Config\Routes\{closure}(Object(CodeIgniter\Router\RouteCollection))
 6 APPPATH\Config\Routes\AdminRoutes.php(28): CodeIgniter\Router\RouteCollection->group('admin', [...], Object(Closure))
 7 APPPATH\Config\Routes.php(20): App\Config\Routes\AdminRoutes::init(Object(CodeIgniter\Router\RouteCollection))
 8 SYSTEMPATH\Router\RouteCollection.php(340): require('C:\\xampp\\htdocs\\smartstore\\app\\Config\\Routes.php')
 9 SYSTEMPATH\CodeIgniter.php(823): CodeIgniter\Router\RouteCollection->loadRoutes()
10 SYSTEMPATH\CodeIgniter.php(457): CodeIgniter\CodeIgniter->tryToRouteIt(null)
11 SYSTEMPATH\CodeIgniter.php(355): CodeIgniter\CodeIgniter->handleRequest(null, Object(Config\Cache), false)
12 SYSTEMPATH\Boot.php(325): CodeIgniter\CodeIgniter->run()
13 SYSTEMPATH\Boot.php(67): CodeIgniter\Boot::runCodeIgniter(Object(CodeIgniter\CodeIgniter))
14 FCPATH\index.php(63): CodeIgniter\Boot::bootWeb(Object(Config\Paths))
WARNING - 2025-06-05 14:10:41 --> [DEPRECATED] Passing lowercase HTTP method "get" is deprecated. Use uppercase HTTP method like "GET". in SYSTEMPATH\Router\RouteCollection.php on line 1027.
 1 SYSTEMPATH\Router\RouteCollection.php(1027): trigger_error('Passing lowercase HTTP method "get" is deprecated. Use uppercase HTTP method like "GET".', 16384)
 2 APPPATH\Config\Routes\AdminRoutes.php(76): CodeIgniter\Router\RouteCollection->match([...], 'elfinder_connector', 'FilemanagerController::elfinder_connector')
 3 SYSTEMPATH\Router\RouteCollection.php(800): App\Config\Routes\AdminRoutes::App\Config\Routes\{closure}(Object(CodeIgniter\Router\RouteCollection))
 4 APPPATH\Config\Routes\AdminRoutes.php(73): CodeIgniter\Router\RouteCollection->group('filemanager', [...], Object(Closure))
 5 SYSTEMPATH\Router\RouteCollection.php(800): App\Config\Routes\AdminRoutes::App\Config\Routes\{closure}(Object(CodeIgniter\Router\RouteCollection))
 6 APPPATH\Config\Routes\AdminRoutes.php(28): CodeIgniter\Router\RouteCollection->group('admin', [...], Object(Closure))
 7 APPPATH\Config\Routes.php(20): App\Config\Routes\AdminRoutes::init(Object(CodeIgniter\Router\RouteCollection))
 8 SYSTEMPATH\Router\RouteCollection.php(340): require('C:\\xampp\\htdocs\\smartstore\\app\\Config\\Routes.php')
 9 SYSTEMPATH\CodeIgniter.php(823): CodeIgniter\Router\RouteCollection->loadRoutes()
10 SYSTEMPATH\CodeIgniter.php(457): CodeIgniter\CodeIgniter->tryToRouteIt(null)
11 SYSTEMPATH\CodeIgniter.php(355): CodeIgniter\CodeIgniter->handleRequest(null, Object(Config\Cache), false)
12 SYSTEMPATH\Boot.php(325): CodeIgniter\CodeIgniter->run()
13 SYSTEMPATH\Boot.php(67): CodeIgniter\Boot::runCodeIgniter(Object(CodeIgniter\CodeIgniter))
14 FCPATH\index.php(63): CodeIgniter\Boot::bootWeb(Object(Config\Paths))
WARNING - 2025-06-05 14:10:41 --> [DEPRECATED] Passing lowercase HTTP method "post" is deprecated. Use uppercase HTTP method like "POST". in SYSTEMPATH\Router\RouteCollection.php on line 1027.
 1 SYSTEMPATH\Router\RouteCollection.php(1027): trigger_error('Passing lowercase HTTP method "post" is deprecated. Use uppercase HTTP method like "POST".', 16384)
 2 APPPATH\Config\Routes\AdminRoutes.php(76): CodeIgniter\Router\RouteCollection->match([...], 'elfinder_connector', 'FilemanagerController::elfinder_connector')
 3 SYSTEMPATH\Router\RouteCollection.php(800): App\Config\Routes\AdminRoutes::App\Config\Routes\{closure}(Object(CodeIgniter\Router\RouteCollection))
 4 APPPATH\Config\Routes\AdminRoutes.php(73): CodeIgniter\Router\RouteCollection->group('filemanager', [...], Object(Closure))
 5 SYSTEMPATH\Router\RouteCollection.php(800): App\Config\Routes\AdminRoutes::App\Config\Routes\{closure}(Object(CodeIgniter\Router\RouteCollection))
 6 APPPATH\Config\Routes\AdminRoutes.php(28): CodeIgniter\Router\RouteCollection->group('admin', [...], Object(Closure))
 7 APPPATH\Config\Routes.php(20): App\Config\Routes\AdminRoutes::init(Object(CodeIgniter\Router\RouteCollection))
 8 SYSTEMPATH\Router\RouteCollection.php(340): require('C:\\xampp\\htdocs\\smartstore\\app\\Config\\Routes.php')
 9 SYSTEMPATH\CodeIgniter.php(823): CodeIgniter\Router\RouteCollection->loadRoutes()
10 SYSTEMPATH\CodeIgniter.php(457): CodeIgniter\CodeIgniter->tryToRouteIt(null)
11 SYSTEMPATH\CodeIgniter.php(355): CodeIgniter\CodeIgniter->handleRequest(null, Object(Config\Cache), false)
12 SYSTEMPATH\Boot.php(325): CodeIgniter\CodeIgniter->run()
13 SYSTEMPATH\Boot.php(67): CodeIgniter\Boot::runCodeIgniter(Object(CodeIgniter\CodeIgniter))
14 FCPATH\index.php(63): CodeIgniter\Boot::bootWeb(Object(Config\Paths))
WARNING - 2025-06-05 14:10:41 --> [DEPRECATED] Passing lowercase HTTP method "get" is deprecated. Use uppercase HTTP method like "GET". in SYSTEMPATH\Router\RouteCollection.php on line 1027.
 1 SYSTEMPATH\Router\RouteCollection.php(1027): trigger_error('Passing lowercase HTTP method "get" is deprecated. Use uppercase HTTP method like "GET".', 16384)
 2 APPPATH\Config\Routes\AdminRoutes.php(172): CodeIgniter\Router\RouteCollection->match([...], 'sync_services/?(:num)?', 'ProvidersController::sync_services/$1')
 3 SYSTEMPATH\Router\RouteCollection.php(800): App\Config\Routes\AdminRoutes::App\Config\Routes\{closure}(Object(CodeIgniter\Router\RouteCollection))
 4 APPPATH\Config\Routes\AdminRoutes.php(167): CodeIgniter\Router\RouteCollection->group('providers', [...], Object(Closure))
 5 SYSTEMPATH\Router\RouteCollection.php(800): App\Config\Routes\AdminRoutes::App\Config\Routes\{closure}(Object(CodeIgniter\Router\RouteCollection))
 6 APPPATH\Config\Routes\AdminRoutes.php(28): CodeIgniter\Router\RouteCollection->group('admin', [...], Object(Closure))
 7 APPPATH\Config\Routes.php(20): App\Config\Routes\AdminRoutes::init(Object(CodeIgniter\Router\RouteCollection))
 8 SYSTEMPATH\Router\RouteCollection.php(340): require('C:\\xampp\\htdocs\\smartstore\\app\\Config\\Routes.php')
 9 SYSTEMPATH\CodeIgniter.php(823): CodeIgniter\Router\RouteCollection->loadRoutes()
10 SYSTEMPATH\CodeIgniter.php(457): CodeIgniter\CodeIgniter->tryToRouteIt(null)
11 SYSTEMPATH\CodeIgniter.php(355): CodeIgniter\CodeIgniter->handleRequest(null, Object(Config\Cache), false)
12 SYSTEMPATH\Boot.php(325): CodeIgniter\CodeIgniter->run()
13 SYSTEMPATH\Boot.php(67): CodeIgniter\Boot::runCodeIgniter(Object(CodeIgniter\CodeIgniter))
14 FCPATH\index.php(63): CodeIgniter\Boot::bootWeb(Object(Config\Paths))
WARNING - 2025-06-05 14:10:41 --> [DEPRECATED] Passing lowercase HTTP method "post" is deprecated. Use uppercase HTTP method like "POST". in SYSTEMPATH\Router\RouteCollection.php on line 1027.
 1 SYSTEMPATH\Router\RouteCollection.php(1027): trigger_error('Passing lowercase HTTP method "post" is deprecated. Use uppercase HTTP method like "POST".', 16384)
 2 APPPATH\Config\Routes\AdminRoutes.php(172): CodeIgniter\Router\RouteCollection->match([...], 'sync_services/?(:num)?', 'ProvidersController::sync_services/$1')
 3 SYSTEMPATH\Router\RouteCollection.php(800): App\Config\Routes\AdminRoutes::App\Config\Routes\{closure}(Object(CodeIgniter\Router\RouteCollection))
 4 APPPATH\Config\Routes\AdminRoutes.php(167): CodeIgniter\Router\RouteCollection->group('providers', [...], Object(Closure))
 5 SYSTEMPATH\Router\RouteCollection.php(800): App\Config\Routes\AdminRoutes::App\Config\Routes\{closure}(Object(CodeIgniter\Router\RouteCollection))
 6 APPPATH\Config\Routes\AdminRoutes.php(28): CodeIgniter\Router\RouteCollection->group('admin', [...], Object(Closure))
 7 APPPATH\Config\Routes.php(20): App\Config\Routes\AdminRoutes::init(Object(CodeIgniter\Router\RouteCollection))
 8 SYSTEMPATH\Router\RouteCollection.php(340): require('C:\\xampp\\htdocs\\smartstore\\app\\Config\\Routes.php')
 9 SYSTEMPATH\CodeIgniter.php(823): CodeIgniter\Router\RouteCollection->loadRoutes()
10 SYSTEMPATH\CodeIgniter.php(457): CodeIgniter\CodeIgniter->tryToRouteIt(null)
11 SYSTEMPATH\CodeIgniter.php(355): CodeIgniter\CodeIgniter->handleRequest(null, Object(Config\Cache), false)
12 SYSTEMPATH\Boot.php(325): CodeIgniter\CodeIgniter->run()
13 SYSTEMPATH\Boot.php(67): CodeIgniter\Boot::runCodeIgniter(Object(CodeIgniter\CodeIgniter))
14 FCPATH\index.php(63): CodeIgniter\Boot::bootWeb(Object(Config\Paths))
WARNING - 2025-06-05 14:10:41 --> [DEPRECATED] Passing lowercase HTTP method "get" is deprecated. Use uppercase HTTP method like "GET". in SYSTEMPATH\Router\RouteCollection.php on line 1027.
 1 SYSTEMPATH\Router\RouteCollection.php(1027): trigger_error('Passing lowercase HTTP method "get" is deprecated. Use uppercase HTTP method like "GET".', 16384)
 2 APPPATH\Config\Routes\AdminRoutes.php(185): CodeIgniter\Router\RouteCollection->match([...], 'add_note/?(:num)?', 'UsersController::add_note/$1')
 3 SYSTEMPATH\Router\RouteCollection.php(800): App\Config\Routes\AdminRoutes::App\Config\Routes\{closure}(Object(CodeIgniter\Router\RouteCollection))
 4 APPPATH\Config\Routes\AdminRoutes.php(182): CodeIgniter\Router\RouteCollection->group('users', [...], Object(Closure))
 5 SYSTEMPATH\Router\RouteCollection.php(800): App\Config\Routes\AdminRoutes::App\Config\Routes\{closure}(Object(CodeIgniter\Router\RouteCollection))
 6 APPPATH\Config\Routes\AdminRoutes.php(28): CodeIgniter\Router\RouteCollection->group('admin', [...], Object(Closure))
 7 APPPATH\Config\Routes.php(20): App\Config\Routes\AdminRoutes::init(Object(CodeIgniter\Router\RouteCollection))
 8 SYSTEMPATH\Router\RouteCollection.php(340): require('C:\\xampp\\htdocs\\smartstore\\app\\Config\\Routes.php')
 9 SYSTEMPATH\CodeIgniter.php(823): CodeIgniter\Router\RouteCollection->loadRoutes()
10 SYSTEMPATH\CodeIgniter.php(457): CodeIgniter\CodeIgniter->tryToRouteIt(null)
11 SYSTEMPATH\CodeIgniter.php(355): CodeIgniter\CodeIgniter->handleRequest(null, Object(Config\Cache), false)
12 SYSTEMPATH\Boot.php(325): CodeIgniter\CodeIgniter->run()
13 SYSTEMPATH\Boot.php(67): CodeIgniter\Boot::runCodeIgniter(Object(CodeIgniter\CodeIgniter))
14 FCPATH\index.php(63): CodeIgniter\Boot::bootWeb(Object(Config\Paths))
WARNING - 2025-06-05 14:10:41 --> [DEPRECATED] Passing lowercase HTTP method "post" is deprecated. Use uppercase HTTP method like "POST". in SYSTEMPATH\Router\RouteCollection.php on line 1027.
 1 SYSTEMPATH\Router\RouteCollection.php(1027): trigger_error('Passing lowercase HTTP method "post" is deprecated. Use uppercase HTTP method like "POST".', 16384)
 2 APPPATH\Config\Routes\AdminRoutes.php(185): CodeIgniter\Router\RouteCollection->match([...], 'add_note/?(:num)?', 'UsersController::add_note/$1')
 3 SYSTEMPATH\Router\RouteCollection.php(800): App\Config\Routes\AdminRoutes::App\Config\Routes\{closure}(Object(CodeIgniter\Router\RouteCollection))
 4 APPPATH\Config\Routes\AdminRoutes.php(182): CodeIgniter\Router\RouteCollection->group('users', [...], Object(Closure))
 5 SYSTEMPATH\Router\RouteCollection.php(800): App\Config\Routes\AdminRoutes::App\Config\Routes\{closure}(Object(CodeIgniter\Router\RouteCollection))
 6 APPPATH\Config\Routes\AdminRoutes.php(28): CodeIgniter\Router\RouteCollection->group('admin', [...], Object(Closure))
 7 APPPATH\Config\Routes.php(20): App\Config\Routes\AdminRoutes::init(Object(CodeIgniter\Router\RouteCollection))
 8 SYSTEMPATH\Router\RouteCollection.php(340): require('C:\\xampp\\htdocs\\smartstore\\app\\Config\\Routes.php')
 9 SYSTEMPATH\CodeIgniter.php(823): CodeIgniter\Router\RouteCollection->loadRoutes()
10 SYSTEMPATH\CodeIgniter.php(457): CodeIgniter\CodeIgniter->tryToRouteIt(null)
11 SYSTEMPATH\CodeIgniter.php(355): CodeIgniter\CodeIgniter->handleRequest(null, Object(Config\Cache), false)
12 SYSTEMPATH\Boot.php(325): CodeIgniter\CodeIgniter->run()
13 SYSTEMPATH\Boot.php(67): CodeIgniter\Boot::runCodeIgniter(Object(CodeIgniter\CodeIgniter))
14 FCPATH\index.php(63): CodeIgniter\Boot::bootWeb(Object(Config\Paths))
WARNING - 2025-06-05 14:10:41 --> [DEPRECATED] Passing lowercase HTTP method "get" is deprecated. Use uppercase HTTP method like "GET". in SYSTEMPATH\Router\RouteCollection.php on line 1027.
 1 SYSTEMPATH\Router\RouteCollection.php(1027): trigger_error('Passing lowercase HTTP method "get" is deprecated. Use uppercase HTTP method like "GET".', 16384)
 2 APPPATH\Config\Routes\AdminRoutes.php(186): CodeIgniter\Router\RouteCollection->match([...], 'send_mail/?(:num)?', 'UsersController::send_mail/$1')
 3 SYSTEMPATH\Router\RouteCollection.php(800): App\Config\Routes\AdminRoutes::App\Config\Routes\{closure}(Object(CodeIgniter\Router\RouteCollection))
 4 APPPATH\Config\Routes\AdminRoutes.php(182): CodeIgniter\Router\RouteCollection->group('users', [...], Object(Closure))
 5 SYSTEMPATH\Router\RouteCollection.php(800): App\Config\Routes\AdminRoutes::App\Config\Routes\{closure}(Object(CodeIgniter\Router\RouteCollection))
 6 APPPATH\Config\Routes\AdminRoutes.php(28): CodeIgniter\Router\RouteCollection->group('admin', [...], Object(Closure))
 7 APPPATH\Config\Routes.php(20): App\Config\Routes\AdminRoutes::init(Object(CodeIgniter\Router\RouteCollection))
 8 SYSTEMPATH\Router\RouteCollection.php(340): require('C:\\xampp\\htdocs\\smartstore\\app\\Config\\Routes.php')
 9 SYSTEMPATH\CodeIgniter.php(823): CodeIgniter\Router\RouteCollection->loadRoutes()
10 SYSTEMPATH\CodeIgniter.php(457): CodeIgniter\CodeIgniter->tryToRouteIt(null)
11 SYSTEMPATH\CodeIgniter.php(355): CodeIgniter\CodeIgniter->handleRequest(null, Object(Config\Cache), false)
12 SYSTEMPATH\Boot.php(325): CodeIgniter\CodeIgniter->run()
13 SYSTEMPATH\Boot.php(67): CodeIgniter\Boot::runCodeIgniter(Object(CodeIgniter\CodeIgniter))
14 FCPATH\index.php(63): CodeIgniter\Boot::bootWeb(Object(Config\Paths))
WARNING - 2025-06-05 14:10:41 --> [DEPRECATED] Passing lowercase HTTP method "post" is deprecated. Use uppercase HTTP method like "POST". in SYSTEMPATH\Router\RouteCollection.php on line 1027.
 1 SYSTEMPATH\Router\RouteCollection.php(1027): trigger_error('Passing lowercase HTTP method "post" is deprecated. Use uppercase HTTP method like "POST".', 16384)
 2 APPPATH\Config\Routes\AdminRoutes.php(186): CodeIgniter\Router\RouteCollection->match([...], 'send_mail/?(:num)?', 'UsersController::send_mail/$1')
 3 SYSTEMPATH\Router\RouteCollection.php(800): App\Config\Routes\AdminRoutes::App\Config\Routes\{closure}(Object(CodeIgniter\Router\RouteCollection))
 4 APPPATH\Config\Routes\AdminRoutes.php(182): CodeIgniter\Router\RouteCollection->group('users', [...], Object(Closure))
 5 SYSTEMPATH\Router\RouteCollection.php(800): App\Config\Routes\AdminRoutes::App\Config\Routes\{closure}(Object(CodeIgniter\Router\RouteCollection))
 6 APPPATH\Config\Routes\AdminRoutes.php(28): CodeIgniter\Router\RouteCollection->group('admin', [...], Object(Closure))
 7 APPPATH\Config\Routes.php(20): App\Config\Routes\AdminRoutes::init(Object(CodeIgniter\Router\RouteCollection))
 8 SYSTEMPATH\Router\RouteCollection.php(340): require('C:\\xampp\\htdocs\\smartstore\\app\\Config\\Routes.php')
 9 SYSTEMPATH\CodeIgniter.php(823): CodeIgniter\Router\RouteCollection->loadRoutes()
10 SYSTEMPATH\CodeIgniter.php(457): CodeIgniter\CodeIgniter->tryToRouteIt(null)
11 SYSTEMPATH\CodeIgniter.php(355): CodeIgniter\CodeIgniter->handleRequest(null, Object(Config\Cache), false)
12 SYSTEMPATH\Boot.php(325): CodeIgniter\CodeIgniter->run()
13 SYSTEMPATH\Boot.php(67): CodeIgniter\Boot::runCodeIgniter(Object(CodeIgniter\CodeIgniter))
14 FCPATH\index.php(63): CodeIgniter\Boot::bootWeb(Object(Config\Paths))
WARNING - 2025-06-05 14:10:41 --> [DEPRECATED] Passing lowercase HTTP method "get" is deprecated. Use uppercase HTTP method like "GET". in SYSTEMPATH\Router\RouteCollection.php on line 1027.
 1 SYSTEMPATH\Router\RouteCollection.php(1027): trigger_error('Passing lowercase HTTP method "get" is deprecated. Use uppercase HTTP method like "GET".', 16384)
 2 APPPATH\Config\Routes\AdminRoutes.php(215): CodeIgniter\Router\RouteCollection->match([...], 'send_mail/?(:num)?', 'TicketsController::send_mail/$1')
 3 SYSTEMPATH\Router\RouteCollection.php(800): App\Config\Routes\AdminRoutes::App\Config\Routes\{closure}(Object(CodeIgniter\Router\RouteCollection))
 4 APPPATH\Config\Routes\AdminRoutes.php(212): CodeIgniter\Router\RouteCollection->group('tickets', [...], Object(Closure))
 5 SYSTEMPATH\Router\RouteCollection.php(800): App\Config\Routes\AdminRoutes::App\Config\Routes\{closure}(Object(CodeIgniter\Router\RouteCollection))
 6 APPPATH\Config\Routes\AdminRoutes.php(28): CodeIgniter\Router\RouteCollection->group('admin', [...], Object(Closure))
 7 APPPATH\Config\Routes.php(20): App\Config\Routes\AdminRoutes::init(Object(CodeIgniter\Router\RouteCollection))
 8 SYSTEMPATH\Router\RouteCollection.php(340): require('C:\\xampp\\htdocs\\smartstore\\app\\Config\\Routes.php')
 9 SYSTEMPATH\CodeIgniter.php(823): CodeIgniter\Router\RouteCollection->loadRoutes()
10 SYSTEMPATH\CodeIgniter.php(457): CodeIgniter\CodeIgniter->tryToRouteIt(null)
11 SYSTEMPATH\CodeIgniter.php(355): CodeIgniter\CodeIgniter->handleRequest(null, Object(Config\Cache), false)
12 SYSTEMPATH\Boot.php(325): CodeIgniter\CodeIgniter->run()
13 SYSTEMPATH\Boot.php(67): CodeIgniter\Boot::runCodeIgniter(Object(CodeIgniter\CodeIgniter))
14 FCPATH\index.php(63): CodeIgniter\Boot::bootWeb(Object(Config\Paths))
WARNING - 2025-06-05 14:10:41 --> [DEPRECATED] Passing lowercase HTTP method "post" is deprecated. Use uppercase HTTP method like "POST". in SYSTEMPATH\Router\RouteCollection.php on line 1027.
 1 SYSTEMPATH\Router\RouteCollection.php(1027): trigger_error('Passing lowercase HTTP method "post" is deprecated. Use uppercase HTTP method like "POST".', 16384)
 2 APPPATH\Config\Routes\AdminRoutes.php(215): CodeIgniter\Router\RouteCollection->match([...], 'send_mail/?(:num)?', 'TicketsController::send_mail/$1')
 3 SYSTEMPATH\Router\RouteCollection.php(800): App\Config\Routes\AdminRoutes::App\Config\Routes\{closure}(Object(CodeIgniter\Router\RouteCollection))
 4 APPPATH\Config\Routes\AdminRoutes.php(212): CodeIgniter\Router\RouteCollection->group('tickets', [...], Object(Closure))
 5 SYSTEMPATH\Router\RouteCollection.php(800): App\Config\Routes\AdminRoutes::App\Config\Routes\{closure}(Object(CodeIgniter\Router\RouteCollection))
 6 APPPATH\Config\Routes\AdminRoutes.php(28): CodeIgniter\Router\RouteCollection->group('admin', [...], Object(Closure))
 7 APPPATH\Config\Routes.php(20): App\Config\Routes\AdminRoutes::init(Object(CodeIgniter\Router\RouteCollection))
 8 SYSTEMPATH\Router\RouteCollection.php(340): require('C:\\xampp\\htdocs\\smartstore\\app\\Config\\Routes.php')
 9 SYSTEMPATH\CodeIgniter.php(823): CodeIgniter\Router\RouteCollection->loadRoutes()
10 SYSTEMPATH\CodeIgniter.php(457): CodeIgniter\CodeIgniter->tryToRouteIt(null)
11 SYSTEMPATH\CodeIgniter.php(355): CodeIgniter\CodeIgniter->handleRequest(null, Object(Config\Cache), false)
12 SYSTEMPATH\Boot.php(325): CodeIgniter\CodeIgniter->run()
13 SYSTEMPATH\Boot.php(67): CodeIgniter\Boot::runCodeIgniter(Object(CodeIgniter\CodeIgniter))
14 FCPATH\index.php(63): CodeIgniter\Boot::bootWeb(Object(Config\Paths))
WARNING - 2025-06-05 14:10:41 --> [DEPRECATED] Passing lowercase HTTP method "get" is deprecated. Use uppercase HTTP method like "GET". in SYSTEMPATH\Router\RouteCollection.php on line 1027.
 1 SYSTEMPATH\Router\RouteCollection.php(1027): trigger_error('Passing lowercase HTTP method "get" is deprecated. Use uppercase HTTP method like "GET".', 16384)
 2 APPPATH\Config\Routes\UserRoutes.php(49): CodeIgniter\Router\RouteCollection->match([...], 'submit_review', 'ClientController::submit_review', [...])
 3 APPPATH\Config\Routes\UserRoutes.php(23): App\Config\Routes\UserRoutes::defineRoutes(Object(CodeIgniter\Router\RouteCollection))
 4 APPPATH\Config\Routes.php(21): App\Config\Routes\UserRoutes::init(Object(CodeIgniter\Router\RouteCollection))
 5 SYSTEMPATH\Router\RouteCollection.php(340): require('C:\\xampp\\htdocs\\smartstore\\app\\Config\\Routes.php')
 6 SYSTEMPATH\CodeIgniter.php(823): CodeIgniter\Router\RouteCollection->loadRoutes()
 7 SYSTEMPATH\CodeIgniter.php(457): CodeIgniter\CodeIgniter->tryToRouteIt(null)
 8 SYSTEMPATH\CodeIgniter.php(355): CodeIgniter\CodeIgniter->handleRequest(null, Object(Config\Cache), false)
 9 SYSTEMPATH\Boot.php(325): CodeIgniter\CodeIgniter->run()
10 SYSTEMPATH\Boot.php(67): CodeIgniter\Boot::runCodeIgniter(Object(CodeIgniter\CodeIgniter))
11 FCPATH\index.php(63): CodeIgniter\Boot::bootWeb(Object(Config\Paths))
WARNING - 2025-06-05 14:10:41 --> [DEPRECATED] Passing lowercase HTTP method "post" is deprecated. Use uppercase HTTP method like "POST". in SYSTEMPATH\Router\RouteCollection.php on line 1027.
 1 SYSTEMPATH\Router\RouteCollection.php(1027): trigger_error('Passing lowercase HTTP method "post" is deprecated. Use uppercase HTTP method like "POST".', 16384)
 2 APPPATH\Config\Routes\UserRoutes.php(49): CodeIgniter\Router\RouteCollection->match([...], 'submit_review', 'ClientController::submit_review', [...])
 3 APPPATH\Config\Routes\UserRoutes.php(23): App\Config\Routes\UserRoutes::defineRoutes(Object(CodeIgniter\Router\RouteCollection))
 4 APPPATH\Config\Routes.php(21): App\Config\Routes\UserRoutes::init(Object(CodeIgniter\Router\RouteCollection))
 5 SYSTEMPATH\Router\RouteCollection.php(340): require('C:\\xampp\\htdocs\\smartstore\\app\\Config\\Routes.php')
 6 SYSTEMPATH\CodeIgniter.php(823): CodeIgniter\Router\RouteCollection->loadRoutes()
 7 SYSTEMPATH\CodeIgniter.php(457): CodeIgniter\CodeIgniter->tryToRouteIt(null)
 8 SYSTEMPATH\CodeIgniter.php(355): CodeIgniter\CodeIgniter->handleRequest(null, Object(Config\Cache), false)
 9 SYSTEMPATH\Boot.php(325): CodeIgniter\CodeIgniter->run()
10 SYSTEMPATH\Boot.php(67): CodeIgniter\Boot::runCodeIgniter(Object(CodeIgniter\CodeIgniter))
11 FCPATH\index.php(63): CodeIgniter\Boot::bootWeb(Object(Config\Paths))
WARNING - 2025-06-05 14:10:41 --> [DEPRECATED] Passing lowercase HTTP method "get" is deprecated. Use uppercase HTTP method like "GET". in SYSTEMPATH\Router\RouteCollection.php on line 1027.
 1 SYSTEMPATH\Router\RouteCollection.php(1027): trigger_error('Passing lowercase HTTP method "get" is deprecated. Use uppercase HTTP method like "GET".', 16384)
 2 APPPATH\Config\Routes\UserRoutes.php(63): CodeIgniter\Router\RouteCollection->match([...], 'track-order', 'OrderController::track_order', [...])
 3 APPPATH\Config\Routes\UserRoutes.php(23): App\Config\Routes\UserRoutes::defineRoutes(Object(CodeIgniter\Router\RouteCollection))
 4 APPPATH\Config\Routes.php(21): App\Config\Routes\UserRoutes::init(Object(CodeIgniter\Router\RouteCollection))
 5 SYSTEMPATH\Router\RouteCollection.php(340): require('C:\\xampp\\htdocs\\smartstore\\app\\Config\\Routes.php')
 6 SYSTEMPATH\CodeIgniter.php(823): CodeIgniter\Router\RouteCollection->loadRoutes()
 7 SYSTEMPATH\CodeIgniter.php(457): CodeIgniter\CodeIgniter->tryToRouteIt(null)
 8 SYSTEMPATH\CodeIgniter.php(355): CodeIgniter\CodeIgniter->handleRequest(null, Object(Config\Cache), false)
 9 SYSTEMPATH\Boot.php(325): CodeIgniter\CodeIgniter->run()
10 SYSTEMPATH\Boot.php(67): CodeIgniter\Boot::runCodeIgniter(Object(CodeIgniter\CodeIgniter))
11 FCPATH\index.php(63): CodeIgniter\Boot::bootWeb(Object(Config\Paths))
WARNING - 2025-06-05 14:10:41 --> [DEPRECATED] Passing lowercase HTTP method "post" is deprecated. Use uppercase HTTP method like "POST". in SYSTEMPATH\Router\RouteCollection.php on line 1027.
 1 SYSTEMPATH\Router\RouteCollection.php(1027): trigger_error('Passing lowercase HTTP method "post" is deprecated. Use uppercase HTTP method like "POST".', 16384)
 2 APPPATH\Config\Routes\UserRoutes.php(63): CodeIgniter\Router\RouteCollection->match([...], 'track-order', 'OrderController::track_order', [...])
 3 APPPATH\Config\Routes\UserRoutes.php(23): App\Config\Routes\UserRoutes::defineRoutes(Object(CodeIgniter\Router\RouteCollection))
 4 APPPATH\Config\Routes.php(21): App\Config\Routes\UserRoutes::init(Object(CodeIgniter\Router\RouteCollection))
 5 SYSTEMPATH\Router\RouteCollection.php(340): require('C:\\xampp\\htdocs\\smartstore\\app\\Config\\Routes.php')
 6 SYSTEMPATH\CodeIgniter.php(823): CodeIgniter\Router\RouteCollection->loadRoutes()
 7 SYSTEMPATH\CodeIgniter.php(457): CodeIgniter\CodeIgniter->tryToRouteIt(null)
 8 SYSTEMPATH\CodeIgniter.php(355): CodeIgniter\CodeIgniter->handleRequest(null, Object(Config\Cache), false)
 9 SYSTEMPATH\Boot.php(325): CodeIgniter\CodeIgniter->run()
10 SYSTEMPATH\Boot.php(67): CodeIgniter\Boot::runCodeIgniter(Object(CodeIgniter\CodeIgniter))
11 FCPATH\index.php(63): CodeIgniter\Boot::bootWeb(Object(Config\Paths))
WARNING - 2025-06-05 14:10:41 --> [DEPRECATED] Passing lowercase HTTP method "get" is deprecated. Use uppercase HTTP method like "GET". in SYSTEMPATH\Router\RouteCollection.php on line 1027.
 1 SYSTEMPATH\Router\RouteCollection.php(1027): trigger_error('Passing lowercase HTTP method "get" is deprecated. Use uppercase HTTP method like "GET".', 16384)
 2 APPPATH\Config\Routes\UserRoutes.php(49): CodeIgniter\Router\RouteCollection->match([...], 'submit_review', 'ClientController::submit_review', [...])
 3 APPPATH\Config\Routes\UserRoutes.php(26): App\Config\Routes\UserRoutes::defineRoutes(Object(CodeIgniter\Router\RouteCollection))
 4 SYSTEMPATH\Router\RouteCollection.php(800): App\Config\Routes\UserRoutes::App\Config\Routes\{closure}(Object(CodeIgniter\Router\RouteCollection))
 5 APPPATH\Config\Routes\UserRoutes.php(25): CodeIgniter\Router\RouteCollection->group('{locale}', Object(Closure))
 6 APPPATH\Config\Routes.php(21): App\Config\Routes\UserRoutes::init(Object(CodeIgniter\Router\RouteCollection))
 7 SYSTEMPATH\Router\RouteCollection.php(340): require('C:\\xampp\\htdocs\\smartstore\\app\\Config\\Routes.php')
 8 SYSTEMPATH\CodeIgniter.php(823): CodeIgniter\Router\RouteCollection->loadRoutes()
 9 SYSTEMPATH\CodeIgniter.php(457): CodeIgniter\CodeIgniter->tryToRouteIt(null)
10 SYSTEMPATH\CodeIgniter.php(355): CodeIgniter\CodeIgniter->handleRequest(null, Object(Config\Cache), false)
11 SYSTEMPATH\Boot.php(325): CodeIgniter\CodeIgniter->run()
12 SYSTEMPATH\Boot.php(67): CodeIgniter\Boot::runCodeIgniter(Object(CodeIgniter\CodeIgniter))
13 FCPATH\index.php(63): CodeIgniter\Boot::bootWeb(Object(Config\Paths))
WARNING - 2025-06-05 14:10:41 --> [DEPRECATED] Passing lowercase HTTP method "post" is deprecated. Use uppercase HTTP method like "POST". in SYSTEMPATH\Router\RouteCollection.php on line 1027.
 1 SYSTEMPATH\Router\RouteCollection.php(1027): trigger_error('Passing lowercase HTTP method "post" is deprecated. Use uppercase HTTP method like "POST".', 16384)
 2 APPPATH\Config\Routes\UserRoutes.php(49): CodeIgniter\Router\RouteCollection->match([...], 'submit_review', 'ClientController::submit_review', [...])
 3 APPPATH\Config\Routes\UserRoutes.php(26): App\Config\Routes\UserRoutes::defineRoutes(Object(CodeIgniter\Router\RouteCollection))
 4 SYSTEMPATH\Router\RouteCollection.php(800): App\Config\Routes\UserRoutes::App\Config\Routes\{closure}(Object(CodeIgniter\Router\RouteCollection))
 5 APPPATH\Config\Routes\UserRoutes.php(25): CodeIgniter\Router\RouteCollection->group('{locale}', Object(Closure))
 6 APPPATH\Config\Routes.php(21): App\Config\Routes\UserRoutes::init(Object(CodeIgniter\Router\RouteCollection))
 7 SYSTEMPATH\Router\RouteCollection.php(340): require('C:\\xampp\\htdocs\\smartstore\\app\\Config\\Routes.php')
 8 SYSTEMPATH\CodeIgniter.php(823): CodeIgniter\Router\RouteCollection->loadRoutes()
 9 SYSTEMPATH\CodeIgniter.php(457): CodeIgniter\CodeIgniter->tryToRouteIt(null)
10 SYSTEMPATH\CodeIgniter.php(355): CodeIgniter\CodeIgniter->handleRequest(null, Object(Config\Cache), false)
11 SYSTEMPATH\Boot.php(325): CodeIgniter\CodeIgniter->run()
12 SYSTEMPATH\Boot.php(67): CodeIgniter\Boot::runCodeIgniter(Object(CodeIgniter\CodeIgniter))
13 FCPATH\index.php(63): CodeIgniter\Boot::bootWeb(Object(Config\Paths))
WARNING - 2025-06-05 14:10:41 --> [DEPRECATED] Passing lowercase HTTP method "get" is deprecated. Use uppercase HTTP method like "GET". in SYSTEMPATH\Router\RouteCollection.php on line 1027.
 1 SYSTEMPATH\Router\RouteCollection.php(1027): trigger_error('Passing lowercase HTTP method "get" is deprecated. Use uppercase HTTP method like "GET".', 16384)
 2 APPPATH\Config\Routes\UserRoutes.php(63): CodeIgniter\Router\RouteCollection->match([...], 'track-order', 'OrderController::track_order', [...])
 3 APPPATH\Config\Routes\UserRoutes.php(26): App\Config\Routes\UserRoutes::defineRoutes(Object(CodeIgniter\Router\RouteCollection))
 4 SYSTEMPATH\Router\RouteCollection.php(800): App\Config\Routes\UserRoutes::App\Config\Routes\{closure}(Object(CodeIgniter\Router\RouteCollection))
 5 APPPATH\Config\Routes\UserRoutes.php(25): CodeIgniter\Router\RouteCollection->group('{locale}', Object(Closure))
 6 APPPATH\Config\Routes.php(21): App\Config\Routes\UserRoutes::init(Object(CodeIgniter\Router\RouteCollection))
 7 SYSTEMPATH\Router\RouteCollection.php(340): require('C:\\xampp\\htdocs\\smartstore\\app\\Config\\Routes.php')
 8 SYSTEMPATH\CodeIgniter.php(823): CodeIgniter\Router\RouteCollection->loadRoutes()
 9 SYSTEMPATH\CodeIgniter.php(457): CodeIgniter\CodeIgniter->tryToRouteIt(null)
10 SYSTEMPATH\CodeIgniter.php(355): CodeIgniter\CodeIgniter->handleRequest(null, Object(Config\Cache), false)
11 SYSTEMPATH\Boot.php(325): CodeIgniter\CodeIgniter->run()
12 SYSTEMPATH\Boot.php(67): CodeIgniter\Boot::runCodeIgniter(Object(CodeIgniter\CodeIgniter))
13 FCPATH\index.php(63): CodeIgniter\Boot::bootWeb(Object(Config\Paths))
WARNING - 2025-06-05 14:10:41 --> [DEPRECATED] Passing lowercase HTTP method "post" is deprecated. Use uppercase HTTP method like "POST". in SYSTEMPATH\Router\RouteCollection.php on line 1027.
 1 SYSTEMPATH\Router\RouteCollection.php(1027): trigger_error('Passing lowercase HTTP method "post" is deprecated. Use uppercase HTTP method like "POST".', 16384)
 2 APPPATH\Config\Routes\UserRoutes.php(63): CodeIgniter\Router\RouteCollection->match([...], 'track-order', 'OrderController::track_order', [...])
 3 APPPATH\Config\Routes\UserRoutes.php(26): App\Config\Routes\UserRoutes::defineRoutes(Object(CodeIgniter\Router\RouteCollection))
 4 SYSTEMPATH\Router\RouteCollection.php(800): App\Config\Routes\UserRoutes::App\Config\Routes\{closure}(Object(CodeIgniter\Router\RouteCollection))
 5 APPPATH\Config\Routes\UserRoutes.php(25): CodeIgniter\Router\RouteCollection->group('{locale}', Object(Closure))
 6 APPPATH\Config\Routes.php(21): App\Config\Routes\UserRoutes::init(Object(CodeIgniter\Router\RouteCollection))
 7 SYSTEMPATH\Router\RouteCollection.php(340): require('C:\\xampp\\htdocs\\smartstore\\app\\Config\\Routes.php')
 8 SYSTEMPATH\CodeIgniter.php(823): CodeIgniter\Router\RouteCollection->loadRoutes()
 9 SYSTEMPATH\CodeIgniter.php(457): CodeIgniter\CodeIgniter->tryToRouteIt(null)
10 SYSTEMPATH\CodeIgniter.php(355): CodeIgniter\CodeIgniter->handleRequest(null, Object(Config\Cache), false)
11 SYSTEMPATH\Boot.php(325): CodeIgniter\CodeIgniter->run()
12 SYSTEMPATH\Boot.php(67): CodeIgniter\Boot::runCodeIgniter(Object(CodeIgniter\CodeIgniter))
13 FCPATH\index.php(63): CodeIgniter\Boot::bootWeb(Object(Config\Paths))
INFO - 2025-06-05 14:10:41 --> Session: Class initialized using 'CodeIgniter\Session\Handlers\FileHandler' driver.
WARNING - 2025-06-05 14:10:41 --> [DEPRECATED] Creation of dynamic property App\Controllers\Public\PageController::$load_files is deprecated in APPPATH\Controllers\Public\PageController.php on line 21.
 1 SYSTEMPATH\CodeIgniter.php(903): App\Controllers\Public\PageController->__construct()
 2 SYSTEMPATH\CodeIgniter.php(500): CodeIgniter\CodeIgniter->createController()
 3 SYSTEMPATH\CodeIgniter.php(355): CodeIgniter\CodeIgniter->handleRequest(null, Object(Config\Cache), false)
 4 SYSTEMPATH\Boot.php(325): CodeIgniter\CodeIgniter->run()
 5 SYSTEMPATH\Boot.php(67): CodeIgniter\Boot::runCodeIgniter(Object(CodeIgniter\CodeIgniter))
 6 FCPATH\index.php(63): CodeIgniter\Boot::bootWeb(Object(Config\Paths))
WARNING - 2025-06-05 14:10:41 --> [DEPRECATED] Creation of dynamic property App\Controllers\Public\PageController::$page_title is deprecated in APPPATH\Controllers\Public\PageController.php on line 22.
 1 SYSTEMPATH\CodeIgniter.php(903): App\Controllers\Public\PageController->__construct()
 2 SYSTEMPATH\CodeIgniter.php(500): CodeIgniter\CodeIgniter->createController()
 3 SYSTEMPATH\CodeIgniter.php(355): CodeIgniter\CodeIgniter->handleRequest(null, Object(Config\Cache), false)
 4 SYSTEMPATH\Boot.php(325): CodeIgniter\CodeIgniter->run()
 5 SYSTEMPATH\Boot.php(67): CodeIgniter\Boot::runCodeIgniter(Object(CodeIgniter\CodeIgniter))
 6 FCPATH\index.php(63): CodeIgniter\Boot::bootWeb(Object(Config\Paths))
WARNING - 2025-06-05 14:20:27 --> [DEPRECATED] Passing lowercase HTTP method "get" is deprecated. Use uppercase HTTP method like "GET". in SYSTEMPATH\Router\RouteCollection.php on line 1027.
 1 SYSTEMPATH\Router\RouteCollection.php(1027): trigger_error('Passing lowercase HTTP method "get" is deprecated. Use uppercase HTTP method like "GET".', 16384)
 2 APPPATH\Config\Routes\AdminRoutes.php(65): CodeIgniter\Router\RouteCollection->match([...], 'send_test_mail', 'SettingsController::send_test_mail')
 3 SYSTEMPATH\Router\RouteCollection.php(800): App\Config\Routes\AdminRoutes::App\Config\Routes\{closure}(Object(CodeIgniter\Router\RouteCollection))
 4 APPPATH\Config\Routes\AdminRoutes.php(63): CodeIgniter\Router\RouteCollection->group('settings', [...], Object(Closure))
 5 SYSTEMPATH\Router\RouteCollection.php(800): App\Config\Routes\AdminRoutes::App\Config\Routes\{closure}(Object(CodeIgniter\Router\RouteCollection))
 6 APPPATH\Config\Routes\AdminRoutes.php(28): CodeIgniter\Router\RouteCollection->group('admin', [...], Object(Closure))
 7 APPPATH\Config\Routes.php(20): App\Config\Routes\AdminRoutes::init(Object(CodeIgniter\Router\RouteCollection))
 8 SYSTEMPATH\Router\RouteCollection.php(340): require('C:\\xampp\\htdocs\\smartstore\\app\\Config\\Routes.php')
 9 SYSTEMPATH\CodeIgniter.php(823): CodeIgniter\Router\RouteCollection->loadRoutes()
10 SYSTEMPATH\CodeIgniter.php(457): CodeIgniter\CodeIgniter->tryToRouteIt(null)
11 SYSTEMPATH\CodeIgniter.php(355): CodeIgniter\CodeIgniter->handleRequest(null, Object(Config\Cache), false)
12 SYSTEMPATH\Boot.php(325): CodeIgniter\CodeIgniter->run()
13 SYSTEMPATH\Boot.php(67): CodeIgniter\Boot::runCodeIgniter(Object(CodeIgniter\CodeIgniter))
14 FCPATH\index.php(63): CodeIgniter\Boot::bootWeb(Object(Config\Paths))
WARNING - 2025-06-05 14:20:27 --> [DEPRECATED] Passing lowercase HTTP method "post" is deprecated. Use uppercase HTTP method like "POST". in SYSTEMPATH\Router\RouteCollection.php on line 1027.
 1 SYSTEMPATH\Router\RouteCollection.php(1027): trigger_error('Passing lowercase HTTP method "post" is deprecated. Use uppercase HTTP method like "POST".', 16384)
 2 APPPATH\Config\Routes\AdminRoutes.php(65): CodeIgniter\Router\RouteCollection->match([...], 'send_test_mail', 'SettingsController::send_test_mail')
 3 SYSTEMPATH\Router\RouteCollection.php(800): App\Config\Routes\AdminRoutes::App\Config\Routes\{closure}(Object(CodeIgniter\Router\RouteCollection))
 4 APPPATH\Config\Routes\AdminRoutes.php(63): CodeIgniter\Router\RouteCollection->group('settings', [...], Object(Closure))
 5 SYSTEMPATH\Router\RouteCollection.php(800): App\Config\Routes\AdminRoutes::App\Config\Routes\{closure}(Object(CodeIgniter\Router\RouteCollection))
 6 APPPATH\Config\Routes\AdminRoutes.php(28): CodeIgniter\Router\RouteCollection->group('admin', [...], Object(Closure))
 7 APPPATH\Config\Routes.php(20): App\Config\Routes\AdminRoutes::init(Object(CodeIgniter\Router\RouteCollection))
 8 SYSTEMPATH\Router\RouteCollection.php(340): require('C:\\xampp\\htdocs\\smartstore\\app\\Config\\Routes.php')
 9 SYSTEMPATH\CodeIgniter.php(823): CodeIgniter\Router\RouteCollection->loadRoutes()
10 SYSTEMPATH\CodeIgniter.php(457): CodeIgniter\CodeIgniter->tryToRouteIt(null)
11 SYSTEMPATH\CodeIgniter.php(355): CodeIgniter\CodeIgniter->handleRequest(null, Object(Config\Cache), false)
12 SYSTEMPATH\Boot.php(325): CodeIgniter\CodeIgniter->run()
13 SYSTEMPATH\Boot.php(67): CodeIgniter\Boot::runCodeIgniter(Object(CodeIgniter\CodeIgniter))
14 FCPATH\index.php(63): CodeIgniter\Boot::bootWeb(Object(Config\Paths))
WARNING - 2025-06-05 14:20:27 --> [DEPRECATED] Passing lowercase HTTP method "get" is deprecated. Use uppercase HTTP method like "GET". in SYSTEMPATH\Router\RouteCollection.php on line 1027.
 1 SYSTEMPATH\Router\RouteCollection.php(1027): trigger_error('Passing lowercase HTTP method "get" is deprecated. Use uppercase HTTP method like "GET".', 16384)
 2 APPPATH\Config\Routes\AdminRoutes.php(76): CodeIgniter\Router\RouteCollection->match([...], 'elfinder_connector', 'FilemanagerController::elfinder_connector')
 3 SYSTEMPATH\Router\RouteCollection.php(800): App\Config\Routes\AdminRoutes::App\Config\Routes\{closure}(Object(CodeIgniter\Router\RouteCollection))
 4 APPPATH\Config\Routes\AdminRoutes.php(73): CodeIgniter\Router\RouteCollection->group('filemanager', [...], Object(Closure))
 5 SYSTEMPATH\Router\RouteCollection.php(800): App\Config\Routes\AdminRoutes::App\Config\Routes\{closure}(Object(CodeIgniter\Router\RouteCollection))
 6 APPPATH\Config\Routes\AdminRoutes.php(28): CodeIgniter\Router\RouteCollection->group('admin', [...], Object(Closure))
 7 APPPATH\Config\Routes.php(20): App\Config\Routes\AdminRoutes::init(Object(CodeIgniter\Router\RouteCollection))
 8 SYSTEMPATH\Router\RouteCollection.php(340): require('C:\\xampp\\htdocs\\smartstore\\app\\Config\\Routes.php')
 9 SYSTEMPATH\CodeIgniter.php(823): CodeIgniter\Router\RouteCollection->loadRoutes()
10 SYSTEMPATH\CodeIgniter.php(457): CodeIgniter\CodeIgniter->tryToRouteIt(null)
11 SYSTEMPATH\CodeIgniter.php(355): CodeIgniter\CodeIgniter->handleRequest(null, Object(Config\Cache), false)
12 SYSTEMPATH\Boot.php(325): CodeIgniter\CodeIgniter->run()
13 SYSTEMPATH\Boot.php(67): CodeIgniter\Boot::runCodeIgniter(Object(CodeIgniter\CodeIgniter))
14 FCPATH\index.php(63): CodeIgniter\Boot::bootWeb(Object(Config\Paths))
WARNING - 2025-06-05 14:20:27 --> [DEPRECATED] Passing lowercase HTTP method "post" is deprecated. Use uppercase HTTP method like "POST". in SYSTEMPATH\Router\RouteCollection.php on line 1027.
 1 SYSTEMPATH\Router\RouteCollection.php(1027): trigger_error('Passing lowercase HTTP method "post" is deprecated. Use uppercase HTTP method like "POST".', 16384)
 2 APPPATH\Config\Routes\AdminRoutes.php(76): CodeIgniter\Router\RouteCollection->match([...], 'elfinder_connector', 'FilemanagerController::elfinder_connector')
 3 SYSTEMPATH\Router\RouteCollection.php(800): App\Config\Routes\AdminRoutes::App\Config\Routes\{closure}(Object(CodeIgniter\Router\RouteCollection))
 4 APPPATH\Config\Routes\AdminRoutes.php(73): CodeIgniter\Router\RouteCollection->group('filemanager', [...], Object(Closure))
 5 SYSTEMPATH\Router\RouteCollection.php(800): App\Config\Routes\AdminRoutes::App\Config\Routes\{closure}(Object(CodeIgniter\Router\RouteCollection))
 6 APPPATH\Config\Routes\AdminRoutes.php(28): CodeIgniter\Router\RouteCollection->group('admin', [...], Object(Closure))
 7 APPPATH\Config\Routes.php(20): App\Config\Routes\AdminRoutes::init(Object(CodeIgniter\Router\RouteCollection))
 8 SYSTEMPATH\Router\RouteCollection.php(340): require('C:\\xampp\\htdocs\\smartstore\\app\\Config\\Routes.php')
 9 SYSTEMPATH\CodeIgniter.php(823): CodeIgniter\Router\RouteCollection->loadRoutes()
10 SYSTEMPATH\CodeIgniter.php(457): CodeIgniter\CodeIgniter->tryToRouteIt(null)
11 SYSTEMPATH\CodeIgniter.php(355): CodeIgniter\CodeIgniter->handleRequest(null, Object(Config\Cache), false)
12 SYSTEMPATH\Boot.php(325): CodeIgniter\CodeIgniter->run()
13 SYSTEMPATH\Boot.php(67): CodeIgniter\Boot::runCodeIgniter(Object(CodeIgniter\CodeIgniter))
14 FCPATH\index.php(63): CodeIgniter\Boot::bootWeb(Object(Config\Paths))
WARNING - 2025-06-05 14:20:27 --> [DEPRECATED] Passing lowercase HTTP method "get" is deprecated. Use uppercase HTTP method like "GET". in SYSTEMPATH\Router\RouteCollection.php on line 1027.
 1 SYSTEMPATH\Router\RouteCollection.php(1027): trigger_error('Passing lowercase HTTP method "get" is deprecated. Use uppercase HTTP method like "GET".', 16384)
 2 APPPATH\Config\Routes\AdminRoutes.php(172): CodeIgniter\Router\RouteCollection->match([...], 'sync_services/?(:num)?', 'ProvidersController::sync_services/$1')
 3 SYSTEMPATH\Router\RouteCollection.php(800): App\Config\Routes\AdminRoutes::App\Config\Routes\{closure}(Object(CodeIgniter\Router\RouteCollection))
 4 APPPATH\Config\Routes\AdminRoutes.php(167): CodeIgniter\Router\RouteCollection->group('providers', [...], Object(Closure))
 5 SYSTEMPATH\Router\RouteCollection.php(800): App\Config\Routes\AdminRoutes::App\Config\Routes\{closure}(Object(CodeIgniter\Router\RouteCollection))
 6 APPPATH\Config\Routes\AdminRoutes.php(28): CodeIgniter\Router\RouteCollection->group('admin', [...], Object(Closure))
 7 APPPATH\Config\Routes.php(20): App\Config\Routes\AdminRoutes::init(Object(CodeIgniter\Router\RouteCollection))
 8 SYSTEMPATH\Router\RouteCollection.php(340): require('C:\\xampp\\htdocs\\smartstore\\app\\Config\\Routes.php')
 9 SYSTEMPATH\CodeIgniter.php(823): CodeIgniter\Router\RouteCollection->loadRoutes()
10 SYSTEMPATH\CodeIgniter.php(457): CodeIgniter\CodeIgniter->tryToRouteIt(null)
11 SYSTEMPATH\CodeIgniter.php(355): CodeIgniter\CodeIgniter->handleRequest(null, Object(Config\Cache), false)
12 SYSTEMPATH\Boot.php(325): CodeIgniter\CodeIgniter->run()
13 SYSTEMPATH\Boot.php(67): CodeIgniter\Boot::runCodeIgniter(Object(CodeIgniter\CodeIgniter))
14 FCPATH\index.php(63): CodeIgniter\Boot::bootWeb(Object(Config\Paths))
WARNING - 2025-06-05 14:20:27 --> [DEPRECATED] Passing lowercase HTTP method "post" is deprecated. Use uppercase HTTP method like "POST". in SYSTEMPATH\Router\RouteCollection.php on line 1027.
 1 SYSTEMPATH\Router\RouteCollection.php(1027): trigger_error('Passing lowercase HTTP method "post" is deprecated. Use uppercase HTTP method like "POST".', 16384)
 2 APPPATH\Config\Routes\AdminRoutes.php(172): CodeIgniter\Router\RouteCollection->match([...], 'sync_services/?(:num)?', 'ProvidersController::sync_services/$1')
 3 SYSTEMPATH\Router\RouteCollection.php(800): App\Config\Routes\AdminRoutes::App\Config\Routes\{closure}(Object(CodeIgniter\Router\RouteCollection))
 4 APPPATH\Config\Routes\AdminRoutes.php(167): CodeIgniter\Router\RouteCollection->group('providers', [...], Object(Closure))
 5 SYSTEMPATH\Router\RouteCollection.php(800): App\Config\Routes\AdminRoutes::App\Config\Routes\{closure}(Object(CodeIgniter\Router\RouteCollection))
 6 APPPATH\Config\Routes\AdminRoutes.php(28): CodeIgniter\Router\RouteCollection->group('admin', [...], Object(Closure))
 7 APPPATH\Config\Routes.php(20): App\Config\Routes\AdminRoutes::init(Object(CodeIgniter\Router\RouteCollection))
 8 SYSTEMPATH\Router\RouteCollection.php(340): require('C:\\xampp\\htdocs\\smartstore\\app\\Config\\Routes.php')
 9 SYSTEMPATH\CodeIgniter.php(823): CodeIgniter\Router\RouteCollection->loadRoutes()
10 SYSTEMPATH\CodeIgniter.php(457): CodeIgniter\CodeIgniter->tryToRouteIt(null)
11 SYSTEMPATH\CodeIgniter.php(355): CodeIgniter\CodeIgniter->handleRequest(null, Object(Config\Cache), false)
12 SYSTEMPATH\Boot.php(325): CodeIgniter\CodeIgniter->run()
13 SYSTEMPATH\Boot.php(67): CodeIgniter\Boot::runCodeIgniter(Object(CodeIgniter\CodeIgniter))
14 FCPATH\index.php(63): CodeIgniter\Boot::bootWeb(Object(Config\Paths))
WARNING - 2025-06-05 14:20:27 --> [DEPRECATED] Passing lowercase HTTP method "get" is deprecated. Use uppercase HTTP method like "GET". in SYSTEMPATH\Router\RouteCollection.php on line 1027.
 1 SYSTEMPATH\Router\RouteCollection.php(1027): trigger_error('Passing lowercase HTTP method "get" is deprecated. Use uppercase HTTP method like "GET".', 16384)
 2 APPPATH\Config\Routes\AdminRoutes.php(185): CodeIgniter\Router\RouteCollection->match([...], 'add_note/?(:num)?', 'UsersController::add_note/$1')
 3 SYSTEMPATH\Router\RouteCollection.php(800): App\Config\Routes\AdminRoutes::App\Config\Routes\{closure}(Object(CodeIgniter\Router\RouteCollection))
 4 APPPATH\Config\Routes\AdminRoutes.php(182): CodeIgniter\Router\RouteCollection->group('users', [...], Object(Closure))
 5 SYSTEMPATH\Router\RouteCollection.php(800): App\Config\Routes\AdminRoutes::App\Config\Routes\{closure}(Object(CodeIgniter\Router\RouteCollection))
 6 APPPATH\Config\Routes\AdminRoutes.php(28): CodeIgniter\Router\RouteCollection->group('admin', [...], Object(Closure))
 7 APPPATH\Config\Routes.php(20): App\Config\Routes\AdminRoutes::init(Object(CodeIgniter\Router\RouteCollection))
 8 SYSTEMPATH\Router\RouteCollection.php(340): require('C:\\xampp\\htdocs\\smartstore\\app\\Config\\Routes.php')
 9 SYSTEMPATH\CodeIgniter.php(823): CodeIgniter\Router\RouteCollection->loadRoutes()
10 SYSTEMPATH\CodeIgniter.php(457): CodeIgniter\CodeIgniter->tryToRouteIt(null)
11 SYSTEMPATH\CodeIgniter.php(355): CodeIgniter\CodeIgniter->handleRequest(null, Object(Config\Cache), false)
12 SYSTEMPATH\Boot.php(325): CodeIgniter\CodeIgniter->run()
13 SYSTEMPATH\Boot.php(67): CodeIgniter\Boot::runCodeIgniter(Object(CodeIgniter\CodeIgniter))
14 FCPATH\index.php(63): CodeIgniter\Boot::bootWeb(Object(Config\Paths))
WARNING - 2025-06-05 14:20:27 --> [DEPRECATED] Passing lowercase HTTP method "post" is deprecated. Use uppercase HTTP method like "POST". in SYSTEMPATH\Router\RouteCollection.php on line 1027.
 1 SYSTEMPATH\Router\RouteCollection.php(1027): trigger_error('Passing lowercase HTTP method "post" is deprecated. Use uppercase HTTP method like "POST".', 16384)
 2 APPPATH\Config\Routes\AdminRoutes.php(185): CodeIgniter\Router\RouteCollection->match([...], 'add_note/?(:num)?', 'UsersController::add_note/$1')
 3 SYSTEMPATH\Router\RouteCollection.php(800): App\Config\Routes\AdminRoutes::App\Config\Routes\{closure}(Object(CodeIgniter\Router\RouteCollection))
 4 APPPATH\Config\Routes\AdminRoutes.php(182): CodeIgniter\Router\RouteCollection->group('users', [...], Object(Closure))
 5 SYSTEMPATH\Router\RouteCollection.php(800): App\Config\Routes\AdminRoutes::App\Config\Routes\{closure}(Object(CodeIgniter\Router\RouteCollection))
 6 APPPATH\Config\Routes\AdminRoutes.php(28): CodeIgniter\Router\RouteCollection->group('admin', [...], Object(Closure))
 7 APPPATH\Config\Routes.php(20): App\Config\Routes\AdminRoutes::init(Object(CodeIgniter\Router\RouteCollection))
 8 SYSTEMPATH\Router\RouteCollection.php(340): require('C:\\xampp\\htdocs\\smartstore\\app\\Config\\Routes.php')
 9 SYSTEMPATH\CodeIgniter.php(823): CodeIgniter\Router\RouteCollection->loadRoutes()
10 SYSTEMPATH\CodeIgniter.php(457): CodeIgniter\CodeIgniter->tryToRouteIt(null)
11 SYSTEMPATH\CodeIgniter.php(355): CodeIgniter\CodeIgniter->handleRequest(null, Object(Config\Cache), false)
12 SYSTEMPATH\Boot.php(325): CodeIgniter\CodeIgniter->run()
13 SYSTEMPATH\Boot.php(67): CodeIgniter\Boot::runCodeIgniter(Object(CodeIgniter\CodeIgniter))
14 FCPATH\index.php(63): CodeIgniter\Boot::bootWeb(Object(Config\Paths))
WARNING - 2025-06-05 14:20:27 --> [DEPRECATED] Passing lowercase HTTP method "get" is deprecated. Use uppercase HTTP method like "GET". in SYSTEMPATH\Router\RouteCollection.php on line 1027.
 1 SYSTEMPATH\Router\RouteCollection.php(1027): trigger_error('Passing lowercase HTTP method "get" is deprecated. Use uppercase HTTP method like "GET".', 16384)
 2 APPPATH\Config\Routes\AdminRoutes.php(186): CodeIgniter\Router\RouteCollection->match([...], 'send_mail/?(:num)?', 'UsersController::send_mail/$1')
 3 SYSTEMPATH\Router\RouteCollection.php(800): App\Config\Routes\AdminRoutes::App\Config\Routes\{closure}(Object(CodeIgniter\Router\RouteCollection))
 4 APPPATH\Config\Routes\AdminRoutes.php(182): CodeIgniter\Router\RouteCollection->group('users', [...], Object(Closure))
 5 SYSTEMPATH\Router\RouteCollection.php(800): App\Config\Routes\AdminRoutes::App\Config\Routes\{closure}(Object(CodeIgniter\Router\RouteCollection))
 6 APPPATH\Config\Routes\AdminRoutes.php(28): CodeIgniter\Router\RouteCollection->group('admin', [...], Object(Closure))
 7 APPPATH\Config\Routes.php(20): App\Config\Routes\AdminRoutes::init(Object(CodeIgniter\Router\RouteCollection))
 8 SYSTEMPATH\Router\RouteCollection.php(340): require('C:\\xampp\\htdocs\\smartstore\\app\\Config\\Routes.php')
 9 SYSTEMPATH\CodeIgniter.php(823): CodeIgniter\Router\RouteCollection->loadRoutes()
10 SYSTEMPATH\CodeIgniter.php(457): CodeIgniter\CodeIgniter->tryToRouteIt(null)
11 SYSTEMPATH\CodeIgniter.php(355): CodeIgniter\CodeIgniter->handleRequest(null, Object(Config\Cache), false)
12 SYSTEMPATH\Boot.php(325): CodeIgniter\CodeIgniter->run()
13 SYSTEMPATH\Boot.php(67): CodeIgniter\Boot::runCodeIgniter(Object(CodeIgniter\CodeIgniter))
14 FCPATH\index.php(63): CodeIgniter\Boot::bootWeb(Object(Config\Paths))
WARNING - 2025-06-05 14:20:27 --> [DEPRECATED] Passing lowercase HTTP method "post" is deprecated. Use uppercase HTTP method like "POST". in SYSTEMPATH\Router\RouteCollection.php on line 1027.
 1 SYSTEMPATH\Router\RouteCollection.php(1027): trigger_error('Passing lowercase HTTP method "post" is deprecated. Use uppercase HTTP method like "POST".', 16384)
 2 APPPATH\Config\Routes\AdminRoutes.php(186): CodeIgniter\Router\RouteCollection->match([...], 'send_mail/?(:num)?', 'UsersController::send_mail/$1')
 3 SYSTEMPATH\Router\RouteCollection.php(800): App\Config\Routes\AdminRoutes::App\Config\Routes\{closure}(Object(CodeIgniter\Router\RouteCollection))
 4 APPPATH\Config\Routes\AdminRoutes.php(182): CodeIgniter\Router\RouteCollection->group('users', [...], Object(Closure))
 5 SYSTEMPATH\Router\RouteCollection.php(800): App\Config\Routes\AdminRoutes::App\Config\Routes\{closure}(Object(CodeIgniter\Router\RouteCollection))
 6 APPPATH\Config\Routes\AdminRoutes.php(28): CodeIgniter\Router\RouteCollection->group('admin', [...], Object(Closure))
 7 APPPATH\Config\Routes.php(20): App\Config\Routes\AdminRoutes::init(Object(CodeIgniter\Router\RouteCollection))
 8 SYSTEMPATH\Router\RouteCollection.php(340): require('C:\\xampp\\htdocs\\smartstore\\app\\Config\\Routes.php')
 9 SYSTEMPATH\CodeIgniter.php(823): CodeIgniter\Router\RouteCollection->loadRoutes()
10 SYSTEMPATH\CodeIgniter.php(457): CodeIgniter\CodeIgniter->tryToRouteIt(null)
11 SYSTEMPATH\CodeIgniter.php(355): CodeIgniter\CodeIgniter->handleRequest(null, Object(Config\Cache), false)
12 SYSTEMPATH\Boot.php(325): CodeIgniter\CodeIgniter->run()
13 SYSTEMPATH\Boot.php(67): CodeIgniter\Boot::runCodeIgniter(Object(CodeIgniter\CodeIgniter))
14 FCPATH\index.php(63): CodeIgniter\Boot::bootWeb(Object(Config\Paths))
WARNING - 2025-06-05 14:20:27 --> [DEPRECATED] Passing lowercase HTTP method "get" is deprecated. Use uppercase HTTP method like "GET". in SYSTEMPATH\Router\RouteCollection.php on line 1027.
 1 SYSTEMPATH\Router\RouteCollection.php(1027): trigger_error('Passing lowercase HTTP method "get" is deprecated. Use uppercase HTTP method like "GET".', 16384)
 2 APPPATH\Config\Routes\AdminRoutes.php(215): CodeIgniter\Router\RouteCollection->match([...], 'send_mail/?(:num)?', 'TicketsController::send_mail/$1')
 3 SYSTEMPATH\Router\RouteCollection.php(800): App\Config\Routes\AdminRoutes::App\Config\Routes\{closure}(Object(CodeIgniter\Router\RouteCollection))
 4 APPPATH\Config\Routes\AdminRoutes.php(212): CodeIgniter\Router\RouteCollection->group('tickets', [...], Object(Closure))
 5 SYSTEMPATH\Router\RouteCollection.php(800): App\Config\Routes\AdminRoutes::App\Config\Routes\{closure}(Object(CodeIgniter\Router\RouteCollection))
 6 APPPATH\Config\Routes\AdminRoutes.php(28): CodeIgniter\Router\RouteCollection->group('admin', [...], Object(Closure))
 7 APPPATH\Config\Routes.php(20): App\Config\Routes\AdminRoutes::init(Object(CodeIgniter\Router\RouteCollection))
 8 SYSTEMPATH\Router\RouteCollection.php(340): require('C:\\xampp\\htdocs\\smartstore\\app\\Config\\Routes.php')
 9 SYSTEMPATH\CodeIgniter.php(823): CodeIgniter\Router\RouteCollection->loadRoutes()
10 SYSTEMPATH\CodeIgniter.php(457): CodeIgniter\CodeIgniter->tryToRouteIt(null)
11 SYSTEMPATH\CodeIgniter.php(355): CodeIgniter\CodeIgniter->handleRequest(null, Object(Config\Cache), false)
12 SYSTEMPATH\Boot.php(325): CodeIgniter\CodeIgniter->run()
13 SYSTEMPATH\Boot.php(67): CodeIgniter\Boot::runCodeIgniter(Object(CodeIgniter\CodeIgniter))
14 FCPATH\index.php(63): CodeIgniter\Boot::bootWeb(Object(Config\Paths))
WARNING - 2025-06-05 14:20:27 --> [DEPRECATED] Passing lowercase HTTP method "post" is deprecated. Use uppercase HTTP method like "POST". in SYSTEMPATH\Router\RouteCollection.php on line 1027.
 1 SYSTEMPATH\Router\RouteCollection.php(1027): trigger_error('Passing lowercase HTTP method "post" is deprecated. Use uppercase HTTP method like "POST".', 16384)
 2 APPPATH\Config\Routes\AdminRoutes.php(215): CodeIgniter\Router\RouteCollection->match([...], 'send_mail/?(:num)?', 'TicketsController::send_mail/$1')
 3 SYSTEMPATH\Router\RouteCollection.php(800): App\Config\Routes\AdminRoutes::App\Config\Routes\{closure}(Object(CodeIgniter\Router\RouteCollection))
 4 APPPATH\Config\Routes\AdminRoutes.php(212): CodeIgniter\Router\RouteCollection->group('tickets', [...], Object(Closure))
 5 SYSTEMPATH\Router\RouteCollection.php(800): App\Config\Routes\AdminRoutes::App\Config\Routes\{closure}(Object(CodeIgniter\Router\RouteCollection))
 6 APPPATH\Config\Routes\AdminRoutes.php(28): CodeIgniter\Router\RouteCollection->group('admin', [...], Object(Closure))
 7 APPPATH\Config\Routes.php(20): App\Config\Routes\AdminRoutes::init(Object(CodeIgniter\Router\RouteCollection))
 8 SYSTEMPATH\Router\RouteCollection.php(340): require('C:\\xampp\\htdocs\\smartstore\\app\\Config\\Routes.php')
 9 SYSTEMPATH\CodeIgniter.php(823): CodeIgniter\Router\RouteCollection->loadRoutes()
10 SYSTEMPATH\CodeIgniter.php(457): CodeIgniter\CodeIgniter->tryToRouteIt(null)
11 SYSTEMPATH\CodeIgniter.php(355): CodeIgniter\CodeIgniter->handleRequest(null, Object(Config\Cache), false)
12 SYSTEMPATH\Boot.php(325): CodeIgniter\CodeIgniter->run()
13 SYSTEMPATH\Boot.php(67): CodeIgniter\Boot::runCodeIgniter(Object(CodeIgniter\CodeIgniter))
14 FCPATH\index.php(63): CodeIgniter\Boot::bootWeb(Object(Config\Paths))
WARNING - 2025-06-05 14:20:27 --> [DEPRECATED] Passing lowercase HTTP method "get" is deprecated. Use uppercase HTTP method like "GET". in SYSTEMPATH\Router\RouteCollection.php on line 1027.
 1 SYSTEMPATH\Router\RouteCollection.php(1027): trigger_error('Passing lowercase HTTP method "get" is deprecated. Use uppercase HTTP method like "GET".', 16384)
 2 APPPATH\Config\Routes\UserRoutes.php(49): CodeIgniter\Router\RouteCollection->match([...], 'submit_review', 'ClientController::submit_review', [...])
 3 APPPATH\Config\Routes\UserRoutes.php(23): App\Config\Routes\UserRoutes::defineRoutes(Object(CodeIgniter\Router\RouteCollection))
 4 APPPATH\Config\Routes.php(21): App\Config\Routes\UserRoutes::init(Object(CodeIgniter\Router\RouteCollection))
 5 SYSTEMPATH\Router\RouteCollection.php(340): require('C:\\xampp\\htdocs\\smartstore\\app\\Config\\Routes.php')
 6 SYSTEMPATH\CodeIgniter.php(823): CodeIgniter\Router\RouteCollection->loadRoutes()
 7 SYSTEMPATH\CodeIgniter.php(457): CodeIgniter\CodeIgniter->tryToRouteIt(null)
 8 SYSTEMPATH\CodeIgniter.php(355): CodeIgniter\CodeIgniter->handleRequest(null, Object(Config\Cache), false)
 9 SYSTEMPATH\Boot.php(325): CodeIgniter\CodeIgniter->run()
10 SYSTEMPATH\Boot.php(67): CodeIgniter\Boot::runCodeIgniter(Object(CodeIgniter\CodeIgniter))
11 FCPATH\index.php(63): CodeIgniter\Boot::bootWeb(Object(Config\Paths))
WARNING - 2025-06-05 14:20:27 --> [DEPRECATED] Passing lowercase HTTP method "post" is deprecated. Use uppercase HTTP method like "POST". in SYSTEMPATH\Router\RouteCollection.php on line 1027.
 1 SYSTEMPATH\Router\RouteCollection.php(1027): trigger_error('Passing lowercase HTTP method "post" is deprecated. Use uppercase HTTP method like "POST".', 16384)
 2 APPPATH\Config\Routes\UserRoutes.php(49): CodeIgniter\Router\RouteCollection->match([...], 'submit_review', 'ClientController::submit_review', [...])
 3 APPPATH\Config\Routes\UserRoutes.php(23): App\Config\Routes\UserRoutes::defineRoutes(Object(CodeIgniter\Router\RouteCollection))
 4 APPPATH\Config\Routes.php(21): App\Config\Routes\UserRoutes::init(Object(CodeIgniter\Router\RouteCollection))
 5 SYSTEMPATH\Router\RouteCollection.php(340): require('C:\\xampp\\htdocs\\smartstore\\app\\Config\\Routes.php')
 6 SYSTEMPATH\CodeIgniter.php(823): CodeIgniter\Router\RouteCollection->loadRoutes()
 7 SYSTEMPATH\CodeIgniter.php(457): CodeIgniter\CodeIgniter->tryToRouteIt(null)
 8 SYSTEMPATH\CodeIgniter.php(355): CodeIgniter\CodeIgniter->handleRequest(null, Object(Config\Cache), false)
 9 SYSTEMPATH\Boot.php(325): CodeIgniter\CodeIgniter->run()
10 SYSTEMPATH\Boot.php(67): CodeIgniter\Boot::runCodeIgniter(Object(CodeIgniter\CodeIgniter))
11 FCPATH\index.php(63): CodeIgniter\Boot::bootWeb(Object(Config\Paths))
WARNING - 2025-06-05 14:20:27 --> [DEPRECATED] Passing lowercase HTTP method "get" is deprecated. Use uppercase HTTP method like "GET". in SYSTEMPATH\Router\RouteCollection.php on line 1027.
 1 SYSTEMPATH\Router\RouteCollection.php(1027): trigger_error('Passing lowercase HTTP method "get" is deprecated. Use uppercase HTTP method like "GET".', 16384)
 2 APPPATH\Config\Routes\UserRoutes.php(63): CodeIgniter\Router\RouteCollection->match([...], 'track-order', 'OrderController::track_order', [...])
 3 APPPATH\Config\Routes\UserRoutes.php(23): App\Config\Routes\UserRoutes::defineRoutes(Object(CodeIgniter\Router\RouteCollection))
 4 APPPATH\Config\Routes.php(21): App\Config\Routes\UserRoutes::init(Object(CodeIgniter\Router\RouteCollection))
 5 SYSTEMPATH\Router\RouteCollection.php(340): require('C:\\xampp\\htdocs\\smartstore\\app\\Config\\Routes.php')
 6 SYSTEMPATH\CodeIgniter.php(823): CodeIgniter\Router\RouteCollection->loadRoutes()
 7 SYSTEMPATH\CodeIgniter.php(457): CodeIgniter\CodeIgniter->tryToRouteIt(null)
 8 SYSTEMPATH\CodeIgniter.php(355): CodeIgniter\CodeIgniter->handleRequest(null, Object(Config\Cache), false)
 9 SYSTEMPATH\Boot.php(325): CodeIgniter\CodeIgniter->run()
10 SYSTEMPATH\Boot.php(67): CodeIgniter\Boot::runCodeIgniter(Object(CodeIgniter\CodeIgniter))
11 FCPATH\index.php(63): CodeIgniter\Boot::bootWeb(Object(Config\Paths))
WARNING - 2025-06-05 14:20:27 --> [DEPRECATED] Passing lowercase HTTP method "post" is deprecated. Use uppercase HTTP method like "POST". in SYSTEMPATH\Router\RouteCollection.php on line 1027.
 1 SYSTEMPATH\Router\RouteCollection.php(1027): trigger_error('Passing lowercase HTTP method "post" is deprecated. Use uppercase HTTP method like "POST".', 16384)
 2 APPPATH\Config\Routes\UserRoutes.php(63): CodeIgniter\Router\RouteCollection->match([...], 'track-order', 'OrderController::track_order', [...])
 3 APPPATH\Config\Routes\UserRoutes.php(23): App\Config\Routes\UserRoutes::defineRoutes(Object(CodeIgniter\Router\RouteCollection))
 4 APPPATH\Config\Routes.php(21): App\Config\Routes\UserRoutes::init(Object(CodeIgniter\Router\RouteCollection))
 5 SYSTEMPATH\Router\RouteCollection.php(340): require('C:\\xampp\\htdocs\\smartstore\\app\\Config\\Routes.php')
 6 SYSTEMPATH\CodeIgniter.php(823): CodeIgniter\Router\RouteCollection->loadRoutes()
 7 SYSTEMPATH\CodeIgniter.php(457): CodeIgniter\CodeIgniter->tryToRouteIt(null)
 8 SYSTEMPATH\CodeIgniter.php(355): CodeIgniter\CodeIgniter->handleRequest(null, Object(Config\Cache), false)
 9 SYSTEMPATH\Boot.php(325): CodeIgniter\CodeIgniter->run()
10 SYSTEMPATH\Boot.php(67): CodeIgniter\Boot::runCodeIgniter(Object(CodeIgniter\CodeIgniter))
11 FCPATH\index.php(63): CodeIgniter\Boot::bootWeb(Object(Config\Paths))
WARNING - 2025-06-05 14:20:27 --> [DEPRECATED] Passing lowercase HTTP method "get" is deprecated. Use uppercase HTTP method like "GET". in SYSTEMPATH\Router\RouteCollection.php on line 1027.
 1 SYSTEMPATH\Router\RouteCollection.php(1027): trigger_error('Passing lowercase HTTP method "get" is deprecated. Use uppercase HTTP method like "GET".', 16384)
 2 APPPATH\Config\Routes\UserRoutes.php(49): CodeIgniter\Router\RouteCollection->match([...], 'submit_review', 'ClientController::submit_review', [...])
 3 APPPATH\Config\Routes\UserRoutes.php(26): App\Config\Routes\UserRoutes::defineRoutes(Object(CodeIgniter\Router\RouteCollection))
 4 SYSTEMPATH\Router\RouteCollection.php(800): App\Config\Routes\UserRoutes::App\Config\Routes\{closure}(Object(CodeIgniter\Router\RouteCollection))
 5 APPPATH\Config\Routes\UserRoutes.php(25): CodeIgniter\Router\RouteCollection->group('{locale}', Object(Closure))
 6 APPPATH\Config\Routes.php(21): App\Config\Routes\UserRoutes::init(Object(CodeIgniter\Router\RouteCollection))
 7 SYSTEMPATH\Router\RouteCollection.php(340): require('C:\\xampp\\htdocs\\smartstore\\app\\Config\\Routes.php')
 8 SYSTEMPATH\CodeIgniter.php(823): CodeIgniter\Router\RouteCollection->loadRoutes()
 9 SYSTEMPATH\CodeIgniter.php(457): CodeIgniter\CodeIgniter->tryToRouteIt(null)
10 SYSTEMPATH\CodeIgniter.php(355): CodeIgniter\CodeIgniter->handleRequest(null, Object(Config\Cache), false)
11 SYSTEMPATH\Boot.php(325): CodeIgniter\CodeIgniter->run()
12 SYSTEMPATH\Boot.php(67): CodeIgniter\Boot::runCodeIgniter(Object(CodeIgniter\CodeIgniter))
13 FCPATH\index.php(63): CodeIgniter\Boot::bootWeb(Object(Config\Paths))
WARNING - 2025-06-05 14:20:27 --> [DEPRECATED] Passing lowercase HTTP method "post" is deprecated. Use uppercase HTTP method like "POST". in SYSTEMPATH\Router\RouteCollection.php on line 1027.
 1 SYSTEMPATH\Router\RouteCollection.php(1027): trigger_error('Passing lowercase HTTP method "post" is deprecated. Use uppercase HTTP method like "POST".', 16384)
 2 APPPATH\Config\Routes\UserRoutes.php(49): CodeIgniter\Router\RouteCollection->match([...], 'submit_review', 'ClientController::submit_review', [...])
 3 APPPATH\Config\Routes\UserRoutes.php(26): App\Config\Routes\UserRoutes::defineRoutes(Object(CodeIgniter\Router\RouteCollection))
 4 SYSTEMPATH\Router\RouteCollection.php(800): App\Config\Routes\UserRoutes::App\Config\Routes\{closure}(Object(CodeIgniter\Router\RouteCollection))
 5 APPPATH\Config\Routes\UserRoutes.php(25): CodeIgniter\Router\RouteCollection->group('{locale}', Object(Closure))
 6 APPPATH\Config\Routes.php(21): App\Config\Routes\UserRoutes::init(Object(CodeIgniter\Router\RouteCollection))
 7 SYSTEMPATH\Router\RouteCollection.php(340): require('C:\\xampp\\htdocs\\smartstore\\app\\Config\\Routes.php')
 8 SYSTEMPATH\CodeIgniter.php(823): CodeIgniter\Router\RouteCollection->loadRoutes()
 9 SYSTEMPATH\CodeIgniter.php(457): CodeIgniter\CodeIgniter->tryToRouteIt(null)
10 SYSTEMPATH\CodeIgniter.php(355): CodeIgniter\CodeIgniter->handleRequest(null, Object(Config\Cache), false)
11 SYSTEMPATH\Boot.php(325): CodeIgniter\CodeIgniter->run()
12 SYSTEMPATH\Boot.php(67): CodeIgniter\Boot::runCodeIgniter(Object(CodeIgniter\CodeIgniter))
13 FCPATH\index.php(63): CodeIgniter\Boot::bootWeb(Object(Config\Paths))
WARNING - 2025-06-05 14:20:27 --> [DEPRECATED] Passing lowercase HTTP method "get" is deprecated. Use uppercase HTTP method like "GET". in SYSTEMPATH\Router\RouteCollection.php on line 1027.
 1 SYSTEMPATH\Router\RouteCollection.php(1027): trigger_error('Passing lowercase HTTP method "get" is deprecated. Use uppercase HTTP method like "GET".', 16384)
 2 APPPATH\Config\Routes\UserRoutes.php(63): CodeIgniter\Router\RouteCollection->match([...], 'track-order', 'OrderController::track_order', [...])
 3 APPPATH\Config\Routes\UserRoutes.php(26): App\Config\Routes\UserRoutes::defineRoutes(Object(CodeIgniter\Router\RouteCollection))
 4 SYSTEMPATH\Router\RouteCollection.php(800): App\Config\Routes\UserRoutes::App\Config\Routes\{closure}(Object(CodeIgniter\Router\RouteCollection))
 5 APPPATH\Config\Routes\UserRoutes.php(25): CodeIgniter\Router\RouteCollection->group('{locale}', Object(Closure))
 6 APPPATH\Config\Routes.php(21): App\Config\Routes\UserRoutes::init(Object(CodeIgniter\Router\RouteCollection))
 7 SYSTEMPATH\Router\RouteCollection.php(340): require('C:\\xampp\\htdocs\\smartstore\\app\\Config\\Routes.php')
 8 SYSTEMPATH\CodeIgniter.php(823): CodeIgniter\Router\RouteCollection->loadRoutes()
 9 SYSTEMPATH\CodeIgniter.php(457): CodeIgniter\CodeIgniter->tryToRouteIt(null)
10 SYSTEMPATH\CodeIgniter.php(355): CodeIgniter\CodeIgniter->handleRequest(null, Object(Config\Cache), false)
11 SYSTEMPATH\Boot.php(325): CodeIgniter\CodeIgniter->run()
12 SYSTEMPATH\Boot.php(67): CodeIgniter\Boot::runCodeIgniter(Object(CodeIgniter\CodeIgniter))
13 FCPATH\index.php(63): CodeIgniter\Boot::bootWeb(Object(Config\Paths))
WARNING - 2025-06-05 14:20:27 --> [DEPRECATED] Passing lowercase HTTP method "post" is deprecated. Use uppercase HTTP method like "POST". in SYSTEMPATH\Router\RouteCollection.php on line 1027.
 1 SYSTEMPATH\Router\RouteCollection.php(1027): trigger_error('Passing lowercase HTTP method "post" is deprecated. Use uppercase HTTP method like "POST".', 16384)
 2 APPPATH\Config\Routes\UserRoutes.php(63): CodeIgniter\Router\RouteCollection->match([...], 'track-order', 'OrderController::track_order', [...])
 3 APPPATH\Config\Routes\UserRoutes.php(26): App\Config\Routes\UserRoutes::defineRoutes(Object(CodeIgniter\Router\RouteCollection))
 4 SYSTEMPATH\Router\RouteCollection.php(800): App\Config\Routes\UserRoutes::App\Config\Routes\{closure}(Object(CodeIgniter\Router\RouteCollection))
 5 APPPATH\Config\Routes\UserRoutes.php(25): CodeIgniter\Router\RouteCollection->group('{locale}', Object(Closure))
 6 APPPATH\Config\Routes.php(21): App\Config\Routes\UserRoutes::init(Object(CodeIgniter\Router\RouteCollection))
 7 SYSTEMPATH\Router\RouteCollection.php(340): require('C:\\xampp\\htdocs\\smartstore\\app\\Config\\Routes.php')
 8 SYSTEMPATH\CodeIgniter.php(823): CodeIgniter\Router\RouteCollection->loadRoutes()
 9 SYSTEMPATH\CodeIgniter.php(457): CodeIgniter\CodeIgniter->tryToRouteIt(null)
10 SYSTEMPATH\CodeIgniter.php(355): CodeIgniter\CodeIgniter->handleRequest(null, Object(Config\Cache), false)
11 SYSTEMPATH\Boot.php(325): CodeIgniter\CodeIgniter->run()
12 SYSTEMPATH\Boot.php(67): CodeIgniter\Boot::runCodeIgniter(Object(CodeIgniter\CodeIgniter))
13 FCPATH\index.php(63): CodeIgniter\Boot::bootWeb(Object(Config\Paths))
INFO - 2025-06-05 14:20:27 --> Session: Class initialized using 'CodeIgniter\Session\Handlers\FileHandler' driver.
WARNING - 2025-06-05 14:20:27 --> [DEPRECATED] Creation of dynamic property App\Controllers\Public\PageController::$load_files is deprecated in APPPATH\Controllers\Public\PageController.php on line 21.
 1 SYSTEMPATH\CodeIgniter.php(903): App\Controllers\Public\PageController->__construct()
 2 SYSTEMPATH\CodeIgniter.php(500): CodeIgniter\CodeIgniter->createController()
 3 SYSTEMPATH\CodeIgniter.php(355): CodeIgniter\CodeIgniter->handleRequest(null, Object(Config\Cache), false)
 4 SYSTEMPATH\Boot.php(325): CodeIgniter\CodeIgniter->run()
 5 SYSTEMPATH\Boot.php(67): CodeIgniter\Boot::runCodeIgniter(Object(CodeIgniter\CodeIgniter))
 6 FCPATH\index.php(63): CodeIgniter\Boot::bootWeb(Object(Config\Paths))
WARNING - 2025-06-05 14:20:27 --> [DEPRECATED] Creation of dynamic property App\Controllers\Public\PageController::$page_title is deprecated in APPPATH\Controllers\Public\PageController.php on line 22.
 1 SYSTEMPATH\CodeIgniter.php(903): App\Controllers\Public\PageController->__construct()
 2 SYSTEMPATH\CodeIgniter.php(500): CodeIgniter\CodeIgniter->createController()
 3 SYSTEMPATH\CodeIgniter.php(355): CodeIgniter\CodeIgniter->handleRequest(null, Object(Config\Cache), false)
 4 SYSTEMPATH\Boot.php(325): CodeIgniter\CodeIgniter->run()
 5 SYSTEMPATH\Boot.php(67): CodeIgniter\Boot::runCodeIgniter(Object(CodeIgniter\CodeIgniter))
 6 FCPATH\index.php(63): CodeIgniter\Boot::bootWeb(Object(Config\Paths))
WARNING - 2025-06-05 14:33:27 --> [DEPRECATED] Passing lowercase HTTP method "get" is deprecated. Use uppercase HTTP method like "GET". in SYSTEMPATH\Router\RouteCollection.php on line 1027.
 1 SYSTEMPATH\Router\RouteCollection.php(1027): trigger_error('Passing lowercase HTTP method "get" is deprecated. Use uppercase HTTP method like "GET".', 16384)
 2 APPPATH\Config\Routes\AdminRoutes.php(65): CodeIgniter\Router\RouteCollection->match([...], 'send_test_mail', 'SettingsController::send_test_mail')
 3 SYSTEMPATH\Router\RouteCollection.php(800): App\Config\Routes\AdminRoutes::App\Config\Routes\{closure}(Object(CodeIgniter\Router\RouteCollection))
 4 APPPATH\Config\Routes\AdminRoutes.php(63): CodeIgniter\Router\RouteCollection->group('settings', [...], Object(Closure))
 5 SYSTEMPATH\Router\RouteCollection.php(800): App\Config\Routes\AdminRoutes::App\Config\Routes\{closure}(Object(CodeIgniter\Router\RouteCollection))
 6 APPPATH\Config\Routes\AdminRoutes.php(28): CodeIgniter\Router\RouteCollection->group('admin', [...], Object(Closure))
 7 APPPATH\Config\Routes.php(20): App\Config\Routes\AdminRoutes::init(Object(CodeIgniter\Router\RouteCollection))
 8 SYSTEMPATH\Router\RouteCollection.php(340): require('C:\\xampp\\htdocs\\smartstore\\app\\Config\\Routes.php')
 9 SYSTEMPATH\CodeIgniter.php(823): CodeIgniter\Router\RouteCollection->loadRoutes()
10 SYSTEMPATH\CodeIgniter.php(457): CodeIgniter\CodeIgniter->tryToRouteIt(null)
11 SYSTEMPATH\CodeIgniter.php(355): CodeIgniter\CodeIgniter->handleRequest(null, Object(Config\Cache), false)
12 SYSTEMPATH\Boot.php(325): CodeIgniter\CodeIgniter->run()
13 SYSTEMPATH\Boot.php(67): CodeIgniter\Boot::runCodeIgniter(Object(CodeIgniter\CodeIgniter))
14 FCPATH\index.php(63): CodeIgniter\Boot::bootWeb(Object(Config\Paths))
WARNING - 2025-06-05 14:33:27 --> [DEPRECATED] Passing lowercase HTTP method "post" is deprecated. Use uppercase HTTP method like "POST". in SYSTEMPATH\Router\RouteCollection.php on line 1027.
 1 SYSTEMPATH\Router\RouteCollection.php(1027): trigger_error('Passing lowercase HTTP method "post" is deprecated. Use uppercase HTTP method like "POST".', 16384)
 2 APPPATH\Config\Routes\AdminRoutes.php(65): CodeIgniter\Router\RouteCollection->match([...], 'send_test_mail', 'SettingsController::send_test_mail')
 3 SYSTEMPATH\Router\RouteCollection.php(800): App\Config\Routes\AdminRoutes::App\Config\Routes\{closure}(Object(CodeIgniter\Router\RouteCollection))
 4 APPPATH\Config\Routes\AdminRoutes.php(63): CodeIgniter\Router\RouteCollection->group('settings', [...], Object(Closure))
 5 SYSTEMPATH\Router\RouteCollection.php(800): App\Config\Routes\AdminRoutes::App\Config\Routes\{closure}(Object(CodeIgniter\Router\RouteCollection))
 6 APPPATH\Config\Routes\AdminRoutes.php(28): CodeIgniter\Router\RouteCollection->group('admin', [...], Object(Closure))
 7 APPPATH\Config\Routes.php(20): App\Config\Routes\AdminRoutes::init(Object(CodeIgniter\Router\RouteCollection))
 8 SYSTEMPATH\Router\RouteCollection.php(340): require('C:\\xampp\\htdocs\\smartstore\\app\\Config\\Routes.php')
 9 SYSTEMPATH\CodeIgniter.php(823): CodeIgniter\Router\RouteCollection->loadRoutes()
10 SYSTEMPATH\CodeIgniter.php(457): CodeIgniter\CodeIgniter->tryToRouteIt(null)
11 SYSTEMPATH\CodeIgniter.php(355): CodeIgniter\CodeIgniter->handleRequest(null, Object(Config\Cache), false)
12 SYSTEMPATH\Boot.php(325): CodeIgniter\CodeIgniter->run()
13 SYSTEMPATH\Boot.php(67): CodeIgniter\Boot::runCodeIgniter(Object(CodeIgniter\CodeIgniter))
14 FCPATH\index.php(63): CodeIgniter\Boot::bootWeb(Object(Config\Paths))
WARNING - 2025-06-05 14:33:27 --> [DEPRECATED] Passing lowercase HTTP method "get" is deprecated. Use uppercase HTTP method like "GET". in SYSTEMPATH\Router\RouteCollection.php on line 1027.
 1 SYSTEMPATH\Router\RouteCollection.php(1027): trigger_error('Passing lowercase HTTP method "get" is deprecated. Use uppercase HTTP method like "GET".', 16384)
 2 APPPATH\Config\Routes\AdminRoutes.php(76): CodeIgniter\Router\RouteCollection->match([...], 'elfinder_connector', 'FilemanagerController::elfinder_connector')
 3 SYSTEMPATH\Router\RouteCollection.php(800): App\Config\Routes\AdminRoutes::App\Config\Routes\{closure}(Object(CodeIgniter\Router\RouteCollection))
 4 APPPATH\Config\Routes\AdminRoutes.php(73): CodeIgniter\Router\RouteCollection->group('filemanager', [...], Object(Closure))
 5 SYSTEMPATH\Router\RouteCollection.php(800): App\Config\Routes\AdminRoutes::App\Config\Routes\{closure}(Object(CodeIgniter\Router\RouteCollection))
 6 APPPATH\Config\Routes\AdminRoutes.php(28): CodeIgniter\Router\RouteCollection->group('admin', [...], Object(Closure))
 7 APPPATH\Config\Routes.php(20): App\Config\Routes\AdminRoutes::init(Object(CodeIgniter\Router\RouteCollection))
 8 SYSTEMPATH\Router\RouteCollection.php(340): require('C:\\xampp\\htdocs\\smartstore\\app\\Config\\Routes.php')
 9 SYSTEMPATH\CodeIgniter.php(823): CodeIgniter\Router\RouteCollection->loadRoutes()
10 SYSTEMPATH\CodeIgniter.php(457): CodeIgniter\CodeIgniter->tryToRouteIt(null)
11 SYSTEMPATH\CodeIgniter.php(355): CodeIgniter\CodeIgniter->handleRequest(null, Object(Config\Cache), false)
12 SYSTEMPATH\Boot.php(325): CodeIgniter\CodeIgniter->run()
13 SYSTEMPATH\Boot.php(67): CodeIgniter\Boot::runCodeIgniter(Object(CodeIgniter\CodeIgniter))
14 FCPATH\index.php(63): CodeIgniter\Boot::bootWeb(Object(Config\Paths))
WARNING - 2025-06-05 14:33:27 --> [DEPRECATED] Passing lowercase HTTP method "post" is deprecated. Use uppercase HTTP method like "POST". in SYSTEMPATH\Router\RouteCollection.php on line 1027.
 1 SYSTEMPATH\Router\RouteCollection.php(1027): trigger_error('Passing lowercase HTTP method "post" is deprecated. Use uppercase HTTP method like "POST".', 16384)
 2 APPPATH\Config\Routes\AdminRoutes.php(76): CodeIgniter\Router\RouteCollection->match([...], 'elfinder_connector', 'FilemanagerController::elfinder_connector')
 3 SYSTEMPATH\Router\RouteCollection.php(800): App\Config\Routes\AdminRoutes::App\Config\Routes\{closure}(Object(CodeIgniter\Router\RouteCollection))
 4 APPPATH\Config\Routes\AdminRoutes.php(73): CodeIgniter\Router\RouteCollection->group('filemanager', [...], Object(Closure))
 5 SYSTEMPATH\Router\RouteCollection.php(800): App\Config\Routes\AdminRoutes::App\Config\Routes\{closure}(Object(CodeIgniter\Router\RouteCollection))
 6 APPPATH\Config\Routes\AdminRoutes.php(28): CodeIgniter\Router\RouteCollection->group('admin', [...], Object(Closure))
 7 APPPATH\Config\Routes.php(20): App\Config\Routes\AdminRoutes::init(Object(CodeIgniter\Router\RouteCollection))
 8 SYSTEMPATH\Router\RouteCollection.php(340): require('C:\\xampp\\htdocs\\smartstore\\app\\Config\\Routes.php')
 9 SYSTEMPATH\CodeIgniter.php(823): CodeIgniter\Router\RouteCollection->loadRoutes()
10 SYSTEMPATH\CodeIgniter.php(457): CodeIgniter\CodeIgniter->tryToRouteIt(null)
11 SYSTEMPATH\CodeIgniter.php(355): CodeIgniter\CodeIgniter->handleRequest(null, Object(Config\Cache), false)
12 SYSTEMPATH\Boot.php(325): CodeIgniter\CodeIgniter->run()
13 SYSTEMPATH\Boot.php(67): CodeIgniter\Boot::runCodeIgniter(Object(CodeIgniter\CodeIgniter))
14 FCPATH\index.php(63): CodeIgniter\Boot::bootWeb(Object(Config\Paths))
WARNING - 2025-06-05 14:33:27 --> [DEPRECATED] Passing lowercase HTTP method "get" is deprecated. Use uppercase HTTP method like "GET". in SYSTEMPATH\Router\RouteCollection.php on line 1027.
 1 SYSTEMPATH\Router\RouteCollection.php(1027): trigger_error('Passing lowercase HTTP method "get" is deprecated. Use uppercase HTTP method like "GET".', 16384)
 2 APPPATH\Config\Routes\AdminRoutes.php(172): CodeIgniter\Router\RouteCollection->match([...], 'sync_services/?(:num)?', 'ProvidersController::sync_services/$1')
 3 SYSTEMPATH\Router\RouteCollection.php(800): App\Config\Routes\AdminRoutes::App\Config\Routes\{closure}(Object(CodeIgniter\Router\RouteCollection))
 4 APPPATH\Config\Routes\AdminRoutes.php(167): CodeIgniter\Router\RouteCollection->group('providers', [...], Object(Closure))
 5 SYSTEMPATH\Router\RouteCollection.php(800): App\Config\Routes\AdminRoutes::App\Config\Routes\{closure}(Object(CodeIgniter\Router\RouteCollection))
 6 APPPATH\Config\Routes\AdminRoutes.php(28): CodeIgniter\Router\RouteCollection->group('admin', [...], Object(Closure))
 7 APPPATH\Config\Routes.php(20): App\Config\Routes\AdminRoutes::init(Object(CodeIgniter\Router\RouteCollection))
 8 SYSTEMPATH\Router\RouteCollection.php(340): require('C:\\xampp\\htdocs\\smartstore\\app\\Config\\Routes.php')
 9 SYSTEMPATH\CodeIgniter.php(823): CodeIgniter\Router\RouteCollection->loadRoutes()
10 SYSTEMPATH\CodeIgniter.php(457): CodeIgniter\CodeIgniter->tryToRouteIt(null)
11 SYSTEMPATH\CodeIgniter.php(355): CodeIgniter\CodeIgniter->handleRequest(null, Object(Config\Cache), false)
12 SYSTEMPATH\Boot.php(325): CodeIgniter\CodeIgniter->run()
13 SYSTEMPATH\Boot.php(67): CodeIgniter\Boot::runCodeIgniter(Object(CodeIgniter\CodeIgniter))
14 FCPATH\index.php(63): CodeIgniter\Boot::bootWeb(Object(Config\Paths))
WARNING - 2025-06-05 14:33:27 --> [DEPRECATED] Passing lowercase HTTP method "post" is deprecated. Use uppercase HTTP method like "POST". in SYSTEMPATH\Router\RouteCollection.php on line 1027.
 1 SYSTEMPATH\Router\RouteCollection.php(1027): trigger_error('Passing lowercase HTTP method "post" is deprecated. Use uppercase HTTP method like "POST".', 16384)
 2 APPPATH\Config\Routes\AdminRoutes.php(172): CodeIgniter\Router\RouteCollection->match([...], 'sync_services/?(:num)?', 'ProvidersController::sync_services/$1')
 3 SYSTEMPATH\Router\RouteCollection.php(800): App\Config\Routes\AdminRoutes::App\Config\Routes\{closure}(Object(CodeIgniter\Router\RouteCollection))
 4 APPPATH\Config\Routes\AdminRoutes.php(167): CodeIgniter\Router\RouteCollection->group('providers', [...], Object(Closure))
 5 SYSTEMPATH\Router\RouteCollection.php(800): App\Config\Routes\AdminRoutes::App\Config\Routes\{closure}(Object(CodeIgniter\Router\RouteCollection))
 6 APPPATH\Config\Routes\AdminRoutes.php(28): CodeIgniter\Router\RouteCollection->group('admin', [...], Object(Closure))
 7 APPPATH\Config\Routes.php(20): App\Config\Routes\AdminRoutes::init(Object(CodeIgniter\Router\RouteCollection))
 8 SYSTEMPATH\Router\RouteCollection.php(340): require('C:\\xampp\\htdocs\\smartstore\\app\\Config\\Routes.php')
 9 SYSTEMPATH\CodeIgniter.php(823): CodeIgniter\Router\RouteCollection->loadRoutes()
10 SYSTEMPATH\CodeIgniter.php(457): CodeIgniter\CodeIgniter->tryToRouteIt(null)
11 SYSTEMPATH\CodeIgniter.php(355): CodeIgniter\CodeIgniter->handleRequest(null, Object(Config\Cache), false)
12 SYSTEMPATH\Boot.php(325): CodeIgniter\CodeIgniter->run()
13 SYSTEMPATH\Boot.php(67): CodeIgniter\Boot::runCodeIgniter(Object(CodeIgniter\CodeIgniter))
14 FCPATH\index.php(63): CodeIgniter\Boot::bootWeb(Object(Config\Paths))
WARNING - 2025-06-05 14:33:27 --> [DEPRECATED] Passing lowercase HTTP method "get" is deprecated. Use uppercase HTTP method like "GET". in SYSTEMPATH\Router\RouteCollection.php on line 1027.
 1 SYSTEMPATH\Router\RouteCollection.php(1027): trigger_error('Passing lowercase HTTP method "get" is deprecated. Use uppercase HTTP method like "GET".', 16384)
 2 APPPATH\Config\Routes\AdminRoutes.php(185): CodeIgniter\Router\RouteCollection->match([...], 'add_note/?(:num)?', 'UsersController::add_note/$1')
 3 SYSTEMPATH\Router\RouteCollection.php(800): App\Config\Routes\AdminRoutes::App\Config\Routes\{closure}(Object(CodeIgniter\Router\RouteCollection))
 4 APPPATH\Config\Routes\AdminRoutes.php(182): CodeIgniter\Router\RouteCollection->group('users', [...], Object(Closure))
 5 SYSTEMPATH\Router\RouteCollection.php(800): App\Config\Routes\AdminRoutes::App\Config\Routes\{closure}(Object(CodeIgniter\Router\RouteCollection))
 6 APPPATH\Config\Routes\AdminRoutes.php(28): CodeIgniter\Router\RouteCollection->group('admin', [...], Object(Closure))
 7 APPPATH\Config\Routes.php(20): App\Config\Routes\AdminRoutes::init(Object(CodeIgniter\Router\RouteCollection))
 8 SYSTEMPATH\Router\RouteCollection.php(340): require('C:\\xampp\\htdocs\\smartstore\\app\\Config\\Routes.php')
 9 SYSTEMPATH\CodeIgniter.php(823): CodeIgniter\Router\RouteCollection->loadRoutes()
10 SYSTEMPATH\CodeIgniter.php(457): CodeIgniter\CodeIgniter->tryToRouteIt(null)
11 SYSTEMPATH\CodeIgniter.php(355): CodeIgniter\CodeIgniter->handleRequest(null, Object(Config\Cache), false)
12 SYSTEMPATH\Boot.php(325): CodeIgniter\CodeIgniter->run()
13 SYSTEMPATH\Boot.php(67): CodeIgniter\Boot::runCodeIgniter(Object(CodeIgniter\CodeIgniter))
14 FCPATH\index.php(63): CodeIgniter\Boot::bootWeb(Object(Config\Paths))
WARNING - 2025-06-05 14:33:27 --> [DEPRECATED] Passing lowercase HTTP method "post" is deprecated. Use uppercase HTTP method like "POST". in SYSTEMPATH\Router\RouteCollection.php on line 1027.
 1 SYSTEMPATH\Router\RouteCollection.php(1027): trigger_error('Passing lowercase HTTP method "post" is deprecated. Use uppercase HTTP method like "POST".', 16384)
 2 APPPATH\Config\Routes\AdminRoutes.php(185): CodeIgniter\Router\RouteCollection->match([...], 'add_note/?(:num)?', 'UsersController::add_note/$1')
 3 SYSTEMPATH\Router\RouteCollection.php(800): App\Config\Routes\AdminRoutes::App\Config\Routes\{closure}(Object(CodeIgniter\Router\RouteCollection))
 4 APPPATH\Config\Routes\AdminRoutes.php(182): CodeIgniter\Router\RouteCollection->group('users', [...], Object(Closure))
 5 SYSTEMPATH\Router\RouteCollection.php(800): App\Config\Routes\AdminRoutes::App\Config\Routes\{closure}(Object(CodeIgniter\Router\RouteCollection))
 6 APPPATH\Config\Routes\AdminRoutes.php(28): CodeIgniter\Router\RouteCollection->group('admin', [...], Object(Closure))
 7 APPPATH\Config\Routes.php(20): App\Config\Routes\AdminRoutes::init(Object(CodeIgniter\Router\RouteCollection))
 8 SYSTEMPATH\Router\RouteCollection.php(340): require('C:\\xampp\\htdocs\\smartstore\\app\\Config\\Routes.php')
 9 SYSTEMPATH\CodeIgniter.php(823): CodeIgniter\Router\RouteCollection->loadRoutes()
10 SYSTEMPATH\CodeIgniter.php(457): CodeIgniter\CodeIgniter->tryToRouteIt(null)
11 SYSTEMPATH\CodeIgniter.php(355): CodeIgniter\CodeIgniter->handleRequest(null, Object(Config\Cache), false)
12 SYSTEMPATH\Boot.php(325): CodeIgniter\CodeIgniter->run()
13 SYSTEMPATH\Boot.php(67): CodeIgniter\Boot::runCodeIgniter(Object(CodeIgniter\CodeIgniter))
14 FCPATH\index.php(63): CodeIgniter\Boot::bootWeb(Object(Config\Paths))
WARNING - 2025-06-05 14:33:27 --> [DEPRECATED] Passing lowercase HTTP method "get" is deprecated. Use uppercase HTTP method like "GET". in SYSTEMPATH\Router\RouteCollection.php on line 1027.
 1 SYSTEMPATH\Router\RouteCollection.php(1027): trigger_error('Passing lowercase HTTP method "get" is deprecated. Use uppercase HTTP method like "GET".', 16384)
 2 APPPATH\Config\Routes\AdminRoutes.php(186): CodeIgniter\Router\RouteCollection->match([...], 'send_mail/?(:num)?', 'UsersController::send_mail/$1')
 3 SYSTEMPATH\Router\RouteCollection.php(800): App\Config\Routes\AdminRoutes::App\Config\Routes\{closure}(Object(CodeIgniter\Router\RouteCollection))
 4 APPPATH\Config\Routes\AdminRoutes.php(182): CodeIgniter\Router\RouteCollection->group('users', [...], Object(Closure))
 5 SYSTEMPATH\Router\RouteCollection.php(800): App\Config\Routes\AdminRoutes::App\Config\Routes\{closure}(Object(CodeIgniter\Router\RouteCollection))
 6 APPPATH\Config\Routes\AdminRoutes.php(28): CodeIgniter\Router\RouteCollection->group('admin', [...], Object(Closure))
 7 APPPATH\Config\Routes.php(20): App\Config\Routes\AdminRoutes::init(Object(CodeIgniter\Router\RouteCollection))
 8 SYSTEMPATH\Router\RouteCollection.php(340): require('C:\\xampp\\htdocs\\smartstore\\app\\Config\\Routes.php')
 9 SYSTEMPATH\CodeIgniter.php(823): CodeIgniter\Router\RouteCollection->loadRoutes()
10 SYSTEMPATH\CodeIgniter.php(457): CodeIgniter\CodeIgniter->tryToRouteIt(null)
11 SYSTEMPATH\CodeIgniter.php(355): CodeIgniter\CodeIgniter->handleRequest(null, Object(Config\Cache), false)
12 SYSTEMPATH\Boot.php(325): CodeIgniter\CodeIgniter->run()
13 SYSTEMPATH\Boot.php(67): CodeIgniter\Boot::runCodeIgniter(Object(CodeIgniter\CodeIgniter))
14 FCPATH\index.php(63): CodeIgniter\Boot::bootWeb(Object(Config\Paths))
WARNING - 2025-06-05 14:33:27 --> [DEPRECATED] Passing lowercase HTTP method "post" is deprecated. Use uppercase HTTP method like "POST". in SYSTEMPATH\Router\RouteCollection.php on line 1027.
 1 SYSTEMPATH\Router\RouteCollection.php(1027): trigger_error('Passing lowercase HTTP method "post" is deprecated. Use uppercase HTTP method like "POST".', 16384)
 2 APPPATH\Config\Routes\AdminRoutes.php(186): CodeIgniter\Router\RouteCollection->match([...], 'send_mail/?(:num)?', 'UsersController::send_mail/$1')
 3 SYSTEMPATH\Router\RouteCollection.php(800): App\Config\Routes\AdminRoutes::App\Config\Routes\{closure}(Object(CodeIgniter\Router\RouteCollection))
 4 APPPATH\Config\Routes\AdminRoutes.php(182): CodeIgniter\Router\RouteCollection->group('users', [...], Object(Closure))
 5 SYSTEMPATH\Router\RouteCollection.php(800): App\Config\Routes\AdminRoutes::App\Config\Routes\{closure}(Object(CodeIgniter\Router\RouteCollection))
 6 APPPATH\Config\Routes\AdminRoutes.php(28): CodeIgniter\Router\RouteCollection->group('admin', [...], Object(Closure))
 7 APPPATH\Config\Routes.php(20): App\Config\Routes\AdminRoutes::init(Object(CodeIgniter\Router\RouteCollection))
 8 SYSTEMPATH\Router\RouteCollection.php(340): require('C:\\xampp\\htdocs\\smartstore\\app\\Config\\Routes.php')
 9 SYSTEMPATH\CodeIgniter.php(823): CodeIgniter\Router\RouteCollection->loadRoutes()
10 SYSTEMPATH\CodeIgniter.php(457): CodeIgniter\CodeIgniter->tryToRouteIt(null)
11 SYSTEMPATH\CodeIgniter.php(355): CodeIgniter\CodeIgniter->handleRequest(null, Object(Config\Cache), false)
12 SYSTEMPATH\Boot.php(325): CodeIgniter\CodeIgniter->run()
13 SYSTEMPATH\Boot.php(67): CodeIgniter\Boot::runCodeIgniter(Object(CodeIgniter\CodeIgniter))
14 FCPATH\index.php(63): CodeIgniter\Boot::bootWeb(Object(Config\Paths))
WARNING - 2025-06-05 14:33:27 --> [DEPRECATED] Passing lowercase HTTP method "get" is deprecated. Use uppercase HTTP method like "GET". in SYSTEMPATH\Router\RouteCollection.php on line 1027.
 1 SYSTEMPATH\Router\RouteCollection.php(1027): trigger_error('Passing lowercase HTTP method "get" is deprecated. Use uppercase HTTP method like "GET".', 16384)
 2 APPPATH\Config\Routes\AdminRoutes.php(215): CodeIgniter\Router\RouteCollection->match([...], 'send_mail/?(:num)?', 'TicketsController::send_mail/$1')
 3 SYSTEMPATH\Router\RouteCollection.php(800): App\Config\Routes\AdminRoutes::App\Config\Routes\{closure}(Object(CodeIgniter\Router\RouteCollection))
 4 APPPATH\Config\Routes\AdminRoutes.php(212): CodeIgniter\Router\RouteCollection->group('tickets', [...], Object(Closure))
 5 SYSTEMPATH\Router\RouteCollection.php(800): App\Config\Routes\AdminRoutes::App\Config\Routes\{closure}(Object(CodeIgniter\Router\RouteCollection))
 6 APPPATH\Config\Routes\AdminRoutes.php(28): CodeIgniter\Router\RouteCollection->group('admin', [...], Object(Closure))
 7 APPPATH\Config\Routes.php(20): App\Config\Routes\AdminRoutes::init(Object(CodeIgniter\Router\RouteCollection))
 8 SYSTEMPATH\Router\RouteCollection.php(340): require('C:\\xampp\\htdocs\\smartstore\\app\\Config\\Routes.php')
 9 SYSTEMPATH\CodeIgniter.php(823): CodeIgniter\Router\RouteCollection->loadRoutes()
10 SYSTEMPATH\CodeIgniter.php(457): CodeIgniter\CodeIgniter->tryToRouteIt(null)
11 SYSTEMPATH\CodeIgniter.php(355): CodeIgniter\CodeIgniter->handleRequest(null, Object(Config\Cache), false)
12 SYSTEMPATH\Boot.php(325): CodeIgniter\CodeIgniter->run()
13 SYSTEMPATH\Boot.php(67): CodeIgniter\Boot::runCodeIgniter(Object(CodeIgniter\CodeIgniter))
14 FCPATH\index.php(63): CodeIgniter\Boot::bootWeb(Object(Config\Paths))
WARNING - 2025-06-05 14:33:27 --> [DEPRECATED] Passing lowercase HTTP method "post" is deprecated. Use uppercase HTTP method like "POST". in SYSTEMPATH\Router\RouteCollection.php on line 1027.
 1 SYSTEMPATH\Router\RouteCollection.php(1027): trigger_error('Passing lowercase HTTP method "post" is deprecated. Use uppercase HTTP method like "POST".', 16384)
 2 APPPATH\Config\Routes\AdminRoutes.php(215): CodeIgniter\Router\RouteCollection->match([...], 'send_mail/?(:num)?', 'TicketsController::send_mail/$1')
 3 SYSTEMPATH\Router\RouteCollection.php(800): App\Config\Routes\AdminRoutes::App\Config\Routes\{closure}(Object(CodeIgniter\Router\RouteCollection))
 4 APPPATH\Config\Routes\AdminRoutes.php(212): CodeIgniter\Router\RouteCollection->group('tickets', [...], Object(Closure))
 5 SYSTEMPATH\Router\RouteCollection.php(800): App\Config\Routes\AdminRoutes::App\Config\Routes\{closure}(Object(CodeIgniter\Router\RouteCollection))
 6 APPPATH\Config\Routes\AdminRoutes.php(28): CodeIgniter\Router\RouteCollection->group('admin', [...], Object(Closure))
 7 APPPATH\Config\Routes.php(20): App\Config\Routes\AdminRoutes::init(Object(CodeIgniter\Router\RouteCollection))
 8 SYSTEMPATH\Router\RouteCollection.php(340): require('C:\\xampp\\htdocs\\smartstore\\app\\Config\\Routes.php')
 9 SYSTEMPATH\CodeIgniter.php(823): CodeIgniter\Router\RouteCollection->loadRoutes()
10 SYSTEMPATH\CodeIgniter.php(457): CodeIgniter\CodeIgniter->tryToRouteIt(null)
11 SYSTEMPATH\CodeIgniter.php(355): CodeIgniter\CodeIgniter->handleRequest(null, Object(Config\Cache), false)
12 SYSTEMPATH\Boot.php(325): CodeIgniter\CodeIgniter->run()
13 SYSTEMPATH\Boot.php(67): CodeIgniter\Boot::runCodeIgniter(Object(CodeIgniter\CodeIgniter))
14 FCPATH\index.php(63): CodeIgniter\Boot::bootWeb(Object(Config\Paths))
WARNING - 2025-06-05 14:33:27 --> [DEPRECATED] Passing lowercase HTTP method "get" is deprecated. Use uppercase HTTP method like "GET". in SYSTEMPATH\Router\RouteCollection.php on line 1027.
 1 SYSTEMPATH\Router\RouteCollection.php(1027): trigger_error('Passing lowercase HTTP method "get" is deprecated. Use uppercase HTTP method like "GET".', 16384)
 2 APPPATH\Config\Routes\UserRoutes.php(49): CodeIgniter\Router\RouteCollection->match([...], 'submit_review', 'ClientController::submit_review', [...])
 3 APPPATH\Config\Routes\UserRoutes.php(23): App\Config\Routes\UserRoutes::defineRoutes(Object(CodeIgniter\Router\RouteCollection))
 4 APPPATH\Config\Routes.php(21): App\Config\Routes\UserRoutes::init(Object(CodeIgniter\Router\RouteCollection))
 5 SYSTEMPATH\Router\RouteCollection.php(340): require('C:\\xampp\\htdocs\\smartstore\\app\\Config\\Routes.php')
 6 SYSTEMPATH\CodeIgniter.php(823): CodeIgniter\Router\RouteCollection->loadRoutes()
 7 SYSTEMPATH\CodeIgniter.php(457): CodeIgniter\CodeIgniter->tryToRouteIt(null)
 8 SYSTEMPATH\CodeIgniter.php(355): CodeIgniter\CodeIgniter->handleRequest(null, Object(Config\Cache), false)
 9 SYSTEMPATH\Boot.php(325): CodeIgniter\CodeIgniter->run()
10 SYSTEMPATH\Boot.php(67): CodeIgniter\Boot::runCodeIgniter(Object(CodeIgniter\CodeIgniter))
11 FCPATH\index.php(63): CodeIgniter\Boot::bootWeb(Object(Config\Paths))
WARNING - 2025-06-05 14:33:27 --> [DEPRECATED] Passing lowercase HTTP method "post" is deprecated. Use uppercase HTTP method like "POST". in SYSTEMPATH\Router\RouteCollection.php on line 1027.
 1 SYSTEMPATH\Router\RouteCollection.php(1027): trigger_error('Passing lowercase HTTP method "post" is deprecated. Use uppercase HTTP method like "POST".', 16384)
 2 APPPATH\Config\Routes\UserRoutes.php(49): CodeIgniter\Router\RouteCollection->match([...], 'submit_review', 'ClientController::submit_review', [...])
 3 APPPATH\Config\Routes\UserRoutes.php(23): App\Config\Routes\UserRoutes::defineRoutes(Object(CodeIgniter\Router\RouteCollection))
 4 APPPATH\Config\Routes.php(21): App\Config\Routes\UserRoutes::init(Object(CodeIgniter\Router\RouteCollection))
 5 SYSTEMPATH\Router\RouteCollection.php(340): require('C:\\xampp\\htdocs\\smartstore\\app\\Config\\Routes.php')
 6 SYSTEMPATH\CodeIgniter.php(823): CodeIgniter\Router\RouteCollection->loadRoutes()
 7 SYSTEMPATH\CodeIgniter.php(457): CodeIgniter\CodeIgniter->tryToRouteIt(null)
 8 SYSTEMPATH\CodeIgniter.php(355): CodeIgniter\CodeIgniter->handleRequest(null, Object(Config\Cache), false)
 9 SYSTEMPATH\Boot.php(325): CodeIgniter\CodeIgniter->run()
10 SYSTEMPATH\Boot.php(67): CodeIgniter\Boot::runCodeIgniter(Object(CodeIgniter\CodeIgniter))
11 FCPATH\index.php(63): CodeIgniter\Boot::bootWeb(Object(Config\Paths))
WARNING - 2025-06-05 14:33:27 --> [DEPRECATED] Passing lowercase HTTP method "get" is deprecated. Use uppercase HTTP method like "GET". in SYSTEMPATH\Router\RouteCollection.php on line 1027.
 1 SYSTEMPATH\Router\RouteCollection.php(1027): trigger_error('Passing lowercase HTTP method "get" is deprecated. Use uppercase HTTP method like "GET".', 16384)
 2 APPPATH\Config\Routes\UserRoutes.php(63): CodeIgniter\Router\RouteCollection->match([...], 'track-order', 'OrderController::track_order', [...])
 3 APPPATH\Config\Routes\UserRoutes.php(23): App\Config\Routes\UserRoutes::defineRoutes(Object(CodeIgniter\Router\RouteCollection))
 4 APPPATH\Config\Routes.php(21): App\Config\Routes\UserRoutes::init(Object(CodeIgniter\Router\RouteCollection))
 5 SYSTEMPATH\Router\RouteCollection.php(340): require('C:\\xampp\\htdocs\\smartstore\\app\\Config\\Routes.php')
 6 SYSTEMPATH\CodeIgniter.php(823): CodeIgniter\Router\RouteCollection->loadRoutes()
 7 SYSTEMPATH\CodeIgniter.php(457): CodeIgniter\CodeIgniter->tryToRouteIt(null)
 8 SYSTEMPATH\CodeIgniter.php(355): CodeIgniter\CodeIgniter->handleRequest(null, Object(Config\Cache), false)
 9 SYSTEMPATH\Boot.php(325): CodeIgniter\CodeIgniter->run()
10 SYSTEMPATH\Boot.php(67): CodeIgniter\Boot::runCodeIgniter(Object(CodeIgniter\CodeIgniter))
11 FCPATH\index.php(63): CodeIgniter\Boot::bootWeb(Object(Config\Paths))
WARNING - 2025-06-05 14:33:27 --> [DEPRECATED] Passing lowercase HTTP method "post" is deprecated. Use uppercase HTTP method like "POST". in SYSTEMPATH\Router\RouteCollection.php on line 1027.
 1 SYSTEMPATH\Router\RouteCollection.php(1027): trigger_error('Passing lowercase HTTP method "post" is deprecated. Use uppercase HTTP method like "POST".', 16384)
 2 APPPATH\Config\Routes\UserRoutes.php(63): CodeIgniter\Router\RouteCollection->match([...], 'track-order', 'OrderController::track_order', [...])
 3 APPPATH\Config\Routes\UserRoutes.php(23): App\Config\Routes\UserRoutes::defineRoutes(Object(CodeIgniter\Router\RouteCollection))
 4 APPPATH\Config\Routes.php(21): App\Config\Routes\UserRoutes::init(Object(CodeIgniter\Router\RouteCollection))
 5 SYSTEMPATH\Router\RouteCollection.php(340): require('C:\\xampp\\htdocs\\smartstore\\app\\Config\\Routes.php')
 6 SYSTEMPATH\CodeIgniter.php(823): CodeIgniter\Router\RouteCollection->loadRoutes()
 7 SYSTEMPATH\CodeIgniter.php(457): CodeIgniter\CodeIgniter->tryToRouteIt(null)
 8 SYSTEMPATH\CodeIgniter.php(355): CodeIgniter\CodeIgniter->handleRequest(null, Object(Config\Cache), false)
 9 SYSTEMPATH\Boot.php(325): CodeIgniter\CodeIgniter->run()
10 SYSTEMPATH\Boot.php(67): CodeIgniter\Boot::runCodeIgniter(Object(CodeIgniter\CodeIgniter))
11 FCPATH\index.php(63): CodeIgniter\Boot::bootWeb(Object(Config\Paths))
WARNING - 2025-06-05 14:33:27 --> [DEPRECATED] Passing lowercase HTTP method "get" is deprecated. Use uppercase HTTP method like "GET". in SYSTEMPATH\Router\RouteCollection.php on line 1027.
 1 SYSTEMPATH\Router\RouteCollection.php(1027): trigger_error('Passing lowercase HTTP method "get" is deprecated. Use uppercase HTTP method like "GET".', 16384)
 2 APPPATH\Config\Routes\UserRoutes.php(49): CodeIgniter\Router\RouteCollection->match([...], 'submit_review', 'ClientController::submit_review', [...])
 3 APPPATH\Config\Routes\UserRoutes.php(26): App\Config\Routes\UserRoutes::defineRoutes(Object(CodeIgniter\Router\RouteCollection))
 4 SYSTEMPATH\Router\RouteCollection.php(800): App\Config\Routes\UserRoutes::App\Config\Routes\{closure}(Object(CodeIgniter\Router\RouteCollection))
 5 APPPATH\Config\Routes\UserRoutes.php(25): CodeIgniter\Router\RouteCollection->group('{locale}', Object(Closure))
 6 APPPATH\Config\Routes.php(21): App\Config\Routes\UserRoutes::init(Object(CodeIgniter\Router\RouteCollection))
 7 SYSTEMPATH\Router\RouteCollection.php(340): require('C:\\xampp\\htdocs\\smartstore\\app\\Config\\Routes.php')
 8 SYSTEMPATH\CodeIgniter.php(823): CodeIgniter\Router\RouteCollection->loadRoutes()
 9 SYSTEMPATH\CodeIgniter.php(457): CodeIgniter\CodeIgniter->tryToRouteIt(null)
10 SYSTEMPATH\CodeIgniter.php(355): CodeIgniter\CodeIgniter->handleRequest(null, Object(Config\Cache), false)
11 SYSTEMPATH\Boot.php(325): CodeIgniter\CodeIgniter->run()
12 SYSTEMPATH\Boot.php(67): CodeIgniter\Boot::runCodeIgniter(Object(CodeIgniter\CodeIgniter))
13 FCPATH\index.php(63): CodeIgniter\Boot::bootWeb(Object(Config\Paths))
WARNING - 2025-06-05 14:33:27 --> [DEPRECATED] Passing lowercase HTTP method "post" is deprecated. Use uppercase HTTP method like "POST". in SYSTEMPATH\Router\RouteCollection.php on line 1027.
 1 SYSTEMPATH\Router\RouteCollection.php(1027): trigger_error('Passing lowercase HTTP method "post" is deprecated. Use uppercase HTTP method like "POST".', 16384)
 2 APPPATH\Config\Routes\UserRoutes.php(49): CodeIgniter\Router\RouteCollection->match([...], 'submit_review', 'ClientController::submit_review', [...])
 3 APPPATH\Config\Routes\UserRoutes.php(26): App\Config\Routes\UserRoutes::defineRoutes(Object(CodeIgniter\Router\RouteCollection))
 4 SYSTEMPATH\Router\RouteCollection.php(800): App\Config\Routes\UserRoutes::App\Config\Routes\{closure}(Object(CodeIgniter\Router\RouteCollection))
 5 APPPATH\Config\Routes\UserRoutes.php(25): CodeIgniter\Router\RouteCollection->group('{locale}', Object(Closure))
 6 APPPATH\Config\Routes.php(21): App\Config\Routes\UserRoutes::init(Object(CodeIgniter\Router\RouteCollection))
 7 SYSTEMPATH\Router\RouteCollection.php(340): require('C:\\xampp\\htdocs\\smartstore\\app\\Config\\Routes.php')
 8 SYSTEMPATH\CodeIgniter.php(823): CodeIgniter\Router\RouteCollection->loadRoutes()
 9 SYSTEMPATH\CodeIgniter.php(457): CodeIgniter\CodeIgniter->tryToRouteIt(null)
10 SYSTEMPATH\CodeIgniter.php(355): CodeIgniter\CodeIgniter->handleRequest(null, Object(Config\Cache), false)
11 SYSTEMPATH\Boot.php(325): CodeIgniter\CodeIgniter->run()
12 SYSTEMPATH\Boot.php(67): CodeIgniter\Boot::runCodeIgniter(Object(CodeIgniter\CodeIgniter))
13 FCPATH\index.php(63): CodeIgniter\Boot::bootWeb(Object(Config\Paths))
WARNING - 2025-06-05 14:33:27 --> [DEPRECATED] Passing lowercase HTTP method "get" is deprecated. Use uppercase HTTP method like "GET". in SYSTEMPATH\Router\RouteCollection.php on line 1027.
 1 SYSTEMPATH\Router\RouteCollection.php(1027): trigger_error('Passing lowercase HTTP method "get" is deprecated. Use uppercase HTTP method like "GET".', 16384)
 2 APPPATH\Config\Routes\UserRoutes.php(63): CodeIgniter\Router\RouteCollection->match([...], 'track-order', 'OrderController::track_order', [...])
 3 APPPATH\Config\Routes\UserRoutes.php(26): App\Config\Routes\UserRoutes::defineRoutes(Object(CodeIgniter\Router\RouteCollection))
 4 SYSTEMPATH\Router\RouteCollection.php(800): App\Config\Routes\UserRoutes::App\Config\Routes\{closure}(Object(CodeIgniter\Router\RouteCollection))
 5 APPPATH\Config\Routes\UserRoutes.php(25): CodeIgniter\Router\RouteCollection->group('{locale}', Object(Closure))
 6 APPPATH\Config\Routes.php(21): App\Config\Routes\UserRoutes::init(Object(CodeIgniter\Router\RouteCollection))
 7 SYSTEMPATH\Router\RouteCollection.php(340): require('C:\\xampp\\htdocs\\smartstore\\app\\Config\\Routes.php')
 8 SYSTEMPATH\CodeIgniter.php(823): CodeIgniter\Router\RouteCollection->loadRoutes()
 9 SYSTEMPATH\CodeIgniter.php(457): CodeIgniter\CodeIgniter->tryToRouteIt(null)
10 SYSTEMPATH\CodeIgniter.php(355): CodeIgniter\CodeIgniter->handleRequest(null, Object(Config\Cache), false)
11 SYSTEMPATH\Boot.php(325): CodeIgniter\CodeIgniter->run()
12 SYSTEMPATH\Boot.php(67): CodeIgniter\Boot::runCodeIgniter(Object(CodeIgniter\CodeIgniter))
13 FCPATH\index.php(63): CodeIgniter\Boot::bootWeb(Object(Config\Paths))
WARNING - 2025-06-05 14:33:27 --> [DEPRECATED] Passing lowercase HTTP method "post" is deprecated. Use uppercase HTTP method like "POST". in SYSTEMPATH\Router\RouteCollection.php on line 1027.
 1 SYSTEMPATH\Router\RouteCollection.php(1027): trigger_error('Passing lowercase HTTP method "post" is deprecated. Use uppercase HTTP method like "POST".', 16384)
 2 APPPATH\Config\Routes\UserRoutes.php(63): CodeIgniter\Router\RouteCollection->match([...], 'track-order', 'OrderController::track_order', [...])
 3 APPPATH\Config\Routes\UserRoutes.php(26): App\Config\Routes\UserRoutes::defineRoutes(Object(CodeIgniter\Router\RouteCollection))
 4 SYSTEMPATH\Router\RouteCollection.php(800): App\Config\Routes\UserRoutes::App\Config\Routes\{closure}(Object(CodeIgniter\Router\RouteCollection))
 5 APPPATH\Config\Routes\UserRoutes.php(25): CodeIgniter\Router\RouteCollection->group('{locale}', Object(Closure))
 6 APPPATH\Config\Routes.php(21): App\Config\Routes\UserRoutes::init(Object(CodeIgniter\Router\RouteCollection))
 7 SYSTEMPATH\Router\RouteCollection.php(340): require('C:\\xampp\\htdocs\\smartstore\\app\\Config\\Routes.php')
 8 SYSTEMPATH\CodeIgniter.php(823): CodeIgniter\Router\RouteCollection->loadRoutes()
 9 SYSTEMPATH\CodeIgniter.php(457): CodeIgniter\CodeIgniter->tryToRouteIt(null)
10 SYSTEMPATH\CodeIgniter.php(355): CodeIgniter\CodeIgniter->handleRequest(null, Object(Config\Cache), false)
11 SYSTEMPATH\Boot.php(325): CodeIgniter\CodeIgniter->run()
12 SYSTEMPATH\Boot.php(67): CodeIgniter\Boot::runCodeIgniter(Object(CodeIgniter\CodeIgniter))
13 FCPATH\index.php(63): CodeIgniter\Boot::bootWeb(Object(Config\Paths))
INFO - 2025-06-05 14:33:27 --> Session: Class initialized using 'CodeIgniter\Session\Handlers\FileHandler' driver.
WARNING - 2025-06-05 14:33:27 --> [DEPRECATED] Creation of dynamic property App\Controllers\Public\PageController::$load_files is deprecated in APPPATH\Controllers\Public\PageController.php on line 21.
 1 SYSTEMPATH\CodeIgniter.php(903): App\Controllers\Public\PageController->__construct()
 2 SYSTEMPATH\CodeIgniter.php(500): CodeIgniter\CodeIgniter->createController()
 3 SYSTEMPATH\CodeIgniter.php(355): CodeIgniter\CodeIgniter->handleRequest(null, Object(Config\Cache), false)
 4 SYSTEMPATH\Boot.php(325): CodeIgniter\CodeIgniter->run()
 5 SYSTEMPATH\Boot.php(67): CodeIgniter\Boot::runCodeIgniter(Object(CodeIgniter\CodeIgniter))
 6 FCPATH\index.php(63): CodeIgniter\Boot::bootWeb(Object(Config\Paths))
WARNING - 2025-06-05 14:33:27 --> [DEPRECATED] Creation of dynamic property App\Controllers\Public\PageController::$page_title is deprecated in APPPATH\Controllers\Public\PageController.php on line 22.
 1 SYSTEMPATH\CodeIgniter.php(903): App\Controllers\Public\PageController->__construct()
 2 SYSTEMPATH\CodeIgniter.php(500): CodeIgniter\CodeIgniter->createController()
 3 SYSTEMPATH\CodeIgniter.php(355): CodeIgniter\CodeIgniter->handleRequest(null, Object(Config\Cache), false)
 4 SYSTEMPATH\Boot.php(325): CodeIgniter\CodeIgniter->run()
 5 SYSTEMPATH\Boot.php(67): CodeIgniter\Boot::runCodeIgniter(Object(CodeIgniter\CodeIgniter))
 6 FCPATH\index.php(63): CodeIgniter\Boot::bootWeb(Object(Config\Paths))
WARNING - 2025-06-05 14:52:17 --> [DEPRECATED] Passing lowercase HTTP method "get" is deprecated. Use uppercase HTTP method like "GET". in SYSTEMPATH\Router\RouteCollection.php on line 1027.
 1 SYSTEMPATH\Router\RouteCollection.php(1027): trigger_error('Passing lowercase HTTP method "get" is deprecated. Use uppercase HTTP method like "GET".', 16384)
 2 APPPATH\Config\Routes\AdminRoutes.php(65): CodeIgniter\Router\RouteCollection->match([...], 'send_test_mail', 'SettingsController::send_test_mail')
 3 SYSTEMPATH\Router\RouteCollection.php(800): App\Config\Routes\AdminRoutes::App\Config\Routes\{closure}(Object(CodeIgniter\Router\RouteCollection))
 4 APPPATH\Config\Routes\AdminRoutes.php(63): CodeIgniter\Router\RouteCollection->group('settings', [...], Object(Closure))
 5 SYSTEMPATH\Router\RouteCollection.php(800): App\Config\Routes\AdminRoutes::App\Config\Routes\{closure}(Object(CodeIgniter\Router\RouteCollection))
 6 APPPATH\Config\Routes\AdminRoutes.php(28): CodeIgniter\Router\RouteCollection->group('admin', [...], Object(Closure))
 7 APPPATH\Config\Routes.php(20): App\Config\Routes\AdminRoutes::init(Object(CodeIgniter\Router\RouteCollection))
 8 SYSTEMPATH\Router\RouteCollection.php(340): require('C:\\xampp\\htdocs\\smartstore\\app\\Config\\Routes.php')
 9 SYSTEMPATH\CodeIgniter.php(823): CodeIgniter\Router\RouteCollection->loadRoutes()
10 SYSTEMPATH\CodeIgniter.php(457): CodeIgniter\CodeIgniter->tryToRouteIt(null)
11 SYSTEMPATH\CodeIgniter.php(355): CodeIgniter\CodeIgniter->handleRequest(null, Object(Config\Cache), false)
12 SYSTEMPATH\Boot.php(325): CodeIgniter\CodeIgniter->run()
13 SYSTEMPATH\Boot.php(67): CodeIgniter\Boot::runCodeIgniter(Object(CodeIgniter\CodeIgniter))
14 FCPATH\index.php(63): CodeIgniter\Boot::bootWeb(Object(Config\Paths))
WARNING - 2025-06-05 14:52:17 --> [DEPRECATED] Passing lowercase HTTP method "post" is deprecated. Use uppercase HTTP method like "POST". in SYSTEMPATH\Router\RouteCollection.php on line 1027.
 1 SYSTEMPATH\Router\RouteCollection.php(1027): trigger_error('Passing lowercase HTTP method "post" is deprecated. Use uppercase HTTP method like "POST".', 16384)
 2 APPPATH\Config\Routes\AdminRoutes.php(65): CodeIgniter\Router\RouteCollection->match([...], 'send_test_mail', 'SettingsController::send_test_mail')
 3 SYSTEMPATH\Router\RouteCollection.php(800): App\Config\Routes\AdminRoutes::App\Config\Routes\{closure}(Object(CodeIgniter\Router\RouteCollection))
 4 APPPATH\Config\Routes\AdminRoutes.php(63): CodeIgniter\Router\RouteCollection->group('settings', [...], Object(Closure))
 5 SYSTEMPATH\Router\RouteCollection.php(800): App\Config\Routes\AdminRoutes::App\Config\Routes\{closure}(Object(CodeIgniter\Router\RouteCollection))
 6 APPPATH\Config\Routes\AdminRoutes.php(28): CodeIgniter\Router\RouteCollection->group('admin', [...], Object(Closure))
 7 APPPATH\Config\Routes.php(20): App\Config\Routes\AdminRoutes::init(Object(CodeIgniter\Router\RouteCollection))
 8 SYSTEMPATH\Router\RouteCollection.php(340): require('C:\\xampp\\htdocs\\smartstore\\app\\Config\\Routes.php')
 9 SYSTEMPATH\CodeIgniter.php(823): CodeIgniter\Router\RouteCollection->loadRoutes()
10 SYSTEMPATH\CodeIgniter.php(457): CodeIgniter\CodeIgniter->tryToRouteIt(null)
11 SYSTEMPATH\CodeIgniter.php(355): CodeIgniter\CodeIgniter->handleRequest(null, Object(Config\Cache), false)
12 SYSTEMPATH\Boot.php(325): CodeIgniter\CodeIgniter->run()
13 SYSTEMPATH\Boot.php(67): CodeIgniter\Boot::runCodeIgniter(Object(CodeIgniter\CodeIgniter))
14 FCPATH\index.php(63): CodeIgniter\Boot::bootWeb(Object(Config\Paths))
WARNING - 2025-06-05 14:52:17 --> [DEPRECATED] Passing lowercase HTTP method "get" is deprecated. Use uppercase HTTP method like "GET". in SYSTEMPATH\Router\RouteCollection.php on line 1027.
 1 SYSTEMPATH\Router\RouteCollection.php(1027): trigger_error('Passing lowercase HTTP method "get" is deprecated. Use uppercase HTTP method like "GET".', 16384)
 2 APPPATH\Config\Routes\AdminRoutes.php(76): CodeIgniter\Router\RouteCollection->match([...], 'elfinder_connector', 'FilemanagerController::elfinder_connector')
 3 SYSTEMPATH\Router\RouteCollection.php(800): App\Config\Routes\AdminRoutes::App\Config\Routes\{closure}(Object(CodeIgniter\Router\RouteCollection))
 4 APPPATH\Config\Routes\AdminRoutes.php(73): CodeIgniter\Router\RouteCollection->group('filemanager', [...], Object(Closure))
 5 SYSTEMPATH\Router\RouteCollection.php(800): App\Config\Routes\AdminRoutes::App\Config\Routes\{closure}(Object(CodeIgniter\Router\RouteCollection))
 6 APPPATH\Config\Routes\AdminRoutes.php(28): CodeIgniter\Router\RouteCollection->group('admin', [...], Object(Closure))
 7 APPPATH\Config\Routes.php(20): App\Config\Routes\AdminRoutes::init(Object(CodeIgniter\Router\RouteCollection))
 8 SYSTEMPATH\Router\RouteCollection.php(340): require('C:\\xampp\\htdocs\\smartstore\\app\\Config\\Routes.php')
 9 SYSTEMPATH\CodeIgniter.php(823): CodeIgniter\Router\RouteCollection->loadRoutes()
10 SYSTEMPATH\CodeIgniter.php(457): CodeIgniter\CodeIgniter->tryToRouteIt(null)
11 SYSTEMPATH\CodeIgniter.php(355): CodeIgniter\CodeIgniter->handleRequest(null, Object(Config\Cache), false)
12 SYSTEMPATH\Boot.php(325): CodeIgniter\CodeIgniter->run()
13 SYSTEMPATH\Boot.php(67): CodeIgniter\Boot::runCodeIgniter(Object(CodeIgniter\CodeIgniter))
14 FCPATH\index.php(63): CodeIgniter\Boot::bootWeb(Object(Config\Paths))
WARNING - 2025-06-05 14:52:17 --> [DEPRECATED] Passing lowercase HTTP method "post" is deprecated. Use uppercase HTTP method like "POST". in SYSTEMPATH\Router\RouteCollection.php on line 1027.
 1 SYSTEMPATH\Router\RouteCollection.php(1027): trigger_error('Passing lowercase HTTP method "post" is deprecated. Use uppercase HTTP method like "POST".', 16384)
 2 APPPATH\Config\Routes\AdminRoutes.php(76): CodeIgniter\Router\RouteCollection->match([...], 'elfinder_connector', 'FilemanagerController::elfinder_connector')
 3 SYSTEMPATH\Router\RouteCollection.php(800): App\Config\Routes\AdminRoutes::App\Config\Routes\{closure}(Object(CodeIgniter\Router\RouteCollection))
 4 APPPATH\Config\Routes\AdminRoutes.php(73): CodeIgniter\Router\RouteCollection->group('filemanager', [...], Object(Closure))
 5 SYSTEMPATH\Router\RouteCollection.php(800): App\Config\Routes\AdminRoutes::App\Config\Routes\{closure}(Object(CodeIgniter\Router\RouteCollection))
 6 APPPATH\Config\Routes\AdminRoutes.php(28): CodeIgniter\Router\RouteCollection->group('admin', [...], Object(Closure))
 7 APPPATH\Config\Routes.php(20): App\Config\Routes\AdminRoutes::init(Object(CodeIgniter\Router\RouteCollection))
 8 SYSTEMPATH\Router\RouteCollection.php(340): require('C:\\xampp\\htdocs\\smartstore\\app\\Config\\Routes.php')
 9 SYSTEMPATH\CodeIgniter.php(823): CodeIgniter\Router\RouteCollection->loadRoutes()
10 SYSTEMPATH\CodeIgniter.php(457): CodeIgniter\CodeIgniter->tryToRouteIt(null)
11 SYSTEMPATH\CodeIgniter.php(355): CodeIgniter\CodeIgniter->handleRequest(null, Object(Config\Cache), false)
12 SYSTEMPATH\Boot.php(325): CodeIgniter\CodeIgniter->run()
13 SYSTEMPATH\Boot.php(67): CodeIgniter\Boot::runCodeIgniter(Object(CodeIgniter\CodeIgniter))
14 FCPATH\index.php(63): CodeIgniter\Boot::bootWeb(Object(Config\Paths))
WARNING - 2025-06-05 14:52:17 --> [DEPRECATED] Passing lowercase HTTP method "get" is deprecated. Use uppercase HTTP method like "GET". in SYSTEMPATH\Router\RouteCollection.php on line 1027.
 1 SYSTEMPATH\Router\RouteCollection.php(1027): trigger_error('Passing lowercase HTTP method "get" is deprecated. Use uppercase HTTP method like "GET".', 16384)
 2 APPPATH\Config\Routes\AdminRoutes.php(172): CodeIgniter\Router\RouteCollection->match([...], 'sync_services/?(:num)?', 'ProvidersController::sync_services/$1')
 3 SYSTEMPATH\Router\RouteCollection.php(800): App\Config\Routes\AdminRoutes::App\Config\Routes\{closure}(Object(CodeIgniter\Router\RouteCollection))
 4 APPPATH\Config\Routes\AdminRoutes.php(167): CodeIgniter\Router\RouteCollection->group('providers', [...], Object(Closure))
 5 SYSTEMPATH\Router\RouteCollection.php(800): App\Config\Routes\AdminRoutes::App\Config\Routes\{closure}(Object(CodeIgniter\Router\RouteCollection))
 6 APPPATH\Config\Routes\AdminRoutes.php(28): CodeIgniter\Router\RouteCollection->group('admin', [...], Object(Closure))
 7 APPPATH\Config\Routes.php(20): App\Config\Routes\AdminRoutes::init(Object(CodeIgniter\Router\RouteCollection))
 8 SYSTEMPATH\Router\RouteCollection.php(340): require('C:\\xampp\\htdocs\\smartstore\\app\\Config\\Routes.php')
 9 SYSTEMPATH\CodeIgniter.php(823): CodeIgniter\Router\RouteCollection->loadRoutes()
10 SYSTEMPATH\CodeIgniter.php(457): CodeIgniter\CodeIgniter->tryToRouteIt(null)
11 SYSTEMPATH\CodeIgniter.php(355): CodeIgniter\CodeIgniter->handleRequest(null, Object(Config\Cache), false)
12 SYSTEMPATH\Boot.php(325): CodeIgniter\CodeIgniter->run()
13 SYSTEMPATH\Boot.php(67): CodeIgniter\Boot::runCodeIgniter(Object(CodeIgniter\CodeIgniter))
14 FCPATH\index.php(63): CodeIgniter\Boot::bootWeb(Object(Config\Paths))
WARNING - 2025-06-05 14:52:17 --> [DEPRECATED] Passing lowercase HTTP method "post" is deprecated. Use uppercase HTTP method like "POST". in SYSTEMPATH\Router\RouteCollection.php on line 1027.
 1 SYSTEMPATH\Router\RouteCollection.php(1027): trigger_error('Passing lowercase HTTP method "post" is deprecated. Use uppercase HTTP method like "POST".', 16384)
 2 APPPATH\Config\Routes\AdminRoutes.php(172): CodeIgniter\Router\RouteCollection->match([...], 'sync_services/?(:num)?', 'ProvidersController::sync_services/$1')
 3 SYSTEMPATH\Router\RouteCollection.php(800): App\Config\Routes\AdminRoutes::App\Config\Routes\{closure}(Object(CodeIgniter\Router\RouteCollection))
 4 APPPATH\Config\Routes\AdminRoutes.php(167): CodeIgniter\Router\RouteCollection->group('providers', [...], Object(Closure))
 5 SYSTEMPATH\Router\RouteCollection.php(800): App\Config\Routes\AdminRoutes::App\Config\Routes\{closure}(Object(CodeIgniter\Router\RouteCollection))
 6 APPPATH\Config\Routes\AdminRoutes.php(28): CodeIgniter\Router\RouteCollection->group('admin', [...], Object(Closure))
 7 APPPATH\Config\Routes.php(20): App\Config\Routes\AdminRoutes::init(Object(CodeIgniter\Router\RouteCollection))
 8 SYSTEMPATH\Router\RouteCollection.php(340): require('C:\\xampp\\htdocs\\smartstore\\app\\Config\\Routes.php')
 9 SYSTEMPATH\CodeIgniter.php(823): CodeIgniter\Router\RouteCollection->loadRoutes()
10 SYSTEMPATH\CodeIgniter.php(457): CodeIgniter\CodeIgniter->tryToRouteIt(null)
11 SYSTEMPATH\CodeIgniter.php(355): CodeIgniter\CodeIgniter->handleRequest(null, Object(Config\Cache), false)
12 SYSTEMPATH\Boot.php(325): CodeIgniter\CodeIgniter->run()
13 SYSTEMPATH\Boot.php(67): CodeIgniter\Boot::runCodeIgniter(Object(CodeIgniter\CodeIgniter))
14 FCPATH\index.php(63): CodeIgniter\Boot::bootWeb(Object(Config\Paths))
WARNING - 2025-06-05 14:52:17 --> [DEPRECATED] Passing lowercase HTTP method "get" is deprecated. Use uppercase HTTP method like "GET". in SYSTEMPATH\Router\RouteCollection.php on line 1027.
 1 SYSTEMPATH\Router\RouteCollection.php(1027): trigger_error('Passing lowercase HTTP method "get" is deprecated. Use uppercase HTTP method like "GET".', 16384)
 2 APPPATH\Config\Routes\AdminRoutes.php(185): CodeIgniter\Router\RouteCollection->match([...], 'add_note/?(:num)?', 'UsersController::add_note/$1')
 3 SYSTEMPATH\Router\RouteCollection.php(800): App\Config\Routes\AdminRoutes::App\Config\Routes\{closure}(Object(CodeIgniter\Router\RouteCollection))
 4 APPPATH\Config\Routes\AdminRoutes.php(182): CodeIgniter\Router\RouteCollection->group('users', [...], Object(Closure))
 5 SYSTEMPATH\Router\RouteCollection.php(800): App\Config\Routes\AdminRoutes::App\Config\Routes\{closure}(Object(CodeIgniter\Router\RouteCollection))
 6 APPPATH\Config\Routes\AdminRoutes.php(28): CodeIgniter\Router\RouteCollection->group('admin', [...], Object(Closure))
 7 APPPATH\Config\Routes.php(20): App\Config\Routes\AdminRoutes::init(Object(CodeIgniter\Router\RouteCollection))
 8 SYSTEMPATH\Router\RouteCollection.php(340): require('C:\\xampp\\htdocs\\smartstore\\app\\Config\\Routes.php')
 9 SYSTEMPATH\CodeIgniter.php(823): CodeIgniter\Router\RouteCollection->loadRoutes()
10 SYSTEMPATH\CodeIgniter.php(457): CodeIgniter\CodeIgniter->tryToRouteIt(null)
11 SYSTEMPATH\CodeIgniter.php(355): CodeIgniter\CodeIgniter->handleRequest(null, Object(Config\Cache), false)
12 SYSTEMPATH\Boot.php(325): CodeIgniter\CodeIgniter->run()
13 SYSTEMPATH\Boot.php(67): CodeIgniter\Boot::runCodeIgniter(Object(CodeIgniter\CodeIgniter))
14 FCPATH\index.php(63): CodeIgniter\Boot::bootWeb(Object(Config\Paths))
WARNING - 2025-06-05 14:52:17 --> [DEPRECATED] Passing lowercase HTTP method "post" is deprecated. Use uppercase HTTP method like "POST". in SYSTEMPATH\Router\RouteCollection.php on line 1027.
 1 SYSTEMPATH\Router\RouteCollection.php(1027): trigger_error('Passing lowercase HTTP method "post" is deprecated. Use uppercase HTTP method like "POST".', 16384)
 2 APPPATH\Config\Routes\AdminRoutes.php(185): CodeIgniter\Router\RouteCollection->match([...], 'add_note/?(:num)?', 'UsersController::add_note/$1')
 3 SYSTEMPATH\Router\RouteCollection.php(800): App\Config\Routes\AdminRoutes::App\Config\Routes\{closure}(Object(CodeIgniter\Router\RouteCollection))
 4 APPPATH\Config\Routes\AdminRoutes.php(182): CodeIgniter\Router\RouteCollection->group('users', [...], Object(Closure))
 5 SYSTEMPATH\Router\RouteCollection.php(800): App\Config\Routes\AdminRoutes::App\Config\Routes\{closure}(Object(CodeIgniter\Router\RouteCollection))
 6 APPPATH\Config\Routes\AdminRoutes.php(28): CodeIgniter\Router\RouteCollection->group('admin', [...], Object(Closure))
 7 APPPATH\Config\Routes.php(20): App\Config\Routes\AdminRoutes::init(Object(CodeIgniter\Router\RouteCollection))
 8 SYSTEMPATH\Router\RouteCollection.php(340): require('C:\\xampp\\htdocs\\smartstore\\app\\Config\\Routes.php')
 9 SYSTEMPATH\CodeIgniter.php(823): CodeIgniter\Router\RouteCollection->loadRoutes()
10 SYSTEMPATH\CodeIgniter.php(457): CodeIgniter\CodeIgniter->tryToRouteIt(null)
11 SYSTEMPATH\CodeIgniter.php(355): CodeIgniter\CodeIgniter->handleRequest(null, Object(Config\Cache), false)
12 SYSTEMPATH\Boot.php(325): CodeIgniter\CodeIgniter->run()
13 SYSTEMPATH\Boot.php(67): CodeIgniter\Boot::runCodeIgniter(Object(CodeIgniter\CodeIgniter))
14 FCPATH\index.php(63): CodeIgniter\Boot::bootWeb(Object(Config\Paths))
WARNING - 2025-06-05 14:52:17 --> [DEPRECATED] Passing lowercase HTTP method "get" is deprecated. Use uppercase HTTP method like "GET". in SYSTEMPATH\Router\RouteCollection.php on line 1027.
 1 SYSTEMPATH\Router\RouteCollection.php(1027): trigger_error('Passing lowercase HTTP method "get" is deprecated. Use uppercase HTTP method like "GET".', 16384)
 2 APPPATH\Config\Routes\AdminRoutes.php(186): CodeIgniter\Router\RouteCollection->match([...], 'send_mail/?(:num)?', 'UsersController::send_mail/$1')
 3 SYSTEMPATH\Router\RouteCollection.php(800): App\Config\Routes\AdminRoutes::App\Config\Routes\{closure}(Object(CodeIgniter\Router\RouteCollection))
 4 APPPATH\Config\Routes\AdminRoutes.php(182): CodeIgniter\Router\RouteCollection->group('users', [...], Object(Closure))
 5 SYSTEMPATH\Router\RouteCollection.php(800): App\Config\Routes\AdminRoutes::App\Config\Routes\{closure}(Object(CodeIgniter\Router\RouteCollection))
 6 APPPATH\Config\Routes\AdminRoutes.php(28): CodeIgniter\Router\RouteCollection->group('admin', [...], Object(Closure))
 7 APPPATH\Config\Routes.php(20): App\Config\Routes\AdminRoutes::init(Object(CodeIgniter\Router\RouteCollection))
 8 SYSTEMPATH\Router\RouteCollection.php(340): require('C:\\xampp\\htdocs\\smartstore\\app\\Config\\Routes.php')
 9 SYSTEMPATH\CodeIgniter.php(823): CodeIgniter\Router\RouteCollection->loadRoutes()
10 SYSTEMPATH\CodeIgniter.php(457): CodeIgniter\CodeIgniter->tryToRouteIt(null)
11 SYSTEMPATH\CodeIgniter.php(355): CodeIgniter\CodeIgniter->handleRequest(null, Object(Config\Cache), false)
12 SYSTEMPATH\Boot.php(325): CodeIgniter\CodeIgniter->run()
13 SYSTEMPATH\Boot.php(67): CodeIgniter\Boot::runCodeIgniter(Object(CodeIgniter\CodeIgniter))
14 FCPATH\index.php(63): CodeIgniter\Boot::bootWeb(Object(Config\Paths))
WARNING - 2025-06-05 14:52:17 --> [DEPRECATED] Passing lowercase HTTP method "post" is deprecated. Use uppercase HTTP method like "POST". in SYSTEMPATH\Router\RouteCollection.php on line 1027.
 1 SYSTEMPATH\Router\RouteCollection.php(1027): trigger_error('Passing lowercase HTTP method "post" is deprecated. Use uppercase HTTP method like "POST".', 16384)
 2 APPPATH\Config\Routes\AdminRoutes.php(186): CodeIgniter\Router\RouteCollection->match([...], 'send_mail/?(:num)?', 'UsersController::send_mail/$1')
 3 SYSTEMPATH\Router\RouteCollection.php(800): App\Config\Routes\AdminRoutes::App\Config\Routes\{closure}(Object(CodeIgniter\Router\RouteCollection))
 4 APPPATH\Config\Routes\AdminRoutes.php(182): CodeIgniter\Router\RouteCollection->group('users', [...], Object(Closure))
 5 SYSTEMPATH\Router\RouteCollection.php(800): App\Config\Routes\AdminRoutes::App\Config\Routes\{closure}(Object(CodeIgniter\Router\RouteCollection))
 6 APPPATH\Config\Routes\AdminRoutes.php(28): CodeIgniter\Router\RouteCollection->group('admin', [...], Object(Closure))
 7 APPPATH\Config\Routes.php(20): App\Config\Routes\AdminRoutes::init(Object(CodeIgniter\Router\RouteCollection))
 8 SYSTEMPATH\Router\RouteCollection.php(340): require('C:\\xampp\\htdocs\\smartstore\\app\\Config\\Routes.php')
 9 SYSTEMPATH\CodeIgniter.php(823): CodeIgniter\Router\RouteCollection->loadRoutes()
10 SYSTEMPATH\CodeIgniter.php(457): CodeIgniter\CodeIgniter->tryToRouteIt(null)
11 SYSTEMPATH\CodeIgniter.php(355): CodeIgniter\CodeIgniter->handleRequest(null, Object(Config\Cache), false)
12 SYSTEMPATH\Boot.php(325): CodeIgniter\CodeIgniter->run()
13 SYSTEMPATH\Boot.php(67): CodeIgniter\Boot::runCodeIgniter(Object(CodeIgniter\CodeIgniter))
14 FCPATH\index.php(63): CodeIgniter\Boot::bootWeb(Object(Config\Paths))
WARNING - 2025-06-05 14:52:17 --> [DEPRECATED] Passing lowercase HTTP method "get" is deprecated. Use uppercase HTTP method like "GET". in SYSTEMPATH\Router\RouteCollection.php on line 1027.
 1 SYSTEMPATH\Router\RouteCollection.php(1027): trigger_error('Passing lowercase HTTP method "get" is deprecated. Use uppercase HTTP method like "GET".', 16384)
 2 APPPATH\Config\Routes\AdminRoutes.php(215): CodeIgniter\Router\RouteCollection->match([...], 'send_mail/?(:num)?', 'TicketsController::send_mail/$1')
 3 SYSTEMPATH\Router\RouteCollection.php(800): App\Config\Routes\AdminRoutes::App\Config\Routes\{closure}(Object(CodeIgniter\Router\RouteCollection))
 4 APPPATH\Config\Routes\AdminRoutes.php(212): CodeIgniter\Router\RouteCollection->group('tickets', [...], Object(Closure))
 5 SYSTEMPATH\Router\RouteCollection.php(800): App\Config\Routes\AdminRoutes::App\Config\Routes\{closure}(Object(CodeIgniter\Router\RouteCollection))
 6 APPPATH\Config\Routes\AdminRoutes.php(28): CodeIgniter\Router\RouteCollection->group('admin', [...], Object(Closure))
 7 APPPATH\Config\Routes.php(20): App\Config\Routes\AdminRoutes::init(Object(CodeIgniter\Router\RouteCollection))
 8 SYSTEMPATH\Router\RouteCollection.php(340): require('C:\\xampp\\htdocs\\smartstore\\app\\Config\\Routes.php')
 9 SYSTEMPATH\CodeIgniter.php(823): CodeIgniter\Router\RouteCollection->loadRoutes()
10 SYSTEMPATH\CodeIgniter.php(457): CodeIgniter\CodeIgniter->tryToRouteIt(null)
11 SYSTEMPATH\CodeIgniter.php(355): CodeIgniter\CodeIgniter->handleRequest(null, Object(Config\Cache), false)
12 SYSTEMPATH\Boot.php(325): CodeIgniter\CodeIgniter->run()
13 SYSTEMPATH\Boot.php(67): CodeIgniter\Boot::runCodeIgniter(Object(CodeIgniter\CodeIgniter))
14 FCPATH\index.php(63): CodeIgniter\Boot::bootWeb(Object(Config\Paths))
WARNING - 2025-06-05 14:52:17 --> [DEPRECATED] Passing lowercase HTTP method "post" is deprecated. Use uppercase HTTP method like "POST". in SYSTEMPATH\Router\RouteCollection.php on line 1027.
 1 SYSTEMPATH\Router\RouteCollection.php(1027): trigger_error('Passing lowercase HTTP method "post" is deprecated. Use uppercase HTTP method like "POST".', 16384)
 2 APPPATH\Config\Routes\AdminRoutes.php(215): CodeIgniter\Router\RouteCollection->match([...], 'send_mail/?(:num)?', 'TicketsController::send_mail/$1')
 3 SYSTEMPATH\Router\RouteCollection.php(800): App\Config\Routes\AdminRoutes::App\Config\Routes\{closure}(Object(CodeIgniter\Router\RouteCollection))
 4 APPPATH\Config\Routes\AdminRoutes.php(212): CodeIgniter\Router\RouteCollection->group('tickets', [...], Object(Closure))
 5 SYSTEMPATH\Router\RouteCollection.php(800): App\Config\Routes\AdminRoutes::App\Config\Routes\{closure}(Object(CodeIgniter\Router\RouteCollection))
 6 APPPATH\Config\Routes\AdminRoutes.php(28): CodeIgniter\Router\RouteCollection->group('admin', [...], Object(Closure))
 7 APPPATH\Config\Routes.php(20): App\Config\Routes\AdminRoutes::init(Object(CodeIgniter\Router\RouteCollection))
 8 SYSTEMPATH\Router\RouteCollection.php(340): require('C:\\xampp\\htdocs\\smartstore\\app\\Config\\Routes.php')
 9 SYSTEMPATH\CodeIgniter.php(823): CodeIgniter\Router\RouteCollection->loadRoutes()
10 SYSTEMPATH\CodeIgniter.php(457): CodeIgniter\CodeIgniter->tryToRouteIt(null)
11 SYSTEMPATH\CodeIgniter.php(355): CodeIgniter\CodeIgniter->handleRequest(null, Object(Config\Cache), false)
12 SYSTEMPATH\Boot.php(325): CodeIgniter\CodeIgniter->run()
13 SYSTEMPATH\Boot.php(67): CodeIgniter\Boot::runCodeIgniter(Object(CodeIgniter\CodeIgniter))
14 FCPATH\index.php(63): CodeIgniter\Boot::bootWeb(Object(Config\Paths))
WARNING - 2025-06-05 14:52:17 --> [DEPRECATED] Passing lowercase HTTP method "get" is deprecated. Use uppercase HTTP method like "GET". in SYSTEMPATH\Router\RouteCollection.php on line 1027.
 1 SYSTEMPATH\Router\RouteCollection.php(1027): trigger_error('Passing lowercase HTTP method "get" is deprecated. Use uppercase HTTP method like "GET".', 16384)
 2 APPPATH\Config\Routes\UserRoutes.php(49): CodeIgniter\Router\RouteCollection->match([...], 'submit_review', 'ClientController::submit_review', [...])
 3 APPPATH\Config\Routes\UserRoutes.php(23): App\Config\Routes\UserRoutes::defineRoutes(Object(CodeIgniter\Router\RouteCollection))
 4 APPPATH\Config\Routes.php(21): App\Config\Routes\UserRoutes::init(Object(CodeIgniter\Router\RouteCollection))
 5 SYSTEMPATH\Router\RouteCollection.php(340): require('C:\\xampp\\htdocs\\smartstore\\app\\Config\\Routes.php')
 6 SYSTEMPATH\CodeIgniter.php(823): CodeIgniter\Router\RouteCollection->loadRoutes()
 7 SYSTEMPATH\CodeIgniter.php(457): CodeIgniter\CodeIgniter->tryToRouteIt(null)
 8 SYSTEMPATH\CodeIgniter.php(355): CodeIgniter\CodeIgniter->handleRequest(null, Object(Config\Cache), false)
 9 SYSTEMPATH\Boot.php(325): CodeIgniter\CodeIgniter->run()
10 SYSTEMPATH\Boot.php(67): CodeIgniter\Boot::runCodeIgniter(Object(CodeIgniter\CodeIgniter))
11 FCPATH\index.php(63): CodeIgniter\Boot::bootWeb(Object(Config\Paths))
WARNING - 2025-06-05 14:52:17 --> [DEPRECATED] Passing lowercase HTTP method "post" is deprecated. Use uppercase HTTP method like "POST". in SYSTEMPATH\Router\RouteCollection.php on line 1027.
 1 SYSTEMPATH\Router\RouteCollection.php(1027): trigger_error('Passing lowercase HTTP method "post" is deprecated. Use uppercase HTTP method like "POST".', 16384)
 2 APPPATH\Config\Routes\UserRoutes.php(49): CodeIgniter\Router\RouteCollection->match([...], 'submit_review', 'ClientController::submit_review', [...])
 3 APPPATH\Config\Routes\UserRoutes.php(23): App\Config\Routes\UserRoutes::defineRoutes(Object(CodeIgniter\Router\RouteCollection))
 4 APPPATH\Config\Routes.php(21): App\Config\Routes\UserRoutes::init(Object(CodeIgniter\Router\RouteCollection))
 5 SYSTEMPATH\Router\RouteCollection.php(340): require('C:\\xampp\\htdocs\\smartstore\\app\\Config\\Routes.php')
 6 SYSTEMPATH\CodeIgniter.php(823): CodeIgniter\Router\RouteCollection->loadRoutes()
 7 SYSTEMPATH\CodeIgniter.php(457): CodeIgniter\CodeIgniter->tryToRouteIt(null)
 8 SYSTEMPATH\CodeIgniter.php(355): CodeIgniter\CodeIgniter->handleRequest(null, Object(Config\Cache), false)
 9 SYSTEMPATH\Boot.php(325): CodeIgniter\CodeIgniter->run()
10 SYSTEMPATH\Boot.php(67): CodeIgniter\Boot::runCodeIgniter(Object(CodeIgniter\CodeIgniter))
11 FCPATH\index.php(63): CodeIgniter\Boot::bootWeb(Object(Config\Paths))
WARNING - 2025-06-05 14:52:17 --> [DEPRECATED] Passing lowercase HTTP method "get" is deprecated. Use uppercase HTTP method like "GET". in SYSTEMPATH\Router\RouteCollection.php on line 1027.
 1 SYSTEMPATH\Router\RouteCollection.php(1027): trigger_error('Passing lowercase HTTP method "get" is deprecated. Use uppercase HTTP method like "GET".', 16384)
 2 APPPATH\Config\Routes\UserRoutes.php(63): CodeIgniter\Router\RouteCollection->match([...], 'track-order', 'OrderController::track_order', [...])
 3 APPPATH\Config\Routes\UserRoutes.php(23): App\Config\Routes\UserRoutes::defineRoutes(Object(CodeIgniter\Router\RouteCollection))
 4 APPPATH\Config\Routes.php(21): App\Config\Routes\UserRoutes::init(Object(CodeIgniter\Router\RouteCollection))
 5 SYSTEMPATH\Router\RouteCollection.php(340): require('C:\\xampp\\htdocs\\smartstore\\app\\Config\\Routes.php')
 6 SYSTEMPATH\CodeIgniter.php(823): CodeIgniter\Router\RouteCollection->loadRoutes()
 7 SYSTEMPATH\CodeIgniter.php(457): CodeIgniter\CodeIgniter->tryToRouteIt(null)
 8 SYSTEMPATH\CodeIgniter.php(355): CodeIgniter\CodeIgniter->handleRequest(null, Object(Config\Cache), false)
 9 SYSTEMPATH\Boot.php(325): CodeIgniter\CodeIgniter->run()
10 SYSTEMPATH\Boot.php(67): CodeIgniter\Boot::runCodeIgniter(Object(CodeIgniter\CodeIgniter))
11 FCPATH\index.php(63): CodeIgniter\Boot::bootWeb(Object(Config\Paths))
WARNING - 2025-06-05 14:52:17 --> [DEPRECATED] Passing lowercase HTTP method "post" is deprecated. Use uppercase HTTP method like "POST". in SYSTEMPATH\Router\RouteCollection.php on line 1027.
 1 SYSTEMPATH\Router\RouteCollection.php(1027): trigger_error('Passing lowercase HTTP method "post" is deprecated. Use uppercase HTTP method like "POST".', 16384)
 2 APPPATH\Config\Routes\UserRoutes.php(63): CodeIgniter\Router\RouteCollection->match([...], 'track-order', 'OrderController::track_order', [...])
 3 APPPATH\Config\Routes\UserRoutes.php(23): App\Config\Routes\UserRoutes::defineRoutes(Object(CodeIgniter\Router\RouteCollection))
 4 APPPATH\Config\Routes.php(21): App\Config\Routes\UserRoutes::init(Object(CodeIgniter\Router\RouteCollection))
 5 SYSTEMPATH\Router\RouteCollection.php(340): require('C:\\xampp\\htdocs\\smartstore\\app\\Config\\Routes.php')
 6 SYSTEMPATH\CodeIgniter.php(823): CodeIgniter\Router\RouteCollection->loadRoutes()
 7 SYSTEMPATH\CodeIgniter.php(457): CodeIgniter\CodeIgniter->tryToRouteIt(null)
 8 SYSTEMPATH\CodeIgniter.php(355): CodeIgniter\CodeIgniter->handleRequest(null, Object(Config\Cache), false)
 9 SYSTEMPATH\Boot.php(325): CodeIgniter\CodeIgniter->run()
10 SYSTEMPATH\Boot.php(67): CodeIgniter\Boot::runCodeIgniter(Object(CodeIgniter\CodeIgniter))
11 FCPATH\index.php(63): CodeIgniter\Boot::bootWeb(Object(Config\Paths))
WARNING - 2025-06-05 14:52:17 --> [DEPRECATED] Passing lowercase HTTP method "get" is deprecated. Use uppercase HTTP method like "GET". in SYSTEMPATH\Router\RouteCollection.php on line 1027.
 1 SYSTEMPATH\Router\RouteCollection.php(1027): trigger_error('Passing lowercase HTTP method "get" is deprecated. Use uppercase HTTP method like "GET".', 16384)
 2 APPPATH\Config\Routes\UserRoutes.php(49): CodeIgniter\Router\RouteCollection->match([...], 'submit_review', 'ClientController::submit_review', [...])
 3 APPPATH\Config\Routes\UserRoutes.php(26): App\Config\Routes\UserRoutes::defineRoutes(Object(CodeIgniter\Router\RouteCollection))
 4 SYSTEMPATH\Router\RouteCollection.php(800): App\Config\Routes\UserRoutes::App\Config\Routes\{closure}(Object(CodeIgniter\Router\RouteCollection))
 5 APPPATH\Config\Routes\UserRoutes.php(25): CodeIgniter\Router\RouteCollection->group('{locale}', Object(Closure))
 6 APPPATH\Config\Routes.php(21): App\Config\Routes\UserRoutes::init(Object(CodeIgniter\Router\RouteCollection))
 7 SYSTEMPATH\Router\RouteCollection.php(340): require('C:\\xampp\\htdocs\\smartstore\\app\\Config\\Routes.php')
 8 SYSTEMPATH\CodeIgniter.php(823): CodeIgniter\Router\RouteCollection->loadRoutes()
 9 SYSTEMPATH\CodeIgniter.php(457): CodeIgniter\CodeIgniter->tryToRouteIt(null)
10 SYSTEMPATH\CodeIgniter.php(355): CodeIgniter\CodeIgniter->handleRequest(null, Object(Config\Cache), false)
11 SYSTEMPATH\Boot.php(325): CodeIgniter\CodeIgniter->run()
12 SYSTEMPATH\Boot.php(67): CodeIgniter\Boot::runCodeIgniter(Object(CodeIgniter\CodeIgniter))
13 FCPATH\index.php(63): CodeIgniter\Boot::bootWeb(Object(Config\Paths))
WARNING - 2025-06-05 14:52:17 --> [DEPRECATED] Passing lowercase HTTP method "post" is deprecated. Use uppercase HTTP method like "POST". in SYSTEMPATH\Router\RouteCollection.php on line 1027.
 1 SYSTEMPATH\Router\RouteCollection.php(1027): trigger_error('Passing lowercase HTTP method "post" is deprecated. Use uppercase HTTP method like "POST".', 16384)
 2 APPPATH\Config\Routes\UserRoutes.php(49): CodeIgniter\Router\RouteCollection->match([...], 'submit_review', 'ClientController::submit_review', [...])
 3 APPPATH\Config\Routes\UserRoutes.php(26): App\Config\Routes\UserRoutes::defineRoutes(Object(CodeIgniter\Router\RouteCollection))
 4 SYSTEMPATH\Router\RouteCollection.php(800): App\Config\Routes\UserRoutes::App\Config\Routes\{closure}(Object(CodeIgniter\Router\RouteCollection))
 5 APPPATH\Config\Routes\UserRoutes.php(25): CodeIgniter\Router\RouteCollection->group('{locale}', Object(Closure))
 6 APPPATH\Config\Routes.php(21): App\Config\Routes\UserRoutes::init(Object(CodeIgniter\Router\RouteCollection))
 7 SYSTEMPATH\Router\RouteCollection.php(340): require('C:\\xampp\\htdocs\\smartstore\\app\\Config\\Routes.php')
 8 SYSTEMPATH\CodeIgniter.php(823): CodeIgniter\Router\RouteCollection->loadRoutes()
 9 SYSTEMPATH\CodeIgniter.php(457): CodeIgniter\CodeIgniter->tryToRouteIt(null)
10 SYSTEMPATH\CodeIgniter.php(355): CodeIgniter\CodeIgniter->handleRequest(null, Object(Config\Cache), false)
11 SYSTEMPATH\Boot.php(325): CodeIgniter\CodeIgniter->run()
12 SYSTEMPATH\Boot.php(67): CodeIgniter\Boot::runCodeIgniter(Object(CodeIgniter\CodeIgniter))
13 FCPATH\index.php(63): CodeIgniter\Boot::bootWeb(Object(Config\Paths))
WARNING - 2025-06-05 14:52:17 --> [DEPRECATED] Passing lowercase HTTP method "get" is deprecated. Use uppercase HTTP method like "GET". in SYSTEMPATH\Router\RouteCollection.php on line 1027.
 1 SYSTEMPATH\Router\RouteCollection.php(1027): trigger_error('Passing lowercase HTTP method "get" is deprecated. Use uppercase HTTP method like "GET".', 16384)
 2 APPPATH\Config\Routes\UserRoutes.php(63): CodeIgniter\Router\RouteCollection->match([...], 'track-order', 'OrderController::track_order', [...])
 3 APPPATH\Config\Routes\UserRoutes.php(26): App\Config\Routes\UserRoutes::defineRoutes(Object(CodeIgniter\Router\RouteCollection))
 4 SYSTEMPATH\Router\RouteCollection.php(800): App\Config\Routes\UserRoutes::App\Config\Routes\{closure}(Object(CodeIgniter\Router\RouteCollection))
 5 APPPATH\Config\Routes\UserRoutes.php(25): CodeIgniter\Router\RouteCollection->group('{locale}', Object(Closure))
 6 APPPATH\Config\Routes.php(21): App\Config\Routes\UserRoutes::init(Object(CodeIgniter\Router\RouteCollection))
 7 SYSTEMPATH\Router\RouteCollection.php(340): require('C:\\xampp\\htdocs\\smartstore\\app\\Config\\Routes.php')
 8 SYSTEMPATH\CodeIgniter.php(823): CodeIgniter\Router\RouteCollection->loadRoutes()
 9 SYSTEMPATH\CodeIgniter.php(457): CodeIgniter\CodeIgniter->tryToRouteIt(null)
10 SYSTEMPATH\CodeIgniter.php(355): CodeIgniter\CodeIgniter->handleRequest(null, Object(Config\Cache), false)
11 SYSTEMPATH\Boot.php(325): CodeIgniter\CodeIgniter->run()
12 SYSTEMPATH\Boot.php(67): CodeIgniter\Boot::runCodeIgniter(Object(CodeIgniter\CodeIgniter))
13 FCPATH\index.php(63): CodeIgniter\Boot::bootWeb(Object(Config\Paths))
WARNING - 2025-06-05 14:52:17 --> [DEPRECATED] Passing lowercase HTTP method "post" is deprecated. Use uppercase HTTP method like "POST". in SYSTEMPATH\Router\RouteCollection.php on line 1027.
 1 SYSTEMPATH\Router\RouteCollection.php(1027): trigger_error('Passing lowercase HTTP method "post" is deprecated. Use uppercase HTTP method like "POST".', 16384)
 2 APPPATH\Config\Routes\UserRoutes.php(63): CodeIgniter\Router\RouteCollection->match([...], 'track-order', 'OrderController::track_order', [...])
 3 APPPATH\Config\Routes\UserRoutes.php(26): App\Config\Routes\UserRoutes::defineRoutes(Object(CodeIgniter\Router\RouteCollection))
 4 SYSTEMPATH\Router\RouteCollection.php(800): App\Config\Routes\UserRoutes::App\Config\Routes\{closure}(Object(CodeIgniter\Router\RouteCollection))
 5 APPPATH\Config\Routes\UserRoutes.php(25): CodeIgniter\Router\RouteCollection->group('{locale}', Object(Closure))
 6 APPPATH\Config\Routes.php(21): App\Config\Routes\UserRoutes::init(Object(CodeIgniter\Router\RouteCollection))
 7 SYSTEMPATH\Router\RouteCollection.php(340): require('C:\\xampp\\htdocs\\smartstore\\app\\Config\\Routes.php')
 8 SYSTEMPATH\CodeIgniter.php(823): CodeIgniter\Router\RouteCollection->loadRoutes()
 9 SYSTEMPATH\CodeIgniter.php(457): CodeIgniter\CodeIgniter->tryToRouteIt(null)
10 SYSTEMPATH\CodeIgniter.php(355): CodeIgniter\CodeIgniter->handleRequest(null, Object(Config\Cache), false)
11 SYSTEMPATH\Boot.php(325): CodeIgniter\CodeIgniter->run()
12 SYSTEMPATH\Boot.php(67): CodeIgniter\Boot::runCodeIgniter(Object(CodeIgniter\CodeIgniter))
13 FCPATH\index.php(63): CodeIgniter\Boot::bootWeb(Object(Config\Paths))
INFO - 2025-06-05 14:52:17 --> Session: Class initialized using 'CodeIgniter\Session\Handlers\FileHandler' driver.
WARNING - 2025-06-05 14:52:17 --> [DEPRECATED] Creation of dynamic property App\Controllers\Public\PageController::$load_files is deprecated in APPPATH\Controllers\Public\PageController.php on line 21.
 1 SYSTEMPATH\CodeIgniter.php(903): App\Controllers\Public\PageController->__construct()
 2 SYSTEMPATH\CodeIgniter.php(500): CodeIgniter\CodeIgniter->createController()
 3 SYSTEMPATH\CodeIgniter.php(355): CodeIgniter\CodeIgniter->handleRequest(null, Object(Config\Cache), false)
 4 SYSTEMPATH\Boot.php(325): CodeIgniter\CodeIgniter->run()
 5 SYSTEMPATH\Boot.php(67): CodeIgniter\Boot::runCodeIgniter(Object(CodeIgniter\CodeIgniter))
 6 FCPATH\index.php(63): CodeIgniter\Boot::bootWeb(Object(Config\Paths))
WARNING - 2025-06-05 14:52:17 --> [DEPRECATED] Creation of dynamic property App\Controllers\Public\PageController::$page_title is deprecated in APPPATH\Controllers\Public\PageController.php on line 22.
 1 SYSTEMPATH\CodeIgniter.php(903): App\Controllers\Public\PageController->__construct()
 2 SYSTEMPATH\CodeIgniter.php(500): CodeIgniter\CodeIgniter->createController()
 3 SYSTEMPATH\CodeIgniter.php(355): CodeIgniter\CodeIgniter->handleRequest(null, Object(Config\Cache), false)
 4 SYSTEMPATH\Boot.php(325): CodeIgniter\CodeIgniter->run()
 5 SYSTEMPATH\Boot.php(67): CodeIgniter\Boot::runCodeIgniter(Object(CodeIgniter\CodeIgniter))
 6 FCPATH\index.php(63): CodeIgniter\Boot::bootWeb(Object(Config\Paths))
WARNING - 2025-06-05 14:52:20 --> [DEPRECATED] Passing lowercase HTTP method "get" is deprecated. Use uppercase HTTP method like "GET". in SYSTEMPATH\Router\RouteCollection.php on line 1027.
 1 SYSTEMPATH\Router\RouteCollection.php(1027): trigger_error('Passing lowercase HTTP method "get" is deprecated. Use uppercase HTTP method like "GET".', 16384)
 2 APPPATH\Config\Routes\AdminRoutes.php(65): CodeIgniter\Router\RouteCollection->match([...], 'send_test_mail', 'SettingsController::send_test_mail')
 3 SYSTEMPATH\Router\RouteCollection.php(800): App\Config\Routes\AdminRoutes::App\Config\Routes\{closure}(Object(CodeIgniter\Router\RouteCollection))
 4 APPPATH\Config\Routes\AdminRoutes.php(63): CodeIgniter\Router\RouteCollection->group('settings', [...], Object(Closure))
 5 SYSTEMPATH\Router\RouteCollection.php(800): App\Config\Routes\AdminRoutes::App\Config\Routes\{closure}(Object(CodeIgniter\Router\RouteCollection))
 6 APPPATH\Config\Routes\AdminRoutes.php(28): CodeIgniter\Router\RouteCollection->group('admin', [...], Object(Closure))
 7 APPPATH\Config\Routes.php(20): App\Config\Routes\AdminRoutes::init(Object(CodeIgniter\Router\RouteCollection))
 8 SYSTEMPATH\Router\RouteCollection.php(340): require('C:\\xampp\\htdocs\\smartstore\\app\\Config\\Routes.php')
 9 SYSTEMPATH\CodeIgniter.php(823): CodeIgniter\Router\RouteCollection->loadRoutes()
10 SYSTEMPATH\CodeIgniter.php(457): CodeIgniter\CodeIgniter->tryToRouteIt(null)
11 SYSTEMPATH\CodeIgniter.php(355): CodeIgniter\CodeIgniter->handleRequest(null, Object(Config\Cache), false)
12 SYSTEMPATH\Boot.php(325): CodeIgniter\CodeIgniter->run()
13 SYSTEMPATH\Boot.php(67): CodeIgniter\Boot::runCodeIgniter(Object(CodeIgniter\CodeIgniter))
14 FCPATH\index.php(63): CodeIgniter\Boot::bootWeb(Object(Config\Paths))
WARNING - 2025-06-05 14:52:20 --> [DEPRECATED] Passing lowercase HTTP method "post" is deprecated. Use uppercase HTTP method like "POST". in SYSTEMPATH\Router\RouteCollection.php on line 1027.
 1 SYSTEMPATH\Router\RouteCollection.php(1027): trigger_error('Passing lowercase HTTP method "post" is deprecated. Use uppercase HTTP method like "POST".', 16384)
 2 APPPATH\Config\Routes\AdminRoutes.php(65): CodeIgniter\Router\RouteCollection->match([...], 'send_test_mail', 'SettingsController::send_test_mail')
 3 SYSTEMPATH\Router\RouteCollection.php(800): App\Config\Routes\AdminRoutes::App\Config\Routes\{closure}(Object(CodeIgniter\Router\RouteCollection))
 4 APPPATH\Config\Routes\AdminRoutes.php(63): CodeIgniter\Router\RouteCollection->group('settings', [...], Object(Closure))
 5 SYSTEMPATH\Router\RouteCollection.php(800): App\Config\Routes\AdminRoutes::App\Config\Routes\{closure}(Object(CodeIgniter\Router\RouteCollection))
 6 APPPATH\Config\Routes\AdminRoutes.php(28): CodeIgniter\Router\RouteCollection->group('admin', [...], Object(Closure))
 7 APPPATH\Config\Routes.php(20): App\Config\Routes\AdminRoutes::init(Object(CodeIgniter\Router\RouteCollection))
 8 SYSTEMPATH\Router\RouteCollection.php(340): require('C:\\xampp\\htdocs\\smartstore\\app\\Config\\Routes.php')
 9 SYSTEMPATH\CodeIgniter.php(823): CodeIgniter\Router\RouteCollection->loadRoutes()
10 SYSTEMPATH\CodeIgniter.php(457): CodeIgniter\CodeIgniter->tryToRouteIt(null)
11 SYSTEMPATH\CodeIgniter.php(355): CodeIgniter\CodeIgniter->handleRequest(null, Object(Config\Cache), false)
12 SYSTEMPATH\Boot.php(325): CodeIgniter\CodeIgniter->run()
13 SYSTEMPATH\Boot.php(67): CodeIgniter\Boot::runCodeIgniter(Object(CodeIgniter\CodeIgniter))
14 FCPATH\index.php(63): CodeIgniter\Boot::bootWeb(Object(Config\Paths))
WARNING - 2025-06-05 14:52:20 --> [DEPRECATED] Passing lowercase HTTP method "get" is deprecated. Use uppercase HTTP method like "GET". in SYSTEMPATH\Router\RouteCollection.php on line 1027.
 1 SYSTEMPATH\Router\RouteCollection.php(1027): trigger_error('Passing lowercase HTTP method "get" is deprecated. Use uppercase HTTP method like "GET".', 16384)
 2 APPPATH\Config\Routes\AdminRoutes.php(76): CodeIgniter\Router\RouteCollection->match([...], 'elfinder_connector', 'FilemanagerController::elfinder_connector')
 3 SYSTEMPATH\Router\RouteCollection.php(800): App\Config\Routes\AdminRoutes::App\Config\Routes\{closure}(Object(CodeIgniter\Router\RouteCollection))
 4 APPPATH\Config\Routes\AdminRoutes.php(73): CodeIgniter\Router\RouteCollection->group('filemanager', [...], Object(Closure))
 5 SYSTEMPATH\Router\RouteCollection.php(800): App\Config\Routes\AdminRoutes::App\Config\Routes\{closure}(Object(CodeIgniter\Router\RouteCollection))
 6 APPPATH\Config\Routes\AdminRoutes.php(28): CodeIgniter\Router\RouteCollection->group('admin', [...], Object(Closure))
 7 APPPATH\Config\Routes.php(20): App\Config\Routes\AdminRoutes::init(Object(CodeIgniter\Router\RouteCollection))
 8 SYSTEMPATH\Router\RouteCollection.php(340): require('C:\\xampp\\htdocs\\smartstore\\app\\Config\\Routes.php')
 9 SYSTEMPATH\CodeIgniter.php(823): CodeIgniter\Router\RouteCollection->loadRoutes()
10 SYSTEMPATH\CodeIgniter.php(457): CodeIgniter\CodeIgniter->tryToRouteIt(null)
11 SYSTEMPATH\CodeIgniter.php(355): CodeIgniter\CodeIgniter->handleRequest(null, Object(Config\Cache), false)
12 SYSTEMPATH\Boot.php(325): CodeIgniter\CodeIgniter->run()
13 SYSTEMPATH\Boot.php(67): CodeIgniter\Boot::runCodeIgniter(Object(CodeIgniter\CodeIgniter))
14 FCPATH\index.php(63): CodeIgniter\Boot::bootWeb(Object(Config\Paths))
WARNING - 2025-06-05 14:52:20 --> [DEPRECATED] Passing lowercase HTTP method "post" is deprecated. Use uppercase HTTP method like "POST". in SYSTEMPATH\Router\RouteCollection.php on line 1027.
 1 SYSTEMPATH\Router\RouteCollection.php(1027): trigger_error('Passing lowercase HTTP method "post" is deprecated. Use uppercase HTTP method like "POST".', 16384)
 2 APPPATH\Config\Routes\AdminRoutes.php(76): CodeIgniter\Router\RouteCollection->match([...], 'elfinder_connector', 'FilemanagerController::elfinder_connector')
 3 SYSTEMPATH\Router\RouteCollection.php(800): App\Config\Routes\AdminRoutes::App\Config\Routes\{closure}(Object(CodeIgniter\Router\RouteCollection))
 4 APPPATH\Config\Routes\AdminRoutes.php(73): CodeIgniter\Router\RouteCollection->group('filemanager', [...], Object(Closure))
 5 SYSTEMPATH\Router\RouteCollection.php(800): App\Config\Routes\AdminRoutes::App\Config\Routes\{closure}(Object(CodeIgniter\Router\RouteCollection))
 6 APPPATH\Config\Routes\AdminRoutes.php(28): CodeIgniter\Router\RouteCollection->group('admin', [...], Object(Closure))
 7 APPPATH\Config\Routes.php(20): App\Config\Routes\AdminRoutes::init(Object(CodeIgniter\Router\RouteCollection))
 8 SYSTEMPATH\Router\RouteCollection.php(340): require('C:\\xampp\\htdocs\\smartstore\\app\\Config\\Routes.php')
 9 SYSTEMPATH\CodeIgniter.php(823): CodeIgniter\Router\RouteCollection->loadRoutes()
10 SYSTEMPATH\CodeIgniter.php(457): CodeIgniter\CodeIgniter->tryToRouteIt(null)
11 SYSTEMPATH\CodeIgniter.php(355): CodeIgniter\CodeIgniter->handleRequest(null, Object(Config\Cache), false)
12 SYSTEMPATH\Boot.php(325): CodeIgniter\CodeIgniter->run()
13 SYSTEMPATH\Boot.php(67): CodeIgniter\Boot::runCodeIgniter(Object(CodeIgniter\CodeIgniter))
14 FCPATH\index.php(63): CodeIgniter\Boot::bootWeb(Object(Config\Paths))
WARNING - 2025-06-05 14:52:20 --> [DEPRECATED] Passing lowercase HTTP method "get" is deprecated. Use uppercase HTTP method like "GET". in SYSTEMPATH\Router\RouteCollection.php on line 1027.
 1 SYSTEMPATH\Router\RouteCollection.php(1027): trigger_error('Passing lowercase HTTP method "get" is deprecated. Use uppercase HTTP method like "GET".', 16384)
 2 APPPATH\Config\Routes\AdminRoutes.php(172): CodeIgniter\Router\RouteCollection->match([...], 'sync_services/?(:num)?', 'ProvidersController::sync_services/$1')
 3 SYSTEMPATH\Router\RouteCollection.php(800): App\Config\Routes\AdminRoutes::App\Config\Routes\{closure}(Object(CodeIgniter\Router\RouteCollection))
 4 APPPATH\Config\Routes\AdminRoutes.php(167): CodeIgniter\Router\RouteCollection->group('providers', [...], Object(Closure))
 5 SYSTEMPATH\Router\RouteCollection.php(800): App\Config\Routes\AdminRoutes::App\Config\Routes\{closure}(Object(CodeIgniter\Router\RouteCollection))
 6 APPPATH\Config\Routes\AdminRoutes.php(28): CodeIgniter\Router\RouteCollection->group('admin', [...], Object(Closure))
 7 APPPATH\Config\Routes.php(20): App\Config\Routes\AdminRoutes::init(Object(CodeIgniter\Router\RouteCollection))
 8 SYSTEMPATH\Router\RouteCollection.php(340): require('C:\\xampp\\htdocs\\smartstore\\app\\Config\\Routes.php')
 9 SYSTEMPATH\CodeIgniter.php(823): CodeIgniter\Router\RouteCollection->loadRoutes()
10 SYSTEMPATH\CodeIgniter.php(457): CodeIgniter\CodeIgniter->tryToRouteIt(null)
11 SYSTEMPATH\CodeIgniter.php(355): CodeIgniter\CodeIgniter->handleRequest(null, Object(Config\Cache), false)
12 SYSTEMPATH\Boot.php(325): CodeIgniter\CodeIgniter->run()
13 SYSTEMPATH\Boot.php(67): CodeIgniter\Boot::runCodeIgniter(Object(CodeIgniter\CodeIgniter))
14 FCPATH\index.php(63): CodeIgniter\Boot::bootWeb(Object(Config\Paths))
WARNING - 2025-06-05 14:52:20 --> [DEPRECATED] Passing lowercase HTTP method "post" is deprecated. Use uppercase HTTP method like "POST". in SYSTEMPATH\Router\RouteCollection.php on line 1027.
 1 SYSTEMPATH\Router\RouteCollection.php(1027): trigger_error('Passing lowercase HTTP method "post" is deprecated. Use uppercase HTTP method like "POST".', 16384)
 2 APPPATH\Config\Routes\AdminRoutes.php(172): CodeIgniter\Router\RouteCollection->match([...], 'sync_services/?(:num)?', 'ProvidersController::sync_services/$1')
 3 SYSTEMPATH\Router\RouteCollection.php(800): App\Config\Routes\AdminRoutes::App\Config\Routes\{closure}(Object(CodeIgniter\Router\RouteCollection))
 4 APPPATH\Config\Routes\AdminRoutes.php(167): CodeIgniter\Router\RouteCollection->group('providers', [...], Object(Closure))
 5 SYSTEMPATH\Router\RouteCollection.php(800): App\Config\Routes\AdminRoutes::App\Config\Routes\{closure}(Object(CodeIgniter\Router\RouteCollection))
 6 APPPATH\Config\Routes\AdminRoutes.php(28): CodeIgniter\Router\RouteCollection->group('admin', [...], Object(Closure))
 7 APPPATH\Config\Routes.php(20): App\Config\Routes\AdminRoutes::init(Object(CodeIgniter\Router\RouteCollection))
 8 SYSTEMPATH\Router\RouteCollection.php(340): require('C:\\xampp\\htdocs\\smartstore\\app\\Config\\Routes.php')
 9 SYSTEMPATH\CodeIgniter.php(823): CodeIgniter\Router\RouteCollection->loadRoutes()
10 SYSTEMPATH\CodeIgniter.php(457): CodeIgniter\CodeIgniter->tryToRouteIt(null)
11 SYSTEMPATH\CodeIgniter.php(355): CodeIgniter\CodeIgniter->handleRequest(null, Object(Config\Cache), false)
12 SYSTEMPATH\Boot.php(325): CodeIgniter\CodeIgniter->run()
13 SYSTEMPATH\Boot.php(67): CodeIgniter\Boot::runCodeIgniter(Object(CodeIgniter\CodeIgniter))
14 FCPATH\index.php(63): CodeIgniter\Boot::bootWeb(Object(Config\Paths))
WARNING - 2025-06-05 14:52:20 --> [DEPRECATED] Passing lowercase HTTP method "get" is deprecated. Use uppercase HTTP method like "GET". in SYSTEMPATH\Router\RouteCollection.php on line 1027.
 1 SYSTEMPATH\Router\RouteCollection.php(1027): trigger_error('Passing lowercase HTTP method "get" is deprecated. Use uppercase HTTP method like "GET".', 16384)
 2 APPPATH\Config\Routes\AdminRoutes.php(185): CodeIgniter\Router\RouteCollection->match([...], 'add_note/?(:num)?', 'UsersController::add_note/$1')
 3 SYSTEMPATH\Router\RouteCollection.php(800): App\Config\Routes\AdminRoutes::App\Config\Routes\{closure}(Object(CodeIgniter\Router\RouteCollection))
 4 APPPATH\Config\Routes\AdminRoutes.php(182): CodeIgniter\Router\RouteCollection->group('users', [...], Object(Closure))
 5 SYSTEMPATH\Router\RouteCollection.php(800): App\Config\Routes\AdminRoutes::App\Config\Routes\{closure}(Object(CodeIgniter\Router\RouteCollection))
 6 APPPATH\Config\Routes\AdminRoutes.php(28): CodeIgniter\Router\RouteCollection->group('admin', [...], Object(Closure))
 7 APPPATH\Config\Routes.php(20): App\Config\Routes\AdminRoutes::init(Object(CodeIgniter\Router\RouteCollection))
 8 SYSTEMPATH\Router\RouteCollection.php(340): require('C:\\xampp\\htdocs\\smartstore\\app\\Config\\Routes.php')
 9 SYSTEMPATH\CodeIgniter.php(823): CodeIgniter\Router\RouteCollection->loadRoutes()
10 SYSTEMPATH\CodeIgniter.php(457): CodeIgniter\CodeIgniter->tryToRouteIt(null)
11 SYSTEMPATH\CodeIgniter.php(355): CodeIgniter\CodeIgniter->handleRequest(null, Object(Config\Cache), false)
12 SYSTEMPATH\Boot.php(325): CodeIgniter\CodeIgniter->run()
13 SYSTEMPATH\Boot.php(67): CodeIgniter\Boot::runCodeIgniter(Object(CodeIgniter\CodeIgniter))
14 FCPATH\index.php(63): CodeIgniter\Boot::bootWeb(Object(Config\Paths))
WARNING - 2025-06-05 14:52:20 --> [DEPRECATED] Passing lowercase HTTP method "post" is deprecated. Use uppercase HTTP method like "POST". in SYSTEMPATH\Router\RouteCollection.php on line 1027.
 1 SYSTEMPATH\Router\RouteCollection.php(1027): trigger_error('Passing lowercase HTTP method "post" is deprecated. Use uppercase HTTP method like "POST".', 16384)
 2 APPPATH\Config\Routes\AdminRoutes.php(185): CodeIgniter\Router\RouteCollection->match([...], 'add_note/?(:num)?', 'UsersController::add_note/$1')
 3 SYSTEMPATH\Router\RouteCollection.php(800): App\Config\Routes\AdminRoutes::App\Config\Routes\{closure}(Object(CodeIgniter\Router\RouteCollection))
 4 APPPATH\Config\Routes\AdminRoutes.php(182): CodeIgniter\Router\RouteCollection->group('users', [...], Object(Closure))
 5 SYSTEMPATH\Router\RouteCollection.php(800): App\Config\Routes\AdminRoutes::App\Config\Routes\{closure}(Object(CodeIgniter\Router\RouteCollection))
 6 APPPATH\Config\Routes\AdminRoutes.php(28): CodeIgniter\Router\RouteCollection->group('admin', [...], Object(Closure))
 7 APPPATH\Config\Routes.php(20): App\Config\Routes\AdminRoutes::init(Object(CodeIgniter\Router\RouteCollection))
 8 SYSTEMPATH\Router\RouteCollection.php(340): require('C:\\xampp\\htdocs\\smartstore\\app\\Config\\Routes.php')
 9 SYSTEMPATH\CodeIgniter.php(823): CodeIgniter\Router\RouteCollection->loadRoutes()
10 SYSTEMPATH\CodeIgniter.php(457): CodeIgniter\CodeIgniter->tryToRouteIt(null)
11 SYSTEMPATH\CodeIgniter.php(355): CodeIgniter\CodeIgniter->handleRequest(null, Object(Config\Cache), false)
12 SYSTEMPATH\Boot.php(325): CodeIgniter\CodeIgniter->run()
13 SYSTEMPATH\Boot.php(67): CodeIgniter\Boot::runCodeIgniter(Object(CodeIgniter\CodeIgniter))
14 FCPATH\index.php(63): CodeIgniter\Boot::bootWeb(Object(Config\Paths))
WARNING - 2025-06-05 14:52:20 --> [DEPRECATED] Passing lowercase HTTP method "get" is deprecated. Use uppercase HTTP method like "GET". in SYSTEMPATH\Router\RouteCollection.php on line 1027.
 1 SYSTEMPATH\Router\RouteCollection.php(1027): trigger_error('Passing lowercase HTTP method "get" is deprecated. Use uppercase HTTP method like "GET".', 16384)
 2 APPPATH\Config\Routes\AdminRoutes.php(186): CodeIgniter\Router\RouteCollection->match([...], 'send_mail/?(:num)?', 'UsersController::send_mail/$1')
 3 SYSTEMPATH\Router\RouteCollection.php(800): App\Config\Routes\AdminRoutes::App\Config\Routes\{closure}(Object(CodeIgniter\Router\RouteCollection))
 4 APPPATH\Config\Routes\AdminRoutes.php(182): CodeIgniter\Router\RouteCollection->group('users', [...], Object(Closure))
 5 SYSTEMPATH\Router\RouteCollection.php(800): App\Config\Routes\AdminRoutes::App\Config\Routes\{closure}(Object(CodeIgniter\Router\RouteCollection))
 6 APPPATH\Config\Routes\AdminRoutes.php(28): CodeIgniter\Router\RouteCollection->group('admin', [...], Object(Closure))
 7 APPPATH\Config\Routes.php(20): App\Config\Routes\AdminRoutes::init(Object(CodeIgniter\Router\RouteCollection))
 8 SYSTEMPATH\Router\RouteCollection.php(340): require('C:\\xampp\\htdocs\\smartstore\\app\\Config\\Routes.php')
 9 SYSTEMPATH\CodeIgniter.php(823): CodeIgniter\Router\RouteCollection->loadRoutes()
10 SYSTEMPATH\CodeIgniter.php(457): CodeIgniter\CodeIgniter->tryToRouteIt(null)
11 SYSTEMPATH\CodeIgniter.php(355): CodeIgniter\CodeIgniter->handleRequest(null, Object(Config\Cache), false)
12 SYSTEMPATH\Boot.php(325): CodeIgniter\CodeIgniter->run()
13 SYSTEMPATH\Boot.php(67): CodeIgniter\Boot::runCodeIgniter(Object(CodeIgniter\CodeIgniter))
14 FCPATH\index.php(63): CodeIgniter\Boot::bootWeb(Object(Config\Paths))
WARNING - 2025-06-05 14:52:20 --> [DEPRECATED] Passing lowercase HTTP method "post" is deprecated. Use uppercase HTTP method like "POST". in SYSTEMPATH\Router\RouteCollection.php on line 1027.
 1 SYSTEMPATH\Router\RouteCollection.php(1027): trigger_error('Passing lowercase HTTP method "post" is deprecated. Use uppercase HTTP method like "POST".', 16384)
 2 APPPATH\Config\Routes\AdminRoutes.php(186): CodeIgniter\Router\RouteCollection->match([...], 'send_mail/?(:num)?', 'UsersController::send_mail/$1')
 3 SYSTEMPATH\Router\RouteCollection.php(800): App\Config\Routes\AdminRoutes::App\Config\Routes\{closure}(Object(CodeIgniter\Router\RouteCollection))
 4 APPPATH\Config\Routes\AdminRoutes.php(182): CodeIgniter\Router\RouteCollection->group('users', [...], Object(Closure))
 5 SYSTEMPATH\Router\RouteCollection.php(800): App\Config\Routes\AdminRoutes::App\Config\Routes\{closure}(Object(CodeIgniter\Router\RouteCollection))
 6 APPPATH\Config\Routes\AdminRoutes.php(28): CodeIgniter\Router\RouteCollection->group('admin', [...], Object(Closure))
 7 APPPATH\Config\Routes.php(20): App\Config\Routes\AdminRoutes::init(Object(CodeIgniter\Router\RouteCollection))
 8 SYSTEMPATH\Router\RouteCollection.php(340): require('C:\\xampp\\htdocs\\smartstore\\app\\Config\\Routes.php')
 9 SYSTEMPATH\CodeIgniter.php(823): CodeIgniter\Router\RouteCollection->loadRoutes()
10 SYSTEMPATH\CodeIgniter.php(457): CodeIgniter\CodeIgniter->tryToRouteIt(null)
11 SYSTEMPATH\CodeIgniter.php(355): CodeIgniter\CodeIgniter->handleRequest(null, Object(Config\Cache), false)
12 SYSTEMPATH\Boot.php(325): CodeIgniter\CodeIgniter->run()
13 SYSTEMPATH\Boot.php(67): CodeIgniter\Boot::runCodeIgniter(Object(CodeIgniter\CodeIgniter))
14 FCPATH\index.php(63): CodeIgniter\Boot::bootWeb(Object(Config\Paths))
WARNING - 2025-06-05 14:52:20 --> [DEPRECATED] Passing lowercase HTTP method "get" is deprecated. Use uppercase HTTP method like "GET". in SYSTEMPATH\Router\RouteCollection.php on line 1027.
 1 SYSTEMPATH\Router\RouteCollection.php(1027): trigger_error('Passing lowercase HTTP method "get" is deprecated. Use uppercase HTTP method like "GET".', 16384)
 2 APPPATH\Config\Routes\AdminRoutes.php(215): CodeIgniter\Router\RouteCollection->match([...], 'send_mail/?(:num)?', 'TicketsController::send_mail/$1')
 3 SYSTEMPATH\Router\RouteCollection.php(800): App\Config\Routes\AdminRoutes::App\Config\Routes\{closure}(Object(CodeIgniter\Router\RouteCollection))
 4 APPPATH\Config\Routes\AdminRoutes.php(212): CodeIgniter\Router\RouteCollection->group('tickets', [...], Object(Closure))
 5 SYSTEMPATH\Router\RouteCollection.php(800): App\Config\Routes\AdminRoutes::App\Config\Routes\{closure}(Object(CodeIgniter\Router\RouteCollection))
 6 APPPATH\Config\Routes\AdminRoutes.php(28): CodeIgniter\Router\RouteCollection->group('admin', [...], Object(Closure))
 7 APPPATH\Config\Routes.php(20): App\Config\Routes\AdminRoutes::init(Object(CodeIgniter\Router\RouteCollection))
 8 SYSTEMPATH\Router\RouteCollection.php(340): require('C:\\xampp\\htdocs\\smartstore\\app\\Config\\Routes.php')
 9 SYSTEMPATH\CodeIgniter.php(823): CodeIgniter\Router\RouteCollection->loadRoutes()
10 SYSTEMPATH\CodeIgniter.php(457): CodeIgniter\CodeIgniter->tryToRouteIt(null)
11 SYSTEMPATH\CodeIgniter.php(355): CodeIgniter\CodeIgniter->handleRequest(null, Object(Config\Cache), false)
12 SYSTEMPATH\Boot.php(325): CodeIgniter\CodeIgniter->run()
13 SYSTEMPATH\Boot.php(67): CodeIgniter\Boot::runCodeIgniter(Object(CodeIgniter\CodeIgniter))
14 FCPATH\index.php(63): CodeIgniter\Boot::bootWeb(Object(Config\Paths))
WARNING - 2025-06-05 14:52:20 --> [DEPRECATED] Passing lowercase HTTP method "post" is deprecated. Use uppercase HTTP method like "POST". in SYSTEMPATH\Router\RouteCollection.php on line 1027.
 1 SYSTEMPATH\Router\RouteCollection.php(1027): trigger_error('Passing lowercase HTTP method "post" is deprecated. Use uppercase HTTP method like "POST".', 16384)
 2 APPPATH\Config\Routes\AdminRoutes.php(215): CodeIgniter\Router\RouteCollection->match([...], 'send_mail/?(:num)?', 'TicketsController::send_mail/$1')
 3 SYSTEMPATH\Router\RouteCollection.php(800): App\Config\Routes\AdminRoutes::App\Config\Routes\{closure}(Object(CodeIgniter\Router\RouteCollection))
 4 APPPATH\Config\Routes\AdminRoutes.php(212): CodeIgniter\Router\RouteCollection->group('tickets', [...], Object(Closure))
 5 SYSTEMPATH\Router\RouteCollection.php(800): App\Config\Routes\AdminRoutes::App\Config\Routes\{closure}(Object(CodeIgniter\Router\RouteCollection))
 6 APPPATH\Config\Routes\AdminRoutes.php(28): CodeIgniter\Router\RouteCollection->group('admin', [...], Object(Closure))
 7 APPPATH\Config\Routes.php(20): App\Config\Routes\AdminRoutes::init(Object(CodeIgniter\Router\RouteCollection))
 8 SYSTEMPATH\Router\RouteCollection.php(340): require('C:\\xampp\\htdocs\\smartstore\\app\\Config\\Routes.php')
 9 SYSTEMPATH\CodeIgniter.php(823): CodeIgniter\Router\RouteCollection->loadRoutes()
10 SYSTEMPATH\CodeIgniter.php(457): CodeIgniter\CodeIgniter->tryToRouteIt(null)
11 SYSTEMPATH\CodeIgniter.php(355): CodeIgniter\CodeIgniter->handleRequest(null, Object(Config\Cache), false)
12 SYSTEMPATH\Boot.php(325): CodeIgniter\CodeIgniter->run()
13 SYSTEMPATH\Boot.php(67): CodeIgniter\Boot::runCodeIgniter(Object(CodeIgniter\CodeIgniter))
14 FCPATH\index.php(63): CodeIgniter\Boot::bootWeb(Object(Config\Paths))
WARNING - 2025-06-05 14:52:20 --> [DEPRECATED] Passing lowercase HTTP method "get" is deprecated. Use uppercase HTTP method like "GET". in SYSTEMPATH\Router\RouteCollection.php on line 1027.
 1 SYSTEMPATH\Router\RouteCollection.php(1027): trigger_error('Passing lowercase HTTP method "get" is deprecated. Use uppercase HTTP method like "GET".', 16384)
 2 APPPATH\Config\Routes\UserRoutes.php(49): CodeIgniter\Router\RouteCollection->match([...], 'submit_review', 'ClientController::submit_review', [...])
 3 APPPATH\Config\Routes\UserRoutes.php(23): App\Config\Routes\UserRoutes::defineRoutes(Object(CodeIgniter\Router\RouteCollection))
 4 APPPATH\Config\Routes.php(21): App\Config\Routes\UserRoutes::init(Object(CodeIgniter\Router\RouteCollection))
 5 SYSTEMPATH\Router\RouteCollection.php(340): require('C:\\xampp\\htdocs\\smartstore\\app\\Config\\Routes.php')
 6 SYSTEMPATH\CodeIgniter.php(823): CodeIgniter\Router\RouteCollection->loadRoutes()
 7 SYSTEMPATH\CodeIgniter.php(457): CodeIgniter\CodeIgniter->tryToRouteIt(null)
 8 SYSTEMPATH\CodeIgniter.php(355): CodeIgniter\CodeIgniter->handleRequest(null, Object(Config\Cache), false)
 9 SYSTEMPATH\Boot.php(325): CodeIgniter\CodeIgniter->run()
10 SYSTEMPATH\Boot.php(67): CodeIgniter\Boot::runCodeIgniter(Object(CodeIgniter\CodeIgniter))
11 FCPATH\index.php(63): CodeIgniter\Boot::bootWeb(Object(Config\Paths))
WARNING - 2025-06-05 14:52:20 --> [DEPRECATED] Passing lowercase HTTP method "post" is deprecated. Use uppercase HTTP method like "POST". in SYSTEMPATH\Router\RouteCollection.php on line 1027.
 1 SYSTEMPATH\Router\RouteCollection.php(1027): trigger_error('Passing lowercase HTTP method "post" is deprecated. Use uppercase HTTP method like "POST".', 16384)
 2 APPPATH\Config\Routes\UserRoutes.php(49): CodeIgniter\Router\RouteCollection->match([...], 'submit_review', 'ClientController::submit_review', [...])
 3 APPPATH\Config\Routes\UserRoutes.php(23): App\Config\Routes\UserRoutes::defineRoutes(Object(CodeIgniter\Router\RouteCollection))
 4 APPPATH\Config\Routes.php(21): App\Config\Routes\UserRoutes::init(Object(CodeIgniter\Router\RouteCollection))
 5 SYSTEMPATH\Router\RouteCollection.php(340): require('C:\\xampp\\htdocs\\smartstore\\app\\Config\\Routes.php')
 6 SYSTEMPATH\CodeIgniter.php(823): CodeIgniter\Router\RouteCollection->loadRoutes()
 7 SYSTEMPATH\CodeIgniter.php(457): CodeIgniter\CodeIgniter->tryToRouteIt(null)
 8 SYSTEMPATH\CodeIgniter.php(355): CodeIgniter\CodeIgniter->handleRequest(null, Object(Config\Cache), false)
 9 SYSTEMPATH\Boot.php(325): CodeIgniter\CodeIgniter->run()
10 SYSTEMPATH\Boot.php(67): CodeIgniter\Boot::runCodeIgniter(Object(CodeIgniter\CodeIgniter))
11 FCPATH\index.php(63): CodeIgniter\Boot::bootWeb(Object(Config\Paths))
WARNING - 2025-06-05 14:52:20 --> [DEPRECATED] Passing lowercase HTTP method "get" is deprecated. Use uppercase HTTP method like "GET". in SYSTEMPATH\Router\RouteCollection.php on line 1027.
 1 SYSTEMPATH\Router\RouteCollection.php(1027): trigger_error('Passing lowercase HTTP method "get" is deprecated. Use uppercase HTTP method like "GET".', 16384)
 2 APPPATH\Config\Routes\UserRoutes.php(63): CodeIgniter\Router\RouteCollection->match([...], 'track-order', 'OrderController::track_order', [...])
 3 APPPATH\Config\Routes\UserRoutes.php(23): App\Config\Routes\UserRoutes::defineRoutes(Object(CodeIgniter\Router\RouteCollection))
 4 APPPATH\Config\Routes.php(21): App\Config\Routes\UserRoutes::init(Object(CodeIgniter\Router\RouteCollection))
 5 SYSTEMPATH\Router\RouteCollection.php(340): require('C:\\xampp\\htdocs\\smartstore\\app\\Config\\Routes.php')
 6 SYSTEMPATH\CodeIgniter.php(823): CodeIgniter\Router\RouteCollection->loadRoutes()
 7 SYSTEMPATH\CodeIgniter.php(457): CodeIgniter\CodeIgniter->tryToRouteIt(null)
 8 SYSTEMPATH\CodeIgniter.php(355): CodeIgniter\CodeIgniter->handleRequest(null, Object(Config\Cache), false)
 9 SYSTEMPATH\Boot.php(325): CodeIgniter\CodeIgniter->run()
10 SYSTEMPATH\Boot.php(67): CodeIgniter\Boot::runCodeIgniter(Object(CodeIgniter\CodeIgniter))
11 FCPATH\index.php(63): CodeIgniter\Boot::bootWeb(Object(Config\Paths))
WARNING - 2025-06-05 14:52:20 --> [DEPRECATED] Passing lowercase HTTP method "post" is deprecated. Use uppercase HTTP method like "POST". in SYSTEMPATH\Router\RouteCollection.php on line 1027.
 1 SYSTEMPATH\Router\RouteCollection.php(1027): trigger_error('Passing lowercase HTTP method "post" is deprecated. Use uppercase HTTP method like "POST".', 16384)
 2 APPPATH\Config\Routes\UserRoutes.php(63): CodeIgniter\Router\RouteCollection->match([...], 'track-order', 'OrderController::track_order', [...])
 3 APPPATH\Config\Routes\UserRoutes.php(23): App\Config\Routes\UserRoutes::defineRoutes(Object(CodeIgniter\Router\RouteCollection))
 4 APPPATH\Config\Routes.php(21): App\Config\Routes\UserRoutes::init(Object(CodeIgniter\Router\RouteCollection))
 5 SYSTEMPATH\Router\RouteCollection.php(340): require('C:\\xampp\\htdocs\\smartstore\\app\\Config\\Routes.php')
 6 SYSTEMPATH\CodeIgniter.php(823): CodeIgniter\Router\RouteCollection->loadRoutes()
 7 SYSTEMPATH\CodeIgniter.php(457): CodeIgniter\CodeIgniter->tryToRouteIt(null)
 8 SYSTEMPATH\CodeIgniter.php(355): CodeIgniter\CodeIgniter->handleRequest(null, Object(Config\Cache), false)
 9 SYSTEMPATH\Boot.php(325): CodeIgniter\CodeIgniter->run()
10 SYSTEMPATH\Boot.php(67): CodeIgniter\Boot::runCodeIgniter(Object(CodeIgniter\CodeIgniter))
11 FCPATH\index.php(63): CodeIgniter\Boot::bootWeb(Object(Config\Paths))
WARNING - 2025-06-05 14:52:20 --> [DEPRECATED] Passing lowercase HTTP method "get" is deprecated. Use uppercase HTTP method like "GET". in SYSTEMPATH\Router\RouteCollection.php on line 1027.
 1 SYSTEMPATH\Router\RouteCollection.php(1027): trigger_error('Passing lowercase HTTP method "get" is deprecated. Use uppercase HTTP method like "GET".', 16384)
 2 APPPATH\Config\Routes\UserRoutes.php(49): CodeIgniter\Router\RouteCollection->match([...], 'submit_review', 'ClientController::submit_review', [...])
 3 APPPATH\Config\Routes\UserRoutes.php(26): App\Config\Routes\UserRoutes::defineRoutes(Object(CodeIgniter\Router\RouteCollection))
 4 SYSTEMPATH\Router\RouteCollection.php(800): App\Config\Routes\UserRoutes::App\Config\Routes\{closure}(Object(CodeIgniter\Router\RouteCollection))
 5 APPPATH\Config\Routes\UserRoutes.php(25): CodeIgniter\Router\RouteCollection->group('{locale}', Object(Closure))
 6 APPPATH\Config\Routes.php(21): App\Config\Routes\UserRoutes::init(Object(CodeIgniter\Router\RouteCollection))
 7 SYSTEMPATH\Router\RouteCollection.php(340): require('C:\\xampp\\htdocs\\smartstore\\app\\Config\\Routes.php')
 8 SYSTEMPATH\CodeIgniter.php(823): CodeIgniter\Router\RouteCollection->loadRoutes()
 9 SYSTEMPATH\CodeIgniter.php(457): CodeIgniter\CodeIgniter->tryToRouteIt(null)
10 SYSTEMPATH\CodeIgniter.php(355): CodeIgniter\CodeIgniter->handleRequest(null, Object(Config\Cache), false)
11 SYSTEMPATH\Boot.php(325): CodeIgniter\CodeIgniter->run()
12 SYSTEMPATH\Boot.php(67): CodeIgniter\Boot::runCodeIgniter(Object(CodeIgniter\CodeIgniter))
13 FCPATH\index.php(63): CodeIgniter\Boot::bootWeb(Object(Config\Paths))
WARNING - 2025-06-05 14:52:20 --> [DEPRECATED] Passing lowercase HTTP method "post" is deprecated. Use uppercase HTTP method like "POST". in SYSTEMPATH\Router\RouteCollection.php on line 1027.
 1 SYSTEMPATH\Router\RouteCollection.php(1027): trigger_error('Passing lowercase HTTP method "post" is deprecated. Use uppercase HTTP method like "POST".', 16384)
 2 APPPATH\Config\Routes\UserRoutes.php(49): CodeIgniter\Router\RouteCollection->match([...], 'submit_review', 'ClientController::submit_review', [...])
 3 APPPATH\Config\Routes\UserRoutes.php(26): App\Config\Routes\UserRoutes::defineRoutes(Object(CodeIgniter\Router\RouteCollection))
 4 SYSTEMPATH\Router\RouteCollection.php(800): App\Config\Routes\UserRoutes::App\Config\Routes\{closure}(Object(CodeIgniter\Router\RouteCollection))
 5 APPPATH\Config\Routes\UserRoutes.php(25): CodeIgniter\Router\RouteCollection->group('{locale}', Object(Closure))
 6 APPPATH\Config\Routes.php(21): App\Config\Routes\UserRoutes::init(Object(CodeIgniter\Router\RouteCollection))
 7 SYSTEMPATH\Router\RouteCollection.php(340): require('C:\\xampp\\htdocs\\smartstore\\app\\Config\\Routes.php')
 8 SYSTEMPATH\CodeIgniter.php(823): CodeIgniter\Router\RouteCollection->loadRoutes()
 9 SYSTEMPATH\CodeIgniter.php(457): CodeIgniter\CodeIgniter->tryToRouteIt(null)
10 SYSTEMPATH\CodeIgniter.php(355): CodeIgniter\CodeIgniter->handleRequest(null, Object(Config\Cache), false)
11 SYSTEMPATH\Boot.php(325): CodeIgniter\CodeIgniter->run()
12 SYSTEMPATH\Boot.php(67): CodeIgniter\Boot::runCodeIgniter(Object(CodeIgniter\CodeIgniter))
13 FCPATH\index.php(63): CodeIgniter\Boot::bootWeb(Object(Config\Paths))
WARNING - 2025-06-05 14:52:20 --> [DEPRECATED] Passing lowercase HTTP method "get" is deprecated. Use uppercase HTTP method like "GET". in SYSTEMPATH\Router\RouteCollection.php on line 1027.
 1 SYSTEMPATH\Router\RouteCollection.php(1027): trigger_error('Passing lowercase HTTP method "get" is deprecated. Use uppercase HTTP method like "GET".', 16384)
 2 APPPATH\Config\Routes\UserRoutes.php(63): CodeIgniter\Router\RouteCollection->match([...], 'track-order', 'OrderController::track_order', [...])
 3 APPPATH\Config\Routes\UserRoutes.php(26): App\Config\Routes\UserRoutes::defineRoutes(Object(CodeIgniter\Router\RouteCollection))
 4 SYSTEMPATH\Router\RouteCollection.php(800): App\Config\Routes\UserRoutes::App\Config\Routes\{closure}(Object(CodeIgniter\Router\RouteCollection))
 5 APPPATH\Config\Routes\UserRoutes.php(25): CodeIgniter\Router\RouteCollection->group('{locale}', Object(Closure))
 6 APPPATH\Config\Routes.php(21): App\Config\Routes\UserRoutes::init(Object(CodeIgniter\Router\RouteCollection))
 7 SYSTEMPATH\Router\RouteCollection.php(340): require('C:\\xampp\\htdocs\\smartstore\\app\\Config\\Routes.php')
 8 SYSTEMPATH\CodeIgniter.php(823): CodeIgniter\Router\RouteCollection->loadRoutes()
 9 SYSTEMPATH\CodeIgniter.php(457): CodeIgniter\CodeIgniter->tryToRouteIt(null)
10 SYSTEMPATH\CodeIgniter.php(355): CodeIgniter\CodeIgniter->handleRequest(null, Object(Config\Cache), false)
11 SYSTEMPATH\Boot.php(325): CodeIgniter\CodeIgniter->run()
12 SYSTEMPATH\Boot.php(67): CodeIgniter\Boot::runCodeIgniter(Object(CodeIgniter\CodeIgniter))
13 FCPATH\index.php(63): CodeIgniter\Boot::bootWeb(Object(Config\Paths))
WARNING - 2025-06-05 14:52:20 --> [DEPRECATED] Passing lowercase HTTP method "post" is deprecated. Use uppercase HTTP method like "POST". in SYSTEMPATH\Router\RouteCollection.php on line 1027.
 1 SYSTEMPATH\Router\RouteCollection.php(1027): trigger_error('Passing lowercase HTTP method "post" is deprecated. Use uppercase HTTP method like "POST".', 16384)
 2 APPPATH\Config\Routes\UserRoutes.php(63): CodeIgniter\Router\RouteCollection->match([...], 'track-order', 'OrderController::track_order', [...])
 3 APPPATH\Config\Routes\UserRoutes.php(26): App\Config\Routes\UserRoutes::defineRoutes(Object(CodeIgniter\Router\RouteCollection))
 4 SYSTEMPATH\Router\RouteCollection.php(800): App\Config\Routes\UserRoutes::App\Config\Routes\{closure}(Object(CodeIgniter\Router\RouteCollection))
 5 APPPATH\Config\Routes\UserRoutes.php(25): CodeIgniter\Router\RouteCollection->group('{locale}', Object(Closure))
 6 APPPATH\Config\Routes.php(21): App\Config\Routes\UserRoutes::init(Object(CodeIgniter\Router\RouteCollection))
 7 SYSTEMPATH\Router\RouteCollection.php(340): require('C:\\xampp\\htdocs\\smartstore\\app\\Config\\Routes.php')
 8 SYSTEMPATH\CodeIgniter.php(823): CodeIgniter\Router\RouteCollection->loadRoutes()
 9 SYSTEMPATH\CodeIgniter.php(457): CodeIgniter\CodeIgniter->tryToRouteIt(null)
10 SYSTEMPATH\CodeIgniter.php(355): CodeIgniter\CodeIgniter->handleRequest(null, Object(Config\Cache), false)
11 SYSTEMPATH\Boot.php(325): CodeIgniter\CodeIgniter->run()
12 SYSTEMPATH\Boot.php(67): CodeIgniter\Boot::runCodeIgniter(Object(CodeIgniter\CodeIgniter))
13 FCPATH\index.php(63): CodeIgniter\Boot::bootWeb(Object(Config\Paths))
INFO - 2025-06-05 14:52:20 --> Session: Class initialized using 'CodeIgniter\Session\Handlers\FileHandler' driver.
WARNING - 2025-06-05 14:52:20 --> [DEPRECATED] Creation of dynamic property App\Controllers\Public\PageController::$load_files is deprecated in APPPATH\Controllers\Public\PageController.php on line 21.
 1 SYSTEMPATH\CodeIgniter.php(903): App\Controllers\Public\PageController->__construct()
 2 SYSTEMPATH\CodeIgniter.php(500): CodeIgniter\CodeIgniter->createController()
 3 SYSTEMPATH\CodeIgniter.php(355): CodeIgniter\CodeIgniter->handleRequest(null, Object(Config\Cache), false)
 4 SYSTEMPATH\Boot.php(325): CodeIgniter\CodeIgniter->run()
 5 SYSTEMPATH\Boot.php(67): CodeIgniter\Boot::runCodeIgniter(Object(CodeIgniter\CodeIgniter))
 6 FCPATH\index.php(63): CodeIgniter\Boot::bootWeb(Object(Config\Paths))
WARNING - 2025-06-05 14:52:20 --> [DEPRECATED] Creation of dynamic property App\Controllers\Public\PageController::$page_title is deprecated in APPPATH\Controllers\Public\PageController.php on line 22.
 1 SYSTEMPATH\CodeIgniter.php(903): App\Controllers\Public\PageController->__construct()
 2 SYSTEMPATH\CodeIgniter.php(500): CodeIgniter\CodeIgniter->createController()
 3 SYSTEMPATH\CodeIgniter.php(355): CodeIgniter\CodeIgniter->handleRequest(null, Object(Config\Cache), false)
 4 SYSTEMPATH\Boot.php(325): CodeIgniter\CodeIgniter->run()
 5 SYSTEMPATH\Boot.php(67): CodeIgniter\Boot::runCodeIgniter(Object(CodeIgniter\CodeIgniter))
 6 FCPATH\index.php(63): CodeIgniter\Boot::bootWeb(Object(Config\Paths))
WARNING - 2025-06-05 14:52:27 --> [DEPRECATED] Passing lowercase HTTP method "get" is deprecated. Use uppercase HTTP method like "GET". in SYSTEMPATH\Router\RouteCollection.php on line 1027.
 1 SYSTEMPATH\Router\RouteCollection.php(1027): trigger_error('Passing lowercase HTTP method "get" is deprecated. Use uppercase HTTP method like "GET".', 16384)
 2 APPPATH\Config\Routes\AdminRoutes.php(65): CodeIgniter\Router\RouteCollection->match([...], 'send_test_mail', 'SettingsController::send_test_mail')
 3 SYSTEMPATH\Router\RouteCollection.php(800): App\Config\Routes\AdminRoutes::App\Config\Routes\{closure}(Object(CodeIgniter\Router\RouteCollection))
 4 APPPATH\Config\Routes\AdminRoutes.php(63): CodeIgniter\Router\RouteCollection->group('settings', [...], Object(Closure))
 5 SYSTEMPATH\Router\RouteCollection.php(800): App\Config\Routes\AdminRoutes::App\Config\Routes\{closure}(Object(CodeIgniter\Router\RouteCollection))
 6 APPPATH\Config\Routes\AdminRoutes.php(28): CodeIgniter\Router\RouteCollection->group('admin', [...], Object(Closure))
 7 APPPATH\Config\Routes.php(20): App\Config\Routes\AdminRoutes::init(Object(CodeIgniter\Router\RouteCollection))
 8 SYSTEMPATH\Router\RouteCollection.php(340): require('C:\\xampp\\htdocs\\smartstore\\app\\Config\\Routes.php')
 9 SYSTEMPATH\CodeIgniter.php(823): CodeIgniter\Router\RouteCollection->loadRoutes()
10 SYSTEMPATH\CodeIgniter.php(457): CodeIgniter\CodeIgniter->tryToRouteIt(null)
11 SYSTEMPATH\CodeIgniter.php(355): CodeIgniter\CodeIgniter->handleRequest(null, Object(Config\Cache), false)
12 SYSTEMPATH\Boot.php(325): CodeIgniter\CodeIgniter->run()
13 SYSTEMPATH\Boot.php(67): CodeIgniter\Boot::runCodeIgniter(Object(CodeIgniter\CodeIgniter))
14 FCPATH\index.php(63): CodeIgniter\Boot::bootWeb(Object(Config\Paths))
WARNING - 2025-06-05 14:52:27 --> [DEPRECATED] Passing lowercase HTTP method "post" is deprecated. Use uppercase HTTP method like "POST". in SYSTEMPATH\Router\RouteCollection.php on line 1027.
 1 SYSTEMPATH\Router\RouteCollection.php(1027): trigger_error('Passing lowercase HTTP method "post" is deprecated. Use uppercase HTTP method like "POST".', 16384)
 2 APPPATH\Config\Routes\AdminRoutes.php(65): CodeIgniter\Router\RouteCollection->match([...], 'send_test_mail', 'SettingsController::send_test_mail')
 3 SYSTEMPATH\Router\RouteCollection.php(800): App\Config\Routes\AdminRoutes::App\Config\Routes\{closure}(Object(CodeIgniter\Router\RouteCollection))
 4 APPPATH\Config\Routes\AdminRoutes.php(63): CodeIgniter\Router\RouteCollection->group('settings', [...], Object(Closure))
 5 SYSTEMPATH\Router\RouteCollection.php(800): App\Config\Routes\AdminRoutes::App\Config\Routes\{closure}(Object(CodeIgniter\Router\RouteCollection))
 6 APPPATH\Config\Routes\AdminRoutes.php(28): CodeIgniter\Router\RouteCollection->group('admin', [...], Object(Closure))
 7 APPPATH\Config\Routes.php(20): App\Config\Routes\AdminRoutes::init(Object(CodeIgniter\Router\RouteCollection))
 8 SYSTEMPATH\Router\RouteCollection.php(340): require('C:\\xampp\\htdocs\\smartstore\\app\\Config\\Routes.php')
 9 SYSTEMPATH\CodeIgniter.php(823): CodeIgniter\Router\RouteCollection->loadRoutes()
10 SYSTEMPATH\CodeIgniter.php(457): CodeIgniter\CodeIgniter->tryToRouteIt(null)
11 SYSTEMPATH\CodeIgniter.php(355): CodeIgniter\CodeIgniter->handleRequest(null, Object(Config\Cache), false)
12 SYSTEMPATH\Boot.php(325): CodeIgniter\CodeIgniter->run()
13 SYSTEMPATH\Boot.php(67): CodeIgniter\Boot::runCodeIgniter(Object(CodeIgniter\CodeIgniter))
14 FCPATH\index.php(63): CodeIgniter\Boot::bootWeb(Object(Config\Paths))
WARNING - 2025-06-05 14:52:27 --> [DEPRECATED] Passing lowercase HTTP method "get" is deprecated. Use uppercase HTTP method like "GET". in SYSTEMPATH\Router\RouteCollection.php on line 1027.
 1 SYSTEMPATH\Router\RouteCollection.php(1027): trigger_error('Passing lowercase HTTP method "get" is deprecated. Use uppercase HTTP method like "GET".', 16384)
 2 APPPATH\Config\Routes\AdminRoutes.php(76): CodeIgniter\Router\RouteCollection->match([...], 'elfinder_connector', 'FilemanagerController::elfinder_connector')
 3 SYSTEMPATH\Router\RouteCollection.php(800): App\Config\Routes\AdminRoutes::App\Config\Routes\{closure}(Object(CodeIgniter\Router\RouteCollection))
 4 APPPATH\Config\Routes\AdminRoutes.php(73): CodeIgniter\Router\RouteCollection->group('filemanager', [...], Object(Closure))
 5 SYSTEMPATH\Router\RouteCollection.php(800): App\Config\Routes\AdminRoutes::App\Config\Routes\{closure}(Object(CodeIgniter\Router\RouteCollection))
 6 APPPATH\Config\Routes\AdminRoutes.php(28): CodeIgniter\Router\RouteCollection->group('admin', [...], Object(Closure))
 7 APPPATH\Config\Routes.php(20): App\Config\Routes\AdminRoutes::init(Object(CodeIgniter\Router\RouteCollection))
 8 SYSTEMPATH\Router\RouteCollection.php(340): require('C:\\xampp\\htdocs\\smartstore\\app\\Config\\Routes.php')
 9 SYSTEMPATH\CodeIgniter.php(823): CodeIgniter\Router\RouteCollection->loadRoutes()
10 SYSTEMPATH\CodeIgniter.php(457): CodeIgniter\CodeIgniter->tryToRouteIt(null)
11 SYSTEMPATH\CodeIgniter.php(355): CodeIgniter\CodeIgniter->handleRequest(null, Object(Config\Cache), false)
12 SYSTEMPATH\Boot.php(325): CodeIgniter\CodeIgniter->run()
13 SYSTEMPATH\Boot.php(67): CodeIgniter\Boot::runCodeIgniter(Object(CodeIgniter\CodeIgniter))
14 FCPATH\index.php(63): CodeIgniter\Boot::bootWeb(Object(Config\Paths))
WARNING - 2025-06-05 14:52:27 --> [DEPRECATED] Passing lowercase HTTP method "post" is deprecated. Use uppercase HTTP method like "POST". in SYSTEMPATH\Router\RouteCollection.php on line 1027.
 1 SYSTEMPATH\Router\RouteCollection.php(1027): trigger_error('Passing lowercase HTTP method "post" is deprecated. Use uppercase HTTP method like "POST".', 16384)
 2 APPPATH\Config\Routes\AdminRoutes.php(76): CodeIgniter\Router\RouteCollection->match([...], 'elfinder_connector', 'FilemanagerController::elfinder_connector')
 3 SYSTEMPATH\Router\RouteCollection.php(800): App\Config\Routes\AdminRoutes::App\Config\Routes\{closure}(Object(CodeIgniter\Router\RouteCollection))
 4 APPPATH\Config\Routes\AdminRoutes.php(73): CodeIgniter\Router\RouteCollection->group('filemanager', [...], Object(Closure))
 5 SYSTEMPATH\Router\RouteCollection.php(800): App\Config\Routes\AdminRoutes::App\Config\Routes\{closure}(Object(CodeIgniter\Router\RouteCollection))
 6 APPPATH\Config\Routes\AdminRoutes.php(28): CodeIgniter\Router\RouteCollection->group('admin', [...], Object(Closure))
 7 APPPATH\Config\Routes.php(20): App\Config\Routes\AdminRoutes::init(Object(CodeIgniter\Router\RouteCollection))
 8 SYSTEMPATH\Router\RouteCollection.php(340): require('C:\\xampp\\htdocs\\smartstore\\app\\Config\\Routes.php')
 9 SYSTEMPATH\CodeIgniter.php(823): CodeIgniter\Router\RouteCollection->loadRoutes()
10 SYSTEMPATH\CodeIgniter.php(457): CodeIgniter\CodeIgniter->tryToRouteIt(null)
11 SYSTEMPATH\CodeIgniter.php(355): CodeIgniter\CodeIgniter->handleRequest(null, Object(Config\Cache), false)
12 SYSTEMPATH\Boot.php(325): CodeIgniter\CodeIgniter->run()
13 SYSTEMPATH\Boot.php(67): CodeIgniter\Boot::runCodeIgniter(Object(CodeIgniter\CodeIgniter))
14 FCPATH\index.php(63): CodeIgniter\Boot::bootWeb(Object(Config\Paths))
WARNING - 2025-06-05 14:52:27 --> [DEPRECATED] Passing lowercase HTTP method "get" is deprecated. Use uppercase HTTP method like "GET". in SYSTEMPATH\Router\RouteCollection.php on line 1027.
 1 SYSTEMPATH\Router\RouteCollection.php(1027): trigger_error('Passing lowercase HTTP method "get" is deprecated. Use uppercase HTTP method like "GET".', 16384)
 2 APPPATH\Config\Routes\AdminRoutes.php(172): CodeIgniter\Router\RouteCollection->match([...], 'sync_services/?(:num)?', 'ProvidersController::sync_services/$1')
 3 SYSTEMPATH\Router\RouteCollection.php(800): App\Config\Routes\AdminRoutes::App\Config\Routes\{closure}(Object(CodeIgniter\Router\RouteCollection))
 4 APPPATH\Config\Routes\AdminRoutes.php(167): CodeIgniter\Router\RouteCollection->group('providers', [...], Object(Closure))
 5 SYSTEMPATH\Router\RouteCollection.php(800): App\Config\Routes\AdminRoutes::App\Config\Routes\{closure}(Object(CodeIgniter\Router\RouteCollection))
 6 APPPATH\Config\Routes\AdminRoutes.php(28): CodeIgniter\Router\RouteCollection->group('admin', [...], Object(Closure))
 7 APPPATH\Config\Routes.php(20): App\Config\Routes\AdminRoutes::init(Object(CodeIgniter\Router\RouteCollection))
 8 SYSTEMPATH\Router\RouteCollection.php(340): require('C:\\xampp\\htdocs\\smartstore\\app\\Config\\Routes.php')
 9 SYSTEMPATH\CodeIgniter.php(823): CodeIgniter\Router\RouteCollection->loadRoutes()
10 SYSTEMPATH\CodeIgniter.php(457): CodeIgniter\CodeIgniter->tryToRouteIt(null)
11 SYSTEMPATH\CodeIgniter.php(355): CodeIgniter\CodeIgniter->handleRequest(null, Object(Config\Cache), false)
12 SYSTEMPATH\Boot.php(325): CodeIgniter\CodeIgniter->run()
13 SYSTEMPATH\Boot.php(67): CodeIgniter\Boot::runCodeIgniter(Object(CodeIgniter\CodeIgniter))
14 FCPATH\index.php(63): CodeIgniter\Boot::bootWeb(Object(Config\Paths))
WARNING - 2025-06-05 14:52:27 --> [DEPRECATED] Passing lowercase HTTP method "post" is deprecated. Use uppercase HTTP method like "POST". in SYSTEMPATH\Router\RouteCollection.php on line 1027.
 1 SYSTEMPATH\Router\RouteCollection.php(1027): trigger_error('Passing lowercase HTTP method "post" is deprecated. Use uppercase HTTP method like "POST".', 16384)
 2 APPPATH\Config\Routes\AdminRoutes.php(172): CodeIgniter\Router\RouteCollection->match([...], 'sync_services/?(:num)?', 'ProvidersController::sync_services/$1')
 3 SYSTEMPATH\Router\RouteCollection.php(800): App\Config\Routes\AdminRoutes::App\Config\Routes\{closure}(Object(CodeIgniter\Router\RouteCollection))
 4 APPPATH\Config\Routes\AdminRoutes.php(167): CodeIgniter\Router\RouteCollection->group('providers', [...], Object(Closure))
 5 SYSTEMPATH\Router\RouteCollection.php(800): App\Config\Routes\AdminRoutes::App\Config\Routes\{closure}(Object(CodeIgniter\Router\RouteCollection))
 6 APPPATH\Config\Routes\AdminRoutes.php(28): CodeIgniter\Router\RouteCollection->group('admin', [...], Object(Closure))
 7 APPPATH\Config\Routes.php(20): App\Config\Routes\AdminRoutes::init(Object(CodeIgniter\Router\RouteCollection))
 8 SYSTEMPATH\Router\RouteCollection.php(340): require('C:\\xampp\\htdocs\\smartstore\\app\\Config\\Routes.php')
 9 SYSTEMPATH\CodeIgniter.php(823): CodeIgniter\Router\RouteCollection->loadRoutes()
10 SYSTEMPATH\CodeIgniter.php(457): CodeIgniter\CodeIgniter->tryToRouteIt(null)
11 SYSTEMPATH\CodeIgniter.php(355): CodeIgniter\CodeIgniter->handleRequest(null, Object(Config\Cache), false)
12 SYSTEMPATH\Boot.php(325): CodeIgniter\CodeIgniter->run()
13 SYSTEMPATH\Boot.php(67): CodeIgniter\Boot::runCodeIgniter(Object(CodeIgniter\CodeIgniter))
14 FCPATH\index.php(63): CodeIgniter\Boot::bootWeb(Object(Config\Paths))
WARNING - 2025-06-05 14:52:27 --> [DEPRECATED] Passing lowercase HTTP method "get" is deprecated. Use uppercase HTTP method like "GET". in SYSTEMPATH\Router\RouteCollection.php on line 1027.
 1 SYSTEMPATH\Router\RouteCollection.php(1027): trigger_error('Passing lowercase HTTP method "get" is deprecated. Use uppercase HTTP method like "GET".', 16384)
 2 APPPATH\Config\Routes\AdminRoutes.php(185): CodeIgniter\Router\RouteCollection->match([...], 'add_note/?(:num)?', 'UsersController::add_note/$1')
 3 SYSTEMPATH\Router\RouteCollection.php(800): App\Config\Routes\AdminRoutes::App\Config\Routes\{closure}(Object(CodeIgniter\Router\RouteCollection))
 4 APPPATH\Config\Routes\AdminRoutes.php(182): CodeIgniter\Router\RouteCollection->group('users', [...], Object(Closure))
 5 SYSTEMPATH\Router\RouteCollection.php(800): App\Config\Routes\AdminRoutes::App\Config\Routes\{closure}(Object(CodeIgniter\Router\RouteCollection))
 6 APPPATH\Config\Routes\AdminRoutes.php(28): CodeIgniter\Router\RouteCollection->group('admin', [...], Object(Closure))
 7 APPPATH\Config\Routes.php(20): App\Config\Routes\AdminRoutes::init(Object(CodeIgniter\Router\RouteCollection))
 8 SYSTEMPATH\Router\RouteCollection.php(340): require('C:\\xampp\\htdocs\\smartstore\\app\\Config\\Routes.php')
 9 SYSTEMPATH\CodeIgniter.php(823): CodeIgniter\Router\RouteCollection->loadRoutes()
10 SYSTEMPATH\CodeIgniter.php(457): CodeIgniter\CodeIgniter->tryToRouteIt(null)
11 SYSTEMPATH\CodeIgniter.php(355): CodeIgniter\CodeIgniter->handleRequest(null, Object(Config\Cache), false)
12 SYSTEMPATH\Boot.php(325): CodeIgniter\CodeIgniter->run()
13 SYSTEMPATH\Boot.php(67): CodeIgniter\Boot::runCodeIgniter(Object(CodeIgniter\CodeIgniter))
14 FCPATH\index.php(63): CodeIgniter\Boot::bootWeb(Object(Config\Paths))
WARNING - 2025-06-05 14:52:27 --> [DEPRECATED] Passing lowercase HTTP method "post" is deprecated. Use uppercase HTTP method like "POST". in SYSTEMPATH\Router\RouteCollection.php on line 1027.
 1 SYSTEMPATH\Router\RouteCollection.php(1027): trigger_error('Passing lowercase HTTP method "post" is deprecated. Use uppercase HTTP method like "POST".', 16384)
 2 APPPATH\Config\Routes\AdminRoutes.php(185): CodeIgniter\Router\RouteCollection->match([...], 'add_note/?(:num)?', 'UsersController::add_note/$1')
 3 SYSTEMPATH\Router\RouteCollection.php(800): App\Config\Routes\AdminRoutes::App\Config\Routes\{closure}(Object(CodeIgniter\Router\RouteCollection))
 4 APPPATH\Config\Routes\AdminRoutes.php(182): CodeIgniter\Router\RouteCollection->group('users', [...], Object(Closure))
 5 SYSTEMPATH\Router\RouteCollection.php(800): App\Config\Routes\AdminRoutes::App\Config\Routes\{closure}(Object(CodeIgniter\Router\RouteCollection))
 6 APPPATH\Config\Routes\AdminRoutes.php(28): CodeIgniter\Router\RouteCollection->group('admin', [...], Object(Closure))
 7 APPPATH\Config\Routes.php(20): App\Config\Routes\AdminRoutes::init(Object(CodeIgniter\Router\RouteCollection))
 8 SYSTEMPATH\Router\RouteCollection.php(340): require('C:\\xampp\\htdocs\\smartstore\\app\\Config\\Routes.php')
 9 SYSTEMPATH\CodeIgniter.php(823): CodeIgniter\Router\RouteCollection->loadRoutes()
10 SYSTEMPATH\CodeIgniter.php(457): CodeIgniter\CodeIgniter->tryToRouteIt(null)
11 SYSTEMPATH\CodeIgniter.php(355): CodeIgniter\CodeIgniter->handleRequest(null, Object(Config\Cache), false)
12 SYSTEMPATH\Boot.php(325): CodeIgniter\CodeIgniter->run()
13 SYSTEMPATH\Boot.php(67): CodeIgniter\Boot::runCodeIgniter(Object(CodeIgniter\CodeIgniter))
14 FCPATH\index.php(63): CodeIgniter\Boot::bootWeb(Object(Config\Paths))
WARNING - 2025-06-05 14:52:27 --> [DEPRECATED] Passing lowercase HTTP method "get" is deprecated. Use uppercase HTTP method like "GET". in SYSTEMPATH\Router\RouteCollection.php on line 1027.
 1 SYSTEMPATH\Router\RouteCollection.php(1027): trigger_error('Passing lowercase HTTP method "get" is deprecated. Use uppercase HTTP method like "GET".', 16384)
 2 APPPATH\Config\Routes\AdminRoutes.php(186): CodeIgniter\Router\RouteCollection->match([...], 'send_mail/?(:num)?', 'UsersController::send_mail/$1')
 3 SYSTEMPATH\Router\RouteCollection.php(800): App\Config\Routes\AdminRoutes::App\Config\Routes\{closure}(Object(CodeIgniter\Router\RouteCollection))
 4 APPPATH\Config\Routes\AdminRoutes.php(182): CodeIgniter\Router\RouteCollection->group('users', [...], Object(Closure))
 5 SYSTEMPATH\Router\RouteCollection.php(800): App\Config\Routes\AdminRoutes::App\Config\Routes\{closure}(Object(CodeIgniter\Router\RouteCollection))
 6 APPPATH\Config\Routes\AdminRoutes.php(28): CodeIgniter\Router\RouteCollection->group('admin', [...], Object(Closure))
 7 APPPATH\Config\Routes.php(20): App\Config\Routes\AdminRoutes::init(Object(CodeIgniter\Router\RouteCollection))
 8 SYSTEMPATH\Router\RouteCollection.php(340): require('C:\\xampp\\htdocs\\smartstore\\app\\Config\\Routes.php')
 9 SYSTEMPATH\CodeIgniter.php(823): CodeIgniter\Router\RouteCollection->loadRoutes()
10 SYSTEMPATH\CodeIgniter.php(457): CodeIgniter\CodeIgniter->tryToRouteIt(null)
11 SYSTEMPATH\CodeIgniter.php(355): CodeIgniter\CodeIgniter->handleRequest(null, Object(Config\Cache), false)
12 SYSTEMPATH\Boot.php(325): CodeIgniter\CodeIgniter->run()
13 SYSTEMPATH\Boot.php(67): CodeIgniter\Boot::runCodeIgniter(Object(CodeIgniter\CodeIgniter))
14 FCPATH\index.php(63): CodeIgniter\Boot::bootWeb(Object(Config\Paths))
WARNING - 2025-06-05 14:52:27 --> [DEPRECATED] Passing lowercase HTTP method "post" is deprecated. Use uppercase HTTP method like "POST". in SYSTEMPATH\Router\RouteCollection.php on line 1027.
 1 SYSTEMPATH\Router\RouteCollection.php(1027): trigger_error('Passing lowercase HTTP method "post" is deprecated. Use uppercase HTTP method like "POST".', 16384)
 2 APPPATH\Config\Routes\AdminRoutes.php(186): CodeIgniter\Router\RouteCollection->match([...], 'send_mail/?(:num)?', 'UsersController::send_mail/$1')
 3 SYSTEMPATH\Router\RouteCollection.php(800): App\Config\Routes\AdminRoutes::App\Config\Routes\{closure}(Object(CodeIgniter\Router\RouteCollection))
 4 APPPATH\Config\Routes\AdminRoutes.php(182): CodeIgniter\Router\RouteCollection->group('users', [...], Object(Closure))
 5 SYSTEMPATH\Router\RouteCollection.php(800): App\Config\Routes\AdminRoutes::App\Config\Routes\{closure}(Object(CodeIgniter\Router\RouteCollection))
 6 APPPATH\Config\Routes\AdminRoutes.php(28): CodeIgniter\Router\RouteCollection->group('admin', [...], Object(Closure))
 7 APPPATH\Config\Routes.php(20): App\Config\Routes\AdminRoutes::init(Object(CodeIgniter\Router\RouteCollection))
 8 SYSTEMPATH\Router\RouteCollection.php(340): require('C:\\xampp\\htdocs\\smartstore\\app\\Config\\Routes.php')
 9 SYSTEMPATH\CodeIgniter.php(823): CodeIgniter\Router\RouteCollection->loadRoutes()
10 SYSTEMPATH\CodeIgniter.php(457): CodeIgniter\CodeIgniter->tryToRouteIt(null)
11 SYSTEMPATH\CodeIgniter.php(355): CodeIgniter\CodeIgniter->handleRequest(null, Object(Config\Cache), false)
12 SYSTEMPATH\Boot.php(325): CodeIgniter\CodeIgniter->run()
13 SYSTEMPATH\Boot.php(67): CodeIgniter\Boot::runCodeIgniter(Object(CodeIgniter\CodeIgniter))
14 FCPATH\index.php(63): CodeIgniter\Boot::bootWeb(Object(Config\Paths))
WARNING - 2025-06-05 14:52:27 --> [DEPRECATED] Passing lowercase HTTP method "get" is deprecated. Use uppercase HTTP method like "GET". in SYSTEMPATH\Router\RouteCollection.php on line 1027.
 1 SYSTEMPATH\Router\RouteCollection.php(1027): trigger_error('Passing lowercase HTTP method "get" is deprecated. Use uppercase HTTP method like "GET".', 16384)
 2 APPPATH\Config\Routes\AdminRoutes.php(215): CodeIgniter\Router\RouteCollection->match([...], 'send_mail/?(:num)?', 'TicketsController::send_mail/$1')
 3 SYSTEMPATH\Router\RouteCollection.php(800): App\Config\Routes\AdminRoutes::App\Config\Routes\{closure}(Object(CodeIgniter\Router\RouteCollection))
 4 APPPATH\Config\Routes\AdminRoutes.php(212): CodeIgniter\Router\RouteCollection->group('tickets', [...], Object(Closure))
 5 SYSTEMPATH\Router\RouteCollection.php(800): App\Config\Routes\AdminRoutes::App\Config\Routes\{closure}(Object(CodeIgniter\Router\RouteCollection))
 6 APPPATH\Config\Routes\AdminRoutes.php(28): CodeIgniter\Router\RouteCollection->group('admin', [...], Object(Closure))
 7 APPPATH\Config\Routes.php(20): App\Config\Routes\AdminRoutes::init(Object(CodeIgniter\Router\RouteCollection))
 8 SYSTEMPATH\Router\RouteCollection.php(340): require('C:\\xampp\\htdocs\\smartstore\\app\\Config\\Routes.php')
 9 SYSTEMPATH\CodeIgniter.php(823): CodeIgniter\Router\RouteCollection->loadRoutes()
10 SYSTEMPATH\CodeIgniter.php(457): CodeIgniter\CodeIgniter->tryToRouteIt(null)
11 SYSTEMPATH\CodeIgniter.php(355): CodeIgniter\CodeIgniter->handleRequest(null, Object(Config\Cache), false)
12 SYSTEMPATH\Boot.php(325): CodeIgniter\CodeIgniter->run()
13 SYSTEMPATH\Boot.php(67): CodeIgniter\Boot::runCodeIgniter(Object(CodeIgniter\CodeIgniter))
14 FCPATH\index.php(63): CodeIgniter\Boot::bootWeb(Object(Config\Paths))
WARNING - 2025-06-05 14:52:27 --> [DEPRECATED] Passing lowercase HTTP method "post" is deprecated. Use uppercase HTTP method like "POST". in SYSTEMPATH\Router\RouteCollection.php on line 1027.
 1 SYSTEMPATH\Router\RouteCollection.php(1027): trigger_error('Passing lowercase HTTP method "post" is deprecated. Use uppercase HTTP method like "POST".', 16384)
 2 APPPATH\Config\Routes\AdminRoutes.php(215): CodeIgniter\Router\RouteCollection->match([...], 'send_mail/?(:num)?', 'TicketsController::send_mail/$1')
 3 SYSTEMPATH\Router\RouteCollection.php(800): App\Config\Routes\AdminRoutes::App\Config\Routes\{closure}(Object(CodeIgniter\Router\RouteCollection))
 4 APPPATH\Config\Routes\AdminRoutes.php(212): CodeIgniter\Router\RouteCollection->group('tickets', [...], Object(Closure))
 5 SYSTEMPATH\Router\RouteCollection.php(800): App\Config\Routes\AdminRoutes::App\Config\Routes\{closure}(Object(CodeIgniter\Router\RouteCollection))
 6 APPPATH\Config\Routes\AdminRoutes.php(28): CodeIgniter\Router\RouteCollection->group('admin', [...], Object(Closure))
 7 APPPATH\Config\Routes.php(20): App\Config\Routes\AdminRoutes::init(Object(CodeIgniter\Router\RouteCollection))
 8 SYSTEMPATH\Router\RouteCollection.php(340): require('C:\\xampp\\htdocs\\smartstore\\app\\Config\\Routes.php')
 9 SYSTEMPATH\CodeIgniter.php(823): CodeIgniter\Router\RouteCollection->loadRoutes()
10 SYSTEMPATH\CodeIgniter.php(457): CodeIgniter\CodeIgniter->tryToRouteIt(null)
11 SYSTEMPATH\CodeIgniter.php(355): CodeIgniter\CodeIgniter->handleRequest(null, Object(Config\Cache), false)
12 SYSTEMPATH\Boot.php(325): CodeIgniter\CodeIgniter->run()
13 SYSTEMPATH\Boot.php(67): CodeIgniter\Boot::runCodeIgniter(Object(CodeIgniter\CodeIgniter))
14 FCPATH\index.php(63): CodeIgniter\Boot::bootWeb(Object(Config\Paths))
WARNING - 2025-06-05 14:52:27 --> [DEPRECATED] Passing lowercase HTTP method "get" is deprecated. Use uppercase HTTP method like "GET". in SYSTEMPATH\Router\RouteCollection.php on line 1027.
 1 SYSTEMPATH\Router\RouteCollection.php(1027): trigger_error('Passing lowercase HTTP method "get" is deprecated. Use uppercase HTTP method like "GET".', 16384)
 2 APPPATH\Config\Routes\UserRoutes.php(49): CodeIgniter\Router\RouteCollection->match([...], 'submit_review', 'ClientController::submit_review', [...])
 3 APPPATH\Config\Routes\UserRoutes.php(23): App\Config\Routes\UserRoutes::defineRoutes(Object(CodeIgniter\Router\RouteCollection))
 4 APPPATH\Config\Routes.php(21): App\Config\Routes\UserRoutes::init(Object(CodeIgniter\Router\RouteCollection))
 5 SYSTEMPATH\Router\RouteCollection.php(340): require('C:\\xampp\\htdocs\\smartstore\\app\\Config\\Routes.php')
 6 SYSTEMPATH\CodeIgniter.php(823): CodeIgniter\Router\RouteCollection->loadRoutes()
 7 SYSTEMPATH\CodeIgniter.php(457): CodeIgniter\CodeIgniter->tryToRouteIt(null)
 8 SYSTEMPATH\CodeIgniter.php(355): CodeIgniter\CodeIgniter->handleRequest(null, Object(Config\Cache), false)
 9 SYSTEMPATH\Boot.php(325): CodeIgniter\CodeIgniter->run()
10 SYSTEMPATH\Boot.php(67): CodeIgniter\Boot::runCodeIgniter(Object(CodeIgniter\CodeIgniter))
11 FCPATH\index.php(63): CodeIgniter\Boot::bootWeb(Object(Config\Paths))
WARNING - 2025-06-05 14:52:27 --> [DEPRECATED] Passing lowercase HTTP method "post" is deprecated. Use uppercase HTTP method like "POST". in SYSTEMPATH\Router\RouteCollection.php on line 1027.
 1 SYSTEMPATH\Router\RouteCollection.php(1027): trigger_error('Passing lowercase HTTP method "post" is deprecated. Use uppercase HTTP method like "POST".', 16384)
 2 APPPATH\Config\Routes\UserRoutes.php(49): CodeIgniter\Router\RouteCollection->match([...], 'submit_review', 'ClientController::submit_review', [...])
 3 APPPATH\Config\Routes\UserRoutes.php(23): App\Config\Routes\UserRoutes::defineRoutes(Object(CodeIgniter\Router\RouteCollection))
 4 APPPATH\Config\Routes.php(21): App\Config\Routes\UserRoutes::init(Object(CodeIgniter\Router\RouteCollection))
 5 SYSTEMPATH\Router\RouteCollection.php(340): require('C:\\xampp\\htdocs\\smartstore\\app\\Config\\Routes.php')
 6 SYSTEMPATH\CodeIgniter.php(823): CodeIgniter\Router\RouteCollection->loadRoutes()
 7 SYSTEMPATH\CodeIgniter.php(457): CodeIgniter\CodeIgniter->tryToRouteIt(null)
 8 SYSTEMPATH\CodeIgniter.php(355): CodeIgniter\CodeIgniter->handleRequest(null, Object(Config\Cache), false)
 9 SYSTEMPATH\Boot.php(325): CodeIgniter\CodeIgniter->run()
10 SYSTEMPATH\Boot.php(67): CodeIgniter\Boot::runCodeIgniter(Object(CodeIgniter\CodeIgniter))
11 FCPATH\index.php(63): CodeIgniter\Boot::bootWeb(Object(Config\Paths))
WARNING - 2025-06-05 14:52:27 --> [DEPRECATED] Passing lowercase HTTP method "get" is deprecated. Use uppercase HTTP method like "GET". in SYSTEMPATH\Router\RouteCollection.php on line 1027.
 1 SYSTEMPATH\Router\RouteCollection.php(1027): trigger_error('Passing lowercase HTTP method "get" is deprecated. Use uppercase HTTP method like "GET".', 16384)
 2 APPPATH\Config\Routes\UserRoutes.php(63): CodeIgniter\Router\RouteCollection->match([...], 'track-order', 'OrderController::track_order', [...])
 3 APPPATH\Config\Routes\UserRoutes.php(23): App\Config\Routes\UserRoutes::defineRoutes(Object(CodeIgniter\Router\RouteCollection))
 4 APPPATH\Config\Routes.php(21): App\Config\Routes\UserRoutes::init(Object(CodeIgniter\Router\RouteCollection))
 5 SYSTEMPATH\Router\RouteCollection.php(340): require('C:\\xampp\\htdocs\\smartstore\\app\\Config\\Routes.php')
 6 SYSTEMPATH\CodeIgniter.php(823): CodeIgniter\Router\RouteCollection->loadRoutes()
 7 SYSTEMPATH\CodeIgniter.php(457): CodeIgniter\CodeIgniter->tryToRouteIt(null)
 8 SYSTEMPATH\CodeIgniter.php(355): CodeIgniter\CodeIgniter->handleRequest(null, Object(Config\Cache), false)
 9 SYSTEMPATH\Boot.php(325): CodeIgniter\CodeIgniter->run()
10 SYSTEMPATH\Boot.php(67): CodeIgniter\Boot::runCodeIgniter(Object(CodeIgniter\CodeIgniter))
11 FCPATH\index.php(63): CodeIgniter\Boot::bootWeb(Object(Config\Paths))
WARNING - 2025-06-05 14:52:27 --> [DEPRECATED] Passing lowercase HTTP method "post" is deprecated. Use uppercase HTTP method like "POST". in SYSTEMPATH\Router\RouteCollection.php on line 1027.
 1 SYSTEMPATH\Router\RouteCollection.php(1027): trigger_error('Passing lowercase HTTP method "post" is deprecated. Use uppercase HTTP method like "POST".', 16384)
 2 APPPATH\Config\Routes\UserRoutes.php(63): CodeIgniter\Router\RouteCollection->match([...], 'track-order', 'OrderController::track_order', [...])
 3 APPPATH\Config\Routes\UserRoutes.php(23): App\Config\Routes\UserRoutes::defineRoutes(Object(CodeIgniter\Router\RouteCollection))
 4 APPPATH\Config\Routes.php(21): App\Config\Routes\UserRoutes::init(Object(CodeIgniter\Router\RouteCollection))
 5 SYSTEMPATH\Router\RouteCollection.php(340): require('C:\\xampp\\htdocs\\smartstore\\app\\Config\\Routes.php')
 6 SYSTEMPATH\CodeIgniter.php(823): CodeIgniter\Router\RouteCollection->loadRoutes()
 7 SYSTEMPATH\CodeIgniter.php(457): CodeIgniter\CodeIgniter->tryToRouteIt(null)
 8 SYSTEMPATH\CodeIgniter.php(355): CodeIgniter\CodeIgniter->handleRequest(null, Object(Config\Cache), false)
 9 SYSTEMPATH\Boot.php(325): CodeIgniter\CodeIgniter->run()
10 SYSTEMPATH\Boot.php(67): CodeIgniter\Boot::runCodeIgniter(Object(CodeIgniter\CodeIgniter))
11 FCPATH\index.php(63): CodeIgniter\Boot::bootWeb(Object(Config\Paths))
WARNING - 2025-06-05 14:52:27 --> [DEPRECATED] Passing lowercase HTTP method "get" is deprecated. Use uppercase HTTP method like "GET". in SYSTEMPATH\Router\RouteCollection.php on line 1027.
 1 SYSTEMPATH\Router\RouteCollection.php(1027): trigger_error('Passing lowercase HTTP method "get" is deprecated. Use uppercase HTTP method like "GET".', 16384)
 2 APPPATH\Config\Routes\UserRoutes.php(49): CodeIgniter\Router\RouteCollection->match([...], 'submit_review', 'ClientController::submit_review', [...])
 3 APPPATH\Config\Routes\UserRoutes.php(26): App\Config\Routes\UserRoutes::defineRoutes(Object(CodeIgniter\Router\RouteCollection))
 4 SYSTEMPATH\Router\RouteCollection.php(800): App\Config\Routes\UserRoutes::App\Config\Routes\{closure}(Object(CodeIgniter\Router\RouteCollection))
 5 APPPATH\Config\Routes\UserRoutes.php(25): CodeIgniter\Router\RouteCollection->group('{locale}', Object(Closure))
 6 APPPATH\Config\Routes.php(21): App\Config\Routes\UserRoutes::init(Object(CodeIgniter\Router\RouteCollection))
 7 SYSTEMPATH\Router\RouteCollection.php(340): require('C:\\xampp\\htdocs\\smartstore\\app\\Config\\Routes.php')
 8 SYSTEMPATH\CodeIgniter.php(823): CodeIgniter\Router\RouteCollection->loadRoutes()
 9 SYSTEMPATH\CodeIgniter.php(457): CodeIgniter\CodeIgniter->tryToRouteIt(null)
10 SYSTEMPATH\CodeIgniter.php(355): CodeIgniter\CodeIgniter->handleRequest(null, Object(Config\Cache), false)
11 SYSTEMPATH\Boot.php(325): CodeIgniter\CodeIgniter->run()
12 SYSTEMPATH\Boot.php(67): CodeIgniter\Boot::runCodeIgniter(Object(CodeIgniter\CodeIgniter))
13 FCPATH\index.php(63): CodeIgniter\Boot::bootWeb(Object(Config\Paths))
WARNING - 2025-06-05 14:52:27 --> [DEPRECATED] Passing lowercase HTTP method "post" is deprecated. Use uppercase HTTP method like "POST". in SYSTEMPATH\Router\RouteCollection.php on line 1027.
 1 SYSTEMPATH\Router\RouteCollection.php(1027): trigger_error('Passing lowercase HTTP method "post" is deprecated. Use uppercase HTTP method like "POST".', 16384)
 2 APPPATH\Config\Routes\UserRoutes.php(49): CodeIgniter\Router\RouteCollection->match([...], 'submit_review', 'ClientController::submit_review', [...])
 3 APPPATH\Config\Routes\UserRoutes.php(26): App\Config\Routes\UserRoutes::defineRoutes(Object(CodeIgniter\Router\RouteCollection))
 4 SYSTEMPATH\Router\RouteCollection.php(800): App\Config\Routes\UserRoutes::App\Config\Routes\{closure}(Object(CodeIgniter\Router\RouteCollection))
 5 APPPATH\Config\Routes\UserRoutes.php(25): CodeIgniter\Router\RouteCollection->group('{locale}', Object(Closure))
 6 APPPATH\Config\Routes.php(21): App\Config\Routes\UserRoutes::init(Object(CodeIgniter\Router\RouteCollection))
 7 SYSTEMPATH\Router\RouteCollection.php(340): require('C:\\xampp\\htdocs\\smartstore\\app\\Config\\Routes.php')
 8 SYSTEMPATH\CodeIgniter.php(823): CodeIgniter\Router\RouteCollection->loadRoutes()
 9 SYSTEMPATH\CodeIgniter.php(457): CodeIgniter\CodeIgniter->tryToRouteIt(null)
10 SYSTEMPATH\CodeIgniter.php(355): CodeIgniter\CodeIgniter->handleRequest(null, Object(Config\Cache), false)
11 SYSTEMPATH\Boot.php(325): CodeIgniter\CodeIgniter->run()
12 SYSTEMPATH\Boot.php(67): CodeIgniter\Boot::runCodeIgniter(Object(CodeIgniter\CodeIgniter))
13 FCPATH\index.php(63): CodeIgniter\Boot::bootWeb(Object(Config\Paths))
WARNING - 2025-06-05 14:52:27 --> [DEPRECATED] Passing lowercase HTTP method "get" is deprecated. Use uppercase HTTP method like "GET". in SYSTEMPATH\Router\RouteCollection.php on line 1027.
 1 SYSTEMPATH\Router\RouteCollection.php(1027): trigger_error('Passing lowercase HTTP method "get" is deprecated. Use uppercase HTTP method like "GET".', 16384)
 2 APPPATH\Config\Routes\UserRoutes.php(63): CodeIgniter\Router\RouteCollection->match([...], 'track-order', 'OrderController::track_order', [...])
 3 APPPATH\Config\Routes\UserRoutes.php(26): App\Config\Routes\UserRoutes::defineRoutes(Object(CodeIgniter\Router\RouteCollection))
 4 SYSTEMPATH\Router\RouteCollection.php(800): App\Config\Routes\UserRoutes::App\Config\Routes\{closure}(Object(CodeIgniter\Router\RouteCollection))
 5 APPPATH\Config\Routes\UserRoutes.php(25): CodeIgniter\Router\RouteCollection->group('{locale}', Object(Closure))
 6 APPPATH\Config\Routes.php(21): App\Config\Routes\UserRoutes::init(Object(CodeIgniter\Router\RouteCollection))
 7 SYSTEMPATH\Router\RouteCollection.php(340): require('C:\\xampp\\htdocs\\smartstore\\app\\Config\\Routes.php')
 8 SYSTEMPATH\CodeIgniter.php(823): CodeIgniter\Router\RouteCollection->loadRoutes()
 9 SYSTEMPATH\CodeIgniter.php(457): CodeIgniter\CodeIgniter->tryToRouteIt(null)
10 SYSTEMPATH\CodeIgniter.php(355): CodeIgniter\CodeIgniter->handleRequest(null, Object(Config\Cache), false)
11 SYSTEMPATH\Boot.php(325): CodeIgniter\CodeIgniter->run()
12 SYSTEMPATH\Boot.php(67): CodeIgniter\Boot::runCodeIgniter(Object(CodeIgniter\CodeIgniter))
13 FCPATH\index.php(63): CodeIgniter\Boot::bootWeb(Object(Config\Paths))
WARNING - 2025-06-05 14:52:27 --> [DEPRECATED] Passing lowercase HTTP method "post" is deprecated. Use uppercase HTTP method like "POST". in SYSTEMPATH\Router\RouteCollection.php on line 1027.
 1 SYSTEMPATH\Router\RouteCollection.php(1027): trigger_error('Passing lowercase HTTP method "post" is deprecated. Use uppercase HTTP method like "POST".', 16384)
 2 APPPATH\Config\Routes\UserRoutes.php(63): CodeIgniter\Router\RouteCollection->match([...], 'track-order', 'OrderController::track_order', [...])
 3 APPPATH\Config\Routes\UserRoutes.php(26): App\Config\Routes\UserRoutes::defineRoutes(Object(CodeIgniter\Router\RouteCollection))
 4 SYSTEMPATH\Router\RouteCollection.php(800): App\Config\Routes\UserRoutes::App\Config\Routes\{closure}(Object(CodeIgniter\Router\RouteCollection))
 5 APPPATH\Config\Routes\UserRoutes.php(25): CodeIgniter\Router\RouteCollection->group('{locale}', Object(Closure))
 6 APPPATH\Config\Routes.php(21): App\Config\Routes\UserRoutes::init(Object(CodeIgniter\Router\RouteCollection))
 7 SYSTEMPATH\Router\RouteCollection.php(340): require('C:\\xampp\\htdocs\\smartstore\\app\\Config\\Routes.php')
 8 SYSTEMPATH\CodeIgniter.php(823): CodeIgniter\Router\RouteCollection->loadRoutes()
 9 SYSTEMPATH\CodeIgniter.php(457): CodeIgniter\CodeIgniter->tryToRouteIt(null)
10 SYSTEMPATH\CodeIgniter.php(355): CodeIgniter\CodeIgniter->handleRequest(null, Object(Config\Cache), false)
11 SYSTEMPATH\Boot.php(325): CodeIgniter\CodeIgniter->run()
12 SYSTEMPATH\Boot.php(67): CodeIgniter\Boot::runCodeIgniter(Object(CodeIgniter\CodeIgniter))
13 FCPATH\index.php(63): CodeIgniter\Boot::bootWeb(Object(Config\Paths))
INFO - 2025-06-05 14:52:27 --> Session: Class initialized using 'CodeIgniter\Session\Handlers\FileHandler' driver.
WARNING - 2025-06-05 14:52:27 --> [DEPRECATED] Creation of dynamic property App\Controllers\Public\PageController::$load_files is deprecated in APPPATH\Controllers\Public\PageController.php on line 21.
 1 SYSTEMPATH\CodeIgniter.php(903): App\Controllers\Public\PageController->__construct()
 2 SYSTEMPATH\CodeIgniter.php(500): CodeIgniter\CodeIgniter->createController()
 3 SYSTEMPATH\CodeIgniter.php(355): CodeIgniter\CodeIgniter->handleRequest(null, Object(Config\Cache), false)
 4 SYSTEMPATH\Boot.php(325): CodeIgniter\CodeIgniter->run()
 5 SYSTEMPATH\Boot.php(67): CodeIgniter\Boot::runCodeIgniter(Object(CodeIgniter\CodeIgniter))
 6 FCPATH\index.php(63): CodeIgniter\Boot::bootWeb(Object(Config\Paths))
WARNING - 2025-06-05 14:52:27 --> [DEPRECATED] Creation of dynamic property App\Controllers\Public\PageController::$page_title is deprecated in APPPATH\Controllers\Public\PageController.php on line 22.
 1 SYSTEMPATH\CodeIgniter.php(903): App\Controllers\Public\PageController->__construct()
 2 SYSTEMPATH\CodeIgniter.php(500): CodeIgniter\CodeIgniter->createController()
 3 SYSTEMPATH\CodeIgniter.php(355): CodeIgniter\CodeIgniter->handleRequest(null, Object(Config\Cache), false)
 4 SYSTEMPATH\Boot.php(325): CodeIgniter\CodeIgniter->run()
 5 SYSTEMPATH\Boot.php(67): CodeIgniter\Boot::runCodeIgniter(Object(CodeIgniter\CodeIgniter))
 6 FCPATH\index.php(63): CodeIgniter\Boot::bootWeb(Object(Config\Paths))
WARNING - 2025-06-05 15:51:13 --> [DEPRECATED] Passing lowercase HTTP method "get" is deprecated. Use uppercase HTTP method like "GET". in SYSTEMPATH\Router\RouteCollection.php on line 1027.
 1 SYSTEMPATH\Router\RouteCollection.php(1027): trigger_error('Passing lowercase HTTP method "get" is deprecated. Use uppercase HTTP method like "GET".', 16384)
 2 APPPATH\Config\Routes\AdminRoutes.php(65): CodeIgniter\Router\RouteCollection->match([...], 'send_test_mail', 'SettingsController::send_test_mail')
 3 SYSTEMPATH\Router\RouteCollection.php(800): App\Config\Routes\AdminRoutes::App\Config\Routes\{closure}(Object(CodeIgniter\Router\RouteCollection))
 4 APPPATH\Config\Routes\AdminRoutes.php(63): CodeIgniter\Router\RouteCollection->group('settings', [...], Object(Closure))
 5 SYSTEMPATH\Router\RouteCollection.php(800): App\Config\Routes\AdminRoutes::App\Config\Routes\{closure}(Object(CodeIgniter\Router\RouteCollection))
 6 APPPATH\Config\Routes\AdminRoutes.php(28): CodeIgniter\Router\RouteCollection->group('admin', [...], Object(Closure))
 7 APPPATH\Config\Routes.php(20): App\Config\Routes\AdminRoutes::init(Object(CodeIgniter\Router\RouteCollection))
 8 SYSTEMPATH\Router\RouteCollection.php(340): require('C:\\xampp\\htdocs\\smartstore\\app\\Config\\Routes.php')
 9 SYSTEMPATH\CodeIgniter.php(823): CodeIgniter\Router\RouteCollection->loadRoutes()
10 SYSTEMPATH\CodeIgniter.php(457): CodeIgniter\CodeIgniter->tryToRouteIt(null)
11 SYSTEMPATH\CodeIgniter.php(355): CodeIgniter\CodeIgniter->handleRequest(null, Object(Config\Cache), false)
12 SYSTEMPATH\Boot.php(325): CodeIgniter\CodeIgniter->run()
13 SYSTEMPATH\Boot.php(67): CodeIgniter\Boot::runCodeIgniter(Object(CodeIgniter\CodeIgniter))
14 FCPATH\index.php(63): CodeIgniter\Boot::bootWeb(Object(Config\Paths))
WARNING - 2025-06-05 15:51:13 --> [DEPRECATED] Passing lowercase HTTP method "post" is deprecated. Use uppercase HTTP method like "POST". in SYSTEMPATH\Router\RouteCollection.php on line 1027.
 1 SYSTEMPATH\Router\RouteCollection.php(1027): trigger_error('Passing lowercase HTTP method "post" is deprecated. Use uppercase HTTP method like "POST".', 16384)
 2 APPPATH\Config\Routes\AdminRoutes.php(65): CodeIgniter\Router\RouteCollection->match([...], 'send_test_mail', 'SettingsController::send_test_mail')
 3 SYSTEMPATH\Router\RouteCollection.php(800): App\Config\Routes\AdminRoutes::App\Config\Routes\{closure}(Object(CodeIgniter\Router\RouteCollection))
 4 APPPATH\Config\Routes\AdminRoutes.php(63): CodeIgniter\Router\RouteCollection->group('settings', [...], Object(Closure))
 5 SYSTEMPATH\Router\RouteCollection.php(800): App\Config\Routes\AdminRoutes::App\Config\Routes\{closure}(Object(CodeIgniter\Router\RouteCollection))
 6 APPPATH\Config\Routes\AdminRoutes.php(28): CodeIgniter\Router\RouteCollection->group('admin', [...], Object(Closure))
 7 APPPATH\Config\Routes.php(20): App\Config\Routes\AdminRoutes::init(Object(CodeIgniter\Router\RouteCollection))
 8 SYSTEMPATH\Router\RouteCollection.php(340): require('C:\\xampp\\htdocs\\smartstore\\app\\Config\\Routes.php')
 9 SYSTEMPATH\CodeIgniter.php(823): CodeIgniter\Router\RouteCollection->loadRoutes()
10 SYSTEMPATH\CodeIgniter.php(457): CodeIgniter\CodeIgniter->tryToRouteIt(null)
11 SYSTEMPATH\CodeIgniter.php(355): CodeIgniter\CodeIgniter->handleRequest(null, Object(Config\Cache), false)
12 SYSTEMPATH\Boot.php(325): CodeIgniter\CodeIgniter->run()
13 SYSTEMPATH\Boot.php(67): CodeIgniter\Boot::runCodeIgniter(Object(CodeIgniter\CodeIgniter))
14 FCPATH\index.php(63): CodeIgniter\Boot::bootWeb(Object(Config\Paths))
WARNING - 2025-06-05 15:51:13 --> [DEPRECATED] Passing lowercase HTTP method "get" is deprecated. Use uppercase HTTP method like "GET". in SYSTEMPATH\Router\RouteCollection.php on line 1027.
 1 SYSTEMPATH\Router\RouteCollection.php(1027): trigger_error('Passing lowercase HTTP method "get" is deprecated. Use uppercase HTTP method like "GET".', 16384)
 2 APPPATH\Config\Routes\AdminRoutes.php(76): CodeIgniter\Router\RouteCollection->match([...], 'elfinder_connector', 'FilemanagerController::elfinder_connector')
 3 SYSTEMPATH\Router\RouteCollection.php(800): App\Config\Routes\AdminRoutes::App\Config\Routes\{closure}(Object(CodeIgniter\Router\RouteCollection))
 4 APPPATH\Config\Routes\AdminRoutes.php(73): CodeIgniter\Router\RouteCollection->group('filemanager', [...], Object(Closure))
 5 SYSTEMPATH\Router\RouteCollection.php(800): App\Config\Routes\AdminRoutes::App\Config\Routes\{closure}(Object(CodeIgniter\Router\RouteCollection))
 6 APPPATH\Config\Routes\AdminRoutes.php(28): CodeIgniter\Router\RouteCollection->group('admin', [...], Object(Closure))
 7 APPPATH\Config\Routes.php(20): App\Config\Routes\AdminRoutes::init(Object(CodeIgniter\Router\RouteCollection))
 8 SYSTEMPATH\Router\RouteCollection.php(340): require('C:\\xampp\\htdocs\\smartstore\\app\\Config\\Routes.php')
 9 SYSTEMPATH\CodeIgniter.php(823): CodeIgniter\Router\RouteCollection->loadRoutes()
10 SYSTEMPATH\CodeIgniter.php(457): CodeIgniter\CodeIgniter->tryToRouteIt(null)
11 SYSTEMPATH\CodeIgniter.php(355): CodeIgniter\CodeIgniter->handleRequest(null, Object(Config\Cache), false)
12 SYSTEMPATH\Boot.php(325): CodeIgniter\CodeIgniter->run()
13 SYSTEMPATH\Boot.php(67): CodeIgniter\Boot::runCodeIgniter(Object(CodeIgniter\CodeIgniter))
14 FCPATH\index.php(63): CodeIgniter\Boot::bootWeb(Object(Config\Paths))
WARNING - 2025-06-05 15:51:13 --> [DEPRECATED] Passing lowercase HTTP method "post" is deprecated. Use uppercase HTTP method like "POST". in SYSTEMPATH\Router\RouteCollection.php on line 1027.
 1 SYSTEMPATH\Router\RouteCollection.php(1027): trigger_error('Passing lowercase HTTP method "post" is deprecated. Use uppercase HTTP method like "POST".', 16384)
 2 APPPATH\Config\Routes\AdminRoutes.php(76): CodeIgniter\Router\RouteCollection->match([...], 'elfinder_connector', 'FilemanagerController::elfinder_connector')
 3 SYSTEMPATH\Router\RouteCollection.php(800): App\Config\Routes\AdminRoutes::App\Config\Routes\{closure}(Object(CodeIgniter\Router\RouteCollection))
 4 APPPATH\Config\Routes\AdminRoutes.php(73): CodeIgniter\Router\RouteCollection->group('filemanager', [...], Object(Closure))
 5 SYSTEMPATH\Router\RouteCollection.php(800): App\Config\Routes\AdminRoutes::App\Config\Routes\{closure}(Object(CodeIgniter\Router\RouteCollection))
 6 APPPATH\Config\Routes\AdminRoutes.php(28): CodeIgniter\Router\RouteCollection->group('admin', [...], Object(Closure))
 7 APPPATH\Config\Routes.php(20): App\Config\Routes\AdminRoutes::init(Object(CodeIgniter\Router\RouteCollection))
 8 SYSTEMPATH\Router\RouteCollection.php(340): require('C:\\xampp\\htdocs\\smartstore\\app\\Config\\Routes.php')
 9 SYSTEMPATH\CodeIgniter.php(823): CodeIgniter\Router\RouteCollection->loadRoutes()
10 SYSTEMPATH\CodeIgniter.php(457): CodeIgniter\CodeIgniter->tryToRouteIt(null)
11 SYSTEMPATH\CodeIgniter.php(355): CodeIgniter\CodeIgniter->handleRequest(null, Object(Config\Cache), false)
12 SYSTEMPATH\Boot.php(325): CodeIgniter\CodeIgniter->run()
13 SYSTEMPATH\Boot.php(67): CodeIgniter\Boot::runCodeIgniter(Object(CodeIgniter\CodeIgniter))
14 FCPATH\index.php(63): CodeIgniter\Boot::bootWeb(Object(Config\Paths))
WARNING - 2025-06-05 15:51:13 --> [DEPRECATED] Passing lowercase HTTP method "get" is deprecated. Use uppercase HTTP method like "GET". in SYSTEMPATH\Router\RouteCollection.php on line 1027.
 1 SYSTEMPATH\Router\RouteCollection.php(1027): trigger_error('Passing lowercase HTTP method "get" is deprecated. Use uppercase HTTP method like "GET".', 16384)
 2 APPPATH\Config\Routes\AdminRoutes.php(172): CodeIgniter\Router\RouteCollection->match([...], 'sync_services/?(:num)?', 'ProvidersController::sync_services/$1')
 3 SYSTEMPATH\Router\RouteCollection.php(800): App\Config\Routes\AdminRoutes::App\Config\Routes\{closure}(Object(CodeIgniter\Router\RouteCollection))
 4 APPPATH\Config\Routes\AdminRoutes.php(167): CodeIgniter\Router\RouteCollection->group('providers', [...], Object(Closure))
 5 SYSTEMPATH\Router\RouteCollection.php(800): App\Config\Routes\AdminRoutes::App\Config\Routes\{closure}(Object(CodeIgniter\Router\RouteCollection))
 6 APPPATH\Config\Routes\AdminRoutes.php(28): CodeIgniter\Router\RouteCollection->group('admin', [...], Object(Closure))
 7 APPPATH\Config\Routes.php(20): App\Config\Routes\AdminRoutes::init(Object(CodeIgniter\Router\RouteCollection))
 8 SYSTEMPATH\Router\RouteCollection.php(340): require('C:\\xampp\\htdocs\\smartstore\\app\\Config\\Routes.php')
 9 SYSTEMPATH\CodeIgniter.php(823): CodeIgniter\Router\RouteCollection->loadRoutes()
10 SYSTEMPATH\CodeIgniter.php(457): CodeIgniter\CodeIgniter->tryToRouteIt(null)
11 SYSTEMPATH\CodeIgniter.php(355): CodeIgniter\CodeIgniter->handleRequest(null, Object(Config\Cache), false)
12 SYSTEMPATH\Boot.php(325): CodeIgniter\CodeIgniter->run()
13 SYSTEMPATH\Boot.php(67): CodeIgniter\Boot::runCodeIgniter(Object(CodeIgniter\CodeIgniter))
14 FCPATH\index.php(63): CodeIgniter\Boot::bootWeb(Object(Config\Paths))
WARNING - 2025-06-05 15:51:13 --> [DEPRECATED] Passing lowercase HTTP method "post" is deprecated. Use uppercase HTTP method like "POST". in SYSTEMPATH\Router\RouteCollection.php on line 1027.
 1 SYSTEMPATH\Router\RouteCollection.php(1027): trigger_error('Passing lowercase HTTP method "post" is deprecated. Use uppercase HTTP method like "POST".', 16384)
 2 APPPATH\Config\Routes\AdminRoutes.php(172): CodeIgniter\Router\RouteCollection->match([...], 'sync_services/?(:num)?', 'ProvidersController::sync_services/$1')
 3 SYSTEMPATH\Router\RouteCollection.php(800): App\Config\Routes\AdminRoutes::App\Config\Routes\{closure}(Object(CodeIgniter\Router\RouteCollection))
 4 APPPATH\Config\Routes\AdminRoutes.php(167): CodeIgniter\Router\RouteCollection->group('providers', [...], Object(Closure))
 5 SYSTEMPATH\Router\RouteCollection.php(800): App\Config\Routes\AdminRoutes::App\Config\Routes\{closure}(Object(CodeIgniter\Router\RouteCollection))
 6 APPPATH\Config\Routes\AdminRoutes.php(28): CodeIgniter\Router\RouteCollection->group('admin', [...], Object(Closure))
 7 APPPATH\Config\Routes.php(20): App\Config\Routes\AdminRoutes::init(Object(CodeIgniter\Router\RouteCollection))
 8 SYSTEMPATH\Router\RouteCollection.php(340): require('C:\\xampp\\htdocs\\smartstore\\app\\Config\\Routes.php')
 9 SYSTEMPATH\CodeIgniter.php(823): CodeIgniter\Router\RouteCollection->loadRoutes()
10 SYSTEMPATH\CodeIgniter.php(457): CodeIgniter\CodeIgniter->tryToRouteIt(null)
11 SYSTEMPATH\CodeIgniter.php(355): CodeIgniter\CodeIgniter->handleRequest(null, Object(Config\Cache), false)
12 SYSTEMPATH\Boot.php(325): CodeIgniter\CodeIgniter->run()
13 SYSTEMPATH\Boot.php(67): CodeIgniter\Boot::runCodeIgniter(Object(CodeIgniter\CodeIgniter))
14 FCPATH\index.php(63): CodeIgniter\Boot::bootWeb(Object(Config\Paths))
WARNING - 2025-06-05 15:51:13 --> [DEPRECATED] Passing lowercase HTTP method "get" is deprecated. Use uppercase HTTP method like "GET". in SYSTEMPATH\Router\RouteCollection.php on line 1027.
 1 SYSTEMPATH\Router\RouteCollection.php(1027): trigger_error('Passing lowercase HTTP method "get" is deprecated. Use uppercase HTTP method like "GET".', 16384)
 2 APPPATH\Config\Routes\AdminRoutes.php(185): CodeIgniter\Router\RouteCollection->match([...], 'add_note/?(:num)?', 'UsersController::add_note/$1')
 3 SYSTEMPATH\Router\RouteCollection.php(800): App\Config\Routes\AdminRoutes::App\Config\Routes\{closure}(Object(CodeIgniter\Router\RouteCollection))
 4 APPPATH\Config\Routes\AdminRoutes.php(182): CodeIgniter\Router\RouteCollection->group('users', [...], Object(Closure))
 5 SYSTEMPATH\Router\RouteCollection.php(800): App\Config\Routes\AdminRoutes::App\Config\Routes\{closure}(Object(CodeIgniter\Router\RouteCollection))
 6 APPPATH\Config\Routes\AdminRoutes.php(28): CodeIgniter\Router\RouteCollection->group('admin', [...], Object(Closure))
 7 APPPATH\Config\Routes.php(20): App\Config\Routes\AdminRoutes::init(Object(CodeIgniter\Router\RouteCollection))
 8 SYSTEMPATH\Router\RouteCollection.php(340): require('C:\\xampp\\htdocs\\smartstore\\app\\Config\\Routes.php')
 9 SYSTEMPATH\CodeIgniter.php(823): CodeIgniter\Router\RouteCollection->loadRoutes()
10 SYSTEMPATH\CodeIgniter.php(457): CodeIgniter\CodeIgniter->tryToRouteIt(null)
11 SYSTEMPATH\CodeIgniter.php(355): CodeIgniter\CodeIgniter->handleRequest(null, Object(Config\Cache), false)
12 SYSTEMPATH\Boot.php(325): CodeIgniter\CodeIgniter->run()
13 SYSTEMPATH\Boot.php(67): CodeIgniter\Boot::runCodeIgniter(Object(CodeIgniter\CodeIgniter))
14 FCPATH\index.php(63): CodeIgniter\Boot::bootWeb(Object(Config\Paths))
WARNING - 2025-06-05 15:51:13 --> [DEPRECATED] Passing lowercase HTTP method "post" is deprecated. Use uppercase HTTP method like "POST". in SYSTEMPATH\Router\RouteCollection.php on line 1027.
 1 SYSTEMPATH\Router\RouteCollection.php(1027): trigger_error('Passing lowercase HTTP method "post" is deprecated. Use uppercase HTTP method like "POST".', 16384)
 2 APPPATH\Config\Routes\AdminRoutes.php(185): CodeIgniter\Router\RouteCollection->match([...], 'add_note/?(:num)?', 'UsersController::add_note/$1')
 3 SYSTEMPATH\Router\RouteCollection.php(800): App\Config\Routes\AdminRoutes::App\Config\Routes\{closure}(Object(CodeIgniter\Router\RouteCollection))
 4 APPPATH\Config\Routes\AdminRoutes.php(182): CodeIgniter\Router\RouteCollection->group('users', [...], Object(Closure))
 5 SYSTEMPATH\Router\RouteCollection.php(800): App\Config\Routes\AdminRoutes::App\Config\Routes\{closure}(Object(CodeIgniter\Router\RouteCollection))
 6 APPPATH\Config\Routes\AdminRoutes.php(28): CodeIgniter\Router\RouteCollection->group('admin', [...], Object(Closure))
 7 APPPATH\Config\Routes.php(20): App\Config\Routes\AdminRoutes::init(Object(CodeIgniter\Router\RouteCollection))
 8 SYSTEMPATH\Router\RouteCollection.php(340): require('C:\\xampp\\htdocs\\smartstore\\app\\Config\\Routes.php')
 9 SYSTEMPATH\CodeIgniter.php(823): CodeIgniter\Router\RouteCollection->loadRoutes()
10 SYSTEMPATH\CodeIgniter.php(457): CodeIgniter\CodeIgniter->tryToRouteIt(null)
11 SYSTEMPATH\CodeIgniter.php(355): CodeIgniter\CodeIgniter->handleRequest(null, Object(Config\Cache), false)
12 SYSTEMPATH\Boot.php(325): CodeIgniter\CodeIgniter->run()
13 SYSTEMPATH\Boot.php(67): CodeIgniter\Boot::runCodeIgniter(Object(CodeIgniter\CodeIgniter))
14 FCPATH\index.php(63): CodeIgniter\Boot::bootWeb(Object(Config\Paths))
WARNING - 2025-06-05 15:51:13 --> [DEPRECATED] Passing lowercase HTTP method "get" is deprecated. Use uppercase HTTP method like "GET". in SYSTEMPATH\Router\RouteCollection.php on line 1027.
 1 SYSTEMPATH\Router\RouteCollection.php(1027): trigger_error('Passing lowercase HTTP method "get" is deprecated. Use uppercase HTTP method like "GET".', 16384)
 2 APPPATH\Config\Routes\AdminRoutes.php(186): CodeIgniter\Router\RouteCollection->match([...], 'send_mail/?(:num)?', 'UsersController::send_mail/$1')
 3 SYSTEMPATH\Router\RouteCollection.php(800): App\Config\Routes\AdminRoutes::App\Config\Routes\{closure}(Object(CodeIgniter\Router\RouteCollection))
 4 APPPATH\Config\Routes\AdminRoutes.php(182): CodeIgniter\Router\RouteCollection->group('users', [...], Object(Closure))
 5 SYSTEMPATH\Router\RouteCollection.php(800): App\Config\Routes\AdminRoutes::App\Config\Routes\{closure}(Object(CodeIgniter\Router\RouteCollection))
 6 APPPATH\Config\Routes\AdminRoutes.php(28): CodeIgniter\Router\RouteCollection->group('admin', [...], Object(Closure))
 7 APPPATH\Config\Routes.php(20): App\Config\Routes\AdminRoutes::init(Object(CodeIgniter\Router\RouteCollection))
 8 SYSTEMPATH\Router\RouteCollection.php(340): require('C:\\xampp\\htdocs\\smartstore\\app\\Config\\Routes.php')
 9 SYSTEMPATH\CodeIgniter.php(823): CodeIgniter\Router\RouteCollection->loadRoutes()
10 SYSTEMPATH\CodeIgniter.php(457): CodeIgniter\CodeIgniter->tryToRouteIt(null)
11 SYSTEMPATH\CodeIgniter.php(355): CodeIgniter\CodeIgniter->handleRequest(null, Object(Config\Cache), false)
12 SYSTEMPATH\Boot.php(325): CodeIgniter\CodeIgniter->run()
13 SYSTEMPATH\Boot.php(67): CodeIgniter\Boot::runCodeIgniter(Object(CodeIgniter\CodeIgniter))
14 FCPATH\index.php(63): CodeIgniter\Boot::bootWeb(Object(Config\Paths))
WARNING - 2025-06-05 15:51:13 --> [DEPRECATED] Passing lowercase HTTP method "post" is deprecated. Use uppercase HTTP method like "POST". in SYSTEMPATH\Router\RouteCollection.php on line 1027.
 1 SYSTEMPATH\Router\RouteCollection.php(1027): trigger_error('Passing lowercase HTTP method "post" is deprecated. Use uppercase HTTP method like "POST".', 16384)
 2 APPPATH\Config\Routes\AdminRoutes.php(186): CodeIgniter\Router\RouteCollection->match([...], 'send_mail/?(:num)?', 'UsersController::send_mail/$1')
 3 SYSTEMPATH\Router\RouteCollection.php(800): App\Config\Routes\AdminRoutes::App\Config\Routes\{closure}(Object(CodeIgniter\Router\RouteCollection))
 4 APPPATH\Config\Routes\AdminRoutes.php(182): CodeIgniter\Router\RouteCollection->group('users', [...], Object(Closure))
 5 SYSTEMPATH\Router\RouteCollection.php(800): App\Config\Routes\AdminRoutes::App\Config\Routes\{closure}(Object(CodeIgniter\Router\RouteCollection))
 6 APPPATH\Config\Routes\AdminRoutes.php(28): CodeIgniter\Router\RouteCollection->group('admin', [...], Object(Closure))
 7 APPPATH\Config\Routes.php(20): App\Config\Routes\AdminRoutes::init(Object(CodeIgniter\Router\RouteCollection))
 8 SYSTEMPATH\Router\RouteCollection.php(340): require('C:\\xampp\\htdocs\\smartstore\\app\\Config\\Routes.php')
 9 SYSTEMPATH\CodeIgniter.php(823): CodeIgniter\Router\RouteCollection->loadRoutes()
10 SYSTEMPATH\CodeIgniter.php(457): CodeIgniter\CodeIgniter->tryToRouteIt(null)
11 SYSTEMPATH\CodeIgniter.php(355): CodeIgniter\CodeIgniter->handleRequest(null, Object(Config\Cache), false)
12 SYSTEMPATH\Boot.php(325): CodeIgniter\CodeIgniter->run()
13 SYSTEMPATH\Boot.php(67): CodeIgniter\Boot::runCodeIgniter(Object(CodeIgniter\CodeIgniter))
14 FCPATH\index.php(63): CodeIgniter\Boot::bootWeb(Object(Config\Paths))
WARNING - 2025-06-05 15:51:13 --> [DEPRECATED] Passing lowercase HTTP method "get" is deprecated. Use uppercase HTTP method like "GET". in SYSTEMPATH\Router\RouteCollection.php on line 1027.
 1 SYSTEMPATH\Router\RouteCollection.php(1027): trigger_error('Passing lowercase HTTP method "get" is deprecated. Use uppercase HTTP method like "GET".', 16384)
 2 APPPATH\Config\Routes\AdminRoutes.php(215): CodeIgniter\Router\RouteCollection->match([...], 'send_mail/?(:num)?', 'TicketsController::send_mail/$1')
 3 SYSTEMPATH\Router\RouteCollection.php(800): App\Config\Routes\AdminRoutes::App\Config\Routes\{closure}(Object(CodeIgniter\Router\RouteCollection))
 4 APPPATH\Config\Routes\AdminRoutes.php(212): CodeIgniter\Router\RouteCollection->group('tickets', [...], Object(Closure))
 5 SYSTEMPATH\Router\RouteCollection.php(800): App\Config\Routes\AdminRoutes::App\Config\Routes\{closure}(Object(CodeIgniter\Router\RouteCollection))
 6 APPPATH\Config\Routes\AdminRoutes.php(28): CodeIgniter\Router\RouteCollection->group('admin', [...], Object(Closure))
 7 APPPATH\Config\Routes.php(20): App\Config\Routes\AdminRoutes::init(Object(CodeIgniter\Router\RouteCollection))
 8 SYSTEMPATH\Router\RouteCollection.php(340): require('C:\\xampp\\htdocs\\smartstore\\app\\Config\\Routes.php')
 9 SYSTEMPATH\CodeIgniter.php(823): CodeIgniter\Router\RouteCollection->loadRoutes()
10 SYSTEMPATH\CodeIgniter.php(457): CodeIgniter\CodeIgniter->tryToRouteIt(null)
11 SYSTEMPATH\CodeIgniter.php(355): CodeIgniter\CodeIgniter->handleRequest(null, Object(Config\Cache), false)
12 SYSTEMPATH\Boot.php(325): CodeIgniter\CodeIgniter->run()
13 SYSTEMPATH\Boot.php(67): CodeIgniter\Boot::runCodeIgniter(Object(CodeIgniter\CodeIgniter))
14 FCPATH\index.php(63): CodeIgniter\Boot::bootWeb(Object(Config\Paths))
WARNING - 2025-06-05 15:51:13 --> [DEPRECATED] Passing lowercase HTTP method "post" is deprecated. Use uppercase HTTP method like "POST". in SYSTEMPATH\Router\RouteCollection.php on line 1027.
 1 SYSTEMPATH\Router\RouteCollection.php(1027): trigger_error('Passing lowercase HTTP method "post" is deprecated. Use uppercase HTTP method like "POST".', 16384)
 2 APPPATH\Config\Routes\AdminRoutes.php(215): CodeIgniter\Router\RouteCollection->match([...], 'send_mail/?(:num)?', 'TicketsController::send_mail/$1')
 3 SYSTEMPATH\Router\RouteCollection.php(800): App\Config\Routes\AdminRoutes::App\Config\Routes\{closure}(Object(CodeIgniter\Router\RouteCollection))
 4 APPPATH\Config\Routes\AdminRoutes.php(212): CodeIgniter\Router\RouteCollection->group('tickets', [...], Object(Closure))
 5 SYSTEMPATH\Router\RouteCollection.php(800): App\Config\Routes\AdminRoutes::App\Config\Routes\{closure}(Object(CodeIgniter\Router\RouteCollection))
 6 APPPATH\Config\Routes\AdminRoutes.php(28): CodeIgniter\Router\RouteCollection->group('admin', [...], Object(Closure))
 7 APPPATH\Config\Routes.php(20): App\Config\Routes\AdminRoutes::init(Object(CodeIgniter\Router\RouteCollection))
 8 SYSTEMPATH\Router\RouteCollection.php(340): require('C:\\xampp\\htdocs\\smartstore\\app\\Config\\Routes.php')
 9 SYSTEMPATH\CodeIgniter.php(823): CodeIgniter\Router\RouteCollection->loadRoutes()
10 SYSTEMPATH\CodeIgniter.php(457): CodeIgniter\CodeIgniter->tryToRouteIt(null)
11 SYSTEMPATH\CodeIgniter.php(355): CodeIgniter\CodeIgniter->handleRequest(null, Object(Config\Cache), false)
12 SYSTEMPATH\Boot.php(325): CodeIgniter\CodeIgniter->run()
13 SYSTEMPATH\Boot.php(67): CodeIgniter\Boot::runCodeIgniter(Object(CodeIgniter\CodeIgniter))
14 FCPATH\index.php(63): CodeIgniter\Boot::bootWeb(Object(Config\Paths))
WARNING - 2025-06-05 15:51:13 --> [DEPRECATED] Passing lowercase HTTP method "get" is deprecated. Use uppercase HTTP method like "GET". in SYSTEMPATH\Router\RouteCollection.php on line 1027.
 1 SYSTEMPATH\Router\RouteCollection.php(1027): trigger_error('Passing lowercase HTTP method "get" is deprecated. Use uppercase HTTP method like "GET".', 16384)
 2 APPPATH\Config\Routes\UserRoutes.php(49): CodeIgniter\Router\RouteCollection->match([...], 'submit_review', 'ClientController::submit_review', [...])
 3 APPPATH\Config\Routes\UserRoutes.php(23): App\Config\Routes\UserRoutes::defineRoutes(Object(CodeIgniter\Router\RouteCollection))
 4 APPPATH\Config\Routes.php(21): App\Config\Routes\UserRoutes::init(Object(CodeIgniter\Router\RouteCollection))
 5 SYSTEMPATH\Router\RouteCollection.php(340): require('C:\\xampp\\htdocs\\smartstore\\app\\Config\\Routes.php')
 6 SYSTEMPATH\CodeIgniter.php(823): CodeIgniter\Router\RouteCollection->loadRoutes()
 7 SYSTEMPATH\CodeIgniter.php(457): CodeIgniter\CodeIgniter->tryToRouteIt(null)
 8 SYSTEMPATH\CodeIgniter.php(355): CodeIgniter\CodeIgniter->handleRequest(null, Object(Config\Cache), false)
 9 SYSTEMPATH\Boot.php(325): CodeIgniter\CodeIgniter->run()
10 SYSTEMPATH\Boot.php(67): CodeIgniter\Boot::runCodeIgniter(Object(CodeIgniter\CodeIgniter))
11 FCPATH\index.php(63): CodeIgniter\Boot::bootWeb(Object(Config\Paths))
WARNING - 2025-06-05 15:51:13 --> [DEPRECATED] Passing lowercase HTTP method "post" is deprecated. Use uppercase HTTP method like "POST". in SYSTEMPATH\Router\RouteCollection.php on line 1027.
 1 SYSTEMPATH\Router\RouteCollection.php(1027): trigger_error('Passing lowercase HTTP method "post" is deprecated. Use uppercase HTTP method like "POST".', 16384)
 2 APPPATH\Config\Routes\UserRoutes.php(49): CodeIgniter\Router\RouteCollection->match([...], 'submit_review', 'ClientController::submit_review', [...])
 3 APPPATH\Config\Routes\UserRoutes.php(23): App\Config\Routes\UserRoutes::defineRoutes(Object(CodeIgniter\Router\RouteCollection))
 4 APPPATH\Config\Routes.php(21): App\Config\Routes\UserRoutes::init(Object(CodeIgniter\Router\RouteCollection))
 5 SYSTEMPATH\Router\RouteCollection.php(340): require('C:\\xampp\\htdocs\\smartstore\\app\\Config\\Routes.php')
 6 SYSTEMPATH\CodeIgniter.php(823): CodeIgniter\Router\RouteCollection->loadRoutes()
 7 SYSTEMPATH\CodeIgniter.php(457): CodeIgniter\CodeIgniter->tryToRouteIt(null)
 8 SYSTEMPATH\CodeIgniter.php(355): CodeIgniter\CodeIgniter->handleRequest(null, Object(Config\Cache), false)
 9 SYSTEMPATH\Boot.php(325): CodeIgniter\CodeIgniter->run()
10 SYSTEMPATH\Boot.php(67): CodeIgniter\Boot::runCodeIgniter(Object(CodeIgniter\CodeIgniter))
11 FCPATH\index.php(63): CodeIgniter\Boot::bootWeb(Object(Config\Paths))
WARNING - 2025-06-05 15:51:13 --> [DEPRECATED] Passing lowercase HTTP method "get" is deprecated. Use uppercase HTTP method like "GET". in SYSTEMPATH\Router\RouteCollection.php on line 1027.
 1 SYSTEMPATH\Router\RouteCollection.php(1027): trigger_error('Passing lowercase HTTP method "get" is deprecated. Use uppercase HTTP method like "GET".', 16384)
 2 APPPATH\Config\Routes\UserRoutes.php(63): CodeIgniter\Router\RouteCollection->match([...], 'track-order', 'OrderController::track_order', [...])
 3 APPPATH\Config\Routes\UserRoutes.php(23): App\Config\Routes\UserRoutes::defineRoutes(Object(CodeIgniter\Router\RouteCollection))
 4 APPPATH\Config\Routes.php(21): App\Config\Routes\UserRoutes::init(Object(CodeIgniter\Router\RouteCollection))
 5 SYSTEMPATH\Router\RouteCollection.php(340): require('C:\\xampp\\htdocs\\smartstore\\app\\Config\\Routes.php')
 6 SYSTEMPATH\CodeIgniter.php(823): CodeIgniter\Router\RouteCollection->loadRoutes()
 7 SYSTEMPATH\CodeIgniter.php(457): CodeIgniter\CodeIgniter->tryToRouteIt(null)
 8 SYSTEMPATH\CodeIgniter.php(355): CodeIgniter\CodeIgniter->handleRequest(null, Object(Config\Cache), false)
 9 SYSTEMPATH\Boot.php(325): CodeIgniter\CodeIgniter->run()
10 SYSTEMPATH\Boot.php(67): CodeIgniter\Boot::runCodeIgniter(Object(CodeIgniter\CodeIgniter))
11 FCPATH\index.php(63): CodeIgniter\Boot::bootWeb(Object(Config\Paths))
WARNING - 2025-06-05 15:51:13 --> [DEPRECATED] Passing lowercase HTTP method "post" is deprecated. Use uppercase HTTP method like "POST". in SYSTEMPATH\Router\RouteCollection.php on line 1027.
 1 SYSTEMPATH\Router\RouteCollection.php(1027): trigger_error('Passing lowercase HTTP method "post" is deprecated. Use uppercase HTTP method like "POST".', 16384)
 2 APPPATH\Config\Routes\UserRoutes.php(63): CodeIgniter\Router\RouteCollection->match([...], 'track-order', 'OrderController::track_order', [...])
 3 APPPATH\Config\Routes\UserRoutes.php(23): App\Config\Routes\UserRoutes::defineRoutes(Object(CodeIgniter\Router\RouteCollection))
 4 APPPATH\Config\Routes.php(21): App\Config\Routes\UserRoutes::init(Object(CodeIgniter\Router\RouteCollection))
 5 SYSTEMPATH\Router\RouteCollection.php(340): require('C:\\xampp\\htdocs\\smartstore\\app\\Config\\Routes.php')
 6 SYSTEMPATH\CodeIgniter.php(823): CodeIgniter\Router\RouteCollection->loadRoutes()
 7 SYSTEMPATH\CodeIgniter.php(457): CodeIgniter\CodeIgniter->tryToRouteIt(null)
 8 SYSTEMPATH\CodeIgniter.php(355): CodeIgniter\CodeIgniter->handleRequest(null, Object(Config\Cache), false)
 9 SYSTEMPATH\Boot.php(325): CodeIgniter\CodeIgniter->run()
10 SYSTEMPATH\Boot.php(67): CodeIgniter\Boot::runCodeIgniter(Object(CodeIgniter\CodeIgniter))
11 FCPATH\index.php(63): CodeIgniter\Boot::bootWeb(Object(Config\Paths))
WARNING - 2025-06-05 15:51:13 --> [DEPRECATED] Passing lowercase HTTP method "get" is deprecated. Use uppercase HTTP method like "GET". in SYSTEMPATH\Router\RouteCollection.php on line 1027.
 1 SYSTEMPATH\Router\RouteCollection.php(1027): trigger_error('Passing lowercase HTTP method "get" is deprecated. Use uppercase HTTP method like "GET".', 16384)
 2 APPPATH\Config\Routes\UserRoutes.php(49): CodeIgniter\Router\RouteCollection->match([...], 'submit_review', 'ClientController::submit_review', [...])
 3 APPPATH\Config\Routes\UserRoutes.php(26): App\Config\Routes\UserRoutes::defineRoutes(Object(CodeIgniter\Router\RouteCollection))
 4 SYSTEMPATH\Router\RouteCollection.php(800): App\Config\Routes\UserRoutes::App\Config\Routes\{closure}(Object(CodeIgniter\Router\RouteCollection))
 5 APPPATH\Config\Routes\UserRoutes.php(25): CodeIgniter\Router\RouteCollection->group('{locale}', Object(Closure))
 6 APPPATH\Config\Routes.php(21): App\Config\Routes\UserRoutes::init(Object(CodeIgniter\Router\RouteCollection))
 7 SYSTEMPATH\Router\RouteCollection.php(340): require('C:\\xampp\\htdocs\\smartstore\\app\\Config\\Routes.php')
 8 SYSTEMPATH\CodeIgniter.php(823): CodeIgniter\Router\RouteCollection->loadRoutes()
 9 SYSTEMPATH\CodeIgniter.php(457): CodeIgniter\CodeIgniter->tryToRouteIt(null)
10 SYSTEMPATH\CodeIgniter.php(355): CodeIgniter\CodeIgniter->handleRequest(null, Object(Config\Cache), false)
11 SYSTEMPATH\Boot.php(325): CodeIgniter\CodeIgniter->run()
12 SYSTEMPATH\Boot.php(67): CodeIgniter\Boot::runCodeIgniter(Object(CodeIgniter\CodeIgniter))
13 FCPATH\index.php(63): CodeIgniter\Boot::bootWeb(Object(Config\Paths))
WARNING - 2025-06-05 15:51:13 --> [DEPRECATED] Passing lowercase HTTP method "post" is deprecated. Use uppercase HTTP method like "POST". in SYSTEMPATH\Router\RouteCollection.php on line 1027.
 1 SYSTEMPATH\Router\RouteCollection.php(1027): trigger_error('Passing lowercase HTTP method "post" is deprecated. Use uppercase HTTP method like "POST".', 16384)
 2 APPPATH\Config\Routes\UserRoutes.php(49): CodeIgniter\Router\RouteCollection->match([...], 'submit_review', 'ClientController::submit_review', [...])
 3 APPPATH\Config\Routes\UserRoutes.php(26): App\Config\Routes\UserRoutes::defineRoutes(Object(CodeIgniter\Router\RouteCollection))
 4 SYSTEMPATH\Router\RouteCollection.php(800): App\Config\Routes\UserRoutes::App\Config\Routes\{closure}(Object(CodeIgniter\Router\RouteCollection))
 5 APPPATH\Config\Routes\UserRoutes.php(25): CodeIgniter\Router\RouteCollection->group('{locale}', Object(Closure))
 6 APPPATH\Config\Routes.php(21): App\Config\Routes\UserRoutes::init(Object(CodeIgniter\Router\RouteCollection))
 7 SYSTEMPATH\Router\RouteCollection.php(340): require('C:\\xampp\\htdocs\\smartstore\\app\\Config\\Routes.php')
 8 SYSTEMPATH\CodeIgniter.php(823): CodeIgniter\Router\RouteCollection->loadRoutes()
 9 SYSTEMPATH\CodeIgniter.php(457): CodeIgniter\CodeIgniter->tryToRouteIt(null)
10 SYSTEMPATH\CodeIgniter.php(355): CodeIgniter\CodeIgniter->handleRequest(null, Object(Config\Cache), false)
11 SYSTEMPATH\Boot.php(325): CodeIgniter\CodeIgniter->run()
12 SYSTEMPATH\Boot.php(67): CodeIgniter\Boot::runCodeIgniter(Object(CodeIgniter\CodeIgniter))
13 FCPATH\index.php(63): CodeIgniter\Boot::bootWeb(Object(Config\Paths))
WARNING - 2025-06-05 15:51:13 --> [DEPRECATED] Passing lowercase HTTP method "get" is deprecated. Use uppercase HTTP method like "GET". in SYSTEMPATH\Router\RouteCollection.php on line 1027.
 1 SYSTEMPATH\Router\RouteCollection.php(1027): trigger_error('Passing lowercase HTTP method "get" is deprecated. Use uppercase HTTP method like "GET".', 16384)
 2 APPPATH\Config\Routes\UserRoutes.php(63): CodeIgniter\Router\RouteCollection->match([...], 'track-order', 'OrderController::track_order', [...])
 3 APPPATH\Config\Routes\UserRoutes.php(26): App\Config\Routes\UserRoutes::defineRoutes(Object(CodeIgniter\Router\RouteCollection))
 4 SYSTEMPATH\Router\RouteCollection.php(800): App\Config\Routes\UserRoutes::App\Config\Routes\{closure}(Object(CodeIgniter\Router\RouteCollection))
 5 APPPATH\Config\Routes\UserRoutes.php(25): CodeIgniter\Router\RouteCollection->group('{locale}', Object(Closure))
 6 APPPATH\Config\Routes.php(21): App\Config\Routes\UserRoutes::init(Object(CodeIgniter\Router\RouteCollection))
 7 SYSTEMPATH\Router\RouteCollection.php(340): require('C:\\xampp\\htdocs\\smartstore\\app\\Config\\Routes.php')
 8 SYSTEMPATH\CodeIgniter.php(823): CodeIgniter\Router\RouteCollection->loadRoutes()
 9 SYSTEMPATH\CodeIgniter.php(457): CodeIgniter\CodeIgniter->tryToRouteIt(null)
10 SYSTEMPATH\CodeIgniter.php(355): CodeIgniter\CodeIgniter->handleRequest(null, Object(Config\Cache), false)
11 SYSTEMPATH\Boot.php(325): CodeIgniter\CodeIgniter->run()
12 SYSTEMPATH\Boot.php(67): CodeIgniter\Boot::runCodeIgniter(Object(CodeIgniter\CodeIgniter))
13 FCPATH\index.php(63): CodeIgniter\Boot::bootWeb(Object(Config\Paths))
WARNING - 2025-06-05 15:51:13 --> [DEPRECATED] Passing lowercase HTTP method "post" is deprecated. Use uppercase HTTP method like "POST". in SYSTEMPATH\Router\RouteCollection.php on line 1027.
 1 SYSTEMPATH\Router\RouteCollection.php(1027): trigger_error('Passing lowercase HTTP method "post" is deprecated. Use uppercase HTTP method like "POST".', 16384)
 2 APPPATH\Config\Routes\UserRoutes.php(63): CodeIgniter\Router\RouteCollection->match([...], 'track-order', 'OrderController::track_order', [...])
 3 APPPATH\Config\Routes\UserRoutes.php(26): App\Config\Routes\UserRoutes::defineRoutes(Object(CodeIgniter\Router\RouteCollection))
 4 SYSTEMPATH\Router\RouteCollection.php(800): App\Config\Routes\UserRoutes::App\Config\Routes\{closure}(Object(CodeIgniter\Router\RouteCollection))
 5 APPPATH\Config\Routes\UserRoutes.php(25): CodeIgniter\Router\RouteCollection->group('{locale}', Object(Closure))
 6 APPPATH\Config\Routes.php(21): App\Config\Routes\UserRoutes::init(Object(CodeIgniter\Router\RouteCollection))
 7 SYSTEMPATH\Router\RouteCollection.php(340): require('C:\\xampp\\htdocs\\smartstore\\app\\Config\\Routes.php')
 8 SYSTEMPATH\CodeIgniter.php(823): CodeIgniter\Router\RouteCollection->loadRoutes()
 9 SYSTEMPATH\CodeIgniter.php(457): CodeIgniter\CodeIgniter->tryToRouteIt(null)
10 SYSTEMPATH\CodeIgniter.php(355): CodeIgniter\CodeIgniter->handleRequest(null, Object(Config\Cache), false)
11 SYSTEMPATH\Boot.php(325): CodeIgniter\CodeIgniter->run()
12 SYSTEMPATH\Boot.php(67): CodeIgniter\Boot::runCodeIgniter(Object(CodeIgniter\CodeIgniter))
13 FCPATH\index.php(63): CodeIgniter\Boot::bootWeb(Object(Config\Paths))
INFO - 2025-06-05 15:51:13 --> Session: Class initialized using 'CodeIgniter\Session\Handlers\FileHandler' driver.
WARNING - 2025-06-05 15:51:13 --> [DEPRECATED] Creation of dynamic property App\Controllers\Public\PageController::$load_files is deprecated in APPPATH\Controllers\Public\PageController.php on line 21.
 1 SYSTEMPATH\CodeIgniter.php(903): App\Controllers\Public\PageController->__construct()
 2 SYSTEMPATH\CodeIgniter.php(500): CodeIgniter\CodeIgniter->createController()
 3 SYSTEMPATH\CodeIgniter.php(355): CodeIgniter\CodeIgniter->handleRequest(null, Object(Config\Cache), false)
 4 SYSTEMPATH\Boot.php(325): CodeIgniter\CodeIgniter->run()
 5 SYSTEMPATH\Boot.php(67): CodeIgniter\Boot::runCodeIgniter(Object(CodeIgniter\CodeIgniter))
 6 FCPATH\index.php(63): CodeIgniter\Boot::bootWeb(Object(Config\Paths))
WARNING - 2025-06-05 15:51:13 --> [DEPRECATED] Creation of dynamic property App\Controllers\Public\PageController::$page_title is deprecated in APPPATH\Controllers\Public\PageController.php on line 22.
 1 SYSTEMPATH\CodeIgniter.php(903): App\Controllers\Public\PageController->__construct()
 2 SYSTEMPATH\CodeIgniter.php(500): CodeIgniter\CodeIgniter->createController()
 3 SYSTEMPATH\CodeIgniter.php(355): CodeIgniter\CodeIgniter->handleRequest(null, Object(Config\Cache), false)
 4 SYSTEMPATH\Boot.php(325): CodeIgniter\CodeIgniter->run()
 5 SYSTEMPATH\Boot.php(67): CodeIgniter\Boot::runCodeIgniter(Object(CodeIgniter\CodeIgniter))
 6 FCPATH\index.php(63): CodeIgniter\Boot::bootWeb(Object(Config\Paths))
WARNING - 2025-06-05 15:54:30 --> [DEPRECATED] Passing lowercase HTTP method "get" is deprecated. Use uppercase HTTP method like "GET". in SYSTEMPATH\Router\RouteCollection.php on line 1027.
 1 SYSTEMPATH\Router\RouteCollection.php(1027): trigger_error('Passing lowercase HTTP method "get" is deprecated. Use uppercase HTTP method like "GET".', 16384)
 2 APPPATH\Config\Routes\AdminRoutes.php(65): CodeIgniter\Router\RouteCollection->match([...], 'send_test_mail', 'SettingsController::send_test_mail')
 3 SYSTEMPATH\Router\RouteCollection.php(800): App\Config\Routes\AdminRoutes::App\Config\Routes\{closure}(Object(CodeIgniter\Router\RouteCollection))
 4 APPPATH\Config\Routes\AdminRoutes.php(63): CodeIgniter\Router\RouteCollection->group('settings', [...], Object(Closure))
 5 SYSTEMPATH\Router\RouteCollection.php(800): App\Config\Routes\AdminRoutes::App\Config\Routes\{closure}(Object(CodeIgniter\Router\RouteCollection))
 6 APPPATH\Config\Routes\AdminRoutes.php(28): CodeIgniter\Router\RouteCollection->group('admin', [...], Object(Closure))
 7 APPPATH\Config\Routes.php(20): App\Config\Routes\AdminRoutes::init(Object(CodeIgniter\Router\RouteCollection))
 8 SYSTEMPATH\Router\RouteCollection.php(340): require('C:\\xampp\\htdocs\\smartstore\\app\\Config\\Routes.php')
 9 SYSTEMPATH\CodeIgniter.php(823): CodeIgniter\Router\RouteCollection->loadRoutes()
10 SYSTEMPATH\CodeIgniter.php(457): CodeIgniter\CodeIgniter->tryToRouteIt(null)
11 SYSTEMPATH\CodeIgniter.php(355): CodeIgniter\CodeIgniter->handleRequest(null, Object(Config\Cache), false)
12 SYSTEMPATH\Boot.php(325): CodeIgniter\CodeIgniter->run()
13 SYSTEMPATH\Boot.php(67): CodeIgniter\Boot::runCodeIgniter(Object(CodeIgniter\CodeIgniter))
14 FCPATH\index.php(63): CodeIgniter\Boot::bootWeb(Object(Config\Paths))
WARNING - 2025-06-05 15:54:30 --> [DEPRECATED] Passing lowercase HTTP method "post" is deprecated. Use uppercase HTTP method like "POST". in SYSTEMPATH\Router\RouteCollection.php on line 1027.
 1 SYSTEMPATH\Router\RouteCollection.php(1027): trigger_error('Passing lowercase HTTP method "post" is deprecated. Use uppercase HTTP method like "POST".', 16384)
 2 APPPATH\Config\Routes\AdminRoutes.php(65): CodeIgniter\Router\RouteCollection->match([...], 'send_test_mail', 'SettingsController::send_test_mail')
 3 SYSTEMPATH\Router\RouteCollection.php(800): App\Config\Routes\AdminRoutes::App\Config\Routes\{closure}(Object(CodeIgniter\Router\RouteCollection))
 4 APPPATH\Config\Routes\AdminRoutes.php(63): CodeIgniter\Router\RouteCollection->group('settings', [...], Object(Closure))
 5 SYSTEMPATH\Router\RouteCollection.php(800): App\Config\Routes\AdminRoutes::App\Config\Routes\{closure}(Object(CodeIgniter\Router\RouteCollection))
 6 APPPATH\Config\Routes\AdminRoutes.php(28): CodeIgniter\Router\RouteCollection->group('admin', [...], Object(Closure))
 7 APPPATH\Config\Routes.php(20): App\Config\Routes\AdminRoutes::init(Object(CodeIgniter\Router\RouteCollection))
 8 SYSTEMPATH\Router\RouteCollection.php(340): require('C:\\xampp\\htdocs\\smartstore\\app\\Config\\Routes.php')
 9 SYSTEMPATH\CodeIgniter.php(823): CodeIgniter\Router\RouteCollection->loadRoutes()
10 SYSTEMPATH\CodeIgniter.php(457): CodeIgniter\CodeIgniter->tryToRouteIt(null)
11 SYSTEMPATH\CodeIgniter.php(355): CodeIgniter\CodeIgniter->handleRequest(null, Object(Config\Cache), false)
12 SYSTEMPATH\Boot.php(325): CodeIgniter\CodeIgniter->run()
13 SYSTEMPATH\Boot.php(67): CodeIgniter\Boot::runCodeIgniter(Object(CodeIgniter\CodeIgniter))
14 FCPATH\index.php(63): CodeIgniter\Boot::bootWeb(Object(Config\Paths))
WARNING - 2025-06-05 15:54:30 --> [DEPRECATED] Passing lowercase HTTP method "get" is deprecated. Use uppercase HTTP method like "GET". in SYSTEMPATH\Router\RouteCollection.php on line 1027.
 1 SYSTEMPATH\Router\RouteCollection.php(1027): trigger_error('Passing lowercase HTTP method "get" is deprecated. Use uppercase HTTP method like "GET".', 16384)
 2 APPPATH\Config\Routes\AdminRoutes.php(76): CodeIgniter\Router\RouteCollection->match([...], 'elfinder_connector', 'FilemanagerController::elfinder_connector')
 3 SYSTEMPATH\Router\RouteCollection.php(800): App\Config\Routes\AdminRoutes::App\Config\Routes\{closure}(Object(CodeIgniter\Router\RouteCollection))
 4 APPPATH\Config\Routes\AdminRoutes.php(73): CodeIgniter\Router\RouteCollection->group('filemanager', [...], Object(Closure))
 5 SYSTEMPATH\Router\RouteCollection.php(800): App\Config\Routes\AdminRoutes::App\Config\Routes\{closure}(Object(CodeIgniter\Router\RouteCollection))
 6 APPPATH\Config\Routes\AdminRoutes.php(28): CodeIgniter\Router\RouteCollection->group('admin', [...], Object(Closure))
 7 APPPATH\Config\Routes.php(20): App\Config\Routes\AdminRoutes::init(Object(CodeIgniter\Router\RouteCollection))
 8 SYSTEMPATH\Router\RouteCollection.php(340): require('C:\\xampp\\htdocs\\smartstore\\app\\Config\\Routes.php')
 9 SYSTEMPATH\CodeIgniter.php(823): CodeIgniter\Router\RouteCollection->loadRoutes()
10 SYSTEMPATH\CodeIgniter.php(457): CodeIgniter\CodeIgniter->tryToRouteIt(null)
11 SYSTEMPATH\CodeIgniter.php(355): CodeIgniter\CodeIgniter->handleRequest(null, Object(Config\Cache), false)
12 SYSTEMPATH\Boot.php(325): CodeIgniter\CodeIgniter->run()
13 SYSTEMPATH\Boot.php(67): CodeIgniter\Boot::runCodeIgniter(Object(CodeIgniter\CodeIgniter))
14 FCPATH\index.php(63): CodeIgniter\Boot::bootWeb(Object(Config\Paths))
WARNING - 2025-06-05 15:54:30 --> [DEPRECATED] Passing lowercase HTTP method "post" is deprecated. Use uppercase HTTP method like "POST". in SYSTEMPATH\Router\RouteCollection.php on line 1027.
 1 SYSTEMPATH\Router\RouteCollection.php(1027): trigger_error('Passing lowercase HTTP method "post" is deprecated. Use uppercase HTTP method like "POST".', 16384)
 2 APPPATH\Config\Routes\AdminRoutes.php(76): CodeIgniter\Router\RouteCollection->match([...], 'elfinder_connector', 'FilemanagerController::elfinder_connector')
 3 SYSTEMPATH\Router\RouteCollection.php(800): App\Config\Routes\AdminRoutes::App\Config\Routes\{closure}(Object(CodeIgniter\Router\RouteCollection))
 4 APPPATH\Config\Routes\AdminRoutes.php(73): CodeIgniter\Router\RouteCollection->group('filemanager', [...], Object(Closure))
 5 SYSTEMPATH\Router\RouteCollection.php(800): App\Config\Routes\AdminRoutes::App\Config\Routes\{closure}(Object(CodeIgniter\Router\RouteCollection))
 6 APPPATH\Config\Routes\AdminRoutes.php(28): CodeIgniter\Router\RouteCollection->group('admin', [...], Object(Closure))
 7 APPPATH\Config\Routes.php(20): App\Config\Routes\AdminRoutes::init(Object(CodeIgniter\Router\RouteCollection))
 8 SYSTEMPATH\Router\RouteCollection.php(340): require('C:\\xampp\\htdocs\\smartstore\\app\\Config\\Routes.php')
 9 SYSTEMPATH\CodeIgniter.php(823): CodeIgniter\Router\RouteCollection->loadRoutes()
10 SYSTEMPATH\CodeIgniter.php(457): CodeIgniter\CodeIgniter->tryToRouteIt(null)
11 SYSTEMPATH\CodeIgniter.php(355): CodeIgniter\CodeIgniter->handleRequest(null, Object(Config\Cache), false)
12 SYSTEMPATH\Boot.php(325): CodeIgniter\CodeIgniter->run()
13 SYSTEMPATH\Boot.php(67): CodeIgniter\Boot::runCodeIgniter(Object(CodeIgniter\CodeIgniter))
14 FCPATH\index.php(63): CodeIgniter\Boot::bootWeb(Object(Config\Paths))
WARNING - 2025-06-05 15:54:30 --> [DEPRECATED] Passing lowercase HTTP method "get" is deprecated. Use uppercase HTTP method like "GET". in SYSTEMPATH\Router\RouteCollection.php on line 1027.
 1 SYSTEMPATH\Router\RouteCollection.php(1027): trigger_error('Passing lowercase HTTP method "get" is deprecated. Use uppercase HTTP method like "GET".', 16384)
 2 APPPATH\Config\Routes\AdminRoutes.php(172): CodeIgniter\Router\RouteCollection->match([...], 'sync_services/?(:num)?', 'ProvidersController::sync_services/$1')
 3 SYSTEMPATH\Router\RouteCollection.php(800): App\Config\Routes\AdminRoutes::App\Config\Routes\{closure}(Object(CodeIgniter\Router\RouteCollection))
 4 APPPATH\Config\Routes\AdminRoutes.php(167): CodeIgniter\Router\RouteCollection->group('providers', [...], Object(Closure))
 5 SYSTEMPATH\Router\RouteCollection.php(800): App\Config\Routes\AdminRoutes::App\Config\Routes\{closure}(Object(CodeIgniter\Router\RouteCollection))
 6 APPPATH\Config\Routes\AdminRoutes.php(28): CodeIgniter\Router\RouteCollection->group('admin', [...], Object(Closure))
 7 APPPATH\Config\Routes.php(20): App\Config\Routes\AdminRoutes::init(Object(CodeIgniter\Router\RouteCollection))
 8 SYSTEMPATH\Router\RouteCollection.php(340): require('C:\\xampp\\htdocs\\smartstore\\app\\Config\\Routes.php')
 9 SYSTEMPATH\CodeIgniter.php(823): CodeIgniter\Router\RouteCollection->loadRoutes()
10 SYSTEMPATH\CodeIgniter.php(457): CodeIgniter\CodeIgniter->tryToRouteIt(null)
11 SYSTEMPATH\CodeIgniter.php(355): CodeIgniter\CodeIgniter->handleRequest(null, Object(Config\Cache), false)
12 SYSTEMPATH\Boot.php(325): CodeIgniter\CodeIgniter->run()
13 SYSTEMPATH\Boot.php(67): CodeIgniter\Boot::runCodeIgniter(Object(CodeIgniter\CodeIgniter))
14 FCPATH\index.php(63): CodeIgniter\Boot::bootWeb(Object(Config\Paths))
WARNING - 2025-06-05 15:54:30 --> [DEPRECATED] Passing lowercase HTTP method "post" is deprecated. Use uppercase HTTP method like "POST". in SYSTEMPATH\Router\RouteCollection.php on line 1027.
 1 SYSTEMPATH\Router\RouteCollection.php(1027): trigger_error('Passing lowercase HTTP method "post" is deprecated. Use uppercase HTTP method like "POST".', 16384)
 2 APPPATH\Config\Routes\AdminRoutes.php(172): CodeIgniter\Router\RouteCollection->match([...], 'sync_services/?(:num)?', 'ProvidersController::sync_services/$1')
 3 SYSTEMPATH\Router\RouteCollection.php(800): App\Config\Routes\AdminRoutes::App\Config\Routes\{closure}(Object(CodeIgniter\Router\RouteCollection))
 4 APPPATH\Config\Routes\AdminRoutes.php(167): CodeIgniter\Router\RouteCollection->group('providers', [...], Object(Closure))
 5 SYSTEMPATH\Router\RouteCollection.php(800): App\Config\Routes\AdminRoutes::App\Config\Routes\{closure}(Object(CodeIgniter\Router\RouteCollection))
 6 APPPATH\Config\Routes\AdminRoutes.php(28): CodeIgniter\Router\RouteCollection->group('admin', [...], Object(Closure))
 7 APPPATH\Config\Routes.php(20): App\Config\Routes\AdminRoutes::init(Object(CodeIgniter\Router\RouteCollection))
 8 SYSTEMPATH\Router\RouteCollection.php(340): require('C:\\xampp\\htdocs\\smartstore\\app\\Config\\Routes.php')
 9 SYSTEMPATH\CodeIgniter.php(823): CodeIgniter\Router\RouteCollection->loadRoutes()
10 SYSTEMPATH\CodeIgniter.php(457): CodeIgniter\CodeIgniter->tryToRouteIt(null)
11 SYSTEMPATH\CodeIgniter.php(355): CodeIgniter\CodeIgniter->handleRequest(null, Object(Config\Cache), false)
12 SYSTEMPATH\Boot.php(325): CodeIgniter\CodeIgniter->run()
13 SYSTEMPATH\Boot.php(67): CodeIgniter\Boot::runCodeIgniter(Object(CodeIgniter\CodeIgniter))
14 FCPATH\index.php(63): CodeIgniter\Boot::bootWeb(Object(Config\Paths))
WARNING - 2025-06-05 15:54:30 --> [DEPRECATED] Passing lowercase HTTP method "get" is deprecated. Use uppercase HTTP method like "GET". in SYSTEMPATH\Router\RouteCollection.php on line 1027.
 1 SYSTEMPATH\Router\RouteCollection.php(1027): trigger_error('Passing lowercase HTTP method "get" is deprecated. Use uppercase HTTP method like "GET".', 16384)
 2 APPPATH\Config\Routes\AdminRoutes.php(185): CodeIgniter\Router\RouteCollection->match([...], 'add_note/?(:num)?', 'UsersController::add_note/$1')
 3 SYSTEMPATH\Router\RouteCollection.php(800): App\Config\Routes\AdminRoutes::App\Config\Routes\{closure}(Object(CodeIgniter\Router\RouteCollection))
 4 APPPATH\Config\Routes\AdminRoutes.php(182): CodeIgniter\Router\RouteCollection->group('users', [...], Object(Closure))
 5 SYSTEMPATH\Router\RouteCollection.php(800): App\Config\Routes\AdminRoutes::App\Config\Routes\{closure}(Object(CodeIgniter\Router\RouteCollection))
 6 APPPATH\Config\Routes\AdminRoutes.php(28): CodeIgniter\Router\RouteCollection->group('admin', [...], Object(Closure))
 7 APPPATH\Config\Routes.php(20): App\Config\Routes\AdminRoutes::init(Object(CodeIgniter\Router\RouteCollection))
 8 SYSTEMPATH\Router\RouteCollection.php(340): require('C:\\xampp\\htdocs\\smartstore\\app\\Config\\Routes.php')
 9 SYSTEMPATH\CodeIgniter.php(823): CodeIgniter\Router\RouteCollection->loadRoutes()
10 SYSTEMPATH\CodeIgniter.php(457): CodeIgniter\CodeIgniter->tryToRouteIt(null)
11 SYSTEMPATH\CodeIgniter.php(355): CodeIgniter\CodeIgniter->handleRequest(null, Object(Config\Cache), false)
12 SYSTEMPATH\Boot.php(325): CodeIgniter\CodeIgniter->run()
13 SYSTEMPATH\Boot.php(67): CodeIgniter\Boot::runCodeIgniter(Object(CodeIgniter\CodeIgniter))
14 FCPATH\index.php(63): CodeIgniter\Boot::bootWeb(Object(Config\Paths))
WARNING - 2025-06-05 15:54:30 --> [DEPRECATED] Passing lowercase HTTP method "post" is deprecated. Use uppercase HTTP method like "POST". in SYSTEMPATH\Router\RouteCollection.php on line 1027.
 1 SYSTEMPATH\Router\RouteCollection.php(1027): trigger_error('Passing lowercase HTTP method "post" is deprecated. Use uppercase HTTP method like "POST".', 16384)
 2 APPPATH\Config\Routes\AdminRoutes.php(185): CodeIgniter\Router\RouteCollection->match([...], 'add_note/?(:num)?', 'UsersController::add_note/$1')
 3 SYSTEMPATH\Router\RouteCollection.php(800): App\Config\Routes\AdminRoutes::App\Config\Routes\{closure}(Object(CodeIgniter\Router\RouteCollection))
 4 APPPATH\Config\Routes\AdminRoutes.php(182): CodeIgniter\Router\RouteCollection->group('users', [...], Object(Closure))
 5 SYSTEMPATH\Router\RouteCollection.php(800): App\Config\Routes\AdminRoutes::App\Config\Routes\{closure}(Object(CodeIgniter\Router\RouteCollection))
 6 APPPATH\Config\Routes\AdminRoutes.php(28): CodeIgniter\Router\RouteCollection->group('admin', [...], Object(Closure))
 7 APPPATH\Config\Routes.php(20): App\Config\Routes\AdminRoutes::init(Object(CodeIgniter\Router\RouteCollection))
 8 SYSTEMPATH\Router\RouteCollection.php(340): require('C:\\xampp\\htdocs\\smartstore\\app\\Config\\Routes.php')
 9 SYSTEMPATH\CodeIgniter.php(823): CodeIgniter\Router\RouteCollection->loadRoutes()
10 SYSTEMPATH\CodeIgniter.php(457): CodeIgniter\CodeIgniter->tryToRouteIt(null)
11 SYSTEMPATH\CodeIgniter.php(355): CodeIgniter\CodeIgniter->handleRequest(null, Object(Config\Cache), false)
12 SYSTEMPATH\Boot.php(325): CodeIgniter\CodeIgniter->run()
13 SYSTEMPATH\Boot.php(67): CodeIgniter\Boot::runCodeIgniter(Object(CodeIgniter\CodeIgniter))
14 FCPATH\index.php(63): CodeIgniter\Boot::bootWeb(Object(Config\Paths))
WARNING - 2025-06-05 15:54:30 --> [DEPRECATED] Passing lowercase HTTP method "get" is deprecated. Use uppercase HTTP method like "GET". in SYSTEMPATH\Router\RouteCollection.php on line 1027.
 1 SYSTEMPATH\Router\RouteCollection.php(1027): trigger_error('Passing lowercase HTTP method "get" is deprecated. Use uppercase HTTP method like "GET".', 16384)
 2 APPPATH\Config\Routes\AdminRoutes.php(186): CodeIgniter\Router\RouteCollection->match([...], 'send_mail/?(:num)?', 'UsersController::send_mail/$1')
 3 SYSTEMPATH\Router\RouteCollection.php(800): App\Config\Routes\AdminRoutes::App\Config\Routes\{closure}(Object(CodeIgniter\Router\RouteCollection))
 4 APPPATH\Config\Routes\AdminRoutes.php(182): CodeIgniter\Router\RouteCollection->group('users', [...], Object(Closure))
 5 SYSTEMPATH\Router\RouteCollection.php(800): App\Config\Routes\AdminRoutes::App\Config\Routes\{closure}(Object(CodeIgniter\Router\RouteCollection))
 6 APPPATH\Config\Routes\AdminRoutes.php(28): CodeIgniter\Router\RouteCollection->group('admin', [...], Object(Closure))
 7 APPPATH\Config\Routes.php(20): App\Config\Routes\AdminRoutes::init(Object(CodeIgniter\Router\RouteCollection))
 8 SYSTEMPATH\Router\RouteCollection.php(340): require('C:\\xampp\\htdocs\\smartstore\\app\\Config\\Routes.php')
 9 SYSTEMPATH\CodeIgniter.php(823): CodeIgniter\Router\RouteCollection->loadRoutes()
10 SYSTEMPATH\CodeIgniter.php(457): CodeIgniter\CodeIgniter->tryToRouteIt(null)
11 SYSTEMPATH\CodeIgniter.php(355): CodeIgniter\CodeIgniter->handleRequest(null, Object(Config\Cache), false)
12 SYSTEMPATH\Boot.php(325): CodeIgniter\CodeIgniter->run()
13 SYSTEMPATH\Boot.php(67): CodeIgniter\Boot::runCodeIgniter(Object(CodeIgniter\CodeIgniter))
14 FCPATH\index.php(63): CodeIgniter\Boot::bootWeb(Object(Config\Paths))
WARNING - 2025-06-05 15:54:30 --> [DEPRECATED] Passing lowercase HTTP method "post" is deprecated. Use uppercase HTTP method like "POST". in SYSTEMPATH\Router\RouteCollection.php on line 1027.
 1 SYSTEMPATH\Router\RouteCollection.php(1027): trigger_error('Passing lowercase HTTP method "post" is deprecated. Use uppercase HTTP method like "POST".', 16384)
 2 APPPATH\Config\Routes\AdminRoutes.php(186): CodeIgniter\Router\RouteCollection->match([...], 'send_mail/?(:num)?', 'UsersController::send_mail/$1')
 3 SYSTEMPATH\Router\RouteCollection.php(800): App\Config\Routes\AdminRoutes::App\Config\Routes\{closure}(Object(CodeIgniter\Router\RouteCollection))
 4 APPPATH\Config\Routes\AdminRoutes.php(182): CodeIgniter\Router\RouteCollection->group('users', [...], Object(Closure))
 5 SYSTEMPATH\Router\RouteCollection.php(800): App\Config\Routes\AdminRoutes::App\Config\Routes\{closure}(Object(CodeIgniter\Router\RouteCollection))
 6 APPPATH\Config\Routes\AdminRoutes.php(28): CodeIgniter\Router\RouteCollection->group('admin', [...], Object(Closure))
 7 APPPATH\Config\Routes.php(20): App\Config\Routes\AdminRoutes::init(Object(CodeIgniter\Router\RouteCollection))
 8 SYSTEMPATH\Router\RouteCollection.php(340): require('C:\\xampp\\htdocs\\smartstore\\app\\Config\\Routes.php')
 9 SYSTEMPATH\CodeIgniter.php(823): CodeIgniter\Router\RouteCollection->loadRoutes()
10 SYSTEMPATH\CodeIgniter.php(457): CodeIgniter\CodeIgniter->tryToRouteIt(null)
11 SYSTEMPATH\CodeIgniter.php(355): CodeIgniter\CodeIgniter->handleRequest(null, Object(Config\Cache), false)
12 SYSTEMPATH\Boot.php(325): CodeIgniter\CodeIgniter->run()
13 SYSTEMPATH\Boot.php(67): CodeIgniter\Boot::runCodeIgniter(Object(CodeIgniter\CodeIgniter))
14 FCPATH\index.php(63): CodeIgniter\Boot::bootWeb(Object(Config\Paths))
WARNING - 2025-06-05 15:54:30 --> [DEPRECATED] Passing lowercase HTTP method "get" is deprecated. Use uppercase HTTP method like "GET". in SYSTEMPATH\Router\RouteCollection.php on line 1027.
 1 SYSTEMPATH\Router\RouteCollection.php(1027): trigger_error('Passing lowercase HTTP method "get" is deprecated. Use uppercase HTTP method like "GET".', 16384)
 2 APPPATH\Config\Routes\AdminRoutes.php(215): CodeIgniter\Router\RouteCollection->match([...], 'send_mail/?(:num)?', 'TicketsController::send_mail/$1')
 3 SYSTEMPATH\Router\RouteCollection.php(800): App\Config\Routes\AdminRoutes::App\Config\Routes\{closure}(Object(CodeIgniter\Router\RouteCollection))
 4 APPPATH\Config\Routes\AdminRoutes.php(212): CodeIgniter\Router\RouteCollection->group('tickets', [...], Object(Closure))
 5 SYSTEMPATH\Router\RouteCollection.php(800): App\Config\Routes\AdminRoutes::App\Config\Routes\{closure}(Object(CodeIgniter\Router\RouteCollection))
 6 APPPATH\Config\Routes\AdminRoutes.php(28): CodeIgniter\Router\RouteCollection->group('admin', [...], Object(Closure))
 7 APPPATH\Config\Routes.php(20): App\Config\Routes\AdminRoutes::init(Object(CodeIgniter\Router\RouteCollection))
 8 SYSTEMPATH\Router\RouteCollection.php(340): require('C:\\xampp\\htdocs\\smartstore\\app\\Config\\Routes.php')
 9 SYSTEMPATH\CodeIgniter.php(823): CodeIgniter\Router\RouteCollection->loadRoutes()
10 SYSTEMPATH\CodeIgniter.php(457): CodeIgniter\CodeIgniter->tryToRouteIt(null)
11 SYSTEMPATH\CodeIgniter.php(355): CodeIgniter\CodeIgniter->handleRequest(null, Object(Config\Cache), false)
12 SYSTEMPATH\Boot.php(325): CodeIgniter\CodeIgniter->run()
13 SYSTEMPATH\Boot.php(67): CodeIgniter\Boot::runCodeIgniter(Object(CodeIgniter\CodeIgniter))
14 FCPATH\index.php(63): CodeIgniter\Boot::bootWeb(Object(Config\Paths))
WARNING - 2025-06-05 15:54:30 --> [DEPRECATED] Passing lowercase HTTP method "post" is deprecated. Use uppercase HTTP method like "POST". in SYSTEMPATH\Router\RouteCollection.php on line 1027.
 1 SYSTEMPATH\Router\RouteCollection.php(1027): trigger_error('Passing lowercase HTTP method "post" is deprecated. Use uppercase HTTP method like "POST".', 16384)
 2 APPPATH\Config\Routes\AdminRoutes.php(215): CodeIgniter\Router\RouteCollection->match([...], 'send_mail/?(:num)?', 'TicketsController::send_mail/$1')
 3 SYSTEMPATH\Router\RouteCollection.php(800): App\Config\Routes\AdminRoutes::App\Config\Routes\{closure}(Object(CodeIgniter\Router\RouteCollection))
 4 APPPATH\Config\Routes\AdminRoutes.php(212): CodeIgniter\Router\RouteCollection->group('tickets', [...], Object(Closure))
 5 SYSTEMPATH\Router\RouteCollection.php(800): App\Config\Routes\AdminRoutes::App\Config\Routes\{closure}(Object(CodeIgniter\Router\RouteCollection))
 6 APPPATH\Config\Routes\AdminRoutes.php(28): CodeIgniter\Router\RouteCollection->group('admin', [...], Object(Closure))
 7 APPPATH\Config\Routes.php(20): App\Config\Routes\AdminRoutes::init(Object(CodeIgniter\Router\RouteCollection))
 8 SYSTEMPATH\Router\RouteCollection.php(340): require('C:\\xampp\\htdocs\\smartstore\\app\\Config\\Routes.php')
 9 SYSTEMPATH\CodeIgniter.php(823): CodeIgniter\Router\RouteCollection->loadRoutes()
10 SYSTEMPATH\CodeIgniter.php(457): CodeIgniter\CodeIgniter->tryToRouteIt(null)
11 SYSTEMPATH\CodeIgniter.php(355): CodeIgniter\CodeIgniter->handleRequest(null, Object(Config\Cache), false)
12 SYSTEMPATH\Boot.php(325): CodeIgniter\CodeIgniter->run()
13 SYSTEMPATH\Boot.php(67): CodeIgniter\Boot::runCodeIgniter(Object(CodeIgniter\CodeIgniter))
14 FCPATH\index.php(63): CodeIgniter\Boot::bootWeb(Object(Config\Paths))
WARNING - 2025-06-05 15:54:30 --> [DEPRECATED] Passing lowercase HTTP method "get" is deprecated. Use uppercase HTTP method like "GET". in SYSTEMPATH\Router\RouteCollection.php on line 1027.
 1 SYSTEMPATH\Router\RouteCollection.php(1027): trigger_error('Passing lowercase HTTP method "get" is deprecated. Use uppercase HTTP method like "GET".', 16384)
 2 APPPATH\Config\Routes\UserRoutes.php(49): CodeIgniter\Router\RouteCollection->match([...], 'submit_review', 'ClientController::submit_review', [...])
 3 APPPATH\Config\Routes\UserRoutes.php(23): App\Config\Routes\UserRoutes::defineRoutes(Object(CodeIgniter\Router\RouteCollection))
 4 APPPATH\Config\Routes.php(21): App\Config\Routes\UserRoutes::init(Object(CodeIgniter\Router\RouteCollection))
 5 SYSTEMPATH\Router\RouteCollection.php(340): require('C:\\xampp\\htdocs\\smartstore\\app\\Config\\Routes.php')
 6 SYSTEMPATH\CodeIgniter.php(823): CodeIgniter\Router\RouteCollection->loadRoutes()
 7 SYSTEMPATH\CodeIgniter.php(457): CodeIgniter\CodeIgniter->tryToRouteIt(null)
 8 SYSTEMPATH\CodeIgniter.php(355): CodeIgniter\CodeIgniter->handleRequest(null, Object(Config\Cache), false)
 9 SYSTEMPATH\Boot.php(325): CodeIgniter\CodeIgniter->run()
10 SYSTEMPATH\Boot.php(67): CodeIgniter\Boot::runCodeIgniter(Object(CodeIgniter\CodeIgniter))
11 FCPATH\index.php(63): CodeIgniter\Boot::bootWeb(Object(Config\Paths))
WARNING - 2025-06-05 15:54:30 --> [DEPRECATED] Passing lowercase HTTP method "post" is deprecated. Use uppercase HTTP method like "POST". in SYSTEMPATH\Router\RouteCollection.php on line 1027.
 1 SYSTEMPATH\Router\RouteCollection.php(1027): trigger_error('Passing lowercase HTTP method "post" is deprecated. Use uppercase HTTP method like "POST".', 16384)
 2 APPPATH\Config\Routes\UserRoutes.php(49): CodeIgniter\Router\RouteCollection->match([...], 'submit_review', 'ClientController::submit_review', [...])
 3 APPPATH\Config\Routes\UserRoutes.php(23): App\Config\Routes\UserRoutes::defineRoutes(Object(CodeIgniter\Router\RouteCollection))
 4 APPPATH\Config\Routes.php(21): App\Config\Routes\UserRoutes::init(Object(CodeIgniter\Router\RouteCollection))
 5 SYSTEMPATH\Router\RouteCollection.php(340): require('C:\\xampp\\htdocs\\smartstore\\app\\Config\\Routes.php')
 6 SYSTEMPATH\CodeIgniter.php(823): CodeIgniter\Router\RouteCollection->loadRoutes()
 7 SYSTEMPATH\CodeIgniter.php(457): CodeIgniter\CodeIgniter->tryToRouteIt(null)
 8 SYSTEMPATH\CodeIgniter.php(355): CodeIgniter\CodeIgniter->handleRequest(null, Object(Config\Cache), false)
 9 SYSTEMPATH\Boot.php(325): CodeIgniter\CodeIgniter->run()
10 SYSTEMPATH\Boot.php(67): CodeIgniter\Boot::runCodeIgniter(Object(CodeIgniter\CodeIgniter))
11 FCPATH\index.php(63): CodeIgniter\Boot::bootWeb(Object(Config\Paths))
WARNING - 2025-06-05 15:54:30 --> [DEPRECATED] Passing lowercase HTTP method "get" is deprecated. Use uppercase HTTP method like "GET". in SYSTEMPATH\Router\RouteCollection.php on line 1027.
 1 SYSTEMPATH\Router\RouteCollection.php(1027): trigger_error('Passing lowercase HTTP method "get" is deprecated. Use uppercase HTTP method like "GET".', 16384)
 2 APPPATH\Config\Routes\UserRoutes.php(63): CodeIgniter\Router\RouteCollection->match([...], 'track-order', 'OrderController::track_order', [...])
 3 APPPATH\Config\Routes\UserRoutes.php(23): App\Config\Routes\UserRoutes::defineRoutes(Object(CodeIgniter\Router\RouteCollection))
 4 APPPATH\Config\Routes.php(21): App\Config\Routes\UserRoutes::init(Object(CodeIgniter\Router\RouteCollection))
 5 SYSTEMPATH\Router\RouteCollection.php(340): require('C:\\xampp\\htdocs\\smartstore\\app\\Config\\Routes.php')
 6 SYSTEMPATH\CodeIgniter.php(823): CodeIgniter\Router\RouteCollection->loadRoutes()
 7 SYSTEMPATH\CodeIgniter.php(457): CodeIgniter\CodeIgniter->tryToRouteIt(null)
 8 SYSTEMPATH\CodeIgniter.php(355): CodeIgniter\CodeIgniter->handleRequest(null, Object(Config\Cache), false)
 9 SYSTEMPATH\Boot.php(325): CodeIgniter\CodeIgniter->run()
10 SYSTEMPATH\Boot.php(67): CodeIgniter\Boot::runCodeIgniter(Object(CodeIgniter\CodeIgniter))
11 FCPATH\index.php(63): CodeIgniter\Boot::bootWeb(Object(Config\Paths))
WARNING - 2025-06-05 15:54:30 --> [DEPRECATED] Passing lowercase HTTP method "post" is deprecated. Use uppercase HTTP method like "POST". in SYSTEMPATH\Router\RouteCollection.php on line 1027.
 1 SYSTEMPATH\Router\RouteCollection.php(1027): trigger_error('Passing lowercase HTTP method "post" is deprecated. Use uppercase HTTP method like "POST".', 16384)
 2 APPPATH\Config\Routes\UserRoutes.php(63): CodeIgniter\Router\RouteCollection->match([...], 'track-order', 'OrderController::track_order', [...])
 3 APPPATH\Config\Routes\UserRoutes.php(23): App\Config\Routes\UserRoutes::defineRoutes(Object(CodeIgniter\Router\RouteCollection))
 4 APPPATH\Config\Routes.php(21): App\Config\Routes\UserRoutes::init(Object(CodeIgniter\Router\RouteCollection))
 5 SYSTEMPATH\Router\RouteCollection.php(340): require('C:\\xampp\\htdocs\\smartstore\\app\\Config\\Routes.php')
 6 SYSTEMPATH\CodeIgniter.php(823): CodeIgniter\Router\RouteCollection->loadRoutes()
 7 SYSTEMPATH\CodeIgniter.php(457): CodeIgniter\CodeIgniter->tryToRouteIt(null)
 8 SYSTEMPATH\CodeIgniter.php(355): CodeIgniter\CodeIgniter->handleRequest(null, Object(Config\Cache), false)
 9 SYSTEMPATH\Boot.php(325): CodeIgniter\CodeIgniter->run()
10 SYSTEMPATH\Boot.php(67): CodeIgniter\Boot::runCodeIgniter(Object(CodeIgniter\CodeIgniter))
11 FCPATH\index.php(63): CodeIgniter\Boot::bootWeb(Object(Config\Paths))
WARNING - 2025-06-05 15:54:30 --> [DEPRECATED] Passing lowercase HTTP method "get" is deprecated. Use uppercase HTTP method like "GET". in SYSTEMPATH\Router\RouteCollection.php on line 1027.
 1 SYSTEMPATH\Router\RouteCollection.php(1027): trigger_error('Passing lowercase HTTP method "get" is deprecated. Use uppercase HTTP method like "GET".', 16384)
 2 APPPATH\Config\Routes\UserRoutes.php(49): CodeIgniter\Router\RouteCollection->match([...], 'submit_review', 'ClientController::submit_review', [...])
 3 APPPATH\Config\Routes\UserRoutes.php(26): App\Config\Routes\UserRoutes::defineRoutes(Object(CodeIgniter\Router\RouteCollection))
 4 SYSTEMPATH\Router\RouteCollection.php(800): App\Config\Routes\UserRoutes::App\Config\Routes\{closure}(Object(CodeIgniter\Router\RouteCollection))
 5 APPPATH\Config\Routes\UserRoutes.php(25): CodeIgniter\Router\RouteCollection->group('{locale}', Object(Closure))
 6 APPPATH\Config\Routes.php(21): App\Config\Routes\UserRoutes::init(Object(CodeIgniter\Router\RouteCollection))
 7 SYSTEMPATH\Router\RouteCollection.php(340): require('C:\\xampp\\htdocs\\smartstore\\app\\Config\\Routes.php')
 8 SYSTEMPATH\CodeIgniter.php(823): CodeIgniter\Router\RouteCollection->loadRoutes()
 9 SYSTEMPATH\CodeIgniter.php(457): CodeIgniter\CodeIgniter->tryToRouteIt(null)
10 SYSTEMPATH\CodeIgniter.php(355): CodeIgniter\CodeIgniter->handleRequest(null, Object(Config\Cache), false)
11 SYSTEMPATH\Boot.php(325): CodeIgniter\CodeIgniter->run()
12 SYSTEMPATH\Boot.php(67): CodeIgniter\Boot::runCodeIgniter(Object(CodeIgniter\CodeIgniter))
13 FCPATH\index.php(63): CodeIgniter\Boot::bootWeb(Object(Config\Paths))
WARNING - 2025-06-05 15:54:30 --> [DEPRECATED] Passing lowercase HTTP method "post" is deprecated. Use uppercase HTTP method like "POST". in SYSTEMPATH\Router\RouteCollection.php on line 1027.
 1 SYSTEMPATH\Router\RouteCollection.php(1027): trigger_error('Passing lowercase HTTP method "post" is deprecated. Use uppercase HTTP method like "POST".', 16384)
 2 APPPATH\Config\Routes\UserRoutes.php(49): CodeIgniter\Router\RouteCollection->match([...], 'submit_review', 'ClientController::submit_review', [...])
 3 APPPATH\Config\Routes\UserRoutes.php(26): App\Config\Routes\UserRoutes::defineRoutes(Object(CodeIgniter\Router\RouteCollection))
 4 SYSTEMPATH\Router\RouteCollection.php(800): App\Config\Routes\UserRoutes::App\Config\Routes\{closure}(Object(CodeIgniter\Router\RouteCollection))
 5 APPPATH\Config\Routes\UserRoutes.php(25): CodeIgniter\Router\RouteCollection->group('{locale}', Object(Closure))
 6 APPPATH\Config\Routes.php(21): App\Config\Routes\UserRoutes::init(Object(CodeIgniter\Router\RouteCollection))
 7 SYSTEMPATH\Router\RouteCollection.php(340): require('C:\\xampp\\htdocs\\smartstore\\app\\Config\\Routes.php')
 8 SYSTEMPATH\CodeIgniter.php(823): CodeIgniter\Router\RouteCollection->loadRoutes()
 9 SYSTEMPATH\CodeIgniter.php(457): CodeIgniter\CodeIgniter->tryToRouteIt(null)
10 SYSTEMPATH\CodeIgniter.php(355): CodeIgniter\CodeIgniter->handleRequest(null, Object(Config\Cache), false)
11 SYSTEMPATH\Boot.php(325): CodeIgniter\CodeIgniter->run()
12 SYSTEMPATH\Boot.php(67): CodeIgniter\Boot::runCodeIgniter(Object(CodeIgniter\CodeIgniter))
13 FCPATH\index.php(63): CodeIgniter\Boot::bootWeb(Object(Config\Paths))
WARNING - 2025-06-05 15:54:30 --> [DEPRECATED] Passing lowercase HTTP method "get" is deprecated. Use uppercase HTTP method like "GET". in SYSTEMPATH\Router\RouteCollection.php on line 1027.
 1 SYSTEMPATH\Router\RouteCollection.php(1027): trigger_error('Passing lowercase HTTP method "get" is deprecated. Use uppercase HTTP method like "GET".', 16384)
 2 APPPATH\Config\Routes\UserRoutes.php(63): CodeIgniter\Router\RouteCollection->match([...], 'track-order', 'OrderController::track_order', [...])
 3 APPPATH\Config\Routes\UserRoutes.php(26): App\Config\Routes\UserRoutes::defineRoutes(Object(CodeIgniter\Router\RouteCollection))
 4 SYSTEMPATH\Router\RouteCollection.php(800): App\Config\Routes\UserRoutes::App\Config\Routes\{closure}(Object(CodeIgniter\Router\RouteCollection))
 5 APPPATH\Config\Routes\UserRoutes.php(25): CodeIgniter\Router\RouteCollection->group('{locale}', Object(Closure))
 6 APPPATH\Config\Routes.php(21): App\Config\Routes\UserRoutes::init(Object(CodeIgniter\Router\RouteCollection))
 7 SYSTEMPATH\Router\RouteCollection.php(340): require('C:\\xampp\\htdocs\\smartstore\\app\\Config\\Routes.php')
 8 SYSTEMPATH\CodeIgniter.php(823): CodeIgniter\Router\RouteCollection->loadRoutes()
 9 SYSTEMPATH\CodeIgniter.php(457): CodeIgniter\CodeIgniter->tryToRouteIt(null)
10 SYSTEMPATH\CodeIgniter.php(355): CodeIgniter\CodeIgniter->handleRequest(null, Object(Config\Cache), false)
11 SYSTEMPATH\Boot.php(325): CodeIgniter\CodeIgniter->run()
12 SYSTEMPATH\Boot.php(67): CodeIgniter\Boot::runCodeIgniter(Object(CodeIgniter\CodeIgniter))
13 FCPATH\index.php(63): CodeIgniter\Boot::bootWeb(Object(Config\Paths))
WARNING - 2025-06-05 15:54:30 --> [DEPRECATED] Passing lowercase HTTP method "post" is deprecated. Use uppercase HTTP method like "POST". in SYSTEMPATH\Router\RouteCollection.php on line 1027.
 1 SYSTEMPATH\Router\RouteCollection.php(1027): trigger_error('Passing lowercase HTTP method "post" is deprecated. Use uppercase HTTP method like "POST".', 16384)
 2 APPPATH\Config\Routes\UserRoutes.php(63): CodeIgniter\Router\RouteCollection->match([...], 'track-order', 'OrderController::track_order', [...])
 3 APPPATH\Config\Routes\UserRoutes.php(26): App\Config\Routes\UserRoutes::defineRoutes(Object(CodeIgniter\Router\RouteCollection))
 4 SYSTEMPATH\Router\RouteCollection.php(800): App\Config\Routes\UserRoutes::App\Config\Routes\{closure}(Object(CodeIgniter\Router\RouteCollection))
 5 APPPATH\Config\Routes\UserRoutes.php(25): CodeIgniter\Router\RouteCollection->group('{locale}', Object(Closure))
 6 APPPATH\Config\Routes.php(21): App\Config\Routes\UserRoutes::init(Object(CodeIgniter\Router\RouteCollection))
 7 SYSTEMPATH\Router\RouteCollection.php(340): require('C:\\xampp\\htdocs\\smartstore\\app\\Config\\Routes.php')
 8 SYSTEMPATH\CodeIgniter.php(823): CodeIgniter\Router\RouteCollection->loadRoutes()
 9 SYSTEMPATH\CodeIgniter.php(457): CodeIgniter\CodeIgniter->tryToRouteIt(null)
10 SYSTEMPATH\CodeIgniter.php(355): CodeIgniter\CodeIgniter->handleRequest(null, Object(Config\Cache), false)
11 SYSTEMPATH\Boot.php(325): CodeIgniter\CodeIgniter->run()
12 SYSTEMPATH\Boot.php(67): CodeIgniter\Boot::runCodeIgniter(Object(CodeIgniter\CodeIgniter))
13 FCPATH\index.php(63): CodeIgniter\Boot::bootWeb(Object(Config\Paths))
INFO - 2025-06-05 15:54:30 --> Session: Class initialized using 'CodeIgniter\Session\Handlers\FileHandler' driver.
WARNING - 2025-06-05 15:54:30 --> [DEPRECATED] Creation of dynamic property App\Controllers\Public\PageController::$load_files is deprecated in APPPATH\Controllers\Public\PageController.php on line 21.
 1 SYSTEMPATH\CodeIgniter.php(903): App\Controllers\Public\PageController->__construct()
 2 SYSTEMPATH\CodeIgniter.php(500): CodeIgniter\CodeIgniter->createController()
 3 SYSTEMPATH\CodeIgniter.php(355): CodeIgniter\CodeIgniter->handleRequest(null, Object(Config\Cache), false)
 4 SYSTEMPATH\Boot.php(325): CodeIgniter\CodeIgniter->run()
 5 SYSTEMPATH\Boot.php(67): CodeIgniter\Boot::runCodeIgniter(Object(CodeIgniter\CodeIgniter))
 6 FCPATH\index.php(63): CodeIgniter\Boot::bootWeb(Object(Config\Paths))
WARNING - 2025-06-05 15:54:30 --> [DEPRECATED] Creation of dynamic property App\Controllers\Public\PageController::$page_title is deprecated in APPPATH\Controllers\Public\PageController.php on line 22.
 1 SYSTEMPATH\CodeIgniter.php(903): App\Controllers\Public\PageController->__construct()
 2 SYSTEMPATH\CodeIgniter.php(500): CodeIgniter\CodeIgniter->createController()
 3 SYSTEMPATH\CodeIgniter.php(355): CodeIgniter\CodeIgniter->handleRequest(null, Object(Config\Cache), false)
 4 SYSTEMPATH\Boot.php(325): CodeIgniter\CodeIgniter->run()
 5 SYSTEMPATH\Boot.php(67): CodeIgniter\Boot::runCodeIgniter(Object(CodeIgniter\CodeIgniter))
 6 FCPATH\index.php(63): CodeIgniter\Boot::bootWeb(Object(Config\Paths))
