WARNING - 2025-05-28 12:20:49 --> [DEPRECATED] Passing lowercase HTTP method "get" is deprecated. Use uppercase HTTP method like "GET". in SYSTEMPATH\Router\RouteCollection.php on line 1027.
 1 SYSTEMPATH\Router\RouteCollection.php(1027): trigger_error('Passing lowercase HTTP method "get" is deprecated. Use uppercase HTTP method like "GET".', 16384)
 2 APPPATH\Config\Routes\AdminRoutes.php(65): CodeIgniter\Router\RouteCollection->match([...], 'send_test_mail', 'SettingsController::send_test_mail')
 3 SYSTEMPATH\Router\RouteCollection.php(800): App\Config\Routes\AdminRoutes::App\Config\Routes\{closure}(Object(CodeIgniter\Router\RouteCollection))
 4 APPPATH\Config\Routes\AdminRoutes.php(63): CodeIgniter\Router\RouteCollection->group('settings', [...], Object(Closure))
 5 SYSTEMPATH\Router\RouteCollection.php(800): App\Config\Routes\AdminRoutes::App\Config\Routes\{closure}(Object(CodeIgniter\Router\RouteCollection))
 6 APPPATH\Config\Routes\AdminRoutes.php(28): CodeIgniter\Router\RouteCollection->group('admin', [...], Object(Closure))
 7 APPPATH\Config\Routes.php(20): App\Config\Routes\AdminRoutes::init(Object(CodeIgniter\Router\RouteCollection))
 8 SYSTEMPATH\Router\RouteCollection.php(340): require('C:\\xampp\\htdocs\\smartstore\\app\\Config\\Routes.php')
 9 SYSTEMPATH\CodeIgniter.php(823): CodeIgniter\Router\RouteCollection->loadRoutes()
10 SYSTEMPATH\CodeIgniter.php(457): CodeIgniter\CodeIgniter->tryToRouteIt(null)
11 SYSTEMPATH\CodeIgniter.php(355): CodeIgniter\CodeIgniter->handleRequest(null, Object(Config\Cache), false)
12 SYSTEMPATH\Boot.php(325): CodeIgniter\CodeIgniter->run()
13 SYSTEMPATH\Boot.php(67): CodeIgniter\Boot::runCodeIgniter(Object(CodeIgniter\CodeIgniter))
14 FCPATH\index.php(63): CodeIgniter\Boot::bootWeb(Object(Config\Paths))
WARNING - 2025-05-28 12:20:49 --> [DEPRECATED] Passing lowercase HTTP method "post" is deprecated. Use uppercase HTTP method like "POST". in SYSTEMPATH\Router\RouteCollection.php on line 1027.
 1 SYSTEMPATH\Router\RouteCollection.php(1027): trigger_error('Passing lowercase HTTP method "post" is deprecated. Use uppercase HTTP method like "POST".', 16384)
 2 APPPATH\Config\Routes\AdminRoutes.php(65): CodeIgniter\Router\RouteCollection->match([...], 'send_test_mail', 'SettingsController::send_test_mail')
 3 SYSTEMPATH\Router\RouteCollection.php(800): App\Config\Routes\AdminRoutes::App\Config\Routes\{closure}(Object(CodeIgniter\Router\RouteCollection))
 4 APPPATH\Config\Routes\AdminRoutes.php(63): CodeIgniter\Router\RouteCollection->group('settings', [...], Object(Closure))
 5 SYSTEMPATH\Router\RouteCollection.php(800): App\Config\Routes\AdminRoutes::App\Config\Routes\{closure}(Object(CodeIgniter\Router\RouteCollection))
 6 APPPATH\Config\Routes\AdminRoutes.php(28): CodeIgniter\Router\RouteCollection->group('admin', [...], Object(Closure))
 7 APPPATH\Config\Routes.php(20): App\Config\Routes\AdminRoutes::init(Object(CodeIgniter\Router\RouteCollection))
 8 SYSTEMPATH\Router\RouteCollection.php(340): require('C:\\xampp\\htdocs\\smartstore\\app\\Config\\Routes.php')
 9 SYSTEMPATH\CodeIgniter.php(823): CodeIgniter\Router\RouteCollection->loadRoutes()
10 SYSTEMPATH\CodeIgniter.php(457): CodeIgniter\CodeIgniter->tryToRouteIt(null)
11 SYSTEMPATH\CodeIgniter.php(355): CodeIgniter\CodeIgniter->handleRequest(null, Object(Config\Cache), false)
12 SYSTEMPATH\Boot.php(325): CodeIgniter\CodeIgniter->run()
13 SYSTEMPATH\Boot.php(67): CodeIgniter\Boot::runCodeIgniter(Object(CodeIgniter\CodeIgniter))
14 FCPATH\index.php(63): CodeIgniter\Boot::bootWeb(Object(Config\Paths))
WARNING - 2025-05-28 12:20:49 --> [DEPRECATED] Passing lowercase HTTP method "get" is deprecated. Use uppercase HTTP method like "GET". in SYSTEMPATH\Router\RouteCollection.php on line 1027.
 1 SYSTEMPATH\Router\RouteCollection.php(1027): trigger_error('Passing lowercase HTTP method "get" is deprecated. Use uppercase HTTP method like "GET".', 16384)
 2 APPPATH\Config\Routes\AdminRoutes.php(76): CodeIgniter\Router\RouteCollection->match([...], 'elfinder_connector', 'FilemanagerController::elfinder_connector')
 3 SYSTEMPATH\Router\RouteCollection.php(800): App\Config\Routes\AdminRoutes::App\Config\Routes\{closure}(Object(CodeIgniter\Router\RouteCollection))
 4 APPPATH\Config\Routes\AdminRoutes.php(73): CodeIgniter\Router\RouteCollection->group('filemanager', [...], Object(Closure))
 5 SYSTEMPATH\Router\RouteCollection.php(800): App\Config\Routes\AdminRoutes::App\Config\Routes\{closure}(Object(CodeIgniter\Router\RouteCollection))
 6 APPPATH\Config\Routes\AdminRoutes.php(28): CodeIgniter\Router\RouteCollection->group('admin', [...], Object(Closure))
 7 APPPATH\Config\Routes.php(20): App\Config\Routes\AdminRoutes::init(Object(CodeIgniter\Router\RouteCollection))
 8 SYSTEMPATH\Router\RouteCollection.php(340): require('C:\\xampp\\htdocs\\smartstore\\app\\Config\\Routes.php')
 9 SYSTEMPATH\CodeIgniter.php(823): CodeIgniter\Router\RouteCollection->loadRoutes()
10 SYSTEMPATH\CodeIgniter.php(457): CodeIgniter\CodeIgniter->tryToRouteIt(null)
11 SYSTEMPATH\CodeIgniter.php(355): CodeIgniter\CodeIgniter->handleRequest(null, Object(Config\Cache), false)
12 SYSTEMPATH\Boot.php(325): CodeIgniter\CodeIgniter->run()
13 SYSTEMPATH\Boot.php(67): CodeIgniter\Boot::runCodeIgniter(Object(CodeIgniter\CodeIgniter))
14 FCPATH\index.php(63): CodeIgniter\Boot::bootWeb(Object(Config\Paths))
WARNING - 2025-05-28 12:20:49 --> [DEPRECATED] Passing lowercase HTTP method "post" is deprecated. Use uppercase HTTP method like "POST". in SYSTEMPATH\Router\RouteCollection.php on line 1027.
 1 SYSTEMPATH\Router\RouteCollection.php(1027): trigger_error('Passing lowercase HTTP method "post" is deprecated. Use uppercase HTTP method like "POST".', 16384)
 2 APPPATH\Config\Routes\AdminRoutes.php(76): CodeIgniter\Router\RouteCollection->match([...], 'elfinder_connector', 'FilemanagerController::elfinder_connector')
 3 SYSTEMPATH\Router\RouteCollection.php(800): App\Config\Routes\AdminRoutes::App\Config\Routes\{closure}(Object(CodeIgniter\Router\RouteCollection))
 4 APPPATH\Config\Routes\AdminRoutes.php(73): CodeIgniter\Router\RouteCollection->group('filemanager', [...], Object(Closure))
 5 SYSTEMPATH\Router\RouteCollection.php(800): App\Config\Routes\AdminRoutes::App\Config\Routes\{closure}(Object(CodeIgniter\Router\RouteCollection))
 6 APPPATH\Config\Routes\AdminRoutes.php(28): CodeIgniter\Router\RouteCollection->group('admin', [...], Object(Closure))
 7 APPPATH\Config\Routes.php(20): App\Config\Routes\AdminRoutes::init(Object(CodeIgniter\Router\RouteCollection))
 8 SYSTEMPATH\Router\RouteCollection.php(340): require('C:\\xampp\\htdocs\\smartstore\\app\\Config\\Routes.php')
 9 SYSTEMPATH\CodeIgniter.php(823): CodeIgniter\Router\RouteCollection->loadRoutes()
10 SYSTEMPATH\CodeIgniter.php(457): CodeIgniter\CodeIgniter->tryToRouteIt(null)
11 SYSTEMPATH\CodeIgniter.php(355): CodeIgniter\CodeIgniter->handleRequest(null, Object(Config\Cache), false)
12 SYSTEMPATH\Boot.php(325): CodeIgniter\CodeIgniter->run()
13 SYSTEMPATH\Boot.php(67): CodeIgniter\Boot::runCodeIgniter(Object(CodeIgniter\CodeIgniter))
14 FCPATH\index.php(63): CodeIgniter\Boot::bootWeb(Object(Config\Paths))
WARNING - 2025-05-28 12:20:49 --> [DEPRECATED] Passing lowercase HTTP method "get" is deprecated. Use uppercase HTTP method like "GET". in SYSTEMPATH\Router\RouteCollection.php on line 1027.
 1 SYSTEMPATH\Router\RouteCollection.php(1027): trigger_error('Passing lowercase HTTP method "get" is deprecated. Use uppercase HTTP method like "GET".', 16384)
 2 APPPATH\Config\Routes\AdminRoutes.php(172): CodeIgniter\Router\RouteCollection->match([...], 'sync_services/?(:num)?', 'ProvidersController::sync_services/$1')
 3 SYSTEMPATH\Router\RouteCollection.php(800): App\Config\Routes\AdminRoutes::App\Config\Routes\{closure}(Object(CodeIgniter\Router\RouteCollection))
 4 APPPATH\Config\Routes\AdminRoutes.php(167): CodeIgniter\Router\RouteCollection->group('providers', [...], Object(Closure))
 5 SYSTEMPATH\Router\RouteCollection.php(800): App\Config\Routes\AdminRoutes::App\Config\Routes\{closure}(Object(CodeIgniter\Router\RouteCollection))
 6 APPPATH\Config\Routes\AdminRoutes.php(28): CodeIgniter\Router\RouteCollection->group('admin', [...], Object(Closure))
 7 APPPATH\Config\Routes.php(20): App\Config\Routes\AdminRoutes::init(Object(CodeIgniter\Router\RouteCollection))
 8 SYSTEMPATH\Router\RouteCollection.php(340): require('C:\\xampp\\htdocs\\smartstore\\app\\Config\\Routes.php')
 9 SYSTEMPATH\CodeIgniter.php(823): CodeIgniter\Router\RouteCollection->loadRoutes()
10 SYSTEMPATH\CodeIgniter.php(457): CodeIgniter\CodeIgniter->tryToRouteIt(null)
11 SYSTEMPATH\CodeIgniter.php(355): CodeIgniter\CodeIgniter->handleRequest(null, Object(Config\Cache), false)
12 SYSTEMPATH\Boot.php(325): CodeIgniter\CodeIgniter->run()
13 SYSTEMPATH\Boot.php(67): CodeIgniter\Boot::runCodeIgniter(Object(CodeIgniter\CodeIgniter))
14 FCPATH\index.php(63): CodeIgniter\Boot::bootWeb(Object(Config\Paths))
WARNING - 2025-05-28 12:20:49 --> [DEPRECATED] Passing lowercase HTTP method "post" is deprecated. Use uppercase HTTP method like "POST". in SYSTEMPATH\Router\RouteCollection.php on line 1027.
 1 SYSTEMPATH\Router\RouteCollection.php(1027): trigger_error('Passing lowercase HTTP method "post" is deprecated. Use uppercase HTTP method like "POST".', 16384)
 2 APPPATH\Config\Routes\AdminRoutes.php(172): CodeIgniter\Router\RouteCollection->match([...], 'sync_services/?(:num)?', 'ProvidersController::sync_services/$1')
 3 SYSTEMPATH\Router\RouteCollection.php(800): App\Config\Routes\AdminRoutes::App\Config\Routes\{closure}(Object(CodeIgniter\Router\RouteCollection))
 4 APPPATH\Config\Routes\AdminRoutes.php(167): CodeIgniter\Router\RouteCollection->group('providers', [...], Object(Closure))
 5 SYSTEMPATH\Router\RouteCollection.php(800): App\Config\Routes\AdminRoutes::App\Config\Routes\{closure}(Object(CodeIgniter\Router\RouteCollection))
 6 APPPATH\Config\Routes\AdminRoutes.php(28): CodeIgniter\Router\RouteCollection->group('admin', [...], Object(Closure))
 7 APPPATH\Config\Routes.php(20): App\Config\Routes\AdminRoutes::init(Object(CodeIgniter\Router\RouteCollection))
 8 SYSTEMPATH\Router\RouteCollection.php(340): require('C:\\xampp\\htdocs\\smartstore\\app\\Config\\Routes.php')
 9 SYSTEMPATH\CodeIgniter.php(823): CodeIgniter\Router\RouteCollection->loadRoutes()
10 SYSTEMPATH\CodeIgniter.php(457): CodeIgniter\CodeIgniter->tryToRouteIt(null)
11 SYSTEMPATH\CodeIgniter.php(355): CodeIgniter\CodeIgniter->handleRequest(null, Object(Config\Cache), false)
12 SYSTEMPATH\Boot.php(325): CodeIgniter\CodeIgniter->run()
13 SYSTEMPATH\Boot.php(67): CodeIgniter\Boot::runCodeIgniter(Object(CodeIgniter\CodeIgniter))
14 FCPATH\index.php(63): CodeIgniter\Boot::bootWeb(Object(Config\Paths))
WARNING - 2025-05-28 12:20:49 --> [DEPRECATED] Passing lowercase HTTP method "get" is deprecated. Use uppercase HTTP method like "GET". in SYSTEMPATH\Router\RouteCollection.php on line 1027.
 1 SYSTEMPATH\Router\RouteCollection.php(1027): trigger_error('Passing lowercase HTTP method "get" is deprecated. Use uppercase HTTP method like "GET".', 16384)
 2 APPPATH\Config\Routes\AdminRoutes.php(185): CodeIgniter\Router\RouteCollection->match([...], 'add_note/?(:num)?', 'UsersController::add_note/$1')
 3 SYSTEMPATH\Router\RouteCollection.php(800): App\Config\Routes\AdminRoutes::App\Config\Routes\{closure}(Object(CodeIgniter\Router\RouteCollection))
 4 APPPATH\Config\Routes\AdminRoutes.php(182): CodeIgniter\Router\RouteCollection->group('users', [...], Object(Closure))
 5 SYSTEMPATH\Router\RouteCollection.php(800): App\Config\Routes\AdminRoutes::App\Config\Routes\{closure}(Object(CodeIgniter\Router\RouteCollection))
 6 APPPATH\Config\Routes\AdminRoutes.php(28): CodeIgniter\Router\RouteCollection->group('admin', [...], Object(Closure))
 7 APPPATH\Config\Routes.php(20): App\Config\Routes\AdminRoutes::init(Object(CodeIgniter\Router\RouteCollection))
 8 SYSTEMPATH\Router\RouteCollection.php(340): require('C:\\xampp\\htdocs\\smartstore\\app\\Config\\Routes.php')
 9 SYSTEMPATH\CodeIgniter.php(823): CodeIgniter\Router\RouteCollection->loadRoutes()
10 SYSTEMPATH\CodeIgniter.php(457): CodeIgniter\CodeIgniter->tryToRouteIt(null)
11 SYSTEMPATH\CodeIgniter.php(355): CodeIgniter\CodeIgniter->handleRequest(null, Object(Config\Cache), false)
12 SYSTEMPATH\Boot.php(325): CodeIgniter\CodeIgniter->run()
13 SYSTEMPATH\Boot.php(67): CodeIgniter\Boot::runCodeIgniter(Object(CodeIgniter\CodeIgniter))
14 FCPATH\index.php(63): CodeIgniter\Boot::bootWeb(Object(Config\Paths))
WARNING - 2025-05-28 12:20:49 --> [DEPRECATED] Passing lowercase HTTP method "post" is deprecated. Use uppercase HTTP method like "POST". in SYSTEMPATH\Router\RouteCollection.php on line 1027.
 1 SYSTEMPATH\Router\RouteCollection.php(1027): trigger_error('Passing lowercase HTTP method "post" is deprecated. Use uppercase HTTP method like "POST".', 16384)
 2 APPPATH\Config\Routes\AdminRoutes.php(185): CodeIgniter\Router\RouteCollection->match([...], 'add_note/?(:num)?', 'UsersController::add_note/$1')
 3 SYSTEMPATH\Router\RouteCollection.php(800): App\Config\Routes\AdminRoutes::App\Config\Routes\{closure}(Object(CodeIgniter\Router\RouteCollection))
 4 APPPATH\Config\Routes\AdminRoutes.php(182): CodeIgniter\Router\RouteCollection->group('users', [...], Object(Closure))
 5 SYSTEMPATH\Router\RouteCollection.php(800): App\Config\Routes\AdminRoutes::App\Config\Routes\{closure}(Object(CodeIgniter\Router\RouteCollection))
 6 APPPATH\Config\Routes\AdminRoutes.php(28): CodeIgniter\Router\RouteCollection->group('admin', [...], Object(Closure))
 7 APPPATH\Config\Routes.php(20): App\Config\Routes\AdminRoutes::init(Object(CodeIgniter\Router\RouteCollection))
 8 SYSTEMPATH\Router\RouteCollection.php(340): require('C:\\xampp\\htdocs\\smartstore\\app\\Config\\Routes.php')
 9 SYSTEMPATH\CodeIgniter.php(823): CodeIgniter\Router\RouteCollection->loadRoutes()
10 SYSTEMPATH\CodeIgniter.php(457): CodeIgniter\CodeIgniter->tryToRouteIt(null)
11 SYSTEMPATH\CodeIgniter.php(355): CodeIgniter\CodeIgniter->handleRequest(null, Object(Config\Cache), false)
12 SYSTEMPATH\Boot.php(325): CodeIgniter\CodeIgniter->run()
13 SYSTEMPATH\Boot.php(67): CodeIgniter\Boot::runCodeIgniter(Object(CodeIgniter\CodeIgniter))
14 FCPATH\index.php(63): CodeIgniter\Boot::bootWeb(Object(Config\Paths))
WARNING - 2025-05-28 12:20:49 --> [DEPRECATED] Passing lowercase HTTP method "get" is deprecated. Use uppercase HTTP method like "GET". in SYSTEMPATH\Router\RouteCollection.php on line 1027.
 1 SYSTEMPATH\Router\RouteCollection.php(1027): trigger_error('Passing lowercase HTTP method "get" is deprecated. Use uppercase HTTP method like "GET".', 16384)
 2 APPPATH\Config\Routes\AdminRoutes.php(186): CodeIgniter\Router\RouteCollection->match([...], 'send_mail/?(:num)?', 'UsersController::send_mail/$1')
 3 SYSTEMPATH\Router\RouteCollection.php(800): App\Config\Routes\AdminRoutes::App\Config\Routes\{closure}(Object(CodeIgniter\Router\RouteCollection))
 4 APPPATH\Config\Routes\AdminRoutes.php(182): CodeIgniter\Router\RouteCollection->group('users', [...], Object(Closure))
 5 SYSTEMPATH\Router\RouteCollection.php(800): App\Config\Routes\AdminRoutes::App\Config\Routes\{closure}(Object(CodeIgniter\Router\RouteCollection))
 6 APPPATH\Config\Routes\AdminRoutes.php(28): CodeIgniter\Router\RouteCollection->group('admin', [...], Object(Closure))
 7 APPPATH\Config\Routes.php(20): App\Config\Routes\AdminRoutes::init(Object(CodeIgniter\Router\RouteCollection))
 8 SYSTEMPATH\Router\RouteCollection.php(340): require('C:\\xampp\\htdocs\\smartstore\\app\\Config\\Routes.php')
 9 SYSTEMPATH\CodeIgniter.php(823): CodeIgniter\Router\RouteCollection->loadRoutes()
10 SYSTEMPATH\CodeIgniter.php(457): CodeIgniter\CodeIgniter->tryToRouteIt(null)
11 SYSTEMPATH\CodeIgniter.php(355): CodeIgniter\CodeIgniter->handleRequest(null, Object(Config\Cache), false)
12 SYSTEMPATH\Boot.php(325): CodeIgniter\CodeIgniter->run()
13 SYSTEMPATH\Boot.php(67): CodeIgniter\Boot::runCodeIgniter(Object(CodeIgniter\CodeIgniter))
14 FCPATH\index.php(63): CodeIgniter\Boot::bootWeb(Object(Config\Paths))
WARNING - 2025-05-28 12:20:49 --> [DEPRECATED] Passing lowercase HTTP method "post" is deprecated. Use uppercase HTTP method like "POST". in SYSTEMPATH\Router\RouteCollection.php on line 1027.
 1 SYSTEMPATH\Router\RouteCollection.php(1027): trigger_error('Passing lowercase HTTP method "post" is deprecated. Use uppercase HTTP method like "POST".', 16384)
 2 APPPATH\Config\Routes\AdminRoutes.php(186): CodeIgniter\Router\RouteCollection->match([...], 'send_mail/?(:num)?', 'UsersController::send_mail/$1')
 3 SYSTEMPATH\Router\RouteCollection.php(800): App\Config\Routes\AdminRoutes::App\Config\Routes\{closure}(Object(CodeIgniter\Router\RouteCollection))
 4 APPPATH\Config\Routes\AdminRoutes.php(182): CodeIgniter\Router\RouteCollection->group('users', [...], Object(Closure))
 5 SYSTEMPATH\Router\RouteCollection.php(800): App\Config\Routes\AdminRoutes::App\Config\Routes\{closure}(Object(CodeIgniter\Router\RouteCollection))
 6 APPPATH\Config\Routes\AdminRoutes.php(28): CodeIgniter\Router\RouteCollection->group('admin', [...], Object(Closure))
 7 APPPATH\Config\Routes.php(20): App\Config\Routes\AdminRoutes::init(Object(CodeIgniter\Router\RouteCollection))
 8 SYSTEMPATH\Router\RouteCollection.php(340): require('C:\\xampp\\htdocs\\smartstore\\app\\Config\\Routes.php')
 9 SYSTEMPATH\CodeIgniter.php(823): CodeIgniter\Router\RouteCollection->loadRoutes()
10 SYSTEMPATH\CodeIgniter.php(457): CodeIgniter\CodeIgniter->tryToRouteIt(null)
11 SYSTEMPATH\CodeIgniter.php(355): CodeIgniter\CodeIgniter->handleRequest(null, Object(Config\Cache), false)
12 SYSTEMPATH\Boot.php(325): CodeIgniter\CodeIgniter->run()
13 SYSTEMPATH\Boot.php(67): CodeIgniter\Boot::runCodeIgniter(Object(CodeIgniter\CodeIgniter))
14 FCPATH\index.php(63): CodeIgniter\Boot::bootWeb(Object(Config\Paths))
WARNING - 2025-05-28 12:20:49 --> [DEPRECATED] Passing lowercase HTTP method "get" is deprecated. Use uppercase HTTP method like "GET". in SYSTEMPATH\Router\RouteCollection.php on line 1027.
 1 SYSTEMPATH\Router\RouteCollection.php(1027): trigger_error('Passing lowercase HTTP method "get" is deprecated. Use uppercase HTTP method like "GET".', 16384)
 2 APPPATH\Config\Routes\AdminRoutes.php(215): CodeIgniter\Router\RouteCollection->match([...], 'send_mail/?(:num)?', 'TicketsController::send_mail/$1')
 3 SYSTEMPATH\Router\RouteCollection.php(800): App\Config\Routes\AdminRoutes::App\Config\Routes\{closure}(Object(CodeIgniter\Router\RouteCollection))
 4 APPPATH\Config\Routes\AdminRoutes.php(212): CodeIgniter\Router\RouteCollection->group('tickets', [...], Object(Closure))
 5 SYSTEMPATH\Router\RouteCollection.php(800): App\Config\Routes\AdminRoutes::App\Config\Routes\{closure}(Object(CodeIgniter\Router\RouteCollection))
 6 APPPATH\Config\Routes\AdminRoutes.php(28): CodeIgniter\Router\RouteCollection->group('admin', [...], Object(Closure))
 7 APPPATH\Config\Routes.php(20): App\Config\Routes\AdminRoutes::init(Object(CodeIgniter\Router\RouteCollection))
 8 SYSTEMPATH\Router\RouteCollection.php(340): require('C:\\xampp\\htdocs\\smartstore\\app\\Config\\Routes.php')
 9 SYSTEMPATH\CodeIgniter.php(823): CodeIgniter\Router\RouteCollection->loadRoutes()
10 SYSTEMPATH\CodeIgniter.php(457): CodeIgniter\CodeIgniter->tryToRouteIt(null)
11 SYSTEMPATH\CodeIgniter.php(355): CodeIgniter\CodeIgniter->handleRequest(null, Object(Config\Cache), false)
12 SYSTEMPATH\Boot.php(325): CodeIgniter\CodeIgniter->run()
13 SYSTEMPATH\Boot.php(67): CodeIgniter\Boot::runCodeIgniter(Object(CodeIgniter\CodeIgniter))
14 FCPATH\index.php(63): CodeIgniter\Boot::bootWeb(Object(Config\Paths))
WARNING - 2025-05-28 12:20:49 --> [DEPRECATED] Passing lowercase HTTP method "post" is deprecated. Use uppercase HTTP method like "POST". in SYSTEMPATH\Router\RouteCollection.php on line 1027.
 1 SYSTEMPATH\Router\RouteCollection.php(1027): trigger_error('Passing lowercase HTTP method "post" is deprecated. Use uppercase HTTP method like "POST".', 16384)
 2 APPPATH\Config\Routes\AdminRoutes.php(215): CodeIgniter\Router\RouteCollection->match([...], 'send_mail/?(:num)?', 'TicketsController::send_mail/$1')
 3 SYSTEMPATH\Router\RouteCollection.php(800): App\Config\Routes\AdminRoutes::App\Config\Routes\{closure}(Object(CodeIgniter\Router\RouteCollection))
 4 APPPATH\Config\Routes\AdminRoutes.php(212): CodeIgniter\Router\RouteCollection->group('tickets', [...], Object(Closure))
 5 SYSTEMPATH\Router\RouteCollection.php(800): App\Config\Routes\AdminRoutes::App\Config\Routes\{closure}(Object(CodeIgniter\Router\RouteCollection))
 6 APPPATH\Config\Routes\AdminRoutes.php(28): CodeIgniter\Router\RouteCollection->group('admin', [...], Object(Closure))
 7 APPPATH\Config\Routes.php(20): App\Config\Routes\AdminRoutes::init(Object(CodeIgniter\Router\RouteCollection))
 8 SYSTEMPATH\Router\RouteCollection.php(340): require('C:\\xampp\\htdocs\\smartstore\\app\\Config\\Routes.php')
 9 SYSTEMPATH\CodeIgniter.php(823): CodeIgniter\Router\RouteCollection->loadRoutes()
10 SYSTEMPATH\CodeIgniter.php(457): CodeIgniter\CodeIgniter->tryToRouteIt(null)
11 SYSTEMPATH\CodeIgniter.php(355): CodeIgniter\CodeIgniter->handleRequest(null, Object(Config\Cache), false)
12 SYSTEMPATH\Boot.php(325): CodeIgniter\CodeIgniter->run()
13 SYSTEMPATH\Boot.php(67): CodeIgniter\Boot::runCodeIgniter(Object(CodeIgniter\CodeIgniter))
14 FCPATH\index.php(63): CodeIgniter\Boot::bootWeb(Object(Config\Paths))
WARNING - 2025-05-28 12:20:49 --> [DEPRECATED] Passing lowercase HTTP method "get" is deprecated. Use uppercase HTTP method like "GET". in SYSTEMPATH\Router\RouteCollection.php on line 1027.
 1 SYSTEMPATH\Router\RouteCollection.php(1027): trigger_error('Passing lowercase HTTP method "get" is deprecated. Use uppercase HTTP method like "GET".', 16384)
 2 APPPATH\Config\Routes\UserRoutes.php(49): CodeIgniter\Router\RouteCollection->match([...], 'submit_review', 'ClientController::submit_review', [...])
 3 APPPATH\Config\Routes\UserRoutes.php(23): App\Config\Routes\UserRoutes::defineRoutes(Object(CodeIgniter\Router\RouteCollection))
 4 APPPATH\Config\Routes.php(21): App\Config\Routes\UserRoutes::init(Object(CodeIgniter\Router\RouteCollection))
 5 SYSTEMPATH\Router\RouteCollection.php(340): require('C:\\xampp\\htdocs\\smartstore\\app\\Config\\Routes.php')
 6 SYSTEMPATH\CodeIgniter.php(823): CodeIgniter\Router\RouteCollection->loadRoutes()
 7 SYSTEMPATH\CodeIgniter.php(457): CodeIgniter\CodeIgniter->tryToRouteIt(null)
 8 SYSTEMPATH\CodeIgniter.php(355): CodeIgniter\CodeIgniter->handleRequest(null, Object(Config\Cache), false)
 9 SYSTEMPATH\Boot.php(325): CodeIgniter\CodeIgniter->run()
10 SYSTEMPATH\Boot.php(67): CodeIgniter\Boot::runCodeIgniter(Object(CodeIgniter\CodeIgniter))
11 FCPATH\index.php(63): CodeIgniter\Boot::bootWeb(Object(Config\Paths))
WARNING - 2025-05-28 12:20:49 --> [DEPRECATED] Passing lowercase HTTP method "post" is deprecated. Use uppercase HTTP method like "POST". in SYSTEMPATH\Router\RouteCollection.php on line 1027.
 1 SYSTEMPATH\Router\RouteCollection.php(1027): trigger_error('Passing lowercase HTTP method "post" is deprecated. Use uppercase HTTP method like "POST".', 16384)
 2 APPPATH\Config\Routes\UserRoutes.php(49): CodeIgniter\Router\RouteCollection->match([...], 'submit_review', 'ClientController::submit_review', [...])
 3 APPPATH\Config\Routes\UserRoutes.php(23): App\Config\Routes\UserRoutes::defineRoutes(Object(CodeIgniter\Router\RouteCollection))
 4 APPPATH\Config\Routes.php(21): App\Config\Routes\UserRoutes::init(Object(CodeIgniter\Router\RouteCollection))
 5 SYSTEMPATH\Router\RouteCollection.php(340): require('C:\\xampp\\htdocs\\smartstore\\app\\Config\\Routes.php')
 6 SYSTEMPATH\CodeIgniter.php(823): CodeIgniter\Router\RouteCollection->loadRoutes()
 7 SYSTEMPATH\CodeIgniter.php(457): CodeIgniter\CodeIgniter->tryToRouteIt(null)
 8 SYSTEMPATH\CodeIgniter.php(355): CodeIgniter\CodeIgniter->handleRequest(null, Object(Config\Cache), false)
 9 SYSTEMPATH\Boot.php(325): CodeIgniter\CodeIgniter->run()
10 SYSTEMPATH\Boot.php(67): CodeIgniter\Boot::runCodeIgniter(Object(CodeIgniter\CodeIgniter))
11 FCPATH\index.php(63): CodeIgniter\Boot::bootWeb(Object(Config\Paths))
WARNING - 2025-05-28 12:20:49 --> [DEPRECATED] Passing lowercase HTTP method "get" is deprecated. Use uppercase HTTP method like "GET". in SYSTEMPATH\Router\RouteCollection.php on line 1027.
 1 SYSTEMPATH\Router\RouteCollection.php(1027): trigger_error('Passing lowercase HTTP method "get" is deprecated. Use uppercase HTTP method like "GET".', 16384)
 2 APPPATH\Config\Routes\UserRoutes.php(63): CodeIgniter\Router\RouteCollection->match([...], 'track-order', 'OrderController::track_order', [...])
 3 APPPATH\Config\Routes\UserRoutes.php(23): App\Config\Routes\UserRoutes::defineRoutes(Object(CodeIgniter\Router\RouteCollection))
 4 APPPATH\Config\Routes.php(21): App\Config\Routes\UserRoutes::init(Object(CodeIgniter\Router\RouteCollection))
 5 SYSTEMPATH\Router\RouteCollection.php(340): require('C:\\xampp\\htdocs\\smartstore\\app\\Config\\Routes.php')
 6 SYSTEMPATH\CodeIgniter.php(823): CodeIgniter\Router\RouteCollection->loadRoutes()
 7 SYSTEMPATH\CodeIgniter.php(457): CodeIgniter\CodeIgniter->tryToRouteIt(null)
 8 SYSTEMPATH\CodeIgniter.php(355): CodeIgniter\CodeIgniter->handleRequest(null, Object(Config\Cache), false)
 9 SYSTEMPATH\Boot.php(325): CodeIgniter\CodeIgniter->run()
10 SYSTEMPATH\Boot.php(67): CodeIgniter\Boot::runCodeIgniter(Object(CodeIgniter\CodeIgniter))
11 FCPATH\index.php(63): CodeIgniter\Boot::bootWeb(Object(Config\Paths))
WARNING - 2025-05-28 12:20:49 --> [DEPRECATED] Passing lowercase HTTP method "post" is deprecated. Use uppercase HTTP method like "POST". in SYSTEMPATH\Router\RouteCollection.php on line 1027.
 1 SYSTEMPATH\Router\RouteCollection.php(1027): trigger_error('Passing lowercase HTTP method "post" is deprecated. Use uppercase HTTP method like "POST".', 16384)
 2 APPPATH\Config\Routes\UserRoutes.php(63): CodeIgniter\Router\RouteCollection->match([...], 'track-order', 'OrderController::track_order', [...])
 3 APPPATH\Config\Routes\UserRoutes.php(23): App\Config\Routes\UserRoutes::defineRoutes(Object(CodeIgniter\Router\RouteCollection))
 4 APPPATH\Config\Routes.php(21): App\Config\Routes\UserRoutes::init(Object(CodeIgniter\Router\RouteCollection))
 5 SYSTEMPATH\Router\RouteCollection.php(340): require('C:\\xampp\\htdocs\\smartstore\\app\\Config\\Routes.php')
 6 SYSTEMPATH\CodeIgniter.php(823): CodeIgniter\Router\RouteCollection->loadRoutes()
 7 SYSTEMPATH\CodeIgniter.php(457): CodeIgniter\CodeIgniter->tryToRouteIt(null)
 8 SYSTEMPATH\CodeIgniter.php(355): CodeIgniter\CodeIgniter->handleRequest(null, Object(Config\Cache), false)
 9 SYSTEMPATH\Boot.php(325): CodeIgniter\CodeIgniter->run()
10 SYSTEMPATH\Boot.php(67): CodeIgniter\Boot::runCodeIgniter(Object(CodeIgniter\CodeIgniter))
11 FCPATH\index.php(63): CodeIgniter\Boot::bootWeb(Object(Config\Paths))
WARNING - 2025-05-28 12:20:49 --> [DEPRECATED] Passing lowercase HTTP method "get" is deprecated. Use uppercase HTTP method like "GET". in SYSTEMPATH\Router\RouteCollection.php on line 1027.
 1 SYSTEMPATH\Router\RouteCollection.php(1027): trigger_error('Passing lowercase HTTP method "get" is deprecated. Use uppercase HTTP method like "GET".', 16384)
 2 APPPATH\Config\Routes\UserRoutes.php(49): CodeIgniter\Router\RouteCollection->match([...], 'submit_review', 'ClientController::submit_review', [...])
 3 APPPATH\Config\Routes\UserRoutes.php(26): App\Config\Routes\UserRoutes::defineRoutes(Object(CodeIgniter\Router\RouteCollection))
 4 SYSTEMPATH\Router\RouteCollection.php(800): App\Config\Routes\UserRoutes::App\Config\Routes\{closure}(Object(CodeIgniter\Router\RouteCollection))
 5 APPPATH\Config\Routes\UserRoutes.php(25): CodeIgniter\Router\RouteCollection->group('{locale}', Object(Closure))
 6 APPPATH\Config\Routes.php(21): App\Config\Routes\UserRoutes::init(Object(CodeIgniter\Router\RouteCollection))
 7 SYSTEMPATH\Router\RouteCollection.php(340): require('C:\\xampp\\htdocs\\smartstore\\app\\Config\\Routes.php')
 8 SYSTEMPATH\CodeIgniter.php(823): CodeIgniter\Router\RouteCollection->loadRoutes()
 9 SYSTEMPATH\CodeIgniter.php(457): CodeIgniter\CodeIgniter->tryToRouteIt(null)
10 SYSTEMPATH\CodeIgniter.php(355): CodeIgniter\CodeIgniter->handleRequest(null, Object(Config\Cache), false)
11 SYSTEMPATH\Boot.php(325): CodeIgniter\CodeIgniter->run()
12 SYSTEMPATH\Boot.php(67): CodeIgniter\Boot::runCodeIgniter(Object(CodeIgniter\CodeIgniter))
13 FCPATH\index.php(63): CodeIgniter\Boot::bootWeb(Object(Config\Paths))
WARNING - 2025-05-28 12:20:49 --> [DEPRECATED] Passing lowercase HTTP method "post" is deprecated. Use uppercase HTTP method like "POST". in SYSTEMPATH\Router\RouteCollection.php on line 1027.
 1 SYSTEMPATH\Router\RouteCollection.php(1027): trigger_error('Passing lowercase HTTP method "post" is deprecated. Use uppercase HTTP method like "POST".', 16384)
 2 APPPATH\Config\Routes\UserRoutes.php(49): CodeIgniter\Router\RouteCollection->match([...], 'submit_review', 'ClientController::submit_review', [...])
 3 APPPATH\Config\Routes\UserRoutes.php(26): App\Config\Routes\UserRoutes::defineRoutes(Object(CodeIgniter\Router\RouteCollection))
 4 SYSTEMPATH\Router\RouteCollection.php(800): App\Config\Routes\UserRoutes::App\Config\Routes\{closure}(Object(CodeIgniter\Router\RouteCollection))
 5 APPPATH\Config\Routes\UserRoutes.php(25): CodeIgniter\Router\RouteCollection->group('{locale}', Object(Closure))
 6 APPPATH\Config\Routes.php(21): App\Config\Routes\UserRoutes::init(Object(CodeIgniter\Router\RouteCollection))
 7 SYSTEMPATH\Router\RouteCollection.php(340): require('C:\\xampp\\htdocs\\smartstore\\app\\Config\\Routes.php')
 8 SYSTEMPATH\CodeIgniter.php(823): CodeIgniter\Router\RouteCollection->loadRoutes()
 9 SYSTEMPATH\CodeIgniter.php(457): CodeIgniter\CodeIgniter->tryToRouteIt(null)
10 SYSTEMPATH\CodeIgniter.php(355): CodeIgniter\CodeIgniter->handleRequest(null, Object(Config\Cache), false)
11 SYSTEMPATH\Boot.php(325): CodeIgniter\CodeIgniter->run()
12 SYSTEMPATH\Boot.php(67): CodeIgniter\Boot::runCodeIgniter(Object(CodeIgniter\CodeIgniter))
13 FCPATH\index.php(63): CodeIgniter\Boot::bootWeb(Object(Config\Paths))
WARNING - 2025-05-28 12:20:49 --> [DEPRECATED] Passing lowercase HTTP method "get" is deprecated. Use uppercase HTTP method like "GET". in SYSTEMPATH\Router\RouteCollection.php on line 1027.
 1 SYSTEMPATH\Router\RouteCollection.php(1027): trigger_error('Passing lowercase HTTP method "get" is deprecated. Use uppercase HTTP method like "GET".', 16384)
 2 APPPATH\Config\Routes\UserRoutes.php(63): CodeIgniter\Router\RouteCollection->match([...], 'track-order', 'OrderController::track_order', [...])
 3 APPPATH\Config\Routes\UserRoutes.php(26): App\Config\Routes\UserRoutes::defineRoutes(Object(CodeIgniter\Router\RouteCollection))
 4 SYSTEMPATH\Router\RouteCollection.php(800): App\Config\Routes\UserRoutes::App\Config\Routes\{closure}(Object(CodeIgniter\Router\RouteCollection))
 5 APPPATH\Config\Routes\UserRoutes.php(25): CodeIgniter\Router\RouteCollection->group('{locale}', Object(Closure))
 6 APPPATH\Config\Routes.php(21): App\Config\Routes\UserRoutes::init(Object(CodeIgniter\Router\RouteCollection))
 7 SYSTEMPATH\Router\RouteCollection.php(340): require('C:\\xampp\\htdocs\\smartstore\\app\\Config\\Routes.php')
 8 SYSTEMPATH\CodeIgniter.php(823): CodeIgniter\Router\RouteCollection->loadRoutes()
 9 SYSTEMPATH\CodeIgniter.php(457): CodeIgniter\CodeIgniter->tryToRouteIt(null)
10 SYSTEMPATH\CodeIgniter.php(355): CodeIgniter\CodeIgniter->handleRequest(null, Object(Config\Cache), false)
11 SYSTEMPATH\Boot.php(325): CodeIgniter\CodeIgniter->run()
12 SYSTEMPATH\Boot.php(67): CodeIgniter\Boot::runCodeIgniter(Object(CodeIgniter\CodeIgniter))
13 FCPATH\index.php(63): CodeIgniter\Boot::bootWeb(Object(Config\Paths))
WARNING - 2025-05-28 12:20:49 --> [DEPRECATED] Passing lowercase HTTP method "post" is deprecated. Use uppercase HTTP method like "POST". in SYSTEMPATH\Router\RouteCollection.php on line 1027.
 1 SYSTEMPATH\Router\RouteCollection.php(1027): trigger_error('Passing lowercase HTTP method "post" is deprecated. Use uppercase HTTP method like "POST".', 16384)
 2 APPPATH\Config\Routes\UserRoutes.php(63): CodeIgniter\Router\RouteCollection->match([...], 'track-order', 'OrderController::track_order', [...])
 3 APPPATH\Config\Routes\UserRoutes.php(26): App\Config\Routes\UserRoutes::defineRoutes(Object(CodeIgniter\Router\RouteCollection))
 4 SYSTEMPATH\Router\RouteCollection.php(800): App\Config\Routes\UserRoutes::App\Config\Routes\{closure}(Object(CodeIgniter\Router\RouteCollection))
 5 APPPATH\Config\Routes\UserRoutes.php(25): CodeIgniter\Router\RouteCollection->group('{locale}', Object(Closure))
 6 APPPATH\Config\Routes.php(21): App\Config\Routes\UserRoutes::init(Object(CodeIgniter\Router\RouteCollection))
 7 SYSTEMPATH\Router\RouteCollection.php(340): require('C:\\xampp\\htdocs\\smartstore\\app\\Config\\Routes.php')
 8 SYSTEMPATH\CodeIgniter.php(823): CodeIgniter\Router\RouteCollection->loadRoutes()
 9 SYSTEMPATH\CodeIgniter.php(457): CodeIgniter\CodeIgniter->tryToRouteIt(null)
10 SYSTEMPATH\CodeIgniter.php(355): CodeIgniter\CodeIgniter->handleRequest(null, Object(Config\Cache), false)
11 SYSTEMPATH\Boot.php(325): CodeIgniter\CodeIgniter->run()
12 SYSTEMPATH\Boot.php(67): CodeIgniter\Boot::runCodeIgniter(Object(CodeIgniter\CodeIgniter))
13 FCPATH\index.php(63): CodeIgniter\Boot::bootWeb(Object(Config\Paths))
INFO - 2025-05-28 12:20:49 --> Session: Class initialized using 'CodeIgniter\Session\Handlers\FileHandler' driver.
ERROR - 2025-05-28 12:20:53 --> Error connecting to the database: mysqli_sql_exception: No connection could be made because the target machine actively refused it in C:\xampp\htdocs\smartstore\system\Database\MySQLi\Connection.php:186
Stack trace:
#0 C:\xampp\htdocs\smartstore\system\Database\MySQLi\Connection.php(186): mysqli->real_connect('localhost', 'root', Object(SensitiveParameterValue), 'smartstore', 3306, '', 0)
#1 C:\xampp\htdocs\smartstore\system\Database\BaseConnection.php(421): CodeIgniter\Database\MySQLi\Connection->connect(false)
#2 C:\xampp\htdocs\smartstore\system\Database\BaseConnection.php(616): CodeIgniter\Database\BaseConnection->initialize()
#3 C:\xampp\htdocs\smartstore\system\Database\BaseConnection.php(1485): CodeIgniter\Database\BaseConnection->query('SHOW TABLES FRO...')
#4 C:\xampp\htdocs\smartstore\system\Database\BaseConnection.php(1505): CodeIgniter\Database\BaseConnection->listTables()
#5 C:\xampp\htdocs\smartstore\app\Helpers\db_helper.php(93): CodeIgniter\Database\BaseConnection->tableExists('languages_list')
#6 C:\xampp\htdocs\smartstore\app\Helpers\language_helper.php(50): db_get('id, code', 'languages_list', Array)
#7 C:\xampp\htdocs\smartstore\app\Helpers\language_helper.php(42): get_default_lang_code()
#8 C:\xampp\htdocs\smartstore\app\Controllers\Public\MyPublicController.php(28): current_locale()
#9 C:\xampp\htdocs\smartstore\app\Controllers\Public\MyPublicController.php(19): App\Controllers\Public\MyPublicController->get_language_info()
#10 C:\xampp\htdocs\smartstore\app\Controllers\Public\PageController.php(15): App\Controllers\Public\MyPublicController->__construct()
#11 C:\xampp\htdocs\smartstore\system\CodeIgniter.php(903): App\Controllers\Public\PageController->__construct()
#12 C:\xampp\htdocs\smartstore\system\CodeIgniter.php(500): CodeIgniter\CodeIgniter->createController()
#13 C:\xampp\htdocs\smartstore\system\CodeIgniter.php(355): CodeIgniter\CodeIgniter->handleRequest(NULL, Object(Config\Cache), false)
#14 C:\xampp\htdocs\smartstore\system\Boot.php(325): CodeIgniter\CodeIgniter->run()
#15 C:\xampp\htdocs\smartstore\system\Boot.php(67): CodeIgniter\Boot::runCodeIgniter(Object(CodeIgniter\CodeIgniter))
#16 C:\xampp\htdocs\smartstore\index.php(63): CodeIgniter\Boot::bootWeb(Object(Config\Paths))
#17 {main}

Next CodeIgniter\Database\Exceptions\DatabaseException: No connection could be made because the target machine actively refused it in C:\xampp\htdocs\smartstore\system\Database\MySQLi\Connection.php:231
Stack trace:
#0 C:\xampp\htdocs\smartstore\system\Database\BaseConnection.php(421): CodeIgniter\Database\MySQLi\Connection->connect(false)
#1 C:\xampp\htdocs\smartstore\system\Database\BaseConnection.php(616): CodeIgniter\Database\BaseConnection->initialize()
#2 C:\xampp\htdocs\smartstore\system\Database\BaseConnection.php(1485): CodeIgniter\Database\BaseConnection->query('SHOW TABLES FRO...')
#3 C:\xampp\htdocs\smartstore\system\Database\BaseConnection.php(1505): CodeIgniter\Database\BaseConnection->listTables()
#4 C:\xampp\htdocs\smartstore\app\Helpers\db_helper.php(93): CodeIgniter\Database\BaseConnection->tableExists('languages_list')
#5 C:\xampp\htdocs\smartstore\app\Helpers\language_helper.php(50): db_get('id, code', 'languages_list', Array)
#6 C:\xampp\htdocs\smartstore\app\Helpers\language_helper.php(42): get_default_lang_code()
#7 C:\xampp\htdocs\smartstore\app\Controllers\Public\MyPublicController.php(28): current_locale()
#8 C:\xampp\htdocs\smartstore\app\Controllers\Public\MyPublicController.php(19): App\Controllers\Public\MyPublicController->get_language_info()
#9 C:\xampp\htdocs\smartstore\app\Controllers\Public\PageController.php(15): App\Controllers\Public\MyPublicController->__construct()
#10 C:\xampp\htdocs\smartstore\system\CodeIgniter.php(903): App\Controllers\Public\PageController->__construct()
#11 C:\xampp\htdocs\smartstore\system\CodeIgniter.php(500): CodeIgniter\CodeIgniter->createController()
#12 C:\xampp\htdocs\smartstore\system\CodeIgniter.php(355): CodeIgniter\CodeIgniter->handleRequest(NULL, Object(Config\Cache), false)
#13 C:\xampp\htdocs\smartstore\system\Boot.php(325): CodeIgniter\CodeIgniter->run()
#14 C:\xampp\htdocs\smartstore\system\Boot.php(67): CodeIgniter\Boot::runCodeIgniter(Object(CodeIgniter\CodeIgniter))
#15 C:\xampp\htdocs\smartstore\index.php(63): CodeIgniter\Boot::bootWeb(Object(Config\Paths))
#16 {main}
CRITICAL - 2025-05-28 12:20:53 --> CodeIgniter\Database\Exceptions\DatabaseException: Unable to connect to the database.
Main connection [MySQLi]: No connection could be made because the target machine actively refused it
[Method: GET, Route: buy-instagram-followers]
in SYSTEMPATH\Database\BaseConnection.php on line 467.
 1 SYSTEMPATH\Database\BaseConnection.php(616): CodeIgniter\Database\BaseConnection->initialize()
 2 SYSTEMPATH\Database\BaseConnection.php(1485): CodeIgniter\Database\BaseConnection->query('SHOW TABLES FROM `smartstore`')
 3 SYSTEMPATH\Database\BaseConnection.php(1505): CodeIgniter\Database\BaseConnection->listTables()
 4 APPPATH\Helpers\db_helper.php(93): CodeIgniter\Database\BaseConnection->tableExists('languages_list')
 5 APPPATH\Helpers\language_helper.php(50): db_get('id, code', 'languages_list', [...])
 6 APPPATH\Helpers\language_helper.php(42): get_default_lang_code()
 7 APPPATH\Controllers\Public\MyPublicController.php(28): current_locale()
 8 APPPATH\Controllers\Public\MyPublicController.php(19): App\Controllers\Public\MyPublicController->get_language_info()
 9 APPPATH\Controllers\Public\PageController.php(15): App\Controllers\Public\MyPublicController->__construct()
10 SYSTEMPATH\CodeIgniter.php(903): App\Controllers\Public\PageController->__construct()
11 SYSTEMPATH\CodeIgniter.php(500): CodeIgniter\CodeIgniter->createController()
12 SYSTEMPATH\CodeIgniter.php(355): CodeIgniter\CodeIgniter->handleRequest(null, Object(Config\Cache), false)
13 SYSTEMPATH\Boot.php(325): CodeIgniter\CodeIgniter->run()
14 SYSTEMPATH\Boot.php(67): CodeIgniter\Boot::runCodeIgniter(Object(CodeIgniter\CodeIgniter))
15 FCPATH\index.php(63): CodeIgniter\Boot::bootWeb(Object(Config\Paths))
WARNING - 2025-05-28 12:21:00 --> [DEPRECATED] Passing lowercase HTTP method "get" is deprecated. Use uppercase HTTP method like "GET". in SYSTEMPATH\Router\RouteCollection.php on line 1027.
 1 SYSTEMPATH\Router\RouteCollection.php(1027): trigger_error('Passing lowercase HTTP method "get" is deprecated. Use uppercase HTTP method like "GET".', 16384)
 2 APPPATH\Config\Routes\AdminRoutes.php(65): CodeIgniter\Router\RouteCollection->match([...], 'send_test_mail', 'SettingsController::send_test_mail')
 3 SYSTEMPATH\Router\RouteCollection.php(800): App\Config\Routes\AdminRoutes::App\Config\Routes\{closure}(Object(CodeIgniter\Router\RouteCollection))
 4 APPPATH\Config\Routes\AdminRoutes.php(63): CodeIgniter\Router\RouteCollection->group('settings', [...], Object(Closure))
 5 SYSTEMPATH\Router\RouteCollection.php(800): App\Config\Routes\AdminRoutes::App\Config\Routes\{closure}(Object(CodeIgniter\Router\RouteCollection))
 6 APPPATH\Config\Routes\AdminRoutes.php(28): CodeIgniter\Router\RouteCollection->group('admin', [...], Object(Closure))
 7 APPPATH\Config\Routes.php(20): App\Config\Routes\AdminRoutes::init(Object(CodeIgniter\Router\RouteCollection))
 8 SYSTEMPATH\Router\RouteCollection.php(340): require('C:\\xampp\\htdocs\\smartstore\\app\\Config\\Routes.php')
 9 SYSTEMPATH\CodeIgniter.php(823): CodeIgniter\Router\RouteCollection->loadRoutes()
10 SYSTEMPATH\CodeIgniter.php(457): CodeIgniter\CodeIgniter->tryToRouteIt(null)
11 SYSTEMPATH\CodeIgniter.php(355): CodeIgniter\CodeIgniter->handleRequest(null, Object(Config\Cache), false)
12 SYSTEMPATH\Boot.php(325): CodeIgniter\CodeIgniter->run()
13 SYSTEMPATH\Boot.php(67): CodeIgniter\Boot::runCodeIgniter(Object(CodeIgniter\CodeIgniter))
14 FCPATH\index.php(63): CodeIgniter\Boot::bootWeb(Object(Config\Paths))
WARNING - 2025-05-28 12:21:00 --> [DEPRECATED] Passing lowercase HTTP method "post" is deprecated. Use uppercase HTTP method like "POST". in SYSTEMPATH\Router\RouteCollection.php on line 1027.
 1 SYSTEMPATH\Router\RouteCollection.php(1027): trigger_error('Passing lowercase HTTP method "post" is deprecated. Use uppercase HTTP method like "POST".', 16384)
 2 APPPATH\Config\Routes\AdminRoutes.php(65): CodeIgniter\Router\RouteCollection->match([...], 'send_test_mail', 'SettingsController::send_test_mail')
 3 SYSTEMPATH\Router\RouteCollection.php(800): App\Config\Routes\AdminRoutes::App\Config\Routes\{closure}(Object(CodeIgniter\Router\RouteCollection))
 4 APPPATH\Config\Routes\AdminRoutes.php(63): CodeIgniter\Router\RouteCollection->group('settings', [...], Object(Closure))
 5 SYSTEMPATH\Router\RouteCollection.php(800): App\Config\Routes\AdminRoutes::App\Config\Routes\{closure}(Object(CodeIgniter\Router\RouteCollection))
 6 APPPATH\Config\Routes\AdminRoutes.php(28): CodeIgniter\Router\RouteCollection->group('admin', [...], Object(Closure))
 7 APPPATH\Config\Routes.php(20): App\Config\Routes\AdminRoutes::init(Object(CodeIgniter\Router\RouteCollection))
 8 SYSTEMPATH\Router\RouteCollection.php(340): require('C:\\xampp\\htdocs\\smartstore\\app\\Config\\Routes.php')
 9 SYSTEMPATH\CodeIgniter.php(823): CodeIgniter\Router\RouteCollection->loadRoutes()
10 SYSTEMPATH\CodeIgniter.php(457): CodeIgniter\CodeIgniter->tryToRouteIt(null)
11 SYSTEMPATH\CodeIgniter.php(355): CodeIgniter\CodeIgniter->handleRequest(null, Object(Config\Cache), false)
12 SYSTEMPATH\Boot.php(325): CodeIgniter\CodeIgniter->run()
13 SYSTEMPATH\Boot.php(67): CodeIgniter\Boot::runCodeIgniter(Object(CodeIgniter\CodeIgniter))
14 FCPATH\index.php(63): CodeIgniter\Boot::bootWeb(Object(Config\Paths))
WARNING - 2025-05-28 12:21:00 --> [DEPRECATED] Passing lowercase HTTP method "get" is deprecated. Use uppercase HTTP method like "GET". in SYSTEMPATH\Router\RouteCollection.php on line 1027.
 1 SYSTEMPATH\Router\RouteCollection.php(1027): trigger_error('Passing lowercase HTTP method "get" is deprecated. Use uppercase HTTP method like "GET".', 16384)
 2 APPPATH\Config\Routes\AdminRoutes.php(76): CodeIgniter\Router\RouteCollection->match([...], 'elfinder_connector', 'FilemanagerController::elfinder_connector')
 3 SYSTEMPATH\Router\RouteCollection.php(800): App\Config\Routes\AdminRoutes::App\Config\Routes\{closure}(Object(CodeIgniter\Router\RouteCollection))
 4 APPPATH\Config\Routes\AdminRoutes.php(73): CodeIgniter\Router\RouteCollection->group('filemanager', [...], Object(Closure))
 5 SYSTEMPATH\Router\RouteCollection.php(800): App\Config\Routes\AdminRoutes::App\Config\Routes\{closure}(Object(CodeIgniter\Router\RouteCollection))
 6 APPPATH\Config\Routes\AdminRoutes.php(28): CodeIgniter\Router\RouteCollection->group('admin', [...], Object(Closure))
 7 APPPATH\Config\Routes.php(20): App\Config\Routes\AdminRoutes::init(Object(CodeIgniter\Router\RouteCollection))
 8 SYSTEMPATH\Router\RouteCollection.php(340): require('C:\\xampp\\htdocs\\smartstore\\app\\Config\\Routes.php')
 9 SYSTEMPATH\CodeIgniter.php(823): CodeIgniter\Router\RouteCollection->loadRoutes()
10 SYSTEMPATH\CodeIgniter.php(457): CodeIgniter\CodeIgniter->tryToRouteIt(null)
11 SYSTEMPATH\CodeIgniter.php(355): CodeIgniter\CodeIgniter->handleRequest(null, Object(Config\Cache), false)
12 SYSTEMPATH\Boot.php(325): CodeIgniter\CodeIgniter->run()
13 SYSTEMPATH\Boot.php(67): CodeIgniter\Boot::runCodeIgniter(Object(CodeIgniter\CodeIgniter))
14 FCPATH\index.php(63): CodeIgniter\Boot::bootWeb(Object(Config\Paths))
WARNING - 2025-05-28 12:21:00 --> [DEPRECATED] Passing lowercase HTTP method "post" is deprecated. Use uppercase HTTP method like "POST". in SYSTEMPATH\Router\RouteCollection.php on line 1027.
 1 SYSTEMPATH\Router\RouteCollection.php(1027): trigger_error('Passing lowercase HTTP method "post" is deprecated. Use uppercase HTTP method like "POST".', 16384)
 2 APPPATH\Config\Routes\AdminRoutes.php(76): CodeIgniter\Router\RouteCollection->match([...], 'elfinder_connector', 'FilemanagerController::elfinder_connector')
 3 SYSTEMPATH\Router\RouteCollection.php(800): App\Config\Routes\AdminRoutes::App\Config\Routes\{closure}(Object(CodeIgniter\Router\RouteCollection))
 4 APPPATH\Config\Routes\AdminRoutes.php(73): CodeIgniter\Router\RouteCollection->group('filemanager', [...], Object(Closure))
 5 SYSTEMPATH\Router\RouteCollection.php(800): App\Config\Routes\AdminRoutes::App\Config\Routes\{closure}(Object(CodeIgniter\Router\RouteCollection))
 6 APPPATH\Config\Routes\AdminRoutes.php(28): CodeIgniter\Router\RouteCollection->group('admin', [...], Object(Closure))
 7 APPPATH\Config\Routes.php(20): App\Config\Routes\AdminRoutes::init(Object(CodeIgniter\Router\RouteCollection))
 8 SYSTEMPATH\Router\RouteCollection.php(340): require('C:\\xampp\\htdocs\\smartstore\\app\\Config\\Routes.php')
 9 SYSTEMPATH\CodeIgniter.php(823): CodeIgniter\Router\RouteCollection->loadRoutes()
10 SYSTEMPATH\CodeIgniter.php(457): CodeIgniter\CodeIgniter->tryToRouteIt(null)
11 SYSTEMPATH\CodeIgniter.php(355): CodeIgniter\CodeIgniter->handleRequest(null, Object(Config\Cache), false)
12 SYSTEMPATH\Boot.php(325): CodeIgniter\CodeIgniter->run()
13 SYSTEMPATH\Boot.php(67): CodeIgniter\Boot::runCodeIgniter(Object(CodeIgniter\CodeIgniter))
14 FCPATH\index.php(63): CodeIgniter\Boot::bootWeb(Object(Config\Paths))
WARNING - 2025-05-28 12:21:00 --> [DEPRECATED] Passing lowercase HTTP method "get" is deprecated. Use uppercase HTTP method like "GET". in SYSTEMPATH\Router\RouteCollection.php on line 1027.
 1 SYSTEMPATH\Router\RouteCollection.php(1027): trigger_error('Passing lowercase HTTP method "get" is deprecated. Use uppercase HTTP method like "GET".', 16384)
 2 APPPATH\Config\Routes\AdminRoutes.php(172): CodeIgniter\Router\RouteCollection->match([...], 'sync_services/?(:num)?', 'ProvidersController::sync_services/$1')
 3 SYSTEMPATH\Router\RouteCollection.php(800): App\Config\Routes\AdminRoutes::App\Config\Routes\{closure}(Object(CodeIgniter\Router\RouteCollection))
 4 APPPATH\Config\Routes\AdminRoutes.php(167): CodeIgniter\Router\RouteCollection->group('providers', [...], Object(Closure))
 5 SYSTEMPATH\Router\RouteCollection.php(800): App\Config\Routes\AdminRoutes::App\Config\Routes\{closure}(Object(CodeIgniter\Router\RouteCollection))
 6 APPPATH\Config\Routes\AdminRoutes.php(28): CodeIgniter\Router\RouteCollection->group('admin', [...], Object(Closure))
 7 APPPATH\Config\Routes.php(20): App\Config\Routes\AdminRoutes::init(Object(CodeIgniter\Router\RouteCollection))
 8 SYSTEMPATH\Router\RouteCollection.php(340): require('C:\\xampp\\htdocs\\smartstore\\app\\Config\\Routes.php')
 9 SYSTEMPATH\CodeIgniter.php(823): CodeIgniter\Router\RouteCollection->loadRoutes()
10 SYSTEMPATH\CodeIgniter.php(457): CodeIgniter\CodeIgniter->tryToRouteIt(null)
11 SYSTEMPATH\CodeIgniter.php(355): CodeIgniter\CodeIgniter->handleRequest(null, Object(Config\Cache), false)
12 SYSTEMPATH\Boot.php(325): CodeIgniter\CodeIgniter->run()
13 SYSTEMPATH\Boot.php(67): CodeIgniter\Boot::runCodeIgniter(Object(CodeIgniter\CodeIgniter))
14 FCPATH\index.php(63): CodeIgniter\Boot::bootWeb(Object(Config\Paths))
WARNING - 2025-05-28 12:21:00 --> [DEPRECATED] Passing lowercase HTTP method "post" is deprecated. Use uppercase HTTP method like "POST". in SYSTEMPATH\Router\RouteCollection.php on line 1027.
 1 SYSTEMPATH\Router\RouteCollection.php(1027): trigger_error('Passing lowercase HTTP method "post" is deprecated. Use uppercase HTTP method like "POST".', 16384)
 2 APPPATH\Config\Routes\AdminRoutes.php(172): CodeIgniter\Router\RouteCollection->match([...], 'sync_services/?(:num)?', 'ProvidersController::sync_services/$1')
 3 SYSTEMPATH\Router\RouteCollection.php(800): App\Config\Routes\AdminRoutes::App\Config\Routes\{closure}(Object(CodeIgniter\Router\RouteCollection))
 4 APPPATH\Config\Routes\AdminRoutes.php(167): CodeIgniter\Router\RouteCollection->group('providers', [...], Object(Closure))
 5 SYSTEMPATH\Router\RouteCollection.php(800): App\Config\Routes\AdminRoutes::App\Config\Routes\{closure}(Object(CodeIgniter\Router\RouteCollection))
 6 APPPATH\Config\Routes\AdminRoutes.php(28): CodeIgniter\Router\RouteCollection->group('admin', [...], Object(Closure))
 7 APPPATH\Config\Routes.php(20): App\Config\Routes\AdminRoutes::init(Object(CodeIgniter\Router\RouteCollection))
 8 SYSTEMPATH\Router\RouteCollection.php(340): require('C:\\xampp\\htdocs\\smartstore\\app\\Config\\Routes.php')
 9 SYSTEMPATH\CodeIgniter.php(823): CodeIgniter\Router\RouteCollection->loadRoutes()
10 SYSTEMPATH\CodeIgniter.php(457): CodeIgniter\CodeIgniter->tryToRouteIt(null)
11 SYSTEMPATH\CodeIgniter.php(355): CodeIgniter\CodeIgniter->handleRequest(null, Object(Config\Cache), false)
12 SYSTEMPATH\Boot.php(325): CodeIgniter\CodeIgniter->run()
13 SYSTEMPATH\Boot.php(67): CodeIgniter\Boot::runCodeIgniter(Object(CodeIgniter\CodeIgniter))
14 FCPATH\index.php(63): CodeIgniter\Boot::bootWeb(Object(Config\Paths))
WARNING - 2025-05-28 12:21:00 --> [DEPRECATED] Passing lowercase HTTP method "get" is deprecated. Use uppercase HTTP method like "GET". in SYSTEMPATH\Router\RouteCollection.php on line 1027.
 1 SYSTEMPATH\Router\RouteCollection.php(1027): trigger_error('Passing lowercase HTTP method "get" is deprecated. Use uppercase HTTP method like "GET".', 16384)
 2 APPPATH\Config\Routes\AdminRoutes.php(185): CodeIgniter\Router\RouteCollection->match([...], 'add_note/?(:num)?', 'UsersController::add_note/$1')
 3 SYSTEMPATH\Router\RouteCollection.php(800): App\Config\Routes\AdminRoutes::App\Config\Routes\{closure}(Object(CodeIgniter\Router\RouteCollection))
 4 APPPATH\Config\Routes\AdminRoutes.php(182): CodeIgniter\Router\RouteCollection->group('users', [...], Object(Closure))
 5 SYSTEMPATH\Router\RouteCollection.php(800): App\Config\Routes\AdminRoutes::App\Config\Routes\{closure}(Object(CodeIgniter\Router\RouteCollection))
 6 APPPATH\Config\Routes\AdminRoutes.php(28): CodeIgniter\Router\RouteCollection->group('admin', [...], Object(Closure))
 7 APPPATH\Config\Routes.php(20): App\Config\Routes\AdminRoutes::init(Object(CodeIgniter\Router\RouteCollection))
 8 SYSTEMPATH\Router\RouteCollection.php(340): require('C:\\xampp\\htdocs\\smartstore\\app\\Config\\Routes.php')
 9 SYSTEMPATH\CodeIgniter.php(823): CodeIgniter\Router\RouteCollection->loadRoutes()
10 SYSTEMPATH\CodeIgniter.php(457): CodeIgniter\CodeIgniter->tryToRouteIt(null)
11 SYSTEMPATH\CodeIgniter.php(355): CodeIgniter\CodeIgniter->handleRequest(null, Object(Config\Cache), false)
12 SYSTEMPATH\Boot.php(325): CodeIgniter\CodeIgniter->run()
13 SYSTEMPATH\Boot.php(67): CodeIgniter\Boot::runCodeIgniter(Object(CodeIgniter\CodeIgniter))
14 FCPATH\index.php(63): CodeIgniter\Boot::bootWeb(Object(Config\Paths))
WARNING - 2025-05-28 12:21:00 --> [DEPRECATED] Passing lowercase HTTP method "post" is deprecated. Use uppercase HTTP method like "POST". in SYSTEMPATH\Router\RouteCollection.php on line 1027.
 1 SYSTEMPATH\Router\RouteCollection.php(1027): trigger_error('Passing lowercase HTTP method "post" is deprecated. Use uppercase HTTP method like "POST".', 16384)
 2 APPPATH\Config\Routes\AdminRoutes.php(185): CodeIgniter\Router\RouteCollection->match([...], 'add_note/?(:num)?', 'UsersController::add_note/$1')
 3 SYSTEMPATH\Router\RouteCollection.php(800): App\Config\Routes\AdminRoutes::App\Config\Routes\{closure}(Object(CodeIgniter\Router\RouteCollection))
 4 APPPATH\Config\Routes\AdminRoutes.php(182): CodeIgniter\Router\RouteCollection->group('users', [...], Object(Closure))
 5 SYSTEMPATH\Router\RouteCollection.php(800): App\Config\Routes\AdminRoutes::App\Config\Routes\{closure}(Object(CodeIgniter\Router\RouteCollection))
 6 APPPATH\Config\Routes\AdminRoutes.php(28): CodeIgniter\Router\RouteCollection->group('admin', [...], Object(Closure))
 7 APPPATH\Config\Routes.php(20): App\Config\Routes\AdminRoutes::init(Object(CodeIgniter\Router\RouteCollection))
 8 SYSTEMPATH\Router\RouteCollection.php(340): require('C:\\xampp\\htdocs\\smartstore\\app\\Config\\Routes.php')
 9 SYSTEMPATH\CodeIgniter.php(823): CodeIgniter\Router\RouteCollection->loadRoutes()
10 SYSTEMPATH\CodeIgniter.php(457): CodeIgniter\CodeIgniter->tryToRouteIt(null)
11 SYSTEMPATH\CodeIgniter.php(355): CodeIgniter\CodeIgniter->handleRequest(null, Object(Config\Cache), false)
12 SYSTEMPATH\Boot.php(325): CodeIgniter\CodeIgniter->run()
13 SYSTEMPATH\Boot.php(67): CodeIgniter\Boot::runCodeIgniter(Object(CodeIgniter\CodeIgniter))
14 FCPATH\index.php(63): CodeIgniter\Boot::bootWeb(Object(Config\Paths))
WARNING - 2025-05-28 12:21:00 --> [DEPRECATED] Passing lowercase HTTP method "get" is deprecated. Use uppercase HTTP method like "GET". in SYSTEMPATH\Router\RouteCollection.php on line 1027.
 1 SYSTEMPATH\Router\RouteCollection.php(1027): trigger_error('Passing lowercase HTTP method "get" is deprecated. Use uppercase HTTP method like "GET".', 16384)
 2 APPPATH\Config\Routes\AdminRoutes.php(186): CodeIgniter\Router\RouteCollection->match([...], 'send_mail/?(:num)?', 'UsersController::send_mail/$1')
 3 SYSTEMPATH\Router\RouteCollection.php(800): App\Config\Routes\AdminRoutes::App\Config\Routes\{closure}(Object(CodeIgniter\Router\RouteCollection))
 4 APPPATH\Config\Routes\AdminRoutes.php(182): CodeIgniter\Router\RouteCollection->group('users', [...], Object(Closure))
 5 SYSTEMPATH\Router\RouteCollection.php(800): App\Config\Routes\AdminRoutes::App\Config\Routes\{closure}(Object(CodeIgniter\Router\RouteCollection))
 6 APPPATH\Config\Routes\AdminRoutes.php(28): CodeIgniter\Router\RouteCollection->group('admin', [...], Object(Closure))
 7 APPPATH\Config\Routes.php(20): App\Config\Routes\AdminRoutes::init(Object(CodeIgniter\Router\RouteCollection))
 8 SYSTEMPATH\Router\RouteCollection.php(340): require('C:\\xampp\\htdocs\\smartstore\\app\\Config\\Routes.php')
 9 SYSTEMPATH\CodeIgniter.php(823): CodeIgniter\Router\RouteCollection->loadRoutes()
10 SYSTEMPATH\CodeIgniter.php(457): CodeIgniter\CodeIgniter->tryToRouteIt(null)
11 SYSTEMPATH\CodeIgniter.php(355): CodeIgniter\CodeIgniter->handleRequest(null, Object(Config\Cache), false)
12 SYSTEMPATH\Boot.php(325): CodeIgniter\CodeIgniter->run()
13 SYSTEMPATH\Boot.php(67): CodeIgniter\Boot::runCodeIgniter(Object(CodeIgniter\CodeIgniter))
14 FCPATH\index.php(63): CodeIgniter\Boot::bootWeb(Object(Config\Paths))
WARNING - 2025-05-28 12:21:00 --> [DEPRECATED] Passing lowercase HTTP method "post" is deprecated. Use uppercase HTTP method like "POST". in SYSTEMPATH\Router\RouteCollection.php on line 1027.
 1 SYSTEMPATH\Router\RouteCollection.php(1027): trigger_error('Passing lowercase HTTP method "post" is deprecated. Use uppercase HTTP method like "POST".', 16384)
 2 APPPATH\Config\Routes\AdminRoutes.php(186): CodeIgniter\Router\RouteCollection->match([...], 'send_mail/?(:num)?', 'UsersController::send_mail/$1')
 3 SYSTEMPATH\Router\RouteCollection.php(800): App\Config\Routes\AdminRoutes::App\Config\Routes\{closure}(Object(CodeIgniter\Router\RouteCollection))
 4 APPPATH\Config\Routes\AdminRoutes.php(182): CodeIgniter\Router\RouteCollection->group('users', [...], Object(Closure))
 5 SYSTEMPATH\Router\RouteCollection.php(800): App\Config\Routes\AdminRoutes::App\Config\Routes\{closure}(Object(CodeIgniter\Router\RouteCollection))
 6 APPPATH\Config\Routes\AdminRoutes.php(28): CodeIgniter\Router\RouteCollection->group('admin', [...], Object(Closure))
 7 APPPATH\Config\Routes.php(20): App\Config\Routes\AdminRoutes::init(Object(CodeIgniter\Router\RouteCollection))
 8 SYSTEMPATH\Router\RouteCollection.php(340): require('C:\\xampp\\htdocs\\smartstore\\app\\Config\\Routes.php')
 9 SYSTEMPATH\CodeIgniter.php(823): CodeIgniter\Router\RouteCollection->loadRoutes()
10 SYSTEMPATH\CodeIgniter.php(457): CodeIgniter\CodeIgniter->tryToRouteIt(null)
11 SYSTEMPATH\CodeIgniter.php(355): CodeIgniter\CodeIgniter->handleRequest(null, Object(Config\Cache), false)
12 SYSTEMPATH\Boot.php(325): CodeIgniter\CodeIgniter->run()
13 SYSTEMPATH\Boot.php(67): CodeIgniter\Boot::runCodeIgniter(Object(CodeIgniter\CodeIgniter))
14 FCPATH\index.php(63): CodeIgniter\Boot::bootWeb(Object(Config\Paths))
WARNING - 2025-05-28 12:21:00 --> [DEPRECATED] Passing lowercase HTTP method "get" is deprecated. Use uppercase HTTP method like "GET". in SYSTEMPATH\Router\RouteCollection.php on line 1027.
 1 SYSTEMPATH\Router\RouteCollection.php(1027): trigger_error('Passing lowercase HTTP method "get" is deprecated. Use uppercase HTTP method like "GET".', 16384)
 2 APPPATH\Config\Routes\AdminRoutes.php(215): CodeIgniter\Router\RouteCollection->match([...], 'send_mail/?(:num)?', 'TicketsController::send_mail/$1')
 3 SYSTEMPATH\Router\RouteCollection.php(800): App\Config\Routes\AdminRoutes::App\Config\Routes\{closure}(Object(CodeIgniter\Router\RouteCollection))
 4 APPPATH\Config\Routes\AdminRoutes.php(212): CodeIgniter\Router\RouteCollection->group('tickets', [...], Object(Closure))
 5 SYSTEMPATH\Router\RouteCollection.php(800): App\Config\Routes\AdminRoutes::App\Config\Routes\{closure}(Object(CodeIgniter\Router\RouteCollection))
 6 APPPATH\Config\Routes\AdminRoutes.php(28): CodeIgniter\Router\RouteCollection->group('admin', [...], Object(Closure))
 7 APPPATH\Config\Routes.php(20): App\Config\Routes\AdminRoutes::init(Object(CodeIgniter\Router\RouteCollection))
 8 SYSTEMPATH\Router\RouteCollection.php(340): require('C:\\xampp\\htdocs\\smartstore\\app\\Config\\Routes.php')
 9 SYSTEMPATH\CodeIgniter.php(823): CodeIgniter\Router\RouteCollection->loadRoutes()
10 SYSTEMPATH\CodeIgniter.php(457): CodeIgniter\CodeIgniter->tryToRouteIt(null)
11 SYSTEMPATH\CodeIgniter.php(355): CodeIgniter\CodeIgniter->handleRequest(null, Object(Config\Cache), false)
12 SYSTEMPATH\Boot.php(325): CodeIgniter\CodeIgniter->run()
13 SYSTEMPATH\Boot.php(67): CodeIgniter\Boot::runCodeIgniter(Object(CodeIgniter\CodeIgniter))
14 FCPATH\index.php(63): CodeIgniter\Boot::bootWeb(Object(Config\Paths))
WARNING - 2025-05-28 12:21:00 --> [DEPRECATED] Passing lowercase HTTP method "post" is deprecated. Use uppercase HTTP method like "POST". in SYSTEMPATH\Router\RouteCollection.php on line 1027.
 1 SYSTEMPATH\Router\RouteCollection.php(1027): trigger_error('Passing lowercase HTTP method "post" is deprecated. Use uppercase HTTP method like "POST".', 16384)
 2 APPPATH\Config\Routes\AdminRoutes.php(215): CodeIgniter\Router\RouteCollection->match([...], 'send_mail/?(:num)?', 'TicketsController::send_mail/$1')
 3 SYSTEMPATH\Router\RouteCollection.php(800): App\Config\Routes\AdminRoutes::App\Config\Routes\{closure}(Object(CodeIgniter\Router\RouteCollection))
 4 APPPATH\Config\Routes\AdminRoutes.php(212): CodeIgniter\Router\RouteCollection->group('tickets', [...], Object(Closure))
 5 SYSTEMPATH\Router\RouteCollection.php(800): App\Config\Routes\AdminRoutes::App\Config\Routes\{closure}(Object(CodeIgniter\Router\RouteCollection))
 6 APPPATH\Config\Routes\AdminRoutes.php(28): CodeIgniter\Router\RouteCollection->group('admin', [...], Object(Closure))
 7 APPPATH\Config\Routes.php(20): App\Config\Routes\AdminRoutes::init(Object(CodeIgniter\Router\RouteCollection))
 8 SYSTEMPATH\Router\RouteCollection.php(340): require('C:\\xampp\\htdocs\\smartstore\\app\\Config\\Routes.php')
 9 SYSTEMPATH\CodeIgniter.php(823): CodeIgniter\Router\RouteCollection->loadRoutes()
10 SYSTEMPATH\CodeIgniter.php(457): CodeIgniter\CodeIgniter->tryToRouteIt(null)
11 SYSTEMPATH\CodeIgniter.php(355): CodeIgniter\CodeIgniter->handleRequest(null, Object(Config\Cache), false)
12 SYSTEMPATH\Boot.php(325): CodeIgniter\CodeIgniter->run()
13 SYSTEMPATH\Boot.php(67): CodeIgniter\Boot::runCodeIgniter(Object(CodeIgniter\CodeIgniter))
14 FCPATH\index.php(63): CodeIgniter\Boot::bootWeb(Object(Config\Paths))
WARNING - 2025-05-28 12:21:00 --> [DEPRECATED] Passing lowercase HTTP method "get" is deprecated. Use uppercase HTTP method like "GET". in SYSTEMPATH\Router\RouteCollection.php on line 1027.
 1 SYSTEMPATH\Router\RouteCollection.php(1027): trigger_error('Passing lowercase HTTP method "get" is deprecated. Use uppercase HTTP method like "GET".', 16384)
 2 APPPATH\Config\Routes\UserRoutes.php(49): CodeIgniter\Router\RouteCollection->match([...], 'submit_review', 'ClientController::submit_review', [...])
 3 APPPATH\Config\Routes\UserRoutes.php(23): App\Config\Routes\UserRoutes::defineRoutes(Object(CodeIgniter\Router\RouteCollection))
 4 APPPATH\Config\Routes.php(21): App\Config\Routes\UserRoutes::init(Object(CodeIgniter\Router\RouteCollection))
 5 SYSTEMPATH\Router\RouteCollection.php(340): require('C:\\xampp\\htdocs\\smartstore\\app\\Config\\Routes.php')
 6 SYSTEMPATH\CodeIgniter.php(823): CodeIgniter\Router\RouteCollection->loadRoutes()
 7 SYSTEMPATH\CodeIgniter.php(457): CodeIgniter\CodeIgniter->tryToRouteIt(null)
 8 SYSTEMPATH\CodeIgniter.php(355): CodeIgniter\CodeIgniter->handleRequest(null, Object(Config\Cache), false)
 9 SYSTEMPATH\Boot.php(325): CodeIgniter\CodeIgniter->run()
10 SYSTEMPATH\Boot.php(67): CodeIgniter\Boot::runCodeIgniter(Object(CodeIgniter\CodeIgniter))
11 FCPATH\index.php(63): CodeIgniter\Boot::bootWeb(Object(Config\Paths))
WARNING - 2025-05-28 12:21:00 --> [DEPRECATED] Passing lowercase HTTP method "post" is deprecated. Use uppercase HTTP method like "POST". in SYSTEMPATH\Router\RouteCollection.php on line 1027.
 1 SYSTEMPATH\Router\RouteCollection.php(1027): trigger_error('Passing lowercase HTTP method "post" is deprecated. Use uppercase HTTP method like "POST".', 16384)
 2 APPPATH\Config\Routes\UserRoutes.php(49): CodeIgniter\Router\RouteCollection->match([...], 'submit_review', 'ClientController::submit_review', [...])
 3 APPPATH\Config\Routes\UserRoutes.php(23): App\Config\Routes\UserRoutes::defineRoutes(Object(CodeIgniter\Router\RouteCollection))
 4 APPPATH\Config\Routes.php(21): App\Config\Routes\UserRoutes::init(Object(CodeIgniter\Router\RouteCollection))
 5 SYSTEMPATH\Router\RouteCollection.php(340): require('C:\\xampp\\htdocs\\smartstore\\app\\Config\\Routes.php')
 6 SYSTEMPATH\CodeIgniter.php(823): CodeIgniter\Router\RouteCollection->loadRoutes()
 7 SYSTEMPATH\CodeIgniter.php(457): CodeIgniter\CodeIgniter->tryToRouteIt(null)
 8 SYSTEMPATH\CodeIgniter.php(355): CodeIgniter\CodeIgniter->handleRequest(null, Object(Config\Cache), false)
 9 SYSTEMPATH\Boot.php(325): CodeIgniter\CodeIgniter->run()
10 SYSTEMPATH\Boot.php(67): CodeIgniter\Boot::runCodeIgniter(Object(CodeIgniter\CodeIgniter))
11 FCPATH\index.php(63): CodeIgniter\Boot::bootWeb(Object(Config\Paths))
WARNING - 2025-05-28 12:21:00 --> [DEPRECATED] Passing lowercase HTTP method "get" is deprecated. Use uppercase HTTP method like "GET". in SYSTEMPATH\Router\RouteCollection.php on line 1027.
 1 SYSTEMPATH\Router\RouteCollection.php(1027): trigger_error('Passing lowercase HTTP method "get" is deprecated. Use uppercase HTTP method like "GET".', 16384)
 2 APPPATH\Config\Routes\UserRoutes.php(63): CodeIgniter\Router\RouteCollection->match([...], 'track-order', 'OrderController::track_order', [...])
 3 APPPATH\Config\Routes\UserRoutes.php(23): App\Config\Routes\UserRoutes::defineRoutes(Object(CodeIgniter\Router\RouteCollection))
 4 APPPATH\Config\Routes.php(21): App\Config\Routes\UserRoutes::init(Object(CodeIgniter\Router\RouteCollection))
 5 SYSTEMPATH\Router\RouteCollection.php(340): require('C:\\xampp\\htdocs\\smartstore\\app\\Config\\Routes.php')
 6 SYSTEMPATH\CodeIgniter.php(823): CodeIgniter\Router\RouteCollection->loadRoutes()
 7 SYSTEMPATH\CodeIgniter.php(457): CodeIgniter\CodeIgniter->tryToRouteIt(null)
 8 SYSTEMPATH\CodeIgniter.php(355): CodeIgniter\CodeIgniter->handleRequest(null, Object(Config\Cache), false)
 9 SYSTEMPATH\Boot.php(325): CodeIgniter\CodeIgniter->run()
10 SYSTEMPATH\Boot.php(67): CodeIgniter\Boot::runCodeIgniter(Object(CodeIgniter\CodeIgniter))
11 FCPATH\index.php(63): CodeIgniter\Boot::bootWeb(Object(Config\Paths))
WARNING - 2025-05-28 12:21:00 --> [DEPRECATED] Passing lowercase HTTP method "post" is deprecated. Use uppercase HTTP method like "POST". in SYSTEMPATH\Router\RouteCollection.php on line 1027.
 1 SYSTEMPATH\Router\RouteCollection.php(1027): trigger_error('Passing lowercase HTTP method "post" is deprecated. Use uppercase HTTP method like "POST".', 16384)
 2 APPPATH\Config\Routes\UserRoutes.php(63): CodeIgniter\Router\RouteCollection->match([...], 'track-order', 'OrderController::track_order', [...])
 3 APPPATH\Config\Routes\UserRoutes.php(23): App\Config\Routes\UserRoutes::defineRoutes(Object(CodeIgniter\Router\RouteCollection))
 4 APPPATH\Config\Routes.php(21): App\Config\Routes\UserRoutes::init(Object(CodeIgniter\Router\RouteCollection))
 5 SYSTEMPATH\Router\RouteCollection.php(340): require('C:\\xampp\\htdocs\\smartstore\\app\\Config\\Routes.php')
 6 SYSTEMPATH\CodeIgniter.php(823): CodeIgniter\Router\RouteCollection->loadRoutes()
 7 SYSTEMPATH\CodeIgniter.php(457): CodeIgniter\CodeIgniter->tryToRouteIt(null)
 8 SYSTEMPATH\CodeIgniter.php(355): CodeIgniter\CodeIgniter->handleRequest(null, Object(Config\Cache), false)
 9 SYSTEMPATH\Boot.php(325): CodeIgniter\CodeIgniter->run()
10 SYSTEMPATH\Boot.php(67): CodeIgniter\Boot::runCodeIgniter(Object(CodeIgniter\CodeIgniter))
11 FCPATH\index.php(63): CodeIgniter\Boot::bootWeb(Object(Config\Paths))
WARNING - 2025-05-28 12:21:00 --> [DEPRECATED] Passing lowercase HTTP method "get" is deprecated. Use uppercase HTTP method like "GET". in SYSTEMPATH\Router\RouteCollection.php on line 1027.
 1 SYSTEMPATH\Router\RouteCollection.php(1027): trigger_error('Passing lowercase HTTP method "get" is deprecated. Use uppercase HTTP method like "GET".', 16384)
 2 APPPATH\Config\Routes\UserRoutes.php(49): CodeIgniter\Router\RouteCollection->match([...], 'submit_review', 'ClientController::submit_review', [...])
 3 APPPATH\Config\Routes\UserRoutes.php(26): App\Config\Routes\UserRoutes::defineRoutes(Object(CodeIgniter\Router\RouteCollection))
 4 SYSTEMPATH\Router\RouteCollection.php(800): App\Config\Routes\UserRoutes::App\Config\Routes\{closure}(Object(CodeIgniter\Router\RouteCollection))
 5 APPPATH\Config\Routes\UserRoutes.php(25): CodeIgniter\Router\RouteCollection->group('{locale}', Object(Closure))
 6 APPPATH\Config\Routes.php(21): App\Config\Routes\UserRoutes::init(Object(CodeIgniter\Router\RouteCollection))
 7 SYSTEMPATH\Router\RouteCollection.php(340): require('C:\\xampp\\htdocs\\smartstore\\app\\Config\\Routes.php')
 8 SYSTEMPATH\CodeIgniter.php(823): CodeIgniter\Router\RouteCollection->loadRoutes()
 9 SYSTEMPATH\CodeIgniter.php(457): CodeIgniter\CodeIgniter->tryToRouteIt(null)
10 SYSTEMPATH\CodeIgniter.php(355): CodeIgniter\CodeIgniter->handleRequest(null, Object(Config\Cache), false)
11 SYSTEMPATH\Boot.php(325): CodeIgniter\CodeIgniter->run()
12 SYSTEMPATH\Boot.php(67): CodeIgniter\Boot::runCodeIgniter(Object(CodeIgniter\CodeIgniter))
13 FCPATH\index.php(63): CodeIgniter\Boot::bootWeb(Object(Config\Paths))
WARNING - 2025-05-28 12:21:00 --> [DEPRECATED] Passing lowercase HTTP method "post" is deprecated. Use uppercase HTTP method like "POST". in SYSTEMPATH\Router\RouteCollection.php on line 1027.
 1 SYSTEMPATH\Router\RouteCollection.php(1027): trigger_error('Passing lowercase HTTP method "post" is deprecated. Use uppercase HTTP method like "POST".', 16384)
 2 APPPATH\Config\Routes\UserRoutes.php(49): CodeIgniter\Router\RouteCollection->match([...], 'submit_review', 'ClientController::submit_review', [...])
 3 APPPATH\Config\Routes\UserRoutes.php(26): App\Config\Routes\UserRoutes::defineRoutes(Object(CodeIgniter\Router\RouteCollection))
 4 SYSTEMPATH\Router\RouteCollection.php(800): App\Config\Routes\UserRoutes::App\Config\Routes\{closure}(Object(CodeIgniter\Router\RouteCollection))
 5 APPPATH\Config\Routes\UserRoutes.php(25): CodeIgniter\Router\RouteCollection->group('{locale}', Object(Closure))
 6 APPPATH\Config\Routes.php(21): App\Config\Routes\UserRoutes::init(Object(CodeIgniter\Router\RouteCollection))
 7 SYSTEMPATH\Router\RouteCollection.php(340): require('C:\\xampp\\htdocs\\smartstore\\app\\Config\\Routes.php')
 8 SYSTEMPATH\CodeIgniter.php(823): CodeIgniter\Router\RouteCollection->loadRoutes()
 9 SYSTEMPATH\CodeIgniter.php(457): CodeIgniter\CodeIgniter->tryToRouteIt(null)
10 SYSTEMPATH\CodeIgniter.php(355): CodeIgniter\CodeIgniter->handleRequest(null, Object(Config\Cache), false)
11 SYSTEMPATH\Boot.php(325): CodeIgniter\CodeIgniter->run()
12 SYSTEMPATH\Boot.php(67): CodeIgniter\Boot::runCodeIgniter(Object(CodeIgniter\CodeIgniter))
13 FCPATH\index.php(63): CodeIgniter\Boot::bootWeb(Object(Config\Paths))
WARNING - 2025-05-28 12:21:00 --> [DEPRECATED] Passing lowercase HTTP method "get" is deprecated. Use uppercase HTTP method like "GET". in SYSTEMPATH\Router\RouteCollection.php on line 1027.
 1 SYSTEMPATH\Router\RouteCollection.php(1027): trigger_error('Passing lowercase HTTP method "get" is deprecated. Use uppercase HTTP method like "GET".', 16384)
 2 APPPATH\Config\Routes\UserRoutes.php(63): CodeIgniter\Router\RouteCollection->match([...], 'track-order', 'OrderController::track_order', [...])
 3 APPPATH\Config\Routes\UserRoutes.php(26): App\Config\Routes\UserRoutes::defineRoutes(Object(CodeIgniter\Router\RouteCollection))
 4 SYSTEMPATH\Router\RouteCollection.php(800): App\Config\Routes\UserRoutes::App\Config\Routes\{closure}(Object(CodeIgniter\Router\RouteCollection))
 5 APPPATH\Config\Routes\UserRoutes.php(25): CodeIgniter\Router\RouteCollection->group('{locale}', Object(Closure))
 6 APPPATH\Config\Routes.php(21): App\Config\Routes\UserRoutes::init(Object(CodeIgniter\Router\RouteCollection))
 7 SYSTEMPATH\Router\RouteCollection.php(340): require('C:\\xampp\\htdocs\\smartstore\\app\\Config\\Routes.php')
 8 SYSTEMPATH\CodeIgniter.php(823): CodeIgniter\Router\RouteCollection->loadRoutes()
 9 SYSTEMPATH\CodeIgniter.php(457): CodeIgniter\CodeIgniter->tryToRouteIt(null)
10 SYSTEMPATH\CodeIgniter.php(355): CodeIgniter\CodeIgniter->handleRequest(null, Object(Config\Cache), false)
11 SYSTEMPATH\Boot.php(325): CodeIgniter\CodeIgniter->run()
12 SYSTEMPATH\Boot.php(67): CodeIgniter\Boot::runCodeIgniter(Object(CodeIgniter\CodeIgniter))
13 FCPATH\index.php(63): CodeIgniter\Boot::bootWeb(Object(Config\Paths))
WARNING - 2025-05-28 12:21:00 --> [DEPRECATED] Passing lowercase HTTP method "post" is deprecated. Use uppercase HTTP method like "POST". in SYSTEMPATH\Router\RouteCollection.php on line 1027.
 1 SYSTEMPATH\Router\RouteCollection.php(1027): trigger_error('Passing lowercase HTTP method "post" is deprecated. Use uppercase HTTP method like "POST".', 16384)
 2 APPPATH\Config\Routes\UserRoutes.php(63): CodeIgniter\Router\RouteCollection->match([...], 'track-order', 'OrderController::track_order', [...])
 3 APPPATH\Config\Routes\UserRoutes.php(26): App\Config\Routes\UserRoutes::defineRoutes(Object(CodeIgniter\Router\RouteCollection))
 4 SYSTEMPATH\Router\RouteCollection.php(800): App\Config\Routes\UserRoutes::App\Config\Routes\{closure}(Object(CodeIgniter\Router\RouteCollection))
 5 APPPATH\Config\Routes\UserRoutes.php(25): CodeIgniter\Router\RouteCollection->group('{locale}', Object(Closure))
 6 APPPATH\Config\Routes.php(21): App\Config\Routes\UserRoutes::init(Object(CodeIgniter\Router\RouteCollection))
 7 SYSTEMPATH\Router\RouteCollection.php(340): require('C:\\xampp\\htdocs\\smartstore\\app\\Config\\Routes.php')
 8 SYSTEMPATH\CodeIgniter.php(823): CodeIgniter\Router\RouteCollection->loadRoutes()
 9 SYSTEMPATH\CodeIgniter.php(457): CodeIgniter\CodeIgniter->tryToRouteIt(null)
10 SYSTEMPATH\CodeIgniter.php(355): CodeIgniter\CodeIgniter->handleRequest(null, Object(Config\Cache), false)
11 SYSTEMPATH\Boot.php(325): CodeIgniter\CodeIgniter->run()
12 SYSTEMPATH\Boot.php(67): CodeIgniter\Boot::runCodeIgniter(Object(CodeIgniter\CodeIgniter))
13 FCPATH\index.php(63): CodeIgniter\Boot::bootWeb(Object(Config\Paths))
INFO - 2025-05-28 12:21:00 --> Session: Class initialized using 'CodeIgniter\Session\Handlers\FileHandler' driver.
WARNING - 2025-05-28 12:21:00 --> [DEPRECATED] Creation of dynamic property App\Controllers\Public\PageController::$load_files is deprecated in APPPATH\Controllers\Public\PageController.php on line 21.
 1 SYSTEMPATH\CodeIgniter.php(903): App\Controllers\Public\PageController->__construct()
 2 SYSTEMPATH\CodeIgniter.php(500): CodeIgniter\CodeIgniter->createController()
 3 SYSTEMPATH\CodeIgniter.php(355): CodeIgniter\CodeIgniter->handleRequest(null, Object(Config\Cache), false)
 4 SYSTEMPATH\Boot.php(325): CodeIgniter\CodeIgniter->run()
 5 SYSTEMPATH\Boot.php(67): CodeIgniter\Boot::runCodeIgniter(Object(CodeIgniter\CodeIgniter))
 6 FCPATH\index.php(63): CodeIgniter\Boot::bootWeb(Object(Config\Paths))
WARNING - 2025-05-28 12:21:00 --> [DEPRECATED] Creation of dynamic property App\Controllers\Public\PageController::$page_title is deprecated in APPPATH\Controllers\Public\PageController.php on line 22.
 1 SYSTEMPATH\CodeIgniter.php(903): App\Controllers\Public\PageController->__construct()
 2 SYSTEMPATH\CodeIgniter.php(500): CodeIgniter\CodeIgniter->createController()
 3 SYSTEMPATH\CodeIgniter.php(355): CodeIgniter\CodeIgniter->handleRequest(null, Object(Config\Cache), false)
 4 SYSTEMPATH\Boot.php(325): CodeIgniter\CodeIgniter->run()
 5 SYSTEMPATH\Boot.php(67): CodeIgniter\Boot::runCodeIgniter(Object(CodeIgniter\CodeIgniter))
 6 FCPATH\index.php(63): CodeIgniter\Boot::bootWeb(Object(Config\Paths))
WARNING - 2025-05-28 12:41:43 --> [DEPRECATED] Passing lowercase HTTP method "get" is deprecated. Use uppercase HTTP method like "GET". in SYSTEMPATH\Router\RouteCollection.php on line 1027.
 1 SYSTEMPATH\Router\RouteCollection.php(1027): trigger_error('Passing lowercase HTTP method "get" is deprecated. Use uppercase HTTP method like "GET".', 16384)
 2 APPPATH\Config\Routes\AdminRoutes.php(65): CodeIgniter\Router\RouteCollection->match([...], 'send_test_mail', 'SettingsController::send_test_mail')
 3 SYSTEMPATH\Router\RouteCollection.php(800): App\Config\Routes\AdminRoutes::App\Config\Routes\{closure}(Object(CodeIgniter\Router\RouteCollection))
 4 APPPATH\Config\Routes\AdminRoutes.php(63): CodeIgniter\Router\RouteCollection->group('settings', [...], Object(Closure))
 5 SYSTEMPATH\Router\RouteCollection.php(800): App\Config\Routes\AdminRoutes::App\Config\Routes\{closure}(Object(CodeIgniter\Router\RouteCollection))
 6 APPPATH\Config\Routes\AdminRoutes.php(28): CodeIgniter\Router\RouteCollection->group('admin', [...], Object(Closure))
 7 APPPATH\Config\Routes.php(20): App\Config\Routes\AdminRoutes::init(Object(CodeIgniter\Router\RouteCollection))
 8 SYSTEMPATH\Router\RouteCollection.php(340): require('C:\\xampp\\htdocs\\smartstore\\app\\Config\\Routes.php')
 9 SYSTEMPATH\CodeIgniter.php(823): CodeIgniter\Router\RouteCollection->loadRoutes()
10 SYSTEMPATH\CodeIgniter.php(457): CodeIgniter\CodeIgniter->tryToRouteIt(null)
11 SYSTEMPATH\CodeIgniter.php(355): CodeIgniter\CodeIgniter->handleRequest(null, Object(Config\Cache), false)
12 SYSTEMPATH\Boot.php(325): CodeIgniter\CodeIgniter->run()
13 SYSTEMPATH\Boot.php(67): CodeIgniter\Boot::runCodeIgniter(Object(CodeIgniter\CodeIgniter))
14 FCPATH\index.php(63): CodeIgniter\Boot::bootWeb(Object(Config\Paths))
WARNING - 2025-05-28 12:41:43 --> [DEPRECATED] Passing lowercase HTTP method "post" is deprecated. Use uppercase HTTP method like "POST". in SYSTEMPATH\Router\RouteCollection.php on line 1027.
 1 SYSTEMPATH\Router\RouteCollection.php(1027): trigger_error('Passing lowercase HTTP method "post" is deprecated. Use uppercase HTTP method like "POST".', 16384)
 2 APPPATH\Config\Routes\AdminRoutes.php(65): CodeIgniter\Router\RouteCollection->match([...], 'send_test_mail', 'SettingsController::send_test_mail')
 3 SYSTEMPATH\Router\RouteCollection.php(800): App\Config\Routes\AdminRoutes::App\Config\Routes\{closure}(Object(CodeIgniter\Router\RouteCollection))
 4 APPPATH\Config\Routes\AdminRoutes.php(63): CodeIgniter\Router\RouteCollection->group('settings', [...], Object(Closure))
 5 SYSTEMPATH\Router\RouteCollection.php(800): App\Config\Routes\AdminRoutes::App\Config\Routes\{closure}(Object(CodeIgniter\Router\RouteCollection))
 6 APPPATH\Config\Routes\AdminRoutes.php(28): CodeIgniter\Router\RouteCollection->group('admin', [...], Object(Closure))
 7 APPPATH\Config\Routes.php(20): App\Config\Routes\AdminRoutes::init(Object(CodeIgniter\Router\RouteCollection))
 8 SYSTEMPATH\Router\RouteCollection.php(340): require('C:\\xampp\\htdocs\\smartstore\\app\\Config\\Routes.php')
 9 SYSTEMPATH\CodeIgniter.php(823): CodeIgniter\Router\RouteCollection->loadRoutes()
10 SYSTEMPATH\CodeIgniter.php(457): CodeIgniter\CodeIgniter->tryToRouteIt(null)
11 SYSTEMPATH\CodeIgniter.php(355): CodeIgniter\CodeIgniter->handleRequest(null, Object(Config\Cache), false)
12 SYSTEMPATH\Boot.php(325): CodeIgniter\CodeIgniter->run()
13 SYSTEMPATH\Boot.php(67): CodeIgniter\Boot::runCodeIgniter(Object(CodeIgniter\CodeIgniter))
14 FCPATH\index.php(63): CodeIgniter\Boot::bootWeb(Object(Config\Paths))
WARNING - 2025-05-28 12:41:43 --> [DEPRECATED] Passing lowercase HTTP method "get" is deprecated. Use uppercase HTTP method like "GET". in SYSTEMPATH\Router\RouteCollection.php on line 1027.
 1 SYSTEMPATH\Router\RouteCollection.php(1027): trigger_error('Passing lowercase HTTP method "get" is deprecated. Use uppercase HTTP method like "GET".', 16384)
 2 APPPATH\Config\Routes\AdminRoutes.php(76): CodeIgniter\Router\RouteCollection->match([...], 'elfinder_connector', 'FilemanagerController::elfinder_connector')
 3 SYSTEMPATH\Router\RouteCollection.php(800): App\Config\Routes\AdminRoutes::App\Config\Routes\{closure}(Object(CodeIgniter\Router\RouteCollection))
 4 APPPATH\Config\Routes\AdminRoutes.php(73): CodeIgniter\Router\RouteCollection->group('filemanager', [...], Object(Closure))
 5 SYSTEMPATH\Router\RouteCollection.php(800): App\Config\Routes\AdminRoutes::App\Config\Routes\{closure}(Object(CodeIgniter\Router\RouteCollection))
 6 APPPATH\Config\Routes\AdminRoutes.php(28): CodeIgniter\Router\RouteCollection->group('admin', [...], Object(Closure))
 7 APPPATH\Config\Routes.php(20): App\Config\Routes\AdminRoutes::init(Object(CodeIgniter\Router\RouteCollection))
 8 SYSTEMPATH\Router\RouteCollection.php(340): require('C:\\xampp\\htdocs\\smartstore\\app\\Config\\Routes.php')
 9 SYSTEMPATH\CodeIgniter.php(823): CodeIgniter\Router\RouteCollection->loadRoutes()
10 SYSTEMPATH\CodeIgniter.php(457): CodeIgniter\CodeIgniter->tryToRouteIt(null)
11 SYSTEMPATH\CodeIgniter.php(355): CodeIgniter\CodeIgniter->handleRequest(null, Object(Config\Cache), false)
12 SYSTEMPATH\Boot.php(325): CodeIgniter\CodeIgniter->run()
13 SYSTEMPATH\Boot.php(67): CodeIgniter\Boot::runCodeIgniter(Object(CodeIgniter\CodeIgniter))
14 FCPATH\index.php(63): CodeIgniter\Boot::bootWeb(Object(Config\Paths))
WARNING - 2025-05-28 12:41:43 --> [DEPRECATED] Passing lowercase HTTP method "post" is deprecated. Use uppercase HTTP method like "POST". in SYSTEMPATH\Router\RouteCollection.php on line 1027.
 1 SYSTEMPATH\Router\RouteCollection.php(1027): trigger_error('Passing lowercase HTTP method "post" is deprecated. Use uppercase HTTP method like "POST".', 16384)
 2 APPPATH\Config\Routes\AdminRoutes.php(76): CodeIgniter\Router\RouteCollection->match([...], 'elfinder_connector', 'FilemanagerController::elfinder_connector')
 3 SYSTEMPATH\Router\RouteCollection.php(800): App\Config\Routes\AdminRoutes::App\Config\Routes\{closure}(Object(CodeIgniter\Router\RouteCollection))
 4 APPPATH\Config\Routes\AdminRoutes.php(73): CodeIgniter\Router\RouteCollection->group('filemanager', [...], Object(Closure))
 5 SYSTEMPATH\Router\RouteCollection.php(800): App\Config\Routes\AdminRoutes::App\Config\Routes\{closure}(Object(CodeIgniter\Router\RouteCollection))
 6 APPPATH\Config\Routes\AdminRoutes.php(28): CodeIgniter\Router\RouteCollection->group('admin', [...], Object(Closure))
 7 APPPATH\Config\Routes.php(20): App\Config\Routes\AdminRoutes::init(Object(CodeIgniter\Router\RouteCollection))
 8 SYSTEMPATH\Router\RouteCollection.php(340): require('C:\\xampp\\htdocs\\smartstore\\app\\Config\\Routes.php')
 9 SYSTEMPATH\CodeIgniter.php(823): CodeIgniter\Router\RouteCollection->loadRoutes()
10 SYSTEMPATH\CodeIgniter.php(457): CodeIgniter\CodeIgniter->tryToRouteIt(null)
11 SYSTEMPATH\CodeIgniter.php(355): CodeIgniter\CodeIgniter->handleRequest(null, Object(Config\Cache), false)
12 SYSTEMPATH\Boot.php(325): CodeIgniter\CodeIgniter->run()
13 SYSTEMPATH\Boot.php(67): CodeIgniter\Boot::runCodeIgniter(Object(CodeIgniter\CodeIgniter))
14 FCPATH\index.php(63): CodeIgniter\Boot::bootWeb(Object(Config\Paths))
WARNING - 2025-05-28 12:41:43 --> [DEPRECATED] Passing lowercase HTTP method "get" is deprecated. Use uppercase HTTP method like "GET". in SYSTEMPATH\Router\RouteCollection.php on line 1027.
 1 SYSTEMPATH\Router\RouteCollection.php(1027): trigger_error('Passing lowercase HTTP method "get" is deprecated. Use uppercase HTTP method like "GET".', 16384)
 2 APPPATH\Config\Routes\AdminRoutes.php(172): CodeIgniter\Router\RouteCollection->match([...], 'sync_services/?(:num)?', 'ProvidersController::sync_services/$1')
 3 SYSTEMPATH\Router\RouteCollection.php(800): App\Config\Routes\AdminRoutes::App\Config\Routes\{closure}(Object(CodeIgniter\Router\RouteCollection))
 4 APPPATH\Config\Routes\AdminRoutes.php(167): CodeIgniter\Router\RouteCollection->group('providers', [...], Object(Closure))
 5 SYSTEMPATH\Router\RouteCollection.php(800): App\Config\Routes\AdminRoutes::App\Config\Routes\{closure}(Object(CodeIgniter\Router\RouteCollection))
 6 APPPATH\Config\Routes\AdminRoutes.php(28): CodeIgniter\Router\RouteCollection->group('admin', [...], Object(Closure))
 7 APPPATH\Config\Routes.php(20): App\Config\Routes\AdminRoutes::init(Object(CodeIgniter\Router\RouteCollection))
 8 SYSTEMPATH\Router\RouteCollection.php(340): require('C:\\xampp\\htdocs\\smartstore\\app\\Config\\Routes.php')
 9 SYSTEMPATH\CodeIgniter.php(823): CodeIgniter\Router\RouteCollection->loadRoutes()
10 SYSTEMPATH\CodeIgniter.php(457): CodeIgniter\CodeIgniter->tryToRouteIt(null)
11 SYSTEMPATH\CodeIgniter.php(355): CodeIgniter\CodeIgniter->handleRequest(null, Object(Config\Cache), false)
12 SYSTEMPATH\Boot.php(325): CodeIgniter\CodeIgniter->run()
13 SYSTEMPATH\Boot.php(67): CodeIgniter\Boot::runCodeIgniter(Object(CodeIgniter\CodeIgniter))
14 FCPATH\index.php(63): CodeIgniter\Boot::bootWeb(Object(Config\Paths))
WARNING - 2025-05-28 12:41:43 --> [DEPRECATED] Passing lowercase HTTP method "post" is deprecated. Use uppercase HTTP method like "POST". in SYSTEMPATH\Router\RouteCollection.php on line 1027.
 1 SYSTEMPATH\Router\RouteCollection.php(1027): trigger_error('Passing lowercase HTTP method "post" is deprecated. Use uppercase HTTP method like "POST".', 16384)
 2 APPPATH\Config\Routes\AdminRoutes.php(172): CodeIgniter\Router\RouteCollection->match([...], 'sync_services/?(:num)?', 'ProvidersController::sync_services/$1')
 3 SYSTEMPATH\Router\RouteCollection.php(800): App\Config\Routes\AdminRoutes::App\Config\Routes\{closure}(Object(CodeIgniter\Router\RouteCollection))
 4 APPPATH\Config\Routes\AdminRoutes.php(167): CodeIgniter\Router\RouteCollection->group('providers', [...], Object(Closure))
 5 SYSTEMPATH\Router\RouteCollection.php(800): App\Config\Routes\AdminRoutes::App\Config\Routes\{closure}(Object(CodeIgniter\Router\RouteCollection))
 6 APPPATH\Config\Routes\AdminRoutes.php(28): CodeIgniter\Router\RouteCollection->group('admin', [...], Object(Closure))
 7 APPPATH\Config\Routes.php(20): App\Config\Routes\AdminRoutes::init(Object(CodeIgniter\Router\RouteCollection))
 8 SYSTEMPATH\Router\RouteCollection.php(340): require('C:\\xampp\\htdocs\\smartstore\\app\\Config\\Routes.php')
 9 SYSTEMPATH\CodeIgniter.php(823): CodeIgniter\Router\RouteCollection->loadRoutes()
10 SYSTEMPATH\CodeIgniter.php(457): CodeIgniter\CodeIgniter->tryToRouteIt(null)
11 SYSTEMPATH\CodeIgniter.php(355): CodeIgniter\CodeIgniter->handleRequest(null, Object(Config\Cache), false)
12 SYSTEMPATH\Boot.php(325): CodeIgniter\CodeIgniter->run()
13 SYSTEMPATH\Boot.php(67): CodeIgniter\Boot::runCodeIgniter(Object(CodeIgniter\CodeIgniter))
14 FCPATH\index.php(63): CodeIgniter\Boot::bootWeb(Object(Config\Paths))
WARNING - 2025-05-28 12:41:43 --> [DEPRECATED] Passing lowercase HTTP method "get" is deprecated. Use uppercase HTTP method like "GET". in SYSTEMPATH\Router\RouteCollection.php on line 1027.
 1 SYSTEMPATH\Router\RouteCollection.php(1027): trigger_error('Passing lowercase HTTP method "get" is deprecated. Use uppercase HTTP method like "GET".', 16384)
 2 APPPATH\Config\Routes\AdminRoutes.php(185): CodeIgniter\Router\RouteCollection->match([...], 'add_note/?(:num)?', 'UsersController::add_note/$1')
 3 SYSTEMPATH\Router\RouteCollection.php(800): App\Config\Routes\AdminRoutes::App\Config\Routes\{closure}(Object(CodeIgniter\Router\RouteCollection))
 4 APPPATH\Config\Routes\AdminRoutes.php(182): CodeIgniter\Router\RouteCollection->group('users', [...], Object(Closure))
 5 SYSTEMPATH\Router\RouteCollection.php(800): App\Config\Routes\AdminRoutes::App\Config\Routes\{closure}(Object(CodeIgniter\Router\RouteCollection))
 6 APPPATH\Config\Routes\AdminRoutes.php(28): CodeIgniter\Router\RouteCollection->group('admin', [...], Object(Closure))
 7 APPPATH\Config\Routes.php(20): App\Config\Routes\AdminRoutes::init(Object(CodeIgniter\Router\RouteCollection))
 8 SYSTEMPATH\Router\RouteCollection.php(340): require('C:\\xampp\\htdocs\\smartstore\\app\\Config\\Routes.php')
 9 SYSTEMPATH\CodeIgniter.php(823): CodeIgniter\Router\RouteCollection->loadRoutes()
10 SYSTEMPATH\CodeIgniter.php(457): CodeIgniter\CodeIgniter->tryToRouteIt(null)
11 SYSTEMPATH\CodeIgniter.php(355): CodeIgniter\CodeIgniter->handleRequest(null, Object(Config\Cache), false)
12 SYSTEMPATH\Boot.php(325): CodeIgniter\CodeIgniter->run()
13 SYSTEMPATH\Boot.php(67): CodeIgniter\Boot::runCodeIgniter(Object(CodeIgniter\CodeIgniter))
14 FCPATH\index.php(63): CodeIgniter\Boot::bootWeb(Object(Config\Paths))
WARNING - 2025-05-28 12:41:43 --> [DEPRECATED] Passing lowercase HTTP method "post" is deprecated. Use uppercase HTTP method like "POST". in SYSTEMPATH\Router\RouteCollection.php on line 1027.
 1 SYSTEMPATH\Router\RouteCollection.php(1027): trigger_error('Passing lowercase HTTP method "post" is deprecated. Use uppercase HTTP method like "POST".', 16384)
 2 APPPATH\Config\Routes\AdminRoutes.php(185): CodeIgniter\Router\RouteCollection->match([...], 'add_note/?(:num)?', 'UsersController::add_note/$1')
 3 SYSTEMPATH\Router\RouteCollection.php(800): App\Config\Routes\AdminRoutes::App\Config\Routes\{closure}(Object(CodeIgniter\Router\RouteCollection))
 4 APPPATH\Config\Routes\AdminRoutes.php(182): CodeIgniter\Router\RouteCollection->group('users', [...], Object(Closure))
 5 SYSTEMPATH\Router\RouteCollection.php(800): App\Config\Routes\AdminRoutes::App\Config\Routes\{closure}(Object(CodeIgniter\Router\RouteCollection))
 6 APPPATH\Config\Routes\AdminRoutes.php(28): CodeIgniter\Router\RouteCollection->group('admin', [...], Object(Closure))
 7 APPPATH\Config\Routes.php(20): App\Config\Routes\AdminRoutes::init(Object(CodeIgniter\Router\RouteCollection))
 8 SYSTEMPATH\Router\RouteCollection.php(340): require('C:\\xampp\\htdocs\\smartstore\\app\\Config\\Routes.php')
 9 SYSTEMPATH\CodeIgniter.php(823): CodeIgniter\Router\RouteCollection->loadRoutes()
10 SYSTEMPATH\CodeIgniter.php(457): CodeIgniter\CodeIgniter->tryToRouteIt(null)
11 SYSTEMPATH\CodeIgniter.php(355): CodeIgniter\CodeIgniter->handleRequest(null, Object(Config\Cache), false)
12 SYSTEMPATH\Boot.php(325): CodeIgniter\CodeIgniter->run()
13 SYSTEMPATH\Boot.php(67): CodeIgniter\Boot::runCodeIgniter(Object(CodeIgniter\CodeIgniter))
14 FCPATH\index.php(63): CodeIgniter\Boot::bootWeb(Object(Config\Paths))
WARNING - 2025-05-28 12:41:43 --> [DEPRECATED] Passing lowercase HTTP method "get" is deprecated. Use uppercase HTTP method like "GET". in SYSTEMPATH\Router\RouteCollection.php on line 1027.
 1 SYSTEMPATH\Router\RouteCollection.php(1027): trigger_error('Passing lowercase HTTP method "get" is deprecated. Use uppercase HTTP method like "GET".', 16384)
 2 APPPATH\Config\Routes\AdminRoutes.php(186): CodeIgniter\Router\RouteCollection->match([...], 'send_mail/?(:num)?', 'UsersController::send_mail/$1')
 3 SYSTEMPATH\Router\RouteCollection.php(800): App\Config\Routes\AdminRoutes::App\Config\Routes\{closure}(Object(CodeIgniter\Router\RouteCollection))
 4 APPPATH\Config\Routes\AdminRoutes.php(182): CodeIgniter\Router\RouteCollection->group('users', [...], Object(Closure))
 5 SYSTEMPATH\Router\RouteCollection.php(800): App\Config\Routes\AdminRoutes::App\Config\Routes\{closure}(Object(CodeIgniter\Router\RouteCollection))
 6 APPPATH\Config\Routes\AdminRoutes.php(28): CodeIgniter\Router\RouteCollection->group('admin', [...], Object(Closure))
 7 APPPATH\Config\Routes.php(20): App\Config\Routes\AdminRoutes::init(Object(CodeIgniter\Router\RouteCollection))
 8 SYSTEMPATH\Router\RouteCollection.php(340): require('C:\\xampp\\htdocs\\smartstore\\app\\Config\\Routes.php')
 9 SYSTEMPATH\CodeIgniter.php(823): CodeIgniter\Router\RouteCollection->loadRoutes()
10 SYSTEMPATH\CodeIgniter.php(457): CodeIgniter\CodeIgniter->tryToRouteIt(null)
11 SYSTEMPATH\CodeIgniter.php(355): CodeIgniter\CodeIgniter->handleRequest(null, Object(Config\Cache), false)
12 SYSTEMPATH\Boot.php(325): CodeIgniter\CodeIgniter->run()
13 SYSTEMPATH\Boot.php(67): CodeIgniter\Boot::runCodeIgniter(Object(CodeIgniter\CodeIgniter))
14 FCPATH\index.php(63): CodeIgniter\Boot::bootWeb(Object(Config\Paths))
WARNING - 2025-05-28 12:41:43 --> [DEPRECATED] Passing lowercase HTTP method "post" is deprecated. Use uppercase HTTP method like "POST". in SYSTEMPATH\Router\RouteCollection.php on line 1027.
 1 SYSTEMPATH\Router\RouteCollection.php(1027): trigger_error('Passing lowercase HTTP method "post" is deprecated. Use uppercase HTTP method like "POST".', 16384)
 2 APPPATH\Config\Routes\AdminRoutes.php(186): CodeIgniter\Router\RouteCollection->match([...], 'send_mail/?(:num)?', 'UsersController::send_mail/$1')
 3 SYSTEMPATH\Router\RouteCollection.php(800): App\Config\Routes\AdminRoutes::App\Config\Routes\{closure}(Object(CodeIgniter\Router\RouteCollection))
 4 APPPATH\Config\Routes\AdminRoutes.php(182): CodeIgniter\Router\RouteCollection->group('users', [...], Object(Closure))
 5 SYSTEMPATH\Router\RouteCollection.php(800): App\Config\Routes\AdminRoutes::App\Config\Routes\{closure}(Object(CodeIgniter\Router\RouteCollection))
 6 APPPATH\Config\Routes\AdminRoutes.php(28): CodeIgniter\Router\RouteCollection->group('admin', [...], Object(Closure))
 7 APPPATH\Config\Routes.php(20): App\Config\Routes\AdminRoutes::init(Object(CodeIgniter\Router\RouteCollection))
 8 SYSTEMPATH\Router\RouteCollection.php(340): require('C:\\xampp\\htdocs\\smartstore\\app\\Config\\Routes.php')
 9 SYSTEMPATH\CodeIgniter.php(823): CodeIgniter\Router\RouteCollection->loadRoutes()
10 SYSTEMPATH\CodeIgniter.php(457): CodeIgniter\CodeIgniter->tryToRouteIt(null)
11 SYSTEMPATH\CodeIgniter.php(355): CodeIgniter\CodeIgniter->handleRequest(null, Object(Config\Cache), false)
12 SYSTEMPATH\Boot.php(325): CodeIgniter\CodeIgniter->run()
13 SYSTEMPATH\Boot.php(67): CodeIgniter\Boot::runCodeIgniter(Object(CodeIgniter\CodeIgniter))
14 FCPATH\index.php(63): CodeIgniter\Boot::bootWeb(Object(Config\Paths))
WARNING - 2025-05-28 12:41:43 --> [DEPRECATED] Passing lowercase HTTP method "get" is deprecated. Use uppercase HTTP method like "GET". in SYSTEMPATH\Router\RouteCollection.php on line 1027.
 1 SYSTEMPATH\Router\RouteCollection.php(1027): trigger_error('Passing lowercase HTTP method "get" is deprecated. Use uppercase HTTP method like "GET".', 16384)
 2 APPPATH\Config\Routes\AdminRoutes.php(215): CodeIgniter\Router\RouteCollection->match([...], 'send_mail/?(:num)?', 'TicketsController::send_mail/$1')
 3 SYSTEMPATH\Router\RouteCollection.php(800): App\Config\Routes\AdminRoutes::App\Config\Routes\{closure}(Object(CodeIgniter\Router\RouteCollection))
 4 APPPATH\Config\Routes\AdminRoutes.php(212): CodeIgniter\Router\RouteCollection->group('tickets', [...], Object(Closure))
 5 SYSTEMPATH\Router\RouteCollection.php(800): App\Config\Routes\AdminRoutes::App\Config\Routes\{closure}(Object(CodeIgniter\Router\RouteCollection))
 6 APPPATH\Config\Routes\AdminRoutes.php(28): CodeIgniter\Router\RouteCollection->group('admin', [...], Object(Closure))
 7 APPPATH\Config\Routes.php(20): App\Config\Routes\AdminRoutes::init(Object(CodeIgniter\Router\RouteCollection))
 8 SYSTEMPATH\Router\RouteCollection.php(340): require('C:\\xampp\\htdocs\\smartstore\\app\\Config\\Routes.php')
 9 SYSTEMPATH\CodeIgniter.php(823): CodeIgniter\Router\RouteCollection->loadRoutes()
10 SYSTEMPATH\CodeIgniter.php(457): CodeIgniter\CodeIgniter->tryToRouteIt(null)
11 SYSTEMPATH\CodeIgniter.php(355): CodeIgniter\CodeIgniter->handleRequest(null, Object(Config\Cache), false)
12 SYSTEMPATH\Boot.php(325): CodeIgniter\CodeIgniter->run()
13 SYSTEMPATH\Boot.php(67): CodeIgniter\Boot::runCodeIgniter(Object(CodeIgniter\CodeIgniter))
14 FCPATH\index.php(63): CodeIgniter\Boot::bootWeb(Object(Config\Paths))
WARNING - 2025-05-28 12:41:43 --> [DEPRECATED] Passing lowercase HTTP method "post" is deprecated. Use uppercase HTTP method like "POST". in SYSTEMPATH\Router\RouteCollection.php on line 1027.
 1 SYSTEMPATH\Router\RouteCollection.php(1027): trigger_error('Passing lowercase HTTP method "post" is deprecated. Use uppercase HTTP method like "POST".', 16384)
 2 APPPATH\Config\Routes\AdminRoutes.php(215): CodeIgniter\Router\RouteCollection->match([...], 'send_mail/?(:num)?', 'TicketsController::send_mail/$1')
 3 SYSTEMPATH\Router\RouteCollection.php(800): App\Config\Routes\AdminRoutes::App\Config\Routes\{closure}(Object(CodeIgniter\Router\RouteCollection))
 4 APPPATH\Config\Routes\AdminRoutes.php(212): CodeIgniter\Router\RouteCollection->group('tickets', [...], Object(Closure))
 5 SYSTEMPATH\Router\RouteCollection.php(800): App\Config\Routes\AdminRoutes::App\Config\Routes\{closure}(Object(CodeIgniter\Router\RouteCollection))
 6 APPPATH\Config\Routes\AdminRoutes.php(28): CodeIgniter\Router\RouteCollection->group('admin', [...], Object(Closure))
 7 APPPATH\Config\Routes.php(20): App\Config\Routes\AdminRoutes::init(Object(CodeIgniter\Router\RouteCollection))
 8 SYSTEMPATH\Router\RouteCollection.php(340): require('C:\\xampp\\htdocs\\smartstore\\app\\Config\\Routes.php')
 9 SYSTEMPATH\CodeIgniter.php(823): CodeIgniter\Router\RouteCollection->loadRoutes()
10 SYSTEMPATH\CodeIgniter.php(457): CodeIgniter\CodeIgniter->tryToRouteIt(null)
11 SYSTEMPATH\CodeIgniter.php(355): CodeIgniter\CodeIgniter->handleRequest(null, Object(Config\Cache), false)
12 SYSTEMPATH\Boot.php(325): CodeIgniter\CodeIgniter->run()
13 SYSTEMPATH\Boot.php(67): CodeIgniter\Boot::runCodeIgniter(Object(CodeIgniter\CodeIgniter))
14 FCPATH\index.php(63): CodeIgniter\Boot::bootWeb(Object(Config\Paths))
WARNING - 2025-05-28 12:41:43 --> [DEPRECATED] Passing lowercase HTTP method "get" is deprecated. Use uppercase HTTP method like "GET". in SYSTEMPATH\Router\RouteCollection.php on line 1027.
 1 SYSTEMPATH\Router\RouteCollection.php(1027): trigger_error('Passing lowercase HTTP method "get" is deprecated. Use uppercase HTTP method like "GET".', 16384)
 2 APPPATH\Config\Routes\UserRoutes.php(49): CodeIgniter\Router\RouteCollection->match([...], 'submit_review', 'ClientController::submit_review', [...])
 3 APPPATH\Config\Routes\UserRoutes.php(23): App\Config\Routes\UserRoutes::defineRoutes(Object(CodeIgniter\Router\RouteCollection))
 4 APPPATH\Config\Routes.php(21): App\Config\Routes\UserRoutes::init(Object(CodeIgniter\Router\RouteCollection))
 5 SYSTEMPATH\Router\RouteCollection.php(340): require('C:\\xampp\\htdocs\\smartstore\\app\\Config\\Routes.php')
 6 SYSTEMPATH\CodeIgniter.php(823): CodeIgniter\Router\RouteCollection->loadRoutes()
 7 SYSTEMPATH\CodeIgniter.php(457): CodeIgniter\CodeIgniter->tryToRouteIt(null)
 8 SYSTEMPATH\CodeIgniter.php(355): CodeIgniter\CodeIgniter->handleRequest(null, Object(Config\Cache), false)
 9 SYSTEMPATH\Boot.php(325): CodeIgniter\CodeIgniter->run()
10 SYSTEMPATH\Boot.php(67): CodeIgniter\Boot::runCodeIgniter(Object(CodeIgniter\CodeIgniter))
11 FCPATH\index.php(63): CodeIgniter\Boot::bootWeb(Object(Config\Paths))
WARNING - 2025-05-28 12:41:43 --> [DEPRECATED] Passing lowercase HTTP method "post" is deprecated. Use uppercase HTTP method like "POST". in SYSTEMPATH\Router\RouteCollection.php on line 1027.
 1 SYSTEMPATH\Router\RouteCollection.php(1027): trigger_error('Passing lowercase HTTP method "post" is deprecated. Use uppercase HTTP method like "POST".', 16384)
 2 APPPATH\Config\Routes\UserRoutes.php(49): CodeIgniter\Router\RouteCollection->match([...], 'submit_review', 'ClientController::submit_review', [...])
 3 APPPATH\Config\Routes\UserRoutes.php(23): App\Config\Routes\UserRoutes::defineRoutes(Object(CodeIgniter\Router\RouteCollection))
 4 APPPATH\Config\Routes.php(21): App\Config\Routes\UserRoutes::init(Object(CodeIgniter\Router\RouteCollection))
 5 SYSTEMPATH\Router\RouteCollection.php(340): require('C:\\xampp\\htdocs\\smartstore\\app\\Config\\Routes.php')
 6 SYSTEMPATH\CodeIgniter.php(823): CodeIgniter\Router\RouteCollection->loadRoutes()
 7 SYSTEMPATH\CodeIgniter.php(457): CodeIgniter\CodeIgniter->tryToRouteIt(null)
 8 SYSTEMPATH\CodeIgniter.php(355): CodeIgniter\CodeIgniter->handleRequest(null, Object(Config\Cache), false)
 9 SYSTEMPATH\Boot.php(325): CodeIgniter\CodeIgniter->run()
10 SYSTEMPATH\Boot.php(67): CodeIgniter\Boot::runCodeIgniter(Object(CodeIgniter\CodeIgniter))
11 FCPATH\index.php(63): CodeIgniter\Boot::bootWeb(Object(Config\Paths))
WARNING - 2025-05-28 12:41:43 --> [DEPRECATED] Passing lowercase HTTP method "get" is deprecated. Use uppercase HTTP method like "GET". in SYSTEMPATH\Router\RouteCollection.php on line 1027.
 1 SYSTEMPATH\Router\RouteCollection.php(1027): trigger_error('Passing lowercase HTTP method "get" is deprecated. Use uppercase HTTP method like "GET".', 16384)
 2 APPPATH\Config\Routes\UserRoutes.php(63): CodeIgniter\Router\RouteCollection->match([...], 'track-order', 'OrderController::track_order', [...])
 3 APPPATH\Config\Routes\UserRoutes.php(23): App\Config\Routes\UserRoutes::defineRoutes(Object(CodeIgniter\Router\RouteCollection))
 4 APPPATH\Config\Routes.php(21): App\Config\Routes\UserRoutes::init(Object(CodeIgniter\Router\RouteCollection))
 5 SYSTEMPATH\Router\RouteCollection.php(340): require('C:\\xampp\\htdocs\\smartstore\\app\\Config\\Routes.php')
 6 SYSTEMPATH\CodeIgniter.php(823): CodeIgniter\Router\RouteCollection->loadRoutes()
 7 SYSTEMPATH\CodeIgniter.php(457): CodeIgniter\CodeIgniter->tryToRouteIt(null)
 8 SYSTEMPATH\CodeIgniter.php(355): CodeIgniter\CodeIgniter->handleRequest(null, Object(Config\Cache), false)
 9 SYSTEMPATH\Boot.php(325): CodeIgniter\CodeIgniter->run()
10 SYSTEMPATH\Boot.php(67): CodeIgniter\Boot::runCodeIgniter(Object(CodeIgniter\CodeIgniter))
11 FCPATH\index.php(63): CodeIgniter\Boot::bootWeb(Object(Config\Paths))
WARNING - 2025-05-28 12:41:43 --> [DEPRECATED] Passing lowercase HTTP method "post" is deprecated. Use uppercase HTTP method like "POST". in SYSTEMPATH\Router\RouteCollection.php on line 1027.
 1 SYSTEMPATH\Router\RouteCollection.php(1027): trigger_error('Passing lowercase HTTP method "post" is deprecated. Use uppercase HTTP method like "POST".', 16384)
 2 APPPATH\Config\Routes\UserRoutes.php(63): CodeIgniter\Router\RouteCollection->match([...], 'track-order', 'OrderController::track_order', [...])
 3 APPPATH\Config\Routes\UserRoutes.php(23): App\Config\Routes\UserRoutes::defineRoutes(Object(CodeIgniter\Router\RouteCollection))
 4 APPPATH\Config\Routes.php(21): App\Config\Routes\UserRoutes::init(Object(CodeIgniter\Router\RouteCollection))
 5 SYSTEMPATH\Router\RouteCollection.php(340): require('C:\\xampp\\htdocs\\smartstore\\app\\Config\\Routes.php')
 6 SYSTEMPATH\CodeIgniter.php(823): CodeIgniter\Router\RouteCollection->loadRoutes()
 7 SYSTEMPATH\CodeIgniter.php(457): CodeIgniter\CodeIgniter->tryToRouteIt(null)
 8 SYSTEMPATH\CodeIgniter.php(355): CodeIgniter\CodeIgniter->handleRequest(null, Object(Config\Cache), false)
 9 SYSTEMPATH\Boot.php(325): CodeIgniter\CodeIgniter->run()
10 SYSTEMPATH\Boot.php(67): CodeIgniter\Boot::runCodeIgniter(Object(CodeIgniter\CodeIgniter))
11 FCPATH\index.php(63): CodeIgniter\Boot::bootWeb(Object(Config\Paths))
WARNING - 2025-05-28 12:41:43 --> [DEPRECATED] Passing lowercase HTTP method "get" is deprecated. Use uppercase HTTP method like "GET". in SYSTEMPATH\Router\RouteCollection.php on line 1027.
 1 SYSTEMPATH\Router\RouteCollection.php(1027): trigger_error('Passing lowercase HTTP method "get" is deprecated. Use uppercase HTTP method like "GET".', 16384)
 2 APPPATH\Config\Routes\UserRoutes.php(49): CodeIgniter\Router\RouteCollection->match([...], 'submit_review', 'ClientController::submit_review', [...])
 3 APPPATH\Config\Routes\UserRoutes.php(26): App\Config\Routes\UserRoutes::defineRoutes(Object(CodeIgniter\Router\RouteCollection))
 4 SYSTEMPATH\Router\RouteCollection.php(800): App\Config\Routes\UserRoutes::App\Config\Routes\{closure}(Object(CodeIgniter\Router\RouteCollection))
 5 APPPATH\Config\Routes\UserRoutes.php(25): CodeIgniter\Router\RouteCollection->group('{locale}', Object(Closure))
 6 APPPATH\Config\Routes.php(21): App\Config\Routes\UserRoutes::init(Object(CodeIgniter\Router\RouteCollection))
 7 SYSTEMPATH\Router\RouteCollection.php(340): require('C:\\xampp\\htdocs\\smartstore\\app\\Config\\Routes.php')
 8 SYSTEMPATH\CodeIgniter.php(823): CodeIgniter\Router\RouteCollection->loadRoutes()
 9 SYSTEMPATH\CodeIgniter.php(457): CodeIgniter\CodeIgniter->tryToRouteIt(null)
10 SYSTEMPATH\CodeIgniter.php(355): CodeIgniter\CodeIgniter->handleRequest(null, Object(Config\Cache), false)
11 SYSTEMPATH\Boot.php(325): CodeIgniter\CodeIgniter->run()
12 SYSTEMPATH\Boot.php(67): CodeIgniter\Boot::runCodeIgniter(Object(CodeIgniter\CodeIgniter))
13 FCPATH\index.php(63): CodeIgniter\Boot::bootWeb(Object(Config\Paths))
WARNING - 2025-05-28 12:41:43 --> [DEPRECATED] Passing lowercase HTTP method "post" is deprecated. Use uppercase HTTP method like "POST". in SYSTEMPATH\Router\RouteCollection.php on line 1027.
 1 SYSTEMPATH\Router\RouteCollection.php(1027): trigger_error('Passing lowercase HTTP method "post" is deprecated. Use uppercase HTTP method like "POST".', 16384)
 2 APPPATH\Config\Routes\UserRoutes.php(49): CodeIgniter\Router\RouteCollection->match([...], 'submit_review', 'ClientController::submit_review', [...])
 3 APPPATH\Config\Routes\UserRoutes.php(26): App\Config\Routes\UserRoutes::defineRoutes(Object(CodeIgniter\Router\RouteCollection))
 4 SYSTEMPATH\Router\RouteCollection.php(800): App\Config\Routes\UserRoutes::App\Config\Routes\{closure}(Object(CodeIgniter\Router\RouteCollection))
 5 APPPATH\Config\Routes\UserRoutes.php(25): CodeIgniter\Router\RouteCollection->group('{locale}', Object(Closure))
 6 APPPATH\Config\Routes.php(21): App\Config\Routes\UserRoutes::init(Object(CodeIgniter\Router\RouteCollection))
 7 SYSTEMPATH\Router\RouteCollection.php(340): require('C:\\xampp\\htdocs\\smartstore\\app\\Config\\Routes.php')
 8 SYSTEMPATH\CodeIgniter.php(823): CodeIgniter\Router\RouteCollection->loadRoutes()
 9 SYSTEMPATH\CodeIgniter.php(457): CodeIgniter\CodeIgniter->tryToRouteIt(null)
10 SYSTEMPATH\CodeIgniter.php(355): CodeIgniter\CodeIgniter->handleRequest(null, Object(Config\Cache), false)
11 SYSTEMPATH\Boot.php(325): CodeIgniter\CodeIgniter->run()
12 SYSTEMPATH\Boot.php(67): CodeIgniter\Boot::runCodeIgniter(Object(CodeIgniter\CodeIgniter))
13 FCPATH\index.php(63): CodeIgniter\Boot::bootWeb(Object(Config\Paths))
WARNING - 2025-05-28 12:41:43 --> [DEPRECATED] Passing lowercase HTTP method "get" is deprecated. Use uppercase HTTP method like "GET". in SYSTEMPATH\Router\RouteCollection.php on line 1027.
 1 SYSTEMPATH\Router\RouteCollection.php(1027): trigger_error('Passing lowercase HTTP method "get" is deprecated. Use uppercase HTTP method like "GET".', 16384)
 2 APPPATH\Config\Routes\UserRoutes.php(63): CodeIgniter\Router\RouteCollection->match([...], 'track-order', 'OrderController::track_order', [...])
 3 APPPATH\Config\Routes\UserRoutes.php(26): App\Config\Routes\UserRoutes::defineRoutes(Object(CodeIgniter\Router\RouteCollection))
 4 SYSTEMPATH\Router\RouteCollection.php(800): App\Config\Routes\UserRoutes::App\Config\Routes\{closure}(Object(CodeIgniter\Router\RouteCollection))
 5 APPPATH\Config\Routes\UserRoutes.php(25): CodeIgniter\Router\RouteCollection->group('{locale}', Object(Closure))
 6 APPPATH\Config\Routes.php(21): App\Config\Routes\UserRoutes::init(Object(CodeIgniter\Router\RouteCollection))
 7 SYSTEMPATH\Router\RouteCollection.php(340): require('C:\\xampp\\htdocs\\smartstore\\app\\Config\\Routes.php')
 8 SYSTEMPATH\CodeIgniter.php(823): CodeIgniter\Router\RouteCollection->loadRoutes()
 9 SYSTEMPATH\CodeIgniter.php(457): CodeIgniter\CodeIgniter->tryToRouteIt(null)
10 SYSTEMPATH\CodeIgniter.php(355): CodeIgniter\CodeIgniter->handleRequest(null, Object(Config\Cache), false)
11 SYSTEMPATH\Boot.php(325): CodeIgniter\CodeIgniter->run()
12 SYSTEMPATH\Boot.php(67): CodeIgniter\Boot::runCodeIgniter(Object(CodeIgniter\CodeIgniter))
13 FCPATH\index.php(63): CodeIgniter\Boot::bootWeb(Object(Config\Paths))
WARNING - 2025-05-28 12:41:43 --> [DEPRECATED] Passing lowercase HTTP method "post" is deprecated. Use uppercase HTTP method like "POST". in SYSTEMPATH\Router\RouteCollection.php on line 1027.
 1 SYSTEMPATH\Router\RouteCollection.php(1027): trigger_error('Passing lowercase HTTP method "post" is deprecated. Use uppercase HTTP method like "POST".', 16384)
 2 APPPATH\Config\Routes\UserRoutes.php(63): CodeIgniter\Router\RouteCollection->match([...], 'track-order', 'OrderController::track_order', [...])
 3 APPPATH\Config\Routes\UserRoutes.php(26): App\Config\Routes\UserRoutes::defineRoutes(Object(CodeIgniter\Router\RouteCollection))
 4 SYSTEMPATH\Router\RouteCollection.php(800): App\Config\Routes\UserRoutes::App\Config\Routes\{closure}(Object(CodeIgniter\Router\RouteCollection))
 5 APPPATH\Config\Routes\UserRoutes.php(25): CodeIgniter\Router\RouteCollection->group('{locale}', Object(Closure))
 6 APPPATH\Config\Routes.php(21): App\Config\Routes\UserRoutes::init(Object(CodeIgniter\Router\RouteCollection))
 7 SYSTEMPATH\Router\RouteCollection.php(340): require('C:\\xampp\\htdocs\\smartstore\\app\\Config\\Routes.php')
 8 SYSTEMPATH\CodeIgniter.php(823): CodeIgniter\Router\RouteCollection->loadRoutes()
 9 SYSTEMPATH\CodeIgniter.php(457): CodeIgniter\CodeIgniter->tryToRouteIt(null)
10 SYSTEMPATH\CodeIgniter.php(355): CodeIgniter\CodeIgniter->handleRequest(null, Object(Config\Cache), false)
11 SYSTEMPATH\Boot.php(325): CodeIgniter\CodeIgniter->run()
12 SYSTEMPATH\Boot.php(67): CodeIgniter\Boot::runCodeIgniter(Object(CodeIgniter\CodeIgniter))
13 FCPATH\index.php(63): CodeIgniter\Boot::bootWeb(Object(Config\Paths))
INFO - 2025-05-28 12:41:44 --> Session: Class initialized using 'CodeIgniter\Session\Handlers\FileHandler' driver.
WARNING - 2025-05-28 12:41:45 --> [DEPRECATED] Creation of dynamic property App\Controllers\Public\PageController::$load_files is deprecated in APPPATH\Controllers\Public\PageController.php on line 21.
 1 SYSTEMPATH\CodeIgniter.php(903): App\Controllers\Public\PageController->__construct()
 2 SYSTEMPATH\CodeIgniter.php(500): CodeIgniter\CodeIgniter->createController()
 3 SYSTEMPATH\CodeIgniter.php(355): CodeIgniter\CodeIgniter->handleRequest(null, Object(Config\Cache), false)
 4 SYSTEMPATH\Boot.php(325): CodeIgniter\CodeIgniter->run()
 5 SYSTEMPATH\Boot.php(67): CodeIgniter\Boot::runCodeIgniter(Object(CodeIgniter\CodeIgniter))
 6 FCPATH\index.php(63): CodeIgniter\Boot::bootWeb(Object(Config\Paths))
WARNING - 2025-05-28 12:41:45 --> [DEPRECATED] Creation of dynamic property App\Controllers\Public\PageController::$page_title is deprecated in APPPATH\Controllers\Public\PageController.php on line 22.
 1 SYSTEMPATH\CodeIgniter.php(903): App\Controllers\Public\PageController->__construct()
 2 SYSTEMPATH\CodeIgniter.php(500): CodeIgniter\CodeIgniter->createController()
 3 SYSTEMPATH\CodeIgniter.php(355): CodeIgniter\CodeIgniter->handleRequest(null, Object(Config\Cache), false)
 4 SYSTEMPATH\Boot.php(325): CodeIgniter\CodeIgniter->run()
 5 SYSTEMPATH\Boot.php(67): CodeIgniter\Boot::runCodeIgniter(Object(CodeIgniter\CodeIgniter))
 6 FCPATH\index.php(63): CodeIgniter\Boot::bootWeb(Object(Config\Paths))
WARNING - 2025-05-28 12:43:17 --> [DEPRECATED] Passing lowercase HTTP method "get" is deprecated. Use uppercase HTTP method like "GET". in SYSTEMPATH\Router\RouteCollection.php on line 1027.
 1 SYSTEMPATH\Router\RouteCollection.php(1027): trigger_error('Passing lowercase HTTP method "get" is deprecated. Use uppercase HTTP method like "GET".', 16384)
 2 APPPATH\Config\Routes\AdminRoutes.php(65): CodeIgniter\Router\RouteCollection->match([...], 'send_test_mail', 'SettingsController::send_test_mail')
 3 SYSTEMPATH\Router\RouteCollection.php(800): App\Config\Routes\AdminRoutes::App\Config\Routes\{closure}(Object(CodeIgniter\Router\RouteCollection))
 4 APPPATH\Config\Routes\AdminRoutes.php(63): CodeIgniter\Router\RouteCollection->group('settings', [...], Object(Closure))
 5 SYSTEMPATH\Router\RouteCollection.php(800): App\Config\Routes\AdminRoutes::App\Config\Routes\{closure}(Object(CodeIgniter\Router\RouteCollection))
 6 APPPATH\Config\Routes\AdminRoutes.php(28): CodeIgniter\Router\RouteCollection->group('admin', [...], Object(Closure))
 7 APPPATH\Config\Routes.php(20): App\Config\Routes\AdminRoutes::init(Object(CodeIgniter\Router\RouteCollection))
 8 SYSTEMPATH\Router\RouteCollection.php(340): require('C:\\xampp\\htdocs\\smartstore\\app\\Config\\Routes.php')
 9 SYSTEMPATH\CodeIgniter.php(823): CodeIgniter\Router\RouteCollection->loadRoutes()
10 SYSTEMPATH\CodeIgniter.php(457): CodeIgniter\CodeIgniter->tryToRouteIt(null)
11 SYSTEMPATH\CodeIgniter.php(355): CodeIgniter\CodeIgniter->handleRequest(null, Object(Config\Cache), false)
12 SYSTEMPATH\Boot.php(325): CodeIgniter\CodeIgniter->run()
13 SYSTEMPATH\Boot.php(67): CodeIgniter\Boot::runCodeIgniter(Object(CodeIgniter\CodeIgniter))
14 FCPATH\index.php(63): CodeIgniter\Boot::bootWeb(Object(Config\Paths))
WARNING - 2025-05-28 12:43:17 --> [DEPRECATED] Passing lowercase HTTP method "post" is deprecated. Use uppercase HTTP method like "POST". in SYSTEMPATH\Router\RouteCollection.php on line 1027.
 1 SYSTEMPATH\Router\RouteCollection.php(1027): trigger_error('Passing lowercase HTTP method "post" is deprecated. Use uppercase HTTP method like "POST".', 16384)
 2 APPPATH\Config\Routes\AdminRoutes.php(65): CodeIgniter\Router\RouteCollection->match([...], 'send_test_mail', 'SettingsController::send_test_mail')
 3 SYSTEMPATH\Router\RouteCollection.php(800): App\Config\Routes\AdminRoutes::App\Config\Routes\{closure}(Object(CodeIgniter\Router\RouteCollection))
 4 APPPATH\Config\Routes\AdminRoutes.php(63): CodeIgniter\Router\RouteCollection->group('settings', [...], Object(Closure))
 5 SYSTEMPATH\Router\RouteCollection.php(800): App\Config\Routes\AdminRoutes::App\Config\Routes\{closure}(Object(CodeIgniter\Router\RouteCollection))
 6 APPPATH\Config\Routes\AdminRoutes.php(28): CodeIgniter\Router\RouteCollection->group('admin', [...], Object(Closure))
 7 APPPATH\Config\Routes.php(20): App\Config\Routes\AdminRoutes::init(Object(CodeIgniter\Router\RouteCollection))
 8 SYSTEMPATH\Router\RouteCollection.php(340): require('C:\\xampp\\htdocs\\smartstore\\app\\Config\\Routes.php')
 9 SYSTEMPATH\CodeIgniter.php(823): CodeIgniter\Router\RouteCollection->loadRoutes()
10 SYSTEMPATH\CodeIgniter.php(457): CodeIgniter\CodeIgniter->tryToRouteIt(null)
11 SYSTEMPATH\CodeIgniter.php(355): CodeIgniter\CodeIgniter->handleRequest(null, Object(Config\Cache), false)
12 SYSTEMPATH\Boot.php(325): CodeIgniter\CodeIgniter->run()
13 SYSTEMPATH\Boot.php(67): CodeIgniter\Boot::runCodeIgniter(Object(CodeIgniter\CodeIgniter))
14 FCPATH\index.php(63): CodeIgniter\Boot::bootWeb(Object(Config\Paths))
WARNING - 2025-05-28 12:43:17 --> [DEPRECATED] Passing lowercase HTTP method "get" is deprecated. Use uppercase HTTP method like "GET". in SYSTEMPATH\Router\RouteCollection.php on line 1027.
 1 SYSTEMPATH\Router\RouteCollection.php(1027): trigger_error('Passing lowercase HTTP method "get" is deprecated. Use uppercase HTTP method like "GET".', 16384)
 2 APPPATH\Config\Routes\AdminRoutes.php(76): CodeIgniter\Router\RouteCollection->match([...], 'elfinder_connector', 'FilemanagerController::elfinder_connector')
 3 SYSTEMPATH\Router\RouteCollection.php(800): App\Config\Routes\AdminRoutes::App\Config\Routes\{closure}(Object(CodeIgniter\Router\RouteCollection))
 4 APPPATH\Config\Routes\AdminRoutes.php(73): CodeIgniter\Router\RouteCollection->group('filemanager', [...], Object(Closure))
 5 SYSTEMPATH\Router\RouteCollection.php(800): App\Config\Routes\AdminRoutes::App\Config\Routes\{closure}(Object(CodeIgniter\Router\RouteCollection))
 6 APPPATH\Config\Routes\AdminRoutes.php(28): CodeIgniter\Router\RouteCollection->group('admin', [...], Object(Closure))
 7 APPPATH\Config\Routes.php(20): App\Config\Routes\AdminRoutes::init(Object(CodeIgniter\Router\RouteCollection))
 8 SYSTEMPATH\Router\RouteCollection.php(340): require('C:\\xampp\\htdocs\\smartstore\\app\\Config\\Routes.php')
 9 SYSTEMPATH\CodeIgniter.php(823): CodeIgniter\Router\RouteCollection->loadRoutes()
10 SYSTEMPATH\CodeIgniter.php(457): CodeIgniter\CodeIgniter->tryToRouteIt(null)
11 SYSTEMPATH\CodeIgniter.php(355): CodeIgniter\CodeIgniter->handleRequest(null, Object(Config\Cache), false)
12 SYSTEMPATH\Boot.php(325): CodeIgniter\CodeIgniter->run()
13 SYSTEMPATH\Boot.php(67): CodeIgniter\Boot::runCodeIgniter(Object(CodeIgniter\CodeIgniter))
14 FCPATH\index.php(63): CodeIgniter\Boot::bootWeb(Object(Config\Paths))
WARNING - 2025-05-28 12:43:17 --> [DEPRECATED] Passing lowercase HTTP method "post" is deprecated. Use uppercase HTTP method like "POST". in SYSTEMPATH\Router\RouteCollection.php on line 1027.
 1 SYSTEMPATH\Router\RouteCollection.php(1027): trigger_error('Passing lowercase HTTP method "post" is deprecated. Use uppercase HTTP method like "POST".', 16384)
 2 APPPATH\Config\Routes\AdminRoutes.php(76): CodeIgniter\Router\RouteCollection->match([...], 'elfinder_connector', 'FilemanagerController::elfinder_connector')
 3 SYSTEMPATH\Router\RouteCollection.php(800): App\Config\Routes\AdminRoutes::App\Config\Routes\{closure}(Object(CodeIgniter\Router\RouteCollection))
 4 APPPATH\Config\Routes\AdminRoutes.php(73): CodeIgniter\Router\RouteCollection->group('filemanager', [...], Object(Closure))
 5 SYSTEMPATH\Router\RouteCollection.php(800): App\Config\Routes\AdminRoutes::App\Config\Routes\{closure}(Object(CodeIgniter\Router\RouteCollection))
 6 APPPATH\Config\Routes\AdminRoutes.php(28): CodeIgniter\Router\RouteCollection->group('admin', [...], Object(Closure))
 7 APPPATH\Config\Routes.php(20): App\Config\Routes\AdminRoutes::init(Object(CodeIgniter\Router\RouteCollection))
 8 SYSTEMPATH\Router\RouteCollection.php(340): require('C:\\xampp\\htdocs\\smartstore\\app\\Config\\Routes.php')
 9 SYSTEMPATH\CodeIgniter.php(823): CodeIgniter\Router\RouteCollection->loadRoutes()
10 SYSTEMPATH\CodeIgniter.php(457): CodeIgniter\CodeIgniter->tryToRouteIt(null)
11 SYSTEMPATH\CodeIgniter.php(355): CodeIgniter\CodeIgniter->handleRequest(null, Object(Config\Cache), false)
12 SYSTEMPATH\Boot.php(325): CodeIgniter\CodeIgniter->run()
13 SYSTEMPATH\Boot.php(67): CodeIgniter\Boot::runCodeIgniter(Object(CodeIgniter\CodeIgniter))
14 FCPATH\index.php(63): CodeIgniter\Boot::bootWeb(Object(Config\Paths))
WARNING - 2025-05-28 12:43:17 --> [DEPRECATED] Passing lowercase HTTP method "get" is deprecated. Use uppercase HTTP method like "GET". in SYSTEMPATH\Router\RouteCollection.php on line 1027.
 1 SYSTEMPATH\Router\RouteCollection.php(1027): trigger_error('Passing lowercase HTTP method "get" is deprecated. Use uppercase HTTP method like "GET".', 16384)
 2 APPPATH\Config\Routes\AdminRoutes.php(172): CodeIgniter\Router\RouteCollection->match([...], 'sync_services/?(:num)?', 'ProvidersController::sync_services/$1')
 3 SYSTEMPATH\Router\RouteCollection.php(800): App\Config\Routes\AdminRoutes::App\Config\Routes\{closure}(Object(CodeIgniter\Router\RouteCollection))
 4 APPPATH\Config\Routes\AdminRoutes.php(167): CodeIgniter\Router\RouteCollection->group('providers', [...], Object(Closure))
 5 SYSTEMPATH\Router\RouteCollection.php(800): App\Config\Routes\AdminRoutes::App\Config\Routes\{closure}(Object(CodeIgniter\Router\RouteCollection))
 6 APPPATH\Config\Routes\AdminRoutes.php(28): CodeIgniter\Router\RouteCollection->group('admin', [...], Object(Closure))
 7 APPPATH\Config\Routes.php(20): App\Config\Routes\AdminRoutes::init(Object(CodeIgniter\Router\RouteCollection))
 8 SYSTEMPATH\Router\RouteCollection.php(340): require('C:\\xampp\\htdocs\\smartstore\\app\\Config\\Routes.php')
 9 SYSTEMPATH\CodeIgniter.php(823): CodeIgniter\Router\RouteCollection->loadRoutes()
10 SYSTEMPATH\CodeIgniter.php(457): CodeIgniter\CodeIgniter->tryToRouteIt(null)
11 SYSTEMPATH\CodeIgniter.php(355): CodeIgniter\CodeIgniter->handleRequest(null, Object(Config\Cache), false)
12 SYSTEMPATH\Boot.php(325): CodeIgniter\CodeIgniter->run()
13 SYSTEMPATH\Boot.php(67): CodeIgniter\Boot::runCodeIgniter(Object(CodeIgniter\CodeIgniter))
14 FCPATH\index.php(63): CodeIgniter\Boot::bootWeb(Object(Config\Paths))
WARNING - 2025-05-28 12:43:17 --> [DEPRECATED] Passing lowercase HTTP method "post" is deprecated. Use uppercase HTTP method like "POST". in SYSTEMPATH\Router\RouteCollection.php on line 1027.
 1 SYSTEMPATH\Router\RouteCollection.php(1027): trigger_error('Passing lowercase HTTP method "post" is deprecated. Use uppercase HTTP method like "POST".', 16384)
 2 APPPATH\Config\Routes\AdminRoutes.php(172): CodeIgniter\Router\RouteCollection->match([...], 'sync_services/?(:num)?', 'ProvidersController::sync_services/$1')
 3 SYSTEMPATH\Router\RouteCollection.php(800): App\Config\Routes\AdminRoutes::App\Config\Routes\{closure}(Object(CodeIgniter\Router\RouteCollection))
 4 APPPATH\Config\Routes\AdminRoutes.php(167): CodeIgniter\Router\RouteCollection->group('providers', [...], Object(Closure))
 5 SYSTEMPATH\Router\RouteCollection.php(800): App\Config\Routes\AdminRoutes::App\Config\Routes\{closure}(Object(CodeIgniter\Router\RouteCollection))
 6 APPPATH\Config\Routes\AdminRoutes.php(28): CodeIgniter\Router\RouteCollection->group('admin', [...], Object(Closure))
 7 APPPATH\Config\Routes.php(20): App\Config\Routes\AdminRoutes::init(Object(CodeIgniter\Router\RouteCollection))
 8 SYSTEMPATH\Router\RouteCollection.php(340): require('C:\\xampp\\htdocs\\smartstore\\app\\Config\\Routes.php')
 9 SYSTEMPATH\CodeIgniter.php(823): CodeIgniter\Router\RouteCollection->loadRoutes()
10 SYSTEMPATH\CodeIgniter.php(457): CodeIgniter\CodeIgniter->tryToRouteIt(null)
11 SYSTEMPATH\CodeIgniter.php(355): CodeIgniter\CodeIgniter->handleRequest(null, Object(Config\Cache), false)
12 SYSTEMPATH\Boot.php(325): CodeIgniter\CodeIgniter->run()
13 SYSTEMPATH\Boot.php(67): CodeIgniter\Boot::runCodeIgniter(Object(CodeIgniter\CodeIgniter))
14 FCPATH\index.php(63): CodeIgniter\Boot::bootWeb(Object(Config\Paths))
WARNING - 2025-05-28 12:43:17 --> [DEPRECATED] Passing lowercase HTTP method "get" is deprecated. Use uppercase HTTP method like "GET". in SYSTEMPATH\Router\RouteCollection.php on line 1027.
 1 SYSTEMPATH\Router\RouteCollection.php(1027): trigger_error('Passing lowercase HTTP method "get" is deprecated. Use uppercase HTTP method like "GET".', 16384)
 2 APPPATH\Config\Routes\AdminRoutes.php(185): CodeIgniter\Router\RouteCollection->match([...], 'add_note/?(:num)?', 'UsersController::add_note/$1')
 3 SYSTEMPATH\Router\RouteCollection.php(800): App\Config\Routes\AdminRoutes::App\Config\Routes\{closure}(Object(CodeIgniter\Router\RouteCollection))
 4 APPPATH\Config\Routes\AdminRoutes.php(182): CodeIgniter\Router\RouteCollection->group('users', [...], Object(Closure))
 5 SYSTEMPATH\Router\RouteCollection.php(800): App\Config\Routes\AdminRoutes::App\Config\Routes\{closure}(Object(CodeIgniter\Router\RouteCollection))
 6 APPPATH\Config\Routes\AdminRoutes.php(28): CodeIgniter\Router\RouteCollection->group('admin', [...], Object(Closure))
 7 APPPATH\Config\Routes.php(20): App\Config\Routes\AdminRoutes::init(Object(CodeIgniter\Router\RouteCollection))
 8 SYSTEMPATH\Router\RouteCollection.php(340): require('C:\\xampp\\htdocs\\smartstore\\app\\Config\\Routes.php')
 9 SYSTEMPATH\CodeIgniter.php(823): CodeIgniter\Router\RouteCollection->loadRoutes()
10 SYSTEMPATH\CodeIgniter.php(457): CodeIgniter\CodeIgniter->tryToRouteIt(null)
11 SYSTEMPATH\CodeIgniter.php(355): CodeIgniter\CodeIgniter->handleRequest(null, Object(Config\Cache), false)
12 SYSTEMPATH\Boot.php(325): CodeIgniter\CodeIgniter->run()
13 SYSTEMPATH\Boot.php(67): CodeIgniter\Boot::runCodeIgniter(Object(CodeIgniter\CodeIgniter))
14 FCPATH\index.php(63): CodeIgniter\Boot::bootWeb(Object(Config\Paths))
WARNING - 2025-05-28 12:43:17 --> [DEPRECATED] Passing lowercase HTTP method "post" is deprecated. Use uppercase HTTP method like "POST". in SYSTEMPATH\Router\RouteCollection.php on line 1027.
 1 SYSTEMPATH\Router\RouteCollection.php(1027): trigger_error('Passing lowercase HTTP method "post" is deprecated. Use uppercase HTTP method like "POST".', 16384)
 2 APPPATH\Config\Routes\AdminRoutes.php(185): CodeIgniter\Router\RouteCollection->match([...], 'add_note/?(:num)?', 'UsersController::add_note/$1')
 3 SYSTEMPATH\Router\RouteCollection.php(800): App\Config\Routes\AdminRoutes::App\Config\Routes\{closure}(Object(CodeIgniter\Router\RouteCollection))
 4 APPPATH\Config\Routes\AdminRoutes.php(182): CodeIgniter\Router\RouteCollection->group('users', [...], Object(Closure))
 5 SYSTEMPATH\Router\RouteCollection.php(800): App\Config\Routes\AdminRoutes::App\Config\Routes\{closure}(Object(CodeIgniter\Router\RouteCollection))
 6 APPPATH\Config\Routes\AdminRoutes.php(28): CodeIgniter\Router\RouteCollection->group('admin', [...], Object(Closure))
 7 APPPATH\Config\Routes.php(20): App\Config\Routes\AdminRoutes::init(Object(CodeIgniter\Router\RouteCollection))
 8 SYSTEMPATH\Router\RouteCollection.php(340): require('C:\\xampp\\htdocs\\smartstore\\app\\Config\\Routes.php')
 9 SYSTEMPATH\CodeIgniter.php(823): CodeIgniter\Router\RouteCollection->loadRoutes()
10 SYSTEMPATH\CodeIgniter.php(457): CodeIgniter\CodeIgniter->tryToRouteIt(null)
11 SYSTEMPATH\CodeIgniter.php(355): CodeIgniter\CodeIgniter->handleRequest(null, Object(Config\Cache), false)
12 SYSTEMPATH\Boot.php(325): CodeIgniter\CodeIgniter->run()
13 SYSTEMPATH\Boot.php(67): CodeIgniter\Boot::runCodeIgniter(Object(CodeIgniter\CodeIgniter))
14 FCPATH\index.php(63): CodeIgniter\Boot::bootWeb(Object(Config\Paths))
WARNING - 2025-05-28 12:43:17 --> [DEPRECATED] Passing lowercase HTTP method "get" is deprecated. Use uppercase HTTP method like "GET". in SYSTEMPATH\Router\RouteCollection.php on line 1027.
 1 SYSTEMPATH\Router\RouteCollection.php(1027): trigger_error('Passing lowercase HTTP method "get" is deprecated. Use uppercase HTTP method like "GET".', 16384)
 2 APPPATH\Config\Routes\AdminRoutes.php(186): CodeIgniter\Router\RouteCollection->match([...], 'send_mail/?(:num)?', 'UsersController::send_mail/$1')
 3 SYSTEMPATH\Router\RouteCollection.php(800): App\Config\Routes\AdminRoutes::App\Config\Routes\{closure}(Object(CodeIgniter\Router\RouteCollection))
 4 APPPATH\Config\Routes\AdminRoutes.php(182): CodeIgniter\Router\RouteCollection->group('users', [...], Object(Closure))
 5 SYSTEMPATH\Router\RouteCollection.php(800): App\Config\Routes\AdminRoutes::App\Config\Routes\{closure}(Object(CodeIgniter\Router\RouteCollection))
 6 APPPATH\Config\Routes\AdminRoutes.php(28): CodeIgniter\Router\RouteCollection->group('admin', [...], Object(Closure))
 7 APPPATH\Config\Routes.php(20): App\Config\Routes\AdminRoutes::init(Object(CodeIgniter\Router\RouteCollection))
 8 SYSTEMPATH\Router\RouteCollection.php(340): require('C:\\xampp\\htdocs\\smartstore\\app\\Config\\Routes.php')
 9 SYSTEMPATH\CodeIgniter.php(823): CodeIgniter\Router\RouteCollection->loadRoutes()
10 SYSTEMPATH\CodeIgniter.php(457): CodeIgniter\CodeIgniter->tryToRouteIt(null)
11 SYSTEMPATH\CodeIgniter.php(355): CodeIgniter\CodeIgniter->handleRequest(null, Object(Config\Cache), false)
12 SYSTEMPATH\Boot.php(325): CodeIgniter\CodeIgniter->run()
13 SYSTEMPATH\Boot.php(67): CodeIgniter\Boot::runCodeIgniter(Object(CodeIgniter\CodeIgniter))
14 FCPATH\index.php(63): CodeIgniter\Boot::bootWeb(Object(Config\Paths))
WARNING - 2025-05-28 12:43:17 --> [DEPRECATED] Passing lowercase HTTP method "post" is deprecated. Use uppercase HTTP method like "POST". in SYSTEMPATH\Router\RouteCollection.php on line 1027.
 1 SYSTEMPATH\Router\RouteCollection.php(1027): trigger_error('Passing lowercase HTTP method "post" is deprecated. Use uppercase HTTP method like "POST".', 16384)
 2 APPPATH\Config\Routes\AdminRoutes.php(186): CodeIgniter\Router\RouteCollection->match([...], 'send_mail/?(:num)?', 'UsersController::send_mail/$1')
 3 SYSTEMPATH\Router\RouteCollection.php(800): App\Config\Routes\AdminRoutes::App\Config\Routes\{closure}(Object(CodeIgniter\Router\RouteCollection))
 4 APPPATH\Config\Routes\AdminRoutes.php(182): CodeIgniter\Router\RouteCollection->group('users', [...], Object(Closure))
 5 SYSTEMPATH\Router\RouteCollection.php(800): App\Config\Routes\AdminRoutes::App\Config\Routes\{closure}(Object(CodeIgniter\Router\RouteCollection))
 6 APPPATH\Config\Routes\AdminRoutes.php(28): CodeIgniter\Router\RouteCollection->group('admin', [...], Object(Closure))
 7 APPPATH\Config\Routes.php(20): App\Config\Routes\AdminRoutes::init(Object(CodeIgniter\Router\RouteCollection))
 8 SYSTEMPATH\Router\RouteCollection.php(340): require('C:\\xampp\\htdocs\\smartstore\\app\\Config\\Routes.php')
 9 SYSTEMPATH\CodeIgniter.php(823): CodeIgniter\Router\RouteCollection->loadRoutes()
10 SYSTEMPATH\CodeIgniter.php(457): CodeIgniter\CodeIgniter->tryToRouteIt(null)
11 SYSTEMPATH\CodeIgniter.php(355): CodeIgniter\CodeIgniter->handleRequest(null, Object(Config\Cache), false)
12 SYSTEMPATH\Boot.php(325): CodeIgniter\CodeIgniter->run()
13 SYSTEMPATH\Boot.php(67): CodeIgniter\Boot::runCodeIgniter(Object(CodeIgniter\CodeIgniter))
14 FCPATH\index.php(63): CodeIgniter\Boot::bootWeb(Object(Config\Paths))
WARNING - 2025-05-28 12:43:17 --> [DEPRECATED] Passing lowercase HTTP method "get" is deprecated. Use uppercase HTTP method like "GET". in SYSTEMPATH\Router\RouteCollection.php on line 1027.
 1 SYSTEMPATH\Router\RouteCollection.php(1027): trigger_error('Passing lowercase HTTP method "get" is deprecated. Use uppercase HTTP method like "GET".', 16384)
 2 APPPATH\Config\Routes\AdminRoutes.php(215): CodeIgniter\Router\RouteCollection->match([...], 'send_mail/?(:num)?', 'TicketsController::send_mail/$1')
 3 SYSTEMPATH\Router\RouteCollection.php(800): App\Config\Routes\AdminRoutes::App\Config\Routes\{closure}(Object(CodeIgniter\Router\RouteCollection))
 4 APPPATH\Config\Routes\AdminRoutes.php(212): CodeIgniter\Router\RouteCollection->group('tickets', [...], Object(Closure))
 5 SYSTEMPATH\Router\RouteCollection.php(800): App\Config\Routes\AdminRoutes::App\Config\Routes\{closure}(Object(CodeIgniter\Router\RouteCollection))
 6 APPPATH\Config\Routes\AdminRoutes.php(28): CodeIgniter\Router\RouteCollection->group('admin', [...], Object(Closure))
 7 APPPATH\Config\Routes.php(20): App\Config\Routes\AdminRoutes::init(Object(CodeIgniter\Router\RouteCollection))
 8 SYSTEMPATH\Router\RouteCollection.php(340): require('C:\\xampp\\htdocs\\smartstore\\app\\Config\\Routes.php')
 9 SYSTEMPATH\CodeIgniter.php(823): CodeIgniter\Router\RouteCollection->loadRoutes()
10 SYSTEMPATH\CodeIgniter.php(457): CodeIgniter\CodeIgniter->tryToRouteIt(null)
11 SYSTEMPATH\CodeIgniter.php(355): CodeIgniter\CodeIgniter->handleRequest(null, Object(Config\Cache), false)
12 SYSTEMPATH\Boot.php(325): CodeIgniter\CodeIgniter->run()
13 SYSTEMPATH\Boot.php(67): CodeIgniter\Boot::runCodeIgniter(Object(CodeIgniter\CodeIgniter))
14 FCPATH\index.php(63): CodeIgniter\Boot::bootWeb(Object(Config\Paths))
WARNING - 2025-05-28 12:43:17 --> [DEPRECATED] Passing lowercase HTTP method "post" is deprecated. Use uppercase HTTP method like "POST". in SYSTEMPATH\Router\RouteCollection.php on line 1027.
 1 SYSTEMPATH\Router\RouteCollection.php(1027): trigger_error('Passing lowercase HTTP method "post" is deprecated. Use uppercase HTTP method like "POST".', 16384)
 2 APPPATH\Config\Routes\AdminRoutes.php(215): CodeIgniter\Router\RouteCollection->match([...], 'send_mail/?(:num)?', 'TicketsController::send_mail/$1')
 3 SYSTEMPATH\Router\RouteCollection.php(800): App\Config\Routes\AdminRoutes::App\Config\Routes\{closure}(Object(CodeIgniter\Router\RouteCollection))
 4 APPPATH\Config\Routes\AdminRoutes.php(212): CodeIgniter\Router\RouteCollection->group('tickets', [...], Object(Closure))
 5 SYSTEMPATH\Router\RouteCollection.php(800): App\Config\Routes\AdminRoutes::App\Config\Routes\{closure}(Object(CodeIgniter\Router\RouteCollection))
 6 APPPATH\Config\Routes\AdminRoutes.php(28): CodeIgniter\Router\RouteCollection->group('admin', [...], Object(Closure))
 7 APPPATH\Config\Routes.php(20): App\Config\Routes\AdminRoutes::init(Object(CodeIgniter\Router\RouteCollection))
 8 SYSTEMPATH\Router\RouteCollection.php(340): require('C:\\xampp\\htdocs\\smartstore\\app\\Config\\Routes.php')
 9 SYSTEMPATH\CodeIgniter.php(823): CodeIgniter\Router\RouteCollection->loadRoutes()
10 SYSTEMPATH\CodeIgniter.php(457): CodeIgniter\CodeIgniter->tryToRouteIt(null)
11 SYSTEMPATH\CodeIgniter.php(355): CodeIgniter\CodeIgniter->handleRequest(null, Object(Config\Cache), false)
12 SYSTEMPATH\Boot.php(325): CodeIgniter\CodeIgniter->run()
13 SYSTEMPATH\Boot.php(67): CodeIgniter\Boot::runCodeIgniter(Object(CodeIgniter\CodeIgniter))
14 FCPATH\index.php(63): CodeIgniter\Boot::bootWeb(Object(Config\Paths))
WARNING - 2025-05-28 12:43:17 --> [DEPRECATED] Passing lowercase HTTP method "get" is deprecated. Use uppercase HTTP method like "GET". in SYSTEMPATH\Router\RouteCollection.php on line 1027.
 1 SYSTEMPATH\Router\RouteCollection.php(1027): trigger_error('Passing lowercase HTTP method "get" is deprecated. Use uppercase HTTP method like "GET".', 16384)
 2 APPPATH\Config\Routes\UserRoutes.php(49): CodeIgniter\Router\RouteCollection->match([...], 'submit_review', 'ClientController::submit_review', [...])
 3 APPPATH\Config\Routes\UserRoutes.php(23): App\Config\Routes\UserRoutes::defineRoutes(Object(CodeIgniter\Router\RouteCollection))
 4 APPPATH\Config\Routes.php(21): App\Config\Routes\UserRoutes::init(Object(CodeIgniter\Router\RouteCollection))
 5 SYSTEMPATH\Router\RouteCollection.php(340): require('C:\\xampp\\htdocs\\smartstore\\app\\Config\\Routes.php')
 6 SYSTEMPATH\CodeIgniter.php(823): CodeIgniter\Router\RouteCollection->loadRoutes()
 7 SYSTEMPATH\CodeIgniter.php(457): CodeIgniter\CodeIgniter->tryToRouteIt(null)
 8 SYSTEMPATH\CodeIgniter.php(355): CodeIgniter\CodeIgniter->handleRequest(null, Object(Config\Cache), false)
 9 SYSTEMPATH\Boot.php(325): CodeIgniter\CodeIgniter->run()
10 SYSTEMPATH\Boot.php(67): CodeIgniter\Boot::runCodeIgniter(Object(CodeIgniter\CodeIgniter))
11 FCPATH\index.php(63): CodeIgniter\Boot::bootWeb(Object(Config\Paths))
WARNING - 2025-05-28 12:43:17 --> [DEPRECATED] Passing lowercase HTTP method "post" is deprecated. Use uppercase HTTP method like "POST". in SYSTEMPATH\Router\RouteCollection.php on line 1027.
 1 SYSTEMPATH\Router\RouteCollection.php(1027): trigger_error('Passing lowercase HTTP method "post" is deprecated. Use uppercase HTTP method like "POST".', 16384)
 2 APPPATH\Config\Routes\UserRoutes.php(49): CodeIgniter\Router\RouteCollection->match([...], 'submit_review', 'ClientController::submit_review', [...])
 3 APPPATH\Config\Routes\UserRoutes.php(23): App\Config\Routes\UserRoutes::defineRoutes(Object(CodeIgniter\Router\RouteCollection))
 4 APPPATH\Config\Routes.php(21): App\Config\Routes\UserRoutes::init(Object(CodeIgniter\Router\RouteCollection))
 5 SYSTEMPATH\Router\RouteCollection.php(340): require('C:\\xampp\\htdocs\\smartstore\\app\\Config\\Routes.php')
 6 SYSTEMPATH\CodeIgniter.php(823): CodeIgniter\Router\RouteCollection->loadRoutes()
 7 SYSTEMPATH\CodeIgniter.php(457): CodeIgniter\CodeIgniter->tryToRouteIt(null)
 8 SYSTEMPATH\CodeIgniter.php(355): CodeIgniter\CodeIgniter->handleRequest(null, Object(Config\Cache), false)
 9 SYSTEMPATH\Boot.php(325): CodeIgniter\CodeIgniter->run()
10 SYSTEMPATH\Boot.php(67): CodeIgniter\Boot::runCodeIgniter(Object(CodeIgniter\CodeIgniter))
11 FCPATH\index.php(63): CodeIgniter\Boot::bootWeb(Object(Config\Paths))
WARNING - 2025-05-28 12:43:17 --> [DEPRECATED] Passing lowercase HTTP method "get" is deprecated. Use uppercase HTTP method like "GET". in SYSTEMPATH\Router\RouteCollection.php on line 1027.
 1 SYSTEMPATH\Router\RouteCollection.php(1027): trigger_error('Passing lowercase HTTP method "get" is deprecated. Use uppercase HTTP method like "GET".', 16384)
 2 APPPATH\Config\Routes\UserRoutes.php(63): CodeIgniter\Router\RouteCollection->match([...], 'track-order', 'OrderController::track_order', [...])
 3 APPPATH\Config\Routes\UserRoutes.php(23): App\Config\Routes\UserRoutes::defineRoutes(Object(CodeIgniter\Router\RouteCollection))
 4 APPPATH\Config\Routes.php(21): App\Config\Routes\UserRoutes::init(Object(CodeIgniter\Router\RouteCollection))
 5 SYSTEMPATH\Router\RouteCollection.php(340): require('C:\\xampp\\htdocs\\smartstore\\app\\Config\\Routes.php')
 6 SYSTEMPATH\CodeIgniter.php(823): CodeIgniter\Router\RouteCollection->loadRoutes()
 7 SYSTEMPATH\CodeIgniter.php(457): CodeIgniter\CodeIgniter->tryToRouteIt(null)
 8 SYSTEMPATH\CodeIgniter.php(355): CodeIgniter\CodeIgniter->handleRequest(null, Object(Config\Cache), false)
 9 SYSTEMPATH\Boot.php(325): CodeIgniter\CodeIgniter->run()
10 SYSTEMPATH\Boot.php(67): CodeIgniter\Boot::runCodeIgniter(Object(CodeIgniter\CodeIgniter))
11 FCPATH\index.php(63): CodeIgniter\Boot::bootWeb(Object(Config\Paths))
WARNING - 2025-05-28 12:43:17 --> [DEPRECATED] Passing lowercase HTTP method "post" is deprecated. Use uppercase HTTP method like "POST". in SYSTEMPATH\Router\RouteCollection.php on line 1027.
 1 SYSTEMPATH\Router\RouteCollection.php(1027): trigger_error('Passing lowercase HTTP method "post" is deprecated. Use uppercase HTTP method like "POST".', 16384)
 2 APPPATH\Config\Routes\UserRoutes.php(63): CodeIgniter\Router\RouteCollection->match([...], 'track-order', 'OrderController::track_order', [...])
 3 APPPATH\Config\Routes\UserRoutes.php(23): App\Config\Routes\UserRoutes::defineRoutes(Object(CodeIgniter\Router\RouteCollection))
 4 APPPATH\Config\Routes.php(21): App\Config\Routes\UserRoutes::init(Object(CodeIgniter\Router\RouteCollection))
 5 SYSTEMPATH\Router\RouteCollection.php(340): require('C:\\xampp\\htdocs\\smartstore\\app\\Config\\Routes.php')
 6 SYSTEMPATH\CodeIgniter.php(823): CodeIgniter\Router\RouteCollection->loadRoutes()
 7 SYSTEMPATH\CodeIgniter.php(457): CodeIgniter\CodeIgniter->tryToRouteIt(null)
 8 SYSTEMPATH\CodeIgniter.php(355): CodeIgniter\CodeIgniter->handleRequest(null, Object(Config\Cache), false)
 9 SYSTEMPATH\Boot.php(325): CodeIgniter\CodeIgniter->run()
10 SYSTEMPATH\Boot.php(67): CodeIgniter\Boot::runCodeIgniter(Object(CodeIgniter\CodeIgniter))
11 FCPATH\index.php(63): CodeIgniter\Boot::bootWeb(Object(Config\Paths))
WARNING - 2025-05-28 12:43:17 --> [DEPRECATED] Passing lowercase HTTP method "get" is deprecated. Use uppercase HTTP method like "GET". in SYSTEMPATH\Router\RouteCollection.php on line 1027.
 1 SYSTEMPATH\Router\RouteCollection.php(1027): trigger_error('Passing lowercase HTTP method "get" is deprecated. Use uppercase HTTP method like "GET".', 16384)
 2 APPPATH\Config\Routes\UserRoutes.php(49): CodeIgniter\Router\RouteCollection->match([...], 'submit_review', 'ClientController::submit_review', [...])
 3 APPPATH\Config\Routes\UserRoutes.php(26): App\Config\Routes\UserRoutes::defineRoutes(Object(CodeIgniter\Router\RouteCollection))
 4 SYSTEMPATH\Router\RouteCollection.php(800): App\Config\Routes\UserRoutes::App\Config\Routes\{closure}(Object(CodeIgniter\Router\RouteCollection))
 5 APPPATH\Config\Routes\UserRoutes.php(25): CodeIgniter\Router\RouteCollection->group('{locale}', Object(Closure))
 6 APPPATH\Config\Routes.php(21): App\Config\Routes\UserRoutes::init(Object(CodeIgniter\Router\RouteCollection))
 7 SYSTEMPATH\Router\RouteCollection.php(340): require('C:\\xampp\\htdocs\\smartstore\\app\\Config\\Routes.php')
 8 SYSTEMPATH\CodeIgniter.php(823): CodeIgniter\Router\RouteCollection->loadRoutes()
 9 SYSTEMPATH\CodeIgniter.php(457): CodeIgniter\CodeIgniter->tryToRouteIt(null)
10 SYSTEMPATH\CodeIgniter.php(355): CodeIgniter\CodeIgniter->handleRequest(null, Object(Config\Cache), false)
11 SYSTEMPATH\Boot.php(325): CodeIgniter\CodeIgniter->run()
12 SYSTEMPATH\Boot.php(67): CodeIgniter\Boot::runCodeIgniter(Object(CodeIgniter\CodeIgniter))
13 FCPATH\index.php(63): CodeIgniter\Boot::bootWeb(Object(Config\Paths))
WARNING - 2025-05-28 12:43:17 --> [DEPRECATED] Passing lowercase HTTP method "post" is deprecated. Use uppercase HTTP method like "POST". in SYSTEMPATH\Router\RouteCollection.php on line 1027.
 1 SYSTEMPATH\Router\RouteCollection.php(1027): trigger_error('Passing lowercase HTTP method "post" is deprecated. Use uppercase HTTP method like "POST".', 16384)
 2 APPPATH\Config\Routes\UserRoutes.php(49): CodeIgniter\Router\RouteCollection->match([...], 'submit_review', 'ClientController::submit_review', [...])
 3 APPPATH\Config\Routes\UserRoutes.php(26): App\Config\Routes\UserRoutes::defineRoutes(Object(CodeIgniter\Router\RouteCollection))
 4 SYSTEMPATH\Router\RouteCollection.php(800): App\Config\Routes\UserRoutes::App\Config\Routes\{closure}(Object(CodeIgniter\Router\RouteCollection))
 5 APPPATH\Config\Routes\UserRoutes.php(25): CodeIgniter\Router\RouteCollection->group('{locale}', Object(Closure))
 6 APPPATH\Config\Routes.php(21): App\Config\Routes\UserRoutes::init(Object(CodeIgniter\Router\RouteCollection))
 7 SYSTEMPATH\Router\RouteCollection.php(340): require('C:\\xampp\\htdocs\\smartstore\\app\\Config\\Routes.php')
 8 SYSTEMPATH\CodeIgniter.php(823): CodeIgniter\Router\RouteCollection->loadRoutes()
 9 SYSTEMPATH\CodeIgniter.php(457): CodeIgniter\CodeIgniter->tryToRouteIt(null)
10 SYSTEMPATH\CodeIgniter.php(355): CodeIgniter\CodeIgniter->handleRequest(null, Object(Config\Cache), false)
11 SYSTEMPATH\Boot.php(325): CodeIgniter\CodeIgniter->run()
12 SYSTEMPATH\Boot.php(67): CodeIgniter\Boot::runCodeIgniter(Object(CodeIgniter\CodeIgniter))
13 FCPATH\index.php(63): CodeIgniter\Boot::bootWeb(Object(Config\Paths))
WARNING - 2025-05-28 12:43:17 --> [DEPRECATED] Passing lowercase HTTP method "get" is deprecated. Use uppercase HTTP method like "GET". in SYSTEMPATH\Router\RouteCollection.php on line 1027.
 1 SYSTEMPATH\Router\RouteCollection.php(1027): trigger_error('Passing lowercase HTTP method "get" is deprecated. Use uppercase HTTP method like "GET".', 16384)
 2 APPPATH\Config\Routes\UserRoutes.php(63): CodeIgniter\Router\RouteCollection->match([...], 'track-order', 'OrderController::track_order', [...])
 3 APPPATH\Config\Routes\UserRoutes.php(26): App\Config\Routes\UserRoutes::defineRoutes(Object(CodeIgniter\Router\RouteCollection))
 4 SYSTEMPATH\Router\RouteCollection.php(800): App\Config\Routes\UserRoutes::App\Config\Routes\{closure}(Object(CodeIgniter\Router\RouteCollection))
 5 APPPATH\Config\Routes\UserRoutes.php(25): CodeIgniter\Router\RouteCollection->group('{locale}', Object(Closure))
 6 APPPATH\Config\Routes.php(21): App\Config\Routes\UserRoutes::init(Object(CodeIgniter\Router\RouteCollection))
 7 SYSTEMPATH\Router\RouteCollection.php(340): require('C:\\xampp\\htdocs\\smartstore\\app\\Config\\Routes.php')
 8 SYSTEMPATH\CodeIgniter.php(823): CodeIgniter\Router\RouteCollection->loadRoutes()
 9 SYSTEMPATH\CodeIgniter.php(457): CodeIgniter\CodeIgniter->tryToRouteIt(null)
10 SYSTEMPATH\CodeIgniter.php(355): CodeIgniter\CodeIgniter->handleRequest(null, Object(Config\Cache), false)
11 SYSTEMPATH\Boot.php(325): CodeIgniter\CodeIgniter->run()
12 SYSTEMPATH\Boot.php(67): CodeIgniter\Boot::runCodeIgniter(Object(CodeIgniter\CodeIgniter))
13 FCPATH\index.php(63): CodeIgniter\Boot::bootWeb(Object(Config\Paths))
WARNING - 2025-05-28 12:43:17 --> [DEPRECATED] Passing lowercase HTTP method "post" is deprecated. Use uppercase HTTP method like "POST". in SYSTEMPATH\Router\RouteCollection.php on line 1027.
 1 SYSTEMPATH\Router\RouteCollection.php(1027): trigger_error('Passing lowercase HTTP method "post" is deprecated. Use uppercase HTTP method like "POST".', 16384)
 2 APPPATH\Config\Routes\UserRoutes.php(63): CodeIgniter\Router\RouteCollection->match([...], 'track-order', 'OrderController::track_order', [...])
 3 APPPATH\Config\Routes\UserRoutes.php(26): App\Config\Routes\UserRoutes::defineRoutes(Object(CodeIgniter\Router\RouteCollection))
 4 SYSTEMPATH\Router\RouteCollection.php(800): App\Config\Routes\UserRoutes::App\Config\Routes\{closure}(Object(CodeIgniter\Router\RouteCollection))
 5 APPPATH\Config\Routes\UserRoutes.php(25): CodeIgniter\Router\RouteCollection->group('{locale}', Object(Closure))
 6 APPPATH\Config\Routes.php(21): App\Config\Routes\UserRoutes::init(Object(CodeIgniter\Router\RouteCollection))
 7 SYSTEMPATH\Router\RouteCollection.php(340): require('C:\\xampp\\htdocs\\smartstore\\app\\Config\\Routes.php')
 8 SYSTEMPATH\CodeIgniter.php(823): CodeIgniter\Router\RouteCollection->loadRoutes()
 9 SYSTEMPATH\CodeIgniter.php(457): CodeIgniter\CodeIgniter->tryToRouteIt(null)
10 SYSTEMPATH\CodeIgniter.php(355): CodeIgniter\CodeIgniter->handleRequest(null, Object(Config\Cache), false)
11 SYSTEMPATH\Boot.php(325): CodeIgniter\CodeIgniter->run()
12 SYSTEMPATH\Boot.php(67): CodeIgniter\Boot::runCodeIgniter(Object(CodeIgniter\CodeIgniter))
13 FCPATH\index.php(63): CodeIgniter\Boot::bootWeb(Object(Config\Paths))
INFO - 2025-05-28 12:43:17 --> Session: Class initialized using 'CodeIgniter\Session\Handlers\FileHandler' driver.
WARNING - 2025-05-28 12:43:17 --> [DEPRECATED] Creation of dynamic property App\Controllers\Public\PageController::$load_files is deprecated in APPPATH\Controllers\Public\PageController.php on line 21.
 1 SYSTEMPATH\CodeIgniter.php(903): App\Controllers\Public\PageController->__construct()
 2 SYSTEMPATH\CodeIgniter.php(500): CodeIgniter\CodeIgniter->createController()
 3 SYSTEMPATH\CodeIgniter.php(355): CodeIgniter\CodeIgniter->handleRequest(null, Object(Config\Cache), false)
 4 SYSTEMPATH\Boot.php(325): CodeIgniter\CodeIgniter->run()
 5 SYSTEMPATH\Boot.php(67): CodeIgniter\Boot::runCodeIgniter(Object(CodeIgniter\CodeIgniter))
 6 FCPATH\index.php(63): CodeIgniter\Boot::bootWeb(Object(Config\Paths))
WARNING - 2025-05-28 12:43:17 --> [DEPRECATED] Creation of dynamic property App\Controllers\Public\PageController::$page_title is deprecated in APPPATH\Controllers\Public\PageController.php on line 22.
 1 SYSTEMPATH\CodeIgniter.php(903): App\Controllers\Public\PageController->__construct()
 2 SYSTEMPATH\CodeIgniter.php(500): CodeIgniter\CodeIgniter->createController()
 3 SYSTEMPATH\CodeIgniter.php(355): CodeIgniter\CodeIgniter->handleRequest(null, Object(Config\Cache), false)
 4 SYSTEMPATH\Boot.php(325): CodeIgniter\CodeIgniter->run()
 5 SYSTEMPATH\Boot.php(67): CodeIgniter\Boot::runCodeIgniter(Object(CodeIgniter\CodeIgniter))
 6 FCPATH\index.php(63): CodeIgniter\Boot::bootWeb(Object(Config\Paths))
WARNING - 2025-05-28 15:03:30 --> [DEPRECATED] Passing lowercase HTTP method "get" is deprecated. Use uppercase HTTP method like "GET". in SYSTEMPATH\Router\RouteCollection.php on line 1027.
 1 SYSTEMPATH\Router\RouteCollection.php(1027): trigger_error('Passing lowercase HTTP method "get" is deprecated. Use uppercase HTTP method like "GET".', 16384)
 2 APPPATH\Config\Routes\AdminRoutes.php(65): CodeIgniter\Router\RouteCollection->match([...], 'send_test_mail', 'SettingsController::send_test_mail')
 3 SYSTEMPATH\Router\RouteCollection.php(800): App\Config\Routes\AdminRoutes::App\Config\Routes\{closure}(Object(CodeIgniter\Router\RouteCollection))
 4 APPPATH\Config\Routes\AdminRoutes.php(63): CodeIgniter\Router\RouteCollection->group('settings', [...], Object(Closure))
 5 SYSTEMPATH\Router\RouteCollection.php(800): App\Config\Routes\AdminRoutes::App\Config\Routes\{closure}(Object(CodeIgniter\Router\RouteCollection))
 6 APPPATH\Config\Routes\AdminRoutes.php(28): CodeIgniter\Router\RouteCollection->group('admin', [...], Object(Closure))
 7 APPPATH\Config\Routes.php(20): App\Config\Routes\AdminRoutes::init(Object(CodeIgniter\Router\RouteCollection))
 8 SYSTEMPATH\Router\RouteCollection.php(340): require('C:\\xampp\\htdocs\\smartstore\\app\\Config\\Routes.php')
 9 SYSTEMPATH\CodeIgniter.php(823): CodeIgniter\Router\RouteCollection->loadRoutes()
10 SYSTEMPATH\CodeIgniter.php(457): CodeIgniter\CodeIgniter->tryToRouteIt(null)
11 SYSTEMPATH\CodeIgniter.php(355): CodeIgniter\CodeIgniter->handleRequest(null, Object(Config\Cache), false)
12 SYSTEMPATH\Boot.php(325): CodeIgniter\CodeIgniter->run()
13 SYSTEMPATH\Boot.php(67): CodeIgniter\Boot::runCodeIgniter(Object(CodeIgniter\CodeIgniter))
14 FCPATH\index.php(63): CodeIgniter\Boot::bootWeb(Object(Config\Paths))
WARNING - 2025-05-28 15:03:30 --> [DEPRECATED] Passing lowercase HTTP method "post" is deprecated. Use uppercase HTTP method like "POST". in SYSTEMPATH\Router\RouteCollection.php on line 1027.
 1 SYSTEMPATH\Router\RouteCollection.php(1027): trigger_error('Passing lowercase HTTP method "post" is deprecated. Use uppercase HTTP method like "POST".', 16384)
 2 APPPATH\Config\Routes\AdminRoutes.php(65): CodeIgniter\Router\RouteCollection->match([...], 'send_test_mail', 'SettingsController::send_test_mail')
 3 SYSTEMPATH\Router\RouteCollection.php(800): App\Config\Routes\AdminRoutes::App\Config\Routes\{closure}(Object(CodeIgniter\Router\RouteCollection))
 4 APPPATH\Config\Routes\AdminRoutes.php(63): CodeIgniter\Router\RouteCollection->group('settings', [...], Object(Closure))
 5 SYSTEMPATH\Router\RouteCollection.php(800): App\Config\Routes\AdminRoutes::App\Config\Routes\{closure}(Object(CodeIgniter\Router\RouteCollection))
 6 APPPATH\Config\Routes\AdminRoutes.php(28): CodeIgniter\Router\RouteCollection->group('admin', [...], Object(Closure))
 7 APPPATH\Config\Routes.php(20): App\Config\Routes\AdminRoutes::init(Object(CodeIgniter\Router\RouteCollection))
 8 SYSTEMPATH\Router\RouteCollection.php(340): require('C:\\xampp\\htdocs\\smartstore\\app\\Config\\Routes.php')
 9 SYSTEMPATH\CodeIgniter.php(823): CodeIgniter\Router\RouteCollection->loadRoutes()
10 SYSTEMPATH\CodeIgniter.php(457): CodeIgniter\CodeIgniter->tryToRouteIt(null)
11 SYSTEMPATH\CodeIgniter.php(355): CodeIgniter\CodeIgniter->handleRequest(null, Object(Config\Cache), false)
12 SYSTEMPATH\Boot.php(325): CodeIgniter\CodeIgniter->run()
13 SYSTEMPATH\Boot.php(67): CodeIgniter\Boot::runCodeIgniter(Object(CodeIgniter\CodeIgniter))
14 FCPATH\index.php(63): CodeIgniter\Boot::bootWeb(Object(Config\Paths))
WARNING - 2025-05-28 15:03:30 --> [DEPRECATED] Passing lowercase HTTP method "get" is deprecated. Use uppercase HTTP method like "GET". in SYSTEMPATH\Router\RouteCollection.php on line 1027.
 1 SYSTEMPATH\Router\RouteCollection.php(1027): trigger_error('Passing lowercase HTTP method "get" is deprecated. Use uppercase HTTP method like "GET".', 16384)
 2 APPPATH\Config\Routes\AdminRoutes.php(76): CodeIgniter\Router\RouteCollection->match([...], 'elfinder_connector', 'FilemanagerController::elfinder_connector')
 3 SYSTEMPATH\Router\RouteCollection.php(800): App\Config\Routes\AdminRoutes::App\Config\Routes\{closure}(Object(CodeIgniter\Router\RouteCollection))
 4 APPPATH\Config\Routes\AdminRoutes.php(73): CodeIgniter\Router\RouteCollection->group('filemanager', [...], Object(Closure))
 5 SYSTEMPATH\Router\RouteCollection.php(800): App\Config\Routes\AdminRoutes::App\Config\Routes\{closure}(Object(CodeIgniter\Router\RouteCollection))
 6 APPPATH\Config\Routes\AdminRoutes.php(28): CodeIgniter\Router\RouteCollection->group('admin', [...], Object(Closure))
 7 APPPATH\Config\Routes.php(20): App\Config\Routes\AdminRoutes::init(Object(CodeIgniter\Router\RouteCollection))
 8 SYSTEMPATH\Router\RouteCollection.php(340): require('C:\\xampp\\htdocs\\smartstore\\app\\Config\\Routes.php')
 9 SYSTEMPATH\CodeIgniter.php(823): CodeIgniter\Router\RouteCollection->loadRoutes()
10 SYSTEMPATH\CodeIgniter.php(457): CodeIgniter\CodeIgniter->tryToRouteIt(null)
11 SYSTEMPATH\CodeIgniter.php(355): CodeIgniter\CodeIgniter->handleRequest(null, Object(Config\Cache), false)
12 SYSTEMPATH\Boot.php(325): CodeIgniter\CodeIgniter->run()
13 SYSTEMPATH\Boot.php(67): CodeIgniter\Boot::runCodeIgniter(Object(CodeIgniter\CodeIgniter))
14 FCPATH\index.php(63): CodeIgniter\Boot::bootWeb(Object(Config\Paths))
WARNING - 2025-05-28 15:03:30 --> [DEPRECATED] Passing lowercase HTTP method "post" is deprecated. Use uppercase HTTP method like "POST". in SYSTEMPATH\Router\RouteCollection.php on line 1027.
 1 SYSTEMPATH\Router\RouteCollection.php(1027): trigger_error('Passing lowercase HTTP method "post" is deprecated. Use uppercase HTTP method like "POST".', 16384)
 2 APPPATH\Config\Routes\AdminRoutes.php(76): CodeIgniter\Router\RouteCollection->match([...], 'elfinder_connector', 'FilemanagerController::elfinder_connector')
 3 SYSTEMPATH\Router\RouteCollection.php(800): App\Config\Routes\AdminRoutes::App\Config\Routes\{closure}(Object(CodeIgniter\Router\RouteCollection))
 4 APPPATH\Config\Routes\AdminRoutes.php(73): CodeIgniter\Router\RouteCollection->group('filemanager', [...], Object(Closure))
 5 SYSTEMPATH\Router\RouteCollection.php(800): App\Config\Routes\AdminRoutes::App\Config\Routes\{closure}(Object(CodeIgniter\Router\RouteCollection))
 6 APPPATH\Config\Routes\AdminRoutes.php(28): CodeIgniter\Router\RouteCollection->group('admin', [...], Object(Closure))
 7 APPPATH\Config\Routes.php(20): App\Config\Routes\AdminRoutes::init(Object(CodeIgniter\Router\RouteCollection))
 8 SYSTEMPATH\Router\RouteCollection.php(340): require('C:\\xampp\\htdocs\\smartstore\\app\\Config\\Routes.php')
 9 SYSTEMPATH\CodeIgniter.php(823): CodeIgniter\Router\RouteCollection->loadRoutes()
10 SYSTEMPATH\CodeIgniter.php(457): CodeIgniter\CodeIgniter->tryToRouteIt(null)
11 SYSTEMPATH\CodeIgniter.php(355): CodeIgniter\CodeIgniter->handleRequest(null, Object(Config\Cache), false)
12 SYSTEMPATH\Boot.php(325): CodeIgniter\CodeIgniter->run()
13 SYSTEMPATH\Boot.php(67): CodeIgniter\Boot::runCodeIgniter(Object(CodeIgniter\CodeIgniter))
14 FCPATH\index.php(63): CodeIgniter\Boot::bootWeb(Object(Config\Paths))
WARNING - 2025-05-28 15:03:30 --> [DEPRECATED] Passing lowercase HTTP method "get" is deprecated. Use uppercase HTTP method like "GET". in SYSTEMPATH\Router\RouteCollection.php on line 1027.
 1 SYSTEMPATH\Router\RouteCollection.php(1027): trigger_error('Passing lowercase HTTP method "get" is deprecated. Use uppercase HTTP method like "GET".', 16384)
 2 APPPATH\Config\Routes\AdminRoutes.php(172): CodeIgniter\Router\RouteCollection->match([...], 'sync_services/?(:num)?', 'ProvidersController::sync_services/$1')
 3 SYSTEMPATH\Router\RouteCollection.php(800): App\Config\Routes\AdminRoutes::App\Config\Routes\{closure}(Object(CodeIgniter\Router\RouteCollection))
 4 APPPATH\Config\Routes\AdminRoutes.php(167): CodeIgniter\Router\RouteCollection->group('providers', [...], Object(Closure))
 5 SYSTEMPATH\Router\RouteCollection.php(800): App\Config\Routes\AdminRoutes::App\Config\Routes\{closure}(Object(CodeIgniter\Router\RouteCollection))
 6 APPPATH\Config\Routes\AdminRoutes.php(28): CodeIgniter\Router\RouteCollection->group('admin', [...], Object(Closure))
 7 APPPATH\Config\Routes.php(20): App\Config\Routes\AdminRoutes::init(Object(CodeIgniter\Router\RouteCollection))
 8 SYSTEMPATH\Router\RouteCollection.php(340): require('C:\\xampp\\htdocs\\smartstore\\app\\Config\\Routes.php')
 9 SYSTEMPATH\CodeIgniter.php(823): CodeIgniter\Router\RouteCollection->loadRoutes()
10 SYSTEMPATH\CodeIgniter.php(457): CodeIgniter\CodeIgniter->tryToRouteIt(null)
11 SYSTEMPATH\CodeIgniter.php(355): CodeIgniter\CodeIgniter->handleRequest(null, Object(Config\Cache), false)
12 SYSTEMPATH\Boot.php(325): CodeIgniter\CodeIgniter->run()
13 SYSTEMPATH\Boot.php(67): CodeIgniter\Boot::runCodeIgniter(Object(CodeIgniter\CodeIgniter))
14 FCPATH\index.php(63): CodeIgniter\Boot::bootWeb(Object(Config\Paths))
WARNING - 2025-05-28 15:03:30 --> [DEPRECATED] Passing lowercase HTTP method "post" is deprecated. Use uppercase HTTP method like "POST". in SYSTEMPATH\Router\RouteCollection.php on line 1027.
 1 SYSTEMPATH\Router\RouteCollection.php(1027): trigger_error('Passing lowercase HTTP method "post" is deprecated. Use uppercase HTTP method like "POST".', 16384)
 2 APPPATH\Config\Routes\AdminRoutes.php(172): CodeIgniter\Router\RouteCollection->match([...], 'sync_services/?(:num)?', 'ProvidersController::sync_services/$1')
 3 SYSTEMPATH\Router\RouteCollection.php(800): App\Config\Routes\AdminRoutes::App\Config\Routes\{closure}(Object(CodeIgniter\Router\RouteCollection))
 4 APPPATH\Config\Routes\AdminRoutes.php(167): CodeIgniter\Router\RouteCollection->group('providers', [...], Object(Closure))
 5 SYSTEMPATH\Router\RouteCollection.php(800): App\Config\Routes\AdminRoutes::App\Config\Routes\{closure}(Object(CodeIgniter\Router\RouteCollection))
 6 APPPATH\Config\Routes\AdminRoutes.php(28): CodeIgniter\Router\RouteCollection->group('admin', [...], Object(Closure))
 7 APPPATH\Config\Routes.php(20): App\Config\Routes\AdminRoutes::init(Object(CodeIgniter\Router\RouteCollection))
 8 SYSTEMPATH\Router\RouteCollection.php(340): require('C:\\xampp\\htdocs\\smartstore\\app\\Config\\Routes.php')
 9 SYSTEMPATH\CodeIgniter.php(823): CodeIgniter\Router\RouteCollection->loadRoutes()
10 SYSTEMPATH\CodeIgniter.php(457): CodeIgniter\CodeIgniter->tryToRouteIt(null)
11 SYSTEMPATH\CodeIgniter.php(355): CodeIgniter\CodeIgniter->handleRequest(null, Object(Config\Cache), false)
12 SYSTEMPATH\Boot.php(325): CodeIgniter\CodeIgniter->run()
13 SYSTEMPATH\Boot.php(67): CodeIgniter\Boot::runCodeIgniter(Object(CodeIgniter\CodeIgniter))
14 FCPATH\index.php(63): CodeIgniter\Boot::bootWeb(Object(Config\Paths))
WARNING - 2025-05-28 15:03:30 --> [DEPRECATED] Passing lowercase HTTP method "get" is deprecated. Use uppercase HTTP method like "GET". in SYSTEMPATH\Router\RouteCollection.php on line 1027.
 1 SYSTEMPATH\Router\RouteCollection.php(1027): trigger_error('Passing lowercase HTTP method "get" is deprecated. Use uppercase HTTP method like "GET".', 16384)
 2 APPPATH\Config\Routes\AdminRoutes.php(185): CodeIgniter\Router\RouteCollection->match([...], 'add_note/?(:num)?', 'UsersController::add_note/$1')
 3 SYSTEMPATH\Router\RouteCollection.php(800): App\Config\Routes\AdminRoutes::App\Config\Routes\{closure}(Object(CodeIgniter\Router\RouteCollection))
 4 APPPATH\Config\Routes\AdminRoutes.php(182): CodeIgniter\Router\RouteCollection->group('users', [...], Object(Closure))
 5 SYSTEMPATH\Router\RouteCollection.php(800): App\Config\Routes\AdminRoutes::App\Config\Routes\{closure}(Object(CodeIgniter\Router\RouteCollection))
 6 APPPATH\Config\Routes\AdminRoutes.php(28): CodeIgniter\Router\RouteCollection->group('admin', [...], Object(Closure))
 7 APPPATH\Config\Routes.php(20): App\Config\Routes\AdminRoutes::init(Object(CodeIgniter\Router\RouteCollection))
 8 SYSTEMPATH\Router\RouteCollection.php(340): require('C:\\xampp\\htdocs\\smartstore\\app\\Config\\Routes.php')
 9 SYSTEMPATH\CodeIgniter.php(823): CodeIgniter\Router\RouteCollection->loadRoutes()
10 SYSTEMPATH\CodeIgniter.php(457): CodeIgniter\CodeIgniter->tryToRouteIt(null)
11 SYSTEMPATH\CodeIgniter.php(355): CodeIgniter\CodeIgniter->handleRequest(null, Object(Config\Cache), false)
12 SYSTEMPATH\Boot.php(325): CodeIgniter\CodeIgniter->run()
13 SYSTEMPATH\Boot.php(67): CodeIgniter\Boot::runCodeIgniter(Object(CodeIgniter\CodeIgniter))
14 FCPATH\index.php(63): CodeIgniter\Boot::bootWeb(Object(Config\Paths))
WARNING - 2025-05-28 15:03:30 --> [DEPRECATED] Passing lowercase HTTP method "post" is deprecated. Use uppercase HTTP method like "POST". in SYSTEMPATH\Router\RouteCollection.php on line 1027.
 1 SYSTEMPATH\Router\RouteCollection.php(1027): trigger_error('Passing lowercase HTTP method "post" is deprecated. Use uppercase HTTP method like "POST".', 16384)
 2 APPPATH\Config\Routes\AdminRoutes.php(185): CodeIgniter\Router\RouteCollection->match([...], 'add_note/?(:num)?', 'UsersController::add_note/$1')
 3 SYSTEMPATH\Router\RouteCollection.php(800): App\Config\Routes\AdminRoutes::App\Config\Routes\{closure}(Object(CodeIgniter\Router\RouteCollection))
 4 APPPATH\Config\Routes\AdminRoutes.php(182): CodeIgniter\Router\RouteCollection->group('users', [...], Object(Closure))
 5 SYSTEMPATH\Router\RouteCollection.php(800): App\Config\Routes\AdminRoutes::App\Config\Routes\{closure}(Object(CodeIgniter\Router\RouteCollection))
 6 APPPATH\Config\Routes\AdminRoutes.php(28): CodeIgniter\Router\RouteCollection->group('admin', [...], Object(Closure))
 7 APPPATH\Config\Routes.php(20): App\Config\Routes\AdminRoutes::init(Object(CodeIgniter\Router\RouteCollection))
 8 SYSTEMPATH\Router\RouteCollection.php(340): require('C:\\xampp\\htdocs\\smartstore\\app\\Config\\Routes.php')
 9 SYSTEMPATH\CodeIgniter.php(823): CodeIgniter\Router\RouteCollection->loadRoutes()
10 SYSTEMPATH\CodeIgniter.php(457): CodeIgniter\CodeIgniter->tryToRouteIt(null)
11 SYSTEMPATH\CodeIgniter.php(355): CodeIgniter\CodeIgniter->handleRequest(null, Object(Config\Cache), false)
12 SYSTEMPATH\Boot.php(325): CodeIgniter\CodeIgniter->run()
13 SYSTEMPATH\Boot.php(67): CodeIgniter\Boot::runCodeIgniter(Object(CodeIgniter\CodeIgniter))
14 FCPATH\index.php(63): CodeIgniter\Boot::bootWeb(Object(Config\Paths))
WARNING - 2025-05-28 15:03:30 --> [DEPRECATED] Passing lowercase HTTP method "get" is deprecated. Use uppercase HTTP method like "GET". in SYSTEMPATH\Router\RouteCollection.php on line 1027.
 1 SYSTEMPATH\Router\RouteCollection.php(1027): trigger_error('Passing lowercase HTTP method "get" is deprecated. Use uppercase HTTP method like "GET".', 16384)
 2 APPPATH\Config\Routes\AdminRoutes.php(186): CodeIgniter\Router\RouteCollection->match([...], 'send_mail/?(:num)?', 'UsersController::send_mail/$1')
 3 SYSTEMPATH\Router\RouteCollection.php(800): App\Config\Routes\AdminRoutes::App\Config\Routes\{closure}(Object(CodeIgniter\Router\RouteCollection))
 4 APPPATH\Config\Routes\AdminRoutes.php(182): CodeIgniter\Router\RouteCollection->group('users', [...], Object(Closure))
 5 SYSTEMPATH\Router\RouteCollection.php(800): App\Config\Routes\AdminRoutes::App\Config\Routes\{closure}(Object(CodeIgniter\Router\RouteCollection))
 6 APPPATH\Config\Routes\AdminRoutes.php(28): CodeIgniter\Router\RouteCollection->group('admin', [...], Object(Closure))
 7 APPPATH\Config\Routes.php(20): App\Config\Routes\AdminRoutes::init(Object(CodeIgniter\Router\RouteCollection))
 8 SYSTEMPATH\Router\RouteCollection.php(340): require('C:\\xampp\\htdocs\\smartstore\\app\\Config\\Routes.php')
 9 SYSTEMPATH\CodeIgniter.php(823): CodeIgniter\Router\RouteCollection->loadRoutes()
10 SYSTEMPATH\CodeIgniter.php(457): CodeIgniter\CodeIgniter->tryToRouteIt(null)
11 SYSTEMPATH\CodeIgniter.php(355): CodeIgniter\CodeIgniter->handleRequest(null, Object(Config\Cache), false)
12 SYSTEMPATH\Boot.php(325): CodeIgniter\CodeIgniter->run()
13 SYSTEMPATH\Boot.php(67): CodeIgniter\Boot::runCodeIgniter(Object(CodeIgniter\CodeIgniter))
14 FCPATH\index.php(63): CodeIgniter\Boot::bootWeb(Object(Config\Paths))
WARNING - 2025-05-28 15:03:30 --> [DEPRECATED] Passing lowercase HTTP method "post" is deprecated. Use uppercase HTTP method like "POST". in SYSTEMPATH\Router\RouteCollection.php on line 1027.
 1 SYSTEMPATH\Router\RouteCollection.php(1027): trigger_error('Passing lowercase HTTP method "post" is deprecated. Use uppercase HTTP method like "POST".', 16384)
 2 APPPATH\Config\Routes\AdminRoutes.php(186): CodeIgniter\Router\RouteCollection->match([...], 'send_mail/?(:num)?', 'UsersController::send_mail/$1')
 3 SYSTEMPATH\Router\RouteCollection.php(800): App\Config\Routes\AdminRoutes::App\Config\Routes\{closure}(Object(CodeIgniter\Router\RouteCollection))
 4 APPPATH\Config\Routes\AdminRoutes.php(182): CodeIgniter\Router\RouteCollection->group('users', [...], Object(Closure))
 5 SYSTEMPATH\Router\RouteCollection.php(800): App\Config\Routes\AdminRoutes::App\Config\Routes\{closure}(Object(CodeIgniter\Router\RouteCollection))
 6 APPPATH\Config\Routes\AdminRoutes.php(28): CodeIgniter\Router\RouteCollection->group('admin', [...], Object(Closure))
 7 APPPATH\Config\Routes.php(20): App\Config\Routes\AdminRoutes::init(Object(CodeIgniter\Router\RouteCollection))
 8 SYSTEMPATH\Router\RouteCollection.php(340): require('C:\\xampp\\htdocs\\smartstore\\app\\Config\\Routes.php')
 9 SYSTEMPATH\CodeIgniter.php(823): CodeIgniter\Router\RouteCollection->loadRoutes()
10 SYSTEMPATH\CodeIgniter.php(457): CodeIgniter\CodeIgniter->tryToRouteIt(null)
11 SYSTEMPATH\CodeIgniter.php(355): CodeIgniter\CodeIgniter->handleRequest(null, Object(Config\Cache), false)
12 SYSTEMPATH\Boot.php(325): CodeIgniter\CodeIgniter->run()
13 SYSTEMPATH\Boot.php(67): CodeIgniter\Boot::runCodeIgniter(Object(CodeIgniter\CodeIgniter))
14 FCPATH\index.php(63): CodeIgniter\Boot::bootWeb(Object(Config\Paths))
WARNING - 2025-05-28 15:03:30 --> [DEPRECATED] Passing lowercase HTTP method "get" is deprecated. Use uppercase HTTP method like "GET". in SYSTEMPATH\Router\RouteCollection.php on line 1027.
 1 SYSTEMPATH\Router\RouteCollection.php(1027): trigger_error('Passing lowercase HTTP method "get" is deprecated. Use uppercase HTTP method like "GET".', 16384)
 2 APPPATH\Config\Routes\AdminRoutes.php(215): CodeIgniter\Router\RouteCollection->match([...], 'send_mail/?(:num)?', 'TicketsController::send_mail/$1')
 3 SYSTEMPATH\Router\RouteCollection.php(800): App\Config\Routes\AdminRoutes::App\Config\Routes\{closure}(Object(CodeIgniter\Router\RouteCollection))
 4 APPPATH\Config\Routes\AdminRoutes.php(212): CodeIgniter\Router\RouteCollection->group('tickets', [...], Object(Closure))
 5 SYSTEMPATH\Router\RouteCollection.php(800): App\Config\Routes\AdminRoutes::App\Config\Routes\{closure}(Object(CodeIgniter\Router\RouteCollection))
 6 APPPATH\Config\Routes\AdminRoutes.php(28): CodeIgniter\Router\RouteCollection->group('admin', [...], Object(Closure))
 7 APPPATH\Config\Routes.php(20): App\Config\Routes\AdminRoutes::init(Object(CodeIgniter\Router\RouteCollection))
 8 SYSTEMPATH\Router\RouteCollection.php(340): require('C:\\xampp\\htdocs\\smartstore\\app\\Config\\Routes.php')
 9 SYSTEMPATH\CodeIgniter.php(823): CodeIgniter\Router\RouteCollection->loadRoutes()
10 SYSTEMPATH\CodeIgniter.php(457): CodeIgniter\CodeIgniter->tryToRouteIt(null)
11 SYSTEMPATH\CodeIgniter.php(355): CodeIgniter\CodeIgniter->handleRequest(null, Object(Config\Cache), false)
12 SYSTEMPATH\Boot.php(325): CodeIgniter\CodeIgniter->run()
13 SYSTEMPATH\Boot.php(67): CodeIgniter\Boot::runCodeIgniter(Object(CodeIgniter\CodeIgniter))
14 FCPATH\index.php(63): CodeIgniter\Boot::bootWeb(Object(Config\Paths))
WARNING - 2025-05-28 15:03:30 --> [DEPRECATED] Passing lowercase HTTP method "post" is deprecated. Use uppercase HTTP method like "POST". in SYSTEMPATH\Router\RouteCollection.php on line 1027.
 1 SYSTEMPATH\Router\RouteCollection.php(1027): trigger_error('Passing lowercase HTTP method "post" is deprecated. Use uppercase HTTP method like "POST".', 16384)
 2 APPPATH\Config\Routes\AdminRoutes.php(215): CodeIgniter\Router\RouteCollection->match([...], 'send_mail/?(:num)?', 'TicketsController::send_mail/$1')
 3 SYSTEMPATH\Router\RouteCollection.php(800): App\Config\Routes\AdminRoutes::App\Config\Routes\{closure}(Object(CodeIgniter\Router\RouteCollection))
 4 APPPATH\Config\Routes\AdminRoutes.php(212): CodeIgniter\Router\RouteCollection->group('tickets', [...], Object(Closure))
 5 SYSTEMPATH\Router\RouteCollection.php(800): App\Config\Routes\AdminRoutes::App\Config\Routes\{closure}(Object(CodeIgniter\Router\RouteCollection))
 6 APPPATH\Config\Routes\AdminRoutes.php(28): CodeIgniter\Router\RouteCollection->group('admin', [...], Object(Closure))
 7 APPPATH\Config\Routes.php(20): App\Config\Routes\AdminRoutes::init(Object(CodeIgniter\Router\RouteCollection))
 8 SYSTEMPATH\Router\RouteCollection.php(340): require('C:\\xampp\\htdocs\\smartstore\\app\\Config\\Routes.php')
 9 SYSTEMPATH\CodeIgniter.php(823): CodeIgniter\Router\RouteCollection->loadRoutes()
10 SYSTEMPATH\CodeIgniter.php(457): CodeIgniter\CodeIgniter->tryToRouteIt(null)
11 SYSTEMPATH\CodeIgniter.php(355): CodeIgniter\CodeIgniter->handleRequest(null, Object(Config\Cache), false)
12 SYSTEMPATH\Boot.php(325): CodeIgniter\CodeIgniter->run()
13 SYSTEMPATH\Boot.php(67): CodeIgniter\Boot::runCodeIgniter(Object(CodeIgniter\CodeIgniter))
14 FCPATH\index.php(63): CodeIgniter\Boot::bootWeb(Object(Config\Paths))
WARNING - 2025-05-28 15:03:30 --> [DEPRECATED] Passing lowercase HTTP method "get" is deprecated. Use uppercase HTTP method like "GET". in SYSTEMPATH\Router\RouteCollection.php on line 1027.
 1 SYSTEMPATH\Router\RouteCollection.php(1027): trigger_error('Passing lowercase HTTP method "get" is deprecated. Use uppercase HTTP method like "GET".', 16384)
 2 APPPATH\Config\Routes\UserRoutes.php(49): CodeIgniter\Router\RouteCollection->match([...], 'submit_review', 'ClientController::submit_review', [...])
 3 APPPATH\Config\Routes\UserRoutes.php(23): App\Config\Routes\UserRoutes::defineRoutes(Object(CodeIgniter\Router\RouteCollection))
 4 APPPATH\Config\Routes.php(21): App\Config\Routes\UserRoutes::init(Object(CodeIgniter\Router\RouteCollection))
 5 SYSTEMPATH\Router\RouteCollection.php(340): require('C:\\xampp\\htdocs\\smartstore\\app\\Config\\Routes.php')
 6 SYSTEMPATH\CodeIgniter.php(823): CodeIgniter\Router\RouteCollection->loadRoutes()
 7 SYSTEMPATH\CodeIgniter.php(457): CodeIgniter\CodeIgniter->tryToRouteIt(null)
 8 SYSTEMPATH\CodeIgniter.php(355): CodeIgniter\CodeIgniter->handleRequest(null, Object(Config\Cache), false)
 9 SYSTEMPATH\Boot.php(325): CodeIgniter\CodeIgniter->run()
10 SYSTEMPATH\Boot.php(67): CodeIgniter\Boot::runCodeIgniter(Object(CodeIgniter\CodeIgniter))
11 FCPATH\index.php(63): CodeIgniter\Boot::bootWeb(Object(Config\Paths))
WARNING - 2025-05-28 15:03:30 --> [DEPRECATED] Passing lowercase HTTP method "post" is deprecated. Use uppercase HTTP method like "POST". in SYSTEMPATH\Router\RouteCollection.php on line 1027.
 1 SYSTEMPATH\Router\RouteCollection.php(1027): trigger_error('Passing lowercase HTTP method "post" is deprecated. Use uppercase HTTP method like "POST".', 16384)
 2 APPPATH\Config\Routes\UserRoutes.php(49): CodeIgniter\Router\RouteCollection->match([...], 'submit_review', 'ClientController::submit_review', [...])
 3 APPPATH\Config\Routes\UserRoutes.php(23): App\Config\Routes\UserRoutes::defineRoutes(Object(CodeIgniter\Router\RouteCollection))
 4 APPPATH\Config\Routes.php(21): App\Config\Routes\UserRoutes::init(Object(CodeIgniter\Router\RouteCollection))
 5 SYSTEMPATH\Router\RouteCollection.php(340): require('C:\\xampp\\htdocs\\smartstore\\app\\Config\\Routes.php')
 6 SYSTEMPATH\CodeIgniter.php(823): CodeIgniter\Router\RouteCollection->loadRoutes()
 7 SYSTEMPATH\CodeIgniter.php(457): CodeIgniter\CodeIgniter->tryToRouteIt(null)
 8 SYSTEMPATH\CodeIgniter.php(355): CodeIgniter\CodeIgniter->handleRequest(null, Object(Config\Cache), false)
 9 SYSTEMPATH\Boot.php(325): CodeIgniter\CodeIgniter->run()
10 SYSTEMPATH\Boot.php(67): CodeIgniter\Boot::runCodeIgniter(Object(CodeIgniter\CodeIgniter))
11 FCPATH\index.php(63): CodeIgniter\Boot::bootWeb(Object(Config\Paths))
WARNING - 2025-05-28 15:03:30 --> [DEPRECATED] Passing lowercase HTTP method "get" is deprecated. Use uppercase HTTP method like "GET". in SYSTEMPATH\Router\RouteCollection.php on line 1027.
 1 SYSTEMPATH\Router\RouteCollection.php(1027): trigger_error('Passing lowercase HTTP method "get" is deprecated. Use uppercase HTTP method like "GET".', 16384)
 2 APPPATH\Config\Routes\UserRoutes.php(63): CodeIgniter\Router\RouteCollection->match([...], 'track-order', 'OrderController::track_order', [...])
 3 APPPATH\Config\Routes\UserRoutes.php(23): App\Config\Routes\UserRoutes::defineRoutes(Object(CodeIgniter\Router\RouteCollection))
 4 APPPATH\Config\Routes.php(21): App\Config\Routes\UserRoutes::init(Object(CodeIgniter\Router\RouteCollection))
 5 SYSTEMPATH\Router\RouteCollection.php(340): require('C:\\xampp\\htdocs\\smartstore\\app\\Config\\Routes.php')
 6 SYSTEMPATH\CodeIgniter.php(823): CodeIgniter\Router\RouteCollection->loadRoutes()
 7 SYSTEMPATH\CodeIgniter.php(457): CodeIgniter\CodeIgniter->tryToRouteIt(null)
 8 SYSTEMPATH\CodeIgniter.php(355): CodeIgniter\CodeIgniter->handleRequest(null, Object(Config\Cache), false)
 9 SYSTEMPATH\Boot.php(325): CodeIgniter\CodeIgniter->run()
10 SYSTEMPATH\Boot.php(67): CodeIgniter\Boot::runCodeIgniter(Object(CodeIgniter\CodeIgniter))
11 FCPATH\index.php(63): CodeIgniter\Boot::bootWeb(Object(Config\Paths))
WARNING - 2025-05-28 15:03:30 --> [DEPRECATED] Passing lowercase HTTP method "post" is deprecated. Use uppercase HTTP method like "POST". in SYSTEMPATH\Router\RouteCollection.php on line 1027.
 1 SYSTEMPATH\Router\RouteCollection.php(1027): trigger_error('Passing lowercase HTTP method "post" is deprecated. Use uppercase HTTP method like "POST".', 16384)
 2 APPPATH\Config\Routes\UserRoutes.php(63): CodeIgniter\Router\RouteCollection->match([...], 'track-order', 'OrderController::track_order', [...])
 3 APPPATH\Config\Routes\UserRoutes.php(23): App\Config\Routes\UserRoutes::defineRoutes(Object(CodeIgniter\Router\RouteCollection))
 4 APPPATH\Config\Routes.php(21): App\Config\Routes\UserRoutes::init(Object(CodeIgniter\Router\RouteCollection))
 5 SYSTEMPATH\Router\RouteCollection.php(340): require('C:\\xampp\\htdocs\\smartstore\\app\\Config\\Routes.php')
 6 SYSTEMPATH\CodeIgniter.php(823): CodeIgniter\Router\RouteCollection->loadRoutes()
 7 SYSTEMPATH\CodeIgniter.php(457): CodeIgniter\CodeIgniter->tryToRouteIt(null)
 8 SYSTEMPATH\CodeIgniter.php(355): CodeIgniter\CodeIgniter->handleRequest(null, Object(Config\Cache), false)
 9 SYSTEMPATH\Boot.php(325): CodeIgniter\CodeIgniter->run()
10 SYSTEMPATH\Boot.php(67): CodeIgniter\Boot::runCodeIgniter(Object(CodeIgniter\CodeIgniter))
11 FCPATH\index.php(63): CodeIgniter\Boot::bootWeb(Object(Config\Paths))
WARNING - 2025-05-28 15:03:30 --> [DEPRECATED] Passing lowercase HTTP method "get" is deprecated. Use uppercase HTTP method like "GET". in SYSTEMPATH\Router\RouteCollection.php on line 1027.
 1 SYSTEMPATH\Router\RouteCollection.php(1027): trigger_error('Passing lowercase HTTP method "get" is deprecated. Use uppercase HTTP method like "GET".', 16384)
 2 APPPATH\Config\Routes\UserRoutes.php(49): CodeIgniter\Router\RouteCollection->match([...], 'submit_review', 'ClientController::submit_review', [...])
 3 APPPATH\Config\Routes\UserRoutes.php(26): App\Config\Routes\UserRoutes::defineRoutes(Object(CodeIgniter\Router\RouteCollection))
 4 SYSTEMPATH\Router\RouteCollection.php(800): App\Config\Routes\UserRoutes::App\Config\Routes\{closure}(Object(CodeIgniter\Router\RouteCollection))
 5 APPPATH\Config\Routes\UserRoutes.php(25): CodeIgniter\Router\RouteCollection->group('{locale}', Object(Closure))
 6 APPPATH\Config\Routes.php(21): App\Config\Routes\UserRoutes::init(Object(CodeIgniter\Router\RouteCollection))
 7 SYSTEMPATH\Router\RouteCollection.php(340): require('C:\\xampp\\htdocs\\smartstore\\app\\Config\\Routes.php')
 8 SYSTEMPATH\CodeIgniter.php(823): CodeIgniter\Router\RouteCollection->loadRoutes()
 9 SYSTEMPATH\CodeIgniter.php(457): CodeIgniter\CodeIgniter->tryToRouteIt(null)
10 SYSTEMPATH\CodeIgniter.php(355): CodeIgniter\CodeIgniter->handleRequest(null, Object(Config\Cache), false)
11 SYSTEMPATH\Boot.php(325): CodeIgniter\CodeIgniter->run()
12 SYSTEMPATH\Boot.php(67): CodeIgniter\Boot::runCodeIgniter(Object(CodeIgniter\CodeIgniter))
13 FCPATH\index.php(63): CodeIgniter\Boot::bootWeb(Object(Config\Paths))
WARNING - 2025-05-28 15:03:30 --> [DEPRECATED] Passing lowercase HTTP method "post" is deprecated. Use uppercase HTTP method like "POST". in SYSTEMPATH\Router\RouteCollection.php on line 1027.
 1 SYSTEMPATH\Router\RouteCollection.php(1027): trigger_error('Passing lowercase HTTP method "post" is deprecated. Use uppercase HTTP method like "POST".', 16384)
 2 APPPATH\Config\Routes\UserRoutes.php(49): CodeIgniter\Router\RouteCollection->match([...], 'submit_review', 'ClientController::submit_review', [...])
 3 APPPATH\Config\Routes\UserRoutes.php(26): App\Config\Routes\UserRoutes::defineRoutes(Object(CodeIgniter\Router\RouteCollection))
 4 SYSTEMPATH\Router\RouteCollection.php(800): App\Config\Routes\UserRoutes::App\Config\Routes\{closure}(Object(CodeIgniter\Router\RouteCollection))
 5 APPPATH\Config\Routes\UserRoutes.php(25): CodeIgniter\Router\RouteCollection->group('{locale}', Object(Closure))
 6 APPPATH\Config\Routes.php(21): App\Config\Routes\UserRoutes::init(Object(CodeIgniter\Router\RouteCollection))
 7 SYSTEMPATH\Router\RouteCollection.php(340): require('C:\\xampp\\htdocs\\smartstore\\app\\Config\\Routes.php')
 8 SYSTEMPATH\CodeIgniter.php(823): CodeIgniter\Router\RouteCollection->loadRoutes()
 9 SYSTEMPATH\CodeIgniter.php(457): CodeIgniter\CodeIgniter->tryToRouteIt(null)
10 SYSTEMPATH\CodeIgniter.php(355): CodeIgniter\CodeIgniter->handleRequest(null, Object(Config\Cache), false)
11 SYSTEMPATH\Boot.php(325): CodeIgniter\CodeIgniter->run()
12 SYSTEMPATH\Boot.php(67): CodeIgniter\Boot::runCodeIgniter(Object(CodeIgniter\CodeIgniter))
13 FCPATH\index.php(63): CodeIgniter\Boot::bootWeb(Object(Config\Paths))
WARNING - 2025-05-28 15:03:30 --> [DEPRECATED] Passing lowercase HTTP method "get" is deprecated. Use uppercase HTTP method like "GET". in SYSTEMPATH\Router\RouteCollection.php on line 1027.
 1 SYSTEMPATH\Router\RouteCollection.php(1027): trigger_error('Passing lowercase HTTP method "get" is deprecated. Use uppercase HTTP method like "GET".', 16384)
 2 APPPATH\Config\Routes\UserRoutes.php(63): CodeIgniter\Router\RouteCollection->match([...], 'track-order', 'OrderController::track_order', [...])
 3 APPPATH\Config\Routes\UserRoutes.php(26): App\Config\Routes\UserRoutes::defineRoutes(Object(CodeIgniter\Router\RouteCollection))
 4 SYSTEMPATH\Router\RouteCollection.php(800): App\Config\Routes\UserRoutes::App\Config\Routes\{closure}(Object(CodeIgniter\Router\RouteCollection))
 5 APPPATH\Config\Routes\UserRoutes.php(25): CodeIgniter\Router\RouteCollection->group('{locale}', Object(Closure))
 6 APPPATH\Config\Routes.php(21): App\Config\Routes\UserRoutes::init(Object(CodeIgniter\Router\RouteCollection))
 7 SYSTEMPATH\Router\RouteCollection.php(340): require('C:\\xampp\\htdocs\\smartstore\\app\\Config\\Routes.php')
 8 SYSTEMPATH\CodeIgniter.php(823): CodeIgniter\Router\RouteCollection->loadRoutes()
 9 SYSTEMPATH\CodeIgniter.php(457): CodeIgniter\CodeIgniter->tryToRouteIt(null)
10 SYSTEMPATH\CodeIgniter.php(355): CodeIgniter\CodeIgniter->handleRequest(null, Object(Config\Cache), false)
11 SYSTEMPATH\Boot.php(325): CodeIgniter\CodeIgniter->run()
12 SYSTEMPATH\Boot.php(67): CodeIgniter\Boot::runCodeIgniter(Object(CodeIgniter\CodeIgniter))
13 FCPATH\index.php(63): CodeIgniter\Boot::bootWeb(Object(Config\Paths))
WARNING - 2025-05-28 15:03:30 --> [DEPRECATED] Passing lowercase HTTP method "post" is deprecated. Use uppercase HTTP method like "POST". in SYSTEMPATH\Router\RouteCollection.php on line 1027.
 1 SYSTEMPATH\Router\RouteCollection.php(1027): trigger_error('Passing lowercase HTTP method "post" is deprecated. Use uppercase HTTP method like "POST".', 16384)
 2 APPPATH\Config\Routes\UserRoutes.php(63): CodeIgniter\Router\RouteCollection->match([...], 'track-order', 'OrderController::track_order', [...])
 3 APPPATH\Config\Routes\UserRoutes.php(26): App\Config\Routes\UserRoutes::defineRoutes(Object(CodeIgniter\Router\RouteCollection))
 4 SYSTEMPATH\Router\RouteCollection.php(800): App\Config\Routes\UserRoutes::App\Config\Routes\{closure}(Object(CodeIgniter\Router\RouteCollection))
 5 APPPATH\Config\Routes\UserRoutes.php(25): CodeIgniter\Router\RouteCollection->group('{locale}', Object(Closure))
 6 APPPATH\Config\Routes.php(21): App\Config\Routes\UserRoutes::init(Object(CodeIgniter\Router\RouteCollection))
 7 SYSTEMPATH\Router\RouteCollection.php(340): require('C:\\xampp\\htdocs\\smartstore\\app\\Config\\Routes.php')
 8 SYSTEMPATH\CodeIgniter.php(823): CodeIgniter\Router\RouteCollection->loadRoutes()
 9 SYSTEMPATH\CodeIgniter.php(457): CodeIgniter\CodeIgniter->tryToRouteIt(null)
10 SYSTEMPATH\CodeIgniter.php(355): CodeIgniter\CodeIgniter->handleRequest(null, Object(Config\Cache), false)
11 SYSTEMPATH\Boot.php(325): CodeIgniter\CodeIgniter->run()
12 SYSTEMPATH\Boot.php(67): CodeIgniter\Boot::runCodeIgniter(Object(CodeIgniter\CodeIgniter))
13 FCPATH\index.php(63): CodeIgniter\Boot::bootWeb(Object(Config\Paths))
INFO - 2025-05-28 15:03:30 --> Session: Class initialized using 'CodeIgniter\Session\Handlers\FileHandler' driver.
WARNING - 2025-05-28 15:03:30 --> [DEPRECATED] Creation of dynamic property App\Controllers\Public\PageController::$load_files is deprecated in APPPATH\Controllers\Public\PageController.php on line 21.
 1 SYSTEMPATH\CodeIgniter.php(903): App\Controllers\Public\PageController->__construct()
 2 SYSTEMPATH\CodeIgniter.php(500): CodeIgniter\CodeIgniter->createController()
 3 SYSTEMPATH\CodeIgniter.php(355): CodeIgniter\CodeIgniter->handleRequest(null, Object(Config\Cache), false)
 4 SYSTEMPATH\Boot.php(325): CodeIgniter\CodeIgniter->run()
 5 SYSTEMPATH\Boot.php(67): CodeIgniter\Boot::runCodeIgniter(Object(CodeIgniter\CodeIgniter))
 6 FCPATH\index.php(63): CodeIgniter\Boot::bootWeb(Object(Config\Paths))
WARNING - 2025-05-28 15:03:30 --> [DEPRECATED] Creation of dynamic property App\Controllers\Public\PageController::$page_title is deprecated in APPPATH\Controllers\Public\PageController.php on line 22.
 1 SYSTEMPATH\CodeIgniter.php(903): App\Controllers\Public\PageController->__construct()
 2 SYSTEMPATH\CodeIgniter.php(500): CodeIgniter\CodeIgniter->createController()
 3 SYSTEMPATH\CodeIgniter.php(355): CodeIgniter\CodeIgniter->handleRequest(null, Object(Config\Cache), false)
 4 SYSTEMPATH\Boot.php(325): CodeIgniter\CodeIgniter->run()
 5 SYSTEMPATH\Boot.php(67): CodeIgniter\Boot::runCodeIgniter(Object(CodeIgniter\CodeIgniter))
 6 FCPATH\index.php(63): CodeIgniter\Boot::bootWeb(Object(Config\Paths))
CRITICAL - 2025-05-28 15:04:03 --> CodeIgniter\HTTP\Exceptions\HTTPException: 56 : Recv failure: Connection was reset
[Method: GET, Route: buy-instagram-followers]
in SYSTEMPATH\HTTP\CURLRequest.php on line 694.
 1 SYSTEMPATH\HTTP\CURLRequest.php(694): CodeIgniter\HTTP\Exceptions\HTTPException::forCurlError('56', 'Recv failure: Connection was reset')
 2 SYSTEMPATH\HTTP\CURLRequest.php(383): CodeIgniter\HTTP\CURLRequest->sendRequest([...])
 3 SYSTEMPATH\HTTP\CURLRequest.php(152): CodeIgniter\HTTP\CURLRequest->send('GET', 'http://www.geoplugin.net/json.gp?ip=::1')
 4 SYSTEMPATH\HTTP\CURLRequest.php(187): CodeIgniter\HTTP\CURLRequest->request('GET', 'http://www.geoplugin.net/json.gp?ip=::1', [])
 5 APPPATH\Helpers\currency_timezone_helper.php(29): CodeIgniter\HTTP\CURLRequest->get('http://www.geoplugin.net/json.gp?ip=::1')
 6 APPPATH\Views\themes\regular\elements\scripts.php(10): get_location_info_by_ip()
 7 APPPATH\Views\themes\regular\theme_blade.php(29): include('C:\\xampp\\htdocs\\smartstore\\app\\Views\\themes\\regular\\elements\\scripts.php')
 8 SYSTEMPATH\View\View.php(234): include('C:\\xampp\\htdocs\\smartstore\\app\\Views\\themes\\regular\\theme_blade.php')
 9 SYSTEMPATH\View\View.php(237): CodeIgniter\View\View->CodeIgniter\View\{closure}()
10 SYSTEMPATH\View\View.php(250): CodeIgniter\View\View->render('themes/regular/theme_blade', [], true)
11 SYSTEMPATH\Common.php(1171): CodeIgniter\View\View->render('themes/regular/landing_page', [], true)
12 APPPATH\Controllers\Public\PageController.php(121): view('themes/regular/landing_page', [...])
13 APPPATH\Controllers\Public\PageController.php(65): App\Controllers\Public\PageController->render_page([...], 'category_page')
14 SYSTEMPATH\CodeIgniter.php(933): App\Controllers\Public\PageController->display_page('buy-instagram-followers')
15 SYSTEMPATH\CodeIgniter.php(509): CodeIgniter\CodeIgniter->runController(Object(App\Controllers\Public\PageController))
16 SYSTEMPATH\CodeIgniter.php(355): CodeIgniter\CodeIgniter->handleRequest(null, Object(Config\Cache), false)
17 SYSTEMPATH\Boot.php(325): CodeIgniter\CodeIgniter->run()
18 SYSTEMPATH\Boot.php(67): CodeIgniter\Boot::runCodeIgniter(Object(CodeIgniter\CodeIgniter))
19 FCPATH\index.php(63): CodeIgniter\Boot::bootWeb(Object(Config\Paths))
WARNING - 2025-05-28 15:04:30 --> [DEPRECATED] Passing lowercase HTTP method "get" is deprecated. Use uppercase HTTP method like "GET". in SYSTEMPATH\Router\RouteCollection.php on line 1027.
 1 SYSTEMPATH\Router\RouteCollection.php(1027): trigger_error('Passing lowercase HTTP method "get" is deprecated. Use uppercase HTTP method like "GET".', 16384)
 2 APPPATH\Config\Routes\AdminRoutes.php(65): CodeIgniter\Router\RouteCollection->match([...], 'send_test_mail', 'SettingsController::send_test_mail')
 3 SYSTEMPATH\Router\RouteCollection.php(800): App\Config\Routes\AdminRoutes::App\Config\Routes\{closure}(Object(CodeIgniter\Router\RouteCollection))
 4 APPPATH\Config\Routes\AdminRoutes.php(63): CodeIgniter\Router\RouteCollection->group('settings', [...], Object(Closure))
 5 SYSTEMPATH\Router\RouteCollection.php(800): App\Config\Routes\AdminRoutes::App\Config\Routes\{closure}(Object(CodeIgniter\Router\RouteCollection))
 6 APPPATH\Config\Routes\AdminRoutes.php(28): CodeIgniter\Router\RouteCollection->group('admin', [...], Object(Closure))
 7 APPPATH\Config\Routes.php(20): App\Config\Routes\AdminRoutes::init(Object(CodeIgniter\Router\RouteCollection))
 8 SYSTEMPATH\Router\RouteCollection.php(340): require('C:\\xampp\\htdocs\\smartstore\\app\\Config\\Routes.php')
 9 SYSTEMPATH\CodeIgniter.php(823): CodeIgniter\Router\RouteCollection->loadRoutes()
10 SYSTEMPATH\CodeIgniter.php(457): CodeIgniter\CodeIgniter->tryToRouteIt(null)
11 SYSTEMPATH\CodeIgniter.php(355): CodeIgniter\CodeIgniter->handleRequest(null, Object(Config\Cache), false)
12 SYSTEMPATH\Boot.php(325): CodeIgniter\CodeIgniter->run()
13 SYSTEMPATH\Boot.php(67): CodeIgniter\Boot::runCodeIgniter(Object(CodeIgniter\CodeIgniter))
14 FCPATH\index.php(63): CodeIgniter\Boot::bootWeb(Object(Config\Paths))
WARNING - 2025-05-28 15:04:30 --> [DEPRECATED] Passing lowercase HTTP method "post" is deprecated. Use uppercase HTTP method like "POST". in SYSTEMPATH\Router\RouteCollection.php on line 1027.
 1 SYSTEMPATH\Router\RouteCollection.php(1027): trigger_error('Passing lowercase HTTP method "post" is deprecated. Use uppercase HTTP method like "POST".', 16384)
 2 APPPATH\Config\Routes\AdminRoutes.php(65): CodeIgniter\Router\RouteCollection->match([...], 'send_test_mail', 'SettingsController::send_test_mail')
 3 SYSTEMPATH\Router\RouteCollection.php(800): App\Config\Routes\AdminRoutes::App\Config\Routes\{closure}(Object(CodeIgniter\Router\RouteCollection))
 4 APPPATH\Config\Routes\AdminRoutes.php(63): CodeIgniter\Router\RouteCollection->group('settings', [...], Object(Closure))
 5 SYSTEMPATH\Router\RouteCollection.php(800): App\Config\Routes\AdminRoutes::App\Config\Routes\{closure}(Object(CodeIgniter\Router\RouteCollection))
 6 APPPATH\Config\Routes\AdminRoutes.php(28): CodeIgniter\Router\RouteCollection->group('admin', [...], Object(Closure))
 7 APPPATH\Config\Routes.php(20): App\Config\Routes\AdminRoutes::init(Object(CodeIgniter\Router\RouteCollection))
 8 SYSTEMPATH\Router\RouteCollection.php(340): require('C:\\xampp\\htdocs\\smartstore\\app\\Config\\Routes.php')
 9 SYSTEMPATH\CodeIgniter.php(823): CodeIgniter\Router\RouteCollection->loadRoutes()
10 SYSTEMPATH\CodeIgniter.php(457): CodeIgniter\CodeIgniter->tryToRouteIt(null)
11 SYSTEMPATH\CodeIgniter.php(355): CodeIgniter\CodeIgniter->handleRequest(null, Object(Config\Cache), false)
12 SYSTEMPATH\Boot.php(325): CodeIgniter\CodeIgniter->run()
13 SYSTEMPATH\Boot.php(67): CodeIgniter\Boot::runCodeIgniter(Object(CodeIgniter\CodeIgniter))
14 FCPATH\index.php(63): CodeIgniter\Boot::bootWeb(Object(Config\Paths))
WARNING - 2025-05-28 15:04:30 --> [DEPRECATED] Passing lowercase HTTP method "get" is deprecated. Use uppercase HTTP method like "GET". in SYSTEMPATH\Router\RouteCollection.php on line 1027.
 1 SYSTEMPATH\Router\RouteCollection.php(1027): trigger_error('Passing lowercase HTTP method "get" is deprecated. Use uppercase HTTP method like "GET".', 16384)
 2 APPPATH\Config\Routes\AdminRoutes.php(76): CodeIgniter\Router\RouteCollection->match([...], 'elfinder_connector', 'FilemanagerController::elfinder_connector')
 3 SYSTEMPATH\Router\RouteCollection.php(800): App\Config\Routes\AdminRoutes::App\Config\Routes\{closure}(Object(CodeIgniter\Router\RouteCollection))
 4 APPPATH\Config\Routes\AdminRoutes.php(73): CodeIgniter\Router\RouteCollection->group('filemanager', [...], Object(Closure))
 5 SYSTEMPATH\Router\RouteCollection.php(800): App\Config\Routes\AdminRoutes::App\Config\Routes\{closure}(Object(CodeIgniter\Router\RouteCollection))
 6 APPPATH\Config\Routes\AdminRoutes.php(28): CodeIgniter\Router\RouteCollection->group('admin', [...], Object(Closure))
 7 APPPATH\Config\Routes.php(20): App\Config\Routes\AdminRoutes::init(Object(CodeIgniter\Router\RouteCollection))
 8 SYSTEMPATH\Router\RouteCollection.php(340): require('C:\\xampp\\htdocs\\smartstore\\app\\Config\\Routes.php')
 9 SYSTEMPATH\CodeIgniter.php(823): CodeIgniter\Router\RouteCollection->loadRoutes()
10 SYSTEMPATH\CodeIgniter.php(457): CodeIgniter\CodeIgniter->tryToRouteIt(null)
11 SYSTEMPATH\CodeIgniter.php(355): CodeIgniter\CodeIgniter->handleRequest(null, Object(Config\Cache), false)
12 SYSTEMPATH\Boot.php(325): CodeIgniter\CodeIgniter->run()
13 SYSTEMPATH\Boot.php(67): CodeIgniter\Boot::runCodeIgniter(Object(CodeIgniter\CodeIgniter))
14 FCPATH\index.php(63): CodeIgniter\Boot::bootWeb(Object(Config\Paths))
WARNING - 2025-05-28 15:04:30 --> [DEPRECATED] Passing lowercase HTTP method "post" is deprecated. Use uppercase HTTP method like "POST". in SYSTEMPATH\Router\RouteCollection.php on line 1027.
 1 SYSTEMPATH\Router\RouteCollection.php(1027): trigger_error('Passing lowercase HTTP method "post" is deprecated. Use uppercase HTTP method like "POST".', 16384)
 2 APPPATH\Config\Routes\AdminRoutes.php(76): CodeIgniter\Router\RouteCollection->match([...], 'elfinder_connector', 'FilemanagerController::elfinder_connector')
 3 SYSTEMPATH\Router\RouteCollection.php(800): App\Config\Routes\AdminRoutes::App\Config\Routes\{closure}(Object(CodeIgniter\Router\RouteCollection))
 4 APPPATH\Config\Routes\AdminRoutes.php(73): CodeIgniter\Router\RouteCollection->group('filemanager', [...], Object(Closure))
 5 SYSTEMPATH\Router\RouteCollection.php(800): App\Config\Routes\AdminRoutes::App\Config\Routes\{closure}(Object(CodeIgniter\Router\RouteCollection))
 6 APPPATH\Config\Routes\AdminRoutes.php(28): CodeIgniter\Router\RouteCollection->group('admin', [...], Object(Closure))
 7 APPPATH\Config\Routes.php(20): App\Config\Routes\AdminRoutes::init(Object(CodeIgniter\Router\RouteCollection))
 8 SYSTEMPATH\Router\RouteCollection.php(340): require('C:\\xampp\\htdocs\\smartstore\\app\\Config\\Routes.php')
 9 SYSTEMPATH\CodeIgniter.php(823): CodeIgniter\Router\RouteCollection->loadRoutes()
10 SYSTEMPATH\CodeIgniter.php(457): CodeIgniter\CodeIgniter->tryToRouteIt(null)
11 SYSTEMPATH\CodeIgniter.php(355): CodeIgniter\CodeIgniter->handleRequest(null, Object(Config\Cache), false)
12 SYSTEMPATH\Boot.php(325): CodeIgniter\CodeIgniter->run()
13 SYSTEMPATH\Boot.php(67): CodeIgniter\Boot::runCodeIgniter(Object(CodeIgniter\CodeIgniter))
14 FCPATH\index.php(63): CodeIgniter\Boot::bootWeb(Object(Config\Paths))
WARNING - 2025-05-28 15:04:30 --> [DEPRECATED] Passing lowercase HTTP method "get" is deprecated. Use uppercase HTTP method like "GET". in SYSTEMPATH\Router\RouteCollection.php on line 1027.
 1 SYSTEMPATH\Router\RouteCollection.php(1027): trigger_error('Passing lowercase HTTP method "get" is deprecated. Use uppercase HTTP method like "GET".', 16384)
 2 APPPATH\Config\Routes\AdminRoutes.php(172): CodeIgniter\Router\RouteCollection->match([...], 'sync_services/?(:num)?', 'ProvidersController::sync_services/$1')
 3 SYSTEMPATH\Router\RouteCollection.php(800): App\Config\Routes\AdminRoutes::App\Config\Routes\{closure}(Object(CodeIgniter\Router\RouteCollection))
 4 APPPATH\Config\Routes\AdminRoutes.php(167): CodeIgniter\Router\RouteCollection->group('providers', [...], Object(Closure))
 5 SYSTEMPATH\Router\RouteCollection.php(800): App\Config\Routes\AdminRoutes::App\Config\Routes\{closure}(Object(CodeIgniter\Router\RouteCollection))
 6 APPPATH\Config\Routes\AdminRoutes.php(28): CodeIgniter\Router\RouteCollection->group('admin', [...], Object(Closure))
 7 APPPATH\Config\Routes.php(20): App\Config\Routes\AdminRoutes::init(Object(CodeIgniter\Router\RouteCollection))
 8 SYSTEMPATH\Router\RouteCollection.php(340): require('C:\\xampp\\htdocs\\smartstore\\app\\Config\\Routes.php')
 9 SYSTEMPATH\CodeIgniter.php(823): CodeIgniter\Router\RouteCollection->loadRoutes()
10 SYSTEMPATH\CodeIgniter.php(457): CodeIgniter\CodeIgniter->tryToRouteIt(null)
11 SYSTEMPATH\CodeIgniter.php(355): CodeIgniter\CodeIgniter->handleRequest(null, Object(Config\Cache), false)
12 SYSTEMPATH\Boot.php(325): CodeIgniter\CodeIgniter->run()
13 SYSTEMPATH\Boot.php(67): CodeIgniter\Boot::runCodeIgniter(Object(CodeIgniter\CodeIgniter))
14 FCPATH\index.php(63): CodeIgniter\Boot::bootWeb(Object(Config\Paths))
WARNING - 2025-05-28 15:04:30 --> [DEPRECATED] Passing lowercase HTTP method "post" is deprecated. Use uppercase HTTP method like "POST". in SYSTEMPATH\Router\RouteCollection.php on line 1027.
 1 SYSTEMPATH\Router\RouteCollection.php(1027): trigger_error('Passing lowercase HTTP method "post" is deprecated. Use uppercase HTTP method like "POST".', 16384)
 2 APPPATH\Config\Routes\AdminRoutes.php(172): CodeIgniter\Router\RouteCollection->match([...], 'sync_services/?(:num)?', 'ProvidersController::sync_services/$1')
 3 SYSTEMPATH\Router\RouteCollection.php(800): App\Config\Routes\AdminRoutes::App\Config\Routes\{closure}(Object(CodeIgniter\Router\RouteCollection))
 4 APPPATH\Config\Routes\AdminRoutes.php(167): CodeIgniter\Router\RouteCollection->group('providers', [...], Object(Closure))
 5 SYSTEMPATH\Router\RouteCollection.php(800): App\Config\Routes\AdminRoutes::App\Config\Routes\{closure}(Object(CodeIgniter\Router\RouteCollection))
 6 APPPATH\Config\Routes\AdminRoutes.php(28): CodeIgniter\Router\RouteCollection->group('admin', [...], Object(Closure))
 7 APPPATH\Config\Routes.php(20): App\Config\Routes\AdminRoutes::init(Object(CodeIgniter\Router\RouteCollection))
 8 SYSTEMPATH\Router\RouteCollection.php(340): require('C:\\xampp\\htdocs\\smartstore\\app\\Config\\Routes.php')
 9 SYSTEMPATH\CodeIgniter.php(823): CodeIgniter\Router\RouteCollection->loadRoutes()
10 SYSTEMPATH\CodeIgniter.php(457): CodeIgniter\CodeIgniter->tryToRouteIt(null)
11 SYSTEMPATH\CodeIgniter.php(355): CodeIgniter\CodeIgniter->handleRequest(null, Object(Config\Cache), false)
12 SYSTEMPATH\Boot.php(325): CodeIgniter\CodeIgniter->run()
13 SYSTEMPATH\Boot.php(67): CodeIgniter\Boot::runCodeIgniter(Object(CodeIgniter\CodeIgniter))
14 FCPATH\index.php(63): CodeIgniter\Boot::bootWeb(Object(Config\Paths))
WARNING - 2025-05-28 15:04:30 --> [DEPRECATED] Passing lowercase HTTP method "get" is deprecated. Use uppercase HTTP method like "GET". in SYSTEMPATH\Router\RouteCollection.php on line 1027.
 1 SYSTEMPATH\Router\RouteCollection.php(1027): trigger_error('Passing lowercase HTTP method "get" is deprecated. Use uppercase HTTP method like "GET".', 16384)
 2 APPPATH\Config\Routes\AdminRoutes.php(185): CodeIgniter\Router\RouteCollection->match([...], 'add_note/?(:num)?', 'UsersController::add_note/$1')
 3 SYSTEMPATH\Router\RouteCollection.php(800): App\Config\Routes\AdminRoutes::App\Config\Routes\{closure}(Object(CodeIgniter\Router\RouteCollection))
 4 APPPATH\Config\Routes\AdminRoutes.php(182): CodeIgniter\Router\RouteCollection->group('users', [...], Object(Closure))
 5 SYSTEMPATH\Router\RouteCollection.php(800): App\Config\Routes\AdminRoutes::App\Config\Routes\{closure}(Object(CodeIgniter\Router\RouteCollection))
 6 APPPATH\Config\Routes\AdminRoutes.php(28): CodeIgniter\Router\RouteCollection->group('admin', [...], Object(Closure))
 7 APPPATH\Config\Routes.php(20): App\Config\Routes\AdminRoutes::init(Object(CodeIgniter\Router\RouteCollection))
 8 SYSTEMPATH\Router\RouteCollection.php(340): require('C:\\xampp\\htdocs\\smartstore\\app\\Config\\Routes.php')
 9 SYSTEMPATH\CodeIgniter.php(823): CodeIgniter\Router\RouteCollection->loadRoutes()
10 SYSTEMPATH\CodeIgniter.php(457): CodeIgniter\CodeIgniter->tryToRouteIt(null)
11 SYSTEMPATH\CodeIgniter.php(355): CodeIgniter\CodeIgniter->handleRequest(null, Object(Config\Cache), false)
12 SYSTEMPATH\Boot.php(325): CodeIgniter\CodeIgniter->run()
13 SYSTEMPATH\Boot.php(67): CodeIgniter\Boot::runCodeIgniter(Object(CodeIgniter\CodeIgniter))
14 FCPATH\index.php(63): CodeIgniter\Boot::bootWeb(Object(Config\Paths))
WARNING - 2025-05-28 15:04:30 --> [DEPRECATED] Passing lowercase HTTP method "post" is deprecated. Use uppercase HTTP method like "POST". in SYSTEMPATH\Router\RouteCollection.php on line 1027.
 1 SYSTEMPATH\Router\RouteCollection.php(1027): trigger_error('Passing lowercase HTTP method "post" is deprecated. Use uppercase HTTP method like "POST".', 16384)
 2 APPPATH\Config\Routes\AdminRoutes.php(185): CodeIgniter\Router\RouteCollection->match([...], 'add_note/?(:num)?', 'UsersController::add_note/$1')
 3 SYSTEMPATH\Router\RouteCollection.php(800): App\Config\Routes\AdminRoutes::App\Config\Routes\{closure}(Object(CodeIgniter\Router\RouteCollection))
 4 APPPATH\Config\Routes\AdminRoutes.php(182): CodeIgniter\Router\RouteCollection->group('users', [...], Object(Closure))
 5 SYSTEMPATH\Router\RouteCollection.php(800): App\Config\Routes\AdminRoutes::App\Config\Routes\{closure}(Object(CodeIgniter\Router\RouteCollection))
 6 APPPATH\Config\Routes\AdminRoutes.php(28): CodeIgniter\Router\RouteCollection->group('admin', [...], Object(Closure))
 7 APPPATH\Config\Routes.php(20): App\Config\Routes\AdminRoutes::init(Object(CodeIgniter\Router\RouteCollection))
 8 SYSTEMPATH\Router\RouteCollection.php(340): require('C:\\xampp\\htdocs\\smartstore\\app\\Config\\Routes.php')
 9 SYSTEMPATH\CodeIgniter.php(823): CodeIgniter\Router\RouteCollection->loadRoutes()
10 SYSTEMPATH\CodeIgniter.php(457): CodeIgniter\CodeIgniter->tryToRouteIt(null)
11 SYSTEMPATH\CodeIgniter.php(355): CodeIgniter\CodeIgniter->handleRequest(null, Object(Config\Cache), false)
12 SYSTEMPATH\Boot.php(325): CodeIgniter\CodeIgniter->run()
13 SYSTEMPATH\Boot.php(67): CodeIgniter\Boot::runCodeIgniter(Object(CodeIgniter\CodeIgniter))
14 FCPATH\index.php(63): CodeIgniter\Boot::bootWeb(Object(Config\Paths))
WARNING - 2025-05-28 15:04:30 --> [DEPRECATED] Passing lowercase HTTP method "get" is deprecated. Use uppercase HTTP method like "GET". in SYSTEMPATH\Router\RouteCollection.php on line 1027.
 1 SYSTEMPATH\Router\RouteCollection.php(1027): trigger_error('Passing lowercase HTTP method "get" is deprecated. Use uppercase HTTP method like "GET".', 16384)
 2 APPPATH\Config\Routes\AdminRoutes.php(186): CodeIgniter\Router\RouteCollection->match([...], 'send_mail/?(:num)?', 'UsersController::send_mail/$1')
 3 SYSTEMPATH\Router\RouteCollection.php(800): App\Config\Routes\AdminRoutes::App\Config\Routes\{closure}(Object(CodeIgniter\Router\RouteCollection))
 4 APPPATH\Config\Routes\AdminRoutes.php(182): CodeIgniter\Router\RouteCollection->group('users', [...], Object(Closure))
 5 SYSTEMPATH\Router\RouteCollection.php(800): App\Config\Routes\AdminRoutes::App\Config\Routes\{closure}(Object(CodeIgniter\Router\RouteCollection))
 6 APPPATH\Config\Routes\AdminRoutes.php(28): CodeIgniter\Router\RouteCollection->group('admin', [...], Object(Closure))
 7 APPPATH\Config\Routes.php(20): App\Config\Routes\AdminRoutes::init(Object(CodeIgniter\Router\RouteCollection))
 8 SYSTEMPATH\Router\RouteCollection.php(340): require('C:\\xampp\\htdocs\\smartstore\\app\\Config\\Routes.php')
 9 SYSTEMPATH\CodeIgniter.php(823): CodeIgniter\Router\RouteCollection->loadRoutes()
10 SYSTEMPATH\CodeIgniter.php(457): CodeIgniter\CodeIgniter->tryToRouteIt(null)
11 SYSTEMPATH\CodeIgniter.php(355): CodeIgniter\CodeIgniter->handleRequest(null, Object(Config\Cache), false)
12 SYSTEMPATH\Boot.php(325): CodeIgniter\CodeIgniter->run()
13 SYSTEMPATH\Boot.php(67): CodeIgniter\Boot::runCodeIgniter(Object(CodeIgniter\CodeIgniter))
14 FCPATH\index.php(63): CodeIgniter\Boot::bootWeb(Object(Config\Paths))
WARNING - 2025-05-28 15:04:30 --> [DEPRECATED] Passing lowercase HTTP method "post" is deprecated. Use uppercase HTTP method like "POST". in SYSTEMPATH\Router\RouteCollection.php on line 1027.
 1 SYSTEMPATH\Router\RouteCollection.php(1027): trigger_error('Passing lowercase HTTP method "post" is deprecated. Use uppercase HTTP method like "POST".', 16384)
 2 APPPATH\Config\Routes\AdminRoutes.php(186): CodeIgniter\Router\RouteCollection->match([...], 'send_mail/?(:num)?', 'UsersController::send_mail/$1')
 3 SYSTEMPATH\Router\RouteCollection.php(800): App\Config\Routes\AdminRoutes::App\Config\Routes\{closure}(Object(CodeIgniter\Router\RouteCollection))
 4 APPPATH\Config\Routes\AdminRoutes.php(182): CodeIgniter\Router\RouteCollection->group('users', [...], Object(Closure))
 5 SYSTEMPATH\Router\RouteCollection.php(800): App\Config\Routes\AdminRoutes::App\Config\Routes\{closure}(Object(CodeIgniter\Router\RouteCollection))
 6 APPPATH\Config\Routes\AdminRoutes.php(28): CodeIgniter\Router\RouteCollection->group('admin', [...], Object(Closure))
 7 APPPATH\Config\Routes.php(20): App\Config\Routes\AdminRoutes::init(Object(CodeIgniter\Router\RouteCollection))
 8 SYSTEMPATH\Router\RouteCollection.php(340): require('C:\\xampp\\htdocs\\smartstore\\app\\Config\\Routes.php')
 9 SYSTEMPATH\CodeIgniter.php(823): CodeIgniter\Router\RouteCollection->loadRoutes()
10 SYSTEMPATH\CodeIgniter.php(457): CodeIgniter\CodeIgniter->tryToRouteIt(null)
11 SYSTEMPATH\CodeIgniter.php(355): CodeIgniter\CodeIgniter->handleRequest(null, Object(Config\Cache), false)
12 SYSTEMPATH\Boot.php(325): CodeIgniter\CodeIgniter->run()
13 SYSTEMPATH\Boot.php(67): CodeIgniter\Boot::runCodeIgniter(Object(CodeIgniter\CodeIgniter))
14 FCPATH\index.php(63): CodeIgniter\Boot::bootWeb(Object(Config\Paths))
WARNING - 2025-05-28 15:04:30 --> [DEPRECATED] Passing lowercase HTTP method "get" is deprecated. Use uppercase HTTP method like "GET". in SYSTEMPATH\Router\RouteCollection.php on line 1027.
 1 SYSTEMPATH\Router\RouteCollection.php(1027): trigger_error('Passing lowercase HTTP method "get" is deprecated. Use uppercase HTTP method like "GET".', 16384)
 2 APPPATH\Config\Routes\AdminRoutes.php(215): CodeIgniter\Router\RouteCollection->match([...], 'send_mail/?(:num)?', 'TicketsController::send_mail/$1')
 3 SYSTEMPATH\Router\RouteCollection.php(800): App\Config\Routes\AdminRoutes::App\Config\Routes\{closure}(Object(CodeIgniter\Router\RouteCollection))
 4 APPPATH\Config\Routes\AdminRoutes.php(212): CodeIgniter\Router\RouteCollection->group('tickets', [...], Object(Closure))
 5 SYSTEMPATH\Router\RouteCollection.php(800): App\Config\Routes\AdminRoutes::App\Config\Routes\{closure}(Object(CodeIgniter\Router\RouteCollection))
 6 APPPATH\Config\Routes\AdminRoutes.php(28): CodeIgniter\Router\RouteCollection->group('admin', [...], Object(Closure))
 7 APPPATH\Config\Routes.php(20): App\Config\Routes\AdminRoutes::init(Object(CodeIgniter\Router\RouteCollection))
 8 SYSTEMPATH\Router\RouteCollection.php(340): require('C:\\xampp\\htdocs\\smartstore\\app\\Config\\Routes.php')
 9 SYSTEMPATH\CodeIgniter.php(823): CodeIgniter\Router\RouteCollection->loadRoutes()
10 SYSTEMPATH\CodeIgniter.php(457): CodeIgniter\CodeIgniter->tryToRouteIt(null)
11 SYSTEMPATH\CodeIgniter.php(355): CodeIgniter\CodeIgniter->handleRequest(null, Object(Config\Cache), false)
12 SYSTEMPATH\Boot.php(325): CodeIgniter\CodeIgniter->run()
13 SYSTEMPATH\Boot.php(67): CodeIgniter\Boot::runCodeIgniter(Object(CodeIgniter\CodeIgniter))
14 FCPATH\index.php(63): CodeIgniter\Boot::bootWeb(Object(Config\Paths))
WARNING - 2025-05-28 15:04:30 --> [DEPRECATED] Passing lowercase HTTP method "post" is deprecated. Use uppercase HTTP method like "POST". in SYSTEMPATH\Router\RouteCollection.php on line 1027.
 1 SYSTEMPATH\Router\RouteCollection.php(1027): trigger_error('Passing lowercase HTTP method "post" is deprecated. Use uppercase HTTP method like "POST".', 16384)
 2 APPPATH\Config\Routes\AdminRoutes.php(215): CodeIgniter\Router\RouteCollection->match([...], 'send_mail/?(:num)?', 'TicketsController::send_mail/$1')
 3 SYSTEMPATH\Router\RouteCollection.php(800): App\Config\Routes\AdminRoutes::App\Config\Routes\{closure}(Object(CodeIgniter\Router\RouteCollection))
 4 APPPATH\Config\Routes\AdminRoutes.php(212): CodeIgniter\Router\RouteCollection->group('tickets', [...], Object(Closure))
 5 SYSTEMPATH\Router\RouteCollection.php(800): App\Config\Routes\AdminRoutes::App\Config\Routes\{closure}(Object(CodeIgniter\Router\RouteCollection))
 6 APPPATH\Config\Routes\AdminRoutes.php(28): CodeIgniter\Router\RouteCollection->group('admin', [...], Object(Closure))
 7 APPPATH\Config\Routes.php(20): App\Config\Routes\AdminRoutes::init(Object(CodeIgniter\Router\RouteCollection))
 8 SYSTEMPATH\Router\RouteCollection.php(340): require('C:\\xampp\\htdocs\\smartstore\\app\\Config\\Routes.php')
 9 SYSTEMPATH\CodeIgniter.php(823): CodeIgniter\Router\RouteCollection->loadRoutes()
10 SYSTEMPATH\CodeIgniter.php(457): CodeIgniter\CodeIgniter->tryToRouteIt(null)
11 SYSTEMPATH\CodeIgniter.php(355): CodeIgniter\CodeIgniter->handleRequest(null, Object(Config\Cache), false)
12 SYSTEMPATH\Boot.php(325): CodeIgniter\CodeIgniter->run()
13 SYSTEMPATH\Boot.php(67): CodeIgniter\Boot::runCodeIgniter(Object(CodeIgniter\CodeIgniter))
14 FCPATH\index.php(63): CodeIgniter\Boot::bootWeb(Object(Config\Paths))
WARNING - 2025-05-28 15:04:30 --> [DEPRECATED] Passing lowercase HTTP method "get" is deprecated. Use uppercase HTTP method like "GET". in SYSTEMPATH\Router\RouteCollection.php on line 1027.
 1 SYSTEMPATH\Router\RouteCollection.php(1027): trigger_error('Passing lowercase HTTP method "get" is deprecated. Use uppercase HTTP method like "GET".', 16384)
 2 APPPATH\Config\Routes\UserRoutes.php(49): CodeIgniter\Router\RouteCollection->match([...], 'submit_review', 'ClientController::submit_review', [...])
 3 APPPATH\Config\Routes\UserRoutes.php(23): App\Config\Routes\UserRoutes::defineRoutes(Object(CodeIgniter\Router\RouteCollection))
 4 APPPATH\Config\Routes.php(21): App\Config\Routes\UserRoutes::init(Object(CodeIgniter\Router\RouteCollection))
 5 SYSTEMPATH\Router\RouteCollection.php(340): require('C:\\xampp\\htdocs\\smartstore\\app\\Config\\Routes.php')
 6 SYSTEMPATH\CodeIgniter.php(823): CodeIgniter\Router\RouteCollection->loadRoutes()
 7 SYSTEMPATH\CodeIgniter.php(457): CodeIgniter\CodeIgniter->tryToRouteIt(null)
 8 SYSTEMPATH\CodeIgniter.php(355): CodeIgniter\CodeIgniter->handleRequest(null, Object(Config\Cache), false)
 9 SYSTEMPATH\Boot.php(325): CodeIgniter\CodeIgniter->run()
10 SYSTEMPATH\Boot.php(67): CodeIgniter\Boot::runCodeIgniter(Object(CodeIgniter\CodeIgniter))
11 FCPATH\index.php(63): CodeIgniter\Boot::bootWeb(Object(Config\Paths))
WARNING - 2025-05-28 15:04:30 --> [DEPRECATED] Passing lowercase HTTP method "post" is deprecated. Use uppercase HTTP method like "POST". in SYSTEMPATH\Router\RouteCollection.php on line 1027.
 1 SYSTEMPATH\Router\RouteCollection.php(1027): trigger_error('Passing lowercase HTTP method "post" is deprecated. Use uppercase HTTP method like "POST".', 16384)
 2 APPPATH\Config\Routes\UserRoutes.php(49): CodeIgniter\Router\RouteCollection->match([...], 'submit_review', 'ClientController::submit_review', [...])
 3 APPPATH\Config\Routes\UserRoutes.php(23): App\Config\Routes\UserRoutes::defineRoutes(Object(CodeIgniter\Router\RouteCollection))
 4 APPPATH\Config\Routes.php(21): App\Config\Routes\UserRoutes::init(Object(CodeIgniter\Router\RouteCollection))
 5 SYSTEMPATH\Router\RouteCollection.php(340): require('C:\\xampp\\htdocs\\smartstore\\app\\Config\\Routes.php')
 6 SYSTEMPATH\CodeIgniter.php(823): CodeIgniter\Router\RouteCollection->loadRoutes()
 7 SYSTEMPATH\CodeIgniter.php(457): CodeIgniter\CodeIgniter->tryToRouteIt(null)
 8 SYSTEMPATH\CodeIgniter.php(355): CodeIgniter\CodeIgniter->handleRequest(null, Object(Config\Cache), false)
 9 SYSTEMPATH\Boot.php(325): CodeIgniter\CodeIgniter->run()
10 SYSTEMPATH\Boot.php(67): CodeIgniter\Boot::runCodeIgniter(Object(CodeIgniter\CodeIgniter))
11 FCPATH\index.php(63): CodeIgniter\Boot::bootWeb(Object(Config\Paths))
WARNING - 2025-05-28 15:04:30 --> [DEPRECATED] Passing lowercase HTTP method "get" is deprecated. Use uppercase HTTP method like "GET". in SYSTEMPATH\Router\RouteCollection.php on line 1027.
 1 SYSTEMPATH\Router\RouteCollection.php(1027): trigger_error('Passing lowercase HTTP method "get" is deprecated. Use uppercase HTTP method like "GET".', 16384)
 2 APPPATH\Config\Routes\UserRoutes.php(63): CodeIgniter\Router\RouteCollection->match([...], 'track-order', 'OrderController::track_order', [...])
 3 APPPATH\Config\Routes\UserRoutes.php(23): App\Config\Routes\UserRoutes::defineRoutes(Object(CodeIgniter\Router\RouteCollection))
 4 APPPATH\Config\Routes.php(21): App\Config\Routes\UserRoutes::init(Object(CodeIgniter\Router\RouteCollection))
 5 SYSTEMPATH\Router\RouteCollection.php(340): require('C:\\xampp\\htdocs\\smartstore\\app\\Config\\Routes.php')
 6 SYSTEMPATH\CodeIgniter.php(823): CodeIgniter\Router\RouteCollection->loadRoutes()
 7 SYSTEMPATH\CodeIgniter.php(457): CodeIgniter\CodeIgniter->tryToRouteIt(null)
 8 SYSTEMPATH\CodeIgniter.php(355): CodeIgniter\CodeIgniter->handleRequest(null, Object(Config\Cache), false)
 9 SYSTEMPATH\Boot.php(325): CodeIgniter\CodeIgniter->run()
10 SYSTEMPATH\Boot.php(67): CodeIgniter\Boot::runCodeIgniter(Object(CodeIgniter\CodeIgniter))
11 FCPATH\index.php(63): CodeIgniter\Boot::bootWeb(Object(Config\Paths))
WARNING - 2025-05-28 15:04:30 --> [DEPRECATED] Passing lowercase HTTP method "post" is deprecated. Use uppercase HTTP method like "POST". in SYSTEMPATH\Router\RouteCollection.php on line 1027.
 1 SYSTEMPATH\Router\RouteCollection.php(1027): trigger_error('Passing lowercase HTTP method "post" is deprecated. Use uppercase HTTP method like "POST".', 16384)
 2 APPPATH\Config\Routes\UserRoutes.php(63): CodeIgniter\Router\RouteCollection->match([...], 'track-order', 'OrderController::track_order', [...])
 3 APPPATH\Config\Routes\UserRoutes.php(23): App\Config\Routes\UserRoutes::defineRoutes(Object(CodeIgniter\Router\RouteCollection))
 4 APPPATH\Config\Routes.php(21): App\Config\Routes\UserRoutes::init(Object(CodeIgniter\Router\RouteCollection))
 5 SYSTEMPATH\Router\RouteCollection.php(340): require('C:\\xampp\\htdocs\\smartstore\\app\\Config\\Routes.php')
 6 SYSTEMPATH\CodeIgniter.php(823): CodeIgniter\Router\RouteCollection->loadRoutes()
 7 SYSTEMPATH\CodeIgniter.php(457): CodeIgniter\CodeIgniter->tryToRouteIt(null)
 8 SYSTEMPATH\CodeIgniter.php(355): CodeIgniter\CodeIgniter->handleRequest(null, Object(Config\Cache), false)
 9 SYSTEMPATH\Boot.php(325): CodeIgniter\CodeIgniter->run()
10 SYSTEMPATH\Boot.php(67): CodeIgniter\Boot::runCodeIgniter(Object(CodeIgniter\CodeIgniter))
11 FCPATH\index.php(63): CodeIgniter\Boot::bootWeb(Object(Config\Paths))
WARNING - 2025-05-28 15:04:30 --> [DEPRECATED] Passing lowercase HTTP method "get" is deprecated. Use uppercase HTTP method like "GET". in SYSTEMPATH\Router\RouteCollection.php on line 1027.
 1 SYSTEMPATH\Router\RouteCollection.php(1027): trigger_error('Passing lowercase HTTP method "get" is deprecated. Use uppercase HTTP method like "GET".', 16384)
 2 APPPATH\Config\Routes\UserRoutes.php(49): CodeIgniter\Router\RouteCollection->match([...], 'submit_review', 'ClientController::submit_review', [...])
 3 APPPATH\Config\Routes\UserRoutes.php(26): App\Config\Routes\UserRoutes::defineRoutes(Object(CodeIgniter\Router\RouteCollection))
 4 SYSTEMPATH\Router\RouteCollection.php(800): App\Config\Routes\UserRoutes::App\Config\Routes\{closure}(Object(CodeIgniter\Router\RouteCollection))
 5 APPPATH\Config\Routes\UserRoutes.php(25): CodeIgniter\Router\RouteCollection->group('{locale}', Object(Closure))
 6 APPPATH\Config\Routes.php(21): App\Config\Routes\UserRoutes::init(Object(CodeIgniter\Router\RouteCollection))
 7 SYSTEMPATH\Router\RouteCollection.php(340): require('C:\\xampp\\htdocs\\smartstore\\app\\Config\\Routes.php')
 8 SYSTEMPATH\CodeIgniter.php(823): CodeIgniter\Router\RouteCollection->loadRoutes()
 9 SYSTEMPATH\CodeIgniter.php(457): CodeIgniter\CodeIgniter->tryToRouteIt(null)
10 SYSTEMPATH\CodeIgniter.php(355): CodeIgniter\CodeIgniter->handleRequest(null, Object(Config\Cache), false)
11 SYSTEMPATH\Boot.php(325): CodeIgniter\CodeIgniter->run()
12 SYSTEMPATH\Boot.php(67): CodeIgniter\Boot::runCodeIgniter(Object(CodeIgniter\CodeIgniter))
13 FCPATH\index.php(63): CodeIgniter\Boot::bootWeb(Object(Config\Paths))
WARNING - 2025-05-28 15:04:30 --> [DEPRECATED] Passing lowercase HTTP method "post" is deprecated. Use uppercase HTTP method like "POST". in SYSTEMPATH\Router\RouteCollection.php on line 1027.
 1 SYSTEMPATH\Router\RouteCollection.php(1027): trigger_error('Passing lowercase HTTP method "post" is deprecated. Use uppercase HTTP method like "POST".', 16384)
 2 APPPATH\Config\Routes\UserRoutes.php(49): CodeIgniter\Router\RouteCollection->match([...], 'submit_review', 'ClientController::submit_review', [...])
 3 APPPATH\Config\Routes\UserRoutes.php(26): App\Config\Routes\UserRoutes::defineRoutes(Object(CodeIgniter\Router\RouteCollection))
 4 SYSTEMPATH\Router\RouteCollection.php(800): App\Config\Routes\UserRoutes::App\Config\Routes\{closure}(Object(CodeIgniter\Router\RouteCollection))
 5 APPPATH\Config\Routes\UserRoutes.php(25): CodeIgniter\Router\RouteCollection->group('{locale}', Object(Closure))
 6 APPPATH\Config\Routes.php(21): App\Config\Routes\UserRoutes::init(Object(CodeIgniter\Router\RouteCollection))
 7 SYSTEMPATH\Router\RouteCollection.php(340): require('C:\\xampp\\htdocs\\smartstore\\app\\Config\\Routes.php')
 8 SYSTEMPATH\CodeIgniter.php(823): CodeIgniter\Router\RouteCollection->loadRoutes()
 9 SYSTEMPATH\CodeIgniter.php(457): CodeIgniter\CodeIgniter->tryToRouteIt(null)
10 SYSTEMPATH\CodeIgniter.php(355): CodeIgniter\CodeIgniter->handleRequest(null, Object(Config\Cache), false)
11 SYSTEMPATH\Boot.php(325): CodeIgniter\CodeIgniter->run()
12 SYSTEMPATH\Boot.php(67): CodeIgniter\Boot::runCodeIgniter(Object(CodeIgniter\CodeIgniter))
13 FCPATH\index.php(63): CodeIgniter\Boot::bootWeb(Object(Config\Paths))
WARNING - 2025-05-28 15:04:30 --> [DEPRECATED] Passing lowercase HTTP method "get" is deprecated. Use uppercase HTTP method like "GET". in SYSTEMPATH\Router\RouteCollection.php on line 1027.
 1 SYSTEMPATH\Router\RouteCollection.php(1027): trigger_error('Passing lowercase HTTP method "get" is deprecated. Use uppercase HTTP method like "GET".', 16384)
 2 APPPATH\Config\Routes\UserRoutes.php(63): CodeIgniter\Router\RouteCollection->match([...], 'track-order', 'OrderController::track_order', [...])
 3 APPPATH\Config\Routes\UserRoutes.php(26): App\Config\Routes\UserRoutes::defineRoutes(Object(CodeIgniter\Router\RouteCollection))
 4 SYSTEMPATH\Router\RouteCollection.php(800): App\Config\Routes\UserRoutes::App\Config\Routes\{closure}(Object(CodeIgniter\Router\RouteCollection))
 5 APPPATH\Config\Routes\UserRoutes.php(25): CodeIgniter\Router\RouteCollection->group('{locale}', Object(Closure))
 6 APPPATH\Config\Routes.php(21): App\Config\Routes\UserRoutes::init(Object(CodeIgniter\Router\RouteCollection))
 7 SYSTEMPATH\Router\RouteCollection.php(340): require('C:\\xampp\\htdocs\\smartstore\\app\\Config\\Routes.php')
 8 SYSTEMPATH\CodeIgniter.php(823): CodeIgniter\Router\RouteCollection->loadRoutes()
 9 SYSTEMPATH\CodeIgniter.php(457): CodeIgniter\CodeIgniter->tryToRouteIt(null)
10 SYSTEMPATH\CodeIgniter.php(355): CodeIgniter\CodeIgniter->handleRequest(null, Object(Config\Cache), false)
11 SYSTEMPATH\Boot.php(325): CodeIgniter\CodeIgniter->run()
12 SYSTEMPATH\Boot.php(67): CodeIgniter\Boot::runCodeIgniter(Object(CodeIgniter\CodeIgniter))
13 FCPATH\index.php(63): CodeIgniter\Boot::bootWeb(Object(Config\Paths))
WARNING - 2025-05-28 15:04:30 --> [DEPRECATED] Passing lowercase HTTP method "post" is deprecated. Use uppercase HTTP method like "POST". in SYSTEMPATH\Router\RouteCollection.php on line 1027.
 1 SYSTEMPATH\Router\RouteCollection.php(1027): trigger_error('Passing lowercase HTTP method "post" is deprecated. Use uppercase HTTP method like "POST".', 16384)
 2 APPPATH\Config\Routes\UserRoutes.php(63): CodeIgniter\Router\RouteCollection->match([...], 'track-order', 'OrderController::track_order', [...])
 3 APPPATH\Config\Routes\UserRoutes.php(26): App\Config\Routes\UserRoutes::defineRoutes(Object(CodeIgniter\Router\RouteCollection))
 4 SYSTEMPATH\Router\RouteCollection.php(800): App\Config\Routes\UserRoutes::App\Config\Routes\{closure}(Object(CodeIgniter\Router\RouteCollection))
 5 APPPATH\Config\Routes\UserRoutes.php(25): CodeIgniter\Router\RouteCollection->group('{locale}', Object(Closure))
 6 APPPATH\Config\Routes.php(21): App\Config\Routes\UserRoutes::init(Object(CodeIgniter\Router\RouteCollection))
 7 SYSTEMPATH\Router\RouteCollection.php(340): require('C:\\xampp\\htdocs\\smartstore\\app\\Config\\Routes.php')
 8 SYSTEMPATH\CodeIgniter.php(823): CodeIgniter\Router\RouteCollection->loadRoutes()
 9 SYSTEMPATH\CodeIgniter.php(457): CodeIgniter\CodeIgniter->tryToRouteIt(null)
10 SYSTEMPATH\CodeIgniter.php(355): CodeIgniter\CodeIgniter->handleRequest(null, Object(Config\Cache), false)
11 SYSTEMPATH\Boot.php(325): CodeIgniter\CodeIgniter->run()
12 SYSTEMPATH\Boot.php(67): CodeIgniter\Boot::runCodeIgniter(Object(CodeIgniter\CodeIgniter))
13 FCPATH\index.php(63): CodeIgniter\Boot::bootWeb(Object(Config\Paths))
INFO - 2025-05-28 15:04:30 --> Session: Class initialized using 'CodeIgniter\Session\Handlers\FileHandler' driver.
WARNING - 2025-05-28 15:04:30 --> [DEPRECATED] Creation of dynamic property App\Controllers\Public\PageController::$load_files is deprecated in APPPATH\Controllers\Public\PageController.php on line 21.
 1 SYSTEMPATH\CodeIgniter.php(903): App\Controllers\Public\PageController->__construct()
 2 SYSTEMPATH\CodeIgniter.php(500): CodeIgniter\CodeIgniter->createController()
 3 SYSTEMPATH\CodeIgniter.php(355): CodeIgniter\CodeIgniter->handleRequest(null, Object(Config\Cache), false)
 4 SYSTEMPATH\Boot.php(325): CodeIgniter\CodeIgniter->run()
 5 SYSTEMPATH\Boot.php(67): CodeIgniter\Boot::runCodeIgniter(Object(CodeIgniter\CodeIgniter))
 6 FCPATH\index.php(63): CodeIgniter\Boot::bootWeb(Object(Config\Paths))
WARNING - 2025-05-28 15:04:30 --> [DEPRECATED] Creation of dynamic property App\Controllers\Public\PageController::$page_title is deprecated in APPPATH\Controllers\Public\PageController.php on line 22.
 1 SYSTEMPATH\CodeIgniter.php(903): App\Controllers\Public\PageController->__construct()
 2 SYSTEMPATH\CodeIgniter.php(500): CodeIgniter\CodeIgniter->createController()
 3 SYSTEMPATH\CodeIgniter.php(355): CodeIgniter\CodeIgniter->handleRequest(null, Object(Config\Cache), false)
 4 SYSTEMPATH\Boot.php(325): CodeIgniter\CodeIgniter->run()
 5 SYSTEMPATH\Boot.php(67): CodeIgniter\Boot::runCodeIgniter(Object(CodeIgniter\CodeIgniter))
 6 FCPATH\index.php(63): CodeIgniter\Boot::bootWeb(Object(Config\Paths))
CRITICAL - 2025-05-28 15:04:36 --> CodeIgniter\HTTP\Exceptions\HTTPException: 56 : Recv failure: Connection was reset
[Method: GET, Route: /]
in SYSTEMPATH\HTTP\CURLRequest.php on line 694.
 1 SYSTEMPATH\HTTP\CURLRequest.php(694): CodeIgniter\HTTP\Exceptions\HTTPException::forCurlError('56', 'Recv failure: Connection was reset')
 2 SYSTEMPATH\HTTP\CURLRequest.php(383): CodeIgniter\HTTP\CURLRequest->sendRequest([...])
 3 SYSTEMPATH\HTTP\CURLRequest.php(152): CodeIgniter\HTTP\CURLRequest->send('GET', 'http://www.geoplugin.net/json.gp?ip=::1')
 4 SYSTEMPATH\HTTP\CURLRequest.php(187): CodeIgniter\HTTP\CURLRequest->request('GET', 'http://www.geoplugin.net/json.gp?ip=::1', [])
 5 APPPATH\Helpers\currency_timezone_helper.php(29): CodeIgniter\HTTP\CURLRequest->get('http://www.geoplugin.net/json.gp?ip=::1')
 6 APPPATH\Views\themes\regular\elements\scripts.php(10): get_location_info_by_ip()
 7 APPPATH\Views\themes\regular\theme_blade.php(29): include('C:\\xampp\\htdocs\\smartstore\\app\\Views\\themes\\regular\\elements\\scripts.php')
 8 SYSTEMPATH\View\View.php(234): include('C:\\xampp\\htdocs\\smartstore\\app\\Views\\themes\\regular\\theme_blade.php')
 9 SYSTEMPATH\View\View.php(237): CodeIgniter\View\View->CodeIgniter\View\{closure}()
10 SYSTEMPATH\View\View.php(250): CodeIgniter\View\View->render('themes/regular/theme_blade', [], true)
11 SYSTEMPATH\Common.php(1171): CodeIgniter\View\View->render('themes/regular/landing_page', [], true)
12 APPPATH\Controllers\Public\PageController.php(121): view('themes/regular/landing_page', [...])
13 APPPATH\Controllers\Public\PageController.php(36): App\Controllers\Public\PageController->render_page([...], 'home_page')
14 SYSTEMPATH\CodeIgniter.php(933): App\Controllers\Public\PageController->index()
15 SYSTEMPATH\CodeIgniter.php(509): CodeIgniter\CodeIgniter->runController(Object(App\Controllers\Public\PageController))
16 SYSTEMPATH\CodeIgniter.php(355): CodeIgniter\CodeIgniter->handleRequest(null, Object(Config\Cache), false)
17 SYSTEMPATH\Boot.php(325): CodeIgniter\CodeIgniter->run()
18 SYSTEMPATH\Boot.php(67): CodeIgniter\Boot::runCodeIgniter(Object(CodeIgniter\CodeIgniter))
19 FCPATH\index.php(63): CodeIgniter\Boot::bootWeb(Object(Config\Paths))
WARNING - 2025-05-28 15:04:46 --> [DEPRECATED] Passing lowercase HTTP method "get" is deprecated. Use uppercase HTTP method like "GET". in SYSTEMPATH\Router\RouteCollection.php on line 1027.
 1 SYSTEMPATH\Router\RouteCollection.php(1027): trigger_error('Passing lowercase HTTP method "get" is deprecated. Use uppercase HTTP method like "GET".', 16384)
 2 APPPATH\Config\Routes\AdminRoutes.php(65): CodeIgniter\Router\RouteCollection->match([...], 'send_test_mail', 'SettingsController::send_test_mail')
 3 SYSTEMPATH\Router\RouteCollection.php(800): App\Config\Routes\AdminRoutes::App\Config\Routes\{closure}(Object(CodeIgniter\Router\RouteCollection))
 4 APPPATH\Config\Routes\AdminRoutes.php(63): CodeIgniter\Router\RouteCollection->group('settings', [...], Object(Closure))
 5 SYSTEMPATH\Router\RouteCollection.php(800): App\Config\Routes\AdminRoutes::App\Config\Routes\{closure}(Object(CodeIgniter\Router\RouteCollection))
 6 APPPATH\Config\Routes\AdminRoutes.php(28): CodeIgniter\Router\RouteCollection->group('admin', [...], Object(Closure))
 7 APPPATH\Config\Routes.php(20): App\Config\Routes\AdminRoutes::init(Object(CodeIgniter\Router\RouteCollection))
 8 SYSTEMPATH\Router\RouteCollection.php(340): require('C:\\xampp\\htdocs\\smartstore\\app\\Config\\Routes.php')
 9 SYSTEMPATH\CodeIgniter.php(823): CodeIgniter\Router\RouteCollection->loadRoutes()
10 SYSTEMPATH\CodeIgniter.php(457): CodeIgniter\CodeIgniter->tryToRouteIt(null)
11 SYSTEMPATH\CodeIgniter.php(355): CodeIgniter\CodeIgniter->handleRequest(null, Object(Config\Cache), false)
12 SYSTEMPATH\Boot.php(325): CodeIgniter\CodeIgniter->run()
13 SYSTEMPATH\Boot.php(67): CodeIgniter\Boot::runCodeIgniter(Object(CodeIgniter\CodeIgniter))
14 FCPATH\index.php(63): CodeIgniter\Boot::bootWeb(Object(Config\Paths))
WARNING - 2025-05-28 15:04:46 --> [DEPRECATED] Passing lowercase HTTP method "post" is deprecated. Use uppercase HTTP method like "POST". in SYSTEMPATH\Router\RouteCollection.php on line 1027.
 1 SYSTEMPATH\Router\RouteCollection.php(1027): trigger_error('Passing lowercase HTTP method "post" is deprecated. Use uppercase HTTP method like "POST".', 16384)
 2 APPPATH\Config\Routes\AdminRoutes.php(65): CodeIgniter\Router\RouteCollection->match([...], 'send_test_mail', 'SettingsController::send_test_mail')
 3 SYSTEMPATH\Router\RouteCollection.php(800): App\Config\Routes\AdminRoutes::App\Config\Routes\{closure}(Object(CodeIgniter\Router\RouteCollection))
 4 APPPATH\Config\Routes\AdminRoutes.php(63): CodeIgniter\Router\RouteCollection->group('settings', [...], Object(Closure))
 5 SYSTEMPATH\Router\RouteCollection.php(800): App\Config\Routes\AdminRoutes::App\Config\Routes\{closure}(Object(CodeIgniter\Router\RouteCollection))
 6 APPPATH\Config\Routes\AdminRoutes.php(28): CodeIgniter\Router\RouteCollection->group('admin', [...], Object(Closure))
 7 APPPATH\Config\Routes.php(20): App\Config\Routes\AdminRoutes::init(Object(CodeIgniter\Router\RouteCollection))
 8 SYSTEMPATH\Router\RouteCollection.php(340): require('C:\\xampp\\htdocs\\smartstore\\app\\Config\\Routes.php')
 9 SYSTEMPATH\CodeIgniter.php(823): CodeIgniter\Router\RouteCollection->loadRoutes()
10 SYSTEMPATH\CodeIgniter.php(457): CodeIgniter\CodeIgniter->tryToRouteIt(null)
11 SYSTEMPATH\CodeIgniter.php(355): CodeIgniter\CodeIgniter->handleRequest(null, Object(Config\Cache), false)
12 SYSTEMPATH\Boot.php(325): CodeIgniter\CodeIgniter->run()
13 SYSTEMPATH\Boot.php(67): CodeIgniter\Boot::runCodeIgniter(Object(CodeIgniter\CodeIgniter))
14 FCPATH\index.php(63): CodeIgniter\Boot::bootWeb(Object(Config\Paths))
WARNING - 2025-05-28 15:04:46 --> [DEPRECATED] Passing lowercase HTTP method "get" is deprecated. Use uppercase HTTP method like "GET". in SYSTEMPATH\Router\RouteCollection.php on line 1027.
 1 SYSTEMPATH\Router\RouteCollection.php(1027): trigger_error('Passing lowercase HTTP method "get" is deprecated. Use uppercase HTTP method like "GET".', 16384)
 2 APPPATH\Config\Routes\AdminRoutes.php(76): CodeIgniter\Router\RouteCollection->match([...], 'elfinder_connector', 'FilemanagerController::elfinder_connector')
 3 SYSTEMPATH\Router\RouteCollection.php(800): App\Config\Routes\AdminRoutes::App\Config\Routes\{closure}(Object(CodeIgniter\Router\RouteCollection))
 4 APPPATH\Config\Routes\AdminRoutes.php(73): CodeIgniter\Router\RouteCollection->group('filemanager', [...], Object(Closure))
 5 SYSTEMPATH\Router\RouteCollection.php(800): App\Config\Routes\AdminRoutes::App\Config\Routes\{closure}(Object(CodeIgniter\Router\RouteCollection))
 6 APPPATH\Config\Routes\AdminRoutes.php(28): CodeIgniter\Router\RouteCollection->group('admin', [...], Object(Closure))
 7 APPPATH\Config\Routes.php(20): App\Config\Routes\AdminRoutes::init(Object(CodeIgniter\Router\RouteCollection))
 8 SYSTEMPATH\Router\RouteCollection.php(340): require('C:\\xampp\\htdocs\\smartstore\\app\\Config\\Routes.php')
 9 SYSTEMPATH\CodeIgniter.php(823): CodeIgniter\Router\RouteCollection->loadRoutes()
10 SYSTEMPATH\CodeIgniter.php(457): CodeIgniter\CodeIgniter->tryToRouteIt(null)
11 SYSTEMPATH\CodeIgniter.php(355): CodeIgniter\CodeIgniter->handleRequest(null, Object(Config\Cache), false)
12 SYSTEMPATH\Boot.php(325): CodeIgniter\CodeIgniter->run()
13 SYSTEMPATH\Boot.php(67): CodeIgniter\Boot::runCodeIgniter(Object(CodeIgniter\CodeIgniter))
14 FCPATH\index.php(63): CodeIgniter\Boot::bootWeb(Object(Config\Paths))
WARNING - 2025-05-28 15:04:46 --> [DEPRECATED] Passing lowercase HTTP method "post" is deprecated. Use uppercase HTTP method like "POST". in SYSTEMPATH\Router\RouteCollection.php on line 1027.
 1 SYSTEMPATH\Router\RouteCollection.php(1027): trigger_error('Passing lowercase HTTP method "post" is deprecated. Use uppercase HTTP method like "POST".', 16384)
 2 APPPATH\Config\Routes\AdminRoutes.php(76): CodeIgniter\Router\RouteCollection->match([...], 'elfinder_connector', 'FilemanagerController::elfinder_connector')
 3 SYSTEMPATH\Router\RouteCollection.php(800): App\Config\Routes\AdminRoutes::App\Config\Routes\{closure}(Object(CodeIgniter\Router\RouteCollection))
 4 APPPATH\Config\Routes\AdminRoutes.php(73): CodeIgniter\Router\RouteCollection->group('filemanager', [...], Object(Closure))
 5 SYSTEMPATH\Router\RouteCollection.php(800): App\Config\Routes\AdminRoutes::App\Config\Routes\{closure}(Object(CodeIgniter\Router\RouteCollection))
 6 APPPATH\Config\Routes\AdminRoutes.php(28): CodeIgniter\Router\RouteCollection->group('admin', [...], Object(Closure))
 7 APPPATH\Config\Routes.php(20): App\Config\Routes\AdminRoutes::init(Object(CodeIgniter\Router\RouteCollection))
 8 SYSTEMPATH\Router\RouteCollection.php(340): require('C:\\xampp\\htdocs\\smartstore\\app\\Config\\Routes.php')
 9 SYSTEMPATH\CodeIgniter.php(823): CodeIgniter\Router\RouteCollection->loadRoutes()
10 SYSTEMPATH\CodeIgniter.php(457): CodeIgniter\CodeIgniter->tryToRouteIt(null)
11 SYSTEMPATH\CodeIgniter.php(355): CodeIgniter\CodeIgniter->handleRequest(null, Object(Config\Cache), false)
12 SYSTEMPATH\Boot.php(325): CodeIgniter\CodeIgniter->run()
13 SYSTEMPATH\Boot.php(67): CodeIgniter\Boot::runCodeIgniter(Object(CodeIgniter\CodeIgniter))
14 FCPATH\index.php(63): CodeIgniter\Boot::bootWeb(Object(Config\Paths))
WARNING - 2025-05-28 15:04:46 --> [DEPRECATED] Passing lowercase HTTP method "get" is deprecated. Use uppercase HTTP method like "GET". in SYSTEMPATH\Router\RouteCollection.php on line 1027.
 1 SYSTEMPATH\Router\RouteCollection.php(1027): trigger_error('Passing lowercase HTTP method "get" is deprecated. Use uppercase HTTP method like "GET".', 16384)
 2 APPPATH\Config\Routes\AdminRoutes.php(172): CodeIgniter\Router\RouteCollection->match([...], 'sync_services/?(:num)?', 'ProvidersController::sync_services/$1')
 3 SYSTEMPATH\Router\RouteCollection.php(800): App\Config\Routes\AdminRoutes::App\Config\Routes\{closure}(Object(CodeIgniter\Router\RouteCollection))
 4 APPPATH\Config\Routes\AdminRoutes.php(167): CodeIgniter\Router\RouteCollection->group('providers', [...], Object(Closure))
 5 SYSTEMPATH\Router\RouteCollection.php(800): App\Config\Routes\AdminRoutes::App\Config\Routes\{closure}(Object(CodeIgniter\Router\RouteCollection))
 6 APPPATH\Config\Routes\AdminRoutes.php(28): CodeIgniter\Router\RouteCollection->group('admin', [...], Object(Closure))
 7 APPPATH\Config\Routes.php(20): App\Config\Routes\AdminRoutes::init(Object(CodeIgniter\Router\RouteCollection))
 8 SYSTEMPATH\Router\RouteCollection.php(340): require('C:\\xampp\\htdocs\\smartstore\\app\\Config\\Routes.php')
 9 SYSTEMPATH\CodeIgniter.php(823): CodeIgniter\Router\RouteCollection->loadRoutes()
10 SYSTEMPATH\CodeIgniter.php(457): CodeIgniter\CodeIgniter->tryToRouteIt(null)
11 SYSTEMPATH\CodeIgniter.php(355): CodeIgniter\CodeIgniter->handleRequest(null, Object(Config\Cache), false)
12 SYSTEMPATH\Boot.php(325): CodeIgniter\CodeIgniter->run()
13 SYSTEMPATH\Boot.php(67): CodeIgniter\Boot::runCodeIgniter(Object(CodeIgniter\CodeIgniter))
14 FCPATH\index.php(63): CodeIgniter\Boot::bootWeb(Object(Config\Paths))
WARNING - 2025-05-28 15:04:46 --> [DEPRECATED] Passing lowercase HTTP method "post" is deprecated. Use uppercase HTTP method like "POST". in SYSTEMPATH\Router\RouteCollection.php on line 1027.
 1 SYSTEMPATH\Router\RouteCollection.php(1027): trigger_error('Passing lowercase HTTP method "post" is deprecated. Use uppercase HTTP method like "POST".', 16384)
 2 APPPATH\Config\Routes\AdminRoutes.php(172): CodeIgniter\Router\RouteCollection->match([...], 'sync_services/?(:num)?', 'ProvidersController::sync_services/$1')
 3 SYSTEMPATH\Router\RouteCollection.php(800): App\Config\Routes\AdminRoutes::App\Config\Routes\{closure}(Object(CodeIgniter\Router\RouteCollection))
 4 APPPATH\Config\Routes\AdminRoutes.php(167): CodeIgniter\Router\RouteCollection->group('providers', [...], Object(Closure))
 5 SYSTEMPATH\Router\RouteCollection.php(800): App\Config\Routes\AdminRoutes::App\Config\Routes\{closure}(Object(CodeIgniter\Router\RouteCollection))
 6 APPPATH\Config\Routes\AdminRoutes.php(28): CodeIgniter\Router\RouteCollection->group('admin', [...], Object(Closure))
 7 APPPATH\Config\Routes.php(20): App\Config\Routes\AdminRoutes::init(Object(CodeIgniter\Router\RouteCollection))
 8 SYSTEMPATH\Router\RouteCollection.php(340): require('C:\\xampp\\htdocs\\smartstore\\app\\Config\\Routes.php')
 9 SYSTEMPATH\CodeIgniter.php(823): CodeIgniter\Router\RouteCollection->loadRoutes()
10 SYSTEMPATH\CodeIgniter.php(457): CodeIgniter\CodeIgniter->tryToRouteIt(null)
11 SYSTEMPATH\CodeIgniter.php(355): CodeIgniter\CodeIgniter->handleRequest(null, Object(Config\Cache), false)
12 SYSTEMPATH\Boot.php(325): CodeIgniter\CodeIgniter->run()
13 SYSTEMPATH\Boot.php(67): CodeIgniter\Boot::runCodeIgniter(Object(CodeIgniter\CodeIgniter))
14 FCPATH\index.php(63): CodeIgniter\Boot::bootWeb(Object(Config\Paths))
WARNING - 2025-05-28 15:04:46 --> [DEPRECATED] Passing lowercase HTTP method "get" is deprecated. Use uppercase HTTP method like "GET". in SYSTEMPATH\Router\RouteCollection.php on line 1027.
 1 SYSTEMPATH\Router\RouteCollection.php(1027): trigger_error('Passing lowercase HTTP method "get" is deprecated. Use uppercase HTTP method like "GET".', 16384)
 2 APPPATH\Config\Routes\AdminRoutes.php(185): CodeIgniter\Router\RouteCollection->match([...], 'add_note/?(:num)?', 'UsersController::add_note/$1')
 3 SYSTEMPATH\Router\RouteCollection.php(800): App\Config\Routes\AdminRoutes::App\Config\Routes\{closure}(Object(CodeIgniter\Router\RouteCollection))
 4 APPPATH\Config\Routes\AdminRoutes.php(182): CodeIgniter\Router\RouteCollection->group('users', [...], Object(Closure))
 5 SYSTEMPATH\Router\RouteCollection.php(800): App\Config\Routes\AdminRoutes::App\Config\Routes\{closure}(Object(CodeIgniter\Router\RouteCollection))
 6 APPPATH\Config\Routes\AdminRoutes.php(28): CodeIgniter\Router\RouteCollection->group('admin', [...], Object(Closure))
 7 APPPATH\Config\Routes.php(20): App\Config\Routes\AdminRoutes::init(Object(CodeIgniter\Router\RouteCollection))
 8 SYSTEMPATH\Router\RouteCollection.php(340): require('C:\\xampp\\htdocs\\smartstore\\app\\Config\\Routes.php')
 9 SYSTEMPATH\CodeIgniter.php(823): CodeIgniter\Router\RouteCollection->loadRoutes()
10 SYSTEMPATH\CodeIgniter.php(457): CodeIgniter\CodeIgniter->tryToRouteIt(null)
11 SYSTEMPATH\CodeIgniter.php(355): CodeIgniter\CodeIgniter->handleRequest(null, Object(Config\Cache), false)
12 SYSTEMPATH\Boot.php(325): CodeIgniter\CodeIgniter->run()
13 SYSTEMPATH\Boot.php(67): CodeIgniter\Boot::runCodeIgniter(Object(CodeIgniter\CodeIgniter))
14 FCPATH\index.php(63): CodeIgniter\Boot::bootWeb(Object(Config\Paths))
WARNING - 2025-05-28 15:04:46 --> [DEPRECATED] Passing lowercase HTTP method "post" is deprecated. Use uppercase HTTP method like "POST". in SYSTEMPATH\Router\RouteCollection.php on line 1027.
 1 SYSTEMPATH\Router\RouteCollection.php(1027): trigger_error('Passing lowercase HTTP method "post" is deprecated. Use uppercase HTTP method like "POST".', 16384)
 2 APPPATH\Config\Routes\AdminRoutes.php(185): CodeIgniter\Router\RouteCollection->match([...], 'add_note/?(:num)?', 'UsersController::add_note/$1')
 3 SYSTEMPATH\Router\RouteCollection.php(800): App\Config\Routes\AdminRoutes::App\Config\Routes\{closure}(Object(CodeIgniter\Router\RouteCollection))
 4 APPPATH\Config\Routes\AdminRoutes.php(182): CodeIgniter\Router\RouteCollection->group('users', [...], Object(Closure))
 5 SYSTEMPATH\Router\RouteCollection.php(800): App\Config\Routes\AdminRoutes::App\Config\Routes\{closure}(Object(CodeIgniter\Router\RouteCollection))
 6 APPPATH\Config\Routes\AdminRoutes.php(28): CodeIgniter\Router\RouteCollection->group('admin', [...], Object(Closure))
 7 APPPATH\Config\Routes.php(20): App\Config\Routes\AdminRoutes::init(Object(CodeIgniter\Router\RouteCollection))
 8 SYSTEMPATH\Router\RouteCollection.php(340): require('C:\\xampp\\htdocs\\smartstore\\app\\Config\\Routes.php')
 9 SYSTEMPATH\CodeIgniter.php(823): CodeIgniter\Router\RouteCollection->loadRoutes()
10 SYSTEMPATH\CodeIgniter.php(457): CodeIgniter\CodeIgniter->tryToRouteIt(null)
11 SYSTEMPATH\CodeIgniter.php(355): CodeIgniter\CodeIgniter->handleRequest(null, Object(Config\Cache), false)
12 SYSTEMPATH\Boot.php(325): CodeIgniter\CodeIgniter->run()
13 SYSTEMPATH\Boot.php(67): CodeIgniter\Boot::runCodeIgniter(Object(CodeIgniter\CodeIgniter))
14 FCPATH\index.php(63): CodeIgniter\Boot::bootWeb(Object(Config\Paths))
WARNING - 2025-05-28 15:04:46 --> [DEPRECATED] Passing lowercase HTTP method "get" is deprecated. Use uppercase HTTP method like "GET". in SYSTEMPATH\Router\RouteCollection.php on line 1027.
 1 SYSTEMPATH\Router\RouteCollection.php(1027): trigger_error('Passing lowercase HTTP method "get" is deprecated. Use uppercase HTTP method like "GET".', 16384)
 2 APPPATH\Config\Routes\AdminRoutes.php(186): CodeIgniter\Router\RouteCollection->match([...], 'send_mail/?(:num)?', 'UsersController::send_mail/$1')
 3 SYSTEMPATH\Router\RouteCollection.php(800): App\Config\Routes\AdminRoutes::App\Config\Routes\{closure}(Object(CodeIgniter\Router\RouteCollection))
 4 APPPATH\Config\Routes\AdminRoutes.php(182): CodeIgniter\Router\RouteCollection->group('users', [...], Object(Closure))
 5 SYSTEMPATH\Router\RouteCollection.php(800): App\Config\Routes\AdminRoutes::App\Config\Routes\{closure}(Object(CodeIgniter\Router\RouteCollection))
 6 APPPATH\Config\Routes\AdminRoutes.php(28): CodeIgniter\Router\RouteCollection->group('admin', [...], Object(Closure))
 7 APPPATH\Config\Routes.php(20): App\Config\Routes\AdminRoutes::init(Object(CodeIgniter\Router\RouteCollection))
 8 SYSTEMPATH\Router\RouteCollection.php(340): require('C:\\xampp\\htdocs\\smartstore\\app\\Config\\Routes.php')
 9 SYSTEMPATH\CodeIgniter.php(823): CodeIgniter\Router\RouteCollection->loadRoutes()
10 SYSTEMPATH\CodeIgniter.php(457): CodeIgniter\CodeIgniter->tryToRouteIt(null)
11 SYSTEMPATH\CodeIgniter.php(355): CodeIgniter\CodeIgniter->handleRequest(null, Object(Config\Cache), false)
12 SYSTEMPATH\Boot.php(325): CodeIgniter\CodeIgniter->run()
13 SYSTEMPATH\Boot.php(67): CodeIgniter\Boot::runCodeIgniter(Object(CodeIgniter\CodeIgniter))
14 FCPATH\index.php(63): CodeIgniter\Boot::bootWeb(Object(Config\Paths))
WARNING - 2025-05-28 15:04:46 --> [DEPRECATED] Passing lowercase HTTP method "post" is deprecated. Use uppercase HTTP method like "POST". in SYSTEMPATH\Router\RouteCollection.php on line 1027.
 1 SYSTEMPATH\Router\RouteCollection.php(1027): trigger_error('Passing lowercase HTTP method "post" is deprecated. Use uppercase HTTP method like "POST".', 16384)
 2 APPPATH\Config\Routes\AdminRoutes.php(186): CodeIgniter\Router\RouteCollection->match([...], 'send_mail/?(:num)?', 'UsersController::send_mail/$1')
 3 SYSTEMPATH\Router\RouteCollection.php(800): App\Config\Routes\AdminRoutes::App\Config\Routes\{closure}(Object(CodeIgniter\Router\RouteCollection))
 4 APPPATH\Config\Routes\AdminRoutes.php(182): CodeIgniter\Router\RouteCollection->group('users', [...], Object(Closure))
 5 SYSTEMPATH\Router\RouteCollection.php(800): App\Config\Routes\AdminRoutes::App\Config\Routes\{closure}(Object(CodeIgniter\Router\RouteCollection))
 6 APPPATH\Config\Routes\AdminRoutes.php(28): CodeIgniter\Router\RouteCollection->group('admin', [...], Object(Closure))
 7 APPPATH\Config\Routes.php(20): App\Config\Routes\AdminRoutes::init(Object(CodeIgniter\Router\RouteCollection))
 8 SYSTEMPATH\Router\RouteCollection.php(340): require('C:\\xampp\\htdocs\\smartstore\\app\\Config\\Routes.php')
 9 SYSTEMPATH\CodeIgniter.php(823): CodeIgniter\Router\RouteCollection->loadRoutes()
10 SYSTEMPATH\CodeIgniter.php(457): CodeIgniter\CodeIgniter->tryToRouteIt(null)
11 SYSTEMPATH\CodeIgniter.php(355): CodeIgniter\CodeIgniter->handleRequest(null, Object(Config\Cache), false)
12 SYSTEMPATH\Boot.php(325): CodeIgniter\CodeIgniter->run()
13 SYSTEMPATH\Boot.php(67): CodeIgniter\Boot::runCodeIgniter(Object(CodeIgniter\CodeIgniter))
14 FCPATH\index.php(63): CodeIgniter\Boot::bootWeb(Object(Config\Paths))
WARNING - 2025-05-28 15:04:46 --> [DEPRECATED] Passing lowercase HTTP method "get" is deprecated. Use uppercase HTTP method like "GET". in SYSTEMPATH\Router\RouteCollection.php on line 1027.
 1 SYSTEMPATH\Router\RouteCollection.php(1027): trigger_error('Passing lowercase HTTP method "get" is deprecated. Use uppercase HTTP method like "GET".', 16384)
 2 APPPATH\Config\Routes\AdminRoutes.php(215): CodeIgniter\Router\RouteCollection->match([...], 'send_mail/?(:num)?', 'TicketsController::send_mail/$1')
 3 SYSTEMPATH\Router\RouteCollection.php(800): App\Config\Routes\AdminRoutes::App\Config\Routes\{closure}(Object(CodeIgniter\Router\RouteCollection))
 4 APPPATH\Config\Routes\AdminRoutes.php(212): CodeIgniter\Router\RouteCollection->group('tickets', [...], Object(Closure))
 5 SYSTEMPATH\Router\RouteCollection.php(800): App\Config\Routes\AdminRoutes::App\Config\Routes\{closure}(Object(CodeIgniter\Router\RouteCollection))
 6 APPPATH\Config\Routes\AdminRoutes.php(28): CodeIgniter\Router\RouteCollection->group('admin', [...], Object(Closure))
 7 APPPATH\Config\Routes.php(20): App\Config\Routes\AdminRoutes::init(Object(CodeIgniter\Router\RouteCollection))
 8 SYSTEMPATH\Router\RouteCollection.php(340): require('C:\\xampp\\htdocs\\smartstore\\app\\Config\\Routes.php')
 9 SYSTEMPATH\CodeIgniter.php(823): CodeIgniter\Router\RouteCollection->loadRoutes()
10 SYSTEMPATH\CodeIgniter.php(457): CodeIgniter\CodeIgniter->tryToRouteIt(null)
11 SYSTEMPATH\CodeIgniter.php(355): CodeIgniter\CodeIgniter->handleRequest(null, Object(Config\Cache), false)
12 SYSTEMPATH\Boot.php(325): CodeIgniter\CodeIgniter->run()
13 SYSTEMPATH\Boot.php(67): CodeIgniter\Boot::runCodeIgniter(Object(CodeIgniter\CodeIgniter))
14 FCPATH\index.php(63): CodeIgniter\Boot::bootWeb(Object(Config\Paths))
WARNING - 2025-05-28 15:04:46 --> [DEPRECATED] Passing lowercase HTTP method "post" is deprecated. Use uppercase HTTP method like "POST". in SYSTEMPATH\Router\RouteCollection.php on line 1027.
 1 SYSTEMPATH\Router\RouteCollection.php(1027): trigger_error('Passing lowercase HTTP method "post" is deprecated. Use uppercase HTTP method like "POST".', 16384)
 2 APPPATH\Config\Routes\AdminRoutes.php(215): CodeIgniter\Router\RouteCollection->match([...], 'send_mail/?(:num)?', 'TicketsController::send_mail/$1')
 3 SYSTEMPATH\Router\RouteCollection.php(800): App\Config\Routes\AdminRoutes::App\Config\Routes\{closure}(Object(CodeIgniter\Router\RouteCollection))
 4 APPPATH\Config\Routes\AdminRoutes.php(212): CodeIgniter\Router\RouteCollection->group('tickets', [...], Object(Closure))
 5 SYSTEMPATH\Router\RouteCollection.php(800): App\Config\Routes\AdminRoutes::App\Config\Routes\{closure}(Object(CodeIgniter\Router\RouteCollection))
 6 APPPATH\Config\Routes\AdminRoutes.php(28): CodeIgniter\Router\RouteCollection->group('admin', [...], Object(Closure))
 7 APPPATH\Config\Routes.php(20): App\Config\Routes\AdminRoutes::init(Object(CodeIgniter\Router\RouteCollection))
 8 SYSTEMPATH\Router\RouteCollection.php(340): require('C:\\xampp\\htdocs\\smartstore\\app\\Config\\Routes.php')
 9 SYSTEMPATH\CodeIgniter.php(823): CodeIgniter\Router\RouteCollection->loadRoutes()
10 SYSTEMPATH\CodeIgniter.php(457): CodeIgniter\CodeIgniter->tryToRouteIt(null)
11 SYSTEMPATH\CodeIgniter.php(355): CodeIgniter\CodeIgniter->handleRequest(null, Object(Config\Cache), false)
12 SYSTEMPATH\Boot.php(325): CodeIgniter\CodeIgniter->run()
13 SYSTEMPATH\Boot.php(67): CodeIgniter\Boot::runCodeIgniter(Object(CodeIgniter\CodeIgniter))
14 FCPATH\index.php(63): CodeIgniter\Boot::bootWeb(Object(Config\Paths))
WARNING - 2025-05-28 15:04:46 --> [DEPRECATED] Passing lowercase HTTP method "get" is deprecated. Use uppercase HTTP method like "GET". in SYSTEMPATH\Router\RouteCollection.php on line 1027.
 1 SYSTEMPATH\Router\RouteCollection.php(1027): trigger_error('Passing lowercase HTTP method "get" is deprecated. Use uppercase HTTP method like "GET".', 16384)
 2 APPPATH\Config\Routes\UserRoutes.php(49): CodeIgniter\Router\RouteCollection->match([...], 'submit_review', 'ClientController::submit_review', [...])
 3 APPPATH\Config\Routes\UserRoutes.php(23): App\Config\Routes\UserRoutes::defineRoutes(Object(CodeIgniter\Router\RouteCollection))
 4 APPPATH\Config\Routes.php(21): App\Config\Routes\UserRoutes::init(Object(CodeIgniter\Router\RouteCollection))
 5 SYSTEMPATH\Router\RouteCollection.php(340): require('C:\\xampp\\htdocs\\smartstore\\app\\Config\\Routes.php')
 6 SYSTEMPATH\CodeIgniter.php(823): CodeIgniter\Router\RouteCollection->loadRoutes()
 7 SYSTEMPATH\CodeIgniter.php(457): CodeIgniter\CodeIgniter->tryToRouteIt(null)
 8 SYSTEMPATH\CodeIgniter.php(355): CodeIgniter\CodeIgniter->handleRequest(null, Object(Config\Cache), false)
 9 SYSTEMPATH\Boot.php(325): CodeIgniter\CodeIgniter->run()
10 SYSTEMPATH\Boot.php(67): CodeIgniter\Boot::runCodeIgniter(Object(CodeIgniter\CodeIgniter))
11 FCPATH\index.php(63): CodeIgniter\Boot::bootWeb(Object(Config\Paths))
WARNING - 2025-05-28 15:04:46 --> [DEPRECATED] Passing lowercase HTTP method "post" is deprecated. Use uppercase HTTP method like "POST". in SYSTEMPATH\Router\RouteCollection.php on line 1027.
 1 SYSTEMPATH\Router\RouteCollection.php(1027): trigger_error('Passing lowercase HTTP method "post" is deprecated. Use uppercase HTTP method like "POST".', 16384)
 2 APPPATH\Config\Routes\UserRoutes.php(49): CodeIgniter\Router\RouteCollection->match([...], 'submit_review', 'ClientController::submit_review', [...])
 3 APPPATH\Config\Routes\UserRoutes.php(23): App\Config\Routes\UserRoutes::defineRoutes(Object(CodeIgniter\Router\RouteCollection))
 4 APPPATH\Config\Routes.php(21): App\Config\Routes\UserRoutes::init(Object(CodeIgniter\Router\RouteCollection))
 5 SYSTEMPATH\Router\RouteCollection.php(340): require('C:\\xampp\\htdocs\\smartstore\\app\\Config\\Routes.php')
 6 SYSTEMPATH\CodeIgniter.php(823): CodeIgniter\Router\RouteCollection->loadRoutes()
 7 SYSTEMPATH\CodeIgniter.php(457): CodeIgniter\CodeIgniter->tryToRouteIt(null)
 8 SYSTEMPATH\CodeIgniter.php(355): CodeIgniter\CodeIgniter->handleRequest(null, Object(Config\Cache), false)
 9 SYSTEMPATH\Boot.php(325): CodeIgniter\CodeIgniter->run()
10 SYSTEMPATH\Boot.php(67): CodeIgniter\Boot::runCodeIgniter(Object(CodeIgniter\CodeIgniter))
11 FCPATH\index.php(63): CodeIgniter\Boot::bootWeb(Object(Config\Paths))
WARNING - 2025-05-28 15:04:46 --> [DEPRECATED] Passing lowercase HTTP method "get" is deprecated. Use uppercase HTTP method like "GET". in SYSTEMPATH\Router\RouteCollection.php on line 1027.
 1 SYSTEMPATH\Router\RouteCollection.php(1027): trigger_error('Passing lowercase HTTP method "get" is deprecated. Use uppercase HTTP method like "GET".', 16384)
 2 APPPATH\Config\Routes\UserRoutes.php(63): CodeIgniter\Router\RouteCollection->match([...], 'track-order', 'OrderController::track_order', [...])
 3 APPPATH\Config\Routes\UserRoutes.php(23): App\Config\Routes\UserRoutes::defineRoutes(Object(CodeIgniter\Router\RouteCollection))
 4 APPPATH\Config\Routes.php(21): App\Config\Routes\UserRoutes::init(Object(CodeIgniter\Router\RouteCollection))
 5 SYSTEMPATH\Router\RouteCollection.php(340): require('C:\\xampp\\htdocs\\smartstore\\app\\Config\\Routes.php')
 6 SYSTEMPATH\CodeIgniter.php(823): CodeIgniter\Router\RouteCollection->loadRoutes()
 7 SYSTEMPATH\CodeIgniter.php(457): CodeIgniter\CodeIgniter->tryToRouteIt(null)
 8 SYSTEMPATH\CodeIgniter.php(355): CodeIgniter\CodeIgniter->handleRequest(null, Object(Config\Cache), false)
 9 SYSTEMPATH\Boot.php(325): CodeIgniter\CodeIgniter->run()
10 SYSTEMPATH\Boot.php(67): CodeIgniter\Boot::runCodeIgniter(Object(CodeIgniter\CodeIgniter))
11 FCPATH\index.php(63): CodeIgniter\Boot::bootWeb(Object(Config\Paths))
WARNING - 2025-05-28 15:04:46 --> [DEPRECATED] Passing lowercase HTTP method "post" is deprecated. Use uppercase HTTP method like "POST". in SYSTEMPATH\Router\RouteCollection.php on line 1027.
 1 SYSTEMPATH\Router\RouteCollection.php(1027): trigger_error('Passing lowercase HTTP method "post" is deprecated. Use uppercase HTTP method like "POST".', 16384)
 2 APPPATH\Config\Routes\UserRoutes.php(63): CodeIgniter\Router\RouteCollection->match([...], 'track-order', 'OrderController::track_order', [...])
 3 APPPATH\Config\Routes\UserRoutes.php(23): App\Config\Routes\UserRoutes::defineRoutes(Object(CodeIgniter\Router\RouteCollection))
 4 APPPATH\Config\Routes.php(21): App\Config\Routes\UserRoutes::init(Object(CodeIgniter\Router\RouteCollection))
 5 SYSTEMPATH\Router\RouteCollection.php(340): require('C:\\xampp\\htdocs\\smartstore\\app\\Config\\Routes.php')
 6 SYSTEMPATH\CodeIgniter.php(823): CodeIgniter\Router\RouteCollection->loadRoutes()
 7 SYSTEMPATH\CodeIgniter.php(457): CodeIgniter\CodeIgniter->tryToRouteIt(null)
 8 SYSTEMPATH\CodeIgniter.php(355): CodeIgniter\CodeIgniter->handleRequest(null, Object(Config\Cache), false)
 9 SYSTEMPATH\Boot.php(325): CodeIgniter\CodeIgniter->run()
10 SYSTEMPATH\Boot.php(67): CodeIgniter\Boot::runCodeIgniter(Object(CodeIgniter\CodeIgniter))
11 FCPATH\index.php(63): CodeIgniter\Boot::bootWeb(Object(Config\Paths))
WARNING - 2025-05-28 15:04:46 --> [DEPRECATED] Passing lowercase HTTP method "get" is deprecated. Use uppercase HTTP method like "GET". in SYSTEMPATH\Router\RouteCollection.php on line 1027.
 1 SYSTEMPATH\Router\RouteCollection.php(1027): trigger_error('Passing lowercase HTTP method "get" is deprecated. Use uppercase HTTP method like "GET".', 16384)
 2 APPPATH\Config\Routes\UserRoutes.php(49): CodeIgniter\Router\RouteCollection->match([...], 'submit_review', 'ClientController::submit_review', [...])
 3 APPPATH\Config\Routes\UserRoutes.php(26): App\Config\Routes\UserRoutes::defineRoutes(Object(CodeIgniter\Router\RouteCollection))
 4 SYSTEMPATH\Router\RouteCollection.php(800): App\Config\Routes\UserRoutes::App\Config\Routes\{closure}(Object(CodeIgniter\Router\RouteCollection))
 5 APPPATH\Config\Routes\UserRoutes.php(25): CodeIgniter\Router\RouteCollection->group('{locale}', Object(Closure))
 6 APPPATH\Config\Routes.php(21): App\Config\Routes\UserRoutes::init(Object(CodeIgniter\Router\RouteCollection))
 7 SYSTEMPATH\Router\RouteCollection.php(340): require('C:\\xampp\\htdocs\\smartstore\\app\\Config\\Routes.php')
 8 SYSTEMPATH\CodeIgniter.php(823): CodeIgniter\Router\RouteCollection->loadRoutes()
 9 SYSTEMPATH\CodeIgniter.php(457): CodeIgniter\CodeIgniter->tryToRouteIt(null)
10 SYSTEMPATH\CodeIgniter.php(355): CodeIgniter\CodeIgniter->handleRequest(null, Object(Config\Cache), false)
11 SYSTEMPATH\Boot.php(325): CodeIgniter\CodeIgniter->run()
12 SYSTEMPATH\Boot.php(67): CodeIgniter\Boot::runCodeIgniter(Object(CodeIgniter\CodeIgniter))
13 FCPATH\index.php(63): CodeIgniter\Boot::bootWeb(Object(Config\Paths))
WARNING - 2025-05-28 15:04:46 --> [DEPRECATED] Passing lowercase HTTP method "post" is deprecated. Use uppercase HTTP method like "POST". in SYSTEMPATH\Router\RouteCollection.php on line 1027.
 1 SYSTEMPATH\Router\RouteCollection.php(1027): trigger_error('Passing lowercase HTTP method "post" is deprecated. Use uppercase HTTP method like "POST".', 16384)
 2 APPPATH\Config\Routes\UserRoutes.php(49): CodeIgniter\Router\RouteCollection->match([...], 'submit_review', 'ClientController::submit_review', [...])
 3 APPPATH\Config\Routes\UserRoutes.php(26): App\Config\Routes\UserRoutes::defineRoutes(Object(CodeIgniter\Router\RouteCollection))
 4 SYSTEMPATH\Router\RouteCollection.php(800): App\Config\Routes\UserRoutes::App\Config\Routes\{closure}(Object(CodeIgniter\Router\RouteCollection))
 5 APPPATH\Config\Routes\UserRoutes.php(25): CodeIgniter\Router\RouteCollection->group('{locale}', Object(Closure))
 6 APPPATH\Config\Routes.php(21): App\Config\Routes\UserRoutes::init(Object(CodeIgniter\Router\RouteCollection))
 7 SYSTEMPATH\Router\RouteCollection.php(340): require('C:\\xampp\\htdocs\\smartstore\\app\\Config\\Routes.php')
 8 SYSTEMPATH\CodeIgniter.php(823): CodeIgniter\Router\RouteCollection->loadRoutes()
 9 SYSTEMPATH\CodeIgniter.php(457): CodeIgniter\CodeIgniter->tryToRouteIt(null)
10 SYSTEMPATH\CodeIgniter.php(355): CodeIgniter\CodeIgniter->handleRequest(null, Object(Config\Cache), false)
11 SYSTEMPATH\Boot.php(325): CodeIgniter\CodeIgniter->run()
12 SYSTEMPATH\Boot.php(67): CodeIgniter\Boot::runCodeIgniter(Object(CodeIgniter\CodeIgniter))
13 FCPATH\index.php(63): CodeIgniter\Boot::bootWeb(Object(Config\Paths))
WARNING - 2025-05-28 15:04:46 --> [DEPRECATED] Passing lowercase HTTP method "get" is deprecated. Use uppercase HTTP method like "GET". in SYSTEMPATH\Router\RouteCollection.php on line 1027.
 1 SYSTEMPATH\Router\RouteCollection.php(1027): trigger_error('Passing lowercase HTTP method "get" is deprecated. Use uppercase HTTP method like "GET".', 16384)
 2 APPPATH\Config\Routes\UserRoutes.php(63): CodeIgniter\Router\RouteCollection->match([...], 'track-order', 'OrderController::track_order', [...])
 3 APPPATH\Config\Routes\UserRoutes.php(26): App\Config\Routes\UserRoutes::defineRoutes(Object(CodeIgniter\Router\RouteCollection))
 4 SYSTEMPATH\Router\RouteCollection.php(800): App\Config\Routes\UserRoutes::App\Config\Routes\{closure}(Object(CodeIgniter\Router\RouteCollection))
 5 APPPATH\Config\Routes\UserRoutes.php(25): CodeIgniter\Router\RouteCollection->group('{locale}', Object(Closure))
 6 APPPATH\Config\Routes.php(21): App\Config\Routes\UserRoutes::init(Object(CodeIgniter\Router\RouteCollection))
 7 SYSTEMPATH\Router\RouteCollection.php(340): require('C:\\xampp\\htdocs\\smartstore\\app\\Config\\Routes.php')
 8 SYSTEMPATH\CodeIgniter.php(823): CodeIgniter\Router\RouteCollection->loadRoutes()
 9 SYSTEMPATH\CodeIgniter.php(457): CodeIgniter\CodeIgniter->tryToRouteIt(null)
10 SYSTEMPATH\CodeIgniter.php(355): CodeIgniter\CodeIgniter->handleRequest(null, Object(Config\Cache), false)
11 SYSTEMPATH\Boot.php(325): CodeIgniter\CodeIgniter->run()
12 SYSTEMPATH\Boot.php(67): CodeIgniter\Boot::runCodeIgniter(Object(CodeIgniter\CodeIgniter))
13 FCPATH\index.php(63): CodeIgniter\Boot::bootWeb(Object(Config\Paths))
WARNING - 2025-05-28 15:04:46 --> [DEPRECATED] Passing lowercase HTTP method "post" is deprecated. Use uppercase HTTP method like "POST". in SYSTEMPATH\Router\RouteCollection.php on line 1027.
 1 SYSTEMPATH\Router\RouteCollection.php(1027): trigger_error('Passing lowercase HTTP method "post" is deprecated. Use uppercase HTTP method like "POST".', 16384)
 2 APPPATH\Config\Routes\UserRoutes.php(63): CodeIgniter\Router\RouteCollection->match([...], 'track-order', 'OrderController::track_order', [...])
 3 APPPATH\Config\Routes\UserRoutes.php(26): App\Config\Routes\UserRoutes::defineRoutes(Object(CodeIgniter\Router\RouteCollection))
 4 SYSTEMPATH\Router\RouteCollection.php(800): App\Config\Routes\UserRoutes::App\Config\Routes\{closure}(Object(CodeIgniter\Router\RouteCollection))
 5 APPPATH\Config\Routes\UserRoutes.php(25): CodeIgniter\Router\RouteCollection->group('{locale}', Object(Closure))
 6 APPPATH\Config\Routes.php(21): App\Config\Routes\UserRoutes::init(Object(CodeIgniter\Router\RouteCollection))
 7 SYSTEMPATH\Router\RouteCollection.php(340): require('C:\\xampp\\htdocs\\smartstore\\app\\Config\\Routes.php')
 8 SYSTEMPATH\CodeIgniter.php(823): CodeIgniter\Router\RouteCollection->loadRoutes()
 9 SYSTEMPATH\CodeIgniter.php(457): CodeIgniter\CodeIgniter->tryToRouteIt(null)
10 SYSTEMPATH\CodeIgniter.php(355): CodeIgniter\CodeIgniter->handleRequest(null, Object(Config\Cache), false)
11 SYSTEMPATH\Boot.php(325): CodeIgniter\CodeIgniter->run()
12 SYSTEMPATH\Boot.php(67): CodeIgniter\Boot::runCodeIgniter(Object(CodeIgniter\CodeIgniter))
13 FCPATH\index.php(63): CodeIgniter\Boot::bootWeb(Object(Config\Paths))
INFO - 2025-05-28 15:04:46 --> Session: Class initialized using 'CodeIgniter\Session\Handlers\FileHandler' driver.
WARNING - 2025-05-28 15:04:46 --> [DEPRECATED] Creation of dynamic property App\Controllers\Public\PageController::$load_files is deprecated in APPPATH\Controllers\Public\PageController.php on line 21.
 1 SYSTEMPATH\CodeIgniter.php(903): App\Controllers\Public\PageController->__construct()
 2 SYSTEMPATH\CodeIgniter.php(500): CodeIgniter\CodeIgniter->createController()
 3 SYSTEMPATH\CodeIgniter.php(355): CodeIgniter\CodeIgniter->handleRequest(null, Object(Config\Cache), false)
 4 SYSTEMPATH\Boot.php(325): CodeIgniter\CodeIgniter->run()
 5 SYSTEMPATH\Boot.php(67): CodeIgniter\Boot::runCodeIgniter(Object(CodeIgniter\CodeIgniter))
 6 FCPATH\index.php(63): CodeIgniter\Boot::bootWeb(Object(Config\Paths))
WARNING - 2025-05-28 15:04:46 --> [DEPRECATED] Creation of dynamic property App\Controllers\Public\PageController::$page_title is deprecated in APPPATH\Controllers\Public\PageController.php on line 22.
 1 SYSTEMPATH\CodeIgniter.php(903): App\Controllers\Public\PageController->__construct()
 2 SYSTEMPATH\CodeIgniter.php(500): CodeIgniter\CodeIgniter->createController()
 3 SYSTEMPATH\CodeIgniter.php(355): CodeIgniter\CodeIgniter->handleRequest(null, Object(Config\Cache), false)
 4 SYSTEMPATH\Boot.php(325): CodeIgniter\CodeIgniter->run()
 5 SYSTEMPATH\Boot.php(67): CodeIgniter\Boot::runCodeIgniter(Object(CodeIgniter\CodeIgniter))
 6 FCPATH\index.php(63): CodeIgniter\Boot::bootWeb(Object(Config\Paths))
CRITICAL - 2025-05-28 15:05:23 --> CodeIgniter\HTTP\Exceptions\HTTPException: 56 : Recv failure: Connection was reset
[Method: GET, Route: /]
in SYSTEMPATH\HTTP\CURLRequest.php on line 694.
 1 SYSTEMPATH\HTTP\CURLRequest.php(694): CodeIgniter\HTTP\Exceptions\HTTPException::forCurlError('56', 'Recv failure: Connection was reset')
 2 SYSTEMPATH\HTTP\CURLRequest.php(383): CodeIgniter\HTTP\CURLRequest->sendRequest([...])
 3 SYSTEMPATH\HTTP\CURLRequest.php(152): CodeIgniter\HTTP\CURLRequest->send('GET', 'http://www.geoplugin.net/json.gp?ip=::1')
 4 SYSTEMPATH\HTTP\CURLRequest.php(187): CodeIgniter\HTTP\CURLRequest->request('GET', 'http://www.geoplugin.net/json.gp?ip=::1', [])
 5 APPPATH\Helpers\currency_timezone_helper.php(29): CodeIgniter\HTTP\CURLRequest->get('http://www.geoplugin.net/json.gp?ip=::1')
 6 APPPATH\Views\themes\regular\elements\scripts.php(10): get_location_info_by_ip()
 7 APPPATH\Views\themes\regular\theme_blade.php(29): include('C:\\xampp\\htdocs\\smartstore\\app\\Views\\themes\\regular\\elements\\scripts.php')
 8 SYSTEMPATH\View\View.php(234): include('C:\\xampp\\htdocs\\smartstore\\app\\Views\\themes\\regular\\theme_blade.php')
 9 SYSTEMPATH\View\View.php(237): CodeIgniter\View\View->CodeIgniter\View\{closure}()
10 SYSTEMPATH\View\View.php(250): CodeIgniter\View\View->render('themes/regular/theme_blade', [], true)
11 SYSTEMPATH\Common.php(1171): CodeIgniter\View\View->render('themes/regular/landing_page', [], true)
12 APPPATH\Controllers\Public\PageController.php(121): view('themes/regular/landing_page', [...])
13 APPPATH\Controllers\Public\PageController.php(36): App\Controllers\Public\PageController->render_page([...], 'home_page')
14 SYSTEMPATH\CodeIgniter.php(933): App\Controllers\Public\PageController->index()
15 SYSTEMPATH\CodeIgniter.php(509): CodeIgniter\CodeIgniter->runController(Object(App\Controllers\Public\PageController))
16 SYSTEMPATH\CodeIgniter.php(355): CodeIgniter\CodeIgniter->handleRequest(null, Object(Config\Cache), false)
17 SYSTEMPATH\Boot.php(325): CodeIgniter\CodeIgniter->run()
18 SYSTEMPATH\Boot.php(67): CodeIgniter\Boot::runCodeIgniter(Object(CodeIgniter\CodeIgniter))
19 FCPATH\index.php(63): CodeIgniter\Boot::bootWeb(Object(Config\Paths))
WARNING - 2025-05-28 15:06:03 --> [DEPRECATED] Passing lowercase HTTP method "get" is deprecated. Use uppercase HTTP method like "GET". in SYSTEMPATH\Router\RouteCollection.php on line 1027.
 1 SYSTEMPATH\Router\RouteCollection.php(1027): trigger_error('Passing lowercase HTTP method "get" is deprecated. Use uppercase HTTP method like "GET".', 16384)
 2 APPPATH\Config\Routes\AdminRoutes.php(65): CodeIgniter\Router\RouteCollection->match([...], 'send_test_mail', 'SettingsController::send_test_mail')
 3 SYSTEMPATH\Router\RouteCollection.php(800): App\Config\Routes\AdminRoutes::App\Config\Routes\{closure}(Object(CodeIgniter\Router\RouteCollection))
 4 APPPATH\Config\Routes\AdminRoutes.php(63): CodeIgniter\Router\RouteCollection->group('settings', [...], Object(Closure))
 5 SYSTEMPATH\Router\RouteCollection.php(800): App\Config\Routes\AdminRoutes::App\Config\Routes\{closure}(Object(CodeIgniter\Router\RouteCollection))
 6 APPPATH\Config\Routes\AdminRoutes.php(28): CodeIgniter\Router\RouteCollection->group('admin', [...], Object(Closure))
 7 APPPATH\Config\Routes.php(20): App\Config\Routes\AdminRoutes::init(Object(CodeIgniter\Router\RouteCollection))
 8 SYSTEMPATH\Router\RouteCollection.php(340): require('C:\\xampp\\htdocs\\smartstore\\app\\Config\\Routes.php')
 9 SYSTEMPATH\CodeIgniter.php(823): CodeIgniter\Router\RouteCollection->loadRoutes()
10 SYSTEMPATH\CodeIgniter.php(457): CodeIgniter\CodeIgniter->tryToRouteIt(null)
11 SYSTEMPATH\CodeIgniter.php(355): CodeIgniter\CodeIgniter->handleRequest(null, Object(Config\Cache), false)
12 SYSTEMPATH\Boot.php(325): CodeIgniter\CodeIgniter->run()
13 SYSTEMPATH\Boot.php(67): CodeIgniter\Boot::runCodeIgniter(Object(CodeIgniter\CodeIgniter))
14 FCPATH\index.php(63): CodeIgniter\Boot::bootWeb(Object(Config\Paths))
WARNING - 2025-05-28 15:06:03 --> [DEPRECATED] Passing lowercase HTTP method "post" is deprecated. Use uppercase HTTP method like "POST". in SYSTEMPATH\Router\RouteCollection.php on line 1027.
 1 SYSTEMPATH\Router\RouteCollection.php(1027): trigger_error('Passing lowercase HTTP method "post" is deprecated. Use uppercase HTTP method like "POST".', 16384)
 2 APPPATH\Config\Routes\AdminRoutes.php(65): CodeIgniter\Router\RouteCollection->match([...], 'send_test_mail', 'SettingsController::send_test_mail')
 3 SYSTEMPATH\Router\RouteCollection.php(800): App\Config\Routes\AdminRoutes::App\Config\Routes\{closure}(Object(CodeIgniter\Router\RouteCollection))
 4 APPPATH\Config\Routes\AdminRoutes.php(63): CodeIgniter\Router\RouteCollection->group('settings', [...], Object(Closure))
 5 SYSTEMPATH\Router\RouteCollection.php(800): App\Config\Routes\AdminRoutes::App\Config\Routes\{closure}(Object(CodeIgniter\Router\RouteCollection))
 6 APPPATH\Config\Routes\AdminRoutes.php(28): CodeIgniter\Router\RouteCollection->group('admin', [...], Object(Closure))
 7 APPPATH\Config\Routes.php(20): App\Config\Routes\AdminRoutes::init(Object(CodeIgniter\Router\RouteCollection))
 8 SYSTEMPATH\Router\RouteCollection.php(340): require('C:\\xampp\\htdocs\\smartstore\\app\\Config\\Routes.php')
 9 SYSTEMPATH\CodeIgniter.php(823): CodeIgniter\Router\RouteCollection->loadRoutes()
10 SYSTEMPATH\CodeIgniter.php(457): CodeIgniter\CodeIgniter->tryToRouteIt(null)
11 SYSTEMPATH\CodeIgniter.php(355): CodeIgniter\CodeIgniter->handleRequest(null, Object(Config\Cache), false)
12 SYSTEMPATH\Boot.php(325): CodeIgniter\CodeIgniter->run()
13 SYSTEMPATH\Boot.php(67): CodeIgniter\Boot::runCodeIgniter(Object(CodeIgniter\CodeIgniter))
14 FCPATH\index.php(63): CodeIgniter\Boot::bootWeb(Object(Config\Paths))
WARNING - 2025-05-28 15:06:03 --> [DEPRECATED] Passing lowercase HTTP method "get" is deprecated. Use uppercase HTTP method like "GET". in SYSTEMPATH\Router\RouteCollection.php on line 1027.
 1 SYSTEMPATH\Router\RouteCollection.php(1027): trigger_error('Passing lowercase HTTP method "get" is deprecated. Use uppercase HTTP method like "GET".', 16384)
 2 APPPATH\Config\Routes\AdminRoutes.php(76): CodeIgniter\Router\RouteCollection->match([...], 'elfinder_connector', 'FilemanagerController::elfinder_connector')
 3 SYSTEMPATH\Router\RouteCollection.php(800): App\Config\Routes\AdminRoutes::App\Config\Routes\{closure}(Object(CodeIgniter\Router\RouteCollection))
 4 APPPATH\Config\Routes\AdminRoutes.php(73): CodeIgniter\Router\RouteCollection->group('filemanager', [...], Object(Closure))
 5 SYSTEMPATH\Router\RouteCollection.php(800): App\Config\Routes\AdminRoutes::App\Config\Routes\{closure}(Object(CodeIgniter\Router\RouteCollection))
 6 APPPATH\Config\Routes\AdminRoutes.php(28): CodeIgniter\Router\RouteCollection->group('admin', [...], Object(Closure))
 7 APPPATH\Config\Routes.php(20): App\Config\Routes\AdminRoutes::init(Object(CodeIgniter\Router\RouteCollection))
 8 SYSTEMPATH\Router\RouteCollection.php(340): require('C:\\xampp\\htdocs\\smartstore\\app\\Config\\Routes.php')
 9 SYSTEMPATH\CodeIgniter.php(823): CodeIgniter\Router\RouteCollection->loadRoutes()
10 SYSTEMPATH\CodeIgniter.php(457): CodeIgniter\CodeIgniter->tryToRouteIt(null)
11 SYSTEMPATH\CodeIgniter.php(355): CodeIgniter\CodeIgniter->handleRequest(null, Object(Config\Cache), false)
12 SYSTEMPATH\Boot.php(325): CodeIgniter\CodeIgniter->run()
13 SYSTEMPATH\Boot.php(67): CodeIgniter\Boot::runCodeIgniter(Object(CodeIgniter\CodeIgniter))
14 FCPATH\index.php(63): CodeIgniter\Boot::bootWeb(Object(Config\Paths))
WARNING - 2025-05-28 15:06:03 --> [DEPRECATED] Passing lowercase HTTP method "post" is deprecated. Use uppercase HTTP method like "POST". in SYSTEMPATH\Router\RouteCollection.php on line 1027.
 1 SYSTEMPATH\Router\RouteCollection.php(1027): trigger_error('Passing lowercase HTTP method "post" is deprecated. Use uppercase HTTP method like "POST".', 16384)
 2 APPPATH\Config\Routes\AdminRoutes.php(76): CodeIgniter\Router\RouteCollection->match([...], 'elfinder_connector', 'FilemanagerController::elfinder_connector')
 3 SYSTEMPATH\Router\RouteCollection.php(800): App\Config\Routes\AdminRoutes::App\Config\Routes\{closure}(Object(CodeIgniter\Router\RouteCollection))
 4 APPPATH\Config\Routes\AdminRoutes.php(73): CodeIgniter\Router\RouteCollection->group('filemanager', [...], Object(Closure))
 5 SYSTEMPATH\Router\RouteCollection.php(800): App\Config\Routes\AdminRoutes::App\Config\Routes\{closure}(Object(CodeIgniter\Router\RouteCollection))
 6 APPPATH\Config\Routes\AdminRoutes.php(28): CodeIgniter\Router\RouteCollection->group('admin', [...], Object(Closure))
 7 APPPATH\Config\Routes.php(20): App\Config\Routes\AdminRoutes::init(Object(CodeIgniter\Router\RouteCollection))
 8 SYSTEMPATH\Router\RouteCollection.php(340): require('C:\\xampp\\htdocs\\smartstore\\app\\Config\\Routes.php')
 9 SYSTEMPATH\CodeIgniter.php(823): CodeIgniter\Router\RouteCollection->loadRoutes()
10 SYSTEMPATH\CodeIgniter.php(457): CodeIgniter\CodeIgniter->tryToRouteIt(null)
11 SYSTEMPATH\CodeIgniter.php(355): CodeIgniter\CodeIgniter->handleRequest(null, Object(Config\Cache), false)
12 SYSTEMPATH\Boot.php(325): CodeIgniter\CodeIgniter->run()
13 SYSTEMPATH\Boot.php(67): CodeIgniter\Boot::runCodeIgniter(Object(CodeIgniter\CodeIgniter))
14 FCPATH\index.php(63): CodeIgniter\Boot::bootWeb(Object(Config\Paths))
WARNING - 2025-05-28 15:06:03 --> [DEPRECATED] Passing lowercase HTTP method "get" is deprecated. Use uppercase HTTP method like "GET". in SYSTEMPATH\Router\RouteCollection.php on line 1027.
 1 SYSTEMPATH\Router\RouteCollection.php(1027): trigger_error('Passing lowercase HTTP method "get" is deprecated. Use uppercase HTTP method like "GET".', 16384)
 2 APPPATH\Config\Routes\AdminRoutes.php(172): CodeIgniter\Router\RouteCollection->match([...], 'sync_services/?(:num)?', 'ProvidersController::sync_services/$1')
 3 SYSTEMPATH\Router\RouteCollection.php(800): App\Config\Routes\AdminRoutes::App\Config\Routes\{closure}(Object(CodeIgniter\Router\RouteCollection))
 4 APPPATH\Config\Routes\AdminRoutes.php(167): CodeIgniter\Router\RouteCollection->group('providers', [...], Object(Closure))
 5 SYSTEMPATH\Router\RouteCollection.php(800): App\Config\Routes\AdminRoutes::App\Config\Routes\{closure}(Object(CodeIgniter\Router\RouteCollection))
 6 APPPATH\Config\Routes\AdminRoutes.php(28): CodeIgniter\Router\RouteCollection->group('admin', [...], Object(Closure))
 7 APPPATH\Config\Routes.php(20): App\Config\Routes\AdminRoutes::init(Object(CodeIgniter\Router\RouteCollection))
 8 SYSTEMPATH\Router\RouteCollection.php(340): require('C:\\xampp\\htdocs\\smartstore\\app\\Config\\Routes.php')
 9 SYSTEMPATH\CodeIgniter.php(823): CodeIgniter\Router\RouteCollection->loadRoutes()
10 SYSTEMPATH\CodeIgniter.php(457): CodeIgniter\CodeIgniter->tryToRouteIt(null)
11 SYSTEMPATH\CodeIgniter.php(355): CodeIgniter\CodeIgniter->handleRequest(null, Object(Config\Cache), false)
12 SYSTEMPATH\Boot.php(325): CodeIgniter\CodeIgniter->run()
13 SYSTEMPATH\Boot.php(67): CodeIgniter\Boot::runCodeIgniter(Object(CodeIgniter\CodeIgniter))
14 FCPATH\index.php(63): CodeIgniter\Boot::bootWeb(Object(Config\Paths))
WARNING - 2025-05-28 15:06:03 --> [DEPRECATED] Passing lowercase HTTP method "post" is deprecated. Use uppercase HTTP method like "POST". in SYSTEMPATH\Router\RouteCollection.php on line 1027.
 1 SYSTEMPATH\Router\RouteCollection.php(1027): trigger_error('Passing lowercase HTTP method "post" is deprecated. Use uppercase HTTP method like "POST".', 16384)
 2 APPPATH\Config\Routes\AdminRoutes.php(172): CodeIgniter\Router\RouteCollection->match([...], 'sync_services/?(:num)?', 'ProvidersController::sync_services/$1')
 3 SYSTEMPATH\Router\RouteCollection.php(800): App\Config\Routes\AdminRoutes::App\Config\Routes\{closure}(Object(CodeIgniter\Router\RouteCollection))
 4 APPPATH\Config\Routes\AdminRoutes.php(167): CodeIgniter\Router\RouteCollection->group('providers', [...], Object(Closure))
 5 SYSTEMPATH\Router\RouteCollection.php(800): App\Config\Routes\AdminRoutes::App\Config\Routes\{closure}(Object(CodeIgniter\Router\RouteCollection))
 6 APPPATH\Config\Routes\AdminRoutes.php(28): CodeIgniter\Router\RouteCollection->group('admin', [...], Object(Closure))
 7 APPPATH\Config\Routes.php(20): App\Config\Routes\AdminRoutes::init(Object(CodeIgniter\Router\RouteCollection))
 8 SYSTEMPATH\Router\RouteCollection.php(340): require('C:\\xampp\\htdocs\\smartstore\\app\\Config\\Routes.php')
 9 SYSTEMPATH\CodeIgniter.php(823): CodeIgniter\Router\RouteCollection->loadRoutes()
10 SYSTEMPATH\CodeIgniter.php(457): CodeIgniter\CodeIgniter->tryToRouteIt(null)
11 SYSTEMPATH\CodeIgniter.php(355): CodeIgniter\CodeIgniter->handleRequest(null, Object(Config\Cache), false)
12 SYSTEMPATH\Boot.php(325): CodeIgniter\CodeIgniter->run()
13 SYSTEMPATH\Boot.php(67): CodeIgniter\Boot::runCodeIgniter(Object(CodeIgniter\CodeIgniter))
14 FCPATH\index.php(63): CodeIgniter\Boot::bootWeb(Object(Config\Paths))
WARNING - 2025-05-28 15:06:03 --> [DEPRECATED] Passing lowercase HTTP method "get" is deprecated. Use uppercase HTTP method like "GET". in SYSTEMPATH\Router\RouteCollection.php on line 1027.
 1 SYSTEMPATH\Router\RouteCollection.php(1027): trigger_error('Passing lowercase HTTP method "get" is deprecated. Use uppercase HTTP method like "GET".', 16384)
 2 APPPATH\Config\Routes\AdminRoutes.php(185): CodeIgniter\Router\RouteCollection->match([...], 'add_note/?(:num)?', 'UsersController::add_note/$1')
 3 SYSTEMPATH\Router\RouteCollection.php(800): App\Config\Routes\AdminRoutes::App\Config\Routes\{closure}(Object(CodeIgniter\Router\RouteCollection))
 4 APPPATH\Config\Routes\AdminRoutes.php(182): CodeIgniter\Router\RouteCollection->group('users', [...], Object(Closure))
 5 SYSTEMPATH\Router\RouteCollection.php(800): App\Config\Routes\AdminRoutes::App\Config\Routes\{closure}(Object(CodeIgniter\Router\RouteCollection))
 6 APPPATH\Config\Routes\AdminRoutes.php(28): CodeIgniter\Router\RouteCollection->group('admin', [...], Object(Closure))
 7 APPPATH\Config\Routes.php(20): App\Config\Routes\AdminRoutes::init(Object(CodeIgniter\Router\RouteCollection))
 8 SYSTEMPATH\Router\RouteCollection.php(340): require('C:\\xampp\\htdocs\\smartstore\\app\\Config\\Routes.php')
 9 SYSTEMPATH\CodeIgniter.php(823): CodeIgniter\Router\RouteCollection->loadRoutes()
10 SYSTEMPATH\CodeIgniter.php(457): CodeIgniter\CodeIgniter->tryToRouteIt(null)
11 SYSTEMPATH\CodeIgniter.php(355): CodeIgniter\CodeIgniter->handleRequest(null, Object(Config\Cache), false)
12 SYSTEMPATH\Boot.php(325): CodeIgniter\CodeIgniter->run()
13 SYSTEMPATH\Boot.php(67): CodeIgniter\Boot::runCodeIgniter(Object(CodeIgniter\CodeIgniter))
14 FCPATH\index.php(63): CodeIgniter\Boot::bootWeb(Object(Config\Paths))
WARNING - 2025-05-28 15:06:03 --> [DEPRECATED] Passing lowercase HTTP method "post" is deprecated. Use uppercase HTTP method like "POST". in SYSTEMPATH\Router\RouteCollection.php on line 1027.
 1 SYSTEMPATH\Router\RouteCollection.php(1027): trigger_error('Passing lowercase HTTP method "post" is deprecated. Use uppercase HTTP method like "POST".', 16384)
 2 APPPATH\Config\Routes\AdminRoutes.php(185): CodeIgniter\Router\RouteCollection->match([...], 'add_note/?(:num)?', 'UsersController::add_note/$1')
 3 SYSTEMPATH\Router\RouteCollection.php(800): App\Config\Routes\AdminRoutes::App\Config\Routes\{closure}(Object(CodeIgniter\Router\RouteCollection))
 4 APPPATH\Config\Routes\AdminRoutes.php(182): CodeIgniter\Router\RouteCollection->group('users', [...], Object(Closure))
 5 SYSTEMPATH\Router\RouteCollection.php(800): App\Config\Routes\AdminRoutes::App\Config\Routes\{closure}(Object(CodeIgniter\Router\RouteCollection))
 6 APPPATH\Config\Routes\AdminRoutes.php(28): CodeIgniter\Router\RouteCollection->group('admin', [...], Object(Closure))
 7 APPPATH\Config\Routes.php(20): App\Config\Routes\AdminRoutes::init(Object(CodeIgniter\Router\RouteCollection))
 8 SYSTEMPATH\Router\RouteCollection.php(340): require('C:\\xampp\\htdocs\\smartstore\\app\\Config\\Routes.php')
 9 SYSTEMPATH\CodeIgniter.php(823): CodeIgniter\Router\RouteCollection->loadRoutes()
10 SYSTEMPATH\CodeIgniter.php(457): CodeIgniter\CodeIgniter->tryToRouteIt(null)
11 SYSTEMPATH\CodeIgniter.php(355): CodeIgniter\CodeIgniter->handleRequest(null, Object(Config\Cache), false)
12 SYSTEMPATH\Boot.php(325): CodeIgniter\CodeIgniter->run()
13 SYSTEMPATH\Boot.php(67): CodeIgniter\Boot::runCodeIgniter(Object(CodeIgniter\CodeIgniter))
14 FCPATH\index.php(63): CodeIgniter\Boot::bootWeb(Object(Config\Paths))
WARNING - 2025-05-28 15:06:03 --> [DEPRECATED] Passing lowercase HTTP method "get" is deprecated. Use uppercase HTTP method like "GET". in SYSTEMPATH\Router\RouteCollection.php on line 1027.
 1 SYSTEMPATH\Router\RouteCollection.php(1027): trigger_error('Passing lowercase HTTP method "get" is deprecated. Use uppercase HTTP method like "GET".', 16384)
 2 APPPATH\Config\Routes\AdminRoutes.php(186): CodeIgniter\Router\RouteCollection->match([...], 'send_mail/?(:num)?', 'UsersController::send_mail/$1')
 3 SYSTEMPATH\Router\RouteCollection.php(800): App\Config\Routes\AdminRoutes::App\Config\Routes\{closure}(Object(CodeIgniter\Router\RouteCollection))
 4 APPPATH\Config\Routes\AdminRoutes.php(182): CodeIgniter\Router\RouteCollection->group('users', [...], Object(Closure))
 5 SYSTEMPATH\Router\RouteCollection.php(800): App\Config\Routes\AdminRoutes::App\Config\Routes\{closure}(Object(CodeIgniter\Router\RouteCollection))
 6 APPPATH\Config\Routes\AdminRoutes.php(28): CodeIgniter\Router\RouteCollection->group('admin', [...], Object(Closure))
 7 APPPATH\Config\Routes.php(20): App\Config\Routes\AdminRoutes::init(Object(CodeIgniter\Router\RouteCollection))
 8 SYSTEMPATH\Router\RouteCollection.php(340): require('C:\\xampp\\htdocs\\smartstore\\app\\Config\\Routes.php')
 9 SYSTEMPATH\CodeIgniter.php(823): CodeIgniter\Router\RouteCollection->loadRoutes()
10 SYSTEMPATH\CodeIgniter.php(457): CodeIgniter\CodeIgniter->tryToRouteIt(null)
11 SYSTEMPATH\CodeIgniter.php(355): CodeIgniter\CodeIgniter->handleRequest(null, Object(Config\Cache), false)
12 SYSTEMPATH\Boot.php(325): CodeIgniter\CodeIgniter->run()
13 SYSTEMPATH\Boot.php(67): CodeIgniter\Boot::runCodeIgniter(Object(CodeIgniter\CodeIgniter))
14 FCPATH\index.php(63): CodeIgniter\Boot::bootWeb(Object(Config\Paths))
WARNING - 2025-05-28 15:06:03 --> [DEPRECATED] Passing lowercase HTTP method "post" is deprecated. Use uppercase HTTP method like "POST". in SYSTEMPATH\Router\RouteCollection.php on line 1027.
 1 SYSTEMPATH\Router\RouteCollection.php(1027): trigger_error('Passing lowercase HTTP method "post" is deprecated. Use uppercase HTTP method like "POST".', 16384)
 2 APPPATH\Config\Routes\AdminRoutes.php(186): CodeIgniter\Router\RouteCollection->match([...], 'send_mail/?(:num)?', 'UsersController::send_mail/$1')
 3 SYSTEMPATH\Router\RouteCollection.php(800): App\Config\Routes\AdminRoutes::App\Config\Routes\{closure}(Object(CodeIgniter\Router\RouteCollection))
 4 APPPATH\Config\Routes\AdminRoutes.php(182): CodeIgniter\Router\RouteCollection->group('users', [...], Object(Closure))
 5 SYSTEMPATH\Router\RouteCollection.php(800): App\Config\Routes\AdminRoutes::App\Config\Routes\{closure}(Object(CodeIgniter\Router\RouteCollection))
 6 APPPATH\Config\Routes\AdminRoutes.php(28): CodeIgniter\Router\RouteCollection->group('admin', [...], Object(Closure))
 7 APPPATH\Config\Routes.php(20): App\Config\Routes\AdminRoutes::init(Object(CodeIgniter\Router\RouteCollection))
 8 SYSTEMPATH\Router\RouteCollection.php(340): require('C:\\xampp\\htdocs\\smartstore\\app\\Config\\Routes.php')
 9 SYSTEMPATH\CodeIgniter.php(823): CodeIgniter\Router\RouteCollection->loadRoutes()
10 SYSTEMPATH\CodeIgniter.php(457): CodeIgniter\CodeIgniter->tryToRouteIt(null)
11 SYSTEMPATH\CodeIgniter.php(355): CodeIgniter\CodeIgniter->handleRequest(null, Object(Config\Cache), false)
12 SYSTEMPATH\Boot.php(325): CodeIgniter\CodeIgniter->run()
13 SYSTEMPATH\Boot.php(67): CodeIgniter\Boot::runCodeIgniter(Object(CodeIgniter\CodeIgniter))
14 FCPATH\index.php(63): CodeIgniter\Boot::bootWeb(Object(Config\Paths))
WARNING - 2025-05-28 15:06:03 --> [DEPRECATED] Passing lowercase HTTP method "get" is deprecated. Use uppercase HTTP method like "GET". in SYSTEMPATH\Router\RouteCollection.php on line 1027.
 1 SYSTEMPATH\Router\RouteCollection.php(1027): trigger_error('Passing lowercase HTTP method "get" is deprecated. Use uppercase HTTP method like "GET".', 16384)
 2 APPPATH\Config\Routes\AdminRoutes.php(215): CodeIgniter\Router\RouteCollection->match([...], 'send_mail/?(:num)?', 'TicketsController::send_mail/$1')
 3 SYSTEMPATH\Router\RouteCollection.php(800): App\Config\Routes\AdminRoutes::App\Config\Routes\{closure}(Object(CodeIgniter\Router\RouteCollection))
 4 APPPATH\Config\Routes\AdminRoutes.php(212): CodeIgniter\Router\RouteCollection->group('tickets', [...], Object(Closure))
 5 SYSTEMPATH\Router\RouteCollection.php(800): App\Config\Routes\AdminRoutes::App\Config\Routes\{closure}(Object(CodeIgniter\Router\RouteCollection))
 6 APPPATH\Config\Routes\AdminRoutes.php(28): CodeIgniter\Router\RouteCollection->group('admin', [...], Object(Closure))
 7 APPPATH\Config\Routes.php(20): App\Config\Routes\AdminRoutes::init(Object(CodeIgniter\Router\RouteCollection))
 8 SYSTEMPATH\Router\RouteCollection.php(340): require('C:\\xampp\\htdocs\\smartstore\\app\\Config\\Routes.php')
 9 SYSTEMPATH\CodeIgniter.php(823): CodeIgniter\Router\RouteCollection->loadRoutes()
10 SYSTEMPATH\CodeIgniter.php(457): CodeIgniter\CodeIgniter->tryToRouteIt(null)
11 SYSTEMPATH\CodeIgniter.php(355): CodeIgniter\CodeIgniter->handleRequest(null, Object(Config\Cache), false)
12 SYSTEMPATH\Boot.php(325): CodeIgniter\CodeIgniter->run()
13 SYSTEMPATH\Boot.php(67): CodeIgniter\Boot::runCodeIgniter(Object(CodeIgniter\CodeIgniter))
14 FCPATH\index.php(63): CodeIgniter\Boot::bootWeb(Object(Config\Paths))
WARNING - 2025-05-28 15:06:03 --> [DEPRECATED] Passing lowercase HTTP method "post" is deprecated. Use uppercase HTTP method like "POST". in SYSTEMPATH\Router\RouteCollection.php on line 1027.
 1 SYSTEMPATH\Router\RouteCollection.php(1027): trigger_error('Passing lowercase HTTP method "post" is deprecated. Use uppercase HTTP method like "POST".', 16384)
 2 APPPATH\Config\Routes\AdminRoutes.php(215): CodeIgniter\Router\RouteCollection->match([...], 'send_mail/?(:num)?', 'TicketsController::send_mail/$1')
 3 SYSTEMPATH\Router\RouteCollection.php(800): App\Config\Routes\AdminRoutes::App\Config\Routes\{closure}(Object(CodeIgniter\Router\RouteCollection))
 4 APPPATH\Config\Routes\AdminRoutes.php(212): CodeIgniter\Router\RouteCollection->group('tickets', [...], Object(Closure))
 5 SYSTEMPATH\Router\RouteCollection.php(800): App\Config\Routes\AdminRoutes::App\Config\Routes\{closure}(Object(CodeIgniter\Router\RouteCollection))
 6 APPPATH\Config\Routes\AdminRoutes.php(28): CodeIgniter\Router\RouteCollection->group('admin', [...], Object(Closure))
 7 APPPATH\Config\Routes.php(20): App\Config\Routes\AdminRoutes::init(Object(CodeIgniter\Router\RouteCollection))
 8 SYSTEMPATH\Router\RouteCollection.php(340): require('C:\\xampp\\htdocs\\smartstore\\app\\Config\\Routes.php')
 9 SYSTEMPATH\CodeIgniter.php(823): CodeIgniter\Router\RouteCollection->loadRoutes()
10 SYSTEMPATH\CodeIgniter.php(457): CodeIgniter\CodeIgniter->tryToRouteIt(null)
11 SYSTEMPATH\CodeIgniter.php(355): CodeIgniter\CodeIgniter->handleRequest(null, Object(Config\Cache), false)
12 SYSTEMPATH\Boot.php(325): CodeIgniter\CodeIgniter->run()
13 SYSTEMPATH\Boot.php(67): CodeIgniter\Boot::runCodeIgniter(Object(CodeIgniter\CodeIgniter))
14 FCPATH\index.php(63): CodeIgniter\Boot::bootWeb(Object(Config\Paths))
WARNING - 2025-05-28 15:06:03 --> [DEPRECATED] Passing lowercase HTTP method "get" is deprecated. Use uppercase HTTP method like "GET". in SYSTEMPATH\Router\RouteCollection.php on line 1027.
 1 SYSTEMPATH\Router\RouteCollection.php(1027): trigger_error('Passing lowercase HTTP method "get" is deprecated. Use uppercase HTTP method like "GET".', 16384)
 2 APPPATH\Config\Routes\UserRoutes.php(49): CodeIgniter\Router\RouteCollection->match([...], 'submit_review', 'ClientController::submit_review', [...])
 3 APPPATH\Config\Routes\UserRoutes.php(23): App\Config\Routes\UserRoutes::defineRoutes(Object(CodeIgniter\Router\RouteCollection))
 4 APPPATH\Config\Routes.php(21): App\Config\Routes\UserRoutes::init(Object(CodeIgniter\Router\RouteCollection))
 5 SYSTEMPATH\Router\RouteCollection.php(340): require('C:\\xampp\\htdocs\\smartstore\\app\\Config\\Routes.php')
 6 SYSTEMPATH\CodeIgniter.php(823): CodeIgniter\Router\RouteCollection->loadRoutes()
 7 SYSTEMPATH\CodeIgniter.php(457): CodeIgniter\CodeIgniter->tryToRouteIt(null)
 8 SYSTEMPATH\CodeIgniter.php(355): CodeIgniter\CodeIgniter->handleRequest(null, Object(Config\Cache), false)
 9 SYSTEMPATH\Boot.php(325): CodeIgniter\CodeIgniter->run()
10 SYSTEMPATH\Boot.php(67): CodeIgniter\Boot::runCodeIgniter(Object(CodeIgniter\CodeIgniter))
11 FCPATH\index.php(63): CodeIgniter\Boot::bootWeb(Object(Config\Paths))
WARNING - 2025-05-28 15:06:03 --> [DEPRECATED] Passing lowercase HTTP method "post" is deprecated. Use uppercase HTTP method like "POST". in SYSTEMPATH\Router\RouteCollection.php on line 1027.
 1 SYSTEMPATH\Router\RouteCollection.php(1027): trigger_error('Passing lowercase HTTP method "post" is deprecated. Use uppercase HTTP method like "POST".', 16384)
 2 APPPATH\Config\Routes\UserRoutes.php(49): CodeIgniter\Router\RouteCollection->match([...], 'submit_review', 'ClientController::submit_review', [...])
 3 APPPATH\Config\Routes\UserRoutes.php(23): App\Config\Routes\UserRoutes::defineRoutes(Object(CodeIgniter\Router\RouteCollection))
 4 APPPATH\Config\Routes.php(21): App\Config\Routes\UserRoutes::init(Object(CodeIgniter\Router\RouteCollection))
 5 SYSTEMPATH\Router\RouteCollection.php(340): require('C:\\xampp\\htdocs\\smartstore\\app\\Config\\Routes.php')
 6 SYSTEMPATH\CodeIgniter.php(823): CodeIgniter\Router\RouteCollection->loadRoutes()
 7 SYSTEMPATH\CodeIgniter.php(457): CodeIgniter\CodeIgniter->tryToRouteIt(null)
 8 SYSTEMPATH\CodeIgniter.php(355): CodeIgniter\CodeIgniter->handleRequest(null, Object(Config\Cache), false)
 9 SYSTEMPATH\Boot.php(325): CodeIgniter\CodeIgniter->run()
10 SYSTEMPATH\Boot.php(67): CodeIgniter\Boot::runCodeIgniter(Object(CodeIgniter\CodeIgniter))
11 FCPATH\index.php(63): CodeIgniter\Boot::bootWeb(Object(Config\Paths))
WARNING - 2025-05-28 15:06:03 --> [DEPRECATED] Passing lowercase HTTP method "get" is deprecated. Use uppercase HTTP method like "GET". in SYSTEMPATH\Router\RouteCollection.php on line 1027.
 1 SYSTEMPATH\Router\RouteCollection.php(1027): trigger_error('Passing lowercase HTTP method "get" is deprecated. Use uppercase HTTP method like "GET".', 16384)
 2 APPPATH\Config\Routes\UserRoutes.php(63): CodeIgniter\Router\RouteCollection->match([...], 'track-order', 'OrderController::track_order', [...])
 3 APPPATH\Config\Routes\UserRoutes.php(23): App\Config\Routes\UserRoutes::defineRoutes(Object(CodeIgniter\Router\RouteCollection))
 4 APPPATH\Config\Routes.php(21): App\Config\Routes\UserRoutes::init(Object(CodeIgniter\Router\RouteCollection))
 5 SYSTEMPATH\Router\RouteCollection.php(340): require('C:\\xampp\\htdocs\\smartstore\\app\\Config\\Routes.php')
 6 SYSTEMPATH\CodeIgniter.php(823): CodeIgniter\Router\RouteCollection->loadRoutes()
 7 SYSTEMPATH\CodeIgniter.php(457): CodeIgniter\CodeIgniter->tryToRouteIt(null)
 8 SYSTEMPATH\CodeIgniter.php(355): CodeIgniter\CodeIgniter->handleRequest(null, Object(Config\Cache), false)
 9 SYSTEMPATH\Boot.php(325): CodeIgniter\CodeIgniter->run()
10 SYSTEMPATH\Boot.php(67): CodeIgniter\Boot::runCodeIgniter(Object(CodeIgniter\CodeIgniter))
11 FCPATH\index.php(63): CodeIgniter\Boot::bootWeb(Object(Config\Paths))
WARNING - 2025-05-28 15:06:03 --> [DEPRECATED] Passing lowercase HTTP method "post" is deprecated. Use uppercase HTTP method like "POST". in SYSTEMPATH\Router\RouteCollection.php on line 1027.
 1 SYSTEMPATH\Router\RouteCollection.php(1027): trigger_error('Passing lowercase HTTP method "post" is deprecated. Use uppercase HTTP method like "POST".', 16384)
 2 APPPATH\Config\Routes\UserRoutes.php(63): CodeIgniter\Router\RouteCollection->match([...], 'track-order', 'OrderController::track_order', [...])
 3 APPPATH\Config\Routes\UserRoutes.php(23): App\Config\Routes\UserRoutes::defineRoutes(Object(CodeIgniter\Router\RouteCollection))
 4 APPPATH\Config\Routes.php(21): App\Config\Routes\UserRoutes::init(Object(CodeIgniter\Router\RouteCollection))
 5 SYSTEMPATH\Router\RouteCollection.php(340): require('C:\\xampp\\htdocs\\smartstore\\app\\Config\\Routes.php')
 6 SYSTEMPATH\CodeIgniter.php(823): CodeIgniter\Router\RouteCollection->loadRoutes()
 7 SYSTEMPATH\CodeIgniter.php(457): CodeIgniter\CodeIgniter->tryToRouteIt(null)
 8 SYSTEMPATH\CodeIgniter.php(355): CodeIgniter\CodeIgniter->handleRequest(null, Object(Config\Cache), false)
 9 SYSTEMPATH\Boot.php(325): CodeIgniter\CodeIgniter->run()
10 SYSTEMPATH\Boot.php(67): CodeIgniter\Boot::runCodeIgniter(Object(CodeIgniter\CodeIgniter))
11 FCPATH\index.php(63): CodeIgniter\Boot::bootWeb(Object(Config\Paths))
WARNING - 2025-05-28 15:06:03 --> [DEPRECATED] Passing lowercase HTTP method "get" is deprecated. Use uppercase HTTP method like "GET". in SYSTEMPATH\Router\RouteCollection.php on line 1027.
 1 SYSTEMPATH\Router\RouteCollection.php(1027): trigger_error('Passing lowercase HTTP method "get" is deprecated. Use uppercase HTTP method like "GET".', 16384)
 2 APPPATH\Config\Routes\UserRoutes.php(49): CodeIgniter\Router\RouteCollection->match([...], 'submit_review', 'ClientController::submit_review', [...])
 3 APPPATH\Config\Routes\UserRoutes.php(26): App\Config\Routes\UserRoutes::defineRoutes(Object(CodeIgniter\Router\RouteCollection))
 4 SYSTEMPATH\Router\RouteCollection.php(800): App\Config\Routes\UserRoutes::App\Config\Routes\{closure}(Object(CodeIgniter\Router\RouteCollection))
 5 APPPATH\Config\Routes\UserRoutes.php(25): CodeIgniter\Router\RouteCollection->group('{locale}', Object(Closure))
 6 APPPATH\Config\Routes.php(21): App\Config\Routes\UserRoutes::init(Object(CodeIgniter\Router\RouteCollection))
 7 SYSTEMPATH\Router\RouteCollection.php(340): require('C:\\xampp\\htdocs\\smartstore\\app\\Config\\Routes.php')
 8 SYSTEMPATH\CodeIgniter.php(823): CodeIgniter\Router\RouteCollection->loadRoutes()
 9 SYSTEMPATH\CodeIgniter.php(457): CodeIgniter\CodeIgniter->tryToRouteIt(null)
10 SYSTEMPATH\CodeIgniter.php(355): CodeIgniter\CodeIgniter->handleRequest(null, Object(Config\Cache), false)
11 SYSTEMPATH\Boot.php(325): CodeIgniter\CodeIgniter->run()
12 SYSTEMPATH\Boot.php(67): CodeIgniter\Boot::runCodeIgniter(Object(CodeIgniter\CodeIgniter))
13 FCPATH\index.php(63): CodeIgniter\Boot::bootWeb(Object(Config\Paths))
WARNING - 2025-05-28 15:06:03 --> [DEPRECATED] Passing lowercase HTTP method "post" is deprecated. Use uppercase HTTP method like "POST". in SYSTEMPATH\Router\RouteCollection.php on line 1027.
 1 SYSTEMPATH\Router\RouteCollection.php(1027): trigger_error('Passing lowercase HTTP method "post" is deprecated. Use uppercase HTTP method like "POST".', 16384)
 2 APPPATH\Config\Routes\UserRoutes.php(49): CodeIgniter\Router\RouteCollection->match([...], 'submit_review', 'ClientController::submit_review', [...])
 3 APPPATH\Config\Routes\UserRoutes.php(26): App\Config\Routes\UserRoutes::defineRoutes(Object(CodeIgniter\Router\RouteCollection))
 4 SYSTEMPATH\Router\RouteCollection.php(800): App\Config\Routes\UserRoutes::App\Config\Routes\{closure}(Object(CodeIgniter\Router\RouteCollection))
 5 APPPATH\Config\Routes\UserRoutes.php(25): CodeIgniter\Router\RouteCollection->group('{locale}', Object(Closure))
 6 APPPATH\Config\Routes.php(21): App\Config\Routes\UserRoutes::init(Object(CodeIgniter\Router\RouteCollection))
 7 SYSTEMPATH\Router\RouteCollection.php(340): require('C:\\xampp\\htdocs\\smartstore\\app\\Config\\Routes.php')
 8 SYSTEMPATH\CodeIgniter.php(823): CodeIgniter\Router\RouteCollection->loadRoutes()
 9 SYSTEMPATH\CodeIgniter.php(457): CodeIgniter\CodeIgniter->tryToRouteIt(null)
10 SYSTEMPATH\CodeIgniter.php(355): CodeIgniter\CodeIgniter->handleRequest(null, Object(Config\Cache), false)
11 SYSTEMPATH\Boot.php(325): CodeIgniter\CodeIgniter->run()
12 SYSTEMPATH\Boot.php(67): CodeIgniter\Boot::runCodeIgniter(Object(CodeIgniter\CodeIgniter))
13 FCPATH\index.php(63): CodeIgniter\Boot::bootWeb(Object(Config\Paths))
WARNING - 2025-05-28 15:06:03 --> [DEPRECATED] Passing lowercase HTTP method "get" is deprecated. Use uppercase HTTP method like "GET". in SYSTEMPATH\Router\RouteCollection.php on line 1027.
 1 SYSTEMPATH\Router\RouteCollection.php(1027): trigger_error('Passing lowercase HTTP method "get" is deprecated. Use uppercase HTTP method like "GET".', 16384)
 2 APPPATH\Config\Routes\UserRoutes.php(63): CodeIgniter\Router\RouteCollection->match([...], 'track-order', 'OrderController::track_order', [...])
 3 APPPATH\Config\Routes\UserRoutes.php(26): App\Config\Routes\UserRoutes::defineRoutes(Object(CodeIgniter\Router\RouteCollection))
 4 SYSTEMPATH\Router\RouteCollection.php(800): App\Config\Routes\UserRoutes::App\Config\Routes\{closure}(Object(CodeIgniter\Router\RouteCollection))
 5 APPPATH\Config\Routes\UserRoutes.php(25): CodeIgniter\Router\RouteCollection->group('{locale}', Object(Closure))
 6 APPPATH\Config\Routes.php(21): App\Config\Routes\UserRoutes::init(Object(CodeIgniter\Router\RouteCollection))
 7 SYSTEMPATH\Router\RouteCollection.php(340): require('C:\\xampp\\htdocs\\smartstore\\app\\Config\\Routes.php')
 8 SYSTEMPATH\CodeIgniter.php(823): CodeIgniter\Router\RouteCollection->loadRoutes()
 9 SYSTEMPATH\CodeIgniter.php(457): CodeIgniter\CodeIgniter->tryToRouteIt(null)
10 SYSTEMPATH\CodeIgniter.php(355): CodeIgniter\CodeIgniter->handleRequest(null, Object(Config\Cache), false)
11 SYSTEMPATH\Boot.php(325): CodeIgniter\CodeIgniter->run()
12 SYSTEMPATH\Boot.php(67): CodeIgniter\Boot::runCodeIgniter(Object(CodeIgniter\CodeIgniter))
13 FCPATH\index.php(63): CodeIgniter\Boot::bootWeb(Object(Config\Paths))
WARNING - 2025-05-28 15:06:03 --> [DEPRECATED] Passing lowercase HTTP method "post" is deprecated. Use uppercase HTTP method like "POST". in SYSTEMPATH\Router\RouteCollection.php on line 1027.
 1 SYSTEMPATH\Router\RouteCollection.php(1027): trigger_error('Passing lowercase HTTP method "post" is deprecated. Use uppercase HTTP method like "POST".', 16384)
 2 APPPATH\Config\Routes\UserRoutes.php(63): CodeIgniter\Router\RouteCollection->match([...], 'track-order', 'OrderController::track_order', [...])
 3 APPPATH\Config\Routes\UserRoutes.php(26): App\Config\Routes\UserRoutes::defineRoutes(Object(CodeIgniter\Router\RouteCollection))
 4 SYSTEMPATH\Router\RouteCollection.php(800): App\Config\Routes\UserRoutes::App\Config\Routes\{closure}(Object(CodeIgniter\Router\RouteCollection))
 5 APPPATH\Config\Routes\UserRoutes.php(25): CodeIgniter\Router\RouteCollection->group('{locale}', Object(Closure))
 6 APPPATH\Config\Routes.php(21): App\Config\Routes\UserRoutes::init(Object(CodeIgniter\Router\RouteCollection))
 7 SYSTEMPATH\Router\RouteCollection.php(340): require('C:\\xampp\\htdocs\\smartstore\\app\\Config\\Routes.php')
 8 SYSTEMPATH\CodeIgniter.php(823): CodeIgniter\Router\RouteCollection->loadRoutes()
 9 SYSTEMPATH\CodeIgniter.php(457): CodeIgniter\CodeIgniter->tryToRouteIt(null)
10 SYSTEMPATH\CodeIgniter.php(355): CodeIgniter\CodeIgniter->handleRequest(null, Object(Config\Cache), false)
11 SYSTEMPATH\Boot.php(325): CodeIgniter\CodeIgniter->run()
12 SYSTEMPATH\Boot.php(67): CodeIgniter\Boot::runCodeIgniter(Object(CodeIgniter\CodeIgniter))
13 FCPATH\index.php(63): CodeIgniter\Boot::bootWeb(Object(Config\Paths))
INFO - 2025-05-28 15:06:03 --> Session: Class initialized using 'CodeIgniter\Session\Handlers\FileHandler' driver.
WARNING - 2025-05-28 15:06:03 --> [DEPRECATED] Creation of dynamic property App\Controllers\Public\PageController::$load_files is deprecated in APPPATH\Controllers\Public\PageController.php on line 21.
 1 SYSTEMPATH\CodeIgniter.php(903): App\Controllers\Public\PageController->__construct()
 2 SYSTEMPATH\CodeIgniter.php(500): CodeIgniter\CodeIgniter->createController()
 3 SYSTEMPATH\CodeIgniter.php(355): CodeIgniter\CodeIgniter->handleRequest(null, Object(Config\Cache), false)
 4 SYSTEMPATH\Boot.php(325): CodeIgniter\CodeIgniter->run()
 5 SYSTEMPATH\Boot.php(67): CodeIgniter\Boot::runCodeIgniter(Object(CodeIgniter\CodeIgniter))
 6 FCPATH\index.php(63): CodeIgniter\Boot::bootWeb(Object(Config\Paths))
WARNING - 2025-05-28 15:06:03 --> [DEPRECATED] Creation of dynamic property App\Controllers\Public\PageController::$page_title is deprecated in APPPATH\Controllers\Public\PageController.php on line 22.
 1 SYSTEMPATH\CodeIgniter.php(903): App\Controllers\Public\PageController->__construct()
 2 SYSTEMPATH\CodeIgniter.php(500): CodeIgniter\CodeIgniter->createController()
 3 SYSTEMPATH\CodeIgniter.php(355): CodeIgniter\CodeIgniter->handleRequest(null, Object(Config\Cache), false)
 4 SYSTEMPATH\Boot.php(325): CodeIgniter\CodeIgniter->run()
 5 SYSTEMPATH\Boot.php(67): CodeIgniter\Boot::runCodeIgniter(Object(CodeIgniter\CodeIgniter))
 6 FCPATH\index.php(63): CodeIgniter\Boot::bootWeb(Object(Config\Paths))
CRITICAL - 2025-05-28 15:06:54 --> CodeIgniter\HTTP\Exceptions\HTTPException: 56 : Recv failure: Connection was reset
[Method: GET, Route: /]
in SYSTEMPATH\HTTP\CURLRequest.php on line 694.
 1 SYSTEMPATH\HTTP\CURLRequest.php(694): CodeIgniter\HTTP\Exceptions\HTTPException::forCurlError('56', 'Recv failure: Connection was reset')
 2 SYSTEMPATH\HTTP\CURLRequest.php(383): CodeIgniter\HTTP\CURLRequest->sendRequest([...])
 3 SYSTEMPATH\HTTP\CURLRequest.php(152): CodeIgniter\HTTP\CURLRequest->send('GET', 'http://www.geoplugin.net/json.gp?ip=::1')
 4 SYSTEMPATH\HTTP\CURLRequest.php(187): CodeIgniter\HTTP\CURLRequest->request('GET', 'http://www.geoplugin.net/json.gp?ip=::1', [])
 5 APPPATH\Helpers\currency_timezone_helper.php(29): CodeIgniter\HTTP\CURLRequest->get('http://www.geoplugin.net/json.gp?ip=::1')
 6 APPPATH\Views\themes\regular\elements\scripts.php(10): get_location_info_by_ip()
 7 APPPATH\Views\themes\regular\theme_blade.php(29): include('C:\\xampp\\htdocs\\smartstore\\app\\Views\\themes\\regular\\elements\\scripts.php')
 8 SYSTEMPATH\View\View.php(234): include('C:\\xampp\\htdocs\\smartstore\\app\\Views\\themes\\regular\\theme_blade.php')
 9 SYSTEMPATH\View\View.php(237): CodeIgniter\View\View->CodeIgniter\View\{closure}()
10 SYSTEMPATH\View\View.php(250): CodeIgniter\View\View->render('themes/regular/theme_blade', [], true)
11 SYSTEMPATH\Common.php(1171): CodeIgniter\View\View->render('themes/regular/landing_page', [], true)
12 APPPATH\Controllers\Public\PageController.php(121): view('themes/regular/landing_page', [...])
13 APPPATH\Controllers\Public\PageController.php(36): App\Controllers\Public\PageController->render_page([...], 'home_page')
14 SYSTEMPATH\CodeIgniter.php(933): App\Controllers\Public\PageController->index()
15 SYSTEMPATH\CodeIgniter.php(509): CodeIgniter\CodeIgniter->runController(Object(App\Controllers\Public\PageController))
16 SYSTEMPATH\CodeIgniter.php(355): CodeIgniter\CodeIgniter->handleRequest(null, Object(Config\Cache), false)
17 SYSTEMPATH\Boot.php(325): CodeIgniter\CodeIgniter->run()
18 SYSTEMPATH\Boot.php(67): CodeIgniter\Boot::runCodeIgniter(Object(CodeIgniter\CodeIgniter))
19 FCPATH\index.php(63): CodeIgniter\Boot::bootWeb(Object(Config\Paths))
WARNING - 2025-05-28 15:08:34 --> [DEPRECATED] Passing lowercase HTTP method "get" is deprecated. Use uppercase HTTP method like "GET". in SYSTEMPATH\Router\RouteCollection.php on line 1027.
 1 SYSTEMPATH\Router\RouteCollection.php(1027): trigger_error('Passing lowercase HTTP method "get" is deprecated. Use uppercase HTTP method like "GET".', 16384)
 2 APPPATH\Config\Routes\AdminRoutes.php(65): CodeIgniter\Router\RouteCollection->match([...], 'send_test_mail', 'SettingsController::send_test_mail')
 3 SYSTEMPATH\Router\RouteCollection.php(800): App\Config\Routes\AdminRoutes::App\Config\Routes\{closure}(Object(CodeIgniter\Router\RouteCollection))
 4 APPPATH\Config\Routes\AdminRoutes.php(63): CodeIgniter\Router\RouteCollection->group('settings', [...], Object(Closure))
 5 SYSTEMPATH\Router\RouteCollection.php(800): App\Config\Routes\AdminRoutes::App\Config\Routes\{closure}(Object(CodeIgniter\Router\RouteCollection))
 6 APPPATH\Config\Routes\AdminRoutes.php(28): CodeIgniter\Router\RouteCollection->group('admin', [...], Object(Closure))
 7 APPPATH\Config\Routes.php(20): App\Config\Routes\AdminRoutes::init(Object(CodeIgniter\Router\RouteCollection))
 8 SYSTEMPATH\Router\RouteCollection.php(340): require('C:\\xampp\\htdocs\\smartstore\\app\\Config\\Routes.php')
 9 SYSTEMPATH\CodeIgniter.php(823): CodeIgniter\Router\RouteCollection->loadRoutes()
10 SYSTEMPATH\CodeIgniter.php(457): CodeIgniter\CodeIgniter->tryToRouteIt(null)
11 SYSTEMPATH\CodeIgniter.php(355): CodeIgniter\CodeIgniter->handleRequest(null, Object(Config\Cache), false)
12 SYSTEMPATH\Boot.php(325): CodeIgniter\CodeIgniter->run()
13 SYSTEMPATH\Boot.php(67): CodeIgniter\Boot::runCodeIgniter(Object(CodeIgniter\CodeIgniter))
14 FCPATH\index.php(63): CodeIgniter\Boot::bootWeb(Object(Config\Paths))
WARNING - 2025-05-28 15:08:34 --> [DEPRECATED] Passing lowercase HTTP method "post" is deprecated. Use uppercase HTTP method like "POST". in SYSTEMPATH\Router\RouteCollection.php on line 1027.
 1 SYSTEMPATH\Router\RouteCollection.php(1027): trigger_error('Passing lowercase HTTP method "post" is deprecated. Use uppercase HTTP method like "POST".', 16384)
 2 APPPATH\Config\Routes\AdminRoutes.php(65): CodeIgniter\Router\RouteCollection->match([...], 'send_test_mail', 'SettingsController::send_test_mail')
 3 SYSTEMPATH\Router\RouteCollection.php(800): App\Config\Routes\AdminRoutes::App\Config\Routes\{closure}(Object(CodeIgniter\Router\RouteCollection))
 4 APPPATH\Config\Routes\AdminRoutes.php(63): CodeIgniter\Router\RouteCollection->group('settings', [...], Object(Closure))
 5 SYSTEMPATH\Router\RouteCollection.php(800): App\Config\Routes\AdminRoutes::App\Config\Routes\{closure}(Object(CodeIgniter\Router\RouteCollection))
 6 APPPATH\Config\Routes\AdminRoutes.php(28): CodeIgniter\Router\RouteCollection->group('admin', [...], Object(Closure))
 7 APPPATH\Config\Routes.php(20): App\Config\Routes\AdminRoutes::init(Object(CodeIgniter\Router\RouteCollection))
 8 SYSTEMPATH\Router\RouteCollection.php(340): require('C:\\xampp\\htdocs\\smartstore\\app\\Config\\Routes.php')
 9 SYSTEMPATH\CodeIgniter.php(823): CodeIgniter\Router\RouteCollection->loadRoutes()
10 SYSTEMPATH\CodeIgniter.php(457): CodeIgniter\CodeIgniter->tryToRouteIt(null)
11 SYSTEMPATH\CodeIgniter.php(355): CodeIgniter\CodeIgniter->handleRequest(null, Object(Config\Cache), false)
12 SYSTEMPATH\Boot.php(325): CodeIgniter\CodeIgniter->run()
13 SYSTEMPATH\Boot.php(67): CodeIgniter\Boot::runCodeIgniter(Object(CodeIgniter\CodeIgniter))
14 FCPATH\index.php(63): CodeIgniter\Boot::bootWeb(Object(Config\Paths))
WARNING - 2025-05-28 15:08:34 --> [DEPRECATED] Passing lowercase HTTP method "get" is deprecated. Use uppercase HTTP method like "GET". in SYSTEMPATH\Router\RouteCollection.php on line 1027.
 1 SYSTEMPATH\Router\RouteCollection.php(1027): trigger_error('Passing lowercase HTTP method "get" is deprecated. Use uppercase HTTP method like "GET".', 16384)
 2 APPPATH\Config\Routes\AdminRoutes.php(76): CodeIgniter\Router\RouteCollection->match([...], 'elfinder_connector', 'FilemanagerController::elfinder_connector')
 3 SYSTEMPATH\Router\RouteCollection.php(800): App\Config\Routes\AdminRoutes::App\Config\Routes\{closure}(Object(CodeIgniter\Router\RouteCollection))
 4 APPPATH\Config\Routes\AdminRoutes.php(73): CodeIgniter\Router\RouteCollection->group('filemanager', [...], Object(Closure))
 5 SYSTEMPATH\Router\RouteCollection.php(800): App\Config\Routes\AdminRoutes::App\Config\Routes\{closure}(Object(CodeIgniter\Router\RouteCollection))
 6 APPPATH\Config\Routes\AdminRoutes.php(28): CodeIgniter\Router\RouteCollection->group('admin', [...], Object(Closure))
 7 APPPATH\Config\Routes.php(20): App\Config\Routes\AdminRoutes::init(Object(CodeIgniter\Router\RouteCollection))
 8 SYSTEMPATH\Router\RouteCollection.php(340): require('C:\\xampp\\htdocs\\smartstore\\app\\Config\\Routes.php')
 9 SYSTEMPATH\CodeIgniter.php(823): CodeIgniter\Router\RouteCollection->loadRoutes()
10 SYSTEMPATH\CodeIgniter.php(457): CodeIgniter\CodeIgniter->tryToRouteIt(null)
11 SYSTEMPATH\CodeIgniter.php(355): CodeIgniter\CodeIgniter->handleRequest(null, Object(Config\Cache), false)
12 SYSTEMPATH\Boot.php(325): CodeIgniter\CodeIgniter->run()
13 SYSTEMPATH\Boot.php(67): CodeIgniter\Boot::runCodeIgniter(Object(CodeIgniter\CodeIgniter))
14 FCPATH\index.php(63): CodeIgniter\Boot::bootWeb(Object(Config\Paths))
WARNING - 2025-05-28 15:08:34 --> [DEPRECATED] Passing lowercase HTTP method "post" is deprecated. Use uppercase HTTP method like "POST". in SYSTEMPATH\Router\RouteCollection.php on line 1027.
 1 SYSTEMPATH\Router\RouteCollection.php(1027): trigger_error('Passing lowercase HTTP method "post" is deprecated. Use uppercase HTTP method like "POST".', 16384)
 2 APPPATH\Config\Routes\AdminRoutes.php(76): CodeIgniter\Router\RouteCollection->match([...], 'elfinder_connector', 'FilemanagerController::elfinder_connector')
 3 SYSTEMPATH\Router\RouteCollection.php(800): App\Config\Routes\AdminRoutes::App\Config\Routes\{closure}(Object(CodeIgniter\Router\RouteCollection))
 4 APPPATH\Config\Routes\AdminRoutes.php(73): CodeIgniter\Router\RouteCollection->group('filemanager', [...], Object(Closure))
 5 SYSTEMPATH\Router\RouteCollection.php(800): App\Config\Routes\AdminRoutes::App\Config\Routes\{closure}(Object(CodeIgniter\Router\RouteCollection))
 6 APPPATH\Config\Routes\AdminRoutes.php(28): CodeIgniter\Router\RouteCollection->group('admin', [...], Object(Closure))
 7 APPPATH\Config\Routes.php(20): App\Config\Routes\AdminRoutes::init(Object(CodeIgniter\Router\RouteCollection))
 8 SYSTEMPATH\Router\RouteCollection.php(340): require('C:\\xampp\\htdocs\\smartstore\\app\\Config\\Routes.php')
 9 SYSTEMPATH\CodeIgniter.php(823): CodeIgniter\Router\RouteCollection->loadRoutes()
10 SYSTEMPATH\CodeIgniter.php(457): CodeIgniter\CodeIgniter->tryToRouteIt(null)
11 SYSTEMPATH\CodeIgniter.php(355): CodeIgniter\CodeIgniter->handleRequest(null, Object(Config\Cache), false)
12 SYSTEMPATH\Boot.php(325): CodeIgniter\CodeIgniter->run()
13 SYSTEMPATH\Boot.php(67): CodeIgniter\Boot::runCodeIgniter(Object(CodeIgniter\CodeIgniter))
14 FCPATH\index.php(63): CodeIgniter\Boot::bootWeb(Object(Config\Paths))
WARNING - 2025-05-28 15:08:34 --> [DEPRECATED] Passing lowercase HTTP method "get" is deprecated. Use uppercase HTTP method like "GET". in SYSTEMPATH\Router\RouteCollection.php on line 1027.
 1 SYSTEMPATH\Router\RouteCollection.php(1027): trigger_error('Passing lowercase HTTP method "get" is deprecated. Use uppercase HTTP method like "GET".', 16384)
 2 APPPATH\Config\Routes\AdminRoutes.php(172): CodeIgniter\Router\RouteCollection->match([...], 'sync_services/?(:num)?', 'ProvidersController::sync_services/$1')
 3 SYSTEMPATH\Router\RouteCollection.php(800): App\Config\Routes\AdminRoutes::App\Config\Routes\{closure}(Object(CodeIgniter\Router\RouteCollection))
 4 APPPATH\Config\Routes\AdminRoutes.php(167): CodeIgniter\Router\RouteCollection->group('providers', [...], Object(Closure))
 5 SYSTEMPATH\Router\RouteCollection.php(800): App\Config\Routes\AdminRoutes::App\Config\Routes\{closure}(Object(CodeIgniter\Router\RouteCollection))
 6 APPPATH\Config\Routes\AdminRoutes.php(28): CodeIgniter\Router\RouteCollection->group('admin', [...], Object(Closure))
 7 APPPATH\Config\Routes.php(20): App\Config\Routes\AdminRoutes::init(Object(CodeIgniter\Router\RouteCollection))
 8 SYSTEMPATH\Router\RouteCollection.php(340): require('C:\\xampp\\htdocs\\smartstore\\app\\Config\\Routes.php')
 9 SYSTEMPATH\CodeIgniter.php(823): CodeIgniter\Router\RouteCollection->loadRoutes()
10 SYSTEMPATH\CodeIgniter.php(457): CodeIgniter\CodeIgniter->tryToRouteIt(null)
11 SYSTEMPATH\CodeIgniter.php(355): CodeIgniter\CodeIgniter->handleRequest(null, Object(Config\Cache), false)
12 SYSTEMPATH\Boot.php(325): CodeIgniter\CodeIgniter->run()
13 SYSTEMPATH\Boot.php(67): CodeIgniter\Boot::runCodeIgniter(Object(CodeIgniter\CodeIgniter))
14 FCPATH\index.php(63): CodeIgniter\Boot::bootWeb(Object(Config\Paths))
WARNING - 2025-05-28 15:08:34 --> [DEPRECATED] Passing lowercase HTTP method "post" is deprecated. Use uppercase HTTP method like "POST". in SYSTEMPATH\Router\RouteCollection.php on line 1027.
 1 SYSTEMPATH\Router\RouteCollection.php(1027): trigger_error('Passing lowercase HTTP method "post" is deprecated. Use uppercase HTTP method like "POST".', 16384)
 2 APPPATH\Config\Routes\AdminRoutes.php(172): CodeIgniter\Router\RouteCollection->match([...], 'sync_services/?(:num)?', 'ProvidersController::sync_services/$1')
 3 SYSTEMPATH\Router\RouteCollection.php(800): App\Config\Routes\AdminRoutes::App\Config\Routes\{closure}(Object(CodeIgniter\Router\RouteCollection))
 4 APPPATH\Config\Routes\AdminRoutes.php(167): CodeIgniter\Router\RouteCollection->group('providers', [...], Object(Closure))
 5 SYSTEMPATH\Router\RouteCollection.php(800): App\Config\Routes\AdminRoutes::App\Config\Routes\{closure}(Object(CodeIgniter\Router\RouteCollection))
 6 APPPATH\Config\Routes\AdminRoutes.php(28): CodeIgniter\Router\RouteCollection->group('admin', [...], Object(Closure))
 7 APPPATH\Config\Routes.php(20): App\Config\Routes\AdminRoutes::init(Object(CodeIgniter\Router\RouteCollection))
 8 SYSTEMPATH\Router\RouteCollection.php(340): require('C:\\xampp\\htdocs\\smartstore\\app\\Config\\Routes.php')
 9 SYSTEMPATH\CodeIgniter.php(823): CodeIgniter\Router\RouteCollection->loadRoutes()
10 SYSTEMPATH\CodeIgniter.php(457): CodeIgniter\CodeIgniter->tryToRouteIt(null)
11 SYSTEMPATH\CodeIgniter.php(355): CodeIgniter\CodeIgniter->handleRequest(null, Object(Config\Cache), false)
12 SYSTEMPATH\Boot.php(325): CodeIgniter\CodeIgniter->run()
13 SYSTEMPATH\Boot.php(67): CodeIgniter\Boot::runCodeIgniter(Object(CodeIgniter\CodeIgniter))
14 FCPATH\index.php(63): CodeIgniter\Boot::bootWeb(Object(Config\Paths))
WARNING - 2025-05-28 15:08:34 --> [DEPRECATED] Passing lowercase HTTP method "get" is deprecated. Use uppercase HTTP method like "GET". in SYSTEMPATH\Router\RouteCollection.php on line 1027.
 1 SYSTEMPATH\Router\RouteCollection.php(1027): trigger_error('Passing lowercase HTTP method "get" is deprecated. Use uppercase HTTP method like "GET".', 16384)
 2 APPPATH\Config\Routes\AdminRoutes.php(185): CodeIgniter\Router\RouteCollection->match([...], 'add_note/?(:num)?', 'UsersController::add_note/$1')
 3 SYSTEMPATH\Router\RouteCollection.php(800): App\Config\Routes\AdminRoutes::App\Config\Routes\{closure}(Object(CodeIgniter\Router\RouteCollection))
 4 APPPATH\Config\Routes\AdminRoutes.php(182): CodeIgniter\Router\RouteCollection->group('users', [...], Object(Closure))
 5 SYSTEMPATH\Router\RouteCollection.php(800): App\Config\Routes\AdminRoutes::App\Config\Routes\{closure}(Object(CodeIgniter\Router\RouteCollection))
 6 APPPATH\Config\Routes\AdminRoutes.php(28): CodeIgniter\Router\RouteCollection->group('admin', [...], Object(Closure))
 7 APPPATH\Config\Routes.php(20): App\Config\Routes\AdminRoutes::init(Object(CodeIgniter\Router\RouteCollection))
 8 SYSTEMPATH\Router\RouteCollection.php(340): require('C:\\xampp\\htdocs\\smartstore\\app\\Config\\Routes.php')
 9 SYSTEMPATH\CodeIgniter.php(823): CodeIgniter\Router\RouteCollection->loadRoutes()
10 SYSTEMPATH\CodeIgniter.php(457): CodeIgniter\CodeIgniter->tryToRouteIt(null)
11 SYSTEMPATH\CodeIgniter.php(355): CodeIgniter\CodeIgniter->handleRequest(null, Object(Config\Cache), false)
12 SYSTEMPATH\Boot.php(325): CodeIgniter\CodeIgniter->run()
13 SYSTEMPATH\Boot.php(67): CodeIgniter\Boot::runCodeIgniter(Object(CodeIgniter\CodeIgniter))
14 FCPATH\index.php(63): CodeIgniter\Boot::bootWeb(Object(Config\Paths))
WARNING - 2025-05-28 15:08:34 --> [DEPRECATED] Passing lowercase HTTP method "post" is deprecated. Use uppercase HTTP method like "POST". in SYSTEMPATH\Router\RouteCollection.php on line 1027.
 1 SYSTEMPATH\Router\RouteCollection.php(1027): trigger_error('Passing lowercase HTTP method "post" is deprecated. Use uppercase HTTP method like "POST".', 16384)
 2 APPPATH\Config\Routes\AdminRoutes.php(185): CodeIgniter\Router\RouteCollection->match([...], 'add_note/?(:num)?', 'UsersController::add_note/$1')
 3 SYSTEMPATH\Router\RouteCollection.php(800): App\Config\Routes\AdminRoutes::App\Config\Routes\{closure}(Object(CodeIgniter\Router\RouteCollection))
 4 APPPATH\Config\Routes\AdminRoutes.php(182): CodeIgniter\Router\RouteCollection->group('users', [...], Object(Closure))
 5 SYSTEMPATH\Router\RouteCollection.php(800): App\Config\Routes\AdminRoutes::App\Config\Routes\{closure}(Object(CodeIgniter\Router\RouteCollection))
 6 APPPATH\Config\Routes\AdminRoutes.php(28): CodeIgniter\Router\RouteCollection->group('admin', [...], Object(Closure))
 7 APPPATH\Config\Routes.php(20): App\Config\Routes\AdminRoutes::init(Object(CodeIgniter\Router\RouteCollection))
 8 SYSTEMPATH\Router\RouteCollection.php(340): require('C:\\xampp\\htdocs\\smartstore\\app\\Config\\Routes.php')
 9 SYSTEMPATH\CodeIgniter.php(823): CodeIgniter\Router\RouteCollection->loadRoutes()
10 SYSTEMPATH\CodeIgniter.php(457): CodeIgniter\CodeIgniter->tryToRouteIt(null)
11 SYSTEMPATH\CodeIgniter.php(355): CodeIgniter\CodeIgniter->handleRequest(null, Object(Config\Cache), false)
12 SYSTEMPATH\Boot.php(325): CodeIgniter\CodeIgniter->run()
13 SYSTEMPATH\Boot.php(67): CodeIgniter\Boot::runCodeIgniter(Object(CodeIgniter\CodeIgniter))
14 FCPATH\index.php(63): CodeIgniter\Boot::bootWeb(Object(Config\Paths))
WARNING - 2025-05-28 15:08:34 --> [DEPRECATED] Passing lowercase HTTP method "get" is deprecated. Use uppercase HTTP method like "GET". in SYSTEMPATH\Router\RouteCollection.php on line 1027.
 1 SYSTEMPATH\Router\RouteCollection.php(1027): trigger_error('Passing lowercase HTTP method "get" is deprecated. Use uppercase HTTP method like "GET".', 16384)
 2 APPPATH\Config\Routes\AdminRoutes.php(186): CodeIgniter\Router\RouteCollection->match([...], 'send_mail/?(:num)?', 'UsersController::send_mail/$1')
 3 SYSTEMPATH\Router\RouteCollection.php(800): App\Config\Routes\AdminRoutes::App\Config\Routes\{closure}(Object(CodeIgniter\Router\RouteCollection))
 4 APPPATH\Config\Routes\AdminRoutes.php(182): CodeIgniter\Router\RouteCollection->group('users', [...], Object(Closure))
 5 SYSTEMPATH\Router\RouteCollection.php(800): App\Config\Routes\AdminRoutes::App\Config\Routes\{closure}(Object(CodeIgniter\Router\RouteCollection))
 6 APPPATH\Config\Routes\AdminRoutes.php(28): CodeIgniter\Router\RouteCollection->group('admin', [...], Object(Closure))
 7 APPPATH\Config\Routes.php(20): App\Config\Routes\AdminRoutes::init(Object(CodeIgniter\Router\RouteCollection))
 8 SYSTEMPATH\Router\RouteCollection.php(340): require('C:\\xampp\\htdocs\\smartstore\\app\\Config\\Routes.php')
 9 SYSTEMPATH\CodeIgniter.php(823): CodeIgniter\Router\RouteCollection->loadRoutes()
10 SYSTEMPATH\CodeIgniter.php(457): CodeIgniter\CodeIgniter->tryToRouteIt(null)
11 SYSTEMPATH\CodeIgniter.php(355): CodeIgniter\CodeIgniter->handleRequest(null, Object(Config\Cache), false)
12 SYSTEMPATH\Boot.php(325): CodeIgniter\CodeIgniter->run()
13 SYSTEMPATH\Boot.php(67): CodeIgniter\Boot::runCodeIgniter(Object(CodeIgniter\CodeIgniter))
14 FCPATH\index.php(63): CodeIgniter\Boot::bootWeb(Object(Config\Paths))
WARNING - 2025-05-28 15:08:34 --> [DEPRECATED] Passing lowercase HTTP method "post" is deprecated. Use uppercase HTTP method like "POST". in SYSTEMPATH\Router\RouteCollection.php on line 1027.
 1 SYSTEMPATH\Router\RouteCollection.php(1027): trigger_error('Passing lowercase HTTP method "post" is deprecated. Use uppercase HTTP method like "POST".', 16384)
 2 APPPATH\Config\Routes\AdminRoutes.php(186): CodeIgniter\Router\RouteCollection->match([...], 'send_mail/?(:num)?', 'UsersController::send_mail/$1')
 3 SYSTEMPATH\Router\RouteCollection.php(800): App\Config\Routes\AdminRoutes::App\Config\Routes\{closure}(Object(CodeIgniter\Router\RouteCollection))
 4 APPPATH\Config\Routes\AdminRoutes.php(182): CodeIgniter\Router\RouteCollection->group('users', [...], Object(Closure))
 5 SYSTEMPATH\Router\RouteCollection.php(800): App\Config\Routes\AdminRoutes::App\Config\Routes\{closure}(Object(CodeIgniter\Router\RouteCollection))
 6 APPPATH\Config\Routes\AdminRoutes.php(28): CodeIgniter\Router\RouteCollection->group('admin', [...], Object(Closure))
 7 APPPATH\Config\Routes.php(20): App\Config\Routes\AdminRoutes::init(Object(CodeIgniter\Router\RouteCollection))
 8 SYSTEMPATH\Router\RouteCollection.php(340): require('C:\\xampp\\htdocs\\smartstore\\app\\Config\\Routes.php')
 9 SYSTEMPATH\CodeIgniter.php(823): CodeIgniter\Router\RouteCollection->loadRoutes()
10 SYSTEMPATH\CodeIgniter.php(457): CodeIgniter\CodeIgniter->tryToRouteIt(null)
11 SYSTEMPATH\CodeIgniter.php(355): CodeIgniter\CodeIgniter->handleRequest(null, Object(Config\Cache), false)
12 SYSTEMPATH\Boot.php(325): CodeIgniter\CodeIgniter->run()
13 SYSTEMPATH\Boot.php(67): CodeIgniter\Boot::runCodeIgniter(Object(CodeIgniter\CodeIgniter))
14 FCPATH\index.php(63): CodeIgniter\Boot::bootWeb(Object(Config\Paths))
WARNING - 2025-05-28 15:08:34 --> [DEPRECATED] Passing lowercase HTTP method "get" is deprecated. Use uppercase HTTP method like "GET". in SYSTEMPATH\Router\RouteCollection.php on line 1027.
 1 SYSTEMPATH\Router\RouteCollection.php(1027): trigger_error('Passing lowercase HTTP method "get" is deprecated. Use uppercase HTTP method like "GET".', 16384)
 2 APPPATH\Config\Routes\AdminRoutes.php(215): CodeIgniter\Router\RouteCollection->match([...], 'send_mail/?(:num)?', 'TicketsController::send_mail/$1')
 3 SYSTEMPATH\Router\RouteCollection.php(800): App\Config\Routes\AdminRoutes::App\Config\Routes\{closure}(Object(CodeIgniter\Router\RouteCollection))
 4 APPPATH\Config\Routes\AdminRoutes.php(212): CodeIgniter\Router\RouteCollection->group('tickets', [...], Object(Closure))
 5 SYSTEMPATH\Router\RouteCollection.php(800): App\Config\Routes\AdminRoutes::App\Config\Routes\{closure}(Object(CodeIgniter\Router\RouteCollection))
 6 APPPATH\Config\Routes\AdminRoutes.php(28): CodeIgniter\Router\RouteCollection->group('admin', [...], Object(Closure))
 7 APPPATH\Config\Routes.php(20): App\Config\Routes\AdminRoutes::init(Object(CodeIgniter\Router\RouteCollection))
 8 SYSTEMPATH\Router\RouteCollection.php(340): require('C:\\xampp\\htdocs\\smartstore\\app\\Config\\Routes.php')
 9 SYSTEMPATH\CodeIgniter.php(823): CodeIgniter\Router\RouteCollection->loadRoutes()
10 SYSTEMPATH\CodeIgniter.php(457): CodeIgniter\CodeIgniter->tryToRouteIt(null)
11 SYSTEMPATH\CodeIgniter.php(355): CodeIgniter\CodeIgniter->handleRequest(null, Object(Config\Cache), false)
12 SYSTEMPATH\Boot.php(325): CodeIgniter\CodeIgniter->run()
13 SYSTEMPATH\Boot.php(67): CodeIgniter\Boot::runCodeIgniter(Object(CodeIgniter\CodeIgniter))
14 FCPATH\index.php(63): CodeIgniter\Boot::bootWeb(Object(Config\Paths))
WARNING - 2025-05-28 15:08:34 --> [DEPRECATED] Passing lowercase HTTP method "post" is deprecated. Use uppercase HTTP method like "POST". in SYSTEMPATH\Router\RouteCollection.php on line 1027.
 1 SYSTEMPATH\Router\RouteCollection.php(1027): trigger_error('Passing lowercase HTTP method "post" is deprecated. Use uppercase HTTP method like "POST".', 16384)
 2 APPPATH\Config\Routes\AdminRoutes.php(215): CodeIgniter\Router\RouteCollection->match([...], 'send_mail/?(:num)?', 'TicketsController::send_mail/$1')
 3 SYSTEMPATH\Router\RouteCollection.php(800): App\Config\Routes\AdminRoutes::App\Config\Routes\{closure}(Object(CodeIgniter\Router\RouteCollection))
 4 APPPATH\Config\Routes\AdminRoutes.php(212): CodeIgniter\Router\RouteCollection->group('tickets', [...], Object(Closure))
 5 SYSTEMPATH\Router\RouteCollection.php(800): App\Config\Routes\AdminRoutes::App\Config\Routes\{closure}(Object(CodeIgniter\Router\RouteCollection))
 6 APPPATH\Config\Routes\AdminRoutes.php(28): CodeIgniter\Router\RouteCollection->group('admin', [...], Object(Closure))
 7 APPPATH\Config\Routes.php(20): App\Config\Routes\AdminRoutes::init(Object(CodeIgniter\Router\RouteCollection))
 8 SYSTEMPATH\Router\RouteCollection.php(340): require('C:\\xampp\\htdocs\\smartstore\\app\\Config\\Routes.php')
 9 SYSTEMPATH\CodeIgniter.php(823): CodeIgniter\Router\RouteCollection->loadRoutes()
10 SYSTEMPATH\CodeIgniter.php(457): CodeIgniter\CodeIgniter->tryToRouteIt(null)
11 SYSTEMPATH\CodeIgniter.php(355): CodeIgniter\CodeIgniter->handleRequest(null, Object(Config\Cache), false)
12 SYSTEMPATH\Boot.php(325): CodeIgniter\CodeIgniter->run()
13 SYSTEMPATH\Boot.php(67): CodeIgniter\Boot::runCodeIgniter(Object(CodeIgniter\CodeIgniter))
14 FCPATH\index.php(63): CodeIgniter\Boot::bootWeb(Object(Config\Paths))
WARNING - 2025-05-28 15:08:34 --> [DEPRECATED] Passing lowercase HTTP method "get" is deprecated. Use uppercase HTTP method like "GET". in SYSTEMPATH\Router\RouteCollection.php on line 1027.
 1 SYSTEMPATH\Router\RouteCollection.php(1027): trigger_error('Passing lowercase HTTP method "get" is deprecated. Use uppercase HTTP method like "GET".', 16384)
 2 APPPATH\Config\Routes\UserRoutes.php(49): CodeIgniter\Router\RouteCollection->match([...], 'submit_review', 'ClientController::submit_review', [...])
 3 APPPATH\Config\Routes\UserRoutes.php(23): App\Config\Routes\UserRoutes::defineRoutes(Object(CodeIgniter\Router\RouteCollection))
 4 APPPATH\Config\Routes.php(21): App\Config\Routes\UserRoutes::init(Object(CodeIgniter\Router\RouteCollection))
 5 SYSTEMPATH\Router\RouteCollection.php(340): require('C:\\xampp\\htdocs\\smartstore\\app\\Config\\Routes.php')
 6 SYSTEMPATH\CodeIgniter.php(823): CodeIgniter\Router\RouteCollection->loadRoutes()
 7 SYSTEMPATH\CodeIgniter.php(457): CodeIgniter\CodeIgniter->tryToRouteIt(null)
 8 SYSTEMPATH\CodeIgniter.php(355): CodeIgniter\CodeIgniter->handleRequest(null, Object(Config\Cache), false)
 9 SYSTEMPATH\Boot.php(325): CodeIgniter\CodeIgniter->run()
10 SYSTEMPATH\Boot.php(67): CodeIgniter\Boot::runCodeIgniter(Object(CodeIgniter\CodeIgniter))
11 FCPATH\index.php(63): CodeIgniter\Boot::bootWeb(Object(Config\Paths))
WARNING - 2025-05-28 15:08:34 --> [DEPRECATED] Passing lowercase HTTP method "post" is deprecated. Use uppercase HTTP method like "POST". in SYSTEMPATH\Router\RouteCollection.php on line 1027.
 1 SYSTEMPATH\Router\RouteCollection.php(1027): trigger_error('Passing lowercase HTTP method "post" is deprecated. Use uppercase HTTP method like "POST".', 16384)
 2 APPPATH\Config\Routes\UserRoutes.php(49): CodeIgniter\Router\RouteCollection->match([...], 'submit_review', 'ClientController::submit_review', [...])
 3 APPPATH\Config\Routes\UserRoutes.php(23): App\Config\Routes\UserRoutes::defineRoutes(Object(CodeIgniter\Router\RouteCollection))
 4 APPPATH\Config\Routes.php(21): App\Config\Routes\UserRoutes::init(Object(CodeIgniter\Router\RouteCollection))
 5 SYSTEMPATH\Router\RouteCollection.php(340): require('C:\\xampp\\htdocs\\smartstore\\app\\Config\\Routes.php')
 6 SYSTEMPATH\CodeIgniter.php(823): CodeIgniter\Router\RouteCollection->loadRoutes()
 7 SYSTEMPATH\CodeIgniter.php(457): CodeIgniter\CodeIgniter->tryToRouteIt(null)
 8 SYSTEMPATH\CodeIgniter.php(355): CodeIgniter\CodeIgniter->handleRequest(null, Object(Config\Cache), false)
 9 SYSTEMPATH\Boot.php(325): CodeIgniter\CodeIgniter->run()
10 SYSTEMPATH\Boot.php(67): CodeIgniter\Boot::runCodeIgniter(Object(CodeIgniter\CodeIgniter))
11 FCPATH\index.php(63): CodeIgniter\Boot::bootWeb(Object(Config\Paths))
WARNING - 2025-05-28 15:08:34 --> [DEPRECATED] Passing lowercase HTTP method "get" is deprecated. Use uppercase HTTP method like "GET". in SYSTEMPATH\Router\RouteCollection.php on line 1027.
 1 SYSTEMPATH\Router\RouteCollection.php(1027): trigger_error('Passing lowercase HTTP method "get" is deprecated. Use uppercase HTTP method like "GET".', 16384)
 2 APPPATH\Config\Routes\UserRoutes.php(63): CodeIgniter\Router\RouteCollection->match([...], 'track-order', 'OrderController::track_order', [...])
 3 APPPATH\Config\Routes\UserRoutes.php(23): App\Config\Routes\UserRoutes::defineRoutes(Object(CodeIgniter\Router\RouteCollection))
 4 APPPATH\Config\Routes.php(21): App\Config\Routes\UserRoutes::init(Object(CodeIgniter\Router\RouteCollection))
 5 SYSTEMPATH\Router\RouteCollection.php(340): require('C:\\xampp\\htdocs\\smartstore\\app\\Config\\Routes.php')
 6 SYSTEMPATH\CodeIgniter.php(823): CodeIgniter\Router\RouteCollection->loadRoutes()
 7 SYSTEMPATH\CodeIgniter.php(457): CodeIgniter\CodeIgniter->tryToRouteIt(null)
 8 SYSTEMPATH\CodeIgniter.php(355): CodeIgniter\CodeIgniter->handleRequest(null, Object(Config\Cache), false)
 9 SYSTEMPATH\Boot.php(325): CodeIgniter\CodeIgniter->run()
10 SYSTEMPATH\Boot.php(67): CodeIgniter\Boot::runCodeIgniter(Object(CodeIgniter\CodeIgniter))
11 FCPATH\index.php(63): CodeIgniter\Boot::bootWeb(Object(Config\Paths))
WARNING - 2025-05-28 15:08:34 --> [DEPRECATED] Passing lowercase HTTP method "post" is deprecated. Use uppercase HTTP method like "POST". in SYSTEMPATH\Router\RouteCollection.php on line 1027.
 1 SYSTEMPATH\Router\RouteCollection.php(1027): trigger_error('Passing lowercase HTTP method "post" is deprecated. Use uppercase HTTP method like "POST".', 16384)
 2 APPPATH\Config\Routes\UserRoutes.php(63): CodeIgniter\Router\RouteCollection->match([...], 'track-order', 'OrderController::track_order', [...])
 3 APPPATH\Config\Routes\UserRoutes.php(23): App\Config\Routes\UserRoutes::defineRoutes(Object(CodeIgniter\Router\RouteCollection))
 4 APPPATH\Config\Routes.php(21): App\Config\Routes\UserRoutes::init(Object(CodeIgniter\Router\RouteCollection))
 5 SYSTEMPATH\Router\RouteCollection.php(340): require('C:\\xampp\\htdocs\\smartstore\\app\\Config\\Routes.php')
 6 SYSTEMPATH\CodeIgniter.php(823): CodeIgniter\Router\RouteCollection->loadRoutes()
 7 SYSTEMPATH\CodeIgniter.php(457): CodeIgniter\CodeIgniter->tryToRouteIt(null)
 8 SYSTEMPATH\CodeIgniter.php(355): CodeIgniter\CodeIgniter->handleRequest(null, Object(Config\Cache), false)
 9 SYSTEMPATH\Boot.php(325): CodeIgniter\CodeIgniter->run()
10 SYSTEMPATH\Boot.php(67): CodeIgniter\Boot::runCodeIgniter(Object(CodeIgniter\CodeIgniter))
11 FCPATH\index.php(63): CodeIgniter\Boot::bootWeb(Object(Config\Paths))
WARNING - 2025-05-28 15:08:34 --> [DEPRECATED] Passing lowercase HTTP method "get" is deprecated. Use uppercase HTTP method like "GET". in SYSTEMPATH\Router\RouteCollection.php on line 1027.
 1 SYSTEMPATH\Router\RouteCollection.php(1027): trigger_error('Passing lowercase HTTP method "get" is deprecated. Use uppercase HTTP method like "GET".', 16384)
 2 APPPATH\Config\Routes\UserRoutes.php(49): CodeIgniter\Router\RouteCollection->match([...], 'submit_review', 'ClientController::submit_review', [...])
 3 APPPATH\Config\Routes\UserRoutes.php(26): App\Config\Routes\UserRoutes::defineRoutes(Object(CodeIgniter\Router\RouteCollection))
 4 SYSTEMPATH\Router\RouteCollection.php(800): App\Config\Routes\UserRoutes::App\Config\Routes\{closure}(Object(CodeIgniter\Router\RouteCollection))
 5 APPPATH\Config\Routes\UserRoutes.php(25): CodeIgniter\Router\RouteCollection->group('{locale}', Object(Closure))
 6 APPPATH\Config\Routes.php(21): App\Config\Routes\UserRoutes::init(Object(CodeIgniter\Router\RouteCollection))
 7 SYSTEMPATH\Router\RouteCollection.php(340): require('C:\\xampp\\htdocs\\smartstore\\app\\Config\\Routes.php')
 8 SYSTEMPATH\CodeIgniter.php(823): CodeIgniter\Router\RouteCollection->loadRoutes()
 9 SYSTEMPATH\CodeIgniter.php(457): CodeIgniter\CodeIgniter->tryToRouteIt(null)
10 SYSTEMPATH\CodeIgniter.php(355): CodeIgniter\CodeIgniter->handleRequest(null, Object(Config\Cache), false)
11 SYSTEMPATH\Boot.php(325): CodeIgniter\CodeIgniter->run()
12 SYSTEMPATH\Boot.php(67): CodeIgniter\Boot::runCodeIgniter(Object(CodeIgniter\CodeIgniter))
13 FCPATH\index.php(63): CodeIgniter\Boot::bootWeb(Object(Config\Paths))
WARNING - 2025-05-28 15:08:34 --> [DEPRECATED] Passing lowercase HTTP method "post" is deprecated. Use uppercase HTTP method like "POST". in SYSTEMPATH\Router\RouteCollection.php on line 1027.
 1 SYSTEMPATH\Router\RouteCollection.php(1027): trigger_error('Passing lowercase HTTP method "post" is deprecated. Use uppercase HTTP method like "POST".', 16384)
 2 APPPATH\Config\Routes\UserRoutes.php(49): CodeIgniter\Router\RouteCollection->match([...], 'submit_review', 'ClientController::submit_review', [...])
 3 APPPATH\Config\Routes\UserRoutes.php(26): App\Config\Routes\UserRoutes::defineRoutes(Object(CodeIgniter\Router\RouteCollection))
 4 SYSTEMPATH\Router\RouteCollection.php(800): App\Config\Routes\UserRoutes::App\Config\Routes\{closure}(Object(CodeIgniter\Router\RouteCollection))
 5 APPPATH\Config\Routes\UserRoutes.php(25): CodeIgniter\Router\RouteCollection->group('{locale}', Object(Closure))
 6 APPPATH\Config\Routes.php(21): App\Config\Routes\UserRoutes::init(Object(CodeIgniter\Router\RouteCollection))
 7 SYSTEMPATH\Router\RouteCollection.php(340): require('C:\\xampp\\htdocs\\smartstore\\app\\Config\\Routes.php')
 8 SYSTEMPATH\CodeIgniter.php(823): CodeIgniter\Router\RouteCollection->loadRoutes()
 9 SYSTEMPATH\CodeIgniter.php(457): CodeIgniter\CodeIgniter->tryToRouteIt(null)
10 SYSTEMPATH\CodeIgniter.php(355): CodeIgniter\CodeIgniter->handleRequest(null, Object(Config\Cache), false)
11 SYSTEMPATH\Boot.php(325): CodeIgniter\CodeIgniter->run()
12 SYSTEMPATH\Boot.php(67): CodeIgniter\Boot::runCodeIgniter(Object(CodeIgniter\CodeIgniter))
13 FCPATH\index.php(63): CodeIgniter\Boot::bootWeb(Object(Config\Paths))
WARNING - 2025-05-28 15:08:34 --> [DEPRECATED] Passing lowercase HTTP method "get" is deprecated. Use uppercase HTTP method like "GET". in SYSTEMPATH\Router\RouteCollection.php on line 1027.
 1 SYSTEMPATH\Router\RouteCollection.php(1027): trigger_error('Passing lowercase HTTP method "get" is deprecated. Use uppercase HTTP method like "GET".', 16384)
 2 APPPATH\Config\Routes\UserRoutes.php(63): CodeIgniter\Router\RouteCollection->match([...], 'track-order', 'OrderController::track_order', [...])
 3 APPPATH\Config\Routes\UserRoutes.php(26): App\Config\Routes\UserRoutes::defineRoutes(Object(CodeIgniter\Router\RouteCollection))
 4 SYSTEMPATH\Router\RouteCollection.php(800): App\Config\Routes\UserRoutes::App\Config\Routes\{closure}(Object(CodeIgniter\Router\RouteCollection))
 5 APPPATH\Config\Routes\UserRoutes.php(25): CodeIgniter\Router\RouteCollection->group('{locale}', Object(Closure))
 6 APPPATH\Config\Routes.php(21): App\Config\Routes\UserRoutes::init(Object(CodeIgniter\Router\RouteCollection))
 7 SYSTEMPATH\Router\RouteCollection.php(340): require('C:\\xampp\\htdocs\\smartstore\\app\\Config\\Routes.php')
 8 SYSTEMPATH\CodeIgniter.php(823): CodeIgniter\Router\RouteCollection->loadRoutes()
 9 SYSTEMPATH\CodeIgniter.php(457): CodeIgniter\CodeIgniter->tryToRouteIt(null)
10 SYSTEMPATH\CodeIgniter.php(355): CodeIgniter\CodeIgniter->handleRequest(null, Object(Config\Cache), false)
11 SYSTEMPATH\Boot.php(325): CodeIgniter\CodeIgniter->run()
12 SYSTEMPATH\Boot.php(67): CodeIgniter\Boot::runCodeIgniter(Object(CodeIgniter\CodeIgniter))
13 FCPATH\index.php(63): CodeIgniter\Boot::bootWeb(Object(Config\Paths))
WARNING - 2025-05-28 15:08:34 --> [DEPRECATED] Passing lowercase HTTP method "post" is deprecated. Use uppercase HTTP method like "POST". in SYSTEMPATH\Router\RouteCollection.php on line 1027.
 1 SYSTEMPATH\Router\RouteCollection.php(1027): trigger_error('Passing lowercase HTTP method "post" is deprecated. Use uppercase HTTP method like "POST".', 16384)
 2 APPPATH\Config\Routes\UserRoutes.php(63): CodeIgniter\Router\RouteCollection->match([...], 'track-order', 'OrderController::track_order', [...])
 3 APPPATH\Config\Routes\UserRoutes.php(26): App\Config\Routes\UserRoutes::defineRoutes(Object(CodeIgniter\Router\RouteCollection))
 4 SYSTEMPATH\Router\RouteCollection.php(800): App\Config\Routes\UserRoutes::App\Config\Routes\{closure}(Object(CodeIgniter\Router\RouteCollection))
 5 APPPATH\Config\Routes\UserRoutes.php(25): CodeIgniter\Router\RouteCollection->group('{locale}', Object(Closure))
 6 APPPATH\Config\Routes.php(21): App\Config\Routes\UserRoutes::init(Object(CodeIgniter\Router\RouteCollection))
 7 SYSTEMPATH\Router\RouteCollection.php(340): require('C:\\xampp\\htdocs\\smartstore\\app\\Config\\Routes.php')
 8 SYSTEMPATH\CodeIgniter.php(823): CodeIgniter\Router\RouteCollection->loadRoutes()
 9 SYSTEMPATH\CodeIgniter.php(457): CodeIgniter\CodeIgniter->tryToRouteIt(null)
10 SYSTEMPATH\CodeIgniter.php(355): CodeIgniter\CodeIgniter->handleRequest(null, Object(Config\Cache), false)
11 SYSTEMPATH\Boot.php(325): CodeIgniter\CodeIgniter->run()
12 SYSTEMPATH\Boot.php(67): CodeIgniter\Boot::runCodeIgniter(Object(CodeIgniter\CodeIgniter))
13 FCPATH\index.php(63): CodeIgniter\Boot::bootWeb(Object(Config\Paths))
INFO - 2025-05-28 15:08:34 --> Session: Class initialized using 'CodeIgniter\Session\Handlers\FileHandler' driver.
WARNING - 2025-05-28 15:08:34 --> [DEPRECATED] Creation of dynamic property App\Controllers\Public\PageController::$load_files is deprecated in APPPATH\Controllers\Public\PageController.php on line 21.
 1 SYSTEMPATH\CodeIgniter.php(903): App\Controllers\Public\PageController->__construct()
 2 SYSTEMPATH\CodeIgniter.php(500): CodeIgniter\CodeIgniter->createController()
 3 SYSTEMPATH\CodeIgniter.php(355): CodeIgniter\CodeIgniter->handleRequest(null, Object(Config\Cache), false)
 4 SYSTEMPATH\Boot.php(325): CodeIgniter\CodeIgniter->run()
 5 SYSTEMPATH\Boot.php(67): CodeIgniter\Boot::runCodeIgniter(Object(CodeIgniter\CodeIgniter))
 6 FCPATH\index.php(63): CodeIgniter\Boot::bootWeb(Object(Config\Paths))
WARNING - 2025-05-28 15:08:34 --> [DEPRECATED] Creation of dynamic property App\Controllers\Public\PageController::$page_title is deprecated in APPPATH\Controllers\Public\PageController.php on line 22.
 1 SYSTEMPATH\CodeIgniter.php(903): App\Controllers\Public\PageController->__construct()
 2 SYSTEMPATH\CodeIgniter.php(500): CodeIgniter\CodeIgniter->createController()
 3 SYSTEMPATH\CodeIgniter.php(355): CodeIgniter\CodeIgniter->handleRequest(null, Object(Config\Cache), false)
 4 SYSTEMPATH\Boot.php(325): CodeIgniter\CodeIgniter->run()
 5 SYSTEMPATH\Boot.php(67): CodeIgniter\Boot::runCodeIgniter(Object(CodeIgniter\CodeIgniter))
 6 FCPATH\index.php(63): CodeIgniter\Boot::bootWeb(Object(Config\Paths))
CRITICAL - 2025-05-28 15:08:56 --> CodeIgniter\HTTP\Exceptions\HTTPException: 28 : Failed to connect to www.geoplugin.net port 80 after 22052 ms: Couldn't connect to server
[Method: GET, Route: /]
in SYSTEMPATH\HTTP\CURLRequest.php on line 694.
 1 SYSTEMPATH\HTTP\CURLRequest.php(694): CodeIgniter\HTTP\Exceptions\HTTPException::forCurlError('28', 'Failed to connect to www.geoplugin.net port 80 after 22052 ms: Couldn\'t connect to server')
 2 SYSTEMPATH\HTTP\CURLRequest.php(383): CodeIgniter\HTTP\CURLRequest->sendRequest([...])
 3 SYSTEMPATH\HTTP\CURLRequest.php(152): CodeIgniter\HTTP\CURLRequest->send('GET', 'http://www.geoplugin.net/json.gp?ip=::1')
 4 SYSTEMPATH\HTTP\CURLRequest.php(187): CodeIgniter\HTTP\CURLRequest->request('GET', 'http://www.geoplugin.net/json.gp?ip=::1', [])
 5 APPPATH\Helpers\currency_timezone_helper.php(29): CodeIgniter\HTTP\CURLRequest->get('http://www.geoplugin.net/json.gp?ip=::1')
 6 APPPATH\Views\themes\regular\elements\scripts.php(10): get_location_info_by_ip()
 7 APPPATH\Views\themes\regular\theme_blade.php(29): include('C:\\xampp\\htdocs\\smartstore\\app\\Views\\themes\\regular\\elements\\scripts.php')
 8 SYSTEMPATH\View\View.php(234): include('C:\\xampp\\htdocs\\smartstore\\app\\Views\\themes\\regular\\theme_blade.php')
 9 SYSTEMPATH\View\View.php(237): CodeIgniter\View\View->CodeIgniter\View\{closure}()
10 SYSTEMPATH\View\View.php(250): CodeIgniter\View\View->render('themes/regular/theme_blade', [], true)
11 SYSTEMPATH\Common.php(1171): CodeIgniter\View\View->render('themes/regular/landing_page', [], true)
12 APPPATH\Controllers\Public\PageController.php(121): view('themes/regular/landing_page', [...])
13 APPPATH\Controllers\Public\PageController.php(36): App\Controllers\Public\PageController->render_page([...], 'home_page')
14 SYSTEMPATH\CodeIgniter.php(933): App\Controllers\Public\PageController->index()
15 SYSTEMPATH\CodeIgniter.php(509): CodeIgniter\CodeIgniter->runController(Object(App\Controllers\Public\PageController))
16 SYSTEMPATH\CodeIgniter.php(355): CodeIgniter\CodeIgniter->handleRequest(null, Object(Config\Cache), false)
17 SYSTEMPATH\Boot.php(325): CodeIgniter\CodeIgniter->run()
18 SYSTEMPATH\Boot.php(67): CodeIgniter\Boot::runCodeIgniter(Object(CodeIgniter\CodeIgniter))
19 FCPATH\index.php(63): CodeIgniter\Boot::bootWeb(Object(Config\Paths))
