WARNING - 2025-06-07 13:37:38 --> [DEPRECATED] Passing lowercase HTTP method "get" is deprecated. Use uppercase HTTP method like "GET". in SYSTEMPATH\Router\RouteCollection.php on line 1027.
 1 SYSTEMPATH\Router\RouteCollection.php(1027): trigger_error('Passing lowercase HTTP method "get" is deprecated. Use uppercase HTTP method like "GET".', 16384)
 2 APPPATH\Config\Routes\AdminRoutes.php(65): CodeIgniter\Router\RouteCollection->match([...], 'send_test_mail', 'SettingsController::send_test_mail')
 3 SYSTEMPATH\Router\RouteCollection.php(800): App\Config\Routes\AdminRoutes::App\Config\Routes\{closure}(Object(CodeIgniter\Router\RouteCollection))
 4 APPPATH\Config\Routes\AdminRoutes.php(63): CodeIgniter\Router\RouteCollection->group('settings', [...], Object(Closure))
 5 SYSTEMPATH\Router\RouteCollection.php(800): App\Config\Routes\AdminRoutes::App\Config\Routes\{closure}(Object(CodeIgniter\Router\RouteCollection))
 6 APPPATH\Config\Routes\AdminRoutes.php(28): CodeIgniter\Router\RouteCollection->group('admin', [...], Object(Closure))
 7 APPPATH\Config\Routes.php(20): App\Config\Routes\AdminRoutes::init(Object(CodeIgniter\Router\RouteCollection))
 8 SYSTEMPATH\Router\RouteCollection.php(340): require('C:\\xampp\\htdocs\\smartstore\\app\\Config\\Routes.php')
 9 SYSTEMPATH\CodeIgniter.php(823): CodeIgniter\Router\RouteCollection->loadRoutes()
10 SYSTEMPATH\CodeIgniter.php(457): CodeIgniter\CodeIgniter->tryToRouteIt(null)
11 SYSTEMPATH\CodeIgniter.php(355): CodeIgniter\CodeIgniter->handleRequest(null, Object(Config\Cache), false)
12 SYSTEMPATH\Boot.php(325): CodeIgniter\CodeIgniter->run()
13 SYSTEMPATH\Boot.php(67): CodeIgniter\Boot::runCodeIgniter(Object(CodeIgniter\CodeIgniter))
14 FCPATH\index.php(63): CodeIgniter\Boot::bootWeb(Object(Config\Paths))
WARNING - 2025-06-07 13:37:38 --> [DEPRECATED] Passing lowercase HTTP method "post" is deprecated. Use uppercase HTTP method like "POST". in SYSTEMPATH\Router\RouteCollection.php on line 1027.
 1 SYSTEMPATH\Router\RouteCollection.php(1027): trigger_error('Passing lowercase HTTP method "post" is deprecated. Use uppercase HTTP method like "POST".', 16384)
 2 APPPATH\Config\Routes\AdminRoutes.php(65): CodeIgniter\Router\RouteCollection->match([...], 'send_test_mail', 'SettingsController::send_test_mail')
 3 SYSTEMPATH\Router\RouteCollection.php(800): App\Config\Routes\AdminRoutes::App\Config\Routes\{closure}(Object(CodeIgniter\Router\RouteCollection))
 4 APPPATH\Config\Routes\AdminRoutes.php(63): CodeIgniter\Router\RouteCollection->group('settings', [...], Object(Closure))
 5 SYSTEMPATH\Router\RouteCollection.php(800): App\Config\Routes\AdminRoutes::App\Config\Routes\{closure}(Object(CodeIgniter\Router\RouteCollection))
 6 APPPATH\Config\Routes\AdminRoutes.php(28): CodeIgniter\Router\RouteCollection->group('admin', [...], Object(Closure))
 7 APPPATH\Config\Routes.php(20): App\Config\Routes\AdminRoutes::init(Object(CodeIgniter\Router\RouteCollection))
 8 SYSTEMPATH\Router\RouteCollection.php(340): require('C:\\xampp\\htdocs\\smartstore\\app\\Config\\Routes.php')
 9 SYSTEMPATH\CodeIgniter.php(823): CodeIgniter\Router\RouteCollection->loadRoutes()
10 SYSTEMPATH\CodeIgniter.php(457): CodeIgniter\CodeIgniter->tryToRouteIt(null)
11 SYSTEMPATH\CodeIgniter.php(355): CodeIgniter\CodeIgniter->handleRequest(null, Object(Config\Cache), false)
12 SYSTEMPATH\Boot.php(325): CodeIgniter\CodeIgniter->run()
13 SYSTEMPATH\Boot.php(67): CodeIgniter\Boot::runCodeIgniter(Object(CodeIgniter\CodeIgniter))
14 FCPATH\index.php(63): CodeIgniter\Boot::bootWeb(Object(Config\Paths))
WARNING - 2025-06-07 13:37:38 --> [DEPRECATED] Passing lowercase HTTP method "get" is deprecated. Use uppercase HTTP method like "GET". in SYSTEMPATH\Router\RouteCollection.php on line 1027.
 1 SYSTEMPATH\Router\RouteCollection.php(1027): trigger_error('Passing lowercase HTTP method "get" is deprecated. Use uppercase HTTP method like "GET".', 16384)
 2 APPPATH\Config\Routes\AdminRoutes.php(76): CodeIgniter\Router\RouteCollection->match([...], 'elfinder_connector', 'FilemanagerController::elfinder_connector')
 3 SYSTEMPATH\Router\RouteCollection.php(800): App\Config\Routes\AdminRoutes::App\Config\Routes\{closure}(Object(CodeIgniter\Router\RouteCollection))
 4 APPPATH\Config\Routes\AdminRoutes.php(73): CodeIgniter\Router\RouteCollection->group('filemanager', [...], Object(Closure))
 5 SYSTEMPATH\Router\RouteCollection.php(800): App\Config\Routes\AdminRoutes::App\Config\Routes\{closure}(Object(CodeIgniter\Router\RouteCollection))
 6 APPPATH\Config\Routes\AdminRoutes.php(28): CodeIgniter\Router\RouteCollection->group('admin', [...], Object(Closure))
 7 APPPATH\Config\Routes.php(20): App\Config\Routes\AdminRoutes::init(Object(CodeIgniter\Router\RouteCollection))
 8 SYSTEMPATH\Router\RouteCollection.php(340): require('C:\\xampp\\htdocs\\smartstore\\app\\Config\\Routes.php')
 9 SYSTEMPATH\CodeIgniter.php(823): CodeIgniter\Router\RouteCollection->loadRoutes()
10 SYSTEMPATH\CodeIgniter.php(457): CodeIgniter\CodeIgniter->tryToRouteIt(null)
11 SYSTEMPATH\CodeIgniter.php(355): CodeIgniter\CodeIgniter->handleRequest(null, Object(Config\Cache), false)
12 SYSTEMPATH\Boot.php(325): CodeIgniter\CodeIgniter->run()
13 SYSTEMPATH\Boot.php(67): CodeIgniter\Boot::runCodeIgniter(Object(CodeIgniter\CodeIgniter))
14 FCPATH\index.php(63): CodeIgniter\Boot::bootWeb(Object(Config\Paths))
WARNING - 2025-06-07 13:37:38 --> [DEPRECATED] Passing lowercase HTTP method "post" is deprecated. Use uppercase HTTP method like "POST". in SYSTEMPATH\Router\RouteCollection.php on line 1027.
 1 SYSTEMPATH\Router\RouteCollection.php(1027): trigger_error('Passing lowercase HTTP method "post" is deprecated. Use uppercase HTTP method like "POST".', 16384)
 2 APPPATH\Config\Routes\AdminRoutes.php(76): CodeIgniter\Router\RouteCollection->match([...], 'elfinder_connector', 'FilemanagerController::elfinder_connector')
 3 SYSTEMPATH\Router\RouteCollection.php(800): App\Config\Routes\AdminRoutes::App\Config\Routes\{closure}(Object(CodeIgniter\Router\RouteCollection))
 4 APPPATH\Config\Routes\AdminRoutes.php(73): CodeIgniter\Router\RouteCollection->group('filemanager', [...], Object(Closure))
 5 SYSTEMPATH\Router\RouteCollection.php(800): App\Config\Routes\AdminRoutes::App\Config\Routes\{closure}(Object(CodeIgniter\Router\RouteCollection))
 6 APPPATH\Config\Routes\AdminRoutes.php(28): CodeIgniter\Router\RouteCollection->group('admin', [...], Object(Closure))
 7 APPPATH\Config\Routes.php(20): App\Config\Routes\AdminRoutes::init(Object(CodeIgniter\Router\RouteCollection))
 8 SYSTEMPATH\Router\RouteCollection.php(340): require('C:\\xampp\\htdocs\\smartstore\\app\\Config\\Routes.php')
 9 SYSTEMPATH\CodeIgniter.php(823): CodeIgniter\Router\RouteCollection->loadRoutes()
10 SYSTEMPATH\CodeIgniter.php(457): CodeIgniter\CodeIgniter->tryToRouteIt(null)
11 SYSTEMPATH\CodeIgniter.php(355): CodeIgniter\CodeIgniter->handleRequest(null, Object(Config\Cache), false)
12 SYSTEMPATH\Boot.php(325): CodeIgniter\CodeIgniter->run()
13 SYSTEMPATH\Boot.php(67): CodeIgniter\Boot::runCodeIgniter(Object(CodeIgniter\CodeIgniter))
14 FCPATH\index.php(63): CodeIgniter\Boot::bootWeb(Object(Config\Paths))
WARNING - 2025-06-07 13:37:38 --> [DEPRECATED] Passing lowercase HTTP method "get" is deprecated. Use uppercase HTTP method like "GET". in SYSTEMPATH\Router\RouteCollection.php on line 1027.
 1 SYSTEMPATH\Router\RouteCollection.php(1027): trigger_error('Passing lowercase HTTP method "get" is deprecated. Use uppercase HTTP method like "GET".', 16384)
 2 APPPATH\Config\Routes\AdminRoutes.php(172): CodeIgniter\Router\RouteCollection->match([...], 'sync_services/?(:num)?', 'ProvidersController::sync_services/$1')
 3 SYSTEMPATH\Router\RouteCollection.php(800): App\Config\Routes\AdminRoutes::App\Config\Routes\{closure}(Object(CodeIgniter\Router\RouteCollection))
 4 APPPATH\Config\Routes\AdminRoutes.php(167): CodeIgniter\Router\RouteCollection->group('providers', [...], Object(Closure))
 5 SYSTEMPATH\Router\RouteCollection.php(800): App\Config\Routes\AdminRoutes::App\Config\Routes\{closure}(Object(CodeIgniter\Router\RouteCollection))
 6 APPPATH\Config\Routes\AdminRoutes.php(28): CodeIgniter\Router\RouteCollection->group('admin', [...], Object(Closure))
 7 APPPATH\Config\Routes.php(20): App\Config\Routes\AdminRoutes::init(Object(CodeIgniter\Router\RouteCollection))
 8 SYSTEMPATH\Router\RouteCollection.php(340): require('C:\\xampp\\htdocs\\smartstore\\app\\Config\\Routes.php')
 9 SYSTEMPATH\CodeIgniter.php(823): CodeIgniter\Router\RouteCollection->loadRoutes()
10 SYSTEMPATH\CodeIgniter.php(457): CodeIgniter\CodeIgniter->tryToRouteIt(null)
11 SYSTEMPATH\CodeIgniter.php(355): CodeIgniter\CodeIgniter->handleRequest(null, Object(Config\Cache), false)
12 SYSTEMPATH\Boot.php(325): CodeIgniter\CodeIgniter->run()
13 SYSTEMPATH\Boot.php(67): CodeIgniter\Boot::runCodeIgniter(Object(CodeIgniter\CodeIgniter))
14 FCPATH\index.php(63): CodeIgniter\Boot::bootWeb(Object(Config\Paths))
WARNING - 2025-06-07 13:37:38 --> [DEPRECATED] Passing lowercase HTTP method "post" is deprecated. Use uppercase HTTP method like "POST". in SYSTEMPATH\Router\RouteCollection.php on line 1027.
 1 SYSTEMPATH\Router\RouteCollection.php(1027): trigger_error('Passing lowercase HTTP method "post" is deprecated. Use uppercase HTTP method like "POST".', 16384)
 2 APPPATH\Config\Routes\AdminRoutes.php(172): CodeIgniter\Router\RouteCollection->match([...], 'sync_services/?(:num)?', 'ProvidersController::sync_services/$1')
 3 SYSTEMPATH\Router\RouteCollection.php(800): App\Config\Routes\AdminRoutes::App\Config\Routes\{closure}(Object(CodeIgniter\Router\RouteCollection))
 4 APPPATH\Config\Routes\AdminRoutes.php(167): CodeIgniter\Router\RouteCollection->group('providers', [...], Object(Closure))
 5 SYSTEMPATH\Router\RouteCollection.php(800): App\Config\Routes\AdminRoutes::App\Config\Routes\{closure}(Object(CodeIgniter\Router\RouteCollection))
 6 APPPATH\Config\Routes\AdminRoutes.php(28): CodeIgniter\Router\RouteCollection->group('admin', [...], Object(Closure))
 7 APPPATH\Config\Routes.php(20): App\Config\Routes\AdminRoutes::init(Object(CodeIgniter\Router\RouteCollection))
 8 SYSTEMPATH\Router\RouteCollection.php(340): require('C:\\xampp\\htdocs\\smartstore\\app\\Config\\Routes.php')
 9 SYSTEMPATH\CodeIgniter.php(823): CodeIgniter\Router\RouteCollection->loadRoutes()
10 SYSTEMPATH\CodeIgniter.php(457): CodeIgniter\CodeIgniter->tryToRouteIt(null)
11 SYSTEMPATH\CodeIgniter.php(355): CodeIgniter\CodeIgniter->handleRequest(null, Object(Config\Cache), false)
12 SYSTEMPATH\Boot.php(325): CodeIgniter\CodeIgniter->run()
13 SYSTEMPATH\Boot.php(67): CodeIgniter\Boot::runCodeIgniter(Object(CodeIgniter\CodeIgniter))
14 FCPATH\index.php(63): CodeIgniter\Boot::bootWeb(Object(Config\Paths))
WARNING - 2025-06-07 13:37:38 --> [DEPRECATED] Passing lowercase HTTP method "get" is deprecated. Use uppercase HTTP method like "GET". in SYSTEMPATH\Router\RouteCollection.php on line 1027.
 1 SYSTEMPATH\Router\RouteCollection.php(1027): trigger_error('Passing lowercase HTTP method "get" is deprecated. Use uppercase HTTP method like "GET".', 16384)
 2 APPPATH\Config\Routes\AdminRoutes.php(185): CodeIgniter\Router\RouteCollection->match([...], 'add_note/?(:num)?', 'UsersController::add_note/$1')
 3 SYSTEMPATH\Router\RouteCollection.php(800): App\Config\Routes\AdminRoutes::App\Config\Routes\{closure}(Object(CodeIgniter\Router\RouteCollection))
 4 APPPATH\Config\Routes\AdminRoutes.php(182): CodeIgniter\Router\RouteCollection->group('users', [...], Object(Closure))
 5 SYSTEMPATH\Router\RouteCollection.php(800): App\Config\Routes\AdminRoutes::App\Config\Routes\{closure}(Object(CodeIgniter\Router\RouteCollection))
 6 APPPATH\Config\Routes\AdminRoutes.php(28): CodeIgniter\Router\RouteCollection->group('admin', [...], Object(Closure))
 7 APPPATH\Config\Routes.php(20): App\Config\Routes\AdminRoutes::init(Object(CodeIgniter\Router\RouteCollection))
 8 SYSTEMPATH\Router\RouteCollection.php(340): require('C:\\xampp\\htdocs\\smartstore\\app\\Config\\Routes.php')
 9 SYSTEMPATH\CodeIgniter.php(823): CodeIgniter\Router\RouteCollection->loadRoutes()
10 SYSTEMPATH\CodeIgniter.php(457): CodeIgniter\CodeIgniter->tryToRouteIt(null)
11 SYSTEMPATH\CodeIgniter.php(355): CodeIgniter\CodeIgniter->handleRequest(null, Object(Config\Cache), false)
12 SYSTEMPATH\Boot.php(325): CodeIgniter\CodeIgniter->run()
13 SYSTEMPATH\Boot.php(67): CodeIgniter\Boot::runCodeIgniter(Object(CodeIgniter\CodeIgniter))
14 FCPATH\index.php(63): CodeIgniter\Boot::bootWeb(Object(Config\Paths))
WARNING - 2025-06-07 13:37:38 --> [DEPRECATED] Passing lowercase HTTP method "post" is deprecated. Use uppercase HTTP method like "POST". in SYSTEMPATH\Router\RouteCollection.php on line 1027.
 1 SYSTEMPATH\Router\RouteCollection.php(1027): trigger_error('Passing lowercase HTTP method "post" is deprecated. Use uppercase HTTP method like "POST".', 16384)
 2 APPPATH\Config\Routes\AdminRoutes.php(185): CodeIgniter\Router\RouteCollection->match([...], 'add_note/?(:num)?', 'UsersController::add_note/$1')
 3 SYSTEMPATH\Router\RouteCollection.php(800): App\Config\Routes\AdminRoutes::App\Config\Routes\{closure}(Object(CodeIgniter\Router\RouteCollection))
 4 APPPATH\Config\Routes\AdminRoutes.php(182): CodeIgniter\Router\RouteCollection->group('users', [...], Object(Closure))
 5 SYSTEMPATH\Router\RouteCollection.php(800): App\Config\Routes\AdminRoutes::App\Config\Routes\{closure}(Object(CodeIgniter\Router\RouteCollection))
 6 APPPATH\Config\Routes\AdminRoutes.php(28): CodeIgniter\Router\RouteCollection->group('admin', [...], Object(Closure))
 7 APPPATH\Config\Routes.php(20): App\Config\Routes\AdminRoutes::init(Object(CodeIgniter\Router\RouteCollection))
 8 SYSTEMPATH\Router\RouteCollection.php(340): require('C:\\xampp\\htdocs\\smartstore\\app\\Config\\Routes.php')
 9 SYSTEMPATH\CodeIgniter.php(823): CodeIgniter\Router\RouteCollection->loadRoutes()
10 SYSTEMPATH\CodeIgniter.php(457): CodeIgniter\CodeIgniter->tryToRouteIt(null)
11 SYSTEMPATH\CodeIgniter.php(355): CodeIgniter\CodeIgniter->handleRequest(null, Object(Config\Cache), false)
12 SYSTEMPATH\Boot.php(325): CodeIgniter\CodeIgniter->run()
13 SYSTEMPATH\Boot.php(67): CodeIgniter\Boot::runCodeIgniter(Object(CodeIgniter\CodeIgniter))
14 FCPATH\index.php(63): CodeIgniter\Boot::bootWeb(Object(Config\Paths))
WARNING - 2025-06-07 13:37:38 --> [DEPRECATED] Passing lowercase HTTP method "get" is deprecated. Use uppercase HTTP method like "GET". in SYSTEMPATH\Router\RouteCollection.php on line 1027.
 1 SYSTEMPATH\Router\RouteCollection.php(1027): trigger_error('Passing lowercase HTTP method "get" is deprecated. Use uppercase HTTP method like "GET".', 16384)
 2 APPPATH\Config\Routes\AdminRoutes.php(186): CodeIgniter\Router\RouteCollection->match([...], 'send_mail/?(:num)?', 'UsersController::send_mail/$1')
 3 SYSTEMPATH\Router\RouteCollection.php(800): App\Config\Routes\AdminRoutes::App\Config\Routes\{closure}(Object(CodeIgniter\Router\RouteCollection))
 4 APPPATH\Config\Routes\AdminRoutes.php(182): CodeIgniter\Router\RouteCollection->group('users', [...], Object(Closure))
 5 SYSTEMPATH\Router\RouteCollection.php(800): App\Config\Routes\AdminRoutes::App\Config\Routes\{closure}(Object(CodeIgniter\Router\RouteCollection))
 6 APPPATH\Config\Routes\AdminRoutes.php(28): CodeIgniter\Router\RouteCollection->group('admin', [...], Object(Closure))
 7 APPPATH\Config\Routes.php(20): App\Config\Routes\AdminRoutes::init(Object(CodeIgniter\Router\RouteCollection))
 8 SYSTEMPATH\Router\RouteCollection.php(340): require('C:\\xampp\\htdocs\\smartstore\\app\\Config\\Routes.php')
 9 SYSTEMPATH\CodeIgniter.php(823): CodeIgniter\Router\RouteCollection->loadRoutes()
10 SYSTEMPATH\CodeIgniter.php(457): CodeIgniter\CodeIgniter->tryToRouteIt(null)
11 SYSTEMPATH\CodeIgniter.php(355): CodeIgniter\CodeIgniter->handleRequest(null, Object(Config\Cache), false)
12 SYSTEMPATH\Boot.php(325): CodeIgniter\CodeIgniter->run()
13 SYSTEMPATH\Boot.php(67): CodeIgniter\Boot::runCodeIgniter(Object(CodeIgniter\CodeIgniter))
14 FCPATH\index.php(63): CodeIgniter\Boot::bootWeb(Object(Config\Paths))
WARNING - 2025-06-07 13:37:38 --> [DEPRECATED] Passing lowercase HTTP method "post" is deprecated. Use uppercase HTTP method like "POST". in SYSTEMPATH\Router\RouteCollection.php on line 1027.
 1 SYSTEMPATH\Router\RouteCollection.php(1027): trigger_error('Passing lowercase HTTP method "post" is deprecated. Use uppercase HTTP method like "POST".', 16384)
 2 APPPATH\Config\Routes\AdminRoutes.php(186): CodeIgniter\Router\RouteCollection->match([...], 'send_mail/?(:num)?', 'UsersController::send_mail/$1')
 3 SYSTEMPATH\Router\RouteCollection.php(800): App\Config\Routes\AdminRoutes::App\Config\Routes\{closure}(Object(CodeIgniter\Router\RouteCollection))
 4 APPPATH\Config\Routes\AdminRoutes.php(182): CodeIgniter\Router\RouteCollection->group('users', [...], Object(Closure))
 5 SYSTEMPATH\Router\RouteCollection.php(800): App\Config\Routes\AdminRoutes::App\Config\Routes\{closure}(Object(CodeIgniter\Router\RouteCollection))
 6 APPPATH\Config\Routes\AdminRoutes.php(28): CodeIgniter\Router\RouteCollection->group('admin', [...], Object(Closure))
 7 APPPATH\Config\Routes.php(20): App\Config\Routes\AdminRoutes::init(Object(CodeIgniter\Router\RouteCollection))
 8 SYSTEMPATH\Router\RouteCollection.php(340): require('C:\\xampp\\htdocs\\smartstore\\app\\Config\\Routes.php')
 9 SYSTEMPATH\CodeIgniter.php(823): CodeIgniter\Router\RouteCollection->loadRoutes()
10 SYSTEMPATH\CodeIgniter.php(457): CodeIgniter\CodeIgniter->tryToRouteIt(null)
11 SYSTEMPATH\CodeIgniter.php(355): CodeIgniter\CodeIgniter->handleRequest(null, Object(Config\Cache), false)
12 SYSTEMPATH\Boot.php(325): CodeIgniter\CodeIgniter->run()
13 SYSTEMPATH\Boot.php(67): CodeIgniter\Boot::runCodeIgniter(Object(CodeIgniter\CodeIgniter))
14 FCPATH\index.php(63): CodeIgniter\Boot::bootWeb(Object(Config\Paths))
WARNING - 2025-06-07 13:37:38 --> [DEPRECATED] Passing lowercase HTTP method "get" is deprecated. Use uppercase HTTP method like "GET". in SYSTEMPATH\Router\RouteCollection.php on line 1027.
 1 SYSTEMPATH\Router\RouteCollection.php(1027): trigger_error('Passing lowercase HTTP method "get" is deprecated. Use uppercase HTTP method like "GET".', 16384)
 2 APPPATH\Config\Routes\AdminRoutes.php(215): CodeIgniter\Router\RouteCollection->match([...], 'send_mail/?(:num)?', 'TicketsController::send_mail/$1')
 3 SYSTEMPATH\Router\RouteCollection.php(800): App\Config\Routes\AdminRoutes::App\Config\Routes\{closure}(Object(CodeIgniter\Router\RouteCollection))
 4 APPPATH\Config\Routes\AdminRoutes.php(212): CodeIgniter\Router\RouteCollection->group('tickets', [...], Object(Closure))
 5 SYSTEMPATH\Router\RouteCollection.php(800): App\Config\Routes\AdminRoutes::App\Config\Routes\{closure}(Object(CodeIgniter\Router\RouteCollection))
 6 APPPATH\Config\Routes\AdminRoutes.php(28): CodeIgniter\Router\RouteCollection->group('admin', [...], Object(Closure))
 7 APPPATH\Config\Routes.php(20): App\Config\Routes\AdminRoutes::init(Object(CodeIgniter\Router\RouteCollection))
 8 SYSTEMPATH\Router\RouteCollection.php(340): require('C:\\xampp\\htdocs\\smartstore\\app\\Config\\Routes.php')
 9 SYSTEMPATH\CodeIgniter.php(823): CodeIgniter\Router\RouteCollection->loadRoutes()
10 SYSTEMPATH\CodeIgniter.php(457): CodeIgniter\CodeIgniter->tryToRouteIt(null)
11 SYSTEMPATH\CodeIgniter.php(355): CodeIgniter\CodeIgniter->handleRequest(null, Object(Config\Cache), false)
12 SYSTEMPATH\Boot.php(325): CodeIgniter\CodeIgniter->run()
13 SYSTEMPATH\Boot.php(67): CodeIgniter\Boot::runCodeIgniter(Object(CodeIgniter\CodeIgniter))
14 FCPATH\index.php(63): CodeIgniter\Boot::bootWeb(Object(Config\Paths))
WARNING - 2025-06-07 13:37:38 --> [DEPRECATED] Passing lowercase HTTP method "post" is deprecated. Use uppercase HTTP method like "POST". in SYSTEMPATH\Router\RouteCollection.php on line 1027.
 1 SYSTEMPATH\Router\RouteCollection.php(1027): trigger_error('Passing lowercase HTTP method "post" is deprecated. Use uppercase HTTP method like "POST".', 16384)
 2 APPPATH\Config\Routes\AdminRoutes.php(215): CodeIgniter\Router\RouteCollection->match([...], 'send_mail/?(:num)?', 'TicketsController::send_mail/$1')
 3 SYSTEMPATH\Router\RouteCollection.php(800): App\Config\Routes\AdminRoutes::App\Config\Routes\{closure}(Object(CodeIgniter\Router\RouteCollection))
 4 APPPATH\Config\Routes\AdminRoutes.php(212): CodeIgniter\Router\RouteCollection->group('tickets', [...], Object(Closure))
 5 SYSTEMPATH\Router\RouteCollection.php(800): App\Config\Routes\AdminRoutes::App\Config\Routes\{closure}(Object(CodeIgniter\Router\RouteCollection))
 6 APPPATH\Config\Routes\AdminRoutes.php(28): CodeIgniter\Router\RouteCollection->group('admin', [...], Object(Closure))
 7 APPPATH\Config\Routes.php(20): App\Config\Routes\AdminRoutes::init(Object(CodeIgniter\Router\RouteCollection))
 8 SYSTEMPATH\Router\RouteCollection.php(340): require('C:\\xampp\\htdocs\\smartstore\\app\\Config\\Routes.php')
 9 SYSTEMPATH\CodeIgniter.php(823): CodeIgniter\Router\RouteCollection->loadRoutes()
10 SYSTEMPATH\CodeIgniter.php(457): CodeIgniter\CodeIgniter->tryToRouteIt(null)
11 SYSTEMPATH\CodeIgniter.php(355): CodeIgniter\CodeIgniter->handleRequest(null, Object(Config\Cache), false)
12 SYSTEMPATH\Boot.php(325): CodeIgniter\CodeIgniter->run()
13 SYSTEMPATH\Boot.php(67): CodeIgniter\Boot::runCodeIgniter(Object(CodeIgniter\CodeIgniter))
14 FCPATH\index.php(63): CodeIgniter\Boot::bootWeb(Object(Config\Paths))
WARNING - 2025-06-07 13:37:38 --> [DEPRECATED] Passing lowercase HTTP method "get" is deprecated. Use uppercase HTTP method like "GET". in SYSTEMPATH\Router\RouteCollection.php on line 1027.
 1 SYSTEMPATH\Router\RouteCollection.php(1027): trigger_error('Passing lowercase HTTP method "get" is deprecated. Use uppercase HTTP method like "GET".', 16384)
 2 APPPATH\Config\Routes\UserRoutes.php(49): CodeIgniter\Router\RouteCollection->match([...], 'submit_review', 'ClientController::submit_review', [...])
 3 APPPATH\Config\Routes\UserRoutes.php(23): App\Config\Routes\UserRoutes::defineRoutes(Object(CodeIgniter\Router\RouteCollection))
 4 APPPATH\Config\Routes.php(21): App\Config\Routes\UserRoutes::init(Object(CodeIgniter\Router\RouteCollection))
 5 SYSTEMPATH\Router\RouteCollection.php(340): require('C:\\xampp\\htdocs\\smartstore\\app\\Config\\Routes.php')
 6 SYSTEMPATH\CodeIgniter.php(823): CodeIgniter\Router\RouteCollection->loadRoutes()
 7 SYSTEMPATH\CodeIgniter.php(457): CodeIgniter\CodeIgniter->tryToRouteIt(null)
 8 SYSTEMPATH\CodeIgniter.php(355): CodeIgniter\CodeIgniter->handleRequest(null, Object(Config\Cache), false)
 9 SYSTEMPATH\Boot.php(325): CodeIgniter\CodeIgniter->run()
10 SYSTEMPATH\Boot.php(67): CodeIgniter\Boot::runCodeIgniter(Object(CodeIgniter\CodeIgniter))
11 FCPATH\index.php(63): CodeIgniter\Boot::bootWeb(Object(Config\Paths))
WARNING - 2025-06-07 13:37:38 --> [DEPRECATED] Passing lowercase HTTP method "post" is deprecated. Use uppercase HTTP method like "POST". in SYSTEMPATH\Router\RouteCollection.php on line 1027.
 1 SYSTEMPATH\Router\RouteCollection.php(1027): trigger_error('Passing lowercase HTTP method "post" is deprecated. Use uppercase HTTP method like "POST".', 16384)
 2 APPPATH\Config\Routes\UserRoutes.php(49): CodeIgniter\Router\RouteCollection->match([...], 'submit_review', 'ClientController::submit_review', [...])
 3 APPPATH\Config\Routes\UserRoutes.php(23): App\Config\Routes\UserRoutes::defineRoutes(Object(CodeIgniter\Router\RouteCollection))
 4 APPPATH\Config\Routes.php(21): App\Config\Routes\UserRoutes::init(Object(CodeIgniter\Router\RouteCollection))
 5 SYSTEMPATH\Router\RouteCollection.php(340): require('C:\\xampp\\htdocs\\smartstore\\app\\Config\\Routes.php')
 6 SYSTEMPATH\CodeIgniter.php(823): CodeIgniter\Router\RouteCollection->loadRoutes()
 7 SYSTEMPATH\CodeIgniter.php(457): CodeIgniter\CodeIgniter->tryToRouteIt(null)
 8 SYSTEMPATH\CodeIgniter.php(355): CodeIgniter\CodeIgniter->handleRequest(null, Object(Config\Cache), false)
 9 SYSTEMPATH\Boot.php(325): CodeIgniter\CodeIgniter->run()
10 SYSTEMPATH\Boot.php(67): CodeIgniter\Boot::runCodeIgniter(Object(CodeIgniter\CodeIgniter))
11 FCPATH\index.php(63): CodeIgniter\Boot::bootWeb(Object(Config\Paths))
WARNING - 2025-06-07 13:37:38 --> [DEPRECATED] Passing lowercase HTTP method "get" is deprecated. Use uppercase HTTP method like "GET". in SYSTEMPATH\Router\RouteCollection.php on line 1027.
 1 SYSTEMPATH\Router\RouteCollection.php(1027): trigger_error('Passing lowercase HTTP method "get" is deprecated. Use uppercase HTTP method like "GET".', 16384)
 2 APPPATH\Config\Routes\UserRoutes.php(63): CodeIgniter\Router\RouteCollection->match([...], 'track-order', 'OrderController::track_order', [...])
 3 APPPATH\Config\Routes\UserRoutes.php(23): App\Config\Routes\UserRoutes::defineRoutes(Object(CodeIgniter\Router\RouteCollection))
 4 APPPATH\Config\Routes.php(21): App\Config\Routes\UserRoutes::init(Object(CodeIgniter\Router\RouteCollection))
 5 SYSTEMPATH\Router\RouteCollection.php(340): require('C:\\xampp\\htdocs\\smartstore\\app\\Config\\Routes.php')
 6 SYSTEMPATH\CodeIgniter.php(823): CodeIgniter\Router\RouteCollection->loadRoutes()
 7 SYSTEMPATH\CodeIgniter.php(457): CodeIgniter\CodeIgniter->tryToRouteIt(null)
 8 SYSTEMPATH\CodeIgniter.php(355): CodeIgniter\CodeIgniter->handleRequest(null, Object(Config\Cache), false)
 9 SYSTEMPATH\Boot.php(325): CodeIgniter\CodeIgniter->run()
10 SYSTEMPATH\Boot.php(67): CodeIgniter\Boot::runCodeIgniter(Object(CodeIgniter\CodeIgniter))
11 FCPATH\index.php(63): CodeIgniter\Boot::bootWeb(Object(Config\Paths))
WARNING - 2025-06-07 13:37:38 --> [DEPRECATED] Passing lowercase HTTP method "post" is deprecated. Use uppercase HTTP method like "POST". in SYSTEMPATH\Router\RouteCollection.php on line 1027.
 1 SYSTEMPATH\Router\RouteCollection.php(1027): trigger_error('Passing lowercase HTTP method "post" is deprecated. Use uppercase HTTP method like "POST".', 16384)
 2 APPPATH\Config\Routes\UserRoutes.php(63): CodeIgniter\Router\RouteCollection->match([...], 'track-order', 'OrderController::track_order', [...])
 3 APPPATH\Config\Routes\UserRoutes.php(23): App\Config\Routes\UserRoutes::defineRoutes(Object(CodeIgniter\Router\RouteCollection))
 4 APPPATH\Config\Routes.php(21): App\Config\Routes\UserRoutes::init(Object(CodeIgniter\Router\RouteCollection))
 5 SYSTEMPATH\Router\RouteCollection.php(340): require('C:\\xampp\\htdocs\\smartstore\\app\\Config\\Routes.php')
 6 SYSTEMPATH\CodeIgniter.php(823): CodeIgniter\Router\RouteCollection->loadRoutes()
 7 SYSTEMPATH\CodeIgniter.php(457): CodeIgniter\CodeIgniter->tryToRouteIt(null)
 8 SYSTEMPATH\CodeIgniter.php(355): CodeIgniter\CodeIgniter->handleRequest(null, Object(Config\Cache), false)
 9 SYSTEMPATH\Boot.php(325): CodeIgniter\CodeIgniter->run()
10 SYSTEMPATH\Boot.php(67): CodeIgniter\Boot::runCodeIgniter(Object(CodeIgniter\CodeIgniter))
11 FCPATH\index.php(63): CodeIgniter\Boot::bootWeb(Object(Config\Paths))
WARNING - 2025-06-07 13:37:38 --> [DEPRECATED] Passing lowercase HTTP method "get" is deprecated. Use uppercase HTTP method like "GET". in SYSTEMPATH\Router\RouteCollection.php on line 1027.
 1 SYSTEMPATH\Router\RouteCollection.php(1027): trigger_error('Passing lowercase HTTP method "get" is deprecated. Use uppercase HTTP method like "GET".', 16384)
 2 APPPATH\Config\Routes\UserRoutes.php(49): CodeIgniter\Router\RouteCollection->match([...], 'submit_review', 'ClientController::submit_review', [...])
 3 APPPATH\Config\Routes\UserRoutes.php(26): App\Config\Routes\UserRoutes::defineRoutes(Object(CodeIgniter\Router\RouteCollection))
 4 SYSTEMPATH\Router\RouteCollection.php(800): App\Config\Routes\UserRoutes::App\Config\Routes\{closure}(Object(CodeIgniter\Router\RouteCollection))
 5 APPPATH\Config\Routes\UserRoutes.php(25): CodeIgniter\Router\RouteCollection->group('{locale}', Object(Closure))
 6 APPPATH\Config\Routes.php(21): App\Config\Routes\UserRoutes::init(Object(CodeIgniter\Router\RouteCollection))
 7 SYSTEMPATH\Router\RouteCollection.php(340): require('C:\\xampp\\htdocs\\smartstore\\app\\Config\\Routes.php')
 8 SYSTEMPATH\CodeIgniter.php(823): CodeIgniter\Router\RouteCollection->loadRoutes()
 9 SYSTEMPATH\CodeIgniter.php(457): CodeIgniter\CodeIgniter->tryToRouteIt(null)
10 SYSTEMPATH\CodeIgniter.php(355): CodeIgniter\CodeIgniter->handleRequest(null, Object(Config\Cache), false)
11 SYSTEMPATH\Boot.php(325): CodeIgniter\CodeIgniter->run()
12 SYSTEMPATH\Boot.php(67): CodeIgniter\Boot::runCodeIgniter(Object(CodeIgniter\CodeIgniter))
13 FCPATH\index.php(63): CodeIgniter\Boot::bootWeb(Object(Config\Paths))
WARNING - 2025-06-07 13:37:38 --> [DEPRECATED] Passing lowercase HTTP method "post" is deprecated. Use uppercase HTTP method like "POST". in SYSTEMPATH\Router\RouteCollection.php on line 1027.
 1 SYSTEMPATH\Router\RouteCollection.php(1027): trigger_error('Passing lowercase HTTP method "post" is deprecated. Use uppercase HTTP method like "POST".', 16384)
 2 APPPATH\Config\Routes\UserRoutes.php(49): CodeIgniter\Router\RouteCollection->match([...], 'submit_review', 'ClientController::submit_review', [...])
 3 APPPATH\Config\Routes\UserRoutes.php(26): App\Config\Routes\UserRoutes::defineRoutes(Object(CodeIgniter\Router\RouteCollection))
 4 SYSTEMPATH\Router\RouteCollection.php(800): App\Config\Routes\UserRoutes::App\Config\Routes\{closure}(Object(CodeIgniter\Router\RouteCollection))
 5 APPPATH\Config\Routes\UserRoutes.php(25): CodeIgniter\Router\RouteCollection->group('{locale}', Object(Closure))
 6 APPPATH\Config\Routes.php(21): App\Config\Routes\UserRoutes::init(Object(CodeIgniter\Router\RouteCollection))
 7 SYSTEMPATH\Router\RouteCollection.php(340): require('C:\\xampp\\htdocs\\smartstore\\app\\Config\\Routes.php')
 8 SYSTEMPATH\CodeIgniter.php(823): CodeIgniter\Router\RouteCollection->loadRoutes()
 9 SYSTEMPATH\CodeIgniter.php(457): CodeIgniter\CodeIgniter->tryToRouteIt(null)
10 SYSTEMPATH\CodeIgniter.php(355): CodeIgniter\CodeIgniter->handleRequest(null, Object(Config\Cache), false)
11 SYSTEMPATH\Boot.php(325): CodeIgniter\CodeIgniter->run()
12 SYSTEMPATH\Boot.php(67): CodeIgniter\Boot::runCodeIgniter(Object(CodeIgniter\CodeIgniter))
13 FCPATH\index.php(63): CodeIgniter\Boot::bootWeb(Object(Config\Paths))
WARNING - 2025-06-07 13:37:38 --> [DEPRECATED] Passing lowercase HTTP method "get" is deprecated. Use uppercase HTTP method like "GET". in SYSTEMPATH\Router\RouteCollection.php on line 1027.
 1 SYSTEMPATH\Router\RouteCollection.php(1027): trigger_error('Passing lowercase HTTP method "get" is deprecated. Use uppercase HTTP method like "GET".', 16384)
 2 APPPATH\Config\Routes\UserRoutes.php(63): CodeIgniter\Router\RouteCollection->match([...], 'track-order', 'OrderController::track_order', [...])
 3 APPPATH\Config\Routes\UserRoutes.php(26): App\Config\Routes\UserRoutes::defineRoutes(Object(CodeIgniter\Router\RouteCollection))
 4 SYSTEMPATH\Router\RouteCollection.php(800): App\Config\Routes\UserRoutes::App\Config\Routes\{closure}(Object(CodeIgniter\Router\RouteCollection))
 5 APPPATH\Config\Routes\UserRoutes.php(25): CodeIgniter\Router\RouteCollection->group('{locale}', Object(Closure))
 6 APPPATH\Config\Routes.php(21): App\Config\Routes\UserRoutes::init(Object(CodeIgniter\Router\RouteCollection))
 7 SYSTEMPATH\Router\RouteCollection.php(340): require('C:\\xampp\\htdocs\\smartstore\\app\\Config\\Routes.php')
 8 SYSTEMPATH\CodeIgniter.php(823): CodeIgniter\Router\RouteCollection->loadRoutes()
 9 SYSTEMPATH\CodeIgniter.php(457): CodeIgniter\CodeIgniter->tryToRouteIt(null)
10 SYSTEMPATH\CodeIgniter.php(355): CodeIgniter\CodeIgniter->handleRequest(null, Object(Config\Cache), false)
11 SYSTEMPATH\Boot.php(325): CodeIgniter\CodeIgniter->run()
12 SYSTEMPATH\Boot.php(67): CodeIgniter\Boot::runCodeIgniter(Object(CodeIgniter\CodeIgniter))
13 FCPATH\index.php(63): CodeIgniter\Boot::bootWeb(Object(Config\Paths))
WARNING - 2025-06-07 13:37:38 --> [DEPRECATED] Passing lowercase HTTP method "post" is deprecated. Use uppercase HTTP method like "POST". in SYSTEMPATH\Router\RouteCollection.php on line 1027.
 1 SYSTEMPATH\Router\RouteCollection.php(1027): trigger_error('Passing lowercase HTTP method "post" is deprecated. Use uppercase HTTP method like "POST".', 16384)
 2 APPPATH\Config\Routes\UserRoutes.php(63): CodeIgniter\Router\RouteCollection->match([...], 'track-order', 'OrderController::track_order', [...])
 3 APPPATH\Config\Routes\UserRoutes.php(26): App\Config\Routes\UserRoutes::defineRoutes(Object(CodeIgniter\Router\RouteCollection))
 4 SYSTEMPATH\Router\RouteCollection.php(800): App\Config\Routes\UserRoutes::App\Config\Routes\{closure}(Object(CodeIgniter\Router\RouteCollection))
 5 APPPATH\Config\Routes\UserRoutes.php(25): CodeIgniter\Router\RouteCollection->group('{locale}', Object(Closure))
 6 APPPATH\Config\Routes.php(21): App\Config\Routes\UserRoutes::init(Object(CodeIgniter\Router\RouteCollection))
 7 SYSTEMPATH\Router\RouteCollection.php(340): require('C:\\xampp\\htdocs\\smartstore\\app\\Config\\Routes.php')
 8 SYSTEMPATH\CodeIgniter.php(823): CodeIgniter\Router\RouteCollection->loadRoutes()
 9 SYSTEMPATH\CodeIgniter.php(457): CodeIgniter\CodeIgniter->tryToRouteIt(null)
10 SYSTEMPATH\CodeIgniter.php(355): CodeIgniter\CodeIgniter->handleRequest(null, Object(Config\Cache), false)
11 SYSTEMPATH\Boot.php(325): CodeIgniter\CodeIgniter->run()
12 SYSTEMPATH\Boot.php(67): CodeIgniter\Boot::runCodeIgniter(Object(CodeIgniter\CodeIgniter))
13 FCPATH\index.php(63): CodeIgniter\Boot::bootWeb(Object(Config\Paths))
INFO - 2025-06-07 13:37:39 --> Session: Class initialized using 'CodeIgniter\Session\Handlers\FileHandler' driver.
WARNING - 2025-06-07 13:37:40 --> [DEPRECATED] Creation of dynamic property App\Controllers\Public\PageController::$load_files is deprecated in APPPATH\Controllers\Public\PageController.php on line 21.
 1 SYSTEMPATH\CodeIgniter.php(903): App\Controllers\Public\PageController->__construct()
 2 SYSTEMPATH\CodeIgniter.php(500): CodeIgniter\CodeIgniter->createController()
 3 SYSTEMPATH\CodeIgniter.php(355): CodeIgniter\CodeIgniter->handleRequest(null, Object(Config\Cache), false)
 4 SYSTEMPATH\Boot.php(325): CodeIgniter\CodeIgniter->run()
 5 SYSTEMPATH\Boot.php(67): CodeIgniter\Boot::runCodeIgniter(Object(CodeIgniter\CodeIgniter))
 6 FCPATH\index.php(63): CodeIgniter\Boot::bootWeb(Object(Config\Paths))
WARNING - 2025-06-07 13:37:40 --> [DEPRECATED] Creation of dynamic property App\Controllers\Public\PageController::$page_title is deprecated in APPPATH\Controllers\Public\PageController.php on line 22.
 1 SYSTEMPATH\CodeIgniter.php(903): App\Controllers\Public\PageController->__construct()
 2 SYSTEMPATH\CodeIgniter.php(500): CodeIgniter\CodeIgniter->createController()
 3 SYSTEMPATH\CodeIgniter.php(355): CodeIgniter\CodeIgniter->handleRequest(null, Object(Config\Cache), false)
 4 SYSTEMPATH\Boot.php(325): CodeIgniter\CodeIgniter->run()
 5 SYSTEMPATH\Boot.php(67): CodeIgniter\Boot::runCodeIgniter(Object(CodeIgniter\CodeIgniter))
 6 FCPATH\index.php(63): CodeIgniter\Boot::bootWeb(Object(Config\Paths))
WARNING - 2025-06-07 13:39:42 --> [DEPRECATED] Passing lowercase HTTP method "get" is deprecated. Use uppercase HTTP method like "GET". in SYSTEMPATH\Router\RouteCollection.php on line 1027.
 1 SYSTEMPATH\Router\RouteCollection.php(1027): trigger_error('Passing lowercase HTTP method "get" is deprecated. Use uppercase HTTP method like "GET".', 16384)
 2 APPPATH\Config\Routes\AdminRoutes.php(65): CodeIgniter\Router\RouteCollection->match([...], 'send_test_mail', 'SettingsController::send_test_mail')
 3 SYSTEMPATH\Router\RouteCollection.php(800): App\Config\Routes\AdminRoutes::App\Config\Routes\{closure}(Object(CodeIgniter\Router\RouteCollection))
 4 APPPATH\Config\Routes\AdminRoutes.php(63): CodeIgniter\Router\RouteCollection->group('settings', [...], Object(Closure))
 5 SYSTEMPATH\Router\RouteCollection.php(800): App\Config\Routes\AdminRoutes::App\Config\Routes\{closure}(Object(CodeIgniter\Router\RouteCollection))
 6 APPPATH\Config\Routes\AdminRoutes.php(28): CodeIgniter\Router\RouteCollection->group('admin', [...], Object(Closure))
 7 APPPATH\Config\Routes.php(20): App\Config\Routes\AdminRoutes::init(Object(CodeIgniter\Router\RouteCollection))
 8 SYSTEMPATH\Router\RouteCollection.php(340): require('C:\\xampp\\htdocs\\smartstore\\app\\Config\\Routes.php')
 9 SYSTEMPATH\CodeIgniter.php(823): CodeIgniter\Router\RouteCollection->loadRoutes()
10 SYSTEMPATH\CodeIgniter.php(457): CodeIgniter\CodeIgniter->tryToRouteIt(null)
11 SYSTEMPATH\CodeIgniter.php(355): CodeIgniter\CodeIgniter->handleRequest(null, Object(Config\Cache), false)
12 SYSTEMPATH\Boot.php(325): CodeIgniter\CodeIgniter->run()
13 SYSTEMPATH\Boot.php(67): CodeIgniter\Boot::runCodeIgniter(Object(CodeIgniter\CodeIgniter))
14 FCPATH\index.php(63): CodeIgniter\Boot::bootWeb(Object(Config\Paths))
WARNING - 2025-06-07 13:39:42 --> [DEPRECATED] Passing lowercase HTTP method "post" is deprecated. Use uppercase HTTP method like "POST". in SYSTEMPATH\Router\RouteCollection.php on line 1027.
 1 SYSTEMPATH\Router\RouteCollection.php(1027): trigger_error('Passing lowercase HTTP method "post" is deprecated. Use uppercase HTTP method like "POST".', 16384)
 2 APPPATH\Config\Routes\AdminRoutes.php(65): CodeIgniter\Router\RouteCollection->match([...], 'send_test_mail', 'SettingsController::send_test_mail')
 3 SYSTEMPATH\Router\RouteCollection.php(800): App\Config\Routes\AdminRoutes::App\Config\Routes\{closure}(Object(CodeIgniter\Router\RouteCollection))
 4 APPPATH\Config\Routes\AdminRoutes.php(63): CodeIgniter\Router\RouteCollection->group('settings', [...], Object(Closure))
 5 SYSTEMPATH\Router\RouteCollection.php(800): App\Config\Routes\AdminRoutes::App\Config\Routes\{closure}(Object(CodeIgniter\Router\RouteCollection))
 6 APPPATH\Config\Routes\AdminRoutes.php(28): CodeIgniter\Router\RouteCollection->group('admin', [...], Object(Closure))
 7 APPPATH\Config\Routes.php(20): App\Config\Routes\AdminRoutes::init(Object(CodeIgniter\Router\RouteCollection))
 8 SYSTEMPATH\Router\RouteCollection.php(340): require('C:\\xampp\\htdocs\\smartstore\\app\\Config\\Routes.php')
 9 SYSTEMPATH\CodeIgniter.php(823): CodeIgniter\Router\RouteCollection->loadRoutes()
10 SYSTEMPATH\CodeIgniter.php(457): CodeIgniter\CodeIgniter->tryToRouteIt(null)
11 SYSTEMPATH\CodeIgniter.php(355): CodeIgniter\CodeIgniter->handleRequest(null, Object(Config\Cache), false)
12 SYSTEMPATH\Boot.php(325): CodeIgniter\CodeIgniter->run()
13 SYSTEMPATH\Boot.php(67): CodeIgniter\Boot::runCodeIgniter(Object(CodeIgniter\CodeIgniter))
14 FCPATH\index.php(63): CodeIgniter\Boot::bootWeb(Object(Config\Paths))
WARNING - 2025-06-07 13:39:42 --> [DEPRECATED] Passing lowercase HTTP method "get" is deprecated. Use uppercase HTTP method like "GET". in SYSTEMPATH\Router\RouteCollection.php on line 1027.
 1 SYSTEMPATH\Router\RouteCollection.php(1027): trigger_error('Passing lowercase HTTP method "get" is deprecated. Use uppercase HTTP method like "GET".', 16384)
 2 APPPATH\Config\Routes\AdminRoutes.php(76): CodeIgniter\Router\RouteCollection->match([...], 'elfinder_connector', 'FilemanagerController::elfinder_connector')
 3 SYSTEMPATH\Router\RouteCollection.php(800): App\Config\Routes\AdminRoutes::App\Config\Routes\{closure}(Object(CodeIgniter\Router\RouteCollection))
 4 APPPATH\Config\Routes\AdminRoutes.php(73): CodeIgniter\Router\RouteCollection->group('filemanager', [...], Object(Closure))
 5 SYSTEMPATH\Router\RouteCollection.php(800): App\Config\Routes\AdminRoutes::App\Config\Routes\{closure}(Object(CodeIgniter\Router\RouteCollection))
 6 APPPATH\Config\Routes\AdminRoutes.php(28): CodeIgniter\Router\RouteCollection->group('admin', [...], Object(Closure))
 7 APPPATH\Config\Routes.php(20): App\Config\Routes\AdminRoutes::init(Object(CodeIgniter\Router\RouteCollection))
 8 SYSTEMPATH\Router\RouteCollection.php(340): require('C:\\xampp\\htdocs\\smartstore\\app\\Config\\Routes.php')
 9 SYSTEMPATH\CodeIgniter.php(823): CodeIgniter\Router\RouteCollection->loadRoutes()
10 SYSTEMPATH\CodeIgniter.php(457): CodeIgniter\CodeIgniter->tryToRouteIt(null)
11 SYSTEMPATH\CodeIgniter.php(355): CodeIgniter\CodeIgniter->handleRequest(null, Object(Config\Cache), false)
12 SYSTEMPATH\Boot.php(325): CodeIgniter\CodeIgniter->run()
13 SYSTEMPATH\Boot.php(67): CodeIgniter\Boot::runCodeIgniter(Object(CodeIgniter\CodeIgniter))
14 FCPATH\index.php(63): CodeIgniter\Boot::bootWeb(Object(Config\Paths))
WARNING - 2025-06-07 13:39:42 --> [DEPRECATED] Passing lowercase HTTP method "post" is deprecated. Use uppercase HTTP method like "POST". in SYSTEMPATH\Router\RouteCollection.php on line 1027.
 1 SYSTEMPATH\Router\RouteCollection.php(1027): trigger_error('Passing lowercase HTTP method "post" is deprecated. Use uppercase HTTP method like "POST".', 16384)
 2 APPPATH\Config\Routes\AdminRoutes.php(76): CodeIgniter\Router\RouteCollection->match([...], 'elfinder_connector', 'FilemanagerController::elfinder_connector')
 3 SYSTEMPATH\Router\RouteCollection.php(800): App\Config\Routes\AdminRoutes::App\Config\Routes\{closure}(Object(CodeIgniter\Router\RouteCollection))
 4 APPPATH\Config\Routes\AdminRoutes.php(73): CodeIgniter\Router\RouteCollection->group('filemanager', [...], Object(Closure))
 5 SYSTEMPATH\Router\RouteCollection.php(800): App\Config\Routes\AdminRoutes::App\Config\Routes\{closure}(Object(CodeIgniter\Router\RouteCollection))
 6 APPPATH\Config\Routes\AdminRoutes.php(28): CodeIgniter\Router\RouteCollection->group('admin', [...], Object(Closure))
 7 APPPATH\Config\Routes.php(20): App\Config\Routes\AdminRoutes::init(Object(CodeIgniter\Router\RouteCollection))
 8 SYSTEMPATH\Router\RouteCollection.php(340): require('C:\\xampp\\htdocs\\smartstore\\app\\Config\\Routes.php')
 9 SYSTEMPATH\CodeIgniter.php(823): CodeIgniter\Router\RouteCollection->loadRoutes()
10 SYSTEMPATH\CodeIgniter.php(457): CodeIgniter\CodeIgniter->tryToRouteIt(null)
11 SYSTEMPATH\CodeIgniter.php(355): CodeIgniter\CodeIgniter->handleRequest(null, Object(Config\Cache), false)
12 SYSTEMPATH\Boot.php(325): CodeIgniter\CodeIgniter->run()
13 SYSTEMPATH\Boot.php(67): CodeIgniter\Boot::runCodeIgniter(Object(CodeIgniter\CodeIgniter))
14 FCPATH\index.php(63): CodeIgniter\Boot::bootWeb(Object(Config\Paths))
WARNING - 2025-06-07 13:39:42 --> [DEPRECATED] Passing lowercase HTTP method "get" is deprecated. Use uppercase HTTP method like "GET". in SYSTEMPATH\Router\RouteCollection.php on line 1027.
 1 SYSTEMPATH\Router\RouteCollection.php(1027): trigger_error('Passing lowercase HTTP method "get" is deprecated. Use uppercase HTTP method like "GET".', 16384)
 2 APPPATH\Config\Routes\AdminRoutes.php(172): CodeIgniter\Router\RouteCollection->match([...], 'sync_services/?(:num)?', 'ProvidersController::sync_services/$1')
 3 SYSTEMPATH\Router\RouteCollection.php(800): App\Config\Routes\AdminRoutes::App\Config\Routes\{closure}(Object(CodeIgniter\Router\RouteCollection))
 4 APPPATH\Config\Routes\AdminRoutes.php(167): CodeIgniter\Router\RouteCollection->group('providers', [...], Object(Closure))
 5 SYSTEMPATH\Router\RouteCollection.php(800): App\Config\Routes\AdminRoutes::App\Config\Routes\{closure}(Object(CodeIgniter\Router\RouteCollection))
 6 APPPATH\Config\Routes\AdminRoutes.php(28): CodeIgniter\Router\RouteCollection->group('admin', [...], Object(Closure))
 7 APPPATH\Config\Routes.php(20): App\Config\Routes\AdminRoutes::init(Object(CodeIgniter\Router\RouteCollection))
 8 SYSTEMPATH\Router\RouteCollection.php(340): require('C:\\xampp\\htdocs\\smartstore\\app\\Config\\Routes.php')
 9 SYSTEMPATH\CodeIgniter.php(823): CodeIgniter\Router\RouteCollection->loadRoutes()
10 SYSTEMPATH\CodeIgniter.php(457): CodeIgniter\CodeIgniter->tryToRouteIt(null)
11 SYSTEMPATH\CodeIgniter.php(355): CodeIgniter\CodeIgniter->handleRequest(null, Object(Config\Cache), false)
12 SYSTEMPATH\Boot.php(325): CodeIgniter\CodeIgniter->run()
13 SYSTEMPATH\Boot.php(67): CodeIgniter\Boot::runCodeIgniter(Object(CodeIgniter\CodeIgniter))
14 FCPATH\index.php(63): CodeIgniter\Boot::bootWeb(Object(Config\Paths))
WARNING - 2025-06-07 13:39:42 --> [DEPRECATED] Passing lowercase HTTP method "post" is deprecated. Use uppercase HTTP method like "POST". in SYSTEMPATH\Router\RouteCollection.php on line 1027.
 1 SYSTEMPATH\Router\RouteCollection.php(1027): trigger_error('Passing lowercase HTTP method "post" is deprecated. Use uppercase HTTP method like "POST".', 16384)
 2 APPPATH\Config\Routes\AdminRoutes.php(172): CodeIgniter\Router\RouteCollection->match([...], 'sync_services/?(:num)?', 'ProvidersController::sync_services/$1')
 3 SYSTEMPATH\Router\RouteCollection.php(800): App\Config\Routes\AdminRoutes::App\Config\Routes\{closure}(Object(CodeIgniter\Router\RouteCollection))
 4 APPPATH\Config\Routes\AdminRoutes.php(167): CodeIgniter\Router\RouteCollection->group('providers', [...], Object(Closure))
 5 SYSTEMPATH\Router\RouteCollection.php(800): App\Config\Routes\AdminRoutes::App\Config\Routes\{closure}(Object(CodeIgniter\Router\RouteCollection))
 6 APPPATH\Config\Routes\AdminRoutes.php(28): CodeIgniter\Router\RouteCollection->group('admin', [...], Object(Closure))
 7 APPPATH\Config\Routes.php(20): App\Config\Routes\AdminRoutes::init(Object(CodeIgniter\Router\RouteCollection))
 8 SYSTEMPATH\Router\RouteCollection.php(340): require('C:\\xampp\\htdocs\\smartstore\\app\\Config\\Routes.php')
 9 SYSTEMPATH\CodeIgniter.php(823): CodeIgniter\Router\RouteCollection->loadRoutes()
10 SYSTEMPATH\CodeIgniter.php(457): CodeIgniter\CodeIgniter->tryToRouteIt(null)
11 SYSTEMPATH\CodeIgniter.php(355): CodeIgniter\CodeIgniter->handleRequest(null, Object(Config\Cache), false)
12 SYSTEMPATH\Boot.php(325): CodeIgniter\CodeIgniter->run()
13 SYSTEMPATH\Boot.php(67): CodeIgniter\Boot::runCodeIgniter(Object(CodeIgniter\CodeIgniter))
14 FCPATH\index.php(63): CodeIgniter\Boot::bootWeb(Object(Config\Paths))
WARNING - 2025-06-07 13:39:42 --> [DEPRECATED] Passing lowercase HTTP method "get" is deprecated. Use uppercase HTTP method like "GET". in SYSTEMPATH\Router\RouteCollection.php on line 1027.
 1 SYSTEMPATH\Router\RouteCollection.php(1027): trigger_error('Passing lowercase HTTP method "get" is deprecated. Use uppercase HTTP method like "GET".', 16384)
 2 APPPATH\Config\Routes\AdminRoutes.php(185): CodeIgniter\Router\RouteCollection->match([...], 'add_note/?(:num)?', 'UsersController::add_note/$1')
 3 SYSTEMPATH\Router\RouteCollection.php(800): App\Config\Routes\AdminRoutes::App\Config\Routes\{closure}(Object(CodeIgniter\Router\RouteCollection))
 4 APPPATH\Config\Routes\AdminRoutes.php(182): CodeIgniter\Router\RouteCollection->group('users', [...], Object(Closure))
 5 SYSTEMPATH\Router\RouteCollection.php(800): App\Config\Routes\AdminRoutes::App\Config\Routes\{closure}(Object(CodeIgniter\Router\RouteCollection))
 6 APPPATH\Config\Routes\AdminRoutes.php(28): CodeIgniter\Router\RouteCollection->group('admin', [...], Object(Closure))
 7 APPPATH\Config\Routes.php(20): App\Config\Routes\AdminRoutes::init(Object(CodeIgniter\Router\RouteCollection))
 8 SYSTEMPATH\Router\RouteCollection.php(340): require('C:\\xampp\\htdocs\\smartstore\\app\\Config\\Routes.php')
 9 SYSTEMPATH\CodeIgniter.php(823): CodeIgniter\Router\RouteCollection->loadRoutes()
10 SYSTEMPATH\CodeIgniter.php(457): CodeIgniter\CodeIgniter->tryToRouteIt(null)
11 SYSTEMPATH\CodeIgniter.php(355): CodeIgniter\CodeIgniter->handleRequest(null, Object(Config\Cache), false)
12 SYSTEMPATH\Boot.php(325): CodeIgniter\CodeIgniter->run()
13 SYSTEMPATH\Boot.php(67): CodeIgniter\Boot::runCodeIgniter(Object(CodeIgniter\CodeIgniter))
14 FCPATH\index.php(63): CodeIgniter\Boot::bootWeb(Object(Config\Paths))
WARNING - 2025-06-07 13:39:42 --> [DEPRECATED] Passing lowercase HTTP method "post" is deprecated. Use uppercase HTTP method like "POST". in SYSTEMPATH\Router\RouteCollection.php on line 1027.
 1 SYSTEMPATH\Router\RouteCollection.php(1027): trigger_error('Passing lowercase HTTP method "post" is deprecated. Use uppercase HTTP method like "POST".', 16384)
 2 APPPATH\Config\Routes\AdminRoutes.php(185): CodeIgniter\Router\RouteCollection->match([...], 'add_note/?(:num)?', 'UsersController::add_note/$1')
 3 SYSTEMPATH\Router\RouteCollection.php(800): App\Config\Routes\AdminRoutes::App\Config\Routes\{closure}(Object(CodeIgniter\Router\RouteCollection))
 4 APPPATH\Config\Routes\AdminRoutes.php(182): CodeIgniter\Router\RouteCollection->group('users', [...], Object(Closure))
 5 SYSTEMPATH\Router\RouteCollection.php(800): App\Config\Routes\AdminRoutes::App\Config\Routes\{closure}(Object(CodeIgniter\Router\RouteCollection))
 6 APPPATH\Config\Routes\AdminRoutes.php(28): CodeIgniter\Router\RouteCollection->group('admin', [...], Object(Closure))
 7 APPPATH\Config\Routes.php(20): App\Config\Routes\AdminRoutes::init(Object(CodeIgniter\Router\RouteCollection))
 8 SYSTEMPATH\Router\RouteCollection.php(340): require('C:\\xampp\\htdocs\\smartstore\\app\\Config\\Routes.php')
 9 SYSTEMPATH\CodeIgniter.php(823): CodeIgniter\Router\RouteCollection->loadRoutes()
10 SYSTEMPATH\CodeIgniter.php(457): CodeIgniter\CodeIgniter->tryToRouteIt(null)
11 SYSTEMPATH\CodeIgniter.php(355): CodeIgniter\CodeIgniter->handleRequest(null, Object(Config\Cache), false)
12 SYSTEMPATH\Boot.php(325): CodeIgniter\CodeIgniter->run()
13 SYSTEMPATH\Boot.php(67): CodeIgniter\Boot::runCodeIgniter(Object(CodeIgniter\CodeIgniter))
14 FCPATH\index.php(63): CodeIgniter\Boot::bootWeb(Object(Config\Paths))
WARNING - 2025-06-07 13:39:42 --> [DEPRECATED] Passing lowercase HTTP method "get" is deprecated. Use uppercase HTTP method like "GET". in SYSTEMPATH\Router\RouteCollection.php on line 1027.
 1 SYSTEMPATH\Router\RouteCollection.php(1027): trigger_error('Passing lowercase HTTP method "get" is deprecated. Use uppercase HTTP method like "GET".', 16384)
 2 APPPATH\Config\Routes\AdminRoutes.php(186): CodeIgniter\Router\RouteCollection->match([...], 'send_mail/?(:num)?', 'UsersController::send_mail/$1')
 3 SYSTEMPATH\Router\RouteCollection.php(800): App\Config\Routes\AdminRoutes::App\Config\Routes\{closure}(Object(CodeIgniter\Router\RouteCollection))
 4 APPPATH\Config\Routes\AdminRoutes.php(182): CodeIgniter\Router\RouteCollection->group('users', [...], Object(Closure))
 5 SYSTEMPATH\Router\RouteCollection.php(800): App\Config\Routes\AdminRoutes::App\Config\Routes\{closure}(Object(CodeIgniter\Router\RouteCollection))
 6 APPPATH\Config\Routes\AdminRoutes.php(28): CodeIgniter\Router\RouteCollection->group('admin', [...], Object(Closure))
 7 APPPATH\Config\Routes.php(20): App\Config\Routes\AdminRoutes::init(Object(CodeIgniter\Router\RouteCollection))
 8 SYSTEMPATH\Router\RouteCollection.php(340): require('C:\\xampp\\htdocs\\smartstore\\app\\Config\\Routes.php')
 9 SYSTEMPATH\CodeIgniter.php(823): CodeIgniter\Router\RouteCollection->loadRoutes()
10 SYSTEMPATH\CodeIgniter.php(457): CodeIgniter\CodeIgniter->tryToRouteIt(null)
11 SYSTEMPATH\CodeIgniter.php(355): CodeIgniter\CodeIgniter->handleRequest(null, Object(Config\Cache), false)
12 SYSTEMPATH\Boot.php(325): CodeIgniter\CodeIgniter->run()
13 SYSTEMPATH\Boot.php(67): CodeIgniter\Boot::runCodeIgniter(Object(CodeIgniter\CodeIgniter))
14 FCPATH\index.php(63): CodeIgniter\Boot::bootWeb(Object(Config\Paths))
WARNING - 2025-06-07 13:39:42 --> [DEPRECATED] Passing lowercase HTTP method "post" is deprecated. Use uppercase HTTP method like "POST". in SYSTEMPATH\Router\RouteCollection.php on line 1027.
 1 SYSTEMPATH\Router\RouteCollection.php(1027): trigger_error('Passing lowercase HTTP method "post" is deprecated. Use uppercase HTTP method like "POST".', 16384)
 2 APPPATH\Config\Routes\AdminRoutes.php(186): CodeIgniter\Router\RouteCollection->match([...], 'send_mail/?(:num)?', 'UsersController::send_mail/$1')
 3 SYSTEMPATH\Router\RouteCollection.php(800): App\Config\Routes\AdminRoutes::App\Config\Routes\{closure}(Object(CodeIgniter\Router\RouteCollection))
 4 APPPATH\Config\Routes\AdminRoutes.php(182): CodeIgniter\Router\RouteCollection->group('users', [...], Object(Closure))
 5 SYSTEMPATH\Router\RouteCollection.php(800): App\Config\Routes\AdminRoutes::App\Config\Routes\{closure}(Object(CodeIgniter\Router\RouteCollection))
 6 APPPATH\Config\Routes\AdminRoutes.php(28): CodeIgniter\Router\RouteCollection->group('admin', [...], Object(Closure))
 7 APPPATH\Config\Routes.php(20): App\Config\Routes\AdminRoutes::init(Object(CodeIgniter\Router\RouteCollection))
 8 SYSTEMPATH\Router\RouteCollection.php(340): require('C:\\xampp\\htdocs\\smartstore\\app\\Config\\Routes.php')
 9 SYSTEMPATH\CodeIgniter.php(823): CodeIgniter\Router\RouteCollection->loadRoutes()
10 SYSTEMPATH\CodeIgniter.php(457): CodeIgniter\CodeIgniter->tryToRouteIt(null)
11 SYSTEMPATH\CodeIgniter.php(355): CodeIgniter\CodeIgniter->handleRequest(null, Object(Config\Cache), false)
12 SYSTEMPATH\Boot.php(325): CodeIgniter\CodeIgniter->run()
13 SYSTEMPATH\Boot.php(67): CodeIgniter\Boot::runCodeIgniter(Object(CodeIgniter\CodeIgniter))
14 FCPATH\index.php(63): CodeIgniter\Boot::bootWeb(Object(Config\Paths))
WARNING - 2025-06-07 13:39:42 --> [DEPRECATED] Passing lowercase HTTP method "get" is deprecated. Use uppercase HTTP method like "GET". in SYSTEMPATH\Router\RouteCollection.php on line 1027.
 1 SYSTEMPATH\Router\RouteCollection.php(1027): trigger_error('Passing lowercase HTTP method "get" is deprecated. Use uppercase HTTP method like "GET".', 16384)
 2 APPPATH\Config\Routes\AdminRoutes.php(215): CodeIgniter\Router\RouteCollection->match([...], 'send_mail/?(:num)?', 'TicketsController::send_mail/$1')
 3 SYSTEMPATH\Router\RouteCollection.php(800): App\Config\Routes\AdminRoutes::App\Config\Routes\{closure}(Object(CodeIgniter\Router\RouteCollection))
 4 APPPATH\Config\Routes\AdminRoutes.php(212): CodeIgniter\Router\RouteCollection->group('tickets', [...], Object(Closure))
 5 SYSTEMPATH\Router\RouteCollection.php(800): App\Config\Routes\AdminRoutes::App\Config\Routes\{closure}(Object(CodeIgniter\Router\RouteCollection))
 6 APPPATH\Config\Routes\AdminRoutes.php(28): CodeIgniter\Router\RouteCollection->group('admin', [...], Object(Closure))
 7 APPPATH\Config\Routes.php(20): App\Config\Routes\AdminRoutes::init(Object(CodeIgniter\Router\RouteCollection))
 8 SYSTEMPATH\Router\RouteCollection.php(340): require('C:\\xampp\\htdocs\\smartstore\\app\\Config\\Routes.php')
 9 SYSTEMPATH\CodeIgniter.php(823): CodeIgniter\Router\RouteCollection->loadRoutes()
10 SYSTEMPATH\CodeIgniter.php(457): CodeIgniter\CodeIgniter->tryToRouteIt(null)
11 SYSTEMPATH\CodeIgniter.php(355): CodeIgniter\CodeIgniter->handleRequest(null, Object(Config\Cache), false)
12 SYSTEMPATH\Boot.php(325): CodeIgniter\CodeIgniter->run()
13 SYSTEMPATH\Boot.php(67): CodeIgniter\Boot::runCodeIgniter(Object(CodeIgniter\CodeIgniter))
14 FCPATH\index.php(63): CodeIgniter\Boot::bootWeb(Object(Config\Paths))
WARNING - 2025-06-07 13:39:42 --> [DEPRECATED] Passing lowercase HTTP method "post" is deprecated. Use uppercase HTTP method like "POST". in SYSTEMPATH\Router\RouteCollection.php on line 1027.
 1 SYSTEMPATH\Router\RouteCollection.php(1027): trigger_error('Passing lowercase HTTP method "post" is deprecated. Use uppercase HTTP method like "POST".', 16384)
 2 APPPATH\Config\Routes\AdminRoutes.php(215): CodeIgniter\Router\RouteCollection->match([...], 'send_mail/?(:num)?', 'TicketsController::send_mail/$1')
 3 SYSTEMPATH\Router\RouteCollection.php(800): App\Config\Routes\AdminRoutes::App\Config\Routes\{closure}(Object(CodeIgniter\Router\RouteCollection))
 4 APPPATH\Config\Routes\AdminRoutes.php(212): CodeIgniter\Router\RouteCollection->group('tickets', [...], Object(Closure))
 5 SYSTEMPATH\Router\RouteCollection.php(800): App\Config\Routes\AdminRoutes::App\Config\Routes\{closure}(Object(CodeIgniter\Router\RouteCollection))
 6 APPPATH\Config\Routes\AdminRoutes.php(28): CodeIgniter\Router\RouteCollection->group('admin', [...], Object(Closure))
 7 APPPATH\Config\Routes.php(20): App\Config\Routes\AdminRoutes::init(Object(CodeIgniter\Router\RouteCollection))
 8 SYSTEMPATH\Router\RouteCollection.php(340): require('C:\\xampp\\htdocs\\smartstore\\app\\Config\\Routes.php')
 9 SYSTEMPATH\CodeIgniter.php(823): CodeIgniter\Router\RouteCollection->loadRoutes()
10 SYSTEMPATH\CodeIgniter.php(457): CodeIgniter\CodeIgniter->tryToRouteIt(null)
11 SYSTEMPATH\CodeIgniter.php(355): CodeIgniter\CodeIgniter->handleRequest(null, Object(Config\Cache), false)
12 SYSTEMPATH\Boot.php(325): CodeIgniter\CodeIgniter->run()
13 SYSTEMPATH\Boot.php(67): CodeIgniter\Boot::runCodeIgniter(Object(CodeIgniter\CodeIgniter))
14 FCPATH\index.php(63): CodeIgniter\Boot::bootWeb(Object(Config\Paths))
WARNING - 2025-06-07 13:39:42 --> [DEPRECATED] Passing lowercase HTTP method "get" is deprecated. Use uppercase HTTP method like "GET". in SYSTEMPATH\Router\RouteCollection.php on line 1027.
 1 SYSTEMPATH\Router\RouteCollection.php(1027): trigger_error('Passing lowercase HTTP method "get" is deprecated. Use uppercase HTTP method like "GET".', 16384)
 2 APPPATH\Config\Routes\UserRoutes.php(49): CodeIgniter\Router\RouteCollection->match([...], 'submit_review', 'ClientController::submit_review', [...])
 3 APPPATH\Config\Routes\UserRoutes.php(23): App\Config\Routes\UserRoutes::defineRoutes(Object(CodeIgniter\Router\RouteCollection))
 4 APPPATH\Config\Routes.php(21): App\Config\Routes\UserRoutes::init(Object(CodeIgniter\Router\RouteCollection))
 5 SYSTEMPATH\Router\RouteCollection.php(340): require('C:\\xampp\\htdocs\\smartstore\\app\\Config\\Routes.php')
 6 SYSTEMPATH\CodeIgniter.php(823): CodeIgniter\Router\RouteCollection->loadRoutes()
 7 SYSTEMPATH\CodeIgniter.php(457): CodeIgniter\CodeIgniter->tryToRouteIt(null)
 8 SYSTEMPATH\CodeIgniter.php(355): CodeIgniter\CodeIgniter->handleRequest(null, Object(Config\Cache), false)
 9 SYSTEMPATH\Boot.php(325): CodeIgniter\CodeIgniter->run()
10 SYSTEMPATH\Boot.php(67): CodeIgniter\Boot::runCodeIgniter(Object(CodeIgniter\CodeIgniter))
11 FCPATH\index.php(63): CodeIgniter\Boot::bootWeb(Object(Config\Paths))
WARNING - 2025-06-07 13:39:42 --> [DEPRECATED] Passing lowercase HTTP method "post" is deprecated. Use uppercase HTTP method like "POST". in SYSTEMPATH\Router\RouteCollection.php on line 1027.
 1 SYSTEMPATH\Router\RouteCollection.php(1027): trigger_error('Passing lowercase HTTP method "post" is deprecated. Use uppercase HTTP method like "POST".', 16384)
 2 APPPATH\Config\Routes\UserRoutes.php(49): CodeIgniter\Router\RouteCollection->match([...], 'submit_review', 'ClientController::submit_review', [...])
 3 APPPATH\Config\Routes\UserRoutes.php(23): App\Config\Routes\UserRoutes::defineRoutes(Object(CodeIgniter\Router\RouteCollection))
 4 APPPATH\Config\Routes.php(21): App\Config\Routes\UserRoutes::init(Object(CodeIgniter\Router\RouteCollection))
 5 SYSTEMPATH\Router\RouteCollection.php(340): require('C:\\xampp\\htdocs\\smartstore\\app\\Config\\Routes.php')
 6 SYSTEMPATH\CodeIgniter.php(823): CodeIgniter\Router\RouteCollection->loadRoutes()
 7 SYSTEMPATH\CodeIgniter.php(457): CodeIgniter\CodeIgniter->tryToRouteIt(null)
 8 SYSTEMPATH\CodeIgniter.php(355): CodeIgniter\CodeIgniter->handleRequest(null, Object(Config\Cache), false)
 9 SYSTEMPATH\Boot.php(325): CodeIgniter\CodeIgniter->run()
10 SYSTEMPATH\Boot.php(67): CodeIgniter\Boot::runCodeIgniter(Object(CodeIgniter\CodeIgniter))
11 FCPATH\index.php(63): CodeIgniter\Boot::bootWeb(Object(Config\Paths))
WARNING - 2025-06-07 13:39:42 --> [DEPRECATED] Passing lowercase HTTP method "get" is deprecated. Use uppercase HTTP method like "GET". in SYSTEMPATH\Router\RouteCollection.php on line 1027.
 1 SYSTEMPATH\Router\RouteCollection.php(1027): trigger_error('Passing lowercase HTTP method "get" is deprecated. Use uppercase HTTP method like "GET".', 16384)
 2 APPPATH\Config\Routes\UserRoutes.php(63): CodeIgniter\Router\RouteCollection->match([...], 'track-order', 'OrderController::track_order', [...])
 3 APPPATH\Config\Routes\UserRoutes.php(23): App\Config\Routes\UserRoutes::defineRoutes(Object(CodeIgniter\Router\RouteCollection))
 4 APPPATH\Config\Routes.php(21): App\Config\Routes\UserRoutes::init(Object(CodeIgniter\Router\RouteCollection))
 5 SYSTEMPATH\Router\RouteCollection.php(340): require('C:\\xampp\\htdocs\\smartstore\\app\\Config\\Routes.php')
 6 SYSTEMPATH\CodeIgniter.php(823): CodeIgniter\Router\RouteCollection->loadRoutes()
 7 SYSTEMPATH\CodeIgniter.php(457): CodeIgniter\CodeIgniter->tryToRouteIt(null)
 8 SYSTEMPATH\CodeIgniter.php(355): CodeIgniter\CodeIgniter->handleRequest(null, Object(Config\Cache), false)
 9 SYSTEMPATH\Boot.php(325): CodeIgniter\CodeIgniter->run()
10 SYSTEMPATH\Boot.php(67): CodeIgniter\Boot::runCodeIgniter(Object(CodeIgniter\CodeIgniter))
11 FCPATH\index.php(63): CodeIgniter\Boot::bootWeb(Object(Config\Paths))
WARNING - 2025-06-07 13:39:42 --> [DEPRECATED] Passing lowercase HTTP method "post" is deprecated. Use uppercase HTTP method like "POST". in SYSTEMPATH\Router\RouteCollection.php on line 1027.
 1 SYSTEMPATH\Router\RouteCollection.php(1027): trigger_error('Passing lowercase HTTP method "post" is deprecated. Use uppercase HTTP method like "POST".', 16384)
 2 APPPATH\Config\Routes\UserRoutes.php(63): CodeIgniter\Router\RouteCollection->match([...], 'track-order', 'OrderController::track_order', [...])
 3 APPPATH\Config\Routes\UserRoutes.php(23): App\Config\Routes\UserRoutes::defineRoutes(Object(CodeIgniter\Router\RouteCollection))
 4 APPPATH\Config\Routes.php(21): App\Config\Routes\UserRoutes::init(Object(CodeIgniter\Router\RouteCollection))
 5 SYSTEMPATH\Router\RouteCollection.php(340): require('C:\\xampp\\htdocs\\smartstore\\app\\Config\\Routes.php')
 6 SYSTEMPATH\CodeIgniter.php(823): CodeIgniter\Router\RouteCollection->loadRoutes()
 7 SYSTEMPATH\CodeIgniter.php(457): CodeIgniter\CodeIgniter->tryToRouteIt(null)
 8 SYSTEMPATH\CodeIgniter.php(355): CodeIgniter\CodeIgniter->handleRequest(null, Object(Config\Cache), false)
 9 SYSTEMPATH\Boot.php(325): CodeIgniter\CodeIgniter->run()
10 SYSTEMPATH\Boot.php(67): CodeIgniter\Boot::runCodeIgniter(Object(CodeIgniter\CodeIgniter))
11 FCPATH\index.php(63): CodeIgniter\Boot::bootWeb(Object(Config\Paths))
WARNING - 2025-06-07 13:39:42 --> [DEPRECATED] Passing lowercase HTTP method "get" is deprecated. Use uppercase HTTP method like "GET". in SYSTEMPATH\Router\RouteCollection.php on line 1027.
 1 SYSTEMPATH\Router\RouteCollection.php(1027): trigger_error('Passing lowercase HTTP method "get" is deprecated. Use uppercase HTTP method like "GET".', 16384)
 2 APPPATH\Config\Routes\UserRoutes.php(49): CodeIgniter\Router\RouteCollection->match([...], 'submit_review', 'ClientController::submit_review', [...])
 3 APPPATH\Config\Routes\UserRoutes.php(26): App\Config\Routes\UserRoutes::defineRoutes(Object(CodeIgniter\Router\RouteCollection))
 4 SYSTEMPATH\Router\RouteCollection.php(800): App\Config\Routes\UserRoutes::App\Config\Routes\{closure}(Object(CodeIgniter\Router\RouteCollection))
 5 APPPATH\Config\Routes\UserRoutes.php(25): CodeIgniter\Router\RouteCollection->group('{locale}', Object(Closure))
 6 APPPATH\Config\Routes.php(21): App\Config\Routes\UserRoutes::init(Object(CodeIgniter\Router\RouteCollection))
 7 SYSTEMPATH\Router\RouteCollection.php(340): require('C:\\xampp\\htdocs\\smartstore\\app\\Config\\Routes.php')
 8 SYSTEMPATH\CodeIgniter.php(823): CodeIgniter\Router\RouteCollection->loadRoutes()
 9 SYSTEMPATH\CodeIgniter.php(457): CodeIgniter\CodeIgniter->tryToRouteIt(null)
10 SYSTEMPATH\CodeIgniter.php(355): CodeIgniter\CodeIgniter->handleRequest(null, Object(Config\Cache), false)
11 SYSTEMPATH\Boot.php(325): CodeIgniter\CodeIgniter->run()
12 SYSTEMPATH\Boot.php(67): CodeIgniter\Boot::runCodeIgniter(Object(CodeIgniter\CodeIgniter))
13 FCPATH\index.php(63): CodeIgniter\Boot::bootWeb(Object(Config\Paths))
WARNING - 2025-06-07 13:39:42 --> [DEPRECATED] Passing lowercase HTTP method "post" is deprecated. Use uppercase HTTP method like "POST". in SYSTEMPATH\Router\RouteCollection.php on line 1027.
 1 SYSTEMPATH\Router\RouteCollection.php(1027): trigger_error('Passing lowercase HTTP method "post" is deprecated. Use uppercase HTTP method like "POST".', 16384)
 2 APPPATH\Config\Routes\UserRoutes.php(49): CodeIgniter\Router\RouteCollection->match([...], 'submit_review', 'ClientController::submit_review', [...])
 3 APPPATH\Config\Routes\UserRoutes.php(26): App\Config\Routes\UserRoutes::defineRoutes(Object(CodeIgniter\Router\RouteCollection))
 4 SYSTEMPATH\Router\RouteCollection.php(800): App\Config\Routes\UserRoutes::App\Config\Routes\{closure}(Object(CodeIgniter\Router\RouteCollection))
 5 APPPATH\Config\Routes\UserRoutes.php(25): CodeIgniter\Router\RouteCollection->group('{locale}', Object(Closure))
 6 APPPATH\Config\Routes.php(21): App\Config\Routes\UserRoutes::init(Object(CodeIgniter\Router\RouteCollection))
 7 SYSTEMPATH\Router\RouteCollection.php(340): require('C:\\xampp\\htdocs\\smartstore\\app\\Config\\Routes.php')
 8 SYSTEMPATH\CodeIgniter.php(823): CodeIgniter\Router\RouteCollection->loadRoutes()
 9 SYSTEMPATH\CodeIgniter.php(457): CodeIgniter\CodeIgniter->tryToRouteIt(null)
10 SYSTEMPATH\CodeIgniter.php(355): CodeIgniter\CodeIgniter->handleRequest(null, Object(Config\Cache), false)
11 SYSTEMPATH\Boot.php(325): CodeIgniter\CodeIgniter->run()
12 SYSTEMPATH\Boot.php(67): CodeIgniter\Boot::runCodeIgniter(Object(CodeIgniter\CodeIgniter))
13 FCPATH\index.php(63): CodeIgniter\Boot::bootWeb(Object(Config\Paths))
WARNING - 2025-06-07 13:39:42 --> [DEPRECATED] Passing lowercase HTTP method "get" is deprecated. Use uppercase HTTP method like "GET". in SYSTEMPATH\Router\RouteCollection.php on line 1027.
 1 SYSTEMPATH\Router\RouteCollection.php(1027): trigger_error('Passing lowercase HTTP method "get" is deprecated. Use uppercase HTTP method like "GET".', 16384)
 2 APPPATH\Config\Routes\UserRoutes.php(63): CodeIgniter\Router\RouteCollection->match([...], 'track-order', 'OrderController::track_order', [...])
 3 APPPATH\Config\Routes\UserRoutes.php(26): App\Config\Routes\UserRoutes::defineRoutes(Object(CodeIgniter\Router\RouteCollection))
 4 SYSTEMPATH\Router\RouteCollection.php(800): App\Config\Routes\UserRoutes::App\Config\Routes\{closure}(Object(CodeIgniter\Router\RouteCollection))
 5 APPPATH\Config\Routes\UserRoutes.php(25): CodeIgniter\Router\RouteCollection->group('{locale}', Object(Closure))
 6 APPPATH\Config\Routes.php(21): App\Config\Routes\UserRoutes::init(Object(CodeIgniter\Router\RouteCollection))
 7 SYSTEMPATH\Router\RouteCollection.php(340): require('C:\\xampp\\htdocs\\smartstore\\app\\Config\\Routes.php')
 8 SYSTEMPATH\CodeIgniter.php(823): CodeIgniter\Router\RouteCollection->loadRoutes()
 9 SYSTEMPATH\CodeIgniter.php(457): CodeIgniter\CodeIgniter->tryToRouteIt(null)
10 SYSTEMPATH\CodeIgniter.php(355): CodeIgniter\CodeIgniter->handleRequest(null, Object(Config\Cache), false)
11 SYSTEMPATH\Boot.php(325): CodeIgniter\CodeIgniter->run()
12 SYSTEMPATH\Boot.php(67): CodeIgniter\Boot::runCodeIgniter(Object(CodeIgniter\CodeIgniter))
13 FCPATH\index.php(63): CodeIgniter\Boot::bootWeb(Object(Config\Paths))
WARNING - 2025-06-07 13:39:42 --> [DEPRECATED] Passing lowercase HTTP method "post" is deprecated. Use uppercase HTTP method like "POST". in SYSTEMPATH\Router\RouteCollection.php on line 1027.
 1 SYSTEMPATH\Router\RouteCollection.php(1027): trigger_error('Passing lowercase HTTP method "post" is deprecated. Use uppercase HTTP method like "POST".', 16384)
 2 APPPATH\Config\Routes\UserRoutes.php(63): CodeIgniter\Router\RouteCollection->match([...], 'track-order', 'OrderController::track_order', [...])
 3 APPPATH\Config\Routes\UserRoutes.php(26): App\Config\Routes\UserRoutes::defineRoutes(Object(CodeIgniter\Router\RouteCollection))
 4 SYSTEMPATH\Router\RouteCollection.php(800): App\Config\Routes\UserRoutes::App\Config\Routes\{closure}(Object(CodeIgniter\Router\RouteCollection))
 5 APPPATH\Config\Routes\UserRoutes.php(25): CodeIgniter\Router\RouteCollection->group('{locale}', Object(Closure))
 6 APPPATH\Config\Routes.php(21): App\Config\Routes\UserRoutes::init(Object(CodeIgniter\Router\RouteCollection))
 7 SYSTEMPATH\Router\RouteCollection.php(340): require('C:\\xampp\\htdocs\\smartstore\\app\\Config\\Routes.php')
 8 SYSTEMPATH\CodeIgniter.php(823): CodeIgniter\Router\RouteCollection->loadRoutes()
 9 SYSTEMPATH\CodeIgniter.php(457): CodeIgniter\CodeIgniter->tryToRouteIt(null)
10 SYSTEMPATH\CodeIgniter.php(355): CodeIgniter\CodeIgniter->handleRequest(null, Object(Config\Cache), false)
11 SYSTEMPATH\Boot.php(325): CodeIgniter\CodeIgniter->run()
12 SYSTEMPATH\Boot.php(67): CodeIgniter\Boot::runCodeIgniter(Object(CodeIgniter\CodeIgniter))
13 FCPATH\index.php(63): CodeIgniter\Boot::bootWeb(Object(Config\Paths))
INFO - 2025-06-07 13:39:42 --> Session: Class initialized using 'CodeIgniter\Session\Handlers\FileHandler' driver.
WARNING - 2025-06-07 13:39:42 --> [DEPRECATED] Creation of dynamic property App\Controllers\Public\PageController::$load_files is deprecated in APPPATH\Controllers\Public\PageController.php on line 21.
 1 SYSTEMPATH\CodeIgniter.php(903): App\Controllers\Public\PageController->__construct()
 2 SYSTEMPATH\CodeIgniter.php(500): CodeIgniter\CodeIgniter->createController()
 3 SYSTEMPATH\CodeIgniter.php(355): CodeIgniter\CodeIgniter->handleRequest(null, Object(Config\Cache), false)
 4 SYSTEMPATH\Boot.php(325): CodeIgniter\CodeIgniter->run()
 5 SYSTEMPATH\Boot.php(67): CodeIgniter\Boot::runCodeIgniter(Object(CodeIgniter\CodeIgniter))
 6 FCPATH\index.php(63): CodeIgniter\Boot::bootWeb(Object(Config\Paths))
WARNING - 2025-06-07 13:39:42 --> [DEPRECATED] Creation of dynamic property App\Controllers\Public\PageController::$page_title is deprecated in APPPATH\Controllers\Public\PageController.php on line 22.
 1 SYSTEMPATH\CodeIgniter.php(903): App\Controllers\Public\PageController->__construct()
 2 SYSTEMPATH\CodeIgniter.php(500): CodeIgniter\CodeIgniter->createController()
 3 SYSTEMPATH\CodeIgniter.php(355): CodeIgniter\CodeIgniter->handleRequest(null, Object(Config\Cache), false)
 4 SYSTEMPATH\Boot.php(325): CodeIgniter\CodeIgniter->run()
 5 SYSTEMPATH\Boot.php(67): CodeIgniter\Boot::runCodeIgniter(Object(CodeIgniter\CodeIgniter))
 6 FCPATH\index.php(63): CodeIgniter\Boot::bootWeb(Object(Config\Paths))
WARNING - 2025-06-07 13:40:14 --> [DEPRECATED] Passing lowercase HTTP method "get" is deprecated. Use uppercase HTTP method like "GET". in SYSTEMPATH\Router\RouteCollection.php on line 1027.
 1 SYSTEMPATH\Router\RouteCollection.php(1027): trigger_error('Passing lowercase HTTP method "get" is deprecated. Use uppercase HTTP method like "GET".', 16384)
 2 APPPATH\Config\Routes\AdminRoutes.php(65): CodeIgniter\Router\RouteCollection->match([...], 'send_test_mail', 'SettingsController::send_test_mail')
 3 SYSTEMPATH\Router\RouteCollection.php(800): App\Config\Routes\AdminRoutes::App\Config\Routes\{closure}(Object(CodeIgniter\Router\RouteCollection))
 4 APPPATH\Config\Routes\AdminRoutes.php(63): CodeIgniter\Router\RouteCollection->group('settings', [...], Object(Closure))
 5 SYSTEMPATH\Router\RouteCollection.php(800): App\Config\Routes\AdminRoutes::App\Config\Routes\{closure}(Object(CodeIgniter\Router\RouteCollection))
 6 APPPATH\Config\Routes\AdminRoutes.php(28): CodeIgniter\Router\RouteCollection->group('admin', [...], Object(Closure))
 7 APPPATH\Config\Routes.php(20): App\Config\Routes\AdminRoutes::init(Object(CodeIgniter\Router\RouteCollection))
 8 SYSTEMPATH\Router\RouteCollection.php(340): require('C:\\xampp\\htdocs\\smartstore\\app\\Config\\Routes.php')
 9 SYSTEMPATH\CodeIgniter.php(823): CodeIgniter\Router\RouteCollection->loadRoutes()
10 SYSTEMPATH\CodeIgniter.php(457): CodeIgniter\CodeIgniter->tryToRouteIt(null)
11 SYSTEMPATH\CodeIgniter.php(355): CodeIgniter\CodeIgniter->handleRequest(null, Object(Config\Cache), false)
12 SYSTEMPATH\Boot.php(325): CodeIgniter\CodeIgniter->run()
13 SYSTEMPATH\Boot.php(67): CodeIgniter\Boot::runCodeIgniter(Object(CodeIgniter\CodeIgniter))
14 FCPATH\index.php(63): CodeIgniter\Boot::bootWeb(Object(Config\Paths))
WARNING - 2025-06-07 13:40:14 --> [DEPRECATED] Passing lowercase HTTP method "post" is deprecated. Use uppercase HTTP method like "POST". in SYSTEMPATH\Router\RouteCollection.php on line 1027.
 1 SYSTEMPATH\Router\RouteCollection.php(1027): trigger_error('Passing lowercase HTTP method "post" is deprecated. Use uppercase HTTP method like "POST".', 16384)
 2 APPPATH\Config\Routes\AdminRoutes.php(65): CodeIgniter\Router\RouteCollection->match([...], 'send_test_mail', 'SettingsController::send_test_mail')
 3 SYSTEMPATH\Router\RouteCollection.php(800): App\Config\Routes\AdminRoutes::App\Config\Routes\{closure}(Object(CodeIgniter\Router\RouteCollection))
 4 APPPATH\Config\Routes\AdminRoutes.php(63): CodeIgniter\Router\RouteCollection->group('settings', [...], Object(Closure))
 5 SYSTEMPATH\Router\RouteCollection.php(800): App\Config\Routes\AdminRoutes::App\Config\Routes\{closure}(Object(CodeIgniter\Router\RouteCollection))
 6 APPPATH\Config\Routes\AdminRoutes.php(28): CodeIgniter\Router\RouteCollection->group('admin', [...], Object(Closure))
 7 APPPATH\Config\Routes.php(20): App\Config\Routes\AdminRoutes::init(Object(CodeIgniter\Router\RouteCollection))
 8 SYSTEMPATH\Router\RouteCollection.php(340): require('C:\\xampp\\htdocs\\smartstore\\app\\Config\\Routes.php')
 9 SYSTEMPATH\CodeIgniter.php(823): CodeIgniter\Router\RouteCollection->loadRoutes()
10 SYSTEMPATH\CodeIgniter.php(457): CodeIgniter\CodeIgniter->tryToRouteIt(null)
11 SYSTEMPATH\CodeIgniter.php(355): CodeIgniter\CodeIgniter->handleRequest(null, Object(Config\Cache), false)
12 SYSTEMPATH\Boot.php(325): CodeIgniter\CodeIgniter->run()
13 SYSTEMPATH\Boot.php(67): CodeIgniter\Boot::runCodeIgniter(Object(CodeIgniter\CodeIgniter))
14 FCPATH\index.php(63): CodeIgniter\Boot::bootWeb(Object(Config\Paths))
WARNING - 2025-06-07 13:40:14 --> [DEPRECATED] Passing lowercase HTTP method "get" is deprecated. Use uppercase HTTP method like "GET". in SYSTEMPATH\Router\RouteCollection.php on line 1027.
 1 SYSTEMPATH\Router\RouteCollection.php(1027): trigger_error('Passing lowercase HTTP method "get" is deprecated. Use uppercase HTTP method like "GET".', 16384)
 2 APPPATH\Config\Routes\AdminRoutes.php(76): CodeIgniter\Router\RouteCollection->match([...], 'elfinder_connector', 'FilemanagerController::elfinder_connector')
 3 SYSTEMPATH\Router\RouteCollection.php(800): App\Config\Routes\AdminRoutes::App\Config\Routes\{closure}(Object(CodeIgniter\Router\RouteCollection))
 4 APPPATH\Config\Routes\AdminRoutes.php(73): CodeIgniter\Router\RouteCollection->group('filemanager', [...], Object(Closure))
 5 SYSTEMPATH\Router\RouteCollection.php(800): App\Config\Routes\AdminRoutes::App\Config\Routes\{closure}(Object(CodeIgniter\Router\RouteCollection))
 6 APPPATH\Config\Routes\AdminRoutes.php(28): CodeIgniter\Router\RouteCollection->group('admin', [...], Object(Closure))
 7 APPPATH\Config\Routes.php(20): App\Config\Routes\AdminRoutes::init(Object(CodeIgniter\Router\RouteCollection))
 8 SYSTEMPATH\Router\RouteCollection.php(340): require('C:\\xampp\\htdocs\\smartstore\\app\\Config\\Routes.php')
 9 SYSTEMPATH\CodeIgniter.php(823): CodeIgniter\Router\RouteCollection->loadRoutes()
10 SYSTEMPATH\CodeIgniter.php(457): CodeIgniter\CodeIgniter->tryToRouteIt(null)
11 SYSTEMPATH\CodeIgniter.php(355): CodeIgniter\CodeIgniter->handleRequest(null, Object(Config\Cache), false)
12 SYSTEMPATH\Boot.php(325): CodeIgniter\CodeIgniter->run()
13 SYSTEMPATH\Boot.php(67): CodeIgniter\Boot::runCodeIgniter(Object(CodeIgniter\CodeIgniter))
14 FCPATH\index.php(63): CodeIgniter\Boot::bootWeb(Object(Config\Paths))
WARNING - 2025-06-07 13:40:14 --> [DEPRECATED] Passing lowercase HTTP method "post" is deprecated. Use uppercase HTTP method like "POST". in SYSTEMPATH\Router\RouteCollection.php on line 1027.
 1 SYSTEMPATH\Router\RouteCollection.php(1027): trigger_error('Passing lowercase HTTP method "post" is deprecated. Use uppercase HTTP method like "POST".', 16384)
 2 APPPATH\Config\Routes\AdminRoutes.php(76): CodeIgniter\Router\RouteCollection->match([...], 'elfinder_connector', 'FilemanagerController::elfinder_connector')
 3 SYSTEMPATH\Router\RouteCollection.php(800): App\Config\Routes\AdminRoutes::App\Config\Routes\{closure}(Object(CodeIgniter\Router\RouteCollection))
 4 APPPATH\Config\Routes\AdminRoutes.php(73): CodeIgniter\Router\RouteCollection->group('filemanager', [...], Object(Closure))
 5 SYSTEMPATH\Router\RouteCollection.php(800): App\Config\Routes\AdminRoutes::App\Config\Routes\{closure}(Object(CodeIgniter\Router\RouteCollection))
 6 APPPATH\Config\Routes\AdminRoutes.php(28): CodeIgniter\Router\RouteCollection->group('admin', [...], Object(Closure))
 7 APPPATH\Config\Routes.php(20): App\Config\Routes\AdminRoutes::init(Object(CodeIgniter\Router\RouteCollection))
 8 SYSTEMPATH\Router\RouteCollection.php(340): require('C:\\xampp\\htdocs\\smartstore\\app\\Config\\Routes.php')
 9 SYSTEMPATH\CodeIgniter.php(823): CodeIgniter\Router\RouteCollection->loadRoutes()
10 SYSTEMPATH\CodeIgniter.php(457): CodeIgniter\CodeIgniter->tryToRouteIt(null)
11 SYSTEMPATH\CodeIgniter.php(355): CodeIgniter\CodeIgniter->handleRequest(null, Object(Config\Cache), false)
12 SYSTEMPATH\Boot.php(325): CodeIgniter\CodeIgniter->run()
13 SYSTEMPATH\Boot.php(67): CodeIgniter\Boot::runCodeIgniter(Object(CodeIgniter\CodeIgniter))
14 FCPATH\index.php(63): CodeIgniter\Boot::bootWeb(Object(Config\Paths))
WARNING - 2025-06-07 13:40:14 --> [DEPRECATED] Passing lowercase HTTP method "get" is deprecated. Use uppercase HTTP method like "GET". in SYSTEMPATH\Router\RouteCollection.php on line 1027.
 1 SYSTEMPATH\Router\RouteCollection.php(1027): trigger_error('Passing lowercase HTTP method "get" is deprecated. Use uppercase HTTP method like "GET".', 16384)
 2 APPPATH\Config\Routes\AdminRoutes.php(172): CodeIgniter\Router\RouteCollection->match([...], 'sync_services/?(:num)?', 'ProvidersController::sync_services/$1')
 3 SYSTEMPATH\Router\RouteCollection.php(800): App\Config\Routes\AdminRoutes::App\Config\Routes\{closure}(Object(CodeIgniter\Router\RouteCollection))
 4 APPPATH\Config\Routes\AdminRoutes.php(167): CodeIgniter\Router\RouteCollection->group('providers', [...], Object(Closure))
 5 SYSTEMPATH\Router\RouteCollection.php(800): App\Config\Routes\AdminRoutes::App\Config\Routes\{closure}(Object(CodeIgniter\Router\RouteCollection))
 6 APPPATH\Config\Routes\AdminRoutes.php(28): CodeIgniter\Router\RouteCollection->group('admin', [...], Object(Closure))
 7 APPPATH\Config\Routes.php(20): App\Config\Routes\AdminRoutes::init(Object(CodeIgniter\Router\RouteCollection))
 8 SYSTEMPATH\Router\RouteCollection.php(340): require('C:\\xampp\\htdocs\\smartstore\\app\\Config\\Routes.php')
 9 SYSTEMPATH\CodeIgniter.php(823): CodeIgniter\Router\RouteCollection->loadRoutes()
10 SYSTEMPATH\CodeIgniter.php(457): CodeIgniter\CodeIgniter->tryToRouteIt(null)
11 SYSTEMPATH\CodeIgniter.php(355): CodeIgniter\CodeIgniter->handleRequest(null, Object(Config\Cache), false)
12 SYSTEMPATH\Boot.php(325): CodeIgniter\CodeIgniter->run()
13 SYSTEMPATH\Boot.php(67): CodeIgniter\Boot::runCodeIgniter(Object(CodeIgniter\CodeIgniter))
14 FCPATH\index.php(63): CodeIgniter\Boot::bootWeb(Object(Config\Paths))
WARNING - 2025-06-07 13:40:14 --> [DEPRECATED] Passing lowercase HTTP method "post" is deprecated. Use uppercase HTTP method like "POST". in SYSTEMPATH\Router\RouteCollection.php on line 1027.
 1 SYSTEMPATH\Router\RouteCollection.php(1027): trigger_error('Passing lowercase HTTP method "post" is deprecated. Use uppercase HTTP method like "POST".', 16384)
 2 APPPATH\Config\Routes\AdminRoutes.php(172): CodeIgniter\Router\RouteCollection->match([...], 'sync_services/?(:num)?', 'ProvidersController::sync_services/$1')
 3 SYSTEMPATH\Router\RouteCollection.php(800): App\Config\Routes\AdminRoutes::App\Config\Routes\{closure}(Object(CodeIgniter\Router\RouteCollection))
 4 APPPATH\Config\Routes\AdminRoutes.php(167): CodeIgniter\Router\RouteCollection->group('providers', [...], Object(Closure))
 5 SYSTEMPATH\Router\RouteCollection.php(800): App\Config\Routes\AdminRoutes::App\Config\Routes\{closure}(Object(CodeIgniter\Router\RouteCollection))
 6 APPPATH\Config\Routes\AdminRoutes.php(28): CodeIgniter\Router\RouteCollection->group('admin', [...], Object(Closure))
 7 APPPATH\Config\Routes.php(20): App\Config\Routes\AdminRoutes::init(Object(CodeIgniter\Router\RouteCollection))
 8 SYSTEMPATH\Router\RouteCollection.php(340): require('C:\\xampp\\htdocs\\smartstore\\app\\Config\\Routes.php')
 9 SYSTEMPATH\CodeIgniter.php(823): CodeIgniter\Router\RouteCollection->loadRoutes()
10 SYSTEMPATH\CodeIgniter.php(457): CodeIgniter\CodeIgniter->tryToRouteIt(null)
11 SYSTEMPATH\CodeIgniter.php(355): CodeIgniter\CodeIgniter->handleRequest(null, Object(Config\Cache), false)
12 SYSTEMPATH\Boot.php(325): CodeIgniter\CodeIgniter->run()
13 SYSTEMPATH\Boot.php(67): CodeIgniter\Boot::runCodeIgniter(Object(CodeIgniter\CodeIgniter))
14 FCPATH\index.php(63): CodeIgniter\Boot::bootWeb(Object(Config\Paths))
WARNING - 2025-06-07 13:40:14 --> [DEPRECATED] Passing lowercase HTTP method "get" is deprecated. Use uppercase HTTP method like "GET". in SYSTEMPATH\Router\RouteCollection.php on line 1027.
 1 SYSTEMPATH\Router\RouteCollection.php(1027): trigger_error('Passing lowercase HTTP method "get" is deprecated. Use uppercase HTTP method like "GET".', 16384)
 2 APPPATH\Config\Routes\AdminRoutes.php(185): CodeIgniter\Router\RouteCollection->match([...], 'add_note/?(:num)?', 'UsersController::add_note/$1')
 3 SYSTEMPATH\Router\RouteCollection.php(800): App\Config\Routes\AdminRoutes::App\Config\Routes\{closure}(Object(CodeIgniter\Router\RouteCollection))
 4 APPPATH\Config\Routes\AdminRoutes.php(182): CodeIgniter\Router\RouteCollection->group('users', [...], Object(Closure))
 5 SYSTEMPATH\Router\RouteCollection.php(800): App\Config\Routes\AdminRoutes::App\Config\Routes\{closure}(Object(CodeIgniter\Router\RouteCollection))
 6 APPPATH\Config\Routes\AdminRoutes.php(28): CodeIgniter\Router\RouteCollection->group('admin', [...], Object(Closure))
 7 APPPATH\Config\Routes.php(20): App\Config\Routes\AdminRoutes::init(Object(CodeIgniter\Router\RouteCollection))
 8 SYSTEMPATH\Router\RouteCollection.php(340): require('C:\\xampp\\htdocs\\smartstore\\app\\Config\\Routes.php')
 9 SYSTEMPATH\CodeIgniter.php(823): CodeIgniter\Router\RouteCollection->loadRoutes()
10 SYSTEMPATH\CodeIgniter.php(457): CodeIgniter\CodeIgniter->tryToRouteIt(null)
11 SYSTEMPATH\CodeIgniter.php(355): CodeIgniter\CodeIgniter->handleRequest(null, Object(Config\Cache), false)
12 SYSTEMPATH\Boot.php(325): CodeIgniter\CodeIgniter->run()
13 SYSTEMPATH\Boot.php(67): CodeIgniter\Boot::runCodeIgniter(Object(CodeIgniter\CodeIgniter))
14 FCPATH\index.php(63): CodeIgniter\Boot::bootWeb(Object(Config\Paths))
WARNING - 2025-06-07 13:40:14 --> [DEPRECATED] Passing lowercase HTTP method "post" is deprecated. Use uppercase HTTP method like "POST". in SYSTEMPATH\Router\RouteCollection.php on line 1027.
 1 SYSTEMPATH\Router\RouteCollection.php(1027): trigger_error('Passing lowercase HTTP method "post" is deprecated. Use uppercase HTTP method like "POST".', 16384)
 2 APPPATH\Config\Routes\AdminRoutes.php(185): CodeIgniter\Router\RouteCollection->match([...], 'add_note/?(:num)?', 'UsersController::add_note/$1')
 3 SYSTEMPATH\Router\RouteCollection.php(800): App\Config\Routes\AdminRoutes::App\Config\Routes\{closure}(Object(CodeIgniter\Router\RouteCollection))
 4 APPPATH\Config\Routes\AdminRoutes.php(182): CodeIgniter\Router\RouteCollection->group('users', [...], Object(Closure))
 5 SYSTEMPATH\Router\RouteCollection.php(800): App\Config\Routes\AdminRoutes::App\Config\Routes\{closure}(Object(CodeIgniter\Router\RouteCollection))
 6 APPPATH\Config\Routes\AdminRoutes.php(28): CodeIgniter\Router\RouteCollection->group('admin', [...], Object(Closure))
 7 APPPATH\Config\Routes.php(20): App\Config\Routes\AdminRoutes::init(Object(CodeIgniter\Router\RouteCollection))
 8 SYSTEMPATH\Router\RouteCollection.php(340): require('C:\\xampp\\htdocs\\smartstore\\app\\Config\\Routes.php')
 9 SYSTEMPATH\CodeIgniter.php(823): CodeIgniter\Router\RouteCollection->loadRoutes()
10 SYSTEMPATH\CodeIgniter.php(457): CodeIgniter\CodeIgniter->tryToRouteIt(null)
11 SYSTEMPATH\CodeIgniter.php(355): CodeIgniter\CodeIgniter->handleRequest(null, Object(Config\Cache), false)
12 SYSTEMPATH\Boot.php(325): CodeIgniter\CodeIgniter->run()
13 SYSTEMPATH\Boot.php(67): CodeIgniter\Boot::runCodeIgniter(Object(CodeIgniter\CodeIgniter))
14 FCPATH\index.php(63): CodeIgniter\Boot::bootWeb(Object(Config\Paths))
WARNING - 2025-06-07 13:40:14 --> [DEPRECATED] Passing lowercase HTTP method "get" is deprecated. Use uppercase HTTP method like "GET". in SYSTEMPATH\Router\RouteCollection.php on line 1027.
 1 SYSTEMPATH\Router\RouteCollection.php(1027): trigger_error('Passing lowercase HTTP method "get" is deprecated. Use uppercase HTTP method like "GET".', 16384)
 2 APPPATH\Config\Routes\AdminRoutes.php(186): CodeIgniter\Router\RouteCollection->match([...], 'send_mail/?(:num)?', 'UsersController::send_mail/$1')
 3 SYSTEMPATH\Router\RouteCollection.php(800): App\Config\Routes\AdminRoutes::App\Config\Routes\{closure}(Object(CodeIgniter\Router\RouteCollection))
 4 APPPATH\Config\Routes\AdminRoutes.php(182): CodeIgniter\Router\RouteCollection->group('users', [...], Object(Closure))
 5 SYSTEMPATH\Router\RouteCollection.php(800): App\Config\Routes\AdminRoutes::App\Config\Routes\{closure}(Object(CodeIgniter\Router\RouteCollection))
 6 APPPATH\Config\Routes\AdminRoutes.php(28): CodeIgniter\Router\RouteCollection->group('admin', [...], Object(Closure))
 7 APPPATH\Config\Routes.php(20): App\Config\Routes\AdminRoutes::init(Object(CodeIgniter\Router\RouteCollection))
 8 SYSTEMPATH\Router\RouteCollection.php(340): require('C:\\xampp\\htdocs\\smartstore\\app\\Config\\Routes.php')
 9 SYSTEMPATH\CodeIgniter.php(823): CodeIgniter\Router\RouteCollection->loadRoutes()
10 SYSTEMPATH\CodeIgniter.php(457): CodeIgniter\CodeIgniter->tryToRouteIt(null)
11 SYSTEMPATH\CodeIgniter.php(355): CodeIgniter\CodeIgniter->handleRequest(null, Object(Config\Cache), false)
12 SYSTEMPATH\Boot.php(325): CodeIgniter\CodeIgniter->run()
13 SYSTEMPATH\Boot.php(67): CodeIgniter\Boot::runCodeIgniter(Object(CodeIgniter\CodeIgniter))
14 FCPATH\index.php(63): CodeIgniter\Boot::bootWeb(Object(Config\Paths))
WARNING - 2025-06-07 13:40:14 --> [DEPRECATED] Passing lowercase HTTP method "post" is deprecated. Use uppercase HTTP method like "POST". in SYSTEMPATH\Router\RouteCollection.php on line 1027.
 1 SYSTEMPATH\Router\RouteCollection.php(1027): trigger_error('Passing lowercase HTTP method "post" is deprecated. Use uppercase HTTP method like "POST".', 16384)
 2 APPPATH\Config\Routes\AdminRoutes.php(186): CodeIgniter\Router\RouteCollection->match([...], 'send_mail/?(:num)?', 'UsersController::send_mail/$1')
 3 SYSTEMPATH\Router\RouteCollection.php(800): App\Config\Routes\AdminRoutes::App\Config\Routes\{closure}(Object(CodeIgniter\Router\RouteCollection))
 4 APPPATH\Config\Routes\AdminRoutes.php(182): CodeIgniter\Router\RouteCollection->group('users', [...], Object(Closure))
 5 SYSTEMPATH\Router\RouteCollection.php(800): App\Config\Routes\AdminRoutes::App\Config\Routes\{closure}(Object(CodeIgniter\Router\RouteCollection))
 6 APPPATH\Config\Routes\AdminRoutes.php(28): CodeIgniter\Router\RouteCollection->group('admin', [...], Object(Closure))
 7 APPPATH\Config\Routes.php(20): App\Config\Routes\AdminRoutes::init(Object(CodeIgniter\Router\RouteCollection))
 8 SYSTEMPATH\Router\RouteCollection.php(340): require('C:\\xampp\\htdocs\\smartstore\\app\\Config\\Routes.php')
 9 SYSTEMPATH\CodeIgniter.php(823): CodeIgniter\Router\RouteCollection->loadRoutes()
10 SYSTEMPATH\CodeIgniter.php(457): CodeIgniter\CodeIgniter->tryToRouteIt(null)
11 SYSTEMPATH\CodeIgniter.php(355): CodeIgniter\CodeIgniter->handleRequest(null, Object(Config\Cache), false)
12 SYSTEMPATH\Boot.php(325): CodeIgniter\CodeIgniter->run()
13 SYSTEMPATH\Boot.php(67): CodeIgniter\Boot::runCodeIgniter(Object(CodeIgniter\CodeIgniter))
14 FCPATH\index.php(63): CodeIgniter\Boot::bootWeb(Object(Config\Paths))
WARNING - 2025-06-07 13:40:14 --> [DEPRECATED] Passing lowercase HTTP method "get" is deprecated. Use uppercase HTTP method like "GET". in SYSTEMPATH\Router\RouteCollection.php on line 1027.
 1 SYSTEMPATH\Router\RouteCollection.php(1027): trigger_error('Passing lowercase HTTP method "get" is deprecated. Use uppercase HTTP method like "GET".', 16384)
 2 APPPATH\Config\Routes\AdminRoutes.php(215): CodeIgniter\Router\RouteCollection->match([...], 'send_mail/?(:num)?', 'TicketsController::send_mail/$1')
 3 SYSTEMPATH\Router\RouteCollection.php(800): App\Config\Routes\AdminRoutes::App\Config\Routes\{closure}(Object(CodeIgniter\Router\RouteCollection))
 4 APPPATH\Config\Routes\AdminRoutes.php(212): CodeIgniter\Router\RouteCollection->group('tickets', [...], Object(Closure))
 5 SYSTEMPATH\Router\RouteCollection.php(800): App\Config\Routes\AdminRoutes::App\Config\Routes\{closure}(Object(CodeIgniter\Router\RouteCollection))
 6 APPPATH\Config\Routes\AdminRoutes.php(28): CodeIgniter\Router\RouteCollection->group('admin', [...], Object(Closure))
 7 APPPATH\Config\Routes.php(20): App\Config\Routes\AdminRoutes::init(Object(CodeIgniter\Router\RouteCollection))
 8 SYSTEMPATH\Router\RouteCollection.php(340): require('C:\\xampp\\htdocs\\smartstore\\app\\Config\\Routes.php')
 9 SYSTEMPATH\CodeIgniter.php(823): CodeIgniter\Router\RouteCollection->loadRoutes()
10 SYSTEMPATH\CodeIgniter.php(457): CodeIgniter\CodeIgniter->tryToRouteIt(null)
11 SYSTEMPATH\CodeIgniter.php(355): CodeIgniter\CodeIgniter->handleRequest(null, Object(Config\Cache), false)
12 SYSTEMPATH\Boot.php(325): CodeIgniter\CodeIgniter->run()
13 SYSTEMPATH\Boot.php(67): CodeIgniter\Boot::runCodeIgniter(Object(CodeIgniter\CodeIgniter))
14 FCPATH\index.php(63): CodeIgniter\Boot::bootWeb(Object(Config\Paths))
WARNING - 2025-06-07 13:40:14 --> [DEPRECATED] Passing lowercase HTTP method "post" is deprecated. Use uppercase HTTP method like "POST". in SYSTEMPATH\Router\RouteCollection.php on line 1027.
 1 SYSTEMPATH\Router\RouteCollection.php(1027): trigger_error('Passing lowercase HTTP method "post" is deprecated. Use uppercase HTTP method like "POST".', 16384)
 2 APPPATH\Config\Routes\AdminRoutes.php(215): CodeIgniter\Router\RouteCollection->match([...], 'send_mail/?(:num)?', 'TicketsController::send_mail/$1')
 3 SYSTEMPATH\Router\RouteCollection.php(800): App\Config\Routes\AdminRoutes::App\Config\Routes\{closure}(Object(CodeIgniter\Router\RouteCollection))
 4 APPPATH\Config\Routes\AdminRoutes.php(212): CodeIgniter\Router\RouteCollection->group('tickets', [...], Object(Closure))
 5 SYSTEMPATH\Router\RouteCollection.php(800): App\Config\Routes\AdminRoutes::App\Config\Routes\{closure}(Object(CodeIgniter\Router\RouteCollection))
 6 APPPATH\Config\Routes\AdminRoutes.php(28): CodeIgniter\Router\RouteCollection->group('admin', [...], Object(Closure))
 7 APPPATH\Config\Routes.php(20): App\Config\Routes\AdminRoutes::init(Object(CodeIgniter\Router\RouteCollection))
 8 SYSTEMPATH\Router\RouteCollection.php(340): require('C:\\xampp\\htdocs\\smartstore\\app\\Config\\Routes.php')
 9 SYSTEMPATH\CodeIgniter.php(823): CodeIgniter\Router\RouteCollection->loadRoutes()
10 SYSTEMPATH\CodeIgniter.php(457): CodeIgniter\CodeIgniter->tryToRouteIt(null)
11 SYSTEMPATH\CodeIgniter.php(355): CodeIgniter\CodeIgniter->handleRequest(null, Object(Config\Cache), false)
12 SYSTEMPATH\Boot.php(325): CodeIgniter\CodeIgniter->run()
13 SYSTEMPATH\Boot.php(67): CodeIgniter\Boot::runCodeIgniter(Object(CodeIgniter\CodeIgniter))
14 FCPATH\index.php(63): CodeIgniter\Boot::bootWeb(Object(Config\Paths))
WARNING - 2025-06-07 13:40:14 --> [DEPRECATED] Passing lowercase HTTP method "get" is deprecated. Use uppercase HTTP method like "GET". in SYSTEMPATH\Router\RouteCollection.php on line 1027.
 1 SYSTEMPATH\Router\RouteCollection.php(1027): trigger_error('Passing lowercase HTTP method "get" is deprecated. Use uppercase HTTP method like "GET".', 16384)
 2 APPPATH\Config\Routes\UserRoutes.php(49): CodeIgniter\Router\RouteCollection->match([...], 'submit_review', 'ClientController::submit_review', [...])
 3 APPPATH\Config\Routes\UserRoutes.php(23): App\Config\Routes\UserRoutes::defineRoutes(Object(CodeIgniter\Router\RouteCollection))
 4 APPPATH\Config\Routes.php(21): App\Config\Routes\UserRoutes::init(Object(CodeIgniter\Router\RouteCollection))
 5 SYSTEMPATH\Router\RouteCollection.php(340): require('C:\\xampp\\htdocs\\smartstore\\app\\Config\\Routes.php')
 6 SYSTEMPATH\CodeIgniter.php(823): CodeIgniter\Router\RouteCollection->loadRoutes()
 7 SYSTEMPATH\CodeIgniter.php(457): CodeIgniter\CodeIgniter->tryToRouteIt(null)
 8 SYSTEMPATH\CodeIgniter.php(355): CodeIgniter\CodeIgniter->handleRequest(null, Object(Config\Cache), false)
 9 SYSTEMPATH\Boot.php(325): CodeIgniter\CodeIgniter->run()
10 SYSTEMPATH\Boot.php(67): CodeIgniter\Boot::runCodeIgniter(Object(CodeIgniter\CodeIgniter))
11 FCPATH\index.php(63): CodeIgniter\Boot::bootWeb(Object(Config\Paths))
WARNING - 2025-06-07 13:40:14 --> [DEPRECATED] Passing lowercase HTTP method "post" is deprecated. Use uppercase HTTP method like "POST". in SYSTEMPATH\Router\RouteCollection.php on line 1027.
 1 SYSTEMPATH\Router\RouteCollection.php(1027): trigger_error('Passing lowercase HTTP method "post" is deprecated. Use uppercase HTTP method like "POST".', 16384)
 2 APPPATH\Config\Routes\UserRoutes.php(49): CodeIgniter\Router\RouteCollection->match([...], 'submit_review', 'ClientController::submit_review', [...])
 3 APPPATH\Config\Routes\UserRoutes.php(23): App\Config\Routes\UserRoutes::defineRoutes(Object(CodeIgniter\Router\RouteCollection))
 4 APPPATH\Config\Routes.php(21): App\Config\Routes\UserRoutes::init(Object(CodeIgniter\Router\RouteCollection))
 5 SYSTEMPATH\Router\RouteCollection.php(340): require('C:\\xampp\\htdocs\\smartstore\\app\\Config\\Routes.php')
 6 SYSTEMPATH\CodeIgniter.php(823): CodeIgniter\Router\RouteCollection->loadRoutes()
 7 SYSTEMPATH\CodeIgniter.php(457): CodeIgniter\CodeIgniter->tryToRouteIt(null)
 8 SYSTEMPATH\CodeIgniter.php(355): CodeIgniter\CodeIgniter->handleRequest(null, Object(Config\Cache), false)
 9 SYSTEMPATH\Boot.php(325): CodeIgniter\CodeIgniter->run()
10 SYSTEMPATH\Boot.php(67): CodeIgniter\Boot::runCodeIgniter(Object(CodeIgniter\CodeIgniter))
11 FCPATH\index.php(63): CodeIgniter\Boot::bootWeb(Object(Config\Paths))
WARNING - 2025-06-07 13:40:14 --> [DEPRECATED] Passing lowercase HTTP method "get" is deprecated. Use uppercase HTTP method like "GET". in SYSTEMPATH\Router\RouteCollection.php on line 1027.
 1 SYSTEMPATH\Router\RouteCollection.php(1027): trigger_error('Passing lowercase HTTP method "get" is deprecated. Use uppercase HTTP method like "GET".', 16384)
 2 APPPATH\Config\Routes\UserRoutes.php(63): CodeIgniter\Router\RouteCollection->match([...], 'track-order', 'OrderController::track_order', [...])
 3 APPPATH\Config\Routes\UserRoutes.php(23): App\Config\Routes\UserRoutes::defineRoutes(Object(CodeIgniter\Router\RouteCollection))
 4 APPPATH\Config\Routes.php(21): App\Config\Routes\UserRoutes::init(Object(CodeIgniter\Router\RouteCollection))
 5 SYSTEMPATH\Router\RouteCollection.php(340): require('C:\\xampp\\htdocs\\smartstore\\app\\Config\\Routes.php')
 6 SYSTEMPATH\CodeIgniter.php(823): CodeIgniter\Router\RouteCollection->loadRoutes()
 7 SYSTEMPATH\CodeIgniter.php(457): CodeIgniter\CodeIgniter->tryToRouteIt(null)
 8 SYSTEMPATH\CodeIgniter.php(355): CodeIgniter\CodeIgniter->handleRequest(null, Object(Config\Cache), false)
 9 SYSTEMPATH\Boot.php(325): CodeIgniter\CodeIgniter->run()
10 SYSTEMPATH\Boot.php(67): CodeIgniter\Boot::runCodeIgniter(Object(CodeIgniter\CodeIgniter))
11 FCPATH\index.php(63): CodeIgniter\Boot::bootWeb(Object(Config\Paths))
WARNING - 2025-06-07 13:40:14 --> [DEPRECATED] Passing lowercase HTTP method "post" is deprecated. Use uppercase HTTP method like "POST". in SYSTEMPATH\Router\RouteCollection.php on line 1027.
 1 SYSTEMPATH\Router\RouteCollection.php(1027): trigger_error('Passing lowercase HTTP method "post" is deprecated. Use uppercase HTTP method like "POST".', 16384)
 2 APPPATH\Config\Routes\UserRoutes.php(63): CodeIgniter\Router\RouteCollection->match([...], 'track-order', 'OrderController::track_order', [...])
 3 APPPATH\Config\Routes\UserRoutes.php(23): App\Config\Routes\UserRoutes::defineRoutes(Object(CodeIgniter\Router\RouteCollection))
 4 APPPATH\Config\Routes.php(21): App\Config\Routes\UserRoutes::init(Object(CodeIgniter\Router\RouteCollection))
 5 SYSTEMPATH\Router\RouteCollection.php(340): require('C:\\xampp\\htdocs\\smartstore\\app\\Config\\Routes.php')
 6 SYSTEMPATH\CodeIgniter.php(823): CodeIgniter\Router\RouteCollection->loadRoutes()
 7 SYSTEMPATH\CodeIgniter.php(457): CodeIgniter\CodeIgniter->tryToRouteIt(null)
 8 SYSTEMPATH\CodeIgniter.php(355): CodeIgniter\CodeIgniter->handleRequest(null, Object(Config\Cache), false)
 9 SYSTEMPATH\Boot.php(325): CodeIgniter\CodeIgniter->run()
10 SYSTEMPATH\Boot.php(67): CodeIgniter\Boot::runCodeIgniter(Object(CodeIgniter\CodeIgniter))
11 FCPATH\index.php(63): CodeIgniter\Boot::bootWeb(Object(Config\Paths))
WARNING - 2025-06-07 13:40:14 --> [DEPRECATED] Passing lowercase HTTP method "get" is deprecated. Use uppercase HTTP method like "GET". in SYSTEMPATH\Router\RouteCollection.php on line 1027.
 1 SYSTEMPATH\Router\RouteCollection.php(1027): trigger_error('Passing lowercase HTTP method "get" is deprecated. Use uppercase HTTP method like "GET".', 16384)
 2 APPPATH\Config\Routes\UserRoutes.php(49): CodeIgniter\Router\RouteCollection->match([...], 'submit_review', 'ClientController::submit_review', [...])
 3 APPPATH\Config\Routes\UserRoutes.php(26): App\Config\Routes\UserRoutes::defineRoutes(Object(CodeIgniter\Router\RouteCollection))
 4 SYSTEMPATH\Router\RouteCollection.php(800): App\Config\Routes\UserRoutes::App\Config\Routes\{closure}(Object(CodeIgniter\Router\RouteCollection))
 5 APPPATH\Config\Routes\UserRoutes.php(25): CodeIgniter\Router\RouteCollection->group('{locale}', Object(Closure))
 6 APPPATH\Config\Routes.php(21): App\Config\Routes\UserRoutes::init(Object(CodeIgniter\Router\RouteCollection))
 7 SYSTEMPATH\Router\RouteCollection.php(340): require('C:\\xampp\\htdocs\\smartstore\\app\\Config\\Routes.php')
 8 SYSTEMPATH\CodeIgniter.php(823): CodeIgniter\Router\RouteCollection->loadRoutes()
 9 SYSTEMPATH\CodeIgniter.php(457): CodeIgniter\CodeIgniter->tryToRouteIt(null)
10 SYSTEMPATH\CodeIgniter.php(355): CodeIgniter\CodeIgniter->handleRequest(null, Object(Config\Cache), false)
11 SYSTEMPATH\Boot.php(325): CodeIgniter\CodeIgniter->run()
12 SYSTEMPATH\Boot.php(67): CodeIgniter\Boot::runCodeIgniter(Object(CodeIgniter\CodeIgniter))
13 FCPATH\index.php(63): CodeIgniter\Boot::bootWeb(Object(Config\Paths))
WARNING - 2025-06-07 13:40:14 --> [DEPRECATED] Passing lowercase HTTP method "post" is deprecated. Use uppercase HTTP method like "POST". in SYSTEMPATH\Router\RouteCollection.php on line 1027.
 1 SYSTEMPATH\Router\RouteCollection.php(1027): trigger_error('Passing lowercase HTTP method "post" is deprecated. Use uppercase HTTP method like "POST".', 16384)
 2 APPPATH\Config\Routes\UserRoutes.php(49): CodeIgniter\Router\RouteCollection->match([...], 'submit_review', 'ClientController::submit_review', [...])
 3 APPPATH\Config\Routes\UserRoutes.php(26): App\Config\Routes\UserRoutes::defineRoutes(Object(CodeIgniter\Router\RouteCollection))
 4 SYSTEMPATH\Router\RouteCollection.php(800): App\Config\Routes\UserRoutes::App\Config\Routes\{closure}(Object(CodeIgniter\Router\RouteCollection))
 5 APPPATH\Config\Routes\UserRoutes.php(25): CodeIgniter\Router\RouteCollection->group('{locale}', Object(Closure))
 6 APPPATH\Config\Routes.php(21): App\Config\Routes\UserRoutes::init(Object(CodeIgniter\Router\RouteCollection))
 7 SYSTEMPATH\Router\RouteCollection.php(340): require('C:\\xampp\\htdocs\\smartstore\\app\\Config\\Routes.php')
 8 SYSTEMPATH\CodeIgniter.php(823): CodeIgniter\Router\RouteCollection->loadRoutes()
 9 SYSTEMPATH\CodeIgniter.php(457): CodeIgniter\CodeIgniter->tryToRouteIt(null)
10 SYSTEMPATH\CodeIgniter.php(355): CodeIgniter\CodeIgniter->handleRequest(null, Object(Config\Cache), false)
11 SYSTEMPATH\Boot.php(325): CodeIgniter\CodeIgniter->run()
12 SYSTEMPATH\Boot.php(67): CodeIgniter\Boot::runCodeIgniter(Object(CodeIgniter\CodeIgniter))
13 FCPATH\index.php(63): CodeIgniter\Boot::bootWeb(Object(Config\Paths))
WARNING - 2025-06-07 13:40:15 --> [DEPRECATED] Passing lowercase HTTP method "get" is deprecated. Use uppercase HTTP method like "GET". in SYSTEMPATH\Router\RouteCollection.php on line 1027.
 1 SYSTEMPATH\Router\RouteCollection.php(1027): trigger_error('Passing lowercase HTTP method "get" is deprecated. Use uppercase HTTP method like "GET".', 16384)
 2 APPPATH\Config\Routes\UserRoutes.php(63): CodeIgniter\Router\RouteCollection->match([...], 'track-order', 'OrderController::track_order', [...])
 3 APPPATH\Config\Routes\UserRoutes.php(26): App\Config\Routes\UserRoutes::defineRoutes(Object(CodeIgniter\Router\RouteCollection))
 4 SYSTEMPATH\Router\RouteCollection.php(800): App\Config\Routes\UserRoutes::App\Config\Routes\{closure}(Object(CodeIgniter\Router\RouteCollection))
 5 APPPATH\Config\Routes\UserRoutes.php(25): CodeIgniter\Router\RouteCollection->group('{locale}', Object(Closure))
 6 APPPATH\Config\Routes.php(21): App\Config\Routes\UserRoutes::init(Object(CodeIgniter\Router\RouteCollection))
 7 SYSTEMPATH\Router\RouteCollection.php(340): require('C:\\xampp\\htdocs\\smartstore\\app\\Config\\Routes.php')
 8 SYSTEMPATH\CodeIgniter.php(823): CodeIgniter\Router\RouteCollection->loadRoutes()
 9 SYSTEMPATH\CodeIgniter.php(457): CodeIgniter\CodeIgniter->tryToRouteIt(null)
10 SYSTEMPATH\CodeIgniter.php(355): CodeIgniter\CodeIgniter->handleRequest(null, Object(Config\Cache), false)
11 SYSTEMPATH\Boot.php(325): CodeIgniter\CodeIgniter->run()
12 SYSTEMPATH\Boot.php(67): CodeIgniter\Boot::runCodeIgniter(Object(CodeIgniter\CodeIgniter))
13 FCPATH\index.php(63): CodeIgniter\Boot::bootWeb(Object(Config\Paths))
WARNING - 2025-06-07 13:40:15 --> [DEPRECATED] Passing lowercase HTTP method "post" is deprecated. Use uppercase HTTP method like "POST". in SYSTEMPATH\Router\RouteCollection.php on line 1027.
 1 SYSTEMPATH\Router\RouteCollection.php(1027): trigger_error('Passing lowercase HTTP method "post" is deprecated. Use uppercase HTTP method like "POST".', 16384)
 2 APPPATH\Config\Routes\UserRoutes.php(63): CodeIgniter\Router\RouteCollection->match([...], 'track-order', 'OrderController::track_order', [...])
 3 APPPATH\Config\Routes\UserRoutes.php(26): App\Config\Routes\UserRoutes::defineRoutes(Object(CodeIgniter\Router\RouteCollection))
 4 SYSTEMPATH\Router\RouteCollection.php(800): App\Config\Routes\UserRoutes::App\Config\Routes\{closure}(Object(CodeIgniter\Router\RouteCollection))
 5 APPPATH\Config\Routes\UserRoutes.php(25): CodeIgniter\Router\RouteCollection->group('{locale}', Object(Closure))
 6 APPPATH\Config\Routes.php(21): App\Config\Routes\UserRoutes::init(Object(CodeIgniter\Router\RouteCollection))
 7 SYSTEMPATH\Router\RouteCollection.php(340): require('C:\\xampp\\htdocs\\smartstore\\app\\Config\\Routes.php')
 8 SYSTEMPATH\CodeIgniter.php(823): CodeIgniter\Router\RouteCollection->loadRoutes()
 9 SYSTEMPATH\CodeIgniter.php(457): CodeIgniter\CodeIgniter->tryToRouteIt(null)
10 SYSTEMPATH\CodeIgniter.php(355): CodeIgniter\CodeIgniter->handleRequest(null, Object(Config\Cache), false)
11 SYSTEMPATH\Boot.php(325): CodeIgniter\CodeIgniter->run()
12 SYSTEMPATH\Boot.php(67): CodeIgniter\Boot::runCodeIgniter(Object(CodeIgniter\CodeIgniter))
13 FCPATH\index.php(63): CodeIgniter\Boot::bootWeb(Object(Config\Paths))
INFO - 2025-06-07 13:40:15 --> Session: Class initialized using 'CodeIgniter\Session\Handlers\FileHandler' driver.
WARNING - 2025-06-07 13:40:15 --> [DEPRECATED] Creation of dynamic property App\Controllers\Public\PageController::$load_files is deprecated in APPPATH\Controllers\Public\PageController.php on line 21.
 1 SYSTEMPATH\CodeIgniter.php(903): App\Controllers\Public\PageController->__construct()
 2 SYSTEMPATH\CodeIgniter.php(500): CodeIgniter\CodeIgniter->createController()
 3 SYSTEMPATH\CodeIgniter.php(355): CodeIgniter\CodeIgniter->handleRequest(null, Object(Config\Cache), false)
 4 SYSTEMPATH\Boot.php(325): CodeIgniter\CodeIgniter->run()
 5 SYSTEMPATH\Boot.php(67): CodeIgniter\Boot::runCodeIgniter(Object(CodeIgniter\CodeIgniter))
 6 FCPATH\index.php(63): CodeIgniter\Boot::bootWeb(Object(Config\Paths))
WARNING - 2025-06-07 13:40:15 --> [DEPRECATED] Creation of dynamic property App\Controllers\Public\PageController::$page_title is deprecated in APPPATH\Controllers\Public\PageController.php on line 22.
 1 SYSTEMPATH\CodeIgniter.php(903): App\Controllers\Public\PageController->__construct()
 2 SYSTEMPATH\CodeIgniter.php(500): CodeIgniter\CodeIgniter->createController()
 3 SYSTEMPATH\CodeIgniter.php(355): CodeIgniter\CodeIgniter->handleRequest(null, Object(Config\Cache), false)
 4 SYSTEMPATH\Boot.php(325): CodeIgniter\CodeIgniter->run()
 5 SYSTEMPATH\Boot.php(67): CodeIgniter\Boot::runCodeIgniter(Object(CodeIgniter\CodeIgniter))
 6 FCPATH\index.php(63): CodeIgniter\Boot::bootWeb(Object(Config\Paths))
WARNING - 2025-06-07 13:45:18 --> [DEPRECATED] Passing lowercase HTTP method "get" is deprecated. Use uppercase HTTP method like "GET". in SYSTEMPATH\Router\RouteCollection.php on line 1027.
 1 SYSTEMPATH\Router\RouteCollection.php(1027): trigger_error('Passing lowercase HTTP method "get" is deprecated. Use uppercase HTTP method like "GET".', 16384)
 2 APPPATH\Config\Routes\AdminRoutes.php(65): CodeIgniter\Router\RouteCollection->match([...], 'send_test_mail', 'SettingsController::send_test_mail')
 3 SYSTEMPATH\Router\RouteCollection.php(800): App\Config\Routes\AdminRoutes::App\Config\Routes\{closure}(Object(CodeIgniter\Router\RouteCollection))
 4 APPPATH\Config\Routes\AdminRoutes.php(63): CodeIgniter\Router\RouteCollection->group('settings', [...], Object(Closure))
 5 SYSTEMPATH\Router\RouteCollection.php(800): App\Config\Routes\AdminRoutes::App\Config\Routes\{closure}(Object(CodeIgniter\Router\RouteCollection))
 6 APPPATH\Config\Routes\AdminRoutes.php(28): CodeIgniter\Router\RouteCollection->group('admin', [...], Object(Closure))
 7 APPPATH\Config\Routes.php(20): App\Config\Routes\AdminRoutes::init(Object(CodeIgniter\Router\RouteCollection))
 8 SYSTEMPATH\Router\RouteCollection.php(340): require('C:\\xampp\\htdocs\\smartstore\\app\\Config\\Routes.php')
 9 SYSTEMPATH\CodeIgniter.php(823): CodeIgniter\Router\RouteCollection->loadRoutes()
10 SYSTEMPATH\CodeIgniter.php(457): CodeIgniter\CodeIgniter->tryToRouteIt(null)
11 SYSTEMPATH\CodeIgniter.php(355): CodeIgniter\CodeIgniter->handleRequest(null, Object(Config\Cache), false)
12 SYSTEMPATH\Boot.php(325): CodeIgniter\CodeIgniter->run()
13 SYSTEMPATH\Boot.php(67): CodeIgniter\Boot::runCodeIgniter(Object(CodeIgniter\CodeIgniter))
14 FCPATH\index.php(63): CodeIgniter\Boot::bootWeb(Object(Config\Paths))
WARNING - 2025-06-07 13:45:18 --> [DEPRECATED] Passing lowercase HTTP method "post" is deprecated. Use uppercase HTTP method like "POST". in SYSTEMPATH\Router\RouteCollection.php on line 1027.
 1 SYSTEMPATH\Router\RouteCollection.php(1027): trigger_error('Passing lowercase HTTP method "post" is deprecated. Use uppercase HTTP method like "POST".', 16384)
 2 APPPATH\Config\Routes\AdminRoutes.php(65): CodeIgniter\Router\RouteCollection->match([...], 'send_test_mail', 'SettingsController::send_test_mail')
 3 SYSTEMPATH\Router\RouteCollection.php(800): App\Config\Routes\AdminRoutes::App\Config\Routes\{closure}(Object(CodeIgniter\Router\RouteCollection))
 4 APPPATH\Config\Routes\AdminRoutes.php(63): CodeIgniter\Router\RouteCollection->group('settings', [...], Object(Closure))
 5 SYSTEMPATH\Router\RouteCollection.php(800): App\Config\Routes\AdminRoutes::App\Config\Routes\{closure}(Object(CodeIgniter\Router\RouteCollection))
 6 APPPATH\Config\Routes\AdminRoutes.php(28): CodeIgniter\Router\RouteCollection->group('admin', [...], Object(Closure))
 7 APPPATH\Config\Routes.php(20): App\Config\Routes\AdminRoutes::init(Object(CodeIgniter\Router\RouteCollection))
 8 SYSTEMPATH\Router\RouteCollection.php(340): require('C:\\xampp\\htdocs\\smartstore\\app\\Config\\Routes.php')
 9 SYSTEMPATH\CodeIgniter.php(823): CodeIgniter\Router\RouteCollection->loadRoutes()
10 SYSTEMPATH\CodeIgniter.php(457): CodeIgniter\CodeIgniter->tryToRouteIt(null)
11 SYSTEMPATH\CodeIgniter.php(355): CodeIgniter\CodeIgniter->handleRequest(null, Object(Config\Cache), false)
12 SYSTEMPATH\Boot.php(325): CodeIgniter\CodeIgniter->run()
13 SYSTEMPATH\Boot.php(67): CodeIgniter\Boot::runCodeIgniter(Object(CodeIgniter\CodeIgniter))
14 FCPATH\index.php(63): CodeIgniter\Boot::bootWeb(Object(Config\Paths))
WARNING - 2025-06-07 13:45:18 --> [DEPRECATED] Passing lowercase HTTP method "get" is deprecated. Use uppercase HTTP method like "GET". in SYSTEMPATH\Router\RouteCollection.php on line 1027.
 1 SYSTEMPATH\Router\RouteCollection.php(1027): trigger_error('Passing lowercase HTTP method "get" is deprecated. Use uppercase HTTP method like "GET".', 16384)
 2 APPPATH\Config\Routes\AdminRoutes.php(76): CodeIgniter\Router\RouteCollection->match([...], 'elfinder_connector', 'FilemanagerController::elfinder_connector')
 3 SYSTEMPATH\Router\RouteCollection.php(800): App\Config\Routes\AdminRoutes::App\Config\Routes\{closure}(Object(CodeIgniter\Router\RouteCollection))
 4 APPPATH\Config\Routes\AdminRoutes.php(73): CodeIgniter\Router\RouteCollection->group('filemanager', [...], Object(Closure))
 5 SYSTEMPATH\Router\RouteCollection.php(800): App\Config\Routes\AdminRoutes::App\Config\Routes\{closure}(Object(CodeIgniter\Router\RouteCollection))
 6 APPPATH\Config\Routes\AdminRoutes.php(28): CodeIgniter\Router\RouteCollection->group('admin', [...], Object(Closure))
 7 APPPATH\Config\Routes.php(20): App\Config\Routes\AdminRoutes::init(Object(CodeIgniter\Router\RouteCollection))
 8 SYSTEMPATH\Router\RouteCollection.php(340): require('C:\\xampp\\htdocs\\smartstore\\app\\Config\\Routes.php')
 9 SYSTEMPATH\CodeIgniter.php(823): CodeIgniter\Router\RouteCollection->loadRoutes()
10 SYSTEMPATH\CodeIgniter.php(457): CodeIgniter\CodeIgniter->tryToRouteIt(null)
11 SYSTEMPATH\CodeIgniter.php(355): CodeIgniter\CodeIgniter->handleRequest(null, Object(Config\Cache), false)
12 SYSTEMPATH\Boot.php(325): CodeIgniter\CodeIgniter->run()
13 SYSTEMPATH\Boot.php(67): CodeIgniter\Boot::runCodeIgniter(Object(CodeIgniter\CodeIgniter))
14 FCPATH\index.php(63): CodeIgniter\Boot::bootWeb(Object(Config\Paths))
WARNING - 2025-06-07 13:45:18 --> [DEPRECATED] Passing lowercase HTTP method "post" is deprecated. Use uppercase HTTP method like "POST". in SYSTEMPATH\Router\RouteCollection.php on line 1027.
 1 SYSTEMPATH\Router\RouteCollection.php(1027): trigger_error('Passing lowercase HTTP method "post" is deprecated. Use uppercase HTTP method like "POST".', 16384)
 2 APPPATH\Config\Routes\AdminRoutes.php(76): CodeIgniter\Router\RouteCollection->match([...], 'elfinder_connector', 'FilemanagerController::elfinder_connector')
 3 SYSTEMPATH\Router\RouteCollection.php(800): App\Config\Routes\AdminRoutes::App\Config\Routes\{closure}(Object(CodeIgniter\Router\RouteCollection))
 4 APPPATH\Config\Routes\AdminRoutes.php(73): CodeIgniter\Router\RouteCollection->group('filemanager', [...], Object(Closure))
 5 SYSTEMPATH\Router\RouteCollection.php(800): App\Config\Routes\AdminRoutes::App\Config\Routes\{closure}(Object(CodeIgniter\Router\RouteCollection))
 6 APPPATH\Config\Routes\AdminRoutes.php(28): CodeIgniter\Router\RouteCollection->group('admin', [...], Object(Closure))
 7 APPPATH\Config\Routes.php(20): App\Config\Routes\AdminRoutes::init(Object(CodeIgniter\Router\RouteCollection))
 8 SYSTEMPATH\Router\RouteCollection.php(340): require('C:\\xampp\\htdocs\\smartstore\\app\\Config\\Routes.php')
 9 SYSTEMPATH\CodeIgniter.php(823): CodeIgniter\Router\RouteCollection->loadRoutes()
10 SYSTEMPATH\CodeIgniter.php(457): CodeIgniter\CodeIgniter->tryToRouteIt(null)
11 SYSTEMPATH\CodeIgniter.php(355): CodeIgniter\CodeIgniter->handleRequest(null, Object(Config\Cache), false)
12 SYSTEMPATH\Boot.php(325): CodeIgniter\CodeIgniter->run()
13 SYSTEMPATH\Boot.php(67): CodeIgniter\Boot::runCodeIgniter(Object(CodeIgniter\CodeIgniter))
14 FCPATH\index.php(63): CodeIgniter\Boot::bootWeb(Object(Config\Paths))
WARNING - 2025-06-07 13:45:18 --> [DEPRECATED] Passing lowercase HTTP method "get" is deprecated. Use uppercase HTTP method like "GET". in SYSTEMPATH\Router\RouteCollection.php on line 1027.
 1 SYSTEMPATH\Router\RouteCollection.php(1027): trigger_error('Passing lowercase HTTP method "get" is deprecated. Use uppercase HTTP method like "GET".', 16384)
 2 APPPATH\Config\Routes\AdminRoutes.php(172): CodeIgniter\Router\RouteCollection->match([...], 'sync_services/?(:num)?', 'ProvidersController::sync_services/$1')
 3 SYSTEMPATH\Router\RouteCollection.php(800): App\Config\Routes\AdminRoutes::App\Config\Routes\{closure}(Object(CodeIgniter\Router\RouteCollection))
 4 APPPATH\Config\Routes\AdminRoutes.php(167): CodeIgniter\Router\RouteCollection->group('providers', [...], Object(Closure))
 5 SYSTEMPATH\Router\RouteCollection.php(800): App\Config\Routes\AdminRoutes::App\Config\Routes\{closure}(Object(CodeIgniter\Router\RouteCollection))
 6 APPPATH\Config\Routes\AdminRoutes.php(28): CodeIgniter\Router\RouteCollection->group('admin', [...], Object(Closure))
 7 APPPATH\Config\Routes.php(20): App\Config\Routes\AdminRoutes::init(Object(CodeIgniter\Router\RouteCollection))
 8 SYSTEMPATH\Router\RouteCollection.php(340): require('C:\\xampp\\htdocs\\smartstore\\app\\Config\\Routes.php')
 9 SYSTEMPATH\CodeIgniter.php(823): CodeIgniter\Router\RouteCollection->loadRoutes()
10 SYSTEMPATH\CodeIgniter.php(457): CodeIgniter\CodeIgniter->tryToRouteIt(null)
11 SYSTEMPATH\CodeIgniter.php(355): CodeIgniter\CodeIgniter->handleRequest(null, Object(Config\Cache), false)
12 SYSTEMPATH\Boot.php(325): CodeIgniter\CodeIgniter->run()
13 SYSTEMPATH\Boot.php(67): CodeIgniter\Boot::runCodeIgniter(Object(CodeIgniter\CodeIgniter))
14 FCPATH\index.php(63): CodeIgniter\Boot::bootWeb(Object(Config\Paths))
WARNING - 2025-06-07 13:45:18 --> [DEPRECATED] Passing lowercase HTTP method "post" is deprecated. Use uppercase HTTP method like "POST". in SYSTEMPATH\Router\RouteCollection.php on line 1027.
 1 SYSTEMPATH\Router\RouteCollection.php(1027): trigger_error('Passing lowercase HTTP method "post" is deprecated. Use uppercase HTTP method like "POST".', 16384)
 2 APPPATH\Config\Routes\AdminRoutes.php(172): CodeIgniter\Router\RouteCollection->match([...], 'sync_services/?(:num)?', 'ProvidersController::sync_services/$1')
 3 SYSTEMPATH\Router\RouteCollection.php(800): App\Config\Routes\AdminRoutes::App\Config\Routes\{closure}(Object(CodeIgniter\Router\RouteCollection))
 4 APPPATH\Config\Routes\AdminRoutes.php(167): CodeIgniter\Router\RouteCollection->group('providers', [...], Object(Closure))
 5 SYSTEMPATH\Router\RouteCollection.php(800): App\Config\Routes\AdminRoutes::App\Config\Routes\{closure}(Object(CodeIgniter\Router\RouteCollection))
 6 APPPATH\Config\Routes\AdminRoutes.php(28): CodeIgniter\Router\RouteCollection->group('admin', [...], Object(Closure))
 7 APPPATH\Config\Routes.php(20): App\Config\Routes\AdminRoutes::init(Object(CodeIgniter\Router\RouteCollection))
 8 SYSTEMPATH\Router\RouteCollection.php(340): require('C:\\xampp\\htdocs\\smartstore\\app\\Config\\Routes.php')
 9 SYSTEMPATH\CodeIgniter.php(823): CodeIgniter\Router\RouteCollection->loadRoutes()
10 SYSTEMPATH\CodeIgniter.php(457): CodeIgniter\CodeIgniter->tryToRouteIt(null)
11 SYSTEMPATH\CodeIgniter.php(355): CodeIgniter\CodeIgniter->handleRequest(null, Object(Config\Cache), false)
12 SYSTEMPATH\Boot.php(325): CodeIgniter\CodeIgniter->run()
13 SYSTEMPATH\Boot.php(67): CodeIgniter\Boot::runCodeIgniter(Object(CodeIgniter\CodeIgniter))
14 FCPATH\index.php(63): CodeIgniter\Boot::bootWeb(Object(Config\Paths))
WARNING - 2025-06-07 13:45:18 --> [DEPRECATED] Passing lowercase HTTP method "get" is deprecated. Use uppercase HTTP method like "GET". in SYSTEMPATH\Router\RouteCollection.php on line 1027.
 1 SYSTEMPATH\Router\RouteCollection.php(1027): trigger_error('Passing lowercase HTTP method "get" is deprecated. Use uppercase HTTP method like "GET".', 16384)
 2 APPPATH\Config\Routes\AdminRoutes.php(185): CodeIgniter\Router\RouteCollection->match([...], 'add_note/?(:num)?', 'UsersController::add_note/$1')
 3 SYSTEMPATH\Router\RouteCollection.php(800): App\Config\Routes\AdminRoutes::App\Config\Routes\{closure}(Object(CodeIgniter\Router\RouteCollection))
 4 APPPATH\Config\Routes\AdminRoutes.php(182): CodeIgniter\Router\RouteCollection->group('users', [...], Object(Closure))
 5 SYSTEMPATH\Router\RouteCollection.php(800): App\Config\Routes\AdminRoutes::App\Config\Routes\{closure}(Object(CodeIgniter\Router\RouteCollection))
 6 APPPATH\Config\Routes\AdminRoutes.php(28): CodeIgniter\Router\RouteCollection->group('admin', [...], Object(Closure))
 7 APPPATH\Config\Routes.php(20): App\Config\Routes\AdminRoutes::init(Object(CodeIgniter\Router\RouteCollection))
 8 SYSTEMPATH\Router\RouteCollection.php(340): require('C:\\xampp\\htdocs\\smartstore\\app\\Config\\Routes.php')
 9 SYSTEMPATH\CodeIgniter.php(823): CodeIgniter\Router\RouteCollection->loadRoutes()
10 SYSTEMPATH\CodeIgniter.php(457): CodeIgniter\CodeIgniter->tryToRouteIt(null)
11 SYSTEMPATH\CodeIgniter.php(355): CodeIgniter\CodeIgniter->handleRequest(null, Object(Config\Cache), false)
12 SYSTEMPATH\Boot.php(325): CodeIgniter\CodeIgniter->run()
13 SYSTEMPATH\Boot.php(67): CodeIgniter\Boot::runCodeIgniter(Object(CodeIgniter\CodeIgniter))
14 FCPATH\index.php(63): CodeIgniter\Boot::bootWeb(Object(Config\Paths))
WARNING - 2025-06-07 13:45:18 --> [DEPRECATED] Passing lowercase HTTP method "post" is deprecated. Use uppercase HTTP method like "POST". in SYSTEMPATH\Router\RouteCollection.php on line 1027.
 1 SYSTEMPATH\Router\RouteCollection.php(1027): trigger_error('Passing lowercase HTTP method "post" is deprecated. Use uppercase HTTP method like "POST".', 16384)
 2 APPPATH\Config\Routes\AdminRoutes.php(185): CodeIgniter\Router\RouteCollection->match([...], 'add_note/?(:num)?', 'UsersController::add_note/$1')
 3 SYSTEMPATH\Router\RouteCollection.php(800): App\Config\Routes\AdminRoutes::App\Config\Routes\{closure}(Object(CodeIgniter\Router\RouteCollection))
 4 APPPATH\Config\Routes\AdminRoutes.php(182): CodeIgniter\Router\RouteCollection->group('users', [...], Object(Closure))
 5 SYSTEMPATH\Router\RouteCollection.php(800): App\Config\Routes\AdminRoutes::App\Config\Routes\{closure}(Object(CodeIgniter\Router\RouteCollection))
 6 APPPATH\Config\Routes\AdminRoutes.php(28): CodeIgniter\Router\RouteCollection->group('admin', [...], Object(Closure))
 7 APPPATH\Config\Routes.php(20): App\Config\Routes\AdminRoutes::init(Object(CodeIgniter\Router\RouteCollection))
 8 SYSTEMPATH\Router\RouteCollection.php(340): require('C:\\xampp\\htdocs\\smartstore\\app\\Config\\Routes.php')
 9 SYSTEMPATH\CodeIgniter.php(823): CodeIgniter\Router\RouteCollection->loadRoutes()
10 SYSTEMPATH\CodeIgniter.php(457): CodeIgniter\CodeIgniter->tryToRouteIt(null)
11 SYSTEMPATH\CodeIgniter.php(355): CodeIgniter\CodeIgniter->handleRequest(null, Object(Config\Cache), false)
12 SYSTEMPATH\Boot.php(325): CodeIgniter\CodeIgniter->run()
13 SYSTEMPATH\Boot.php(67): CodeIgniter\Boot::runCodeIgniter(Object(CodeIgniter\CodeIgniter))
14 FCPATH\index.php(63): CodeIgniter\Boot::bootWeb(Object(Config\Paths))
WARNING - 2025-06-07 13:45:18 --> [DEPRECATED] Passing lowercase HTTP method "get" is deprecated. Use uppercase HTTP method like "GET". in SYSTEMPATH\Router\RouteCollection.php on line 1027.
 1 SYSTEMPATH\Router\RouteCollection.php(1027): trigger_error('Passing lowercase HTTP method "get" is deprecated. Use uppercase HTTP method like "GET".', 16384)
 2 APPPATH\Config\Routes\AdminRoutes.php(186): CodeIgniter\Router\RouteCollection->match([...], 'send_mail/?(:num)?', 'UsersController::send_mail/$1')
 3 SYSTEMPATH\Router\RouteCollection.php(800): App\Config\Routes\AdminRoutes::App\Config\Routes\{closure}(Object(CodeIgniter\Router\RouteCollection))
 4 APPPATH\Config\Routes\AdminRoutes.php(182): CodeIgniter\Router\RouteCollection->group('users', [...], Object(Closure))
 5 SYSTEMPATH\Router\RouteCollection.php(800): App\Config\Routes\AdminRoutes::App\Config\Routes\{closure}(Object(CodeIgniter\Router\RouteCollection))
 6 APPPATH\Config\Routes\AdminRoutes.php(28): CodeIgniter\Router\RouteCollection->group('admin', [...], Object(Closure))
 7 APPPATH\Config\Routes.php(20): App\Config\Routes\AdminRoutes::init(Object(CodeIgniter\Router\RouteCollection))
 8 SYSTEMPATH\Router\RouteCollection.php(340): require('C:\\xampp\\htdocs\\smartstore\\app\\Config\\Routes.php')
 9 SYSTEMPATH\CodeIgniter.php(823): CodeIgniter\Router\RouteCollection->loadRoutes()
10 SYSTEMPATH\CodeIgniter.php(457): CodeIgniter\CodeIgniter->tryToRouteIt(null)
11 SYSTEMPATH\CodeIgniter.php(355): CodeIgniter\CodeIgniter->handleRequest(null, Object(Config\Cache), false)
12 SYSTEMPATH\Boot.php(325): CodeIgniter\CodeIgniter->run()
13 SYSTEMPATH\Boot.php(67): CodeIgniter\Boot::runCodeIgniter(Object(CodeIgniter\CodeIgniter))
14 FCPATH\index.php(63): CodeIgniter\Boot::bootWeb(Object(Config\Paths))
WARNING - 2025-06-07 13:45:18 --> [DEPRECATED] Passing lowercase HTTP method "post" is deprecated. Use uppercase HTTP method like "POST". in SYSTEMPATH\Router\RouteCollection.php on line 1027.
 1 SYSTEMPATH\Router\RouteCollection.php(1027): trigger_error('Passing lowercase HTTP method "post" is deprecated. Use uppercase HTTP method like "POST".', 16384)
 2 APPPATH\Config\Routes\AdminRoutes.php(186): CodeIgniter\Router\RouteCollection->match([...], 'send_mail/?(:num)?', 'UsersController::send_mail/$1')
 3 SYSTEMPATH\Router\RouteCollection.php(800): App\Config\Routes\AdminRoutes::App\Config\Routes\{closure}(Object(CodeIgniter\Router\RouteCollection))
 4 APPPATH\Config\Routes\AdminRoutes.php(182): CodeIgniter\Router\RouteCollection->group('users', [...], Object(Closure))
 5 SYSTEMPATH\Router\RouteCollection.php(800): App\Config\Routes\AdminRoutes::App\Config\Routes\{closure}(Object(CodeIgniter\Router\RouteCollection))
 6 APPPATH\Config\Routes\AdminRoutes.php(28): CodeIgniter\Router\RouteCollection->group('admin', [...], Object(Closure))
 7 APPPATH\Config\Routes.php(20): App\Config\Routes\AdminRoutes::init(Object(CodeIgniter\Router\RouteCollection))
 8 SYSTEMPATH\Router\RouteCollection.php(340): require('C:\\xampp\\htdocs\\smartstore\\app\\Config\\Routes.php')
 9 SYSTEMPATH\CodeIgniter.php(823): CodeIgniter\Router\RouteCollection->loadRoutes()
10 SYSTEMPATH\CodeIgniter.php(457): CodeIgniter\CodeIgniter->tryToRouteIt(null)
11 SYSTEMPATH\CodeIgniter.php(355): CodeIgniter\CodeIgniter->handleRequest(null, Object(Config\Cache), false)
12 SYSTEMPATH\Boot.php(325): CodeIgniter\CodeIgniter->run()
13 SYSTEMPATH\Boot.php(67): CodeIgniter\Boot::runCodeIgniter(Object(CodeIgniter\CodeIgniter))
14 FCPATH\index.php(63): CodeIgniter\Boot::bootWeb(Object(Config\Paths))
WARNING - 2025-06-07 13:45:18 --> [DEPRECATED] Passing lowercase HTTP method "get" is deprecated. Use uppercase HTTP method like "GET". in SYSTEMPATH\Router\RouteCollection.php on line 1027.
 1 SYSTEMPATH\Router\RouteCollection.php(1027): trigger_error('Passing lowercase HTTP method "get" is deprecated. Use uppercase HTTP method like "GET".', 16384)
 2 APPPATH\Config\Routes\AdminRoutes.php(215): CodeIgniter\Router\RouteCollection->match([...], 'send_mail/?(:num)?', 'TicketsController::send_mail/$1')
 3 SYSTEMPATH\Router\RouteCollection.php(800): App\Config\Routes\AdminRoutes::App\Config\Routes\{closure}(Object(CodeIgniter\Router\RouteCollection))
 4 APPPATH\Config\Routes\AdminRoutes.php(212): CodeIgniter\Router\RouteCollection->group('tickets', [...], Object(Closure))
 5 SYSTEMPATH\Router\RouteCollection.php(800): App\Config\Routes\AdminRoutes::App\Config\Routes\{closure}(Object(CodeIgniter\Router\RouteCollection))
 6 APPPATH\Config\Routes\AdminRoutes.php(28): CodeIgniter\Router\RouteCollection->group('admin', [...], Object(Closure))
 7 APPPATH\Config\Routes.php(20): App\Config\Routes\AdminRoutes::init(Object(CodeIgniter\Router\RouteCollection))
 8 SYSTEMPATH\Router\RouteCollection.php(340): require('C:\\xampp\\htdocs\\smartstore\\app\\Config\\Routes.php')
 9 SYSTEMPATH\CodeIgniter.php(823): CodeIgniter\Router\RouteCollection->loadRoutes()
10 SYSTEMPATH\CodeIgniter.php(457): CodeIgniter\CodeIgniter->tryToRouteIt(null)
11 SYSTEMPATH\CodeIgniter.php(355): CodeIgniter\CodeIgniter->handleRequest(null, Object(Config\Cache), false)
12 SYSTEMPATH\Boot.php(325): CodeIgniter\CodeIgniter->run()
13 SYSTEMPATH\Boot.php(67): CodeIgniter\Boot::runCodeIgniter(Object(CodeIgniter\CodeIgniter))
14 FCPATH\index.php(63): CodeIgniter\Boot::bootWeb(Object(Config\Paths))
WARNING - 2025-06-07 13:45:18 --> [DEPRECATED] Passing lowercase HTTP method "post" is deprecated. Use uppercase HTTP method like "POST". in SYSTEMPATH\Router\RouteCollection.php on line 1027.
 1 SYSTEMPATH\Router\RouteCollection.php(1027): trigger_error('Passing lowercase HTTP method "post" is deprecated. Use uppercase HTTP method like "POST".', 16384)
 2 APPPATH\Config\Routes\AdminRoutes.php(215): CodeIgniter\Router\RouteCollection->match([...], 'send_mail/?(:num)?', 'TicketsController::send_mail/$1')
 3 SYSTEMPATH\Router\RouteCollection.php(800): App\Config\Routes\AdminRoutes::App\Config\Routes\{closure}(Object(CodeIgniter\Router\RouteCollection))
 4 APPPATH\Config\Routes\AdminRoutes.php(212): CodeIgniter\Router\RouteCollection->group('tickets', [...], Object(Closure))
 5 SYSTEMPATH\Router\RouteCollection.php(800): App\Config\Routes\AdminRoutes::App\Config\Routes\{closure}(Object(CodeIgniter\Router\RouteCollection))
 6 APPPATH\Config\Routes\AdminRoutes.php(28): CodeIgniter\Router\RouteCollection->group('admin', [...], Object(Closure))
 7 APPPATH\Config\Routes.php(20): App\Config\Routes\AdminRoutes::init(Object(CodeIgniter\Router\RouteCollection))
 8 SYSTEMPATH\Router\RouteCollection.php(340): require('C:\\xampp\\htdocs\\smartstore\\app\\Config\\Routes.php')
 9 SYSTEMPATH\CodeIgniter.php(823): CodeIgniter\Router\RouteCollection->loadRoutes()
10 SYSTEMPATH\CodeIgniter.php(457): CodeIgniter\CodeIgniter->tryToRouteIt(null)
11 SYSTEMPATH\CodeIgniter.php(355): CodeIgniter\CodeIgniter->handleRequest(null, Object(Config\Cache), false)
12 SYSTEMPATH\Boot.php(325): CodeIgniter\CodeIgniter->run()
13 SYSTEMPATH\Boot.php(67): CodeIgniter\Boot::runCodeIgniter(Object(CodeIgniter\CodeIgniter))
14 FCPATH\index.php(63): CodeIgniter\Boot::bootWeb(Object(Config\Paths))
WARNING - 2025-06-07 13:45:18 --> [DEPRECATED] Passing lowercase HTTP method "get" is deprecated. Use uppercase HTTP method like "GET". in SYSTEMPATH\Router\RouteCollection.php on line 1027.
 1 SYSTEMPATH\Router\RouteCollection.php(1027): trigger_error('Passing lowercase HTTP method "get" is deprecated. Use uppercase HTTP method like "GET".', 16384)
 2 APPPATH\Config\Routes\UserRoutes.php(49): CodeIgniter\Router\RouteCollection->match([...], 'submit_review', 'ClientController::submit_review', [...])
 3 APPPATH\Config\Routes\UserRoutes.php(23): App\Config\Routes\UserRoutes::defineRoutes(Object(CodeIgniter\Router\RouteCollection))
 4 APPPATH\Config\Routes.php(21): App\Config\Routes\UserRoutes::init(Object(CodeIgniter\Router\RouteCollection))
 5 SYSTEMPATH\Router\RouteCollection.php(340): require('C:\\xampp\\htdocs\\smartstore\\app\\Config\\Routes.php')
 6 SYSTEMPATH\CodeIgniter.php(823): CodeIgniter\Router\RouteCollection->loadRoutes()
 7 SYSTEMPATH\CodeIgniter.php(457): CodeIgniter\CodeIgniter->tryToRouteIt(null)
 8 SYSTEMPATH\CodeIgniter.php(355): CodeIgniter\CodeIgniter->handleRequest(null, Object(Config\Cache), false)
 9 SYSTEMPATH\Boot.php(325): CodeIgniter\CodeIgniter->run()
10 SYSTEMPATH\Boot.php(67): CodeIgniter\Boot::runCodeIgniter(Object(CodeIgniter\CodeIgniter))
11 FCPATH\index.php(63): CodeIgniter\Boot::bootWeb(Object(Config\Paths))
WARNING - 2025-06-07 13:45:18 --> [DEPRECATED] Passing lowercase HTTP method "post" is deprecated. Use uppercase HTTP method like "POST". in SYSTEMPATH\Router\RouteCollection.php on line 1027.
 1 SYSTEMPATH\Router\RouteCollection.php(1027): trigger_error('Passing lowercase HTTP method "post" is deprecated. Use uppercase HTTP method like "POST".', 16384)
 2 APPPATH\Config\Routes\UserRoutes.php(49): CodeIgniter\Router\RouteCollection->match([...], 'submit_review', 'ClientController::submit_review', [...])
 3 APPPATH\Config\Routes\UserRoutes.php(23): App\Config\Routes\UserRoutes::defineRoutes(Object(CodeIgniter\Router\RouteCollection))
 4 APPPATH\Config\Routes.php(21): App\Config\Routes\UserRoutes::init(Object(CodeIgniter\Router\RouteCollection))
 5 SYSTEMPATH\Router\RouteCollection.php(340): require('C:\\xampp\\htdocs\\smartstore\\app\\Config\\Routes.php')
 6 SYSTEMPATH\CodeIgniter.php(823): CodeIgniter\Router\RouteCollection->loadRoutes()
 7 SYSTEMPATH\CodeIgniter.php(457): CodeIgniter\CodeIgniter->tryToRouteIt(null)
 8 SYSTEMPATH\CodeIgniter.php(355): CodeIgniter\CodeIgniter->handleRequest(null, Object(Config\Cache), false)
 9 SYSTEMPATH\Boot.php(325): CodeIgniter\CodeIgniter->run()
10 SYSTEMPATH\Boot.php(67): CodeIgniter\Boot::runCodeIgniter(Object(CodeIgniter\CodeIgniter))
11 FCPATH\index.php(63): CodeIgniter\Boot::bootWeb(Object(Config\Paths))
WARNING - 2025-06-07 13:45:18 --> [DEPRECATED] Passing lowercase HTTP method "get" is deprecated. Use uppercase HTTP method like "GET". in SYSTEMPATH\Router\RouteCollection.php on line 1027.
 1 SYSTEMPATH\Router\RouteCollection.php(1027): trigger_error('Passing lowercase HTTP method "get" is deprecated. Use uppercase HTTP method like "GET".', 16384)
 2 APPPATH\Config\Routes\UserRoutes.php(63): CodeIgniter\Router\RouteCollection->match([...], 'track-order', 'OrderController::track_order', [...])
 3 APPPATH\Config\Routes\UserRoutes.php(23): App\Config\Routes\UserRoutes::defineRoutes(Object(CodeIgniter\Router\RouteCollection))
 4 APPPATH\Config\Routes.php(21): App\Config\Routes\UserRoutes::init(Object(CodeIgniter\Router\RouteCollection))
 5 SYSTEMPATH\Router\RouteCollection.php(340): require('C:\\xampp\\htdocs\\smartstore\\app\\Config\\Routes.php')
 6 SYSTEMPATH\CodeIgniter.php(823): CodeIgniter\Router\RouteCollection->loadRoutes()
 7 SYSTEMPATH\CodeIgniter.php(457): CodeIgniter\CodeIgniter->tryToRouteIt(null)
 8 SYSTEMPATH\CodeIgniter.php(355): CodeIgniter\CodeIgniter->handleRequest(null, Object(Config\Cache), false)
 9 SYSTEMPATH\Boot.php(325): CodeIgniter\CodeIgniter->run()
10 SYSTEMPATH\Boot.php(67): CodeIgniter\Boot::runCodeIgniter(Object(CodeIgniter\CodeIgniter))
11 FCPATH\index.php(63): CodeIgniter\Boot::bootWeb(Object(Config\Paths))
WARNING - 2025-06-07 13:45:18 --> [DEPRECATED] Passing lowercase HTTP method "post" is deprecated. Use uppercase HTTP method like "POST". in SYSTEMPATH\Router\RouteCollection.php on line 1027.
 1 SYSTEMPATH\Router\RouteCollection.php(1027): trigger_error('Passing lowercase HTTP method "post" is deprecated. Use uppercase HTTP method like "POST".', 16384)
 2 APPPATH\Config\Routes\UserRoutes.php(63): CodeIgniter\Router\RouteCollection->match([...], 'track-order', 'OrderController::track_order', [...])
 3 APPPATH\Config\Routes\UserRoutes.php(23): App\Config\Routes\UserRoutes::defineRoutes(Object(CodeIgniter\Router\RouteCollection))
 4 APPPATH\Config\Routes.php(21): App\Config\Routes\UserRoutes::init(Object(CodeIgniter\Router\RouteCollection))
 5 SYSTEMPATH\Router\RouteCollection.php(340): require('C:\\xampp\\htdocs\\smartstore\\app\\Config\\Routes.php')
 6 SYSTEMPATH\CodeIgniter.php(823): CodeIgniter\Router\RouteCollection->loadRoutes()
 7 SYSTEMPATH\CodeIgniter.php(457): CodeIgniter\CodeIgniter->tryToRouteIt(null)
 8 SYSTEMPATH\CodeIgniter.php(355): CodeIgniter\CodeIgniter->handleRequest(null, Object(Config\Cache), false)
 9 SYSTEMPATH\Boot.php(325): CodeIgniter\CodeIgniter->run()
10 SYSTEMPATH\Boot.php(67): CodeIgniter\Boot::runCodeIgniter(Object(CodeIgniter\CodeIgniter))
11 FCPATH\index.php(63): CodeIgniter\Boot::bootWeb(Object(Config\Paths))
WARNING - 2025-06-07 13:45:18 --> [DEPRECATED] Passing lowercase HTTP method "get" is deprecated. Use uppercase HTTP method like "GET". in SYSTEMPATH\Router\RouteCollection.php on line 1027.
 1 SYSTEMPATH\Router\RouteCollection.php(1027): trigger_error('Passing lowercase HTTP method "get" is deprecated. Use uppercase HTTP method like "GET".', 16384)
 2 APPPATH\Config\Routes\UserRoutes.php(49): CodeIgniter\Router\RouteCollection->match([...], 'submit_review', 'ClientController::submit_review', [...])
 3 APPPATH\Config\Routes\UserRoutes.php(26): App\Config\Routes\UserRoutes::defineRoutes(Object(CodeIgniter\Router\RouteCollection))
 4 SYSTEMPATH\Router\RouteCollection.php(800): App\Config\Routes\UserRoutes::App\Config\Routes\{closure}(Object(CodeIgniter\Router\RouteCollection))
 5 APPPATH\Config\Routes\UserRoutes.php(25): CodeIgniter\Router\RouteCollection->group('{locale}', Object(Closure))
 6 APPPATH\Config\Routes.php(21): App\Config\Routes\UserRoutes::init(Object(CodeIgniter\Router\RouteCollection))
 7 SYSTEMPATH\Router\RouteCollection.php(340): require('C:\\xampp\\htdocs\\smartstore\\app\\Config\\Routes.php')
 8 SYSTEMPATH\CodeIgniter.php(823): CodeIgniter\Router\RouteCollection->loadRoutes()
 9 SYSTEMPATH\CodeIgniter.php(457): CodeIgniter\CodeIgniter->tryToRouteIt(null)
10 SYSTEMPATH\CodeIgniter.php(355): CodeIgniter\CodeIgniter->handleRequest(null, Object(Config\Cache), false)
11 SYSTEMPATH\Boot.php(325): CodeIgniter\CodeIgniter->run()
12 SYSTEMPATH\Boot.php(67): CodeIgniter\Boot::runCodeIgniter(Object(CodeIgniter\CodeIgniter))
13 FCPATH\index.php(63): CodeIgniter\Boot::bootWeb(Object(Config\Paths))
WARNING - 2025-06-07 13:45:18 --> [DEPRECATED] Passing lowercase HTTP method "post" is deprecated. Use uppercase HTTP method like "POST". in SYSTEMPATH\Router\RouteCollection.php on line 1027.
 1 SYSTEMPATH\Router\RouteCollection.php(1027): trigger_error('Passing lowercase HTTP method "post" is deprecated. Use uppercase HTTP method like "POST".', 16384)
 2 APPPATH\Config\Routes\UserRoutes.php(49): CodeIgniter\Router\RouteCollection->match([...], 'submit_review', 'ClientController::submit_review', [...])
 3 APPPATH\Config\Routes\UserRoutes.php(26): App\Config\Routes\UserRoutes::defineRoutes(Object(CodeIgniter\Router\RouteCollection))
 4 SYSTEMPATH\Router\RouteCollection.php(800): App\Config\Routes\UserRoutes::App\Config\Routes\{closure}(Object(CodeIgniter\Router\RouteCollection))
 5 APPPATH\Config\Routes\UserRoutes.php(25): CodeIgniter\Router\RouteCollection->group('{locale}', Object(Closure))
 6 APPPATH\Config\Routes.php(21): App\Config\Routes\UserRoutes::init(Object(CodeIgniter\Router\RouteCollection))
 7 SYSTEMPATH\Router\RouteCollection.php(340): require('C:\\xampp\\htdocs\\smartstore\\app\\Config\\Routes.php')
 8 SYSTEMPATH\CodeIgniter.php(823): CodeIgniter\Router\RouteCollection->loadRoutes()
 9 SYSTEMPATH\CodeIgniter.php(457): CodeIgniter\CodeIgniter->tryToRouteIt(null)
10 SYSTEMPATH\CodeIgniter.php(355): CodeIgniter\CodeIgniter->handleRequest(null, Object(Config\Cache), false)
11 SYSTEMPATH\Boot.php(325): CodeIgniter\CodeIgniter->run()
12 SYSTEMPATH\Boot.php(67): CodeIgniter\Boot::runCodeIgniter(Object(CodeIgniter\CodeIgniter))
13 FCPATH\index.php(63): CodeIgniter\Boot::bootWeb(Object(Config\Paths))
WARNING - 2025-06-07 13:45:18 --> [DEPRECATED] Passing lowercase HTTP method "get" is deprecated. Use uppercase HTTP method like "GET". in SYSTEMPATH\Router\RouteCollection.php on line 1027.
 1 SYSTEMPATH\Router\RouteCollection.php(1027): trigger_error('Passing lowercase HTTP method "get" is deprecated. Use uppercase HTTP method like "GET".', 16384)
 2 APPPATH\Config\Routes\UserRoutes.php(63): CodeIgniter\Router\RouteCollection->match([...], 'track-order', 'OrderController::track_order', [...])
 3 APPPATH\Config\Routes\UserRoutes.php(26): App\Config\Routes\UserRoutes::defineRoutes(Object(CodeIgniter\Router\RouteCollection))
 4 SYSTEMPATH\Router\RouteCollection.php(800): App\Config\Routes\UserRoutes::App\Config\Routes\{closure}(Object(CodeIgniter\Router\RouteCollection))
 5 APPPATH\Config\Routes\UserRoutes.php(25): CodeIgniter\Router\RouteCollection->group('{locale}', Object(Closure))
 6 APPPATH\Config\Routes.php(21): App\Config\Routes\UserRoutes::init(Object(CodeIgniter\Router\RouteCollection))
 7 SYSTEMPATH\Router\RouteCollection.php(340): require('C:\\xampp\\htdocs\\smartstore\\app\\Config\\Routes.php')
 8 SYSTEMPATH\CodeIgniter.php(823): CodeIgniter\Router\RouteCollection->loadRoutes()
 9 SYSTEMPATH\CodeIgniter.php(457): CodeIgniter\CodeIgniter->tryToRouteIt(null)
10 SYSTEMPATH\CodeIgniter.php(355): CodeIgniter\CodeIgniter->handleRequest(null, Object(Config\Cache), false)
11 SYSTEMPATH\Boot.php(325): CodeIgniter\CodeIgniter->run()
12 SYSTEMPATH\Boot.php(67): CodeIgniter\Boot::runCodeIgniter(Object(CodeIgniter\CodeIgniter))
13 FCPATH\index.php(63): CodeIgniter\Boot::bootWeb(Object(Config\Paths))
WARNING - 2025-06-07 13:45:18 --> [DEPRECATED] Passing lowercase HTTP method "post" is deprecated. Use uppercase HTTP method like "POST". in SYSTEMPATH\Router\RouteCollection.php on line 1027.
 1 SYSTEMPATH\Router\RouteCollection.php(1027): trigger_error('Passing lowercase HTTP method "post" is deprecated. Use uppercase HTTP method like "POST".', 16384)
 2 APPPATH\Config\Routes\UserRoutes.php(63): CodeIgniter\Router\RouteCollection->match([...], 'track-order', 'OrderController::track_order', [...])
 3 APPPATH\Config\Routes\UserRoutes.php(26): App\Config\Routes\UserRoutes::defineRoutes(Object(CodeIgniter\Router\RouteCollection))
 4 SYSTEMPATH\Router\RouteCollection.php(800): App\Config\Routes\UserRoutes::App\Config\Routes\{closure}(Object(CodeIgniter\Router\RouteCollection))
 5 APPPATH\Config\Routes\UserRoutes.php(25): CodeIgniter\Router\RouteCollection->group('{locale}', Object(Closure))
 6 APPPATH\Config\Routes.php(21): App\Config\Routes\UserRoutes::init(Object(CodeIgniter\Router\RouteCollection))
 7 SYSTEMPATH\Router\RouteCollection.php(340): require('C:\\xampp\\htdocs\\smartstore\\app\\Config\\Routes.php')
 8 SYSTEMPATH\CodeIgniter.php(823): CodeIgniter\Router\RouteCollection->loadRoutes()
 9 SYSTEMPATH\CodeIgniter.php(457): CodeIgniter\CodeIgniter->tryToRouteIt(null)
10 SYSTEMPATH\CodeIgniter.php(355): CodeIgniter\CodeIgniter->handleRequest(null, Object(Config\Cache), false)
11 SYSTEMPATH\Boot.php(325): CodeIgniter\CodeIgniter->run()
12 SYSTEMPATH\Boot.php(67): CodeIgniter\Boot::runCodeIgniter(Object(CodeIgniter\CodeIgniter))
13 FCPATH\index.php(63): CodeIgniter\Boot::bootWeb(Object(Config\Paths))
INFO - 2025-06-07 13:45:18 --> Session: Class initialized using 'CodeIgniter\Session\Handlers\FileHandler' driver.
WARNING - 2025-06-07 13:45:18 --> [DEPRECATED] Creation of dynamic property App\Controllers\Public\PageController::$load_files is deprecated in APPPATH\Controllers\Public\PageController.php on line 21.
 1 SYSTEMPATH\CodeIgniter.php(903): App\Controllers\Public\PageController->__construct()
 2 SYSTEMPATH\CodeIgniter.php(500): CodeIgniter\CodeIgniter->createController()
 3 SYSTEMPATH\CodeIgniter.php(355): CodeIgniter\CodeIgniter->handleRequest(null, Object(Config\Cache), false)
 4 SYSTEMPATH\Boot.php(325): CodeIgniter\CodeIgniter->run()
 5 SYSTEMPATH\Boot.php(67): CodeIgniter\Boot::runCodeIgniter(Object(CodeIgniter\CodeIgniter))
 6 FCPATH\index.php(63): CodeIgniter\Boot::bootWeb(Object(Config\Paths))
WARNING - 2025-06-07 13:45:18 --> [DEPRECATED] Creation of dynamic property App\Controllers\Public\PageController::$page_title is deprecated in APPPATH\Controllers\Public\PageController.php on line 22.
 1 SYSTEMPATH\CodeIgniter.php(903): App\Controllers\Public\PageController->__construct()
 2 SYSTEMPATH\CodeIgniter.php(500): CodeIgniter\CodeIgniter->createController()
 3 SYSTEMPATH\CodeIgniter.php(355): CodeIgniter\CodeIgniter->handleRequest(null, Object(Config\Cache), false)
 4 SYSTEMPATH\Boot.php(325): CodeIgniter\CodeIgniter->run()
 5 SYSTEMPATH\Boot.php(67): CodeIgniter\Boot::runCodeIgniter(Object(CodeIgniter\CodeIgniter))
 6 FCPATH\index.php(63): CodeIgniter\Boot::bootWeb(Object(Config\Paths))
WARNING - 2025-06-07 13:48:13 --> [DEPRECATED] Passing lowercase HTTP method "get" is deprecated. Use uppercase HTTP method like "GET". in SYSTEMPATH\Router\RouteCollection.php on line 1027.
 1 SYSTEMPATH\Router\RouteCollection.php(1027): trigger_error('Passing lowercase HTTP method "get" is deprecated. Use uppercase HTTP method like "GET".', 16384)
 2 APPPATH\Config\Routes\AdminRoutes.php(65): CodeIgniter\Router\RouteCollection->match([...], 'send_test_mail', 'SettingsController::send_test_mail')
 3 SYSTEMPATH\Router\RouteCollection.php(800): App\Config\Routes\AdminRoutes::App\Config\Routes\{closure}(Object(CodeIgniter\Router\RouteCollection))
 4 APPPATH\Config\Routes\AdminRoutes.php(63): CodeIgniter\Router\RouteCollection->group('settings', [...], Object(Closure))
 5 SYSTEMPATH\Router\RouteCollection.php(800): App\Config\Routes\AdminRoutes::App\Config\Routes\{closure}(Object(CodeIgniter\Router\RouteCollection))
 6 APPPATH\Config\Routes\AdminRoutes.php(28): CodeIgniter\Router\RouteCollection->group('admin', [...], Object(Closure))
 7 APPPATH\Config\Routes.php(20): App\Config\Routes\AdminRoutes::init(Object(CodeIgniter\Router\RouteCollection))
 8 SYSTEMPATH\Router\RouteCollection.php(340): require('C:\\xampp\\htdocs\\smartstore\\app\\Config\\Routes.php')
 9 SYSTEMPATH\CodeIgniter.php(823): CodeIgniter\Router\RouteCollection->loadRoutes()
10 SYSTEMPATH\CodeIgniter.php(457): CodeIgniter\CodeIgniter->tryToRouteIt(null)
11 SYSTEMPATH\CodeIgniter.php(355): CodeIgniter\CodeIgniter->handleRequest(null, Object(Config\Cache), false)
12 SYSTEMPATH\Boot.php(325): CodeIgniter\CodeIgniter->run()
13 SYSTEMPATH\Boot.php(67): CodeIgniter\Boot::runCodeIgniter(Object(CodeIgniter\CodeIgniter))
14 FCPATH\index.php(63): CodeIgniter\Boot::bootWeb(Object(Config\Paths))
WARNING - 2025-06-07 13:48:13 --> [DEPRECATED] Passing lowercase HTTP method "post" is deprecated. Use uppercase HTTP method like "POST". in SYSTEMPATH\Router\RouteCollection.php on line 1027.
 1 SYSTEMPATH\Router\RouteCollection.php(1027): trigger_error('Passing lowercase HTTP method "post" is deprecated. Use uppercase HTTP method like "POST".', 16384)
 2 APPPATH\Config\Routes\AdminRoutes.php(65): CodeIgniter\Router\RouteCollection->match([...], 'send_test_mail', 'SettingsController::send_test_mail')
 3 SYSTEMPATH\Router\RouteCollection.php(800): App\Config\Routes\AdminRoutes::App\Config\Routes\{closure}(Object(CodeIgniter\Router\RouteCollection))
 4 APPPATH\Config\Routes\AdminRoutes.php(63): CodeIgniter\Router\RouteCollection->group('settings', [...], Object(Closure))
 5 SYSTEMPATH\Router\RouteCollection.php(800): App\Config\Routes\AdminRoutes::App\Config\Routes\{closure}(Object(CodeIgniter\Router\RouteCollection))
 6 APPPATH\Config\Routes\AdminRoutes.php(28): CodeIgniter\Router\RouteCollection->group('admin', [...], Object(Closure))
 7 APPPATH\Config\Routes.php(20): App\Config\Routes\AdminRoutes::init(Object(CodeIgniter\Router\RouteCollection))
 8 SYSTEMPATH\Router\RouteCollection.php(340): require('C:\\xampp\\htdocs\\smartstore\\app\\Config\\Routes.php')
 9 SYSTEMPATH\CodeIgniter.php(823): CodeIgniter\Router\RouteCollection->loadRoutes()
10 SYSTEMPATH\CodeIgniter.php(457): CodeIgniter\CodeIgniter->tryToRouteIt(null)
11 SYSTEMPATH\CodeIgniter.php(355): CodeIgniter\CodeIgniter->handleRequest(null, Object(Config\Cache), false)
12 SYSTEMPATH\Boot.php(325): CodeIgniter\CodeIgniter->run()
13 SYSTEMPATH\Boot.php(67): CodeIgniter\Boot::runCodeIgniter(Object(CodeIgniter\CodeIgniter))
14 FCPATH\index.php(63): CodeIgniter\Boot::bootWeb(Object(Config\Paths))
WARNING - 2025-06-07 13:48:13 --> [DEPRECATED] Passing lowercase HTTP method "get" is deprecated. Use uppercase HTTP method like "GET". in SYSTEMPATH\Router\RouteCollection.php on line 1027.
 1 SYSTEMPATH\Router\RouteCollection.php(1027): trigger_error('Passing lowercase HTTP method "get" is deprecated. Use uppercase HTTP method like "GET".', 16384)
 2 APPPATH\Config\Routes\AdminRoutes.php(76): CodeIgniter\Router\RouteCollection->match([...], 'elfinder_connector', 'FilemanagerController::elfinder_connector')
 3 SYSTEMPATH\Router\RouteCollection.php(800): App\Config\Routes\AdminRoutes::App\Config\Routes\{closure}(Object(CodeIgniter\Router\RouteCollection))
 4 APPPATH\Config\Routes\AdminRoutes.php(73): CodeIgniter\Router\RouteCollection->group('filemanager', [...], Object(Closure))
 5 SYSTEMPATH\Router\RouteCollection.php(800): App\Config\Routes\AdminRoutes::App\Config\Routes\{closure}(Object(CodeIgniter\Router\RouteCollection))
 6 APPPATH\Config\Routes\AdminRoutes.php(28): CodeIgniter\Router\RouteCollection->group('admin', [...], Object(Closure))
 7 APPPATH\Config\Routes.php(20): App\Config\Routes\AdminRoutes::init(Object(CodeIgniter\Router\RouteCollection))
 8 SYSTEMPATH\Router\RouteCollection.php(340): require('C:\\xampp\\htdocs\\smartstore\\app\\Config\\Routes.php')
 9 SYSTEMPATH\CodeIgniter.php(823): CodeIgniter\Router\RouteCollection->loadRoutes()
10 SYSTEMPATH\CodeIgniter.php(457): CodeIgniter\CodeIgniter->tryToRouteIt(null)
11 SYSTEMPATH\CodeIgniter.php(355): CodeIgniter\CodeIgniter->handleRequest(null, Object(Config\Cache), false)
12 SYSTEMPATH\Boot.php(325): CodeIgniter\CodeIgniter->run()
13 SYSTEMPATH\Boot.php(67): CodeIgniter\Boot::runCodeIgniter(Object(CodeIgniter\CodeIgniter))
14 FCPATH\index.php(63): CodeIgniter\Boot::bootWeb(Object(Config\Paths))
WARNING - 2025-06-07 13:48:13 --> [DEPRECATED] Passing lowercase HTTP method "post" is deprecated. Use uppercase HTTP method like "POST". in SYSTEMPATH\Router\RouteCollection.php on line 1027.
 1 SYSTEMPATH\Router\RouteCollection.php(1027): trigger_error('Passing lowercase HTTP method "post" is deprecated. Use uppercase HTTP method like "POST".', 16384)
 2 APPPATH\Config\Routes\AdminRoutes.php(76): CodeIgniter\Router\RouteCollection->match([...], 'elfinder_connector', 'FilemanagerController::elfinder_connector')
 3 SYSTEMPATH\Router\RouteCollection.php(800): App\Config\Routes\AdminRoutes::App\Config\Routes\{closure}(Object(CodeIgniter\Router\RouteCollection))
 4 APPPATH\Config\Routes\AdminRoutes.php(73): CodeIgniter\Router\RouteCollection->group('filemanager', [...], Object(Closure))
 5 SYSTEMPATH\Router\RouteCollection.php(800): App\Config\Routes\AdminRoutes::App\Config\Routes\{closure}(Object(CodeIgniter\Router\RouteCollection))
 6 APPPATH\Config\Routes\AdminRoutes.php(28): CodeIgniter\Router\RouteCollection->group('admin', [...], Object(Closure))
 7 APPPATH\Config\Routes.php(20): App\Config\Routes\AdminRoutes::init(Object(CodeIgniter\Router\RouteCollection))
 8 SYSTEMPATH\Router\RouteCollection.php(340): require('C:\\xampp\\htdocs\\smartstore\\app\\Config\\Routes.php')
 9 SYSTEMPATH\CodeIgniter.php(823): CodeIgniter\Router\RouteCollection->loadRoutes()
10 SYSTEMPATH\CodeIgniter.php(457): CodeIgniter\CodeIgniter->tryToRouteIt(null)
11 SYSTEMPATH\CodeIgniter.php(355): CodeIgniter\CodeIgniter->handleRequest(null, Object(Config\Cache), false)
12 SYSTEMPATH\Boot.php(325): CodeIgniter\CodeIgniter->run()
13 SYSTEMPATH\Boot.php(67): CodeIgniter\Boot::runCodeIgniter(Object(CodeIgniter\CodeIgniter))
14 FCPATH\index.php(63): CodeIgniter\Boot::bootWeb(Object(Config\Paths))
WARNING - 2025-06-07 13:48:13 --> [DEPRECATED] Passing lowercase HTTP method "get" is deprecated. Use uppercase HTTP method like "GET". in SYSTEMPATH\Router\RouteCollection.php on line 1027.
 1 SYSTEMPATH\Router\RouteCollection.php(1027): trigger_error('Passing lowercase HTTP method "get" is deprecated. Use uppercase HTTP method like "GET".', 16384)
 2 APPPATH\Config\Routes\AdminRoutes.php(172): CodeIgniter\Router\RouteCollection->match([...], 'sync_services/?(:num)?', 'ProvidersController::sync_services/$1')
 3 SYSTEMPATH\Router\RouteCollection.php(800): App\Config\Routes\AdminRoutes::App\Config\Routes\{closure}(Object(CodeIgniter\Router\RouteCollection))
 4 APPPATH\Config\Routes\AdminRoutes.php(167): CodeIgniter\Router\RouteCollection->group('providers', [...], Object(Closure))
 5 SYSTEMPATH\Router\RouteCollection.php(800): App\Config\Routes\AdminRoutes::App\Config\Routes\{closure}(Object(CodeIgniter\Router\RouteCollection))
 6 APPPATH\Config\Routes\AdminRoutes.php(28): CodeIgniter\Router\RouteCollection->group('admin', [...], Object(Closure))
 7 APPPATH\Config\Routes.php(20): App\Config\Routes\AdminRoutes::init(Object(CodeIgniter\Router\RouteCollection))
 8 SYSTEMPATH\Router\RouteCollection.php(340): require('C:\\xampp\\htdocs\\smartstore\\app\\Config\\Routes.php')
 9 SYSTEMPATH\CodeIgniter.php(823): CodeIgniter\Router\RouteCollection->loadRoutes()
10 SYSTEMPATH\CodeIgniter.php(457): CodeIgniter\CodeIgniter->tryToRouteIt(null)
11 SYSTEMPATH\CodeIgniter.php(355): CodeIgniter\CodeIgniter->handleRequest(null, Object(Config\Cache), false)
12 SYSTEMPATH\Boot.php(325): CodeIgniter\CodeIgniter->run()
13 SYSTEMPATH\Boot.php(67): CodeIgniter\Boot::runCodeIgniter(Object(CodeIgniter\CodeIgniter))
14 FCPATH\index.php(63): CodeIgniter\Boot::bootWeb(Object(Config\Paths))
WARNING - 2025-06-07 13:48:13 --> [DEPRECATED] Passing lowercase HTTP method "post" is deprecated. Use uppercase HTTP method like "POST". in SYSTEMPATH\Router\RouteCollection.php on line 1027.
 1 SYSTEMPATH\Router\RouteCollection.php(1027): trigger_error('Passing lowercase HTTP method "post" is deprecated. Use uppercase HTTP method like "POST".', 16384)
 2 APPPATH\Config\Routes\AdminRoutes.php(172): CodeIgniter\Router\RouteCollection->match([...], 'sync_services/?(:num)?', 'ProvidersController::sync_services/$1')
 3 SYSTEMPATH\Router\RouteCollection.php(800): App\Config\Routes\AdminRoutes::App\Config\Routes\{closure}(Object(CodeIgniter\Router\RouteCollection))
 4 APPPATH\Config\Routes\AdminRoutes.php(167): CodeIgniter\Router\RouteCollection->group('providers', [...], Object(Closure))
 5 SYSTEMPATH\Router\RouteCollection.php(800): App\Config\Routes\AdminRoutes::App\Config\Routes\{closure}(Object(CodeIgniter\Router\RouteCollection))
 6 APPPATH\Config\Routes\AdminRoutes.php(28): CodeIgniter\Router\RouteCollection->group('admin', [...], Object(Closure))
 7 APPPATH\Config\Routes.php(20): App\Config\Routes\AdminRoutes::init(Object(CodeIgniter\Router\RouteCollection))
 8 SYSTEMPATH\Router\RouteCollection.php(340): require('C:\\xampp\\htdocs\\smartstore\\app\\Config\\Routes.php')
 9 SYSTEMPATH\CodeIgniter.php(823): CodeIgniter\Router\RouteCollection->loadRoutes()
10 SYSTEMPATH\CodeIgniter.php(457): CodeIgniter\CodeIgniter->tryToRouteIt(null)
11 SYSTEMPATH\CodeIgniter.php(355): CodeIgniter\CodeIgniter->handleRequest(null, Object(Config\Cache), false)
12 SYSTEMPATH\Boot.php(325): CodeIgniter\CodeIgniter->run()
13 SYSTEMPATH\Boot.php(67): CodeIgniter\Boot::runCodeIgniter(Object(CodeIgniter\CodeIgniter))
14 FCPATH\index.php(63): CodeIgniter\Boot::bootWeb(Object(Config\Paths))
WARNING - 2025-06-07 13:48:13 --> [DEPRECATED] Passing lowercase HTTP method "get" is deprecated. Use uppercase HTTP method like "GET". in SYSTEMPATH\Router\RouteCollection.php on line 1027.
 1 SYSTEMPATH\Router\RouteCollection.php(1027): trigger_error('Passing lowercase HTTP method "get" is deprecated. Use uppercase HTTP method like "GET".', 16384)
 2 APPPATH\Config\Routes\AdminRoutes.php(185): CodeIgniter\Router\RouteCollection->match([...], 'add_note/?(:num)?', 'UsersController::add_note/$1')
 3 SYSTEMPATH\Router\RouteCollection.php(800): App\Config\Routes\AdminRoutes::App\Config\Routes\{closure}(Object(CodeIgniter\Router\RouteCollection))
 4 APPPATH\Config\Routes\AdminRoutes.php(182): CodeIgniter\Router\RouteCollection->group('users', [...], Object(Closure))
 5 SYSTEMPATH\Router\RouteCollection.php(800): App\Config\Routes\AdminRoutes::App\Config\Routes\{closure}(Object(CodeIgniter\Router\RouteCollection))
 6 APPPATH\Config\Routes\AdminRoutes.php(28): CodeIgniter\Router\RouteCollection->group('admin', [...], Object(Closure))
 7 APPPATH\Config\Routes.php(20): App\Config\Routes\AdminRoutes::init(Object(CodeIgniter\Router\RouteCollection))
 8 SYSTEMPATH\Router\RouteCollection.php(340): require('C:\\xampp\\htdocs\\smartstore\\app\\Config\\Routes.php')
 9 SYSTEMPATH\CodeIgniter.php(823): CodeIgniter\Router\RouteCollection->loadRoutes()
10 SYSTEMPATH\CodeIgniter.php(457): CodeIgniter\CodeIgniter->tryToRouteIt(null)
11 SYSTEMPATH\CodeIgniter.php(355): CodeIgniter\CodeIgniter->handleRequest(null, Object(Config\Cache), false)
12 SYSTEMPATH\Boot.php(325): CodeIgniter\CodeIgniter->run()
13 SYSTEMPATH\Boot.php(67): CodeIgniter\Boot::runCodeIgniter(Object(CodeIgniter\CodeIgniter))
14 FCPATH\index.php(63): CodeIgniter\Boot::bootWeb(Object(Config\Paths))
WARNING - 2025-06-07 13:48:13 --> [DEPRECATED] Passing lowercase HTTP method "post" is deprecated. Use uppercase HTTP method like "POST". in SYSTEMPATH\Router\RouteCollection.php on line 1027.
 1 SYSTEMPATH\Router\RouteCollection.php(1027): trigger_error('Passing lowercase HTTP method "post" is deprecated. Use uppercase HTTP method like "POST".', 16384)
 2 APPPATH\Config\Routes\AdminRoutes.php(185): CodeIgniter\Router\RouteCollection->match([...], 'add_note/?(:num)?', 'UsersController::add_note/$1')
 3 SYSTEMPATH\Router\RouteCollection.php(800): App\Config\Routes\AdminRoutes::App\Config\Routes\{closure}(Object(CodeIgniter\Router\RouteCollection))
 4 APPPATH\Config\Routes\AdminRoutes.php(182): CodeIgniter\Router\RouteCollection->group('users', [...], Object(Closure))
 5 SYSTEMPATH\Router\RouteCollection.php(800): App\Config\Routes\AdminRoutes::App\Config\Routes\{closure}(Object(CodeIgniter\Router\RouteCollection))
 6 APPPATH\Config\Routes\AdminRoutes.php(28): CodeIgniter\Router\RouteCollection->group('admin', [...], Object(Closure))
 7 APPPATH\Config\Routes.php(20): App\Config\Routes\AdminRoutes::init(Object(CodeIgniter\Router\RouteCollection))
 8 SYSTEMPATH\Router\RouteCollection.php(340): require('C:\\xampp\\htdocs\\smartstore\\app\\Config\\Routes.php')
 9 SYSTEMPATH\CodeIgniter.php(823): CodeIgniter\Router\RouteCollection->loadRoutes()
10 SYSTEMPATH\CodeIgniter.php(457): CodeIgniter\CodeIgniter->tryToRouteIt(null)
11 SYSTEMPATH\CodeIgniter.php(355): CodeIgniter\CodeIgniter->handleRequest(null, Object(Config\Cache), false)
12 SYSTEMPATH\Boot.php(325): CodeIgniter\CodeIgniter->run()
13 SYSTEMPATH\Boot.php(67): CodeIgniter\Boot::runCodeIgniter(Object(CodeIgniter\CodeIgniter))
14 FCPATH\index.php(63): CodeIgniter\Boot::bootWeb(Object(Config\Paths))
WARNING - 2025-06-07 13:48:13 --> [DEPRECATED] Passing lowercase HTTP method "get" is deprecated. Use uppercase HTTP method like "GET". in SYSTEMPATH\Router\RouteCollection.php on line 1027.
 1 SYSTEMPATH\Router\RouteCollection.php(1027): trigger_error('Passing lowercase HTTP method "get" is deprecated. Use uppercase HTTP method like "GET".', 16384)
 2 APPPATH\Config\Routes\AdminRoutes.php(186): CodeIgniter\Router\RouteCollection->match([...], 'send_mail/?(:num)?', 'UsersController::send_mail/$1')
 3 SYSTEMPATH\Router\RouteCollection.php(800): App\Config\Routes\AdminRoutes::App\Config\Routes\{closure}(Object(CodeIgniter\Router\RouteCollection))
 4 APPPATH\Config\Routes\AdminRoutes.php(182): CodeIgniter\Router\RouteCollection->group('users', [...], Object(Closure))
 5 SYSTEMPATH\Router\RouteCollection.php(800): App\Config\Routes\AdminRoutes::App\Config\Routes\{closure}(Object(CodeIgniter\Router\RouteCollection))
 6 APPPATH\Config\Routes\AdminRoutes.php(28): CodeIgniter\Router\RouteCollection->group('admin', [...], Object(Closure))
 7 APPPATH\Config\Routes.php(20): App\Config\Routes\AdminRoutes::init(Object(CodeIgniter\Router\RouteCollection))
 8 SYSTEMPATH\Router\RouteCollection.php(340): require('C:\\xampp\\htdocs\\smartstore\\app\\Config\\Routes.php')
 9 SYSTEMPATH\CodeIgniter.php(823): CodeIgniter\Router\RouteCollection->loadRoutes()
10 SYSTEMPATH\CodeIgniter.php(457): CodeIgniter\CodeIgniter->tryToRouteIt(null)
11 SYSTEMPATH\CodeIgniter.php(355): CodeIgniter\CodeIgniter->handleRequest(null, Object(Config\Cache), false)
12 SYSTEMPATH\Boot.php(325): CodeIgniter\CodeIgniter->run()
13 SYSTEMPATH\Boot.php(67): CodeIgniter\Boot::runCodeIgniter(Object(CodeIgniter\CodeIgniter))
14 FCPATH\index.php(63): CodeIgniter\Boot::bootWeb(Object(Config\Paths))
WARNING - 2025-06-07 13:48:13 --> [DEPRECATED] Passing lowercase HTTP method "post" is deprecated. Use uppercase HTTP method like "POST". in SYSTEMPATH\Router\RouteCollection.php on line 1027.
 1 SYSTEMPATH\Router\RouteCollection.php(1027): trigger_error('Passing lowercase HTTP method "post" is deprecated. Use uppercase HTTP method like "POST".', 16384)
 2 APPPATH\Config\Routes\AdminRoutes.php(186): CodeIgniter\Router\RouteCollection->match([...], 'send_mail/?(:num)?', 'UsersController::send_mail/$1')
 3 SYSTEMPATH\Router\RouteCollection.php(800): App\Config\Routes\AdminRoutes::App\Config\Routes\{closure}(Object(CodeIgniter\Router\RouteCollection))
 4 APPPATH\Config\Routes\AdminRoutes.php(182): CodeIgniter\Router\RouteCollection->group('users', [...], Object(Closure))
 5 SYSTEMPATH\Router\RouteCollection.php(800): App\Config\Routes\AdminRoutes::App\Config\Routes\{closure}(Object(CodeIgniter\Router\RouteCollection))
 6 APPPATH\Config\Routes\AdminRoutes.php(28): CodeIgniter\Router\RouteCollection->group('admin', [...], Object(Closure))
 7 APPPATH\Config\Routes.php(20): App\Config\Routes\AdminRoutes::init(Object(CodeIgniter\Router\RouteCollection))
 8 SYSTEMPATH\Router\RouteCollection.php(340): require('C:\\xampp\\htdocs\\smartstore\\app\\Config\\Routes.php')
 9 SYSTEMPATH\CodeIgniter.php(823): CodeIgniter\Router\RouteCollection->loadRoutes()
10 SYSTEMPATH\CodeIgniter.php(457): CodeIgniter\CodeIgniter->tryToRouteIt(null)
11 SYSTEMPATH\CodeIgniter.php(355): CodeIgniter\CodeIgniter->handleRequest(null, Object(Config\Cache), false)
12 SYSTEMPATH\Boot.php(325): CodeIgniter\CodeIgniter->run()
13 SYSTEMPATH\Boot.php(67): CodeIgniter\Boot::runCodeIgniter(Object(CodeIgniter\CodeIgniter))
14 FCPATH\index.php(63): CodeIgniter\Boot::bootWeb(Object(Config\Paths))
WARNING - 2025-06-07 13:48:13 --> [DEPRECATED] Passing lowercase HTTP method "get" is deprecated. Use uppercase HTTP method like "GET". in SYSTEMPATH\Router\RouteCollection.php on line 1027.
 1 SYSTEMPATH\Router\RouteCollection.php(1027): trigger_error('Passing lowercase HTTP method "get" is deprecated. Use uppercase HTTP method like "GET".', 16384)
 2 APPPATH\Config\Routes\AdminRoutes.php(215): CodeIgniter\Router\RouteCollection->match([...], 'send_mail/?(:num)?', 'TicketsController::send_mail/$1')
 3 SYSTEMPATH\Router\RouteCollection.php(800): App\Config\Routes\AdminRoutes::App\Config\Routes\{closure}(Object(CodeIgniter\Router\RouteCollection))
 4 APPPATH\Config\Routes\AdminRoutes.php(212): CodeIgniter\Router\RouteCollection->group('tickets', [...], Object(Closure))
 5 SYSTEMPATH\Router\RouteCollection.php(800): App\Config\Routes\AdminRoutes::App\Config\Routes\{closure}(Object(CodeIgniter\Router\RouteCollection))
 6 APPPATH\Config\Routes\AdminRoutes.php(28): CodeIgniter\Router\RouteCollection->group('admin', [...], Object(Closure))
 7 APPPATH\Config\Routes.php(20): App\Config\Routes\AdminRoutes::init(Object(CodeIgniter\Router\RouteCollection))
 8 SYSTEMPATH\Router\RouteCollection.php(340): require('C:\\xampp\\htdocs\\smartstore\\app\\Config\\Routes.php')
 9 SYSTEMPATH\CodeIgniter.php(823): CodeIgniter\Router\RouteCollection->loadRoutes()
10 SYSTEMPATH\CodeIgniter.php(457): CodeIgniter\CodeIgniter->tryToRouteIt(null)
11 SYSTEMPATH\CodeIgniter.php(355): CodeIgniter\CodeIgniter->handleRequest(null, Object(Config\Cache), false)
12 SYSTEMPATH\Boot.php(325): CodeIgniter\CodeIgniter->run()
13 SYSTEMPATH\Boot.php(67): CodeIgniter\Boot::runCodeIgniter(Object(CodeIgniter\CodeIgniter))
14 FCPATH\index.php(63): CodeIgniter\Boot::bootWeb(Object(Config\Paths))
WARNING - 2025-06-07 13:48:13 --> [DEPRECATED] Passing lowercase HTTP method "post" is deprecated. Use uppercase HTTP method like "POST". in SYSTEMPATH\Router\RouteCollection.php on line 1027.
 1 SYSTEMPATH\Router\RouteCollection.php(1027): trigger_error('Passing lowercase HTTP method "post" is deprecated. Use uppercase HTTP method like "POST".', 16384)
 2 APPPATH\Config\Routes\AdminRoutes.php(215): CodeIgniter\Router\RouteCollection->match([...], 'send_mail/?(:num)?', 'TicketsController::send_mail/$1')
 3 SYSTEMPATH\Router\RouteCollection.php(800): App\Config\Routes\AdminRoutes::App\Config\Routes\{closure}(Object(CodeIgniter\Router\RouteCollection))
 4 APPPATH\Config\Routes\AdminRoutes.php(212): CodeIgniter\Router\RouteCollection->group('tickets', [...], Object(Closure))
 5 SYSTEMPATH\Router\RouteCollection.php(800): App\Config\Routes\AdminRoutes::App\Config\Routes\{closure}(Object(CodeIgniter\Router\RouteCollection))
 6 APPPATH\Config\Routes\AdminRoutes.php(28): CodeIgniter\Router\RouteCollection->group('admin', [...], Object(Closure))
 7 APPPATH\Config\Routes.php(20): App\Config\Routes\AdminRoutes::init(Object(CodeIgniter\Router\RouteCollection))
 8 SYSTEMPATH\Router\RouteCollection.php(340): require('C:\\xampp\\htdocs\\smartstore\\app\\Config\\Routes.php')
 9 SYSTEMPATH\CodeIgniter.php(823): CodeIgniter\Router\RouteCollection->loadRoutes()
10 SYSTEMPATH\CodeIgniter.php(457): CodeIgniter\CodeIgniter->tryToRouteIt(null)
11 SYSTEMPATH\CodeIgniter.php(355): CodeIgniter\CodeIgniter->handleRequest(null, Object(Config\Cache), false)
12 SYSTEMPATH\Boot.php(325): CodeIgniter\CodeIgniter->run()
13 SYSTEMPATH\Boot.php(67): CodeIgniter\Boot::runCodeIgniter(Object(CodeIgniter\CodeIgniter))
14 FCPATH\index.php(63): CodeIgniter\Boot::bootWeb(Object(Config\Paths))
WARNING - 2025-06-07 13:48:13 --> [DEPRECATED] Passing lowercase HTTP method "get" is deprecated. Use uppercase HTTP method like "GET". in SYSTEMPATH\Router\RouteCollection.php on line 1027.
 1 SYSTEMPATH\Router\RouteCollection.php(1027): trigger_error('Passing lowercase HTTP method "get" is deprecated. Use uppercase HTTP method like "GET".', 16384)
 2 APPPATH\Config\Routes\UserRoutes.php(49): CodeIgniter\Router\RouteCollection->match([...], 'submit_review', 'ClientController::submit_review', [...])
 3 APPPATH\Config\Routes\UserRoutes.php(23): App\Config\Routes\UserRoutes::defineRoutes(Object(CodeIgniter\Router\RouteCollection))
 4 APPPATH\Config\Routes.php(21): App\Config\Routes\UserRoutes::init(Object(CodeIgniter\Router\RouteCollection))
 5 SYSTEMPATH\Router\RouteCollection.php(340): require('C:\\xampp\\htdocs\\smartstore\\app\\Config\\Routes.php')
 6 SYSTEMPATH\CodeIgniter.php(823): CodeIgniter\Router\RouteCollection->loadRoutes()
 7 SYSTEMPATH\CodeIgniter.php(457): CodeIgniter\CodeIgniter->tryToRouteIt(null)
 8 SYSTEMPATH\CodeIgniter.php(355): CodeIgniter\CodeIgniter->handleRequest(null, Object(Config\Cache), false)
 9 SYSTEMPATH\Boot.php(325): CodeIgniter\CodeIgniter->run()
10 SYSTEMPATH\Boot.php(67): CodeIgniter\Boot::runCodeIgniter(Object(CodeIgniter\CodeIgniter))
11 FCPATH\index.php(63): CodeIgniter\Boot::bootWeb(Object(Config\Paths))
WARNING - 2025-06-07 13:48:13 --> [DEPRECATED] Passing lowercase HTTP method "post" is deprecated. Use uppercase HTTP method like "POST". in SYSTEMPATH\Router\RouteCollection.php on line 1027.
 1 SYSTEMPATH\Router\RouteCollection.php(1027): trigger_error('Passing lowercase HTTP method "post" is deprecated. Use uppercase HTTP method like "POST".', 16384)
 2 APPPATH\Config\Routes\UserRoutes.php(49): CodeIgniter\Router\RouteCollection->match([...], 'submit_review', 'ClientController::submit_review', [...])
 3 APPPATH\Config\Routes\UserRoutes.php(23): App\Config\Routes\UserRoutes::defineRoutes(Object(CodeIgniter\Router\RouteCollection))
 4 APPPATH\Config\Routes.php(21): App\Config\Routes\UserRoutes::init(Object(CodeIgniter\Router\RouteCollection))
 5 SYSTEMPATH\Router\RouteCollection.php(340): require('C:\\xampp\\htdocs\\smartstore\\app\\Config\\Routes.php')
 6 SYSTEMPATH\CodeIgniter.php(823): CodeIgniter\Router\RouteCollection->loadRoutes()
 7 SYSTEMPATH\CodeIgniter.php(457): CodeIgniter\CodeIgniter->tryToRouteIt(null)
 8 SYSTEMPATH\CodeIgniter.php(355): CodeIgniter\CodeIgniter->handleRequest(null, Object(Config\Cache), false)
 9 SYSTEMPATH\Boot.php(325): CodeIgniter\CodeIgniter->run()
10 SYSTEMPATH\Boot.php(67): CodeIgniter\Boot::runCodeIgniter(Object(CodeIgniter\CodeIgniter))
11 FCPATH\index.php(63): CodeIgniter\Boot::bootWeb(Object(Config\Paths))
WARNING - 2025-06-07 13:48:13 --> [DEPRECATED] Passing lowercase HTTP method "get" is deprecated. Use uppercase HTTP method like "GET". in SYSTEMPATH\Router\RouteCollection.php on line 1027.
 1 SYSTEMPATH\Router\RouteCollection.php(1027): trigger_error('Passing lowercase HTTP method "get" is deprecated. Use uppercase HTTP method like "GET".', 16384)
 2 APPPATH\Config\Routes\UserRoutes.php(63): CodeIgniter\Router\RouteCollection->match([...], 'track-order', 'OrderController::track_order', [...])
 3 APPPATH\Config\Routes\UserRoutes.php(23): App\Config\Routes\UserRoutes::defineRoutes(Object(CodeIgniter\Router\RouteCollection))
 4 APPPATH\Config\Routes.php(21): App\Config\Routes\UserRoutes::init(Object(CodeIgniter\Router\RouteCollection))
 5 SYSTEMPATH\Router\RouteCollection.php(340): require('C:\\xampp\\htdocs\\smartstore\\app\\Config\\Routes.php')
 6 SYSTEMPATH\CodeIgniter.php(823): CodeIgniter\Router\RouteCollection->loadRoutes()
 7 SYSTEMPATH\CodeIgniter.php(457): CodeIgniter\CodeIgniter->tryToRouteIt(null)
 8 SYSTEMPATH\CodeIgniter.php(355): CodeIgniter\CodeIgniter->handleRequest(null, Object(Config\Cache), false)
 9 SYSTEMPATH\Boot.php(325): CodeIgniter\CodeIgniter->run()
10 SYSTEMPATH\Boot.php(67): CodeIgniter\Boot::runCodeIgniter(Object(CodeIgniter\CodeIgniter))
11 FCPATH\index.php(63): CodeIgniter\Boot::bootWeb(Object(Config\Paths))
WARNING - 2025-06-07 13:48:13 --> [DEPRECATED] Passing lowercase HTTP method "post" is deprecated. Use uppercase HTTP method like "POST". in SYSTEMPATH\Router\RouteCollection.php on line 1027.
 1 SYSTEMPATH\Router\RouteCollection.php(1027): trigger_error('Passing lowercase HTTP method "post" is deprecated. Use uppercase HTTP method like "POST".', 16384)
 2 APPPATH\Config\Routes\UserRoutes.php(63): CodeIgniter\Router\RouteCollection->match([...], 'track-order', 'OrderController::track_order', [...])
 3 APPPATH\Config\Routes\UserRoutes.php(23): App\Config\Routes\UserRoutes::defineRoutes(Object(CodeIgniter\Router\RouteCollection))
 4 APPPATH\Config\Routes.php(21): App\Config\Routes\UserRoutes::init(Object(CodeIgniter\Router\RouteCollection))
 5 SYSTEMPATH\Router\RouteCollection.php(340): require('C:\\xampp\\htdocs\\smartstore\\app\\Config\\Routes.php')
 6 SYSTEMPATH\CodeIgniter.php(823): CodeIgniter\Router\RouteCollection->loadRoutes()
 7 SYSTEMPATH\CodeIgniter.php(457): CodeIgniter\CodeIgniter->tryToRouteIt(null)
 8 SYSTEMPATH\CodeIgniter.php(355): CodeIgniter\CodeIgniter->handleRequest(null, Object(Config\Cache), false)
 9 SYSTEMPATH\Boot.php(325): CodeIgniter\CodeIgniter->run()
10 SYSTEMPATH\Boot.php(67): CodeIgniter\Boot::runCodeIgniter(Object(CodeIgniter\CodeIgniter))
11 FCPATH\index.php(63): CodeIgniter\Boot::bootWeb(Object(Config\Paths))
WARNING - 2025-06-07 13:48:13 --> [DEPRECATED] Passing lowercase HTTP method "get" is deprecated. Use uppercase HTTP method like "GET". in SYSTEMPATH\Router\RouteCollection.php on line 1027.
 1 SYSTEMPATH\Router\RouteCollection.php(1027): trigger_error('Passing lowercase HTTP method "get" is deprecated. Use uppercase HTTP method like "GET".', 16384)
 2 APPPATH\Config\Routes\UserRoutes.php(49): CodeIgniter\Router\RouteCollection->match([...], 'submit_review', 'ClientController::submit_review', [...])
 3 APPPATH\Config\Routes\UserRoutes.php(26): App\Config\Routes\UserRoutes::defineRoutes(Object(CodeIgniter\Router\RouteCollection))
 4 SYSTEMPATH\Router\RouteCollection.php(800): App\Config\Routes\UserRoutes::App\Config\Routes\{closure}(Object(CodeIgniter\Router\RouteCollection))
 5 APPPATH\Config\Routes\UserRoutes.php(25): CodeIgniter\Router\RouteCollection->group('{locale}', Object(Closure))
 6 APPPATH\Config\Routes.php(21): App\Config\Routes\UserRoutes::init(Object(CodeIgniter\Router\RouteCollection))
 7 SYSTEMPATH\Router\RouteCollection.php(340): require('C:\\xampp\\htdocs\\smartstore\\app\\Config\\Routes.php')
 8 SYSTEMPATH\CodeIgniter.php(823): CodeIgniter\Router\RouteCollection->loadRoutes()
 9 SYSTEMPATH\CodeIgniter.php(457): CodeIgniter\CodeIgniter->tryToRouteIt(null)
10 SYSTEMPATH\CodeIgniter.php(355): CodeIgniter\CodeIgniter->handleRequest(null, Object(Config\Cache), false)
11 SYSTEMPATH\Boot.php(325): CodeIgniter\CodeIgniter->run()
12 SYSTEMPATH\Boot.php(67): CodeIgniter\Boot::runCodeIgniter(Object(CodeIgniter\CodeIgniter))
13 FCPATH\index.php(63): CodeIgniter\Boot::bootWeb(Object(Config\Paths))
WARNING - 2025-06-07 13:48:13 --> [DEPRECATED] Passing lowercase HTTP method "post" is deprecated. Use uppercase HTTP method like "POST". in SYSTEMPATH\Router\RouteCollection.php on line 1027.
 1 SYSTEMPATH\Router\RouteCollection.php(1027): trigger_error('Passing lowercase HTTP method "post" is deprecated. Use uppercase HTTP method like "POST".', 16384)
 2 APPPATH\Config\Routes\UserRoutes.php(49): CodeIgniter\Router\RouteCollection->match([...], 'submit_review', 'ClientController::submit_review', [...])
 3 APPPATH\Config\Routes\UserRoutes.php(26): App\Config\Routes\UserRoutes::defineRoutes(Object(CodeIgniter\Router\RouteCollection))
 4 SYSTEMPATH\Router\RouteCollection.php(800): App\Config\Routes\UserRoutes::App\Config\Routes\{closure}(Object(CodeIgniter\Router\RouteCollection))
 5 APPPATH\Config\Routes\UserRoutes.php(25): CodeIgniter\Router\RouteCollection->group('{locale}', Object(Closure))
 6 APPPATH\Config\Routes.php(21): App\Config\Routes\UserRoutes::init(Object(CodeIgniter\Router\RouteCollection))
 7 SYSTEMPATH\Router\RouteCollection.php(340): require('C:\\xampp\\htdocs\\smartstore\\app\\Config\\Routes.php')
 8 SYSTEMPATH\CodeIgniter.php(823): CodeIgniter\Router\RouteCollection->loadRoutes()
 9 SYSTEMPATH\CodeIgniter.php(457): CodeIgniter\CodeIgniter->tryToRouteIt(null)
10 SYSTEMPATH\CodeIgniter.php(355): CodeIgniter\CodeIgniter->handleRequest(null, Object(Config\Cache), false)
11 SYSTEMPATH\Boot.php(325): CodeIgniter\CodeIgniter->run()
12 SYSTEMPATH\Boot.php(67): CodeIgniter\Boot::runCodeIgniter(Object(CodeIgniter\CodeIgniter))
13 FCPATH\index.php(63): CodeIgniter\Boot::bootWeb(Object(Config\Paths))
WARNING - 2025-06-07 13:48:13 --> [DEPRECATED] Passing lowercase HTTP method "get" is deprecated. Use uppercase HTTP method like "GET". in SYSTEMPATH\Router\RouteCollection.php on line 1027.
 1 SYSTEMPATH\Router\RouteCollection.php(1027): trigger_error('Passing lowercase HTTP method "get" is deprecated. Use uppercase HTTP method like "GET".', 16384)
 2 APPPATH\Config\Routes\UserRoutes.php(63): CodeIgniter\Router\RouteCollection->match([...], 'track-order', 'OrderController::track_order', [...])
 3 APPPATH\Config\Routes\UserRoutes.php(26): App\Config\Routes\UserRoutes::defineRoutes(Object(CodeIgniter\Router\RouteCollection))
 4 SYSTEMPATH\Router\RouteCollection.php(800): App\Config\Routes\UserRoutes::App\Config\Routes\{closure}(Object(CodeIgniter\Router\RouteCollection))
 5 APPPATH\Config\Routes\UserRoutes.php(25): CodeIgniter\Router\RouteCollection->group('{locale}', Object(Closure))
 6 APPPATH\Config\Routes.php(21): App\Config\Routes\UserRoutes::init(Object(CodeIgniter\Router\RouteCollection))
 7 SYSTEMPATH\Router\RouteCollection.php(340): require('C:\\xampp\\htdocs\\smartstore\\app\\Config\\Routes.php')
 8 SYSTEMPATH\CodeIgniter.php(823): CodeIgniter\Router\RouteCollection->loadRoutes()
 9 SYSTEMPATH\CodeIgniter.php(457): CodeIgniter\CodeIgniter->tryToRouteIt(null)
10 SYSTEMPATH\CodeIgniter.php(355): CodeIgniter\CodeIgniter->handleRequest(null, Object(Config\Cache), false)
11 SYSTEMPATH\Boot.php(325): CodeIgniter\CodeIgniter->run()
12 SYSTEMPATH\Boot.php(67): CodeIgniter\Boot::runCodeIgniter(Object(CodeIgniter\CodeIgniter))
13 FCPATH\index.php(63): CodeIgniter\Boot::bootWeb(Object(Config\Paths))
WARNING - 2025-06-07 13:48:13 --> [DEPRECATED] Passing lowercase HTTP method "post" is deprecated. Use uppercase HTTP method like "POST". in SYSTEMPATH\Router\RouteCollection.php on line 1027.
 1 SYSTEMPATH\Router\RouteCollection.php(1027): trigger_error('Passing lowercase HTTP method "post" is deprecated. Use uppercase HTTP method like "POST".', 16384)
 2 APPPATH\Config\Routes\UserRoutes.php(63): CodeIgniter\Router\RouteCollection->match([...], 'track-order', 'OrderController::track_order', [...])
 3 APPPATH\Config\Routes\UserRoutes.php(26): App\Config\Routes\UserRoutes::defineRoutes(Object(CodeIgniter\Router\RouteCollection))
 4 SYSTEMPATH\Router\RouteCollection.php(800): App\Config\Routes\UserRoutes::App\Config\Routes\{closure}(Object(CodeIgniter\Router\RouteCollection))
 5 APPPATH\Config\Routes\UserRoutes.php(25): CodeIgniter\Router\RouteCollection->group('{locale}', Object(Closure))
 6 APPPATH\Config\Routes.php(21): App\Config\Routes\UserRoutes::init(Object(CodeIgniter\Router\RouteCollection))
 7 SYSTEMPATH\Router\RouteCollection.php(340): require('C:\\xampp\\htdocs\\smartstore\\app\\Config\\Routes.php')
 8 SYSTEMPATH\CodeIgniter.php(823): CodeIgniter\Router\RouteCollection->loadRoutes()
 9 SYSTEMPATH\CodeIgniter.php(457): CodeIgniter\CodeIgniter->tryToRouteIt(null)
10 SYSTEMPATH\CodeIgniter.php(355): CodeIgniter\CodeIgniter->handleRequest(null, Object(Config\Cache), false)
11 SYSTEMPATH\Boot.php(325): CodeIgniter\CodeIgniter->run()
12 SYSTEMPATH\Boot.php(67): CodeIgniter\Boot::runCodeIgniter(Object(CodeIgniter\CodeIgniter))
13 FCPATH\index.php(63): CodeIgniter\Boot::bootWeb(Object(Config\Paths))
INFO - 2025-06-07 13:48:13 --> Session: Class initialized using 'CodeIgniter\Session\Handlers\FileHandler' driver.
WARNING - 2025-06-07 13:48:13 --> [DEPRECATED] Creation of dynamic property App\Controllers\Public\PageController::$load_files is deprecated in APPPATH\Controllers\Public\PageController.php on line 21.
 1 SYSTEMPATH\CodeIgniter.php(903): App\Controllers\Public\PageController->__construct()
 2 SYSTEMPATH\CodeIgniter.php(500): CodeIgniter\CodeIgniter->createController()
 3 SYSTEMPATH\CodeIgniter.php(355): CodeIgniter\CodeIgniter->handleRequest(null, Object(Config\Cache), false)
 4 SYSTEMPATH\Boot.php(325): CodeIgniter\CodeIgniter->run()
 5 SYSTEMPATH\Boot.php(67): CodeIgniter\Boot::runCodeIgniter(Object(CodeIgniter\CodeIgniter))
 6 FCPATH\index.php(63): CodeIgniter\Boot::bootWeb(Object(Config\Paths))
WARNING - 2025-06-07 13:48:13 --> [DEPRECATED] Creation of dynamic property App\Controllers\Public\PageController::$page_title is deprecated in APPPATH\Controllers\Public\PageController.php on line 22.
 1 SYSTEMPATH\CodeIgniter.php(903): App\Controllers\Public\PageController->__construct()
 2 SYSTEMPATH\CodeIgniter.php(500): CodeIgniter\CodeIgniter->createController()
 3 SYSTEMPATH\CodeIgniter.php(355): CodeIgniter\CodeIgniter->handleRequest(null, Object(Config\Cache), false)
 4 SYSTEMPATH\Boot.php(325): CodeIgniter\CodeIgniter->run()
 5 SYSTEMPATH\Boot.php(67): CodeIgniter\Boot::runCodeIgniter(Object(CodeIgniter\CodeIgniter))
 6 FCPATH\index.php(63): CodeIgniter\Boot::bootWeb(Object(Config\Paths))
WARNING - 2025-06-07 13:48:40 --> [DEPRECATED] Passing lowercase HTTP method "get" is deprecated. Use uppercase HTTP method like "GET". in SYSTEMPATH\Router\RouteCollection.php on line 1027.
 1 SYSTEMPATH\Router\RouteCollection.php(1027): trigger_error('Passing lowercase HTTP method "get" is deprecated. Use uppercase HTTP method like "GET".', 16384)
 2 APPPATH\Config\Routes\AdminRoutes.php(65): CodeIgniter\Router\RouteCollection->match([...], 'send_test_mail', 'SettingsController::send_test_mail')
 3 SYSTEMPATH\Router\RouteCollection.php(800): App\Config\Routes\AdminRoutes::App\Config\Routes\{closure}(Object(CodeIgniter\Router\RouteCollection))
 4 APPPATH\Config\Routes\AdminRoutes.php(63): CodeIgniter\Router\RouteCollection->group('settings', [...], Object(Closure))
 5 SYSTEMPATH\Router\RouteCollection.php(800): App\Config\Routes\AdminRoutes::App\Config\Routes\{closure}(Object(CodeIgniter\Router\RouteCollection))
 6 APPPATH\Config\Routes\AdminRoutes.php(28): CodeIgniter\Router\RouteCollection->group('admin', [...], Object(Closure))
 7 APPPATH\Config\Routes.php(20): App\Config\Routes\AdminRoutes::init(Object(CodeIgniter\Router\RouteCollection))
 8 SYSTEMPATH\Router\RouteCollection.php(340): require('C:\\xampp\\htdocs\\smartstore\\app\\Config\\Routes.php')
 9 SYSTEMPATH\CodeIgniter.php(823): CodeIgniter\Router\RouteCollection->loadRoutes()
10 SYSTEMPATH\CodeIgniter.php(457): CodeIgniter\CodeIgniter->tryToRouteIt(null)
11 SYSTEMPATH\CodeIgniter.php(355): CodeIgniter\CodeIgniter->handleRequest(null, Object(Config\Cache), false)
12 SYSTEMPATH\Boot.php(325): CodeIgniter\CodeIgniter->run()
13 SYSTEMPATH\Boot.php(67): CodeIgniter\Boot::runCodeIgniter(Object(CodeIgniter\CodeIgniter))
14 FCPATH\index.php(63): CodeIgniter\Boot::bootWeb(Object(Config\Paths))
WARNING - 2025-06-07 13:48:40 --> [DEPRECATED] Passing lowercase HTTP method "post" is deprecated. Use uppercase HTTP method like "POST". in SYSTEMPATH\Router\RouteCollection.php on line 1027.
 1 SYSTEMPATH\Router\RouteCollection.php(1027): trigger_error('Passing lowercase HTTP method "post" is deprecated. Use uppercase HTTP method like "POST".', 16384)
 2 APPPATH\Config\Routes\AdminRoutes.php(65): CodeIgniter\Router\RouteCollection->match([...], 'send_test_mail', 'SettingsController::send_test_mail')
 3 SYSTEMPATH\Router\RouteCollection.php(800): App\Config\Routes\AdminRoutes::App\Config\Routes\{closure}(Object(CodeIgniter\Router\RouteCollection))
 4 APPPATH\Config\Routes\AdminRoutes.php(63): CodeIgniter\Router\RouteCollection->group('settings', [...], Object(Closure))
 5 SYSTEMPATH\Router\RouteCollection.php(800): App\Config\Routes\AdminRoutes::App\Config\Routes\{closure}(Object(CodeIgniter\Router\RouteCollection))
 6 APPPATH\Config\Routes\AdminRoutes.php(28): CodeIgniter\Router\RouteCollection->group('admin', [...], Object(Closure))
 7 APPPATH\Config\Routes.php(20): App\Config\Routes\AdminRoutes::init(Object(CodeIgniter\Router\RouteCollection))
 8 SYSTEMPATH\Router\RouteCollection.php(340): require('C:\\xampp\\htdocs\\smartstore\\app\\Config\\Routes.php')
 9 SYSTEMPATH\CodeIgniter.php(823): CodeIgniter\Router\RouteCollection->loadRoutes()
10 SYSTEMPATH\CodeIgniter.php(457): CodeIgniter\CodeIgniter->tryToRouteIt(null)
11 SYSTEMPATH\CodeIgniter.php(355): CodeIgniter\CodeIgniter->handleRequest(null, Object(Config\Cache), false)
12 SYSTEMPATH\Boot.php(325): CodeIgniter\CodeIgniter->run()
13 SYSTEMPATH\Boot.php(67): CodeIgniter\Boot::runCodeIgniter(Object(CodeIgniter\CodeIgniter))
14 FCPATH\index.php(63): CodeIgniter\Boot::bootWeb(Object(Config\Paths))
WARNING - 2025-06-07 13:48:40 --> [DEPRECATED] Passing lowercase HTTP method "get" is deprecated. Use uppercase HTTP method like "GET". in SYSTEMPATH\Router\RouteCollection.php on line 1027.
 1 SYSTEMPATH\Router\RouteCollection.php(1027): trigger_error('Passing lowercase HTTP method "get" is deprecated. Use uppercase HTTP method like "GET".', 16384)
 2 APPPATH\Config\Routes\AdminRoutes.php(76): CodeIgniter\Router\RouteCollection->match([...], 'elfinder_connector', 'FilemanagerController::elfinder_connector')
 3 SYSTEMPATH\Router\RouteCollection.php(800): App\Config\Routes\AdminRoutes::App\Config\Routes\{closure}(Object(CodeIgniter\Router\RouteCollection))
 4 APPPATH\Config\Routes\AdminRoutes.php(73): CodeIgniter\Router\RouteCollection->group('filemanager', [...], Object(Closure))
 5 SYSTEMPATH\Router\RouteCollection.php(800): App\Config\Routes\AdminRoutes::App\Config\Routes\{closure}(Object(CodeIgniter\Router\RouteCollection))
 6 APPPATH\Config\Routes\AdminRoutes.php(28): CodeIgniter\Router\RouteCollection->group('admin', [...], Object(Closure))
 7 APPPATH\Config\Routes.php(20): App\Config\Routes\AdminRoutes::init(Object(CodeIgniter\Router\RouteCollection))
 8 SYSTEMPATH\Router\RouteCollection.php(340): require('C:\\xampp\\htdocs\\smartstore\\app\\Config\\Routes.php')
 9 SYSTEMPATH\CodeIgniter.php(823): CodeIgniter\Router\RouteCollection->loadRoutes()
10 SYSTEMPATH\CodeIgniter.php(457): CodeIgniter\CodeIgniter->tryToRouteIt(null)
11 SYSTEMPATH\CodeIgniter.php(355): CodeIgniter\CodeIgniter->handleRequest(null, Object(Config\Cache), false)
12 SYSTEMPATH\Boot.php(325): CodeIgniter\CodeIgniter->run()
13 SYSTEMPATH\Boot.php(67): CodeIgniter\Boot::runCodeIgniter(Object(CodeIgniter\CodeIgniter))
14 FCPATH\index.php(63): CodeIgniter\Boot::bootWeb(Object(Config\Paths))
WARNING - 2025-06-07 13:48:40 --> [DEPRECATED] Passing lowercase HTTP method "post" is deprecated. Use uppercase HTTP method like "POST". in SYSTEMPATH\Router\RouteCollection.php on line 1027.
 1 SYSTEMPATH\Router\RouteCollection.php(1027): trigger_error('Passing lowercase HTTP method "post" is deprecated. Use uppercase HTTP method like "POST".', 16384)
 2 APPPATH\Config\Routes\AdminRoutes.php(76): CodeIgniter\Router\RouteCollection->match([...], 'elfinder_connector', 'FilemanagerController::elfinder_connector')
 3 SYSTEMPATH\Router\RouteCollection.php(800): App\Config\Routes\AdminRoutes::App\Config\Routes\{closure}(Object(CodeIgniter\Router\RouteCollection))
 4 APPPATH\Config\Routes\AdminRoutes.php(73): CodeIgniter\Router\RouteCollection->group('filemanager', [...], Object(Closure))
 5 SYSTEMPATH\Router\RouteCollection.php(800): App\Config\Routes\AdminRoutes::App\Config\Routes\{closure}(Object(CodeIgniter\Router\RouteCollection))
 6 APPPATH\Config\Routes\AdminRoutes.php(28): CodeIgniter\Router\RouteCollection->group('admin', [...], Object(Closure))
 7 APPPATH\Config\Routes.php(20): App\Config\Routes\AdminRoutes::init(Object(CodeIgniter\Router\RouteCollection))
 8 SYSTEMPATH\Router\RouteCollection.php(340): require('C:\\xampp\\htdocs\\smartstore\\app\\Config\\Routes.php')
 9 SYSTEMPATH\CodeIgniter.php(823): CodeIgniter\Router\RouteCollection->loadRoutes()
10 SYSTEMPATH\CodeIgniter.php(457): CodeIgniter\CodeIgniter->tryToRouteIt(null)
11 SYSTEMPATH\CodeIgniter.php(355): CodeIgniter\CodeIgniter->handleRequest(null, Object(Config\Cache), false)
12 SYSTEMPATH\Boot.php(325): CodeIgniter\CodeIgniter->run()
13 SYSTEMPATH\Boot.php(67): CodeIgniter\Boot::runCodeIgniter(Object(CodeIgniter\CodeIgniter))
14 FCPATH\index.php(63): CodeIgniter\Boot::bootWeb(Object(Config\Paths))
WARNING - 2025-06-07 13:48:40 --> [DEPRECATED] Passing lowercase HTTP method "get" is deprecated. Use uppercase HTTP method like "GET". in SYSTEMPATH\Router\RouteCollection.php on line 1027.
 1 SYSTEMPATH\Router\RouteCollection.php(1027): trigger_error('Passing lowercase HTTP method "get" is deprecated. Use uppercase HTTP method like "GET".', 16384)
 2 APPPATH\Config\Routes\AdminRoutes.php(172): CodeIgniter\Router\RouteCollection->match([...], 'sync_services/?(:num)?', 'ProvidersController::sync_services/$1')
 3 SYSTEMPATH\Router\RouteCollection.php(800): App\Config\Routes\AdminRoutes::App\Config\Routes\{closure}(Object(CodeIgniter\Router\RouteCollection))
 4 APPPATH\Config\Routes\AdminRoutes.php(167): CodeIgniter\Router\RouteCollection->group('providers', [...], Object(Closure))
 5 SYSTEMPATH\Router\RouteCollection.php(800): App\Config\Routes\AdminRoutes::App\Config\Routes\{closure}(Object(CodeIgniter\Router\RouteCollection))
 6 APPPATH\Config\Routes\AdminRoutes.php(28): CodeIgniter\Router\RouteCollection->group('admin', [...], Object(Closure))
 7 APPPATH\Config\Routes.php(20): App\Config\Routes\AdminRoutes::init(Object(CodeIgniter\Router\RouteCollection))
 8 SYSTEMPATH\Router\RouteCollection.php(340): require('C:\\xampp\\htdocs\\smartstore\\app\\Config\\Routes.php')
 9 SYSTEMPATH\CodeIgniter.php(823): CodeIgniter\Router\RouteCollection->loadRoutes()
10 SYSTEMPATH\CodeIgniter.php(457): CodeIgniter\CodeIgniter->tryToRouteIt(null)
11 SYSTEMPATH\CodeIgniter.php(355): CodeIgniter\CodeIgniter->handleRequest(null, Object(Config\Cache), false)
12 SYSTEMPATH\Boot.php(325): CodeIgniter\CodeIgniter->run()
13 SYSTEMPATH\Boot.php(67): CodeIgniter\Boot::runCodeIgniter(Object(CodeIgniter\CodeIgniter))
14 FCPATH\index.php(63): CodeIgniter\Boot::bootWeb(Object(Config\Paths))
WARNING - 2025-06-07 13:48:40 --> [DEPRECATED] Passing lowercase HTTP method "post" is deprecated. Use uppercase HTTP method like "POST". in SYSTEMPATH\Router\RouteCollection.php on line 1027.
 1 SYSTEMPATH\Router\RouteCollection.php(1027): trigger_error('Passing lowercase HTTP method "post" is deprecated. Use uppercase HTTP method like "POST".', 16384)
 2 APPPATH\Config\Routes\AdminRoutes.php(172): CodeIgniter\Router\RouteCollection->match([...], 'sync_services/?(:num)?', 'ProvidersController::sync_services/$1')
 3 SYSTEMPATH\Router\RouteCollection.php(800): App\Config\Routes\AdminRoutes::App\Config\Routes\{closure}(Object(CodeIgniter\Router\RouteCollection))
 4 APPPATH\Config\Routes\AdminRoutes.php(167): CodeIgniter\Router\RouteCollection->group('providers', [...], Object(Closure))
 5 SYSTEMPATH\Router\RouteCollection.php(800): App\Config\Routes\AdminRoutes::App\Config\Routes\{closure}(Object(CodeIgniter\Router\RouteCollection))
 6 APPPATH\Config\Routes\AdminRoutes.php(28): CodeIgniter\Router\RouteCollection->group('admin', [...], Object(Closure))
 7 APPPATH\Config\Routes.php(20): App\Config\Routes\AdminRoutes::init(Object(CodeIgniter\Router\RouteCollection))
 8 SYSTEMPATH\Router\RouteCollection.php(340): require('C:\\xampp\\htdocs\\smartstore\\app\\Config\\Routes.php')
 9 SYSTEMPATH\CodeIgniter.php(823): CodeIgniter\Router\RouteCollection->loadRoutes()
10 SYSTEMPATH\CodeIgniter.php(457): CodeIgniter\CodeIgniter->tryToRouteIt(null)
11 SYSTEMPATH\CodeIgniter.php(355): CodeIgniter\CodeIgniter->handleRequest(null, Object(Config\Cache), false)
12 SYSTEMPATH\Boot.php(325): CodeIgniter\CodeIgniter->run()
13 SYSTEMPATH\Boot.php(67): CodeIgniter\Boot::runCodeIgniter(Object(CodeIgniter\CodeIgniter))
14 FCPATH\index.php(63): CodeIgniter\Boot::bootWeb(Object(Config\Paths))
WARNING - 2025-06-07 13:48:40 --> [DEPRECATED] Passing lowercase HTTP method "get" is deprecated. Use uppercase HTTP method like "GET". in SYSTEMPATH\Router\RouteCollection.php on line 1027.
 1 SYSTEMPATH\Router\RouteCollection.php(1027): trigger_error('Passing lowercase HTTP method "get" is deprecated. Use uppercase HTTP method like "GET".', 16384)
 2 APPPATH\Config\Routes\AdminRoutes.php(185): CodeIgniter\Router\RouteCollection->match([...], 'add_note/?(:num)?', 'UsersController::add_note/$1')
 3 SYSTEMPATH\Router\RouteCollection.php(800): App\Config\Routes\AdminRoutes::App\Config\Routes\{closure}(Object(CodeIgniter\Router\RouteCollection))
 4 APPPATH\Config\Routes\AdminRoutes.php(182): CodeIgniter\Router\RouteCollection->group('users', [...], Object(Closure))
 5 SYSTEMPATH\Router\RouteCollection.php(800): App\Config\Routes\AdminRoutes::App\Config\Routes\{closure}(Object(CodeIgniter\Router\RouteCollection))
 6 APPPATH\Config\Routes\AdminRoutes.php(28): CodeIgniter\Router\RouteCollection->group('admin', [...], Object(Closure))
 7 APPPATH\Config\Routes.php(20): App\Config\Routes\AdminRoutes::init(Object(CodeIgniter\Router\RouteCollection))
 8 SYSTEMPATH\Router\RouteCollection.php(340): require('C:\\xampp\\htdocs\\smartstore\\app\\Config\\Routes.php')
 9 SYSTEMPATH\CodeIgniter.php(823): CodeIgniter\Router\RouteCollection->loadRoutes()
10 SYSTEMPATH\CodeIgniter.php(457): CodeIgniter\CodeIgniter->tryToRouteIt(null)
11 SYSTEMPATH\CodeIgniter.php(355): CodeIgniter\CodeIgniter->handleRequest(null, Object(Config\Cache), false)
12 SYSTEMPATH\Boot.php(325): CodeIgniter\CodeIgniter->run()
13 SYSTEMPATH\Boot.php(67): CodeIgniter\Boot::runCodeIgniter(Object(CodeIgniter\CodeIgniter))
14 FCPATH\index.php(63): CodeIgniter\Boot::bootWeb(Object(Config\Paths))
WARNING - 2025-06-07 13:48:40 --> [DEPRECATED] Passing lowercase HTTP method "post" is deprecated. Use uppercase HTTP method like "POST". in SYSTEMPATH\Router\RouteCollection.php on line 1027.
 1 SYSTEMPATH\Router\RouteCollection.php(1027): trigger_error('Passing lowercase HTTP method "post" is deprecated. Use uppercase HTTP method like "POST".', 16384)
 2 APPPATH\Config\Routes\AdminRoutes.php(185): CodeIgniter\Router\RouteCollection->match([...], 'add_note/?(:num)?', 'UsersController::add_note/$1')
 3 SYSTEMPATH\Router\RouteCollection.php(800): App\Config\Routes\AdminRoutes::App\Config\Routes\{closure}(Object(CodeIgniter\Router\RouteCollection))
 4 APPPATH\Config\Routes\AdminRoutes.php(182): CodeIgniter\Router\RouteCollection->group('users', [...], Object(Closure))
 5 SYSTEMPATH\Router\RouteCollection.php(800): App\Config\Routes\AdminRoutes::App\Config\Routes\{closure}(Object(CodeIgniter\Router\RouteCollection))
 6 APPPATH\Config\Routes\AdminRoutes.php(28): CodeIgniter\Router\RouteCollection->group('admin', [...], Object(Closure))
 7 APPPATH\Config\Routes.php(20): App\Config\Routes\AdminRoutes::init(Object(CodeIgniter\Router\RouteCollection))
 8 SYSTEMPATH\Router\RouteCollection.php(340): require('C:\\xampp\\htdocs\\smartstore\\app\\Config\\Routes.php')
 9 SYSTEMPATH\CodeIgniter.php(823): CodeIgniter\Router\RouteCollection->loadRoutes()
10 SYSTEMPATH\CodeIgniter.php(457): CodeIgniter\CodeIgniter->tryToRouteIt(null)
11 SYSTEMPATH\CodeIgniter.php(355): CodeIgniter\CodeIgniter->handleRequest(null, Object(Config\Cache), false)
12 SYSTEMPATH\Boot.php(325): CodeIgniter\CodeIgniter->run()
13 SYSTEMPATH\Boot.php(67): CodeIgniter\Boot::runCodeIgniter(Object(CodeIgniter\CodeIgniter))
14 FCPATH\index.php(63): CodeIgniter\Boot::bootWeb(Object(Config\Paths))
WARNING - 2025-06-07 13:48:40 --> [DEPRECATED] Passing lowercase HTTP method "get" is deprecated. Use uppercase HTTP method like "GET". in SYSTEMPATH\Router\RouteCollection.php on line 1027.
 1 SYSTEMPATH\Router\RouteCollection.php(1027): trigger_error('Passing lowercase HTTP method "get" is deprecated. Use uppercase HTTP method like "GET".', 16384)
 2 APPPATH\Config\Routes\AdminRoutes.php(186): CodeIgniter\Router\RouteCollection->match([...], 'send_mail/?(:num)?', 'UsersController::send_mail/$1')
 3 SYSTEMPATH\Router\RouteCollection.php(800): App\Config\Routes\AdminRoutes::App\Config\Routes\{closure}(Object(CodeIgniter\Router\RouteCollection))
 4 APPPATH\Config\Routes\AdminRoutes.php(182): CodeIgniter\Router\RouteCollection->group('users', [...], Object(Closure))
 5 SYSTEMPATH\Router\RouteCollection.php(800): App\Config\Routes\AdminRoutes::App\Config\Routes\{closure}(Object(CodeIgniter\Router\RouteCollection))
 6 APPPATH\Config\Routes\AdminRoutes.php(28): CodeIgniter\Router\RouteCollection->group('admin', [...], Object(Closure))
 7 APPPATH\Config\Routes.php(20): App\Config\Routes\AdminRoutes::init(Object(CodeIgniter\Router\RouteCollection))
 8 SYSTEMPATH\Router\RouteCollection.php(340): require('C:\\xampp\\htdocs\\smartstore\\app\\Config\\Routes.php')
 9 SYSTEMPATH\CodeIgniter.php(823): CodeIgniter\Router\RouteCollection->loadRoutes()
10 SYSTEMPATH\CodeIgniter.php(457): CodeIgniter\CodeIgniter->tryToRouteIt(null)
11 SYSTEMPATH\CodeIgniter.php(355): CodeIgniter\CodeIgniter->handleRequest(null, Object(Config\Cache), false)
12 SYSTEMPATH\Boot.php(325): CodeIgniter\CodeIgniter->run()
13 SYSTEMPATH\Boot.php(67): CodeIgniter\Boot::runCodeIgniter(Object(CodeIgniter\CodeIgniter))
14 FCPATH\index.php(63): CodeIgniter\Boot::bootWeb(Object(Config\Paths))
WARNING - 2025-06-07 13:48:40 --> [DEPRECATED] Passing lowercase HTTP method "post" is deprecated. Use uppercase HTTP method like "POST". in SYSTEMPATH\Router\RouteCollection.php on line 1027.
 1 SYSTEMPATH\Router\RouteCollection.php(1027): trigger_error('Passing lowercase HTTP method "post" is deprecated. Use uppercase HTTP method like "POST".', 16384)
 2 APPPATH\Config\Routes\AdminRoutes.php(186): CodeIgniter\Router\RouteCollection->match([...], 'send_mail/?(:num)?', 'UsersController::send_mail/$1')
 3 SYSTEMPATH\Router\RouteCollection.php(800): App\Config\Routes\AdminRoutes::App\Config\Routes\{closure}(Object(CodeIgniter\Router\RouteCollection))
 4 APPPATH\Config\Routes\AdminRoutes.php(182): CodeIgniter\Router\RouteCollection->group('users', [...], Object(Closure))
 5 SYSTEMPATH\Router\RouteCollection.php(800): App\Config\Routes\AdminRoutes::App\Config\Routes\{closure}(Object(CodeIgniter\Router\RouteCollection))
 6 APPPATH\Config\Routes\AdminRoutes.php(28): CodeIgniter\Router\RouteCollection->group('admin', [...], Object(Closure))
 7 APPPATH\Config\Routes.php(20): App\Config\Routes\AdminRoutes::init(Object(CodeIgniter\Router\RouteCollection))
 8 SYSTEMPATH\Router\RouteCollection.php(340): require('C:\\xampp\\htdocs\\smartstore\\app\\Config\\Routes.php')
 9 SYSTEMPATH\CodeIgniter.php(823): CodeIgniter\Router\RouteCollection->loadRoutes()
10 SYSTEMPATH\CodeIgniter.php(457): CodeIgniter\CodeIgniter->tryToRouteIt(null)
11 SYSTEMPATH\CodeIgniter.php(355): CodeIgniter\CodeIgniter->handleRequest(null, Object(Config\Cache), false)
12 SYSTEMPATH\Boot.php(325): CodeIgniter\CodeIgniter->run()
13 SYSTEMPATH\Boot.php(67): CodeIgniter\Boot::runCodeIgniter(Object(CodeIgniter\CodeIgniter))
14 FCPATH\index.php(63): CodeIgniter\Boot::bootWeb(Object(Config\Paths))
WARNING - 2025-06-07 13:48:40 --> [DEPRECATED] Passing lowercase HTTP method "get" is deprecated. Use uppercase HTTP method like "GET". in SYSTEMPATH\Router\RouteCollection.php on line 1027.
 1 SYSTEMPATH\Router\RouteCollection.php(1027): trigger_error('Passing lowercase HTTP method "get" is deprecated. Use uppercase HTTP method like "GET".', 16384)
 2 APPPATH\Config\Routes\AdminRoutes.php(215): CodeIgniter\Router\RouteCollection->match([...], 'send_mail/?(:num)?', 'TicketsController::send_mail/$1')
 3 SYSTEMPATH\Router\RouteCollection.php(800): App\Config\Routes\AdminRoutes::App\Config\Routes\{closure}(Object(CodeIgniter\Router\RouteCollection))
 4 APPPATH\Config\Routes\AdminRoutes.php(212): CodeIgniter\Router\RouteCollection->group('tickets', [...], Object(Closure))
 5 SYSTEMPATH\Router\RouteCollection.php(800): App\Config\Routes\AdminRoutes::App\Config\Routes\{closure}(Object(CodeIgniter\Router\RouteCollection))
 6 APPPATH\Config\Routes\AdminRoutes.php(28): CodeIgniter\Router\RouteCollection->group('admin', [...], Object(Closure))
 7 APPPATH\Config\Routes.php(20): App\Config\Routes\AdminRoutes::init(Object(CodeIgniter\Router\RouteCollection))
 8 SYSTEMPATH\Router\RouteCollection.php(340): require('C:\\xampp\\htdocs\\smartstore\\app\\Config\\Routes.php')
 9 SYSTEMPATH\CodeIgniter.php(823): CodeIgniter\Router\RouteCollection->loadRoutes()
10 SYSTEMPATH\CodeIgniter.php(457): CodeIgniter\CodeIgniter->tryToRouteIt(null)
11 SYSTEMPATH\CodeIgniter.php(355): CodeIgniter\CodeIgniter->handleRequest(null, Object(Config\Cache), false)
12 SYSTEMPATH\Boot.php(325): CodeIgniter\CodeIgniter->run()
13 SYSTEMPATH\Boot.php(67): CodeIgniter\Boot::runCodeIgniter(Object(CodeIgniter\CodeIgniter))
14 FCPATH\index.php(63): CodeIgniter\Boot::bootWeb(Object(Config\Paths))
WARNING - 2025-06-07 13:48:40 --> [DEPRECATED] Passing lowercase HTTP method "post" is deprecated. Use uppercase HTTP method like "POST". in SYSTEMPATH\Router\RouteCollection.php on line 1027.
 1 SYSTEMPATH\Router\RouteCollection.php(1027): trigger_error('Passing lowercase HTTP method "post" is deprecated. Use uppercase HTTP method like "POST".', 16384)
 2 APPPATH\Config\Routes\AdminRoutes.php(215): CodeIgniter\Router\RouteCollection->match([...], 'send_mail/?(:num)?', 'TicketsController::send_mail/$1')
 3 SYSTEMPATH\Router\RouteCollection.php(800): App\Config\Routes\AdminRoutes::App\Config\Routes\{closure}(Object(CodeIgniter\Router\RouteCollection))
 4 APPPATH\Config\Routes\AdminRoutes.php(212): CodeIgniter\Router\RouteCollection->group('tickets', [...], Object(Closure))
 5 SYSTEMPATH\Router\RouteCollection.php(800): App\Config\Routes\AdminRoutes::App\Config\Routes\{closure}(Object(CodeIgniter\Router\RouteCollection))
 6 APPPATH\Config\Routes\AdminRoutes.php(28): CodeIgniter\Router\RouteCollection->group('admin', [...], Object(Closure))
 7 APPPATH\Config\Routes.php(20): App\Config\Routes\AdminRoutes::init(Object(CodeIgniter\Router\RouteCollection))
 8 SYSTEMPATH\Router\RouteCollection.php(340): require('C:\\xampp\\htdocs\\smartstore\\app\\Config\\Routes.php')
 9 SYSTEMPATH\CodeIgniter.php(823): CodeIgniter\Router\RouteCollection->loadRoutes()
10 SYSTEMPATH\CodeIgniter.php(457): CodeIgniter\CodeIgniter->tryToRouteIt(null)
11 SYSTEMPATH\CodeIgniter.php(355): CodeIgniter\CodeIgniter->handleRequest(null, Object(Config\Cache), false)
12 SYSTEMPATH\Boot.php(325): CodeIgniter\CodeIgniter->run()
13 SYSTEMPATH\Boot.php(67): CodeIgniter\Boot::runCodeIgniter(Object(CodeIgniter\CodeIgniter))
14 FCPATH\index.php(63): CodeIgniter\Boot::bootWeb(Object(Config\Paths))
WARNING - 2025-06-07 13:48:40 --> [DEPRECATED] Passing lowercase HTTP method "get" is deprecated. Use uppercase HTTP method like "GET". in SYSTEMPATH\Router\RouteCollection.php on line 1027.
 1 SYSTEMPATH\Router\RouteCollection.php(1027): trigger_error('Passing lowercase HTTP method "get" is deprecated. Use uppercase HTTP method like "GET".', 16384)
 2 APPPATH\Config\Routes\UserRoutes.php(49): CodeIgniter\Router\RouteCollection->match([...], 'submit_review', 'ClientController::submit_review', [...])
 3 APPPATH\Config\Routes\UserRoutes.php(23): App\Config\Routes\UserRoutes::defineRoutes(Object(CodeIgniter\Router\RouteCollection))
 4 APPPATH\Config\Routes.php(21): App\Config\Routes\UserRoutes::init(Object(CodeIgniter\Router\RouteCollection))
 5 SYSTEMPATH\Router\RouteCollection.php(340): require('C:\\xampp\\htdocs\\smartstore\\app\\Config\\Routes.php')
 6 SYSTEMPATH\CodeIgniter.php(823): CodeIgniter\Router\RouteCollection->loadRoutes()
 7 SYSTEMPATH\CodeIgniter.php(457): CodeIgniter\CodeIgniter->tryToRouteIt(null)
 8 SYSTEMPATH\CodeIgniter.php(355): CodeIgniter\CodeIgniter->handleRequest(null, Object(Config\Cache), false)
 9 SYSTEMPATH\Boot.php(325): CodeIgniter\CodeIgniter->run()
10 SYSTEMPATH\Boot.php(67): CodeIgniter\Boot::runCodeIgniter(Object(CodeIgniter\CodeIgniter))
11 FCPATH\index.php(63): CodeIgniter\Boot::bootWeb(Object(Config\Paths))
WARNING - 2025-06-07 13:48:40 --> [DEPRECATED] Passing lowercase HTTP method "post" is deprecated. Use uppercase HTTP method like "POST". in SYSTEMPATH\Router\RouteCollection.php on line 1027.
 1 SYSTEMPATH\Router\RouteCollection.php(1027): trigger_error('Passing lowercase HTTP method "post" is deprecated. Use uppercase HTTP method like "POST".', 16384)
 2 APPPATH\Config\Routes\UserRoutes.php(49): CodeIgniter\Router\RouteCollection->match([...], 'submit_review', 'ClientController::submit_review', [...])
 3 APPPATH\Config\Routes\UserRoutes.php(23): App\Config\Routes\UserRoutes::defineRoutes(Object(CodeIgniter\Router\RouteCollection))
 4 APPPATH\Config\Routes.php(21): App\Config\Routes\UserRoutes::init(Object(CodeIgniter\Router\RouteCollection))
 5 SYSTEMPATH\Router\RouteCollection.php(340): require('C:\\xampp\\htdocs\\smartstore\\app\\Config\\Routes.php')
 6 SYSTEMPATH\CodeIgniter.php(823): CodeIgniter\Router\RouteCollection->loadRoutes()
 7 SYSTEMPATH\CodeIgniter.php(457): CodeIgniter\CodeIgniter->tryToRouteIt(null)
 8 SYSTEMPATH\CodeIgniter.php(355): CodeIgniter\CodeIgniter->handleRequest(null, Object(Config\Cache), false)
 9 SYSTEMPATH\Boot.php(325): CodeIgniter\CodeIgniter->run()
10 SYSTEMPATH\Boot.php(67): CodeIgniter\Boot::runCodeIgniter(Object(CodeIgniter\CodeIgniter))
11 FCPATH\index.php(63): CodeIgniter\Boot::bootWeb(Object(Config\Paths))
WARNING - 2025-06-07 13:48:40 --> [DEPRECATED] Passing lowercase HTTP method "get" is deprecated. Use uppercase HTTP method like "GET". in SYSTEMPATH\Router\RouteCollection.php on line 1027.
 1 SYSTEMPATH\Router\RouteCollection.php(1027): trigger_error('Passing lowercase HTTP method "get" is deprecated. Use uppercase HTTP method like "GET".', 16384)
 2 APPPATH\Config\Routes\UserRoutes.php(63): CodeIgniter\Router\RouteCollection->match([...], 'track-order', 'OrderController::track_order', [...])
 3 APPPATH\Config\Routes\UserRoutes.php(23): App\Config\Routes\UserRoutes::defineRoutes(Object(CodeIgniter\Router\RouteCollection))
 4 APPPATH\Config\Routes.php(21): App\Config\Routes\UserRoutes::init(Object(CodeIgniter\Router\RouteCollection))
 5 SYSTEMPATH\Router\RouteCollection.php(340): require('C:\\xampp\\htdocs\\smartstore\\app\\Config\\Routes.php')
 6 SYSTEMPATH\CodeIgniter.php(823): CodeIgniter\Router\RouteCollection->loadRoutes()
 7 SYSTEMPATH\CodeIgniter.php(457): CodeIgniter\CodeIgniter->tryToRouteIt(null)
 8 SYSTEMPATH\CodeIgniter.php(355): CodeIgniter\CodeIgniter->handleRequest(null, Object(Config\Cache), false)
 9 SYSTEMPATH\Boot.php(325): CodeIgniter\CodeIgniter->run()
10 SYSTEMPATH\Boot.php(67): CodeIgniter\Boot::runCodeIgniter(Object(CodeIgniter\CodeIgniter))
11 FCPATH\index.php(63): CodeIgniter\Boot::bootWeb(Object(Config\Paths))
WARNING - 2025-06-07 13:48:40 --> [DEPRECATED] Passing lowercase HTTP method "post" is deprecated. Use uppercase HTTP method like "POST". in SYSTEMPATH\Router\RouteCollection.php on line 1027.
 1 SYSTEMPATH\Router\RouteCollection.php(1027): trigger_error('Passing lowercase HTTP method "post" is deprecated. Use uppercase HTTP method like "POST".', 16384)
 2 APPPATH\Config\Routes\UserRoutes.php(63): CodeIgniter\Router\RouteCollection->match([...], 'track-order', 'OrderController::track_order', [...])
 3 APPPATH\Config\Routes\UserRoutes.php(23): App\Config\Routes\UserRoutes::defineRoutes(Object(CodeIgniter\Router\RouteCollection))
 4 APPPATH\Config\Routes.php(21): App\Config\Routes\UserRoutes::init(Object(CodeIgniter\Router\RouteCollection))
 5 SYSTEMPATH\Router\RouteCollection.php(340): require('C:\\xampp\\htdocs\\smartstore\\app\\Config\\Routes.php')
 6 SYSTEMPATH\CodeIgniter.php(823): CodeIgniter\Router\RouteCollection->loadRoutes()
 7 SYSTEMPATH\CodeIgniter.php(457): CodeIgniter\CodeIgniter->tryToRouteIt(null)
 8 SYSTEMPATH\CodeIgniter.php(355): CodeIgniter\CodeIgniter->handleRequest(null, Object(Config\Cache), false)
 9 SYSTEMPATH\Boot.php(325): CodeIgniter\CodeIgniter->run()
10 SYSTEMPATH\Boot.php(67): CodeIgniter\Boot::runCodeIgniter(Object(CodeIgniter\CodeIgniter))
11 FCPATH\index.php(63): CodeIgniter\Boot::bootWeb(Object(Config\Paths))
WARNING - 2025-06-07 13:48:40 --> [DEPRECATED] Passing lowercase HTTP method "get" is deprecated. Use uppercase HTTP method like "GET". in SYSTEMPATH\Router\RouteCollection.php on line 1027.
 1 SYSTEMPATH\Router\RouteCollection.php(1027): trigger_error('Passing lowercase HTTP method "get" is deprecated. Use uppercase HTTP method like "GET".', 16384)
 2 APPPATH\Config\Routes\UserRoutes.php(49): CodeIgniter\Router\RouteCollection->match([...], 'submit_review', 'ClientController::submit_review', [...])
 3 APPPATH\Config\Routes\UserRoutes.php(26): App\Config\Routes\UserRoutes::defineRoutes(Object(CodeIgniter\Router\RouteCollection))
 4 SYSTEMPATH\Router\RouteCollection.php(800): App\Config\Routes\UserRoutes::App\Config\Routes\{closure}(Object(CodeIgniter\Router\RouteCollection))
 5 APPPATH\Config\Routes\UserRoutes.php(25): CodeIgniter\Router\RouteCollection->group('{locale}', Object(Closure))
 6 APPPATH\Config\Routes.php(21): App\Config\Routes\UserRoutes::init(Object(CodeIgniter\Router\RouteCollection))
 7 SYSTEMPATH\Router\RouteCollection.php(340): require('C:\\xampp\\htdocs\\smartstore\\app\\Config\\Routes.php')
 8 SYSTEMPATH\CodeIgniter.php(823): CodeIgniter\Router\RouteCollection->loadRoutes()
 9 SYSTEMPATH\CodeIgniter.php(457): CodeIgniter\CodeIgniter->tryToRouteIt(null)
10 SYSTEMPATH\CodeIgniter.php(355): CodeIgniter\CodeIgniter->handleRequest(null, Object(Config\Cache), false)
11 SYSTEMPATH\Boot.php(325): CodeIgniter\CodeIgniter->run()
12 SYSTEMPATH\Boot.php(67): CodeIgniter\Boot::runCodeIgniter(Object(CodeIgniter\CodeIgniter))
13 FCPATH\index.php(63): CodeIgniter\Boot::bootWeb(Object(Config\Paths))
WARNING - 2025-06-07 13:48:40 --> [DEPRECATED] Passing lowercase HTTP method "post" is deprecated. Use uppercase HTTP method like "POST". in SYSTEMPATH\Router\RouteCollection.php on line 1027.
 1 SYSTEMPATH\Router\RouteCollection.php(1027): trigger_error('Passing lowercase HTTP method "post" is deprecated. Use uppercase HTTP method like "POST".', 16384)
 2 APPPATH\Config\Routes\UserRoutes.php(49): CodeIgniter\Router\RouteCollection->match([...], 'submit_review', 'ClientController::submit_review', [...])
 3 APPPATH\Config\Routes\UserRoutes.php(26): App\Config\Routes\UserRoutes::defineRoutes(Object(CodeIgniter\Router\RouteCollection))
 4 SYSTEMPATH\Router\RouteCollection.php(800): App\Config\Routes\UserRoutes::App\Config\Routes\{closure}(Object(CodeIgniter\Router\RouteCollection))
 5 APPPATH\Config\Routes\UserRoutes.php(25): CodeIgniter\Router\RouteCollection->group('{locale}', Object(Closure))
 6 APPPATH\Config\Routes.php(21): App\Config\Routes\UserRoutes::init(Object(CodeIgniter\Router\RouteCollection))
 7 SYSTEMPATH\Router\RouteCollection.php(340): require('C:\\xampp\\htdocs\\smartstore\\app\\Config\\Routes.php')
 8 SYSTEMPATH\CodeIgniter.php(823): CodeIgniter\Router\RouteCollection->loadRoutes()
 9 SYSTEMPATH\CodeIgniter.php(457): CodeIgniter\CodeIgniter->tryToRouteIt(null)
10 SYSTEMPATH\CodeIgniter.php(355): CodeIgniter\CodeIgniter->handleRequest(null, Object(Config\Cache), false)
11 SYSTEMPATH\Boot.php(325): CodeIgniter\CodeIgniter->run()
12 SYSTEMPATH\Boot.php(67): CodeIgniter\Boot::runCodeIgniter(Object(CodeIgniter\CodeIgniter))
13 FCPATH\index.php(63): CodeIgniter\Boot::bootWeb(Object(Config\Paths))
WARNING - 2025-06-07 13:48:40 --> [DEPRECATED] Passing lowercase HTTP method "get" is deprecated. Use uppercase HTTP method like "GET". in SYSTEMPATH\Router\RouteCollection.php on line 1027.
 1 SYSTEMPATH\Router\RouteCollection.php(1027): trigger_error('Passing lowercase HTTP method "get" is deprecated. Use uppercase HTTP method like "GET".', 16384)
 2 APPPATH\Config\Routes\UserRoutes.php(63): CodeIgniter\Router\RouteCollection->match([...], 'track-order', 'OrderController::track_order', [...])
 3 APPPATH\Config\Routes\UserRoutes.php(26): App\Config\Routes\UserRoutes::defineRoutes(Object(CodeIgniter\Router\RouteCollection))
 4 SYSTEMPATH\Router\RouteCollection.php(800): App\Config\Routes\UserRoutes::App\Config\Routes\{closure}(Object(CodeIgniter\Router\RouteCollection))
 5 APPPATH\Config\Routes\UserRoutes.php(25): CodeIgniter\Router\RouteCollection->group('{locale}', Object(Closure))
 6 APPPATH\Config\Routes.php(21): App\Config\Routes\UserRoutes::init(Object(CodeIgniter\Router\RouteCollection))
 7 SYSTEMPATH\Router\RouteCollection.php(340): require('C:\\xampp\\htdocs\\smartstore\\app\\Config\\Routes.php')
 8 SYSTEMPATH\CodeIgniter.php(823): CodeIgniter\Router\RouteCollection->loadRoutes()
 9 SYSTEMPATH\CodeIgniter.php(457): CodeIgniter\CodeIgniter->tryToRouteIt(null)
10 SYSTEMPATH\CodeIgniter.php(355): CodeIgniter\CodeIgniter->handleRequest(null, Object(Config\Cache), false)
11 SYSTEMPATH\Boot.php(325): CodeIgniter\CodeIgniter->run()
12 SYSTEMPATH\Boot.php(67): CodeIgniter\Boot::runCodeIgniter(Object(CodeIgniter\CodeIgniter))
13 FCPATH\index.php(63): CodeIgniter\Boot::bootWeb(Object(Config\Paths))
WARNING - 2025-06-07 13:48:40 --> [DEPRECATED] Passing lowercase HTTP method "post" is deprecated. Use uppercase HTTP method like "POST". in SYSTEMPATH\Router\RouteCollection.php on line 1027.
 1 SYSTEMPATH\Router\RouteCollection.php(1027): trigger_error('Passing lowercase HTTP method "post" is deprecated. Use uppercase HTTP method like "POST".', 16384)
 2 APPPATH\Config\Routes\UserRoutes.php(63): CodeIgniter\Router\RouteCollection->match([...], 'track-order', 'OrderController::track_order', [...])
 3 APPPATH\Config\Routes\UserRoutes.php(26): App\Config\Routes\UserRoutes::defineRoutes(Object(CodeIgniter\Router\RouteCollection))
 4 SYSTEMPATH\Router\RouteCollection.php(800): App\Config\Routes\UserRoutes::App\Config\Routes\{closure}(Object(CodeIgniter\Router\RouteCollection))
 5 APPPATH\Config\Routes\UserRoutes.php(25): CodeIgniter\Router\RouteCollection->group('{locale}', Object(Closure))
 6 APPPATH\Config\Routes.php(21): App\Config\Routes\UserRoutes::init(Object(CodeIgniter\Router\RouteCollection))
 7 SYSTEMPATH\Router\RouteCollection.php(340): require('C:\\xampp\\htdocs\\smartstore\\app\\Config\\Routes.php')
 8 SYSTEMPATH\CodeIgniter.php(823): CodeIgniter\Router\RouteCollection->loadRoutes()
 9 SYSTEMPATH\CodeIgniter.php(457): CodeIgniter\CodeIgniter->tryToRouteIt(null)
10 SYSTEMPATH\CodeIgniter.php(355): CodeIgniter\CodeIgniter->handleRequest(null, Object(Config\Cache), false)
11 SYSTEMPATH\Boot.php(325): CodeIgniter\CodeIgniter->run()
12 SYSTEMPATH\Boot.php(67): CodeIgniter\Boot::runCodeIgniter(Object(CodeIgniter\CodeIgniter))
13 FCPATH\index.php(63): CodeIgniter\Boot::bootWeb(Object(Config\Paths))
INFO - 2025-06-07 13:48:40 --> Session: Class initialized using 'CodeIgniter\Session\Handlers\FileHandler' driver.
WARNING - 2025-06-07 13:48:40 --> [DEPRECATED] Creation of dynamic property App\Controllers\Public\PageController::$load_files is deprecated in APPPATH\Controllers\Public\PageController.php on line 21.
 1 SYSTEMPATH\CodeIgniter.php(903): App\Controllers\Public\PageController->__construct()
 2 SYSTEMPATH\CodeIgniter.php(500): CodeIgniter\CodeIgniter->createController()
 3 SYSTEMPATH\CodeIgniter.php(355): CodeIgniter\CodeIgniter->handleRequest(null, Object(Config\Cache), false)
 4 SYSTEMPATH\Boot.php(325): CodeIgniter\CodeIgniter->run()
 5 SYSTEMPATH\Boot.php(67): CodeIgniter\Boot::runCodeIgniter(Object(CodeIgniter\CodeIgniter))
 6 FCPATH\index.php(63): CodeIgniter\Boot::bootWeb(Object(Config\Paths))
WARNING - 2025-06-07 13:48:40 --> [DEPRECATED] Creation of dynamic property App\Controllers\Public\PageController::$page_title is deprecated in APPPATH\Controllers\Public\PageController.php on line 22.
 1 SYSTEMPATH\CodeIgniter.php(903): App\Controllers\Public\PageController->__construct()
 2 SYSTEMPATH\CodeIgniter.php(500): CodeIgniter\CodeIgniter->createController()
 3 SYSTEMPATH\CodeIgniter.php(355): CodeIgniter\CodeIgniter->handleRequest(null, Object(Config\Cache), false)
 4 SYSTEMPATH\Boot.php(325): CodeIgniter\CodeIgniter->run()
 5 SYSTEMPATH\Boot.php(67): CodeIgniter\Boot::runCodeIgniter(Object(CodeIgniter\CodeIgniter))
 6 FCPATH\index.php(63): CodeIgniter\Boot::bootWeb(Object(Config\Paths))
WARNING - 2025-06-07 13:49:57 --> [DEPRECATED] Passing lowercase HTTP method "get" is deprecated. Use uppercase HTTP method like "GET". in SYSTEMPATH\Router\RouteCollection.php on line 1027.
 1 SYSTEMPATH\Router\RouteCollection.php(1027): trigger_error('Passing lowercase HTTP method "get" is deprecated. Use uppercase HTTP method like "GET".', 16384)
 2 APPPATH\Config\Routes\AdminRoutes.php(65): CodeIgniter\Router\RouteCollection->match([...], 'send_test_mail', 'SettingsController::send_test_mail')
 3 SYSTEMPATH\Router\RouteCollection.php(800): App\Config\Routes\AdminRoutes::App\Config\Routes\{closure}(Object(CodeIgniter\Router\RouteCollection))
 4 APPPATH\Config\Routes\AdminRoutes.php(63): CodeIgniter\Router\RouteCollection->group('settings', [...], Object(Closure))
 5 SYSTEMPATH\Router\RouteCollection.php(800): App\Config\Routes\AdminRoutes::App\Config\Routes\{closure}(Object(CodeIgniter\Router\RouteCollection))
 6 APPPATH\Config\Routes\AdminRoutes.php(28): CodeIgniter\Router\RouteCollection->group('admin', [...], Object(Closure))
 7 APPPATH\Config\Routes.php(20): App\Config\Routes\AdminRoutes::init(Object(CodeIgniter\Router\RouteCollection))
 8 SYSTEMPATH\Router\RouteCollection.php(340): require('C:\\xampp\\htdocs\\smartstore\\app\\Config\\Routes.php')
 9 SYSTEMPATH\CodeIgniter.php(823): CodeIgniter\Router\RouteCollection->loadRoutes()
10 SYSTEMPATH\CodeIgniter.php(457): CodeIgniter\CodeIgniter->tryToRouteIt(null)
11 SYSTEMPATH\CodeIgniter.php(355): CodeIgniter\CodeIgniter->handleRequest(null, Object(Config\Cache), false)
12 SYSTEMPATH\Boot.php(325): CodeIgniter\CodeIgniter->run()
13 SYSTEMPATH\Boot.php(67): CodeIgniter\Boot::runCodeIgniter(Object(CodeIgniter\CodeIgniter))
14 FCPATH\index.php(63): CodeIgniter\Boot::bootWeb(Object(Config\Paths))
WARNING - 2025-06-07 13:49:57 --> [DEPRECATED] Passing lowercase HTTP method "post" is deprecated. Use uppercase HTTP method like "POST". in SYSTEMPATH\Router\RouteCollection.php on line 1027.
 1 SYSTEMPATH\Router\RouteCollection.php(1027): trigger_error('Passing lowercase HTTP method "post" is deprecated. Use uppercase HTTP method like "POST".', 16384)
 2 APPPATH\Config\Routes\AdminRoutes.php(65): CodeIgniter\Router\RouteCollection->match([...], 'send_test_mail', 'SettingsController::send_test_mail')
 3 SYSTEMPATH\Router\RouteCollection.php(800): App\Config\Routes\AdminRoutes::App\Config\Routes\{closure}(Object(CodeIgniter\Router\RouteCollection))
 4 APPPATH\Config\Routes\AdminRoutes.php(63): CodeIgniter\Router\RouteCollection->group('settings', [...], Object(Closure))
 5 SYSTEMPATH\Router\RouteCollection.php(800): App\Config\Routes\AdminRoutes::App\Config\Routes\{closure}(Object(CodeIgniter\Router\RouteCollection))
 6 APPPATH\Config\Routes\AdminRoutes.php(28): CodeIgniter\Router\RouteCollection->group('admin', [...], Object(Closure))
 7 APPPATH\Config\Routes.php(20): App\Config\Routes\AdminRoutes::init(Object(CodeIgniter\Router\RouteCollection))
 8 SYSTEMPATH\Router\RouteCollection.php(340): require('C:\\xampp\\htdocs\\smartstore\\app\\Config\\Routes.php')
 9 SYSTEMPATH\CodeIgniter.php(823): CodeIgniter\Router\RouteCollection->loadRoutes()
10 SYSTEMPATH\CodeIgniter.php(457): CodeIgniter\CodeIgniter->tryToRouteIt(null)
11 SYSTEMPATH\CodeIgniter.php(355): CodeIgniter\CodeIgniter->handleRequest(null, Object(Config\Cache), false)
12 SYSTEMPATH\Boot.php(325): CodeIgniter\CodeIgniter->run()
13 SYSTEMPATH\Boot.php(67): CodeIgniter\Boot::runCodeIgniter(Object(CodeIgniter\CodeIgniter))
14 FCPATH\index.php(63): CodeIgniter\Boot::bootWeb(Object(Config\Paths))
WARNING - 2025-06-07 13:49:57 --> [DEPRECATED] Passing lowercase HTTP method "get" is deprecated. Use uppercase HTTP method like "GET". in SYSTEMPATH\Router\RouteCollection.php on line 1027.
 1 SYSTEMPATH\Router\RouteCollection.php(1027): trigger_error('Passing lowercase HTTP method "get" is deprecated. Use uppercase HTTP method like "GET".', 16384)
 2 APPPATH\Config\Routes\AdminRoutes.php(76): CodeIgniter\Router\RouteCollection->match([...], 'elfinder_connector', 'FilemanagerController::elfinder_connector')
 3 SYSTEMPATH\Router\RouteCollection.php(800): App\Config\Routes\AdminRoutes::App\Config\Routes\{closure}(Object(CodeIgniter\Router\RouteCollection))
 4 APPPATH\Config\Routes\AdminRoutes.php(73): CodeIgniter\Router\RouteCollection->group('filemanager', [...], Object(Closure))
 5 SYSTEMPATH\Router\RouteCollection.php(800): App\Config\Routes\AdminRoutes::App\Config\Routes\{closure}(Object(CodeIgniter\Router\RouteCollection))
 6 APPPATH\Config\Routes\AdminRoutes.php(28): CodeIgniter\Router\RouteCollection->group('admin', [...], Object(Closure))
 7 APPPATH\Config\Routes.php(20): App\Config\Routes\AdminRoutes::init(Object(CodeIgniter\Router\RouteCollection))
 8 SYSTEMPATH\Router\RouteCollection.php(340): require('C:\\xampp\\htdocs\\smartstore\\app\\Config\\Routes.php')
 9 SYSTEMPATH\CodeIgniter.php(823): CodeIgniter\Router\RouteCollection->loadRoutes()
10 SYSTEMPATH\CodeIgniter.php(457): CodeIgniter\CodeIgniter->tryToRouteIt(null)
11 SYSTEMPATH\CodeIgniter.php(355): CodeIgniter\CodeIgniter->handleRequest(null, Object(Config\Cache), false)
12 SYSTEMPATH\Boot.php(325): CodeIgniter\CodeIgniter->run()
13 SYSTEMPATH\Boot.php(67): CodeIgniter\Boot::runCodeIgniter(Object(CodeIgniter\CodeIgniter))
14 FCPATH\index.php(63): CodeIgniter\Boot::bootWeb(Object(Config\Paths))
WARNING - 2025-06-07 13:49:57 --> [DEPRECATED] Passing lowercase HTTP method "post" is deprecated. Use uppercase HTTP method like "POST". in SYSTEMPATH\Router\RouteCollection.php on line 1027.
 1 SYSTEMPATH\Router\RouteCollection.php(1027): trigger_error('Passing lowercase HTTP method "post" is deprecated. Use uppercase HTTP method like "POST".', 16384)
 2 APPPATH\Config\Routes\AdminRoutes.php(76): CodeIgniter\Router\RouteCollection->match([...], 'elfinder_connector', 'FilemanagerController::elfinder_connector')
 3 SYSTEMPATH\Router\RouteCollection.php(800): App\Config\Routes\AdminRoutes::App\Config\Routes\{closure}(Object(CodeIgniter\Router\RouteCollection))
 4 APPPATH\Config\Routes\AdminRoutes.php(73): CodeIgniter\Router\RouteCollection->group('filemanager', [...], Object(Closure))
 5 SYSTEMPATH\Router\RouteCollection.php(800): App\Config\Routes\AdminRoutes::App\Config\Routes\{closure}(Object(CodeIgniter\Router\RouteCollection))
 6 APPPATH\Config\Routes\AdminRoutes.php(28): CodeIgniter\Router\RouteCollection->group('admin', [...], Object(Closure))
 7 APPPATH\Config\Routes.php(20): App\Config\Routes\AdminRoutes::init(Object(CodeIgniter\Router\RouteCollection))
 8 SYSTEMPATH\Router\RouteCollection.php(340): require('C:\\xampp\\htdocs\\smartstore\\app\\Config\\Routes.php')
 9 SYSTEMPATH\CodeIgniter.php(823): CodeIgniter\Router\RouteCollection->loadRoutes()
10 SYSTEMPATH\CodeIgniter.php(457): CodeIgniter\CodeIgniter->tryToRouteIt(null)
11 SYSTEMPATH\CodeIgniter.php(355): CodeIgniter\CodeIgniter->handleRequest(null, Object(Config\Cache), false)
12 SYSTEMPATH\Boot.php(325): CodeIgniter\CodeIgniter->run()
13 SYSTEMPATH\Boot.php(67): CodeIgniter\Boot::runCodeIgniter(Object(CodeIgniter\CodeIgniter))
14 FCPATH\index.php(63): CodeIgniter\Boot::bootWeb(Object(Config\Paths))
WARNING - 2025-06-07 13:49:57 --> [DEPRECATED] Passing lowercase HTTP method "get" is deprecated. Use uppercase HTTP method like "GET". in SYSTEMPATH\Router\RouteCollection.php on line 1027.
 1 SYSTEMPATH\Router\RouteCollection.php(1027): trigger_error('Passing lowercase HTTP method "get" is deprecated. Use uppercase HTTP method like "GET".', 16384)
 2 APPPATH\Config\Routes\AdminRoutes.php(172): CodeIgniter\Router\RouteCollection->match([...], 'sync_services/?(:num)?', 'ProvidersController::sync_services/$1')
 3 SYSTEMPATH\Router\RouteCollection.php(800): App\Config\Routes\AdminRoutes::App\Config\Routes\{closure}(Object(CodeIgniter\Router\RouteCollection))
 4 APPPATH\Config\Routes\AdminRoutes.php(167): CodeIgniter\Router\RouteCollection->group('providers', [...], Object(Closure))
 5 SYSTEMPATH\Router\RouteCollection.php(800): App\Config\Routes\AdminRoutes::App\Config\Routes\{closure}(Object(CodeIgniter\Router\RouteCollection))
 6 APPPATH\Config\Routes\AdminRoutes.php(28): CodeIgniter\Router\RouteCollection->group('admin', [...], Object(Closure))
 7 APPPATH\Config\Routes.php(20): App\Config\Routes\AdminRoutes::init(Object(CodeIgniter\Router\RouteCollection))
 8 SYSTEMPATH\Router\RouteCollection.php(340): require('C:\\xampp\\htdocs\\smartstore\\app\\Config\\Routes.php')
 9 SYSTEMPATH\CodeIgniter.php(823): CodeIgniter\Router\RouteCollection->loadRoutes()
10 SYSTEMPATH\CodeIgniter.php(457): CodeIgniter\CodeIgniter->tryToRouteIt(null)
11 SYSTEMPATH\CodeIgniter.php(355): CodeIgniter\CodeIgniter->handleRequest(null, Object(Config\Cache), false)
12 SYSTEMPATH\Boot.php(325): CodeIgniter\CodeIgniter->run()
13 SYSTEMPATH\Boot.php(67): CodeIgniter\Boot::runCodeIgniter(Object(CodeIgniter\CodeIgniter))
14 FCPATH\index.php(63): CodeIgniter\Boot::bootWeb(Object(Config\Paths))
WARNING - 2025-06-07 13:49:57 --> [DEPRECATED] Passing lowercase HTTP method "post" is deprecated. Use uppercase HTTP method like "POST". in SYSTEMPATH\Router\RouteCollection.php on line 1027.
 1 SYSTEMPATH\Router\RouteCollection.php(1027): trigger_error('Passing lowercase HTTP method "post" is deprecated. Use uppercase HTTP method like "POST".', 16384)
 2 APPPATH\Config\Routes\AdminRoutes.php(172): CodeIgniter\Router\RouteCollection->match([...], 'sync_services/?(:num)?', 'ProvidersController::sync_services/$1')
 3 SYSTEMPATH\Router\RouteCollection.php(800): App\Config\Routes\AdminRoutes::App\Config\Routes\{closure}(Object(CodeIgniter\Router\RouteCollection))
 4 APPPATH\Config\Routes\AdminRoutes.php(167): CodeIgniter\Router\RouteCollection->group('providers', [...], Object(Closure))
 5 SYSTEMPATH\Router\RouteCollection.php(800): App\Config\Routes\AdminRoutes::App\Config\Routes\{closure}(Object(CodeIgniter\Router\RouteCollection))
 6 APPPATH\Config\Routes\AdminRoutes.php(28): CodeIgniter\Router\RouteCollection->group('admin', [...], Object(Closure))
 7 APPPATH\Config\Routes.php(20): App\Config\Routes\AdminRoutes::init(Object(CodeIgniter\Router\RouteCollection))
 8 SYSTEMPATH\Router\RouteCollection.php(340): require('C:\\xampp\\htdocs\\smartstore\\app\\Config\\Routes.php')
 9 SYSTEMPATH\CodeIgniter.php(823): CodeIgniter\Router\RouteCollection->loadRoutes()
10 SYSTEMPATH\CodeIgniter.php(457): CodeIgniter\CodeIgniter->tryToRouteIt(null)
11 SYSTEMPATH\CodeIgniter.php(355): CodeIgniter\CodeIgniter->handleRequest(null, Object(Config\Cache), false)
12 SYSTEMPATH\Boot.php(325): CodeIgniter\CodeIgniter->run()
13 SYSTEMPATH\Boot.php(67): CodeIgniter\Boot::runCodeIgniter(Object(CodeIgniter\CodeIgniter))
14 FCPATH\index.php(63): CodeIgniter\Boot::bootWeb(Object(Config\Paths))
WARNING - 2025-06-07 13:49:57 --> [DEPRECATED] Passing lowercase HTTP method "get" is deprecated. Use uppercase HTTP method like "GET". in SYSTEMPATH\Router\RouteCollection.php on line 1027.
 1 SYSTEMPATH\Router\RouteCollection.php(1027): trigger_error('Passing lowercase HTTP method "get" is deprecated. Use uppercase HTTP method like "GET".', 16384)
 2 APPPATH\Config\Routes\AdminRoutes.php(185): CodeIgniter\Router\RouteCollection->match([...], 'add_note/?(:num)?', 'UsersController::add_note/$1')
 3 SYSTEMPATH\Router\RouteCollection.php(800): App\Config\Routes\AdminRoutes::App\Config\Routes\{closure}(Object(CodeIgniter\Router\RouteCollection))
 4 APPPATH\Config\Routes\AdminRoutes.php(182): CodeIgniter\Router\RouteCollection->group('users', [...], Object(Closure))
 5 SYSTEMPATH\Router\RouteCollection.php(800): App\Config\Routes\AdminRoutes::App\Config\Routes\{closure}(Object(CodeIgniter\Router\RouteCollection))
 6 APPPATH\Config\Routes\AdminRoutes.php(28): CodeIgniter\Router\RouteCollection->group('admin', [...], Object(Closure))
 7 APPPATH\Config\Routes.php(20): App\Config\Routes\AdminRoutes::init(Object(CodeIgniter\Router\RouteCollection))
 8 SYSTEMPATH\Router\RouteCollection.php(340): require('C:\\xampp\\htdocs\\smartstore\\app\\Config\\Routes.php')
 9 SYSTEMPATH\CodeIgniter.php(823): CodeIgniter\Router\RouteCollection->loadRoutes()
10 SYSTEMPATH\CodeIgniter.php(457): CodeIgniter\CodeIgniter->tryToRouteIt(null)
11 SYSTEMPATH\CodeIgniter.php(355): CodeIgniter\CodeIgniter->handleRequest(null, Object(Config\Cache), false)
12 SYSTEMPATH\Boot.php(325): CodeIgniter\CodeIgniter->run()
13 SYSTEMPATH\Boot.php(67): CodeIgniter\Boot::runCodeIgniter(Object(CodeIgniter\CodeIgniter))
14 FCPATH\index.php(63): CodeIgniter\Boot::bootWeb(Object(Config\Paths))
WARNING - 2025-06-07 13:49:57 --> [DEPRECATED] Passing lowercase HTTP method "post" is deprecated. Use uppercase HTTP method like "POST". in SYSTEMPATH\Router\RouteCollection.php on line 1027.
 1 SYSTEMPATH\Router\RouteCollection.php(1027): trigger_error('Passing lowercase HTTP method "post" is deprecated. Use uppercase HTTP method like "POST".', 16384)
 2 APPPATH\Config\Routes\AdminRoutes.php(185): CodeIgniter\Router\RouteCollection->match([...], 'add_note/?(:num)?', 'UsersController::add_note/$1')
 3 SYSTEMPATH\Router\RouteCollection.php(800): App\Config\Routes\AdminRoutes::App\Config\Routes\{closure}(Object(CodeIgniter\Router\RouteCollection))
 4 APPPATH\Config\Routes\AdminRoutes.php(182): CodeIgniter\Router\RouteCollection->group('users', [...], Object(Closure))
 5 SYSTEMPATH\Router\RouteCollection.php(800): App\Config\Routes\AdminRoutes::App\Config\Routes\{closure}(Object(CodeIgniter\Router\RouteCollection))
 6 APPPATH\Config\Routes\AdminRoutes.php(28): CodeIgniter\Router\RouteCollection->group('admin', [...], Object(Closure))
 7 APPPATH\Config\Routes.php(20): App\Config\Routes\AdminRoutes::init(Object(CodeIgniter\Router\RouteCollection))
 8 SYSTEMPATH\Router\RouteCollection.php(340): require('C:\\xampp\\htdocs\\smartstore\\app\\Config\\Routes.php')
 9 SYSTEMPATH\CodeIgniter.php(823): CodeIgniter\Router\RouteCollection->loadRoutes()
10 SYSTEMPATH\CodeIgniter.php(457): CodeIgniter\CodeIgniter->tryToRouteIt(null)
11 SYSTEMPATH\CodeIgniter.php(355): CodeIgniter\CodeIgniter->handleRequest(null, Object(Config\Cache), false)
12 SYSTEMPATH\Boot.php(325): CodeIgniter\CodeIgniter->run()
13 SYSTEMPATH\Boot.php(67): CodeIgniter\Boot::runCodeIgniter(Object(CodeIgniter\CodeIgniter))
14 FCPATH\index.php(63): CodeIgniter\Boot::bootWeb(Object(Config\Paths))
WARNING - 2025-06-07 13:49:57 --> [DEPRECATED] Passing lowercase HTTP method "get" is deprecated. Use uppercase HTTP method like "GET". in SYSTEMPATH\Router\RouteCollection.php on line 1027.
 1 SYSTEMPATH\Router\RouteCollection.php(1027): trigger_error('Passing lowercase HTTP method "get" is deprecated. Use uppercase HTTP method like "GET".', 16384)
 2 APPPATH\Config\Routes\AdminRoutes.php(186): CodeIgniter\Router\RouteCollection->match([...], 'send_mail/?(:num)?', 'UsersController::send_mail/$1')
 3 SYSTEMPATH\Router\RouteCollection.php(800): App\Config\Routes\AdminRoutes::App\Config\Routes\{closure}(Object(CodeIgniter\Router\RouteCollection))
 4 APPPATH\Config\Routes\AdminRoutes.php(182): CodeIgniter\Router\RouteCollection->group('users', [...], Object(Closure))
 5 SYSTEMPATH\Router\RouteCollection.php(800): App\Config\Routes\AdminRoutes::App\Config\Routes\{closure}(Object(CodeIgniter\Router\RouteCollection))
 6 APPPATH\Config\Routes\AdminRoutes.php(28): CodeIgniter\Router\RouteCollection->group('admin', [...], Object(Closure))
 7 APPPATH\Config\Routes.php(20): App\Config\Routes\AdminRoutes::init(Object(CodeIgniter\Router\RouteCollection))
 8 SYSTEMPATH\Router\RouteCollection.php(340): require('C:\\xampp\\htdocs\\smartstore\\app\\Config\\Routes.php')
 9 SYSTEMPATH\CodeIgniter.php(823): CodeIgniter\Router\RouteCollection->loadRoutes()
10 SYSTEMPATH\CodeIgniter.php(457): CodeIgniter\CodeIgniter->tryToRouteIt(null)
11 SYSTEMPATH\CodeIgniter.php(355): CodeIgniter\CodeIgniter->handleRequest(null, Object(Config\Cache), false)
12 SYSTEMPATH\Boot.php(325): CodeIgniter\CodeIgniter->run()
13 SYSTEMPATH\Boot.php(67): CodeIgniter\Boot::runCodeIgniter(Object(CodeIgniter\CodeIgniter))
14 FCPATH\index.php(63): CodeIgniter\Boot::bootWeb(Object(Config\Paths))
WARNING - 2025-06-07 13:49:57 --> [DEPRECATED] Passing lowercase HTTP method "post" is deprecated. Use uppercase HTTP method like "POST". in SYSTEMPATH\Router\RouteCollection.php on line 1027.
 1 SYSTEMPATH\Router\RouteCollection.php(1027): trigger_error('Passing lowercase HTTP method "post" is deprecated. Use uppercase HTTP method like "POST".', 16384)
 2 APPPATH\Config\Routes\AdminRoutes.php(186): CodeIgniter\Router\RouteCollection->match([...], 'send_mail/?(:num)?', 'UsersController::send_mail/$1')
 3 SYSTEMPATH\Router\RouteCollection.php(800): App\Config\Routes\AdminRoutes::App\Config\Routes\{closure}(Object(CodeIgniter\Router\RouteCollection))
 4 APPPATH\Config\Routes\AdminRoutes.php(182): CodeIgniter\Router\RouteCollection->group('users', [...], Object(Closure))
 5 SYSTEMPATH\Router\RouteCollection.php(800): App\Config\Routes\AdminRoutes::App\Config\Routes\{closure}(Object(CodeIgniter\Router\RouteCollection))
 6 APPPATH\Config\Routes\AdminRoutes.php(28): CodeIgniter\Router\RouteCollection->group('admin', [...], Object(Closure))
 7 APPPATH\Config\Routes.php(20): App\Config\Routes\AdminRoutes::init(Object(CodeIgniter\Router\RouteCollection))
 8 SYSTEMPATH\Router\RouteCollection.php(340): require('C:\\xampp\\htdocs\\smartstore\\app\\Config\\Routes.php')
 9 SYSTEMPATH\CodeIgniter.php(823): CodeIgniter\Router\RouteCollection->loadRoutes()
10 SYSTEMPATH\CodeIgniter.php(457): CodeIgniter\CodeIgniter->tryToRouteIt(null)
11 SYSTEMPATH\CodeIgniter.php(355): CodeIgniter\CodeIgniter->handleRequest(null, Object(Config\Cache), false)
12 SYSTEMPATH\Boot.php(325): CodeIgniter\CodeIgniter->run()
13 SYSTEMPATH\Boot.php(67): CodeIgniter\Boot::runCodeIgniter(Object(CodeIgniter\CodeIgniter))
14 FCPATH\index.php(63): CodeIgniter\Boot::bootWeb(Object(Config\Paths))
WARNING - 2025-06-07 13:49:57 --> [DEPRECATED] Passing lowercase HTTP method "get" is deprecated. Use uppercase HTTP method like "GET". in SYSTEMPATH\Router\RouteCollection.php on line 1027.
 1 SYSTEMPATH\Router\RouteCollection.php(1027): trigger_error('Passing lowercase HTTP method "get" is deprecated. Use uppercase HTTP method like "GET".', 16384)
 2 APPPATH\Config\Routes\AdminRoutes.php(215): CodeIgniter\Router\RouteCollection->match([...], 'send_mail/?(:num)?', 'TicketsController::send_mail/$1')
 3 SYSTEMPATH\Router\RouteCollection.php(800): App\Config\Routes\AdminRoutes::App\Config\Routes\{closure}(Object(CodeIgniter\Router\RouteCollection))
 4 APPPATH\Config\Routes\AdminRoutes.php(212): CodeIgniter\Router\RouteCollection->group('tickets', [...], Object(Closure))
 5 SYSTEMPATH\Router\RouteCollection.php(800): App\Config\Routes\AdminRoutes::App\Config\Routes\{closure}(Object(CodeIgniter\Router\RouteCollection))
 6 APPPATH\Config\Routes\AdminRoutes.php(28): CodeIgniter\Router\RouteCollection->group('admin', [...], Object(Closure))
 7 APPPATH\Config\Routes.php(20): App\Config\Routes\AdminRoutes::init(Object(CodeIgniter\Router\RouteCollection))
 8 SYSTEMPATH\Router\RouteCollection.php(340): require('C:\\xampp\\htdocs\\smartstore\\app\\Config\\Routes.php')
 9 SYSTEMPATH\CodeIgniter.php(823): CodeIgniter\Router\RouteCollection->loadRoutes()
10 SYSTEMPATH\CodeIgniter.php(457): CodeIgniter\CodeIgniter->tryToRouteIt(null)
11 SYSTEMPATH\CodeIgniter.php(355): CodeIgniter\CodeIgniter->handleRequest(null, Object(Config\Cache), false)
12 SYSTEMPATH\Boot.php(325): CodeIgniter\CodeIgniter->run()
13 SYSTEMPATH\Boot.php(67): CodeIgniter\Boot::runCodeIgniter(Object(CodeIgniter\CodeIgniter))
14 FCPATH\index.php(63): CodeIgniter\Boot::bootWeb(Object(Config\Paths))
WARNING - 2025-06-07 13:49:57 --> [DEPRECATED] Passing lowercase HTTP method "post" is deprecated. Use uppercase HTTP method like "POST". in SYSTEMPATH\Router\RouteCollection.php on line 1027.
 1 SYSTEMPATH\Router\RouteCollection.php(1027): trigger_error('Passing lowercase HTTP method "post" is deprecated. Use uppercase HTTP method like "POST".', 16384)
 2 APPPATH\Config\Routes\AdminRoutes.php(215): CodeIgniter\Router\RouteCollection->match([...], 'send_mail/?(:num)?', 'TicketsController::send_mail/$1')
 3 SYSTEMPATH\Router\RouteCollection.php(800): App\Config\Routes\AdminRoutes::App\Config\Routes\{closure}(Object(CodeIgniter\Router\RouteCollection))
 4 APPPATH\Config\Routes\AdminRoutes.php(212): CodeIgniter\Router\RouteCollection->group('tickets', [...], Object(Closure))
 5 SYSTEMPATH\Router\RouteCollection.php(800): App\Config\Routes\AdminRoutes::App\Config\Routes\{closure}(Object(CodeIgniter\Router\RouteCollection))
 6 APPPATH\Config\Routes\AdminRoutes.php(28): CodeIgniter\Router\RouteCollection->group('admin', [...], Object(Closure))
 7 APPPATH\Config\Routes.php(20): App\Config\Routes\AdminRoutes::init(Object(CodeIgniter\Router\RouteCollection))
 8 SYSTEMPATH\Router\RouteCollection.php(340): require('C:\\xampp\\htdocs\\smartstore\\app\\Config\\Routes.php')
 9 SYSTEMPATH\CodeIgniter.php(823): CodeIgniter\Router\RouteCollection->loadRoutes()
10 SYSTEMPATH\CodeIgniter.php(457): CodeIgniter\CodeIgniter->tryToRouteIt(null)
11 SYSTEMPATH\CodeIgniter.php(355): CodeIgniter\CodeIgniter->handleRequest(null, Object(Config\Cache), false)
12 SYSTEMPATH\Boot.php(325): CodeIgniter\CodeIgniter->run()
13 SYSTEMPATH\Boot.php(67): CodeIgniter\Boot::runCodeIgniter(Object(CodeIgniter\CodeIgniter))
14 FCPATH\index.php(63): CodeIgniter\Boot::bootWeb(Object(Config\Paths))
WARNING - 2025-06-07 13:49:57 --> [DEPRECATED] Passing lowercase HTTP method "get" is deprecated. Use uppercase HTTP method like "GET". in SYSTEMPATH\Router\RouteCollection.php on line 1027.
 1 SYSTEMPATH\Router\RouteCollection.php(1027): trigger_error('Passing lowercase HTTP method "get" is deprecated. Use uppercase HTTP method like "GET".', 16384)
 2 APPPATH\Config\Routes\UserRoutes.php(49): CodeIgniter\Router\RouteCollection->match([...], 'submit_review', 'ClientController::submit_review', [...])
 3 APPPATH\Config\Routes\UserRoutes.php(23): App\Config\Routes\UserRoutes::defineRoutes(Object(CodeIgniter\Router\RouteCollection))
 4 APPPATH\Config\Routes.php(21): App\Config\Routes\UserRoutes::init(Object(CodeIgniter\Router\RouteCollection))
 5 SYSTEMPATH\Router\RouteCollection.php(340): require('C:\\xampp\\htdocs\\smartstore\\app\\Config\\Routes.php')
 6 SYSTEMPATH\CodeIgniter.php(823): CodeIgniter\Router\RouteCollection->loadRoutes()
 7 SYSTEMPATH\CodeIgniter.php(457): CodeIgniter\CodeIgniter->tryToRouteIt(null)
 8 SYSTEMPATH\CodeIgniter.php(355): CodeIgniter\CodeIgniter->handleRequest(null, Object(Config\Cache), false)
 9 SYSTEMPATH\Boot.php(325): CodeIgniter\CodeIgniter->run()
10 SYSTEMPATH\Boot.php(67): CodeIgniter\Boot::runCodeIgniter(Object(CodeIgniter\CodeIgniter))
11 FCPATH\index.php(63): CodeIgniter\Boot::bootWeb(Object(Config\Paths))
WARNING - 2025-06-07 13:49:57 --> [DEPRECATED] Passing lowercase HTTP method "post" is deprecated. Use uppercase HTTP method like "POST". in SYSTEMPATH\Router\RouteCollection.php on line 1027.
 1 SYSTEMPATH\Router\RouteCollection.php(1027): trigger_error('Passing lowercase HTTP method "post" is deprecated. Use uppercase HTTP method like "POST".', 16384)
 2 APPPATH\Config\Routes\UserRoutes.php(49): CodeIgniter\Router\RouteCollection->match([...], 'submit_review', 'ClientController::submit_review', [...])
 3 APPPATH\Config\Routes\UserRoutes.php(23): App\Config\Routes\UserRoutes::defineRoutes(Object(CodeIgniter\Router\RouteCollection))
 4 APPPATH\Config\Routes.php(21): App\Config\Routes\UserRoutes::init(Object(CodeIgniter\Router\RouteCollection))
 5 SYSTEMPATH\Router\RouteCollection.php(340): require('C:\\xampp\\htdocs\\smartstore\\app\\Config\\Routes.php')
 6 SYSTEMPATH\CodeIgniter.php(823): CodeIgniter\Router\RouteCollection->loadRoutes()
 7 SYSTEMPATH\CodeIgniter.php(457): CodeIgniter\CodeIgniter->tryToRouteIt(null)
 8 SYSTEMPATH\CodeIgniter.php(355): CodeIgniter\CodeIgniter->handleRequest(null, Object(Config\Cache), false)
 9 SYSTEMPATH\Boot.php(325): CodeIgniter\CodeIgniter->run()
10 SYSTEMPATH\Boot.php(67): CodeIgniter\Boot::runCodeIgniter(Object(CodeIgniter\CodeIgniter))
11 FCPATH\index.php(63): CodeIgniter\Boot::bootWeb(Object(Config\Paths))
WARNING - 2025-06-07 13:49:57 --> [DEPRECATED] Passing lowercase HTTP method "get" is deprecated. Use uppercase HTTP method like "GET". in SYSTEMPATH\Router\RouteCollection.php on line 1027.
 1 SYSTEMPATH\Router\RouteCollection.php(1027): trigger_error('Passing lowercase HTTP method "get" is deprecated. Use uppercase HTTP method like "GET".', 16384)
 2 APPPATH\Config\Routes\UserRoutes.php(63): CodeIgniter\Router\RouteCollection->match([...], 'track-order', 'OrderController::track_order', [...])
 3 APPPATH\Config\Routes\UserRoutes.php(23): App\Config\Routes\UserRoutes::defineRoutes(Object(CodeIgniter\Router\RouteCollection))
 4 APPPATH\Config\Routes.php(21): App\Config\Routes\UserRoutes::init(Object(CodeIgniter\Router\RouteCollection))
 5 SYSTEMPATH\Router\RouteCollection.php(340): require('C:\\xampp\\htdocs\\smartstore\\app\\Config\\Routes.php')
 6 SYSTEMPATH\CodeIgniter.php(823): CodeIgniter\Router\RouteCollection->loadRoutes()
 7 SYSTEMPATH\CodeIgniter.php(457): CodeIgniter\CodeIgniter->tryToRouteIt(null)
 8 SYSTEMPATH\CodeIgniter.php(355): CodeIgniter\CodeIgniter->handleRequest(null, Object(Config\Cache), false)
 9 SYSTEMPATH\Boot.php(325): CodeIgniter\CodeIgniter->run()
10 SYSTEMPATH\Boot.php(67): CodeIgniter\Boot::runCodeIgniter(Object(CodeIgniter\CodeIgniter))
11 FCPATH\index.php(63): CodeIgniter\Boot::bootWeb(Object(Config\Paths))
WARNING - 2025-06-07 13:49:57 --> [DEPRECATED] Passing lowercase HTTP method "post" is deprecated. Use uppercase HTTP method like "POST". in SYSTEMPATH\Router\RouteCollection.php on line 1027.
 1 SYSTEMPATH\Router\RouteCollection.php(1027): trigger_error('Passing lowercase HTTP method "post" is deprecated. Use uppercase HTTP method like "POST".', 16384)
 2 APPPATH\Config\Routes\UserRoutes.php(63): CodeIgniter\Router\RouteCollection->match([...], 'track-order', 'OrderController::track_order', [...])
 3 APPPATH\Config\Routes\UserRoutes.php(23): App\Config\Routes\UserRoutes::defineRoutes(Object(CodeIgniter\Router\RouteCollection))
 4 APPPATH\Config\Routes.php(21): App\Config\Routes\UserRoutes::init(Object(CodeIgniter\Router\RouteCollection))
 5 SYSTEMPATH\Router\RouteCollection.php(340): require('C:\\xampp\\htdocs\\smartstore\\app\\Config\\Routes.php')
 6 SYSTEMPATH\CodeIgniter.php(823): CodeIgniter\Router\RouteCollection->loadRoutes()
 7 SYSTEMPATH\CodeIgniter.php(457): CodeIgniter\CodeIgniter->tryToRouteIt(null)
 8 SYSTEMPATH\CodeIgniter.php(355): CodeIgniter\CodeIgniter->handleRequest(null, Object(Config\Cache), false)
 9 SYSTEMPATH\Boot.php(325): CodeIgniter\CodeIgniter->run()
10 SYSTEMPATH\Boot.php(67): CodeIgniter\Boot::runCodeIgniter(Object(CodeIgniter\CodeIgniter))
11 FCPATH\index.php(63): CodeIgniter\Boot::bootWeb(Object(Config\Paths))
WARNING - 2025-06-07 13:49:57 --> [DEPRECATED] Passing lowercase HTTP method "get" is deprecated. Use uppercase HTTP method like "GET". in SYSTEMPATH\Router\RouteCollection.php on line 1027.
 1 SYSTEMPATH\Router\RouteCollection.php(1027): trigger_error('Passing lowercase HTTP method "get" is deprecated. Use uppercase HTTP method like "GET".', 16384)
 2 APPPATH\Config\Routes\UserRoutes.php(49): CodeIgniter\Router\RouteCollection->match([...], 'submit_review', 'ClientController::submit_review', [...])
 3 APPPATH\Config\Routes\UserRoutes.php(26): App\Config\Routes\UserRoutes::defineRoutes(Object(CodeIgniter\Router\RouteCollection))
 4 SYSTEMPATH\Router\RouteCollection.php(800): App\Config\Routes\UserRoutes::App\Config\Routes\{closure}(Object(CodeIgniter\Router\RouteCollection))
 5 APPPATH\Config\Routes\UserRoutes.php(25): CodeIgniter\Router\RouteCollection->group('{locale}', Object(Closure))
 6 APPPATH\Config\Routes.php(21): App\Config\Routes\UserRoutes::init(Object(CodeIgniter\Router\RouteCollection))
 7 SYSTEMPATH\Router\RouteCollection.php(340): require('C:\\xampp\\htdocs\\smartstore\\app\\Config\\Routes.php')
 8 SYSTEMPATH\CodeIgniter.php(823): CodeIgniter\Router\RouteCollection->loadRoutes()
 9 SYSTEMPATH\CodeIgniter.php(457): CodeIgniter\CodeIgniter->tryToRouteIt(null)
10 SYSTEMPATH\CodeIgniter.php(355): CodeIgniter\CodeIgniter->handleRequest(null, Object(Config\Cache), false)
11 SYSTEMPATH\Boot.php(325): CodeIgniter\CodeIgniter->run()
12 SYSTEMPATH\Boot.php(67): CodeIgniter\Boot::runCodeIgniter(Object(CodeIgniter\CodeIgniter))
13 FCPATH\index.php(63): CodeIgniter\Boot::bootWeb(Object(Config\Paths))
WARNING - 2025-06-07 13:49:57 --> [DEPRECATED] Passing lowercase HTTP method "post" is deprecated. Use uppercase HTTP method like "POST". in SYSTEMPATH\Router\RouteCollection.php on line 1027.
 1 SYSTEMPATH\Router\RouteCollection.php(1027): trigger_error('Passing lowercase HTTP method "post" is deprecated. Use uppercase HTTP method like "POST".', 16384)
 2 APPPATH\Config\Routes\UserRoutes.php(49): CodeIgniter\Router\RouteCollection->match([...], 'submit_review', 'ClientController::submit_review', [...])
 3 APPPATH\Config\Routes\UserRoutes.php(26): App\Config\Routes\UserRoutes::defineRoutes(Object(CodeIgniter\Router\RouteCollection))
 4 SYSTEMPATH\Router\RouteCollection.php(800): App\Config\Routes\UserRoutes::App\Config\Routes\{closure}(Object(CodeIgniter\Router\RouteCollection))
 5 APPPATH\Config\Routes\UserRoutes.php(25): CodeIgniter\Router\RouteCollection->group('{locale}', Object(Closure))
 6 APPPATH\Config\Routes.php(21): App\Config\Routes\UserRoutes::init(Object(CodeIgniter\Router\RouteCollection))
 7 SYSTEMPATH\Router\RouteCollection.php(340): require('C:\\xampp\\htdocs\\smartstore\\app\\Config\\Routes.php')
 8 SYSTEMPATH\CodeIgniter.php(823): CodeIgniter\Router\RouteCollection->loadRoutes()
 9 SYSTEMPATH\CodeIgniter.php(457): CodeIgniter\CodeIgniter->tryToRouteIt(null)
10 SYSTEMPATH\CodeIgniter.php(355): CodeIgniter\CodeIgniter->handleRequest(null, Object(Config\Cache), false)
11 SYSTEMPATH\Boot.php(325): CodeIgniter\CodeIgniter->run()
12 SYSTEMPATH\Boot.php(67): CodeIgniter\Boot::runCodeIgniter(Object(CodeIgniter\CodeIgniter))
13 FCPATH\index.php(63): CodeIgniter\Boot::bootWeb(Object(Config\Paths))
WARNING - 2025-06-07 13:49:57 --> [DEPRECATED] Passing lowercase HTTP method "get" is deprecated. Use uppercase HTTP method like "GET". in SYSTEMPATH\Router\RouteCollection.php on line 1027.
 1 SYSTEMPATH\Router\RouteCollection.php(1027): trigger_error('Passing lowercase HTTP method "get" is deprecated. Use uppercase HTTP method like "GET".', 16384)
 2 APPPATH\Config\Routes\UserRoutes.php(63): CodeIgniter\Router\RouteCollection->match([...], 'track-order', 'OrderController::track_order', [...])
 3 APPPATH\Config\Routes\UserRoutes.php(26): App\Config\Routes\UserRoutes::defineRoutes(Object(CodeIgniter\Router\RouteCollection))
 4 SYSTEMPATH\Router\RouteCollection.php(800): App\Config\Routes\UserRoutes::App\Config\Routes\{closure}(Object(CodeIgniter\Router\RouteCollection))
 5 APPPATH\Config\Routes\UserRoutes.php(25): CodeIgniter\Router\RouteCollection->group('{locale}', Object(Closure))
 6 APPPATH\Config\Routes.php(21): App\Config\Routes\UserRoutes::init(Object(CodeIgniter\Router\RouteCollection))
 7 SYSTEMPATH\Router\RouteCollection.php(340): require('C:\\xampp\\htdocs\\smartstore\\app\\Config\\Routes.php')
 8 SYSTEMPATH\CodeIgniter.php(823): CodeIgniter\Router\RouteCollection->loadRoutes()
 9 SYSTEMPATH\CodeIgniter.php(457): CodeIgniter\CodeIgniter->tryToRouteIt(null)
10 SYSTEMPATH\CodeIgniter.php(355): CodeIgniter\CodeIgniter->handleRequest(null, Object(Config\Cache), false)
11 SYSTEMPATH\Boot.php(325): CodeIgniter\CodeIgniter->run()
12 SYSTEMPATH\Boot.php(67): CodeIgniter\Boot::runCodeIgniter(Object(CodeIgniter\CodeIgniter))
13 FCPATH\index.php(63): CodeIgniter\Boot::bootWeb(Object(Config\Paths))
WARNING - 2025-06-07 13:49:57 --> [DEPRECATED] Passing lowercase HTTP method "post" is deprecated. Use uppercase HTTP method like "POST". in SYSTEMPATH\Router\RouteCollection.php on line 1027.
 1 SYSTEMPATH\Router\RouteCollection.php(1027): trigger_error('Passing lowercase HTTP method "post" is deprecated. Use uppercase HTTP method like "POST".', 16384)
 2 APPPATH\Config\Routes\UserRoutes.php(63): CodeIgniter\Router\RouteCollection->match([...], 'track-order', 'OrderController::track_order', [...])
 3 APPPATH\Config\Routes\UserRoutes.php(26): App\Config\Routes\UserRoutes::defineRoutes(Object(CodeIgniter\Router\RouteCollection))
 4 SYSTEMPATH\Router\RouteCollection.php(800): App\Config\Routes\UserRoutes::App\Config\Routes\{closure}(Object(CodeIgniter\Router\RouteCollection))
 5 APPPATH\Config\Routes\UserRoutes.php(25): CodeIgniter\Router\RouteCollection->group('{locale}', Object(Closure))
 6 APPPATH\Config\Routes.php(21): App\Config\Routes\UserRoutes::init(Object(CodeIgniter\Router\RouteCollection))
 7 SYSTEMPATH\Router\RouteCollection.php(340): require('C:\\xampp\\htdocs\\smartstore\\app\\Config\\Routes.php')
 8 SYSTEMPATH\CodeIgniter.php(823): CodeIgniter\Router\RouteCollection->loadRoutes()
 9 SYSTEMPATH\CodeIgniter.php(457): CodeIgniter\CodeIgniter->tryToRouteIt(null)
10 SYSTEMPATH\CodeIgniter.php(355): CodeIgniter\CodeIgniter->handleRequest(null, Object(Config\Cache), false)
11 SYSTEMPATH\Boot.php(325): CodeIgniter\CodeIgniter->run()
12 SYSTEMPATH\Boot.php(67): CodeIgniter\Boot::runCodeIgniter(Object(CodeIgniter\CodeIgniter))
13 FCPATH\index.php(63): CodeIgniter\Boot::bootWeb(Object(Config\Paths))
INFO - 2025-06-07 13:49:57 --> Session: Class initialized using 'CodeIgniter\Session\Handlers\FileHandler' driver.
WARNING - 2025-06-07 13:49:57 --> [DEPRECATED] Creation of dynamic property App\Controllers\Public\PageController::$load_files is deprecated in APPPATH\Controllers\Public\PageController.php on line 21.
 1 SYSTEMPATH\CodeIgniter.php(903): App\Controllers\Public\PageController->__construct()
 2 SYSTEMPATH\CodeIgniter.php(500): CodeIgniter\CodeIgniter->createController()
 3 SYSTEMPATH\CodeIgniter.php(355): CodeIgniter\CodeIgniter->handleRequest(null, Object(Config\Cache), false)
 4 SYSTEMPATH\Boot.php(325): CodeIgniter\CodeIgniter->run()
 5 SYSTEMPATH\Boot.php(67): CodeIgniter\Boot::runCodeIgniter(Object(CodeIgniter\CodeIgniter))
 6 FCPATH\index.php(63): CodeIgniter\Boot::bootWeb(Object(Config\Paths))
WARNING - 2025-06-07 13:49:57 --> [DEPRECATED] Creation of dynamic property App\Controllers\Public\PageController::$page_title is deprecated in APPPATH\Controllers\Public\PageController.php on line 22.
 1 SYSTEMPATH\CodeIgniter.php(903): App\Controllers\Public\PageController->__construct()
 2 SYSTEMPATH\CodeIgniter.php(500): CodeIgniter\CodeIgniter->createController()
 3 SYSTEMPATH\CodeIgniter.php(355): CodeIgniter\CodeIgniter->handleRequest(null, Object(Config\Cache), false)
 4 SYSTEMPATH\Boot.php(325): CodeIgniter\CodeIgniter->run()
 5 SYSTEMPATH\Boot.php(67): CodeIgniter\Boot::runCodeIgniter(Object(CodeIgniter\CodeIgniter))
 6 FCPATH\index.php(63): CodeIgniter\Boot::bootWeb(Object(Config\Paths))
WARNING - 2025-06-07 13:50:08 --> [DEPRECATED] Passing lowercase HTTP method "get" is deprecated. Use uppercase HTTP method like "GET". in SYSTEMPATH\Router\RouteCollection.php on line 1027.
 1 SYSTEMPATH\Router\RouteCollection.php(1027): trigger_error('Passing lowercase HTTP method "get" is deprecated. Use uppercase HTTP method like "GET".', 16384)
 2 APPPATH\Config\Routes\AdminRoutes.php(65): CodeIgniter\Router\RouteCollection->match([...], 'send_test_mail', 'SettingsController::send_test_mail')
 3 SYSTEMPATH\Router\RouteCollection.php(800): App\Config\Routes\AdminRoutes::App\Config\Routes\{closure}(Object(CodeIgniter\Router\RouteCollection))
 4 APPPATH\Config\Routes\AdminRoutes.php(63): CodeIgniter\Router\RouteCollection->group('settings', [...], Object(Closure))
 5 SYSTEMPATH\Router\RouteCollection.php(800): App\Config\Routes\AdminRoutes::App\Config\Routes\{closure}(Object(CodeIgniter\Router\RouteCollection))
 6 APPPATH\Config\Routes\AdminRoutes.php(28): CodeIgniter\Router\RouteCollection->group('admin', [...], Object(Closure))
 7 APPPATH\Config\Routes.php(20): App\Config\Routes\AdminRoutes::init(Object(CodeIgniter\Router\RouteCollection))
 8 SYSTEMPATH\Router\RouteCollection.php(340): require('C:\\xampp\\htdocs\\smartstore\\app\\Config\\Routes.php')
 9 SYSTEMPATH\CodeIgniter.php(823): CodeIgniter\Router\RouteCollection->loadRoutes()
10 SYSTEMPATH\CodeIgniter.php(457): CodeIgniter\CodeIgniter->tryToRouteIt(null)
11 SYSTEMPATH\CodeIgniter.php(355): CodeIgniter\CodeIgniter->handleRequest(null, Object(Config\Cache), false)
12 SYSTEMPATH\Boot.php(325): CodeIgniter\CodeIgniter->run()
13 SYSTEMPATH\Boot.php(67): CodeIgniter\Boot::runCodeIgniter(Object(CodeIgniter\CodeIgniter))
14 FCPATH\index.php(63): CodeIgniter\Boot::bootWeb(Object(Config\Paths))
WARNING - 2025-06-07 13:50:08 --> [DEPRECATED] Passing lowercase HTTP method "post" is deprecated. Use uppercase HTTP method like "POST". in SYSTEMPATH\Router\RouteCollection.php on line 1027.
 1 SYSTEMPATH\Router\RouteCollection.php(1027): trigger_error('Passing lowercase HTTP method "post" is deprecated. Use uppercase HTTP method like "POST".', 16384)
 2 APPPATH\Config\Routes\AdminRoutes.php(65): CodeIgniter\Router\RouteCollection->match([...], 'send_test_mail', 'SettingsController::send_test_mail')
 3 SYSTEMPATH\Router\RouteCollection.php(800): App\Config\Routes\AdminRoutes::App\Config\Routes\{closure}(Object(CodeIgniter\Router\RouteCollection))
 4 APPPATH\Config\Routes\AdminRoutes.php(63): CodeIgniter\Router\RouteCollection->group('settings', [...], Object(Closure))
 5 SYSTEMPATH\Router\RouteCollection.php(800): App\Config\Routes\AdminRoutes::App\Config\Routes\{closure}(Object(CodeIgniter\Router\RouteCollection))
 6 APPPATH\Config\Routes\AdminRoutes.php(28): CodeIgniter\Router\RouteCollection->group('admin', [...], Object(Closure))
 7 APPPATH\Config\Routes.php(20): App\Config\Routes\AdminRoutes::init(Object(CodeIgniter\Router\RouteCollection))
 8 SYSTEMPATH\Router\RouteCollection.php(340): require('C:\\xampp\\htdocs\\smartstore\\app\\Config\\Routes.php')
 9 SYSTEMPATH\CodeIgniter.php(823): CodeIgniter\Router\RouteCollection->loadRoutes()
10 SYSTEMPATH\CodeIgniter.php(457): CodeIgniter\CodeIgniter->tryToRouteIt(null)
11 SYSTEMPATH\CodeIgniter.php(355): CodeIgniter\CodeIgniter->handleRequest(null, Object(Config\Cache), false)
12 SYSTEMPATH\Boot.php(325): CodeIgniter\CodeIgniter->run()
13 SYSTEMPATH\Boot.php(67): CodeIgniter\Boot::runCodeIgniter(Object(CodeIgniter\CodeIgniter))
14 FCPATH\index.php(63): CodeIgniter\Boot::bootWeb(Object(Config\Paths))
WARNING - 2025-06-07 13:50:08 --> [DEPRECATED] Passing lowercase HTTP method "get" is deprecated. Use uppercase HTTP method like "GET". in SYSTEMPATH\Router\RouteCollection.php on line 1027.
 1 SYSTEMPATH\Router\RouteCollection.php(1027): trigger_error('Passing lowercase HTTP method "get" is deprecated. Use uppercase HTTP method like "GET".', 16384)
 2 APPPATH\Config\Routes\AdminRoutes.php(76): CodeIgniter\Router\RouteCollection->match([...], 'elfinder_connector', 'FilemanagerController::elfinder_connector')
 3 SYSTEMPATH\Router\RouteCollection.php(800): App\Config\Routes\AdminRoutes::App\Config\Routes\{closure}(Object(CodeIgniter\Router\RouteCollection))
 4 APPPATH\Config\Routes\AdminRoutes.php(73): CodeIgniter\Router\RouteCollection->group('filemanager', [...], Object(Closure))
 5 SYSTEMPATH\Router\RouteCollection.php(800): App\Config\Routes\AdminRoutes::App\Config\Routes\{closure}(Object(CodeIgniter\Router\RouteCollection))
 6 APPPATH\Config\Routes\AdminRoutes.php(28): CodeIgniter\Router\RouteCollection->group('admin', [...], Object(Closure))
 7 APPPATH\Config\Routes.php(20): App\Config\Routes\AdminRoutes::init(Object(CodeIgniter\Router\RouteCollection))
 8 SYSTEMPATH\Router\RouteCollection.php(340): require('C:\\xampp\\htdocs\\smartstore\\app\\Config\\Routes.php')
 9 SYSTEMPATH\CodeIgniter.php(823): CodeIgniter\Router\RouteCollection->loadRoutes()
10 SYSTEMPATH\CodeIgniter.php(457): CodeIgniter\CodeIgniter->tryToRouteIt(null)
11 SYSTEMPATH\CodeIgniter.php(355): CodeIgniter\CodeIgniter->handleRequest(null, Object(Config\Cache), false)
12 SYSTEMPATH\Boot.php(325): CodeIgniter\CodeIgniter->run()
13 SYSTEMPATH\Boot.php(67): CodeIgniter\Boot::runCodeIgniter(Object(CodeIgniter\CodeIgniter))
14 FCPATH\index.php(63): CodeIgniter\Boot::bootWeb(Object(Config\Paths))
WARNING - 2025-06-07 13:50:08 --> [DEPRECATED] Passing lowercase HTTP method "post" is deprecated. Use uppercase HTTP method like "POST". in SYSTEMPATH\Router\RouteCollection.php on line 1027.
 1 SYSTEMPATH\Router\RouteCollection.php(1027): trigger_error('Passing lowercase HTTP method "post" is deprecated. Use uppercase HTTP method like "POST".', 16384)
 2 APPPATH\Config\Routes\AdminRoutes.php(76): CodeIgniter\Router\RouteCollection->match([...], 'elfinder_connector', 'FilemanagerController::elfinder_connector')
 3 SYSTEMPATH\Router\RouteCollection.php(800): App\Config\Routes\AdminRoutes::App\Config\Routes\{closure}(Object(CodeIgniter\Router\RouteCollection))
 4 APPPATH\Config\Routes\AdminRoutes.php(73): CodeIgniter\Router\RouteCollection->group('filemanager', [...], Object(Closure))
 5 SYSTEMPATH\Router\RouteCollection.php(800): App\Config\Routes\AdminRoutes::App\Config\Routes\{closure}(Object(CodeIgniter\Router\RouteCollection))
 6 APPPATH\Config\Routes\AdminRoutes.php(28): CodeIgniter\Router\RouteCollection->group('admin', [...], Object(Closure))
 7 APPPATH\Config\Routes.php(20): App\Config\Routes\AdminRoutes::init(Object(CodeIgniter\Router\RouteCollection))
 8 SYSTEMPATH\Router\RouteCollection.php(340): require('C:\\xampp\\htdocs\\smartstore\\app\\Config\\Routes.php')
 9 SYSTEMPATH\CodeIgniter.php(823): CodeIgniter\Router\RouteCollection->loadRoutes()
10 SYSTEMPATH\CodeIgniter.php(457): CodeIgniter\CodeIgniter->tryToRouteIt(null)
11 SYSTEMPATH\CodeIgniter.php(355): CodeIgniter\CodeIgniter->handleRequest(null, Object(Config\Cache), false)
12 SYSTEMPATH\Boot.php(325): CodeIgniter\CodeIgniter->run()
13 SYSTEMPATH\Boot.php(67): CodeIgniter\Boot::runCodeIgniter(Object(CodeIgniter\CodeIgniter))
14 FCPATH\index.php(63): CodeIgniter\Boot::bootWeb(Object(Config\Paths))
WARNING - 2025-06-07 13:50:08 --> [DEPRECATED] Passing lowercase HTTP method "get" is deprecated. Use uppercase HTTP method like "GET". in SYSTEMPATH\Router\RouteCollection.php on line 1027.
 1 SYSTEMPATH\Router\RouteCollection.php(1027): trigger_error('Passing lowercase HTTP method "get" is deprecated. Use uppercase HTTP method like "GET".', 16384)
 2 APPPATH\Config\Routes\AdminRoutes.php(172): CodeIgniter\Router\RouteCollection->match([...], 'sync_services/?(:num)?', 'ProvidersController::sync_services/$1')
 3 SYSTEMPATH\Router\RouteCollection.php(800): App\Config\Routes\AdminRoutes::App\Config\Routes\{closure}(Object(CodeIgniter\Router\RouteCollection))
 4 APPPATH\Config\Routes\AdminRoutes.php(167): CodeIgniter\Router\RouteCollection->group('providers', [...], Object(Closure))
 5 SYSTEMPATH\Router\RouteCollection.php(800): App\Config\Routes\AdminRoutes::App\Config\Routes\{closure}(Object(CodeIgniter\Router\RouteCollection))
 6 APPPATH\Config\Routes\AdminRoutes.php(28): CodeIgniter\Router\RouteCollection->group('admin', [...], Object(Closure))
 7 APPPATH\Config\Routes.php(20): App\Config\Routes\AdminRoutes::init(Object(CodeIgniter\Router\RouteCollection))
 8 SYSTEMPATH\Router\RouteCollection.php(340): require('C:\\xampp\\htdocs\\smartstore\\app\\Config\\Routes.php')
 9 SYSTEMPATH\CodeIgniter.php(823): CodeIgniter\Router\RouteCollection->loadRoutes()
10 SYSTEMPATH\CodeIgniter.php(457): CodeIgniter\CodeIgniter->tryToRouteIt(null)
11 SYSTEMPATH\CodeIgniter.php(355): CodeIgniter\CodeIgniter->handleRequest(null, Object(Config\Cache), false)
12 SYSTEMPATH\Boot.php(325): CodeIgniter\CodeIgniter->run()
13 SYSTEMPATH\Boot.php(67): CodeIgniter\Boot::runCodeIgniter(Object(CodeIgniter\CodeIgniter))
14 FCPATH\index.php(63): CodeIgniter\Boot::bootWeb(Object(Config\Paths))
WARNING - 2025-06-07 13:50:08 --> [DEPRECATED] Passing lowercase HTTP method "post" is deprecated. Use uppercase HTTP method like "POST". in SYSTEMPATH\Router\RouteCollection.php on line 1027.
 1 SYSTEMPATH\Router\RouteCollection.php(1027): trigger_error('Passing lowercase HTTP method "post" is deprecated. Use uppercase HTTP method like "POST".', 16384)
 2 APPPATH\Config\Routes\AdminRoutes.php(172): CodeIgniter\Router\RouteCollection->match([...], 'sync_services/?(:num)?', 'ProvidersController::sync_services/$1')
 3 SYSTEMPATH\Router\RouteCollection.php(800): App\Config\Routes\AdminRoutes::App\Config\Routes\{closure}(Object(CodeIgniter\Router\RouteCollection))
 4 APPPATH\Config\Routes\AdminRoutes.php(167): CodeIgniter\Router\RouteCollection->group('providers', [...], Object(Closure))
 5 SYSTEMPATH\Router\RouteCollection.php(800): App\Config\Routes\AdminRoutes::App\Config\Routes\{closure}(Object(CodeIgniter\Router\RouteCollection))
 6 APPPATH\Config\Routes\AdminRoutes.php(28): CodeIgniter\Router\RouteCollection->group('admin', [...], Object(Closure))
 7 APPPATH\Config\Routes.php(20): App\Config\Routes\AdminRoutes::init(Object(CodeIgniter\Router\RouteCollection))
 8 SYSTEMPATH\Router\RouteCollection.php(340): require('C:\\xampp\\htdocs\\smartstore\\app\\Config\\Routes.php')
 9 SYSTEMPATH\CodeIgniter.php(823): CodeIgniter\Router\RouteCollection->loadRoutes()
10 SYSTEMPATH\CodeIgniter.php(457): CodeIgniter\CodeIgniter->tryToRouteIt(null)
11 SYSTEMPATH\CodeIgniter.php(355): CodeIgniter\CodeIgniter->handleRequest(null, Object(Config\Cache), false)
12 SYSTEMPATH\Boot.php(325): CodeIgniter\CodeIgniter->run()
13 SYSTEMPATH\Boot.php(67): CodeIgniter\Boot::runCodeIgniter(Object(CodeIgniter\CodeIgniter))
14 FCPATH\index.php(63): CodeIgniter\Boot::bootWeb(Object(Config\Paths))
WARNING - 2025-06-07 13:50:08 --> [DEPRECATED] Passing lowercase HTTP method "get" is deprecated. Use uppercase HTTP method like "GET". in SYSTEMPATH\Router\RouteCollection.php on line 1027.
 1 SYSTEMPATH\Router\RouteCollection.php(1027): trigger_error('Passing lowercase HTTP method "get" is deprecated. Use uppercase HTTP method like "GET".', 16384)
 2 APPPATH\Config\Routes\AdminRoutes.php(185): CodeIgniter\Router\RouteCollection->match([...], 'add_note/?(:num)?', 'UsersController::add_note/$1')
 3 SYSTEMPATH\Router\RouteCollection.php(800): App\Config\Routes\AdminRoutes::App\Config\Routes\{closure}(Object(CodeIgniter\Router\RouteCollection))
 4 APPPATH\Config\Routes\AdminRoutes.php(182): CodeIgniter\Router\RouteCollection->group('users', [...], Object(Closure))
 5 SYSTEMPATH\Router\RouteCollection.php(800): App\Config\Routes\AdminRoutes::App\Config\Routes\{closure}(Object(CodeIgniter\Router\RouteCollection))
 6 APPPATH\Config\Routes\AdminRoutes.php(28): CodeIgniter\Router\RouteCollection->group('admin', [...], Object(Closure))
 7 APPPATH\Config\Routes.php(20): App\Config\Routes\AdminRoutes::init(Object(CodeIgniter\Router\RouteCollection))
 8 SYSTEMPATH\Router\RouteCollection.php(340): require('C:\\xampp\\htdocs\\smartstore\\app\\Config\\Routes.php')
 9 SYSTEMPATH\CodeIgniter.php(823): CodeIgniter\Router\RouteCollection->loadRoutes()
10 SYSTEMPATH\CodeIgniter.php(457): CodeIgniter\CodeIgniter->tryToRouteIt(null)
11 SYSTEMPATH\CodeIgniter.php(355): CodeIgniter\CodeIgniter->handleRequest(null, Object(Config\Cache), false)
12 SYSTEMPATH\Boot.php(325): CodeIgniter\CodeIgniter->run()
13 SYSTEMPATH\Boot.php(67): CodeIgniter\Boot::runCodeIgniter(Object(CodeIgniter\CodeIgniter))
14 FCPATH\index.php(63): CodeIgniter\Boot::bootWeb(Object(Config\Paths))
WARNING - 2025-06-07 13:50:08 --> [DEPRECATED] Passing lowercase HTTP method "post" is deprecated. Use uppercase HTTP method like "POST". in SYSTEMPATH\Router\RouteCollection.php on line 1027.
 1 SYSTEMPATH\Router\RouteCollection.php(1027): trigger_error('Passing lowercase HTTP method "post" is deprecated. Use uppercase HTTP method like "POST".', 16384)
 2 APPPATH\Config\Routes\AdminRoutes.php(185): CodeIgniter\Router\RouteCollection->match([...], 'add_note/?(:num)?', 'UsersController::add_note/$1')
 3 SYSTEMPATH\Router\RouteCollection.php(800): App\Config\Routes\AdminRoutes::App\Config\Routes\{closure}(Object(CodeIgniter\Router\RouteCollection))
 4 APPPATH\Config\Routes\AdminRoutes.php(182): CodeIgniter\Router\RouteCollection->group('users', [...], Object(Closure))
 5 SYSTEMPATH\Router\RouteCollection.php(800): App\Config\Routes\AdminRoutes::App\Config\Routes\{closure}(Object(CodeIgniter\Router\RouteCollection))
 6 APPPATH\Config\Routes\AdminRoutes.php(28): CodeIgniter\Router\RouteCollection->group('admin', [...], Object(Closure))
 7 APPPATH\Config\Routes.php(20): App\Config\Routes\AdminRoutes::init(Object(CodeIgniter\Router\RouteCollection))
 8 SYSTEMPATH\Router\RouteCollection.php(340): require('C:\\xampp\\htdocs\\smartstore\\app\\Config\\Routes.php')
 9 SYSTEMPATH\CodeIgniter.php(823): CodeIgniter\Router\RouteCollection->loadRoutes()
10 SYSTEMPATH\CodeIgniter.php(457): CodeIgniter\CodeIgniter->tryToRouteIt(null)
11 SYSTEMPATH\CodeIgniter.php(355): CodeIgniter\CodeIgniter->handleRequest(null, Object(Config\Cache), false)
12 SYSTEMPATH\Boot.php(325): CodeIgniter\CodeIgniter->run()
13 SYSTEMPATH\Boot.php(67): CodeIgniter\Boot::runCodeIgniter(Object(CodeIgniter\CodeIgniter))
14 FCPATH\index.php(63): CodeIgniter\Boot::bootWeb(Object(Config\Paths))
WARNING - 2025-06-07 13:50:08 --> [DEPRECATED] Passing lowercase HTTP method "get" is deprecated. Use uppercase HTTP method like "GET". in SYSTEMPATH\Router\RouteCollection.php on line 1027.
 1 SYSTEMPATH\Router\RouteCollection.php(1027): trigger_error('Passing lowercase HTTP method "get" is deprecated. Use uppercase HTTP method like "GET".', 16384)
 2 APPPATH\Config\Routes\AdminRoutes.php(186): CodeIgniter\Router\RouteCollection->match([...], 'send_mail/?(:num)?', 'UsersController::send_mail/$1')
 3 SYSTEMPATH\Router\RouteCollection.php(800): App\Config\Routes\AdminRoutes::App\Config\Routes\{closure}(Object(CodeIgniter\Router\RouteCollection))
 4 APPPATH\Config\Routes\AdminRoutes.php(182): CodeIgniter\Router\RouteCollection->group('users', [...], Object(Closure))
 5 SYSTEMPATH\Router\RouteCollection.php(800): App\Config\Routes\AdminRoutes::App\Config\Routes\{closure}(Object(CodeIgniter\Router\RouteCollection))
 6 APPPATH\Config\Routes\AdminRoutes.php(28): CodeIgniter\Router\RouteCollection->group('admin', [...], Object(Closure))
 7 APPPATH\Config\Routes.php(20): App\Config\Routes\AdminRoutes::init(Object(CodeIgniter\Router\RouteCollection))
 8 SYSTEMPATH\Router\RouteCollection.php(340): require('C:\\xampp\\htdocs\\smartstore\\app\\Config\\Routes.php')
 9 SYSTEMPATH\CodeIgniter.php(823): CodeIgniter\Router\RouteCollection->loadRoutes()
10 SYSTEMPATH\CodeIgniter.php(457): CodeIgniter\CodeIgniter->tryToRouteIt(null)
11 SYSTEMPATH\CodeIgniter.php(355): CodeIgniter\CodeIgniter->handleRequest(null, Object(Config\Cache), false)
12 SYSTEMPATH\Boot.php(325): CodeIgniter\CodeIgniter->run()
13 SYSTEMPATH\Boot.php(67): CodeIgniter\Boot::runCodeIgniter(Object(CodeIgniter\CodeIgniter))
14 FCPATH\index.php(63): CodeIgniter\Boot::bootWeb(Object(Config\Paths))
WARNING - 2025-06-07 13:50:08 --> [DEPRECATED] Passing lowercase HTTP method "post" is deprecated. Use uppercase HTTP method like "POST". in SYSTEMPATH\Router\RouteCollection.php on line 1027.
 1 SYSTEMPATH\Router\RouteCollection.php(1027): trigger_error('Passing lowercase HTTP method "post" is deprecated. Use uppercase HTTP method like "POST".', 16384)
 2 APPPATH\Config\Routes\AdminRoutes.php(186): CodeIgniter\Router\RouteCollection->match([...], 'send_mail/?(:num)?', 'UsersController::send_mail/$1')
 3 SYSTEMPATH\Router\RouteCollection.php(800): App\Config\Routes\AdminRoutes::App\Config\Routes\{closure}(Object(CodeIgniter\Router\RouteCollection))
 4 APPPATH\Config\Routes\AdminRoutes.php(182): CodeIgniter\Router\RouteCollection->group('users', [...], Object(Closure))
 5 SYSTEMPATH\Router\RouteCollection.php(800): App\Config\Routes\AdminRoutes::App\Config\Routes\{closure}(Object(CodeIgniter\Router\RouteCollection))
 6 APPPATH\Config\Routes\AdminRoutes.php(28): CodeIgniter\Router\RouteCollection->group('admin', [...], Object(Closure))
 7 APPPATH\Config\Routes.php(20): App\Config\Routes\AdminRoutes::init(Object(CodeIgniter\Router\RouteCollection))
 8 SYSTEMPATH\Router\RouteCollection.php(340): require('C:\\xampp\\htdocs\\smartstore\\app\\Config\\Routes.php')
 9 SYSTEMPATH\CodeIgniter.php(823): CodeIgniter\Router\RouteCollection->loadRoutes()
10 SYSTEMPATH\CodeIgniter.php(457): CodeIgniter\CodeIgniter->tryToRouteIt(null)
11 SYSTEMPATH\CodeIgniter.php(355): CodeIgniter\CodeIgniter->handleRequest(null, Object(Config\Cache), false)
12 SYSTEMPATH\Boot.php(325): CodeIgniter\CodeIgniter->run()
13 SYSTEMPATH\Boot.php(67): CodeIgniter\Boot::runCodeIgniter(Object(CodeIgniter\CodeIgniter))
14 FCPATH\index.php(63): CodeIgniter\Boot::bootWeb(Object(Config\Paths))
WARNING - 2025-06-07 13:50:08 --> [DEPRECATED] Passing lowercase HTTP method "get" is deprecated. Use uppercase HTTP method like "GET". in SYSTEMPATH\Router\RouteCollection.php on line 1027.
 1 SYSTEMPATH\Router\RouteCollection.php(1027): trigger_error('Passing lowercase HTTP method "get" is deprecated. Use uppercase HTTP method like "GET".', 16384)
 2 APPPATH\Config\Routes\AdminRoutes.php(215): CodeIgniter\Router\RouteCollection->match([...], 'send_mail/?(:num)?', 'TicketsController::send_mail/$1')
 3 SYSTEMPATH\Router\RouteCollection.php(800): App\Config\Routes\AdminRoutes::App\Config\Routes\{closure}(Object(CodeIgniter\Router\RouteCollection))
 4 APPPATH\Config\Routes\AdminRoutes.php(212): CodeIgniter\Router\RouteCollection->group('tickets', [...], Object(Closure))
 5 SYSTEMPATH\Router\RouteCollection.php(800): App\Config\Routes\AdminRoutes::App\Config\Routes\{closure}(Object(CodeIgniter\Router\RouteCollection))
 6 APPPATH\Config\Routes\AdminRoutes.php(28): CodeIgniter\Router\RouteCollection->group('admin', [...], Object(Closure))
 7 APPPATH\Config\Routes.php(20): App\Config\Routes\AdminRoutes::init(Object(CodeIgniter\Router\RouteCollection))
 8 SYSTEMPATH\Router\RouteCollection.php(340): require('C:\\xampp\\htdocs\\smartstore\\app\\Config\\Routes.php')
 9 SYSTEMPATH\CodeIgniter.php(823): CodeIgniter\Router\RouteCollection->loadRoutes()
10 SYSTEMPATH\CodeIgniter.php(457): CodeIgniter\CodeIgniter->tryToRouteIt(null)
11 SYSTEMPATH\CodeIgniter.php(355): CodeIgniter\CodeIgniter->handleRequest(null, Object(Config\Cache), false)
12 SYSTEMPATH\Boot.php(325): CodeIgniter\CodeIgniter->run()
13 SYSTEMPATH\Boot.php(67): CodeIgniter\Boot::runCodeIgniter(Object(CodeIgniter\CodeIgniter))
14 FCPATH\index.php(63): CodeIgniter\Boot::bootWeb(Object(Config\Paths))
WARNING - 2025-06-07 13:50:08 --> [DEPRECATED] Passing lowercase HTTP method "post" is deprecated. Use uppercase HTTP method like "POST". in SYSTEMPATH\Router\RouteCollection.php on line 1027.
 1 SYSTEMPATH\Router\RouteCollection.php(1027): trigger_error('Passing lowercase HTTP method "post" is deprecated. Use uppercase HTTP method like "POST".', 16384)
 2 APPPATH\Config\Routes\AdminRoutes.php(215): CodeIgniter\Router\RouteCollection->match([...], 'send_mail/?(:num)?', 'TicketsController::send_mail/$1')
 3 SYSTEMPATH\Router\RouteCollection.php(800): App\Config\Routes\AdminRoutes::App\Config\Routes\{closure}(Object(CodeIgniter\Router\RouteCollection))
 4 APPPATH\Config\Routes\AdminRoutes.php(212): CodeIgniter\Router\RouteCollection->group('tickets', [...], Object(Closure))
 5 SYSTEMPATH\Router\RouteCollection.php(800): App\Config\Routes\AdminRoutes::App\Config\Routes\{closure}(Object(CodeIgniter\Router\RouteCollection))
 6 APPPATH\Config\Routes\AdminRoutes.php(28): CodeIgniter\Router\RouteCollection->group('admin', [...], Object(Closure))
 7 APPPATH\Config\Routes.php(20): App\Config\Routes\AdminRoutes::init(Object(CodeIgniter\Router\RouteCollection))
 8 SYSTEMPATH\Router\RouteCollection.php(340): require('C:\\xampp\\htdocs\\smartstore\\app\\Config\\Routes.php')
 9 SYSTEMPATH\CodeIgniter.php(823): CodeIgniter\Router\RouteCollection->loadRoutes()
10 SYSTEMPATH\CodeIgniter.php(457): CodeIgniter\CodeIgniter->tryToRouteIt(null)
11 SYSTEMPATH\CodeIgniter.php(355): CodeIgniter\CodeIgniter->handleRequest(null, Object(Config\Cache), false)
12 SYSTEMPATH\Boot.php(325): CodeIgniter\CodeIgniter->run()
13 SYSTEMPATH\Boot.php(67): CodeIgniter\Boot::runCodeIgniter(Object(CodeIgniter\CodeIgniter))
14 FCPATH\index.php(63): CodeIgniter\Boot::bootWeb(Object(Config\Paths))
WARNING - 2025-06-07 13:50:08 --> [DEPRECATED] Passing lowercase HTTP method "get" is deprecated. Use uppercase HTTP method like "GET". in SYSTEMPATH\Router\RouteCollection.php on line 1027.
 1 SYSTEMPATH\Router\RouteCollection.php(1027): trigger_error('Passing lowercase HTTP method "get" is deprecated. Use uppercase HTTP method like "GET".', 16384)
 2 APPPATH\Config\Routes\UserRoutes.php(49): CodeIgniter\Router\RouteCollection->match([...], 'submit_review', 'ClientController::submit_review', [...])
 3 APPPATH\Config\Routes\UserRoutes.php(23): App\Config\Routes\UserRoutes::defineRoutes(Object(CodeIgniter\Router\RouteCollection))
 4 APPPATH\Config\Routes.php(21): App\Config\Routes\UserRoutes::init(Object(CodeIgniter\Router\RouteCollection))
 5 SYSTEMPATH\Router\RouteCollection.php(340): require('C:\\xampp\\htdocs\\smartstore\\app\\Config\\Routes.php')
 6 SYSTEMPATH\CodeIgniter.php(823): CodeIgniter\Router\RouteCollection->loadRoutes()
 7 SYSTEMPATH\CodeIgniter.php(457): CodeIgniter\CodeIgniter->tryToRouteIt(null)
 8 SYSTEMPATH\CodeIgniter.php(355): CodeIgniter\CodeIgniter->handleRequest(null, Object(Config\Cache), false)
 9 SYSTEMPATH\Boot.php(325): CodeIgniter\CodeIgniter->run()
10 SYSTEMPATH\Boot.php(67): CodeIgniter\Boot::runCodeIgniter(Object(CodeIgniter\CodeIgniter))
11 FCPATH\index.php(63): CodeIgniter\Boot::bootWeb(Object(Config\Paths))
WARNING - 2025-06-07 13:50:08 --> [DEPRECATED] Passing lowercase HTTP method "post" is deprecated. Use uppercase HTTP method like "POST". in SYSTEMPATH\Router\RouteCollection.php on line 1027.
 1 SYSTEMPATH\Router\RouteCollection.php(1027): trigger_error('Passing lowercase HTTP method "post" is deprecated. Use uppercase HTTP method like "POST".', 16384)
 2 APPPATH\Config\Routes\UserRoutes.php(49): CodeIgniter\Router\RouteCollection->match([...], 'submit_review', 'ClientController::submit_review', [...])
 3 APPPATH\Config\Routes\UserRoutes.php(23): App\Config\Routes\UserRoutes::defineRoutes(Object(CodeIgniter\Router\RouteCollection))
 4 APPPATH\Config\Routes.php(21): App\Config\Routes\UserRoutes::init(Object(CodeIgniter\Router\RouteCollection))
 5 SYSTEMPATH\Router\RouteCollection.php(340): require('C:\\xampp\\htdocs\\smartstore\\app\\Config\\Routes.php')
 6 SYSTEMPATH\CodeIgniter.php(823): CodeIgniter\Router\RouteCollection->loadRoutes()
 7 SYSTEMPATH\CodeIgniter.php(457): CodeIgniter\CodeIgniter->tryToRouteIt(null)
 8 SYSTEMPATH\CodeIgniter.php(355): CodeIgniter\CodeIgniter->handleRequest(null, Object(Config\Cache), false)
 9 SYSTEMPATH\Boot.php(325): CodeIgniter\CodeIgniter->run()
10 SYSTEMPATH\Boot.php(67): CodeIgniter\Boot::runCodeIgniter(Object(CodeIgniter\CodeIgniter))
11 FCPATH\index.php(63): CodeIgniter\Boot::bootWeb(Object(Config\Paths))
WARNING - 2025-06-07 13:50:08 --> [DEPRECATED] Passing lowercase HTTP method "get" is deprecated. Use uppercase HTTP method like "GET". in SYSTEMPATH\Router\RouteCollection.php on line 1027.
 1 SYSTEMPATH\Router\RouteCollection.php(1027): trigger_error('Passing lowercase HTTP method "get" is deprecated. Use uppercase HTTP method like "GET".', 16384)
 2 APPPATH\Config\Routes\UserRoutes.php(63): CodeIgniter\Router\RouteCollection->match([...], 'track-order', 'OrderController::track_order', [...])
 3 APPPATH\Config\Routes\UserRoutes.php(23): App\Config\Routes\UserRoutes::defineRoutes(Object(CodeIgniter\Router\RouteCollection))
 4 APPPATH\Config\Routes.php(21): App\Config\Routes\UserRoutes::init(Object(CodeIgniter\Router\RouteCollection))
 5 SYSTEMPATH\Router\RouteCollection.php(340): require('C:\\xampp\\htdocs\\smartstore\\app\\Config\\Routes.php')
 6 SYSTEMPATH\CodeIgniter.php(823): CodeIgniter\Router\RouteCollection->loadRoutes()
 7 SYSTEMPATH\CodeIgniter.php(457): CodeIgniter\CodeIgniter->tryToRouteIt(null)
 8 SYSTEMPATH\CodeIgniter.php(355): CodeIgniter\CodeIgniter->handleRequest(null, Object(Config\Cache), false)
 9 SYSTEMPATH\Boot.php(325): CodeIgniter\CodeIgniter->run()
10 SYSTEMPATH\Boot.php(67): CodeIgniter\Boot::runCodeIgniter(Object(CodeIgniter\CodeIgniter))
11 FCPATH\index.php(63): CodeIgniter\Boot::bootWeb(Object(Config\Paths))
WARNING - 2025-06-07 13:50:08 --> [DEPRECATED] Passing lowercase HTTP method "post" is deprecated. Use uppercase HTTP method like "POST". in SYSTEMPATH\Router\RouteCollection.php on line 1027.
 1 SYSTEMPATH\Router\RouteCollection.php(1027): trigger_error('Passing lowercase HTTP method "post" is deprecated. Use uppercase HTTP method like "POST".', 16384)
 2 APPPATH\Config\Routes\UserRoutes.php(63): CodeIgniter\Router\RouteCollection->match([...], 'track-order', 'OrderController::track_order', [...])
 3 APPPATH\Config\Routes\UserRoutes.php(23): App\Config\Routes\UserRoutes::defineRoutes(Object(CodeIgniter\Router\RouteCollection))
 4 APPPATH\Config\Routes.php(21): App\Config\Routes\UserRoutes::init(Object(CodeIgniter\Router\RouteCollection))
 5 SYSTEMPATH\Router\RouteCollection.php(340): require('C:\\xampp\\htdocs\\smartstore\\app\\Config\\Routes.php')
 6 SYSTEMPATH\CodeIgniter.php(823): CodeIgniter\Router\RouteCollection->loadRoutes()
 7 SYSTEMPATH\CodeIgniter.php(457): CodeIgniter\CodeIgniter->tryToRouteIt(null)
 8 SYSTEMPATH\CodeIgniter.php(355): CodeIgniter\CodeIgniter->handleRequest(null, Object(Config\Cache), false)
 9 SYSTEMPATH\Boot.php(325): CodeIgniter\CodeIgniter->run()
10 SYSTEMPATH\Boot.php(67): CodeIgniter\Boot::runCodeIgniter(Object(CodeIgniter\CodeIgniter))
11 FCPATH\index.php(63): CodeIgniter\Boot::bootWeb(Object(Config\Paths))
WARNING - 2025-06-07 13:50:08 --> [DEPRECATED] Passing lowercase HTTP method "get" is deprecated. Use uppercase HTTP method like "GET". in SYSTEMPATH\Router\RouteCollection.php on line 1027.
 1 SYSTEMPATH\Router\RouteCollection.php(1027): trigger_error('Passing lowercase HTTP method "get" is deprecated. Use uppercase HTTP method like "GET".', 16384)
 2 APPPATH\Config\Routes\UserRoutes.php(49): CodeIgniter\Router\RouteCollection->match([...], 'submit_review', 'ClientController::submit_review', [...])
 3 APPPATH\Config\Routes\UserRoutes.php(26): App\Config\Routes\UserRoutes::defineRoutes(Object(CodeIgniter\Router\RouteCollection))
 4 SYSTEMPATH\Router\RouteCollection.php(800): App\Config\Routes\UserRoutes::App\Config\Routes\{closure}(Object(CodeIgniter\Router\RouteCollection))
 5 APPPATH\Config\Routes\UserRoutes.php(25): CodeIgniter\Router\RouteCollection->group('{locale}', Object(Closure))
 6 APPPATH\Config\Routes.php(21): App\Config\Routes\UserRoutes::init(Object(CodeIgniter\Router\RouteCollection))
 7 SYSTEMPATH\Router\RouteCollection.php(340): require('C:\\xampp\\htdocs\\smartstore\\app\\Config\\Routes.php')
 8 SYSTEMPATH\CodeIgniter.php(823): CodeIgniter\Router\RouteCollection->loadRoutes()
 9 SYSTEMPATH\CodeIgniter.php(457): CodeIgniter\CodeIgniter->tryToRouteIt(null)
10 SYSTEMPATH\CodeIgniter.php(355): CodeIgniter\CodeIgniter->handleRequest(null, Object(Config\Cache), false)
11 SYSTEMPATH\Boot.php(325): CodeIgniter\CodeIgniter->run()
12 SYSTEMPATH\Boot.php(67): CodeIgniter\Boot::runCodeIgniter(Object(CodeIgniter\CodeIgniter))
13 FCPATH\index.php(63): CodeIgniter\Boot::bootWeb(Object(Config\Paths))
WARNING - 2025-06-07 13:50:08 --> [DEPRECATED] Passing lowercase HTTP method "post" is deprecated. Use uppercase HTTP method like "POST". in SYSTEMPATH\Router\RouteCollection.php on line 1027.
 1 SYSTEMPATH\Router\RouteCollection.php(1027): trigger_error('Passing lowercase HTTP method "post" is deprecated. Use uppercase HTTP method like "POST".', 16384)
 2 APPPATH\Config\Routes\UserRoutes.php(49): CodeIgniter\Router\RouteCollection->match([...], 'submit_review', 'ClientController::submit_review', [...])
 3 APPPATH\Config\Routes\UserRoutes.php(26): App\Config\Routes\UserRoutes::defineRoutes(Object(CodeIgniter\Router\RouteCollection))
 4 SYSTEMPATH\Router\RouteCollection.php(800): App\Config\Routes\UserRoutes::App\Config\Routes\{closure}(Object(CodeIgniter\Router\RouteCollection))
 5 APPPATH\Config\Routes\UserRoutes.php(25): CodeIgniter\Router\RouteCollection->group('{locale}', Object(Closure))
 6 APPPATH\Config\Routes.php(21): App\Config\Routes\UserRoutes::init(Object(CodeIgniter\Router\RouteCollection))
 7 SYSTEMPATH\Router\RouteCollection.php(340): require('C:\\xampp\\htdocs\\smartstore\\app\\Config\\Routes.php')
 8 SYSTEMPATH\CodeIgniter.php(823): CodeIgniter\Router\RouteCollection->loadRoutes()
 9 SYSTEMPATH\CodeIgniter.php(457): CodeIgniter\CodeIgniter->tryToRouteIt(null)
10 SYSTEMPATH\CodeIgniter.php(355): CodeIgniter\CodeIgniter->handleRequest(null, Object(Config\Cache), false)
11 SYSTEMPATH\Boot.php(325): CodeIgniter\CodeIgniter->run()
12 SYSTEMPATH\Boot.php(67): CodeIgniter\Boot::runCodeIgniter(Object(CodeIgniter\CodeIgniter))
13 FCPATH\index.php(63): CodeIgniter\Boot::bootWeb(Object(Config\Paths))
WARNING - 2025-06-07 13:50:08 --> [DEPRECATED] Passing lowercase HTTP method "get" is deprecated. Use uppercase HTTP method like "GET". in SYSTEMPATH\Router\RouteCollection.php on line 1027.
 1 SYSTEMPATH\Router\RouteCollection.php(1027): trigger_error('Passing lowercase HTTP method "get" is deprecated. Use uppercase HTTP method like "GET".', 16384)
 2 APPPATH\Config\Routes\UserRoutes.php(63): CodeIgniter\Router\RouteCollection->match([...], 'track-order', 'OrderController::track_order', [...])
 3 APPPATH\Config\Routes\UserRoutes.php(26): App\Config\Routes\UserRoutes::defineRoutes(Object(CodeIgniter\Router\RouteCollection))
 4 SYSTEMPATH\Router\RouteCollection.php(800): App\Config\Routes\UserRoutes::App\Config\Routes\{closure}(Object(CodeIgniter\Router\RouteCollection))
 5 APPPATH\Config\Routes\UserRoutes.php(25): CodeIgniter\Router\RouteCollection->group('{locale}', Object(Closure))
 6 APPPATH\Config\Routes.php(21): App\Config\Routes\UserRoutes::init(Object(CodeIgniter\Router\RouteCollection))
 7 SYSTEMPATH\Router\RouteCollection.php(340): require('C:\\xampp\\htdocs\\smartstore\\app\\Config\\Routes.php')
 8 SYSTEMPATH\CodeIgniter.php(823): CodeIgniter\Router\RouteCollection->loadRoutes()
 9 SYSTEMPATH\CodeIgniter.php(457): CodeIgniter\CodeIgniter->tryToRouteIt(null)
10 SYSTEMPATH\CodeIgniter.php(355): CodeIgniter\CodeIgniter->handleRequest(null, Object(Config\Cache), false)
11 SYSTEMPATH\Boot.php(325): CodeIgniter\CodeIgniter->run()
12 SYSTEMPATH\Boot.php(67): CodeIgniter\Boot::runCodeIgniter(Object(CodeIgniter\CodeIgniter))
13 FCPATH\index.php(63): CodeIgniter\Boot::bootWeb(Object(Config\Paths))
WARNING - 2025-06-07 13:50:08 --> [DEPRECATED] Passing lowercase HTTP method "post" is deprecated. Use uppercase HTTP method like "POST". in SYSTEMPATH\Router\RouteCollection.php on line 1027.
 1 SYSTEMPATH\Router\RouteCollection.php(1027): trigger_error('Passing lowercase HTTP method "post" is deprecated. Use uppercase HTTP method like "POST".', 16384)
 2 APPPATH\Config\Routes\UserRoutes.php(63): CodeIgniter\Router\RouteCollection->match([...], 'track-order', 'OrderController::track_order', [...])
 3 APPPATH\Config\Routes\UserRoutes.php(26): App\Config\Routes\UserRoutes::defineRoutes(Object(CodeIgniter\Router\RouteCollection))
 4 SYSTEMPATH\Router\RouteCollection.php(800): App\Config\Routes\UserRoutes::App\Config\Routes\{closure}(Object(CodeIgniter\Router\RouteCollection))
 5 APPPATH\Config\Routes\UserRoutes.php(25): CodeIgniter\Router\RouteCollection->group('{locale}', Object(Closure))
 6 APPPATH\Config\Routes.php(21): App\Config\Routes\UserRoutes::init(Object(CodeIgniter\Router\RouteCollection))
 7 SYSTEMPATH\Router\RouteCollection.php(340): require('C:\\xampp\\htdocs\\smartstore\\app\\Config\\Routes.php')
 8 SYSTEMPATH\CodeIgniter.php(823): CodeIgniter\Router\RouteCollection->loadRoutes()
 9 SYSTEMPATH\CodeIgniter.php(457): CodeIgniter\CodeIgniter->tryToRouteIt(null)
10 SYSTEMPATH\CodeIgniter.php(355): CodeIgniter\CodeIgniter->handleRequest(null, Object(Config\Cache), false)
11 SYSTEMPATH\Boot.php(325): CodeIgniter\CodeIgniter->run()
12 SYSTEMPATH\Boot.php(67): CodeIgniter\Boot::runCodeIgniter(Object(CodeIgniter\CodeIgniter))
13 FCPATH\index.php(63): CodeIgniter\Boot::bootWeb(Object(Config\Paths))
INFO - 2025-06-07 13:50:08 --> Session: Class initialized using 'CodeIgniter\Session\Handlers\FileHandler' driver.
WARNING - 2025-06-07 13:50:08 --> [DEPRECATED] Creation of dynamic property App\Controllers\Public\PageController::$load_files is deprecated in APPPATH\Controllers\Public\PageController.php on line 21.
 1 SYSTEMPATH\CodeIgniter.php(903): App\Controllers\Public\PageController->__construct()
 2 SYSTEMPATH\CodeIgniter.php(500): CodeIgniter\CodeIgniter->createController()
 3 SYSTEMPATH\CodeIgniter.php(355): CodeIgniter\CodeIgniter->handleRequest(null, Object(Config\Cache), false)
 4 SYSTEMPATH\Boot.php(325): CodeIgniter\CodeIgniter->run()
 5 SYSTEMPATH\Boot.php(67): CodeIgniter\Boot::runCodeIgniter(Object(CodeIgniter\CodeIgniter))
 6 FCPATH\index.php(63): CodeIgniter\Boot::bootWeb(Object(Config\Paths))
WARNING - 2025-06-07 13:50:08 --> [DEPRECATED] Creation of dynamic property App\Controllers\Public\PageController::$page_title is deprecated in APPPATH\Controllers\Public\PageController.php on line 22.
 1 SYSTEMPATH\CodeIgniter.php(903): App\Controllers\Public\PageController->__construct()
 2 SYSTEMPATH\CodeIgniter.php(500): CodeIgniter\CodeIgniter->createController()
 3 SYSTEMPATH\CodeIgniter.php(355): CodeIgniter\CodeIgniter->handleRequest(null, Object(Config\Cache), false)
 4 SYSTEMPATH\Boot.php(325): CodeIgniter\CodeIgniter->run()
 5 SYSTEMPATH\Boot.php(67): CodeIgniter\Boot::runCodeIgniter(Object(CodeIgniter\CodeIgniter))
 6 FCPATH\index.php(63): CodeIgniter\Boot::bootWeb(Object(Config\Paths))
WARNING - 2025-06-07 13:51:48 --> [DEPRECATED] Passing lowercase HTTP method "get" is deprecated. Use uppercase HTTP method like "GET". in SYSTEMPATH\Router\RouteCollection.php on line 1027.
 1 SYSTEMPATH\Router\RouteCollection.php(1027): trigger_error('Passing lowercase HTTP method "get" is deprecated. Use uppercase HTTP method like "GET".', 16384)
 2 APPPATH\Config\Routes\AdminRoutes.php(65): CodeIgniter\Router\RouteCollection->match([...], 'send_test_mail', 'SettingsController::send_test_mail')
 3 SYSTEMPATH\Router\RouteCollection.php(800): App\Config\Routes\AdminRoutes::App\Config\Routes\{closure}(Object(CodeIgniter\Router\RouteCollection))
 4 APPPATH\Config\Routes\AdminRoutes.php(63): CodeIgniter\Router\RouteCollection->group('settings', [...], Object(Closure))
 5 SYSTEMPATH\Router\RouteCollection.php(800): App\Config\Routes\AdminRoutes::App\Config\Routes\{closure}(Object(CodeIgniter\Router\RouteCollection))
 6 APPPATH\Config\Routes\AdminRoutes.php(28): CodeIgniter\Router\RouteCollection->group('admin', [...], Object(Closure))
 7 APPPATH\Config\Routes.php(20): App\Config\Routes\AdminRoutes::init(Object(CodeIgniter\Router\RouteCollection))
 8 SYSTEMPATH\Router\RouteCollection.php(340): require('C:\\xampp\\htdocs\\smartstore\\app\\Config\\Routes.php')
 9 SYSTEMPATH\CodeIgniter.php(823): CodeIgniter\Router\RouteCollection->loadRoutes()
10 SYSTEMPATH\CodeIgniter.php(457): CodeIgniter\CodeIgniter->tryToRouteIt(null)
11 SYSTEMPATH\CodeIgniter.php(355): CodeIgniter\CodeIgniter->handleRequest(null, Object(Config\Cache), false)
12 SYSTEMPATH\Boot.php(325): CodeIgniter\CodeIgniter->run()
13 SYSTEMPATH\Boot.php(67): CodeIgniter\Boot::runCodeIgniter(Object(CodeIgniter\CodeIgniter))
14 FCPATH\index.php(63): CodeIgniter\Boot::bootWeb(Object(Config\Paths))
WARNING - 2025-06-07 13:51:48 --> [DEPRECATED] Passing lowercase HTTP method "post" is deprecated. Use uppercase HTTP method like "POST". in SYSTEMPATH\Router\RouteCollection.php on line 1027.
 1 SYSTEMPATH\Router\RouteCollection.php(1027): trigger_error('Passing lowercase HTTP method "post" is deprecated. Use uppercase HTTP method like "POST".', 16384)
 2 APPPATH\Config\Routes\AdminRoutes.php(65): CodeIgniter\Router\RouteCollection->match([...], 'send_test_mail', 'SettingsController::send_test_mail')
 3 SYSTEMPATH\Router\RouteCollection.php(800): App\Config\Routes\AdminRoutes::App\Config\Routes\{closure}(Object(CodeIgniter\Router\RouteCollection))
 4 APPPATH\Config\Routes\AdminRoutes.php(63): CodeIgniter\Router\RouteCollection->group('settings', [...], Object(Closure))
 5 SYSTEMPATH\Router\RouteCollection.php(800): App\Config\Routes\AdminRoutes::App\Config\Routes\{closure}(Object(CodeIgniter\Router\RouteCollection))
 6 APPPATH\Config\Routes\AdminRoutes.php(28): CodeIgniter\Router\RouteCollection->group('admin', [...], Object(Closure))
 7 APPPATH\Config\Routes.php(20): App\Config\Routes\AdminRoutes::init(Object(CodeIgniter\Router\RouteCollection))
 8 SYSTEMPATH\Router\RouteCollection.php(340): require('C:\\xampp\\htdocs\\smartstore\\app\\Config\\Routes.php')
 9 SYSTEMPATH\CodeIgniter.php(823): CodeIgniter\Router\RouteCollection->loadRoutes()
10 SYSTEMPATH\CodeIgniter.php(457): CodeIgniter\CodeIgniter->tryToRouteIt(null)
11 SYSTEMPATH\CodeIgniter.php(355): CodeIgniter\CodeIgniter->handleRequest(null, Object(Config\Cache), false)
12 SYSTEMPATH\Boot.php(325): CodeIgniter\CodeIgniter->run()
13 SYSTEMPATH\Boot.php(67): CodeIgniter\Boot::runCodeIgniter(Object(CodeIgniter\CodeIgniter))
14 FCPATH\index.php(63): CodeIgniter\Boot::bootWeb(Object(Config\Paths))
WARNING - 2025-06-07 13:51:48 --> [DEPRECATED] Passing lowercase HTTP method "get" is deprecated. Use uppercase HTTP method like "GET". in SYSTEMPATH\Router\RouteCollection.php on line 1027.
 1 SYSTEMPATH\Router\RouteCollection.php(1027): trigger_error('Passing lowercase HTTP method "get" is deprecated. Use uppercase HTTP method like "GET".', 16384)
 2 APPPATH\Config\Routes\AdminRoutes.php(76): CodeIgniter\Router\RouteCollection->match([...], 'elfinder_connector', 'FilemanagerController::elfinder_connector')
 3 SYSTEMPATH\Router\RouteCollection.php(800): App\Config\Routes\AdminRoutes::App\Config\Routes\{closure}(Object(CodeIgniter\Router\RouteCollection))
 4 APPPATH\Config\Routes\AdminRoutes.php(73): CodeIgniter\Router\RouteCollection->group('filemanager', [...], Object(Closure))
 5 SYSTEMPATH\Router\RouteCollection.php(800): App\Config\Routes\AdminRoutes::App\Config\Routes\{closure}(Object(CodeIgniter\Router\RouteCollection))
 6 APPPATH\Config\Routes\AdminRoutes.php(28): CodeIgniter\Router\RouteCollection->group('admin', [...], Object(Closure))
 7 APPPATH\Config\Routes.php(20): App\Config\Routes\AdminRoutes::init(Object(CodeIgniter\Router\RouteCollection))
 8 SYSTEMPATH\Router\RouteCollection.php(340): require('C:\\xampp\\htdocs\\smartstore\\app\\Config\\Routes.php')
 9 SYSTEMPATH\CodeIgniter.php(823): CodeIgniter\Router\RouteCollection->loadRoutes()
10 SYSTEMPATH\CodeIgniter.php(457): CodeIgniter\CodeIgniter->tryToRouteIt(null)
11 SYSTEMPATH\CodeIgniter.php(355): CodeIgniter\CodeIgniter->handleRequest(null, Object(Config\Cache), false)
12 SYSTEMPATH\Boot.php(325): CodeIgniter\CodeIgniter->run()
13 SYSTEMPATH\Boot.php(67): CodeIgniter\Boot::runCodeIgniter(Object(CodeIgniter\CodeIgniter))
14 FCPATH\index.php(63): CodeIgniter\Boot::bootWeb(Object(Config\Paths))
WARNING - 2025-06-07 13:51:48 --> [DEPRECATED] Passing lowercase HTTP method "post" is deprecated. Use uppercase HTTP method like "POST". in SYSTEMPATH\Router\RouteCollection.php on line 1027.
 1 SYSTEMPATH\Router\RouteCollection.php(1027): trigger_error('Passing lowercase HTTP method "post" is deprecated. Use uppercase HTTP method like "POST".', 16384)
 2 APPPATH\Config\Routes\AdminRoutes.php(76): CodeIgniter\Router\RouteCollection->match([...], 'elfinder_connector', 'FilemanagerController::elfinder_connector')
 3 SYSTEMPATH\Router\RouteCollection.php(800): App\Config\Routes\AdminRoutes::App\Config\Routes\{closure}(Object(CodeIgniter\Router\RouteCollection))
 4 APPPATH\Config\Routes\AdminRoutes.php(73): CodeIgniter\Router\RouteCollection->group('filemanager', [...], Object(Closure))
 5 SYSTEMPATH\Router\RouteCollection.php(800): App\Config\Routes\AdminRoutes::App\Config\Routes\{closure}(Object(CodeIgniter\Router\RouteCollection))
 6 APPPATH\Config\Routes\AdminRoutes.php(28): CodeIgniter\Router\RouteCollection->group('admin', [...], Object(Closure))
 7 APPPATH\Config\Routes.php(20): App\Config\Routes\AdminRoutes::init(Object(CodeIgniter\Router\RouteCollection))
 8 SYSTEMPATH\Router\RouteCollection.php(340): require('C:\\xampp\\htdocs\\smartstore\\app\\Config\\Routes.php')
 9 SYSTEMPATH\CodeIgniter.php(823): CodeIgniter\Router\RouteCollection->loadRoutes()
10 SYSTEMPATH\CodeIgniter.php(457): CodeIgniter\CodeIgniter->tryToRouteIt(null)
11 SYSTEMPATH\CodeIgniter.php(355): CodeIgniter\CodeIgniter->handleRequest(null, Object(Config\Cache), false)
12 SYSTEMPATH\Boot.php(325): CodeIgniter\CodeIgniter->run()
13 SYSTEMPATH\Boot.php(67): CodeIgniter\Boot::runCodeIgniter(Object(CodeIgniter\CodeIgniter))
14 FCPATH\index.php(63): CodeIgniter\Boot::bootWeb(Object(Config\Paths))
WARNING - 2025-06-07 13:51:48 --> [DEPRECATED] Passing lowercase HTTP method "get" is deprecated. Use uppercase HTTP method like "GET". in SYSTEMPATH\Router\RouteCollection.php on line 1027.
 1 SYSTEMPATH\Router\RouteCollection.php(1027): trigger_error('Passing lowercase HTTP method "get" is deprecated. Use uppercase HTTP method like "GET".', 16384)
 2 APPPATH\Config\Routes\AdminRoutes.php(172): CodeIgniter\Router\RouteCollection->match([...], 'sync_services/?(:num)?', 'ProvidersController::sync_services/$1')
 3 SYSTEMPATH\Router\RouteCollection.php(800): App\Config\Routes\AdminRoutes::App\Config\Routes\{closure}(Object(CodeIgniter\Router\RouteCollection))
 4 APPPATH\Config\Routes\AdminRoutes.php(167): CodeIgniter\Router\RouteCollection->group('providers', [...], Object(Closure))
 5 SYSTEMPATH\Router\RouteCollection.php(800): App\Config\Routes\AdminRoutes::App\Config\Routes\{closure}(Object(CodeIgniter\Router\RouteCollection))
 6 APPPATH\Config\Routes\AdminRoutes.php(28): CodeIgniter\Router\RouteCollection->group('admin', [...], Object(Closure))
 7 APPPATH\Config\Routes.php(20): App\Config\Routes\AdminRoutes::init(Object(CodeIgniter\Router\RouteCollection))
 8 SYSTEMPATH\Router\RouteCollection.php(340): require('C:\\xampp\\htdocs\\smartstore\\app\\Config\\Routes.php')
 9 SYSTEMPATH\CodeIgniter.php(823): CodeIgniter\Router\RouteCollection->loadRoutes()
10 SYSTEMPATH\CodeIgniter.php(457): CodeIgniter\CodeIgniter->tryToRouteIt(null)
11 SYSTEMPATH\CodeIgniter.php(355): CodeIgniter\CodeIgniter->handleRequest(null, Object(Config\Cache), false)
12 SYSTEMPATH\Boot.php(325): CodeIgniter\CodeIgniter->run()
13 SYSTEMPATH\Boot.php(67): CodeIgniter\Boot::runCodeIgniter(Object(CodeIgniter\CodeIgniter))
14 FCPATH\index.php(63): CodeIgniter\Boot::bootWeb(Object(Config\Paths))
WARNING - 2025-06-07 13:51:48 --> [DEPRECATED] Passing lowercase HTTP method "post" is deprecated. Use uppercase HTTP method like "POST". in SYSTEMPATH\Router\RouteCollection.php on line 1027.
 1 SYSTEMPATH\Router\RouteCollection.php(1027): trigger_error('Passing lowercase HTTP method "post" is deprecated. Use uppercase HTTP method like "POST".', 16384)
 2 APPPATH\Config\Routes\AdminRoutes.php(172): CodeIgniter\Router\RouteCollection->match([...], 'sync_services/?(:num)?', 'ProvidersController::sync_services/$1')
 3 SYSTEMPATH\Router\RouteCollection.php(800): App\Config\Routes\AdminRoutes::App\Config\Routes\{closure}(Object(CodeIgniter\Router\RouteCollection))
 4 APPPATH\Config\Routes\AdminRoutes.php(167): CodeIgniter\Router\RouteCollection->group('providers', [...], Object(Closure))
 5 SYSTEMPATH\Router\RouteCollection.php(800): App\Config\Routes\AdminRoutes::App\Config\Routes\{closure}(Object(CodeIgniter\Router\RouteCollection))
 6 APPPATH\Config\Routes\AdminRoutes.php(28): CodeIgniter\Router\RouteCollection->group('admin', [...], Object(Closure))
 7 APPPATH\Config\Routes.php(20): App\Config\Routes\AdminRoutes::init(Object(CodeIgniter\Router\RouteCollection))
 8 SYSTEMPATH\Router\RouteCollection.php(340): require('C:\\xampp\\htdocs\\smartstore\\app\\Config\\Routes.php')
 9 SYSTEMPATH\CodeIgniter.php(823): CodeIgniter\Router\RouteCollection->loadRoutes()
10 SYSTEMPATH\CodeIgniter.php(457): CodeIgniter\CodeIgniter->tryToRouteIt(null)
11 SYSTEMPATH\CodeIgniter.php(355): CodeIgniter\CodeIgniter->handleRequest(null, Object(Config\Cache), false)
12 SYSTEMPATH\Boot.php(325): CodeIgniter\CodeIgniter->run()
13 SYSTEMPATH\Boot.php(67): CodeIgniter\Boot::runCodeIgniter(Object(CodeIgniter\CodeIgniter))
14 FCPATH\index.php(63): CodeIgniter\Boot::bootWeb(Object(Config\Paths))
WARNING - 2025-06-07 13:51:48 --> [DEPRECATED] Passing lowercase HTTP method "get" is deprecated. Use uppercase HTTP method like "GET". in SYSTEMPATH\Router\RouteCollection.php on line 1027.
 1 SYSTEMPATH\Router\RouteCollection.php(1027): trigger_error('Passing lowercase HTTP method "get" is deprecated. Use uppercase HTTP method like "GET".', 16384)
 2 APPPATH\Config\Routes\AdminRoutes.php(185): CodeIgniter\Router\RouteCollection->match([...], 'add_note/?(:num)?', 'UsersController::add_note/$1')
 3 SYSTEMPATH\Router\RouteCollection.php(800): App\Config\Routes\AdminRoutes::App\Config\Routes\{closure}(Object(CodeIgniter\Router\RouteCollection))
 4 APPPATH\Config\Routes\AdminRoutes.php(182): CodeIgniter\Router\RouteCollection->group('users', [...], Object(Closure))
 5 SYSTEMPATH\Router\RouteCollection.php(800): App\Config\Routes\AdminRoutes::App\Config\Routes\{closure}(Object(CodeIgniter\Router\RouteCollection))
 6 APPPATH\Config\Routes\AdminRoutes.php(28): CodeIgniter\Router\RouteCollection->group('admin', [...], Object(Closure))
 7 APPPATH\Config\Routes.php(20): App\Config\Routes\AdminRoutes::init(Object(CodeIgniter\Router\RouteCollection))
 8 SYSTEMPATH\Router\RouteCollection.php(340): require('C:\\xampp\\htdocs\\smartstore\\app\\Config\\Routes.php')
 9 SYSTEMPATH\CodeIgniter.php(823): CodeIgniter\Router\RouteCollection->loadRoutes()
10 SYSTEMPATH\CodeIgniter.php(457): CodeIgniter\CodeIgniter->tryToRouteIt(null)
11 SYSTEMPATH\CodeIgniter.php(355): CodeIgniter\CodeIgniter->handleRequest(null, Object(Config\Cache), false)
12 SYSTEMPATH\Boot.php(325): CodeIgniter\CodeIgniter->run()
13 SYSTEMPATH\Boot.php(67): CodeIgniter\Boot::runCodeIgniter(Object(CodeIgniter\CodeIgniter))
14 FCPATH\index.php(63): CodeIgniter\Boot::bootWeb(Object(Config\Paths))
WARNING - 2025-06-07 13:51:48 --> [DEPRECATED] Passing lowercase HTTP method "post" is deprecated. Use uppercase HTTP method like "POST". in SYSTEMPATH\Router\RouteCollection.php on line 1027.
 1 SYSTEMPATH\Router\RouteCollection.php(1027): trigger_error('Passing lowercase HTTP method "post" is deprecated. Use uppercase HTTP method like "POST".', 16384)
 2 APPPATH\Config\Routes\AdminRoutes.php(185): CodeIgniter\Router\RouteCollection->match([...], 'add_note/?(:num)?', 'UsersController::add_note/$1')
 3 SYSTEMPATH\Router\RouteCollection.php(800): App\Config\Routes\AdminRoutes::App\Config\Routes\{closure}(Object(CodeIgniter\Router\RouteCollection))
 4 APPPATH\Config\Routes\AdminRoutes.php(182): CodeIgniter\Router\RouteCollection->group('users', [...], Object(Closure))
 5 SYSTEMPATH\Router\RouteCollection.php(800): App\Config\Routes\AdminRoutes::App\Config\Routes\{closure}(Object(CodeIgniter\Router\RouteCollection))
 6 APPPATH\Config\Routes\AdminRoutes.php(28): CodeIgniter\Router\RouteCollection->group('admin', [...], Object(Closure))
 7 APPPATH\Config\Routes.php(20): App\Config\Routes\AdminRoutes::init(Object(CodeIgniter\Router\RouteCollection))
 8 SYSTEMPATH\Router\RouteCollection.php(340): require('C:\\xampp\\htdocs\\smartstore\\app\\Config\\Routes.php')
 9 SYSTEMPATH\CodeIgniter.php(823): CodeIgniter\Router\RouteCollection->loadRoutes()
10 SYSTEMPATH\CodeIgniter.php(457): CodeIgniter\CodeIgniter->tryToRouteIt(null)
11 SYSTEMPATH\CodeIgniter.php(355): CodeIgniter\CodeIgniter->handleRequest(null, Object(Config\Cache), false)
12 SYSTEMPATH\Boot.php(325): CodeIgniter\CodeIgniter->run()
13 SYSTEMPATH\Boot.php(67): CodeIgniter\Boot::runCodeIgniter(Object(CodeIgniter\CodeIgniter))
14 FCPATH\index.php(63): CodeIgniter\Boot::bootWeb(Object(Config\Paths))
WARNING - 2025-06-07 13:51:48 --> [DEPRECATED] Passing lowercase HTTP method "get" is deprecated. Use uppercase HTTP method like "GET". in SYSTEMPATH\Router\RouteCollection.php on line 1027.
 1 SYSTEMPATH\Router\RouteCollection.php(1027): trigger_error('Passing lowercase HTTP method "get" is deprecated. Use uppercase HTTP method like "GET".', 16384)
 2 APPPATH\Config\Routes\AdminRoutes.php(186): CodeIgniter\Router\RouteCollection->match([...], 'send_mail/?(:num)?', 'UsersController::send_mail/$1')
 3 SYSTEMPATH\Router\RouteCollection.php(800): App\Config\Routes\AdminRoutes::App\Config\Routes\{closure}(Object(CodeIgniter\Router\RouteCollection))
 4 APPPATH\Config\Routes\AdminRoutes.php(182): CodeIgniter\Router\RouteCollection->group('users', [...], Object(Closure))
 5 SYSTEMPATH\Router\RouteCollection.php(800): App\Config\Routes\AdminRoutes::App\Config\Routes\{closure}(Object(CodeIgniter\Router\RouteCollection))
 6 APPPATH\Config\Routes\AdminRoutes.php(28): CodeIgniter\Router\RouteCollection->group('admin', [...], Object(Closure))
 7 APPPATH\Config\Routes.php(20): App\Config\Routes\AdminRoutes::init(Object(CodeIgniter\Router\RouteCollection))
 8 SYSTEMPATH\Router\RouteCollection.php(340): require('C:\\xampp\\htdocs\\smartstore\\app\\Config\\Routes.php')
 9 SYSTEMPATH\CodeIgniter.php(823): CodeIgniter\Router\RouteCollection->loadRoutes()
10 SYSTEMPATH\CodeIgniter.php(457): CodeIgniter\CodeIgniter->tryToRouteIt(null)
11 SYSTEMPATH\CodeIgniter.php(355): CodeIgniter\CodeIgniter->handleRequest(null, Object(Config\Cache), false)
12 SYSTEMPATH\Boot.php(325): CodeIgniter\CodeIgniter->run()
13 SYSTEMPATH\Boot.php(67): CodeIgniter\Boot::runCodeIgniter(Object(CodeIgniter\CodeIgniter))
14 FCPATH\index.php(63): CodeIgniter\Boot::bootWeb(Object(Config\Paths))
WARNING - 2025-06-07 13:51:48 --> [DEPRECATED] Passing lowercase HTTP method "post" is deprecated. Use uppercase HTTP method like "POST". in SYSTEMPATH\Router\RouteCollection.php on line 1027.
 1 SYSTEMPATH\Router\RouteCollection.php(1027): trigger_error('Passing lowercase HTTP method "post" is deprecated. Use uppercase HTTP method like "POST".', 16384)
 2 APPPATH\Config\Routes\AdminRoutes.php(186): CodeIgniter\Router\RouteCollection->match([...], 'send_mail/?(:num)?', 'UsersController::send_mail/$1')
 3 SYSTEMPATH\Router\RouteCollection.php(800): App\Config\Routes\AdminRoutes::App\Config\Routes\{closure}(Object(CodeIgniter\Router\RouteCollection))
 4 APPPATH\Config\Routes\AdminRoutes.php(182): CodeIgniter\Router\RouteCollection->group('users', [...], Object(Closure))
 5 SYSTEMPATH\Router\RouteCollection.php(800): App\Config\Routes\AdminRoutes::App\Config\Routes\{closure}(Object(CodeIgniter\Router\RouteCollection))
 6 APPPATH\Config\Routes\AdminRoutes.php(28): CodeIgniter\Router\RouteCollection->group('admin', [...], Object(Closure))
 7 APPPATH\Config\Routes.php(20): App\Config\Routes\AdminRoutes::init(Object(CodeIgniter\Router\RouteCollection))
 8 SYSTEMPATH\Router\RouteCollection.php(340): require('C:\\xampp\\htdocs\\smartstore\\app\\Config\\Routes.php')
 9 SYSTEMPATH\CodeIgniter.php(823): CodeIgniter\Router\RouteCollection->loadRoutes()
10 SYSTEMPATH\CodeIgniter.php(457): CodeIgniter\CodeIgniter->tryToRouteIt(null)
11 SYSTEMPATH\CodeIgniter.php(355): CodeIgniter\CodeIgniter->handleRequest(null, Object(Config\Cache), false)
12 SYSTEMPATH\Boot.php(325): CodeIgniter\CodeIgniter->run()
13 SYSTEMPATH\Boot.php(67): CodeIgniter\Boot::runCodeIgniter(Object(CodeIgniter\CodeIgniter))
14 FCPATH\index.php(63): CodeIgniter\Boot::bootWeb(Object(Config\Paths))
WARNING - 2025-06-07 13:51:48 --> [DEPRECATED] Passing lowercase HTTP method "get" is deprecated. Use uppercase HTTP method like "GET". in SYSTEMPATH\Router\RouteCollection.php on line 1027.
 1 SYSTEMPATH\Router\RouteCollection.php(1027): trigger_error('Passing lowercase HTTP method "get" is deprecated. Use uppercase HTTP method like "GET".', 16384)
 2 APPPATH\Config\Routes\AdminRoutes.php(215): CodeIgniter\Router\RouteCollection->match([...], 'send_mail/?(:num)?', 'TicketsController::send_mail/$1')
 3 SYSTEMPATH\Router\RouteCollection.php(800): App\Config\Routes\AdminRoutes::App\Config\Routes\{closure}(Object(CodeIgniter\Router\RouteCollection))
 4 APPPATH\Config\Routes\AdminRoutes.php(212): CodeIgniter\Router\RouteCollection->group('tickets', [...], Object(Closure))
 5 SYSTEMPATH\Router\RouteCollection.php(800): App\Config\Routes\AdminRoutes::App\Config\Routes\{closure}(Object(CodeIgniter\Router\RouteCollection))
 6 APPPATH\Config\Routes\AdminRoutes.php(28): CodeIgniter\Router\RouteCollection->group('admin', [...], Object(Closure))
 7 APPPATH\Config\Routes.php(20): App\Config\Routes\AdminRoutes::init(Object(CodeIgniter\Router\RouteCollection))
 8 SYSTEMPATH\Router\RouteCollection.php(340): require('C:\\xampp\\htdocs\\smartstore\\app\\Config\\Routes.php')
 9 SYSTEMPATH\CodeIgniter.php(823): CodeIgniter\Router\RouteCollection->loadRoutes()
10 SYSTEMPATH\CodeIgniter.php(457): CodeIgniter\CodeIgniter->tryToRouteIt(null)
11 SYSTEMPATH\CodeIgniter.php(355): CodeIgniter\CodeIgniter->handleRequest(null, Object(Config\Cache), false)
12 SYSTEMPATH\Boot.php(325): CodeIgniter\CodeIgniter->run()
13 SYSTEMPATH\Boot.php(67): CodeIgniter\Boot::runCodeIgniter(Object(CodeIgniter\CodeIgniter))
14 FCPATH\index.php(63): CodeIgniter\Boot::bootWeb(Object(Config\Paths))
WARNING - 2025-06-07 13:51:48 --> [DEPRECATED] Passing lowercase HTTP method "post" is deprecated. Use uppercase HTTP method like "POST". in SYSTEMPATH\Router\RouteCollection.php on line 1027.
 1 SYSTEMPATH\Router\RouteCollection.php(1027): trigger_error('Passing lowercase HTTP method "post" is deprecated. Use uppercase HTTP method like "POST".', 16384)
 2 APPPATH\Config\Routes\AdminRoutes.php(215): CodeIgniter\Router\RouteCollection->match([...], 'send_mail/?(:num)?', 'TicketsController::send_mail/$1')
 3 SYSTEMPATH\Router\RouteCollection.php(800): App\Config\Routes\AdminRoutes::App\Config\Routes\{closure}(Object(CodeIgniter\Router\RouteCollection))
 4 APPPATH\Config\Routes\AdminRoutes.php(212): CodeIgniter\Router\RouteCollection->group('tickets', [...], Object(Closure))
 5 SYSTEMPATH\Router\RouteCollection.php(800): App\Config\Routes\AdminRoutes::App\Config\Routes\{closure}(Object(CodeIgniter\Router\RouteCollection))
 6 APPPATH\Config\Routes\AdminRoutes.php(28): CodeIgniter\Router\RouteCollection->group('admin', [...], Object(Closure))
 7 APPPATH\Config\Routes.php(20): App\Config\Routes\AdminRoutes::init(Object(CodeIgniter\Router\RouteCollection))
 8 SYSTEMPATH\Router\RouteCollection.php(340): require('C:\\xampp\\htdocs\\smartstore\\app\\Config\\Routes.php')
 9 SYSTEMPATH\CodeIgniter.php(823): CodeIgniter\Router\RouteCollection->loadRoutes()
10 SYSTEMPATH\CodeIgniter.php(457): CodeIgniter\CodeIgniter->tryToRouteIt(null)
11 SYSTEMPATH\CodeIgniter.php(355): CodeIgniter\CodeIgniter->handleRequest(null, Object(Config\Cache), false)
12 SYSTEMPATH\Boot.php(325): CodeIgniter\CodeIgniter->run()
13 SYSTEMPATH\Boot.php(67): CodeIgniter\Boot::runCodeIgniter(Object(CodeIgniter\CodeIgniter))
14 FCPATH\index.php(63): CodeIgniter\Boot::bootWeb(Object(Config\Paths))
WARNING - 2025-06-07 13:51:48 --> [DEPRECATED] Passing lowercase HTTP method "get" is deprecated. Use uppercase HTTP method like "GET". in SYSTEMPATH\Router\RouteCollection.php on line 1027.
 1 SYSTEMPATH\Router\RouteCollection.php(1027): trigger_error('Passing lowercase HTTP method "get" is deprecated. Use uppercase HTTP method like "GET".', 16384)
 2 APPPATH\Config\Routes\UserRoutes.php(49): CodeIgniter\Router\RouteCollection->match([...], 'submit_review', 'ClientController::submit_review', [...])
 3 APPPATH\Config\Routes\UserRoutes.php(23): App\Config\Routes\UserRoutes::defineRoutes(Object(CodeIgniter\Router\RouteCollection))
 4 APPPATH\Config\Routes.php(21): App\Config\Routes\UserRoutes::init(Object(CodeIgniter\Router\RouteCollection))
 5 SYSTEMPATH\Router\RouteCollection.php(340): require('C:\\xampp\\htdocs\\smartstore\\app\\Config\\Routes.php')
 6 SYSTEMPATH\CodeIgniter.php(823): CodeIgniter\Router\RouteCollection->loadRoutes()
 7 SYSTEMPATH\CodeIgniter.php(457): CodeIgniter\CodeIgniter->tryToRouteIt(null)
 8 SYSTEMPATH\CodeIgniter.php(355): CodeIgniter\CodeIgniter->handleRequest(null, Object(Config\Cache), false)
 9 SYSTEMPATH\Boot.php(325): CodeIgniter\CodeIgniter->run()
10 SYSTEMPATH\Boot.php(67): CodeIgniter\Boot::runCodeIgniter(Object(CodeIgniter\CodeIgniter))
11 FCPATH\index.php(63): CodeIgniter\Boot::bootWeb(Object(Config\Paths))
WARNING - 2025-06-07 13:51:48 --> [DEPRECATED] Passing lowercase HTTP method "post" is deprecated. Use uppercase HTTP method like "POST". in SYSTEMPATH\Router\RouteCollection.php on line 1027.
 1 SYSTEMPATH\Router\RouteCollection.php(1027): trigger_error('Passing lowercase HTTP method "post" is deprecated. Use uppercase HTTP method like "POST".', 16384)
 2 APPPATH\Config\Routes\UserRoutes.php(49): CodeIgniter\Router\RouteCollection->match([...], 'submit_review', 'ClientController::submit_review', [...])
 3 APPPATH\Config\Routes\UserRoutes.php(23): App\Config\Routes\UserRoutes::defineRoutes(Object(CodeIgniter\Router\RouteCollection))
 4 APPPATH\Config\Routes.php(21): App\Config\Routes\UserRoutes::init(Object(CodeIgniter\Router\RouteCollection))
 5 SYSTEMPATH\Router\RouteCollection.php(340): require('C:\\xampp\\htdocs\\smartstore\\app\\Config\\Routes.php')
 6 SYSTEMPATH\CodeIgniter.php(823): CodeIgniter\Router\RouteCollection->loadRoutes()
 7 SYSTEMPATH\CodeIgniter.php(457): CodeIgniter\CodeIgniter->tryToRouteIt(null)
 8 SYSTEMPATH\CodeIgniter.php(355): CodeIgniter\CodeIgniter->handleRequest(null, Object(Config\Cache), false)
 9 SYSTEMPATH\Boot.php(325): CodeIgniter\CodeIgniter->run()
10 SYSTEMPATH\Boot.php(67): CodeIgniter\Boot::runCodeIgniter(Object(CodeIgniter\CodeIgniter))
11 FCPATH\index.php(63): CodeIgniter\Boot::bootWeb(Object(Config\Paths))
WARNING - 2025-06-07 13:51:48 --> [DEPRECATED] Passing lowercase HTTP method "get" is deprecated. Use uppercase HTTP method like "GET". in SYSTEMPATH\Router\RouteCollection.php on line 1027.
 1 SYSTEMPATH\Router\RouteCollection.php(1027): trigger_error('Passing lowercase HTTP method "get" is deprecated. Use uppercase HTTP method like "GET".', 16384)
 2 APPPATH\Config\Routes\UserRoutes.php(63): CodeIgniter\Router\RouteCollection->match([...], 'track-order', 'OrderController::track_order', [...])
 3 APPPATH\Config\Routes\UserRoutes.php(23): App\Config\Routes\UserRoutes::defineRoutes(Object(CodeIgniter\Router\RouteCollection))
 4 APPPATH\Config\Routes.php(21): App\Config\Routes\UserRoutes::init(Object(CodeIgniter\Router\RouteCollection))
 5 SYSTEMPATH\Router\RouteCollection.php(340): require('C:\\xampp\\htdocs\\smartstore\\app\\Config\\Routes.php')
 6 SYSTEMPATH\CodeIgniter.php(823): CodeIgniter\Router\RouteCollection->loadRoutes()
 7 SYSTEMPATH\CodeIgniter.php(457): CodeIgniter\CodeIgniter->tryToRouteIt(null)
 8 SYSTEMPATH\CodeIgniter.php(355): CodeIgniter\CodeIgniter->handleRequest(null, Object(Config\Cache), false)
 9 SYSTEMPATH\Boot.php(325): CodeIgniter\CodeIgniter->run()
10 SYSTEMPATH\Boot.php(67): CodeIgniter\Boot::runCodeIgniter(Object(CodeIgniter\CodeIgniter))
11 FCPATH\index.php(63): CodeIgniter\Boot::bootWeb(Object(Config\Paths))
WARNING - 2025-06-07 13:51:48 --> [DEPRECATED] Passing lowercase HTTP method "post" is deprecated. Use uppercase HTTP method like "POST". in SYSTEMPATH\Router\RouteCollection.php on line 1027.
 1 SYSTEMPATH\Router\RouteCollection.php(1027): trigger_error('Passing lowercase HTTP method "post" is deprecated. Use uppercase HTTP method like "POST".', 16384)
 2 APPPATH\Config\Routes\UserRoutes.php(63): CodeIgniter\Router\RouteCollection->match([...], 'track-order', 'OrderController::track_order', [...])
 3 APPPATH\Config\Routes\UserRoutes.php(23): App\Config\Routes\UserRoutes::defineRoutes(Object(CodeIgniter\Router\RouteCollection))
 4 APPPATH\Config\Routes.php(21): App\Config\Routes\UserRoutes::init(Object(CodeIgniter\Router\RouteCollection))
 5 SYSTEMPATH\Router\RouteCollection.php(340): require('C:\\xampp\\htdocs\\smartstore\\app\\Config\\Routes.php')
 6 SYSTEMPATH\CodeIgniter.php(823): CodeIgniter\Router\RouteCollection->loadRoutes()
 7 SYSTEMPATH\CodeIgniter.php(457): CodeIgniter\CodeIgniter->tryToRouteIt(null)
 8 SYSTEMPATH\CodeIgniter.php(355): CodeIgniter\CodeIgniter->handleRequest(null, Object(Config\Cache), false)
 9 SYSTEMPATH\Boot.php(325): CodeIgniter\CodeIgniter->run()
10 SYSTEMPATH\Boot.php(67): CodeIgniter\Boot::runCodeIgniter(Object(CodeIgniter\CodeIgniter))
11 FCPATH\index.php(63): CodeIgniter\Boot::bootWeb(Object(Config\Paths))
WARNING - 2025-06-07 13:51:48 --> [DEPRECATED] Passing lowercase HTTP method "get" is deprecated. Use uppercase HTTP method like "GET". in SYSTEMPATH\Router\RouteCollection.php on line 1027.
 1 SYSTEMPATH\Router\RouteCollection.php(1027): trigger_error('Passing lowercase HTTP method "get" is deprecated. Use uppercase HTTP method like "GET".', 16384)
 2 APPPATH\Config\Routes\UserRoutes.php(49): CodeIgniter\Router\RouteCollection->match([...], 'submit_review', 'ClientController::submit_review', [...])
 3 APPPATH\Config\Routes\UserRoutes.php(26): App\Config\Routes\UserRoutes::defineRoutes(Object(CodeIgniter\Router\RouteCollection))
 4 SYSTEMPATH\Router\RouteCollection.php(800): App\Config\Routes\UserRoutes::App\Config\Routes\{closure}(Object(CodeIgniter\Router\RouteCollection))
 5 APPPATH\Config\Routes\UserRoutes.php(25): CodeIgniter\Router\RouteCollection->group('{locale}', Object(Closure))
 6 APPPATH\Config\Routes.php(21): App\Config\Routes\UserRoutes::init(Object(CodeIgniter\Router\RouteCollection))
 7 SYSTEMPATH\Router\RouteCollection.php(340): require('C:\\xampp\\htdocs\\smartstore\\app\\Config\\Routes.php')
 8 SYSTEMPATH\CodeIgniter.php(823): CodeIgniter\Router\RouteCollection->loadRoutes()
 9 SYSTEMPATH\CodeIgniter.php(457): CodeIgniter\CodeIgniter->tryToRouteIt(null)
10 SYSTEMPATH\CodeIgniter.php(355): CodeIgniter\CodeIgniter->handleRequest(null, Object(Config\Cache), false)
11 SYSTEMPATH\Boot.php(325): CodeIgniter\CodeIgniter->run()
12 SYSTEMPATH\Boot.php(67): CodeIgniter\Boot::runCodeIgniter(Object(CodeIgniter\CodeIgniter))
13 FCPATH\index.php(63): CodeIgniter\Boot::bootWeb(Object(Config\Paths))
WARNING - 2025-06-07 13:51:48 --> [DEPRECATED] Passing lowercase HTTP method "post" is deprecated. Use uppercase HTTP method like "POST". in SYSTEMPATH\Router\RouteCollection.php on line 1027.
 1 SYSTEMPATH\Router\RouteCollection.php(1027): trigger_error('Passing lowercase HTTP method "post" is deprecated. Use uppercase HTTP method like "POST".', 16384)
 2 APPPATH\Config\Routes\UserRoutes.php(49): CodeIgniter\Router\RouteCollection->match([...], 'submit_review', 'ClientController::submit_review', [...])
 3 APPPATH\Config\Routes\UserRoutes.php(26): App\Config\Routes\UserRoutes::defineRoutes(Object(CodeIgniter\Router\RouteCollection))
 4 SYSTEMPATH\Router\RouteCollection.php(800): App\Config\Routes\UserRoutes::App\Config\Routes\{closure}(Object(CodeIgniter\Router\RouteCollection))
 5 APPPATH\Config\Routes\UserRoutes.php(25): CodeIgniter\Router\RouteCollection->group('{locale}', Object(Closure))
 6 APPPATH\Config\Routes.php(21): App\Config\Routes\UserRoutes::init(Object(CodeIgniter\Router\RouteCollection))
 7 SYSTEMPATH\Router\RouteCollection.php(340): require('C:\\xampp\\htdocs\\smartstore\\app\\Config\\Routes.php')
 8 SYSTEMPATH\CodeIgniter.php(823): CodeIgniter\Router\RouteCollection->loadRoutes()
 9 SYSTEMPATH\CodeIgniter.php(457): CodeIgniter\CodeIgniter->tryToRouteIt(null)
10 SYSTEMPATH\CodeIgniter.php(355): CodeIgniter\CodeIgniter->handleRequest(null, Object(Config\Cache), false)
11 SYSTEMPATH\Boot.php(325): CodeIgniter\CodeIgniter->run()
12 SYSTEMPATH\Boot.php(67): CodeIgniter\Boot::runCodeIgniter(Object(CodeIgniter\CodeIgniter))
13 FCPATH\index.php(63): CodeIgniter\Boot::bootWeb(Object(Config\Paths))
WARNING - 2025-06-07 13:51:48 --> [DEPRECATED] Passing lowercase HTTP method "get" is deprecated. Use uppercase HTTP method like "GET". in SYSTEMPATH\Router\RouteCollection.php on line 1027.
 1 SYSTEMPATH\Router\RouteCollection.php(1027): trigger_error('Passing lowercase HTTP method "get" is deprecated. Use uppercase HTTP method like "GET".', 16384)
 2 APPPATH\Config\Routes\UserRoutes.php(63): CodeIgniter\Router\RouteCollection->match([...], 'track-order', 'OrderController::track_order', [...])
 3 APPPATH\Config\Routes\UserRoutes.php(26): App\Config\Routes\UserRoutes::defineRoutes(Object(CodeIgniter\Router\RouteCollection))
 4 SYSTEMPATH\Router\RouteCollection.php(800): App\Config\Routes\UserRoutes::App\Config\Routes\{closure}(Object(CodeIgniter\Router\RouteCollection))
 5 APPPATH\Config\Routes\UserRoutes.php(25): CodeIgniter\Router\RouteCollection->group('{locale}', Object(Closure))
 6 APPPATH\Config\Routes.php(21): App\Config\Routes\UserRoutes::init(Object(CodeIgniter\Router\RouteCollection))
 7 SYSTEMPATH\Router\RouteCollection.php(340): require('C:\\xampp\\htdocs\\smartstore\\app\\Config\\Routes.php')
 8 SYSTEMPATH\CodeIgniter.php(823): CodeIgniter\Router\RouteCollection->loadRoutes()
 9 SYSTEMPATH\CodeIgniter.php(457): CodeIgniter\CodeIgniter->tryToRouteIt(null)
10 SYSTEMPATH\CodeIgniter.php(355): CodeIgniter\CodeIgniter->handleRequest(null, Object(Config\Cache), false)
11 SYSTEMPATH\Boot.php(325): CodeIgniter\CodeIgniter->run()
12 SYSTEMPATH\Boot.php(67): CodeIgniter\Boot::runCodeIgniter(Object(CodeIgniter\CodeIgniter))
13 FCPATH\index.php(63): CodeIgniter\Boot::bootWeb(Object(Config\Paths))
WARNING - 2025-06-07 13:51:48 --> [DEPRECATED] Passing lowercase HTTP method "post" is deprecated. Use uppercase HTTP method like "POST". in SYSTEMPATH\Router\RouteCollection.php on line 1027.
 1 SYSTEMPATH\Router\RouteCollection.php(1027): trigger_error('Passing lowercase HTTP method "post" is deprecated. Use uppercase HTTP method like "POST".', 16384)
 2 APPPATH\Config\Routes\UserRoutes.php(63): CodeIgniter\Router\RouteCollection->match([...], 'track-order', 'OrderController::track_order', [...])
 3 APPPATH\Config\Routes\UserRoutes.php(26): App\Config\Routes\UserRoutes::defineRoutes(Object(CodeIgniter\Router\RouteCollection))
 4 SYSTEMPATH\Router\RouteCollection.php(800): App\Config\Routes\UserRoutes::App\Config\Routes\{closure}(Object(CodeIgniter\Router\RouteCollection))
 5 APPPATH\Config\Routes\UserRoutes.php(25): CodeIgniter\Router\RouteCollection->group('{locale}', Object(Closure))
 6 APPPATH\Config\Routes.php(21): App\Config\Routes\UserRoutes::init(Object(CodeIgniter\Router\RouteCollection))
 7 SYSTEMPATH\Router\RouteCollection.php(340): require('C:\\xampp\\htdocs\\smartstore\\app\\Config\\Routes.php')
 8 SYSTEMPATH\CodeIgniter.php(823): CodeIgniter\Router\RouteCollection->loadRoutes()
 9 SYSTEMPATH\CodeIgniter.php(457): CodeIgniter\CodeIgniter->tryToRouteIt(null)
10 SYSTEMPATH\CodeIgniter.php(355): CodeIgniter\CodeIgniter->handleRequest(null, Object(Config\Cache), false)
11 SYSTEMPATH\Boot.php(325): CodeIgniter\CodeIgniter->run()
12 SYSTEMPATH\Boot.php(67): CodeIgniter\Boot::runCodeIgniter(Object(CodeIgniter\CodeIgniter))
13 FCPATH\index.php(63): CodeIgniter\Boot::bootWeb(Object(Config\Paths))
INFO - 2025-06-07 13:51:48 --> Session: Class initialized using 'CodeIgniter\Session\Handlers\FileHandler' driver.
WARNING - 2025-06-07 13:51:48 --> [DEPRECATED] Creation of dynamic property App\Controllers\Public\PageController::$load_files is deprecated in APPPATH\Controllers\Public\PageController.php on line 21.
 1 SYSTEMPATH\CodeIgniter.php(903): App\Controllers\Public\PageController->__construct()
 2 SYSTEMPATH\CodeIgniter.php(500): CodeIgniter\CodeIgniter->createController()
 3 SYSTEMPATH\CodeIgniter.php(355): CodeIgniter\CodeIgniter->handleRequest(null, Object(Config\Cache), false)
 4 SYSTEMPATH\Boot.php(325): CodeIgniter\CodeIgniter->run()
 5 SYSTEMPATH\Boot.php(67): CodeIgniter\Boot::runCodeIgniter(Object(CodeIgniter\CodeIgniter))
 6 FCPATH\index.php(63): CodeIgniter\Boot::bootWeb(Object(Config\Paths))
WARNING - 2025-06-07 13:51:48 --> [DEPRECATED] Creation of dynamic property App\Controllers\Public\PageController::$page_title is deprecated in APPPATH\Controllers\Public\PageController.php on line 22.
 1 SYSTEMPATH\CodeIgniter.php(903): App\Controllers\Public\PageController->__construct()
 2 SYSTEMPATH\CodeIgniter.php(500): CodeIgniter\CodeIgniter->createController()
 3 SYSTEMPATH\CodeIgniter.php(355): CodeIgniter\CodeIgniter->handleRequest(null, Object(Config\Cache), false)
 4 SYSTEMPATH\Boot.php(325): CodeIgniter\CodeIgniter->run()
 5 SYSTEMPATH\Boot.php(67): CodeIgniter\Boot::runCodeIgniter(Object(CodeIgniter\CodeIgniter))
 6 FCPATH\index.php(63): CodeIgniter\Boot::bootWeb(Object(Config\Paths))
WARNING - 2025-06-07 14:14:51 --> [DEPRECATED] Passing lowercase HTTP method "get" is deprecated. Use uppercase HTTP method like "GET". in SYSTEMPATH\Router\RouteCollection.php on line 1027.
 1 SYSTEMPATH\Router\RouteCollection.php(1027): trigger_error('Passing lowercase HTTP method "get" is deprecated. Use uppercase HTTP method like "GET".', 16384)
 2 APPPATH\Config\Routes\AdminRoutes.php(65): CodeIgniter\Router\RouteCollection->match([...], 'send_test_mail', 'SettingsController::send_test_mail')
 3 SYSTEMPATH\Router\RouteCollection.php(800): App\Config\Routes\AdminRoutes::App\Config\Routes\{closure}(Object(CodeIgniter\Router\RouteCollection))
 4 APPPATH\Config\Routes\AdminRoutes.php(63): CodeIgniter\Router\RouteCollection->group('settings', [...], Object(Closure))
 5 SYSTEMPATH\Router\RouteCollection.php(800): App\Config\Routes\AdminRoutes::App\Config\Routes\{closure}(Object(CodeIgniter\Router\RouteCollection))
 6 APPPATH\Config\Routes\AdminRoutes.php(28): CodeIgniter\Router\RouteCollection->group('admin', [...], Object(Closure))
 7 APPPATH\Config\Routes.php(20): App\Config\Routes\AdminRoutes::init(Object(CodeIgniter\Router\RouteCollection))
 8 SYSTEMPATH\Router\RouteCollection.php(340): require('C:\\xampp\\htdocs\\smartstore\\app\\Config\\Routes.php')
 9 SYSTEMPATH\CodeIgniter.php(823): CodeIgniter\Router\RouteCollection->loadRoutes()
10 SYSTEMPATH\CodeIgniter.php(457): CodeIgniter\CodeIgniter->tryToRouteIt(null)
11 SYSTEMPATH\CodeIgniter.php(355): CodeIgniter\CodeIgniter->handleRequest(null, Object(Config\Cache), false)
12 SYSTEMPATH\Boot.php(325): CodeIgniter\CodeIgniter->run()
13 SYSTEMPATH\Boot.php(67): CodeIgniter\Boot::runCodeIgniter(Object(CodeIgniter\CodeIgniter))
14 FCPATH\index.php(63): CodeIgniter\Boot::bootWeb(Object(Config\Paths))
WARNING - 2025-06-07 14:14:51 --> [DEPRECATED] Passing lowercase HTTP method "post" is deprecated. Use uppercase HTTP method like "POST". in SYSTEMPATH\Router\RouteCollection.php on line 1027.
 1 SYSTEMPATH\Router\RouteCollection.php(1027): trigger_error('Passing lowercase HTTP method "post" is deprecated. Use uppercase HTTP method like "POST".', 16384)
 2 APPPATH\Config\Routes\AdminRoutes.php(65): CodeIgniter\Router\RouteCollection->match([...], 'send_test_mail', 'SettingsController::send_test_mail')
 3 SYSTEMPATH\Router\RouteCollection.php(800): App\Config\Routes\AdminRoutes::App\Config\Routes\{closure}(Object(CodeIgniter\Router\RouteCollection))
 4 APPPATH\Config\Routes\AdminRoutes.php(63): CodeIgniter\Router\RouteCollection->group('settings', [...], Object(Closure))
 5 SYSTEMPATH\Router\RouteCollection.php(800): App\Config\Routes\AdminRoutes::App\Config\Routes\{closure}(Object(CodeIgniter\Router\RouteCollection))
 6 APPPATH\Config\Routes\AdminRoutes.php(28): CodeIgniter\Router\RouteCollection->group('admin', [...], Object(Closure))
 7 APPPATH\Config\Routes.php(20): App\Config\Routes\AdminRoutes::init(Object(CodeIgniter\Router\RouteCollection))
 8 SYSTEMPATH\Router\RouteCollection.php(340): require('C:\\xampp\\htdocs\\smartstore\\app\\Config\\Routes.php')
 9 SYSTEMPATH\CodeIgniter.php(823): CodeIgniter\Router\RouteCollection->loadRoutes()
10 SYSTEMPATH\CodeIgniter.php(457): CodeIgniter\CodeIgniter->tryToRouteIt(null)
11 SYSTEMPATH\CodeIgniter.php(355): CodeIgniter\CodeIgniter->handleRequest(null, Object(Config\Cache), false)
12 SYSTEMPATH\Boot.php(325): CodeIgniter\CodeIgniter->run()
13 SYSTEMPATH\Boot.php(67): CodeIgniter\Boot::runCodeIgniter(Object(CodeIgniter\CodeIgniter))
14 FCPATH\index.php(63): CodeIgniter\Boot::bootWeb(Object(Config\Paths))
WARNING - 2025-06-07 14:14:51 --> [DEPRECATED] Passing lowercase HTTP method "get" is deprecated. Use uppercase HTTP method like "GET". in SYSTEMPATH\Router\RouteCollection.php on line 1027.
 1 SYSTEMPATH\Router\RouteCollection.php(1027): trigger_error('Passing lowercase HTTP method "get" is deprecated. Use uppercase HTTP method like "GET".', 16384)
 2 APPPATH\Config\Routes\AdminRoutes.php(76): CodeIgniter\Router\RouteCollection->match([...], 'elfinder_connector', 'FilemanagerController::elfinder_connector')
 3 SYSTEMPATH\Router\RouteCollection.php(800): App\Config\Routes\AdminRoutes::App\Config\Routes\{closure}(Object(CodeIgniter\Router\RouteCollection))
 4 APPPATH\Config\Routes\AdminRoutes.php(73): CodeIgniter\Router\RouteCollection->group('filemanager', [...], Object(Closure))
 5 SYSTEMPATH\Router\RouteCollection.php(800): App\Config\Routes\AdminRoutes::App\Config\Routes\{closure}(Object(CodeIgniter\Router\RouteCollection))
 6 APPPATH\Config\Routes\AdminRoutes.php(28): CodeIgniter\Router\RouteCollection->group('admin', [...], Object(Closure))
 7 APPPATH\Config\Routes.php(20): App\Config\Routes\AdminRoutes::init(Object(CodeIgniter\Router\RouteCollection))
 8 SYSTEMPATH\Router\RouteCollection.php(340): require('C:\\xampp\\htdocs\\smartstore\\app\\Config\\Routes.php')
 9 SYSTEMPATH\CodeIgniter.php(823): CodeIgniter\Router\RouteCollection->loadRoutes()
10 SYSTEMPATH\CodeIgniter.php(457): CodeIgniter\CodeIgniter->tryToRouteIt(null)
11 SYSTEMPATH\CodeIgniter.php(355): CodeIgniter\CodeIgniter->handleRequest(null, Object(Config\Cache), false)
12 SYSTEMPATH\Boot.php(325): CodeIgniter\CodeIgniter->run()
13 SYSTEMPATH\Boot.php(67): CodeIgniter\Boot::runCodeIgniter(Object(CodeIgniter\CodeIgniter))
14 FCPATH\index.php(63): CodeIgniter\Boot::bootWeb(Object(Config\Paths))
WARNING - 2025-06-07 14:14:51 --> [DEPRECATED] Passing lowercase HTTP method "post" is deprecated. Use uppercase HTTP method like "POST". in SYSTEMPATH\Router\RouteCollection.php on line 1027.
 1 SYSTEMPATH\Router\RouteCollection.php(1027): trigger_error('Passing lowercase HTTP method "post" is deprecated. Use uppercase HTTP method like "POST".', 16384)
 2 APPPATH\Config\Routes\AdminRoutes.php(76): CodeIgniter\Router\RouteCollection->match([...], 'elfinder_connector', 'FilemanagerController::elfinder_connector')
 3 SYSTEMPATH\Router\RouteCollection.php(800): App\Config\Routes\AdminRoutes::App\Config\Routes\{closure}(Object(CodeIgniter\Router\RouteCollection))
 4 APPPATH\Config\Routes\AdminRoutes.php(73): CodeIgniter\Router\RouteCollection->group('filemanager', [...], Object(Closure))
 5 SYSTEMPATH\Router\RouteCollection.php(800): App\Config\Routes\AdminRoutes::App\Config\Routes\{closure}(Object(CodeIgniter\Router\RouteCollection))
 6 APPPATH\Config\Routes\AdminRoutes.php(28): CodeIgniter\Router\RouteCollection->group('admin', [...], Object(Closure))
 7 APPPATH\Config\Routes.php(20): App\Config\Routes\AdminRoutes::init(Object(CodeIgniter\Router\RouteCollection))
 8 SYSTEMPATH\Router\RouteCollection.php(340): require('C:\\xampp\\htdocs\\smartstore\\app\\Config\\Routes.php')
 9 SYSTEMPATH\CodeIgniter.php(823): CodeIgniter\Router\RouteCollection->loadRoutes()
10 SYSTEMPATH\CodeIgniter.php(457): CodeIgniter\CodeIgniter->tryToRouteIt(null)
11 SYSTEMPATH\CodeIgniter.php(355): CodeIgniter\CodeIgniter->handleRequest(null, Object(Config\Cache), false)
12 SYSTEMPATH\Boot.php(325): CodeIgniter\CodeIgniter->run()
13 SYSTEMPATH\Boot.php(67): CodeIgniter\Boot::runCodeIgniter(Object(CodeIgniter\CodeIgniter))
14 FCPATH\index.php(63): CodeIgniter\Boot::bootWeb(Object(Config\Paths))
WARNING - 2025-06-07 14:14:51 --> [DEPRECATED] Passing lowercase HTTP method "get" is deprecated. Use uppercase HTTP method like "GET". in SYSTEMPATH\Router\RouteCollection.php on line 1027.
 1 SYSTEMPATH\Router\RouteCollection.php(1027): trigger_error('Passing lowercase HTTP method "get" is deprecated. Use uppercase HTTP method like "GET".', 16384)
 2 APPPATH\Config\Routes\AdminRoutes.php(172): CodeIgniter\Router\RouteCollection->match([...], 'sync_services/?(:num)?', 'ProvidersController::sync_services/$1')
 3 SYSTEMPATH\Router\RouteCollection.php(800): App\Config\Routes\AdminRoutes::App\Config\Routes\{closure}(Object(CodeIgniter\Router\RouteCollection))
 4 APPPATH\Config\Routes\AdminRoutes.php(167): CodeIgniter\Router\RouteCollection->group('providers', [...], Object(Closure))
 5 SYSTEMPATH\Router\RouteCollection.php(800): App\Config\Routes\AdminRoutes::App\Config\Routes\{closure}(Object(CodeIgniter\Router\RouteCollection))
 6 APPPATH\Config\Routes\AdminRoutes.php(28): CodeIgniter\Router\RouteCollection->group('admin', [...], Object(Closure))
 7 APPPATH\Config\Routes.php(20): App\Config\Routes\AdminRoutes::init(Object(CodeIgniter\Router\RouteCollection))
 8 SYSTEMPATH\Router\RouteCollection.php(340): require('C:\\xampp\\htdocs\\smartstore\\app\\Config\\Routes.php')
 9 SYSTEMPATH\CodeIgniter.php(823): CodeIgniter\Router\RouteCollection->loadRoutes()
10 SYSTEMPATH\CodeIgniter.php(457): CodeIgniter\CodeIgniter->tryToRouteIt(null)
11 SYSTEMPATH\CodeIgniter.php(355): CodeIgniter\CodeIgniter->handleRequest(null, Object(Config\Cache), false)
12 SYSTEMPATH\Boot.php(325): CodeIgniter\CodeIgniter->run()
13 SYSTEMPATH\Boot.php(67): CodeIgniter\Boot::runCodeIgniter(Object(CodeIgniter\CodeIgniter))
14 FCPATH\index.php(63): CodeIgniter\Boot::bootWeb(Object(Config\Paths))
WARNING - 2025-06-07 14:14:51 --> [DEPRECATED] Passing lowercase HTTP method "post" is deprecated. Use uppercase HTTP method like "POST". in SYSTEMPATH\Router\RouteCollection.php on line 1027.
 1 SYSTEMPATH\Router\RouteCollection.php(1027): trigger_error('Passing lowercase HTTP method "post" is deprecated. Use uppercase HTTP method like "POST".', 16384)
 2 APPPATH\Config\Routes\AdminRoutes.php(172): CodeIgniter\Router\RouteCollection->match([...], 'sync_services/?(:num)?', 'ProvidersController::sync_services/$1')
 3 SYSTEMPATH\Router\RouteCollection.php(800): App\Config\Routes\AdminRoutes::App\Config\Routes\{closure}(Object(CodeIgniter\Router\RouteCollection))
 4 APPPATH\Config\Routes\AdminRoutes.php(167): CodeIgniter\Router\RouteCollection->group('providers', [...], Object(Closure))
 5 SYSTEMPATH\Router\RouteCollection.php(800): App\Config\Routes\AdminRoutes::App\Config\Routes\{closure}(Object(CodeIgniter\Router\RouteCollection))
 6 APPPATH\Config\Routes\AdminRoutes.php(28): CodeIgniter\Router\RouteCollection->group('admin', [...], Object(Closure))
 7 APPPATH\Config\Routes.php(20): App\Config\Routes\AdminRoutes::init(Object(CodeIgniter\Router\RouteCollection))
 8 SYSTEMPATH\Router\RouteCollection.php(340): require('C:\\xampp\\htdocs\\smartstore\\app\\Config\\Routes.php')
 9 SYSTEMPATH\CodeIgniter.php(823): CodeIgniter\Router\RouteCollection->loadRoutes()
10 SYSTEMPATH\CodeIgniter.php(457): CodeIgniter\CodeIgniter->tryToRouteIt(null)
11 SYSTEMPATH\CodeIgniter.php(355): CodeIgniter\CodeIgniter->handleRequest(null, Object(Config\Cache), false)
12 SYSTEMPATH\Boot.php(325): CodeIgniter\CodeIgniter->run()
13 SYSTEMPATH\Boot.php(67): CodeIgniter\Boot::runCodeIgniter(Object(CodeIgniter\CodeIgniter))
14 FCPATH\index.php(63): CodeIgniter\Boot::bootWeb(Object(Config\Paths))
WARNING - 2025-06-07 14:14:51 --> [DEPRECATED] Passing lowercase HTTP method "get" is deprecated. Use uppercase HTTP method like "GET". in SYSTEMPATH\Router\RouteCollection.php on line 1027.
 1 SYSTEMPATH\Router\RouteCollection.php(1027): trigger_error('Passing lowercase HTTP method "get" is deprecated. Use uppercase HTTP method like "GET".', 16384)
 2 APPPATH\Config\Routes\AdminRoutes.php(185): CodeIgniter\Router\RouteCollection->match([...], 'add_note/?(:num)?', 'UsersController::add_note/$1')
 3 SYSTEMPATH\Router\RouteCollection.php(800): App\Config\Routes\AdminRoutes::App\Config\Routes\{closure}(Object(CodeIgniter\Router\RouteCollection))
 4 APPPATH\Config\Routes\AdminRoutes.php(182): CodeIgniter\Router\RouteCollection->group('users', [...], Object(Closure))
 5 SYSTEMPATH\Router\RouteCollection.php(800): App\Config\Routes\AdminRoutes::App\Config\Routes\{closure}(Object(CodeIgniter\Router\RouteCollection))
 6 APPPATH\Config\Routes\AdminRoutes.php(28): CodeIgniter\Router\RouteCollection->group('admin', [...], Object(Closure))
 7 APPPATH\Config\Routes.php(20): App\Config\Routes\AdminRoutes::init(Object(CodeIgniter\Router\RouteCollection))
 8 SYSTEMPATH\Router\RouteCollection.php(340): require('C:\\xampp\\htdocs\\smartstore\\app\\Config\\Routes.php')
 9 SYSTEMPATH\CodeIgniter.php(823): CodeIgniter\Router\RouteCollection->loadRoutes()
10 SYSTEMPATH\CodeIgniter.php(457): CodeIgniter\CodeIgniter->tryToRouteIt(null)
11 SYSTEMPATH\CodeIgniter.php(355): CodeIgniter\CodeIgniter->handleRequest(null, Object(Config\Cache), false)
12 SYSTEMPATH\Boot.php(325): CodeIgniter\CodeIgniter->run()
13 SYSTEMPATH\Boot.php(67): CodeIgniter\Boot::runCodeIgniter(Object(CodeIgniter\CodeIgniter))
14 FCPATH\index.php(63): CodeIgniter\Boot::bootWeb(Object(Config\Paths))
WARNING - 2025-06-07 14:14:51 --> [DEPRECATED] Passing lowercase HTTP method "post" is deprecated. Use uppercase HTTP method like "POST". in SYSTEMPATH\Router\RouteCollection.php on line 1027.
 1 SYSTEMPATH\Router\RouteCollection.php(1027): trigger_error('Passing lowercase HTTP method "post" is deprecated. Use uppercase HTTP method like "POST".', 16384)
 2 APPPATH\Config\Routes\AdminRoutes.php(185): CodeIgniter\Router\RouteCollection->match([...], 'add_note/?(:num)?', 'UsersController::add_note/$1')
 3 SYSTEMPATH\Router\RouteCollection.php(800): App\Config\Routes\AdminRoutes::App\Config\Routes\{closure}(Object(CodeIgniter\Router\RouteCollection))
 4 APPPATH\Config\Routes\AdminRoutes.php(182): CodeIgniter\Router\RouteCollection->group('users', [...], Object(Closure))
 5 SYSTEMPATH\Router\RouteCollection.php(800): App\Config\Routes\AdminRoutes::App\Config\Routes\{closure}(Object(CodeIgniter\Router\RouteCollection))
 6 APPPATH\Config\Routes\AdminRoutes.php(28): CodeIgniter\Router\RouteCollection->group('admin', [...], Object(Closure))
 7 APPPATH\Config\Routes.php(20): App\Config\Routes\AdminRoutes::init(Object(CodeIgniter\Router\RouteCollection))
 8 SYSTEMPATH\Router\RouteCollection.php(340): require('C:\\xampp\\htdocs\\smartstore\\app\\Config\\Routes.php')
 9 SYSTEMPATH\CodeIgniter.php(823): CodeIgniter\Router\RouteCollection->loadRoutes()
10 SYSTEMPATH\CodeIgniter.php(457): CodeIgniter\CodeIgniter->tryToRouteIt(null)
11 SYSTEMPATH\CodeIgniter.php(355): CodeIgniter\CodeIgniter->handleRequest(null, Object(Config\Cache), false)
12 SYSTEMPATH\Boot.php(325): CodeIgniter\CodeIgniter->run()
13 SYSTEMPATH\Boot.php(67): CodeIgniter\Boot::runCodeIgniter(Object(CodeIgniter\CodeIgniter))
14 FCPATH\index.php(63): CodeIgniter\Boot::bootWeb(Object(Config\Paths))
WARNING - 2025-06-07 14:14:51 --> [DEPRECATED] Passing lowercase HTTP method "get" is deprecated. Use uppercase HTTP method like "GET". in SYSTEMPATH\Router\RouteCollection.php on line 1027.
 1 SYSTEMPATH\Router\RouteCollection.php(1027): trigger_error('Passing lowercase HTTP method "get" is deprecated. Use uppercase HTTP method like "GET".', 16384)
 2 APPPATH\Config\Routes\AdminRoutes.php(186): CodeIgniter\Router\RouteCollection->match([...], 'send_mail/?(:num)?', 'UsersController::send_mail/$1')
 3 SYSTEMPATH\Router\RouteCollection.php(800): App\Config\Routes\AdminRoutes::App\Config\Routes\{closure}(Object(CodeIgniter\Router\RouteCollection))
 4 APPPATH\Config\Routes\AdminRoutes.php(182): CodeIgniter\Router\RouteCollection->group('users', [...], Object(Closure))
 5 SYSTEMPATH\Router\RouteCollection.php(800): App\Config\Routes\AdminRoutes::App\Config\Routes\{closure}(Object(CodeIgniter\Router\RouteCollection))
 6 APPPATH\Config\Routes\AdminRoutes.php(28): CodeIgniter\Router\RouteCollection->group('admin', [...], Object(Closure))
 7 APPPATH\Config\Routes.php(20): App\Config\Routes\AdminRoutes::init(Object(CodeIgniter\Router\RouteCollection))
 8 SYSTEMPATH\Router\RouteCollection.php(340): require('C:\\xampp\\htdocs\\smartstore\\app\\Config\\Routes.php')
 9 SYSTEMPATH\CodeIgniter.php(823): CodeIgniter\Router\RouteCollection->loadRoutes()
10 SYSTEMPATH\CodeIgniter.php(457): CodeIgniter\CodeIgniter->tryToRouteIt(null)
11 SYSTEMPATH\CodeIgniter.php(355): CodeIgniter\CodeIgniter->handleRequest(null, Object(Config\Cache), false)
12 SYSTEMPATH\Boot.php(325): CodeIgniter\CodeIgniter->run()
13 SYSTEMPATH\Boot.php(67): CodeIgniter\Boot::runCodeIgniter(Object(CodeIgniter\CodeIgniter))
14 FCPATH\index.php(63): CodeIgniter\Boot::bootWeb(Object(Config\Paths))
WARNING - 2025-06-07 14:14:51 --> [DEPRECATED] Passing lowercase HTTP method "post" is deprecated. Use uppercase HTTP method like "POST". in SYSTEMPATH\Router\RouteCollection.php on line 1027.
 1 SYSTEMPATH\Router\RouteCollection.php(1027): trigger_error('Passing lowercase HTTP method "post" is deprecated. Use uppercase HTTP method like "POST".', 16384)
 2 APPPATH\Config\Routes\AdminRoutes.php(186): CodeIgniter\Router\RouteCollection->match([...], 'send_mail/?(:num)?', 'UsersController::send_mail/$1')
 3 SYSTEMPATH\Router\RouteCollection.php(800): App\Config\Routes\AdminRoutes::App\Config\Routes\{closure}(Object(CodeIgniter\Router\RouteCollection))
 4 APPPATH\Config\Routes\AdminRoutes.php(182): CodeIgniter\Router\RouteCollection->group('users', [...], Object(Closure))
 5 SYSTEMPATH\Router\RouteCollection.php(800): App\Config\Routes\AdminRoutes::App\Config\Routes\{closure}(Object(CodeIgniter\Router\RouteCollection))
 6 APPPATH\Config\Routes\AdminRoutes.php(28): CodeIgniter\Router\RouteCollection->group('admin', [...], Object(Closure))
 7 APPPATH\Config\Routes.php(20): App\Config\Routes\AdminRoutes::init(Object(CodeIgniter\Router\RouteCollection))
 8 SYSTEMPATH\Router\RouteCollection.php(340): require('C:\\xampp\\htdocs\\smartstore\\app\\Config\\Routes.php')
 9 SYSTEMPATH\CodeIgniter.php(823): CodeIgniter\Router\RouteCollection->loadRoutes()
10 SYSTEMPATH\CodeIgniter.php(457): CodeIgniter\CodeIgniter->tryToRouteIt(null)
11 SYSTEMPATH\CodeIgniter.php(355): CodeIgniter\CodeIgniter->handleRequest(null, Object(Config\Cache), false)
12 SYSTEMPATH\Boot.php(325): CodeIgniter\CodeIgniter->run()
13 SYSTEMPATH\Boot.php(67): CodeIgniter\Boot::runCodeIgniter(Object(CodeIgniter\CodeIgniter))
14 FCPATH\index.php(63): CodeIgniter\Boot::bootWeb(Object(Config\Paths))
WARNING - 2025-06-07 14:14:51 --> [DEPRECATED] Passing lowercase HTTP method "get" is deprecated. Use uppercase HTTP method like "GET". in SYSTEMPATH\Router\RouteCollection.php on line 1027.
 1 SYSTEMPATH\Router\RouteCollection.php(1027): trigger_error('Passing lowercase HTTP method "get" is deprecated. Use uppercase HTTP method like "GET".', 16384)
 2 APPPATH\Config\Routes\AdminRoutes.php(215): CodeIgniter\Router\RouteCollection->match([...], 'send_mail/?(:num)?', 'TicketsController::send_mail/$1')
 3 SYSTEMPATH\Router\RouteCollection.php(800): App\Config\Routes\AdminRoutes::App\Config\Routes\{closure}(Object(CodeIgniter\Router\RouteCollection))
 4 APPPATH\Config\Routes\AdminRoutes.php(212): CodeIgniter\Router\RouteCollection->group('tickets', [...], Object(Closure))
 5 SYSTEMPATH\Router\RouteCollection.php(800): App\Config\Routes\AdminRoutes::App\Config\Routes\{closure}(Object(CodeIgniter\Router\RouteCollection))
 6 APPPATH\Config\Routes\AdminRoutes.php(28): CodeIgniter\Router\RouteCollection->group('admin', [...], Object(Closure))
 7 APPPATH\Config\Routes.php(20): App\Config\Routes\AdminRoutes::init(Object(CodeIgniter\Router\RouteCollection))
 8 SYSTEMPATH\Router\RouteCollection.php(340): require('C:\\xampp\\htdocs\\smartstore\\app\\Config\\Routes.php')
 9 SYSTEMPATH\CodeIgniter.php(823): CodeIgniter\Router\RouteCollection->loadRoutes()
10 SYSTEMPATH\CodeIgniter.php(457): CodeIgniter\CodeIgniter->tryToRouteIt(null)
11 SYSTEMPATH\CodeIgniter.php(355): CodeIgniter\CodeIgniter->handleRequest(null, Object(Config\Cache), false)
12 SYSTEMPATH\Boot.php(325): CodeIgniter\CodeIgniter->run()
13 SYSTEMPATH\Boot.php(67): CodeIgniter\Boot::runCodeIgniter(Object(CodeIgniter\CodeIgniter))
14 FCPATH\index.php(63): CodeIgniter\Boot::bootWeb(Object(Config\Paths))
WARNING - 2025-06-07 14:14:51 --> [DEPRECATED] Passing lowercase HTTP method "post" is deprecated. Use uppercase HTTP method like "POST". in SYSTEMPATH\Router\RouteCollection.php on line 1027.
 1 SYSTEMPATH\Router\RouteCollection.php(1027): trigger_error('Passing lowercase HTTP method "post" is deprecated. Use uppercase HTTP method like "POST".', 16384)
 2 APPPATH\Config\Routes\AdminRoutes.php(215): CodeIgniter\Router\RouteCollection->match([...], 'send_mail/?(:num)?', 'TicketsController::send_mail/$1')
 3 SYSTEMPATH\Router\RouteCollection.php(800): App\Config\Routes\AdminRoutes::App\Config\Routes\{closure}(Object(CodeIgniter\Router\RouteCollection))
 4 APPPATH\Config\Routes\AdminRoutes.php(212): CodeIgniter\Router\RouteCollection->group('tickets', [...], Object(Closure))
 5 SYSTEMPATH\Router\RouteCollection.php(800): App\Config\Routes\AdminRoutes::App\Config\Routes\{closure}(Object(CodeIgniter\Router\RouteCollection))
 6 APPPATH\Config\Routes\AdminRoutes.php(28): CodeIgniter\Router\RouteCollection->group('admin', [...], Object(Closure))
 7 APPPATH\Config\Routes.php(20): App\Config\Routes\AdminRoutes::init(Object(CodeIgniter\Router\RouteCollection))
 8 SYSTEMPATH\Router\RouteCollection.php(340): require('C:\\xampp\\htdocs\\smartstore\\app\\Config\\Routes.php')
 9 SYSTEMPATH\CodeIgniter.php(823): CodeIgniter\Router\RouteCollection->loadRoutes()
10 SYSTEMPATH\CodeIgniter.php(457): CodeIgniter\CodeIgniter->tryToRouteIt(null)
11 SYSTEMPATH\CodeIgniter.php(355): CodeIgniter\CodeIgniter->handleRequest(null, Object(Config\Cache), false)
12 SYSTEMPATH\Boot.php(325): CodeIgniter\CodeIgniter->run()
13 SYSTEMPATH\Boot.php(67): CodeIgniter\Boot::runCodeIgniter(Object(CodeIgniter\CodeIgniter))
14 FCPATH\index.php(63): CodeIgniter\Boot::bootWeb(Object(Config\Paths))
WARNING - 2025-06-07 14:14:51 --> [DEPRECATED] Passing lowercase HTTP method "get" is deprecated. Use uppercase HTTP method like "GET". in SYSTEMPATH\Router\RouteCollection.php on line 1027.
 1 SYSTEMPATH\Router\RouteCollection.php(1027): trigger_error('Passing lowercase HTTP method "get" is deprecated. Use uppercase HTTP method like "GET".', 16384)
 2 APPPATH\Config\Routes\UserRoutes.php(49): CodeIgniter\Router\RouteCollection->match([...], 'submit_review', 'ClientController::submit_review', [...])
 3 APPPATH\Config\Routes\UserRoutes.php(23): App\Config\Routes\UserRoutes::defineRoutes(Object(CodeIgniter\Router\RouteCollection))
 4 APPPATH\Config\Routes.php(21): App\Config\Routes\UserRoutes::init(Object(CodeIgniter\Router\RouteCollection))
 5 SYSTEMPATH\Router\RouteCollection.php(340): require('C:\\xampp\\htdocs\\smartstore\\app\\Config\\Routes.php')
 6 SYSTEMPATH\CodeIgniter.php(823): CodeIgniter\Router\RouteCollection->loadRoutes()
 7 SYSTEMPATH\CodeIgniter.php(457): CodeIgniter\CodeIgniter->tryToRouteIt(null)
 8 SYSTEMPATH\CodeIgniter.php(355): CodeIgniter\CodeIgniter->handleRequest(null, Object(Config\Cache), false)
 9 SYSTEMPATH\Boot.php(325): CodeIgniter\CodeIgniter->run()
10 SYSTEMPATH\Boot.php(67): CodeIgniter\Boot::runCodeIgniter(Object(CodeIgniter\CodeIgniter))
11 FCPATH\index.php(63): CodeIgniter\Boot::bootWeb(Object(Config\Paths))
WARNING - 2025-06-07 14:14:51 --> [DEPRECATED] Passing lowercase HTTP method "post" is deprecated. Use uppercase HTTP method like "POST". in SYSTEMPATH\Router\RouteCollection.php on line 1027.
 1 SYSTEMPATH\Router\RouteCollection.php(1027): trigger_error('Passing lowercase HTTP method "post" is deprecated. Use uppercase HTTP method like "POST".', 16384)
 2 APPPATH\Config\Routes\UserRoutes.php(49): CodeIgniter\Router\RouteCollection->match([...], 'submit_review', 'ClientController::submit_review', [...])
 3 APPPATH\Config\Routes\UserRoutes.php(23): App\Config\Routes\UserRoutes::defineRoutes(Object(CodeIgniter\Router\RouteCollection))
 4 APPPATH\Config\Routes.php(21): App\Config\Routes\UserRoutes::init(Object(CodeIgniter\Router\RouteCollection))
 5 SYSTEMPATH\Router\RouteCollection.php(340): require('C:\\xampp\\htdocs\\smartstore\\app\\Config\\Routes.php')
 6 SYSTEMPATH\CodeIgniter.php(823): CodeIgniter\Router\RouteCollection->loadRoutes()
 7 SYSTEMPATH\CodeIgniter.php(457): CodeIgniter\CodeIgniter->tryToRouteIt(null)
 8 SYSTEMPATH\CodeIgniter.php(355): CodeIgniter\CodeIgniter->handleRequest(null, Object(Config\Cache), false)
 9 SYSTEMPATH\Boot.php(325): CodeIgniter\CodeIgniter->run()
10 SYSTEMPATH\Boot.php(67): CodeIgniter\Boot::runCodeIgniter(Object(CodeIgniter\CodeIgniter))
11 FCPATH\index.php(63): CodeIgniter\Boot::bootWeb(Object(Config\Paths))
WARNING - 2025-06-07 14:14:51 --> [DEPRECATED] Passing lowercase HTTP method "get" is deprecated. Use uppercase HTTP method like "GET". in SYSTEMPATH\Router\RouteCollection.php on line 1027.
 1 SYSTEMPATH\Router\RouteCollection.php(1027): trigger_error('Passing lowercase HTTP method "get" is deprecated. Use uppercase HTTP method like "GET".', 16384)
 2 APPPATH\Config\Routes\UserRoutes.php(63): CodeIgniter\Router\RouteCollection->match([...], 'track-order', 'OrderController::track_order', [...])
 3 APPPATH\Config\Routes\UserRoutes.php(23): App\Config\Routes\UserRoutes::defineRoutes(Object(CodeIgniter\Router\RouteCollection))
 4 APPPATH\Config\Routes.php(21): App\Config\Routes\UserRoutes::init(Object(CodeIgniter\Router\RouteCollection))
 5 SYSTEMPATH\Router\RouteCollection.php(340): require('C:\\xampp\\htdocs\\smartstore\\app\\Config\\Routes.php')
 6 SYSTEMPATH\CodeIgniter.php(823): CodeIgniter\Router\RouteCollection->loadRoutes()
 7 SYSTEMPATH\CodeIgniter.php(457): CodeIgniter\CodeIgniter->tryToRouteIt(null)
 8 SYSTEMPATH\CodeIgniter.php(355): CodeIgniter\CodeIgniter->handleRequest(null, Object(Config\Cache), false)
 9 SYSTEMPATH\Boot.php(325): CodeIgniter\CodeIgniter->run()
10 SYSTEMPATH\Boot.php(67): CodeIgniter\Boot::runCodeIgniter(Object(CodeIgniter\CodeIgniter))
11 FCPATH\index.php(63): CodeIgniter\Boot::bootWeb(Object(Config\Paths))
WARNING - 2025-06-07 14:14:51 --> [DEPRECATED] Passing lowercase HTTP method "post" is deprecated. Use uppercase HTTP method like "POST". in SYSTEMPATH\Router\RouteCollection.php on line 1027.
 1 SYSTEMPATH\Router\RouteCollection.php(1027): trigger_error('Passing lowercase HTTP method "post" is deprecated. Use uppercase HTTP method like "POST".', 16384)
 2 APPPATH\Config\Routes\UserRoutes.php(63): CodeIgniter\Router\RouteCollection->match([...], 'track-order', 'OrderController::track_order', [...])
 3 APPPATH\Config\Routes\UserRoutes.php(23): App\Config\Routes\UserRoutes::defineRoutes(Object(CodeIgniter\Router\RouteCollection))
 4 APPPATH\Config\Routes.php(21): App\Config\Routes\UserRoutes::init(Object(CodeIgniter\Router\RouteCollection))
 5 SYSTEMPATH\Router\RouteCollection.php(340): require('C:\\xampp\\htdocs\\smartstore\\app\\Config\\Routes.php')
 6 SYSTEMPATH\CodeIgniter.php(823): CodeIgniter\Router\RouteCollection->loadRoutes()
 7 SYSTEMPATH\CodeIgniter.php(457): CodeIgniter\CodeIgniter->tryToRouteIt(null)
 8 SYSTEMPATH\CodeIgniter.php(355): CodeIgniter\CodeIgniter->handleRequest(null, Object(Config\Cache), false)
 9 SYSTEMPATH\Boot.php(325): CodeIgniter\CodeIgniter->run()
10 SYSTEMPATH\Boot.php(67): CodeIgniter\Boot::runCodeIgniter(Object(CodeIgniter\CodeIgniter))
11 FCPATH\index.php(63): CodeIgniter\Boot::bootWeb(Object(Config\Paths))
WARNING - 2025-06-07 14:14:51 --> [DEPRECATED] Passing lowercase HTTP method "get" is deprecated. Use uppercase HTTP method like "GET". in SYSTEMPATH\Router\RouteCollection.php on line 1027.
 1 SYSTEMPATH\Router\RouteCollection.php(1027): trigger_error('Passing lowercase HTTP method "get" is deprecated. Use uppercase HTTP method like "GET".', 16384)
 2 APPPATH\Config\Routes\UserRoutes.php(49): CodeIgniter\Router\RouteCollection->match([...], 'submit_review', 'ClientController::submit_review', [...])
 3 APPPATH\Config\Routes\UserRoutes.php(26): App\Config\Routes\UserRoutes::defineRoutes(Object(CodeIgniter\Router\RouteCollection))
 4 SYSTEMPATH\Router\RouteCollection.php(800): App\Config\Routes\UserRoutes::App\Config\Routes\{closure}(Object(CodeIgniter\Router\RouteCollection))
 5 APPPATH\Config\Routes\UserRoutes.php(25): CodeIgniter\Router\RouteCollection->group('{locale}', Object(Closure))
 6 APPPATH\Config\Routes.php(21): App\Config\Routes\UserRoutes::init(Object(CodeIgniter\Router\RouteCollection))
 7 SYSTEMPATH\Router\RouteCollection.php(340): require('C:\\xampp\\htdocs\\smartstore\\app\\Config\\Routes.php')
 8 SYSTEMPATH\CodeIgniter.php(823): CodeIgniter\Router\RouteCollection->loadRoutes()
 9 SYSTEMPATH\CodeIgniter.php(457): CodeIgniter\CodeIgniter->tryToRouteIt(null)
10 SYSTEMPATH\CodeIgniter.php(355): CodeIgniter\CodeIgniter->handleRequest(null, Object(Config\Cache), false)
11 SYSTEMPATH\Boot.php(325): CodeIgniter\CodeIgniter->run()
12 SYSTEMPATH\Boot.php(67): CodeIgniter\Boot::runCodeIgniter(Object(CodeIgniter\CodeIgniter))
13 FCPATH\index.php(63): CodeIgniter\Boot::bootWeb(Object(Config\Paths))
WARNING - 2025-06-07 14:14:51 --> [DEPRECATED] Passing lowercase HTTP method "post" is deprecated. Use uppercase HTTP method like "POST". in SYSTEMPATH\Router\RouteCollection.php on line 1027.
 1 SYSTEMPATH\Router\RouteCollection.php(1027): trigger_error('Passing lowercase HTTP method "post" is deprecated. Use uppercase HTTP method like "POST".', 16384)
 2 APPPATH\Config\Routes\UserRoutes.php(49): CodeIgniter\Router\RouteCollection->match([...], 'submit_review', 'ClientController::submit_review', [...])
 3 APPPATH\Config\Routes\UserRoutes.php(26): App\Config\Routes\UserRoutes::defineRoutes(Object(CodeIgniter\Router\RouteCollection))
 4 SYSTEMPATH\Router\RouteCollection.php(800): App\Config\Routes\UserRoutes::App\Config\Routes\{closure}(Object(CodeIgniter\Router\RouteCollection))
 5 APPPATH\Config\Routes\UserRoutes.php(25): CodeIgniter\Router\RouteCollection->group('{locale}', Object(Closure))
 6 APPPATH\Config\Routes.php(21): App\Config\Routes\UserRoutes::init(Object(CodeIgniter\Router\RouteCollection))
 7 SYSTEMPATH\Router\RouteCollection.php(340): require('C:\\xampp\\htdocs\\smartstore\\app\\Config\\Routes.php')
 8 SYSTEMPATH\CodeIgniter.php(823): CodeIgniter\Router\RouteCollection->loadRoutes()
 9 SYSTEMPATH\CodeIgniter.php(457): CodeIgniter\CodeIgniter->tryToRouteIt(null)
10 SYSTEMPATH\CodeIgniter.php(355): CodeIgniter\CodeIgniter->handleRequest(null, Object(Config\Cache), false)
11 SYSTEMPATH\Boot.php(325): CodeIgniter\CodeIgniter->run()
12 SYSTEMPATH\Boot.php(67): CodeIgniter\Boot::runCodeIgniter(Object(CodeIgniter\CodeIgniter))
13 FCPATH\index.php(63): CodeIgniter\Boot::bootWeb(Object(Config\Paths))
WARNING - 2025-06-07 14:14:51 --> [DEPRECATED] Passing lowercase HTTP method "get" is deprecated. Use uppercase HTTP method like "GET". in SYSTEMPATH\Router\RouteCollection.php on line 1027.
 1 SYSTEMPATH\Router\RouteCollection.php(1027): trigger_error('Passing lowercase HTTP method "get" is deprecated. Use uppercase HTTP method like "GET".', 16384)
 2 APPPATH\Config\Routes\UserRoutes.php(63): CodeIgniter\Router\RouteCollection->match([...], 'track-order', 'OrderController::track_order', [...])
 3 APPPATH\Config\Routes\UserRoutes.php(26): App\Config\Routes\UserRoutes::defineRoutes(Object(CodeIgniter\Router\RouteCollection))
 4 SYSTEMPATH\Router\RouteCollection.php(800): App\Config\Routes\UserRoutes::App\Config\Routes\{closure}(Object(CodeIgniter\Router\RouteCollection))
 5 APPPATH\Config\Routes\UserRoutes.php(25): CodeIgniter\Router\RouteCollection->group('{locale}', Object(Closure))
 6 APPPATH\Config\Routes.php(21): App\Config\Routes\UserRoutes::init(Object(CodeIgniter\Router\RouteCollection))
 7 SYSTEMPATH\Router\RouteCollection.php(340): require('C:\\xampp\\htdocs\\smartstore\\app\\Config\\Routes.php')
 8 SYSTEMPATH\CodeIgniter.php(823): CodeIgniter\Router\RouteCollection->loadRoutes()
 9 SYSTEMPATH\CodeIgniter.php(457): CodeIgniter\CodeIgniter->tryToRouteIt(null)
10 SYSTEMPATH\CodeIgniter.php(355): CodeIgniter\CodeIgniter->handleRequest(null, Object(Config\Cache), false)
11 SYSTEMPATH\Boot.php(325): CodeIgniter\CodeIgniter->run()
12 SYSTEMPATH\Boot.php(67): CodeIgniter\Boot::runCodeIgniter(Object(CodeIgniter\CodeIgniter))
13 FCPATH\index.php(63): CodeIgniter\Boot::bootWeb(Object(Config\Paths))
WARNING - 2025-06-07 14:14:51 --> [DEPRECATED] Passing lowercase HTTP method "post" is deprecated. Use uppercase HTTP method like "POST". in SYSTEMPATH\Router\RouteCollection.php on line 1027.
 1 SYSTEMPATH\Router\RouteCollection.php(1027): trigger_error('Passing lowercase HTTP method "post" is deprecated. Use uppercase HTTP method like "POST".', 16384)
 2 APPPATH\Config\Routes\UserRoutes.php(63): CodeIgniter\Router\RouteCollection->match([...], 'track-order', 'OrderController::track_order', [...])
 3 APPPATH\Config\Routes\UserRoutes.php(26): App\Config\Routes\UserRoutes::defineRoutes(Object(CodeIgniter\Router\RouteCollection))
 4 SYSTEMPATH\Router\RouteCollection.php(800): App\Config\Routes\UserRoutes::App\Config\Routes\{closure}(Object(CodeIgniter\Router\RouteCollection))
 5 APPPATH\Config\Routes\UserRoutes.php(25): CodeIgniter\Router\RouteCollection->group('{locale}', Object(Closure))
 6 APPPATH\Config\Routes.php(21): App\Config\Routes\UserRoutes::init(Object(CodeIgniter\Router\RouteCollection))
 7 SYSTEMPATH\Router\RouteCollection.php(340): require('C:\\xampp\\htdocs\\smartstore\\app\\Config\\Routes.php')
 8 SYSTEMPATH\CodeIgniter.php(823): CodeIgniter\Router\RouteCollection->loadRoutes()
 9 SYSTEMPATH\CodeIgniter.php(457): CodeIgniter\CodeIgniter->tryToRouteIt(null)
10 SYSTEMPATH\CodeIgniter.php(355): CodeIgniter\CodeIgniter->handleRequest(null, Object(Config\Cache), false)
11 SYSTEMPATH\Boot.php(325): CodeIgniter\CodeIgniter->run()
12 SYSTEMPATH\Boot.php(67): CodeIgniter\Boot::runCodeIgniter(Object(CodeIgniter\CodeIgniter))
13 FCPATH\index.php(63): CodeIgniter\Boot::bootWeb(Object(Config\Paths))
INFO - 2025-06-07 14:14:51 --> Session: Class initialized using 'CodeIgniter\Session\Handlers\FileHandler' driver.
WARNING - 2025-06-07 14:14:51 --> [DEPRECATED] Creation of dynamic property App\Controllers\Public\PageController::$load_files is deprecated in APPPATH\Controllers\Public\PageController.php on line 21.
 1 SYSTEMPATH\CodeIgniter.php(903): App\Controllers\Public\PageController->__construct()
 2 SYSTEMPATH\CodeIgniter.php(500): CodeIgniter\CodeIgniter->createController()
 3 SYSTEMPATH\CodeIgniter.php(355): CodeIgniter\CodeIgniter->handleRequest(null, Object(Config\Cache), false)
 4 SYSTEMPATH\Boot.php(325): CodeIgniter\CodeIgniter->run()
 5 SYSTEMPATH\Boot.php(67): CodeIgniter\Boot::runCodeIgniter(Object(CodeIgniter\CodeIgniter))
 6 FCPATH\index.php(63): CodeIgniter\Boot::bootWeb(Object(Config\Paths))
WARNING - 2025-06-07 14:14:51 --> [DEPRECATED] Creation of dynamic property App\Controllers\Public\PageController::$page_title is deprecated in APPPATH\Controllers\Public\PageController.php on line 22.
 1 SYSTEMPATH\CodeIgniter.php(903): App\Controllers\Public\PageController->__construct()
 2 SYSTEMPATH\CodeIgniter.php(500): CodeIgniter\CodeIgniter->createController()
 3 SYSTEMPATH\CodeIgniter.php(355): CodeIgniter\CodeIgniter->handleRequest(null, Object(Config\Cache), false)
 4 SYSTEMPATH\Boot.php(325): CodeIgniter\CodeIgniter->run()
 5 SYSTEMPATH\Boot.php(67): CodeIgniter\Boot::runCodeIgniter(Object(CodeIgniter\CodeIgniter))
 6 FCPATH\index.php(63): CodeIgniter\Boot::bootWeb(Object(Config\Paths))
WARNING - 2025-06-07 14:15:24 --> [DEPRECATED] Passing lowercase HTTP method "get" is deprecated. Use uppercase HTTP method like "GET". in SYSTEMPATH\Router\RouteCollection.php on line 1027.
 1 SYSTEMPATH\Router\RouteCollection.php(1027): trigger_error('Passing lowercase HTTP method "get" is deprecated. Use uppercase HTTP method like "GET".', 16384)
 2 APPPATH\Config\Routes\AdminRoutes.php(65): CodeIgniter\Router\RouteCollection->match([...], 'send_test_mail', 'SettingsController::send_test_mail')
 3 SYSTEMPATH\Router\RouteCollection.php(800): App\Config\Routes\AdminRoutes::App\Config\Routes\{closure}(Object(CodeIgniter\Router\RouteCollection))
 4 APPPATH\Config\Routes\AdminRoutes.php(63): CodeIgniter\Router\RouteCollection->group('settings', [...], Object(Closure))
 5 SYSTEMPATH\Router\RouteCollection.php(800): App\Config\Routes\AdminRoutes::App\Config\Routes\{closure}(Object(CodeIgniter\Router\RouteCollection))
 6 APPPATH\Config\Routes\AdminRoutes.php(28): CodeIgniter\Router\RouteCollection->group('admin', [...], Object(Closure))
 7 APPPATH\Config\Routes.php(20): App\Config\Routes\AdminRoutes::init(Object(CodeIgniter\Router\RouteCollection))
 8 SYSTEMPATH\Router\RouteCollection.php(340): require('C:\\xampp\\htdocs\\smartstore\\app\\Config\\Routes.php')
 9 SYSTEMPATH\CodeIgniter.php(823): CodeIgniter\Router\RouteCollection->loadRoutes()
10 SYSTEMPATH\CodeIgniter.php(457): CodeIgniter\CodeIgniter->tryToRouteIt(null)
11 SYSTEMPATH\CodeIgniter.php(355): CodeIgniter\CodeIgniter->handleRequest(null, Object(Config\Cache), false)
12 SYSTEMPATH\Boot.php(325): CodeIgniter\CodeIgniter->run()
13 SYSTEMPATH\Boot.php(67): CodeIgniter\Boot::runCodeIgniter(Object(CodeIgniter\CodeIgniter))
14 FCPATH\index.php(63): CodeIgniter\Boot::bootWeb(Object(Config\Paths))
WARNING - 2025-06-07 14:15:24 --> [DEPRECATED] Passing lowercase HTTP method "post" is deprecated. Use uppercase HTTP method like "POST". in SYSTEMPATH\Router\RouteCollection.php on line 1027.
 1 SYSTEMPATH\Router\RouteCollection.php(1027): trigger_error('Passing lowercase HTTP method "post" is deprecated. Use uppercase HTTP method like "POST".', 16384)
 2 APPPATH\Config\Routes\AdminRoutes.php(65): CodeIgniter\Router\RouteCollection->match([...], 'send_test_mail', 'SettingsController::send_test_mail')
 3 SYSTEMPATH\Router\RouteCollection.php(800): App\Config\Routes\AdminRoutes::App\Config\Routes\{closure}(Object(CodeIgniter\Router\RouteCollection))
 4 APPPATH\Config\Routes\AdminRoutes.php(63): CodeIgniter\Router\RouteCollection->group('settings', [...], Object(Closure))
 5 SYSTEMPATH\Router\RouteCollection.php(800): App\Config\Routes\AdminRoutes::App\Config\Routes\{closure}(Object(CodeIgniter\Router\RouteCollection))
 6 APPPATH\Config\Routes\AdminRoutes.php(28): CodeIgniter\Router\RouteCollection->group('admin', [...], Object(Closure))
 7 APPPATH\Config\Routes.php(20): App\Config\Routes\AdminRoutes::init(Object(CodeIgniter\Router\RouteCollection))
 8 SYSTEMPATH\Router\RouteCollection.php(340): require('C:\\xampp\\htdocs\\smartstore\\app\\Config\\Routes.php')
 9 SYSTEMPATH\CodeIgniter.php(823): CodeIgniter\Router\RouteCollection->loadRoutes()
10 SYSTEMPATH\CodeIgniter.php(457): CodeIgniter\CodeIgniter->tryToRouteIt(null)
11 SYSTEMPATH\CodeIgniter.php(355): CodeIgniter\CodeIgniter->handleRequest(null, Object(Config\Cache), false)
12 SYSTEMPATH\Boot.php(325): CodeIgniter\CodeIgniter->run()
13 SYSTEMPATH\Boot.php(67): CodeIgniter\Boot::runCodeIgniter(Object(CodeIgniter\CodeIgniter))
14 FCPATH\index.php(63): CodeIgniter\Boot::bootWeb(Object(Config\Paths))
WARNING - 2025-06-07 14:15:24 --> [DEPRECATED] Passing lowercase HTTP method "get" is deprecated. Use uppercase HTTP method like "GET". in SYSTEMPATH\Router\RouteCollection.php on line 1027.
 1 SYSTEMPATH\Router\RouteCollection.php(1027): trigger_error('Passing lowercase HTTP method "get" is deprecated. Use uppercase HTTP method like "GET".', 16384)
 2 APPPATH\Config\Routes\AdminRoutes.php(76): CodeIgniter\Router\RouteCollection->match([...], 'elfinder_connector', 'FilemanagerController::elfinder_connector')
 3 SYSTEMPATH\Router\RouteCollection.php(800): App\Config\Routes\AdminRoutes::App\Config\Routes\{closure}(Object(CodeIgniter\Router\RouteCollection))
 4 APPPATH\Config\Routes\AdminRoutes.php(73): CodeIgniter\Router\RouteCollection->group('filemanager', [...], Object(Closure))
 5 SYSTEMPATH\Router\RouteCollection.php(800): App\Config\Routes\AdminRoutes::App\Config\Routes\{closure}(Object(CodeIgniter\Router\RouteCollection))
 6 APPPATH\Config\Routes\AdminRoutes.php(28): CodeIgniter\Router\RouteCollection->group('admin', [...], Object(Closure))
 7 APPPATH\Config\Routes.php(20): App\Config\Routes\AdminRoutes::init(Object(CodeIgniter\Router\RouteCollection))
 8 SYSTEMPATH\Router\RouteCollection.php(340): require('C:\\xampp\\htdocs\\smartstore\\app\\Config\\Routes.php')
 9 SYSTEMPATH\CodeIgniter.php(823): CodeIgniter\Router\RouteCollection->loadRoutes()
10 SYSTEMPATH\CodeIgniter.php(457): CodeIgniter\CodeIgniter->tryToRouteIt(null)
11 SYSTEMPATH\CodeIgniter.php(355): CodeIgniter\CodeIgniter->handleRequest(null, Object(Config\Cache), false)
12 SYSTEMPATH\Boot.php(325): CodeIgniter\CodeIgniter->run()
13 SYSTEMPATH\Boot.php(67): CodeIgniter\Boot::runCodeIgniter(Object(CodeIgniter\CodeIgniter))
14 FCPATH\index.php(63): CodeIgniter\Boot::bootWeb(Object(Config\Paths))
WARNING - 2025-06-07 14:15:24 --> [DEPRECATED] Passing lowercase HTTP method "post" is deprecated. Use uppercase HTTP method like "POST". in SYSTEMPATH\Router\RouteCollection.php on line 1027.
 1 SYSTEMPATH\Router\RouteCollection.php(1027): trigger_error('Passing lowercase HTTP method "post" is deprecated. Use uppercase HTTP method like "POST".', 16384)
 2 APPPATH\Config\Routes\AdminRoutes.php(76): CodeIgniter\Router\RouteCollection->match([...], 'elfinder_connector', 'FilemanagerController::elfinder_connector')
 3 SYSTEMPATH\Router\RouteCollection.php(800): App\Config\Routes\AdminRoutes::App\Config\Routes\{closure}(Object(CodeIgniter\Router\RouteCollection))
 4 APPPATH\Config\Routes\AdminRoutes.php(73): CodeIgniter\Router\RouteCollection->group('filemanager', [...], Object(Closure))
 5 SYSTEMPATH\Router\RouteCollection.php(800): App\Config\Routes\AdminRoutes::App\Config\Routes\{closure}(Object(CodeIgniter\Router\RouteCollection))
 6 APPPATH\Config\Routes\AdminRoutes.php(28): CodeIgniter\Router\RouteCollection->group('admin', [...], Object(Closure))
 7 APPPATH\Config\Routes.php(20): App\Config\Routes\AdminRoutes::init(Object(CodeIgniter\Router\RouteCollection))
 8 SYSTEMPATH\Router\RouteCollection.php(340): require('C:\\xampp\\htdocs\\smartstore\\app\\Config\\Routes.php')
 9 SYSTEMPATH\CodeIgniter.php(823): CodeIgniter\Router\RouteCollection->loadRoutes()
10 SYSTEMPATH\CodeIgniter.php(457): CodeIgniter\CodeIgniter->tryToRouteIt(null)
11 SYSTEMPATH\CodeIgniter.php(355): CodeIgniter\CodeIgniter->handleRequest(null, Object(Config\Cache), false)
12 SYSTEMPATH\Boot.php(325): CodeIgniter\CodeIgniter->run()
13 SYSTEMPATH\Boot.php(67): CodeIgniter\Boot::runCodeIgniter(Object(CodeIgniter\CodeIgniter))
14 FCPATH\index.php(63): CodeIgniter\Boot::bootWeb(Object(Config\Paths))
WARNING - 2025-06-07 14:15:24 --> [DEPRECATED] Passing lowercase HTTP method "get" is deprecated. Use uppercase HTTP method like "GET". in SYSTEMPATH\Router\RouteCollection.php on line 1027.
 1 SYSTEMPATH\Router\RouteCollection.php(1027): trigger_error('Passing lowercase HTTP method "get" is deprecated. Use uppercase HTTP method like "GET".', 16384)
 2 APPPATH\Config\Routes\AdminRoutes.php(172): CodeIgniter\Router\RouteCollection->match([...], 'sync_services/?(:num)?', 'ProvidersController::sync_services/$1')
 3 SYSTEMPATH\Router\RouteCollection.php(800): App\Config\Routes\AdminRoutes::App\Config\Routes\{closure}(Object(CodeIgniter\Router\RouteCollection))
 4 APPPATH\Config\Routes\AdminRoutes.php(167): CodeIgniter\Router\RouteCollection->group('providers', [...], Object(Closure))
 5 SYSTEMPATH\Router\RouteCollection.php(800): App\Config\Routes\AdminRoutes::App\Config\Routes\{closure}(Object(CodeIgniter\Router\RouteCollection))
 6 APPPATH\Config\Routes\AdminRoutes.php(28): CodeIgniter\Router\RouteCollection->group('admin', [...], Object(Closure))
 7 APPPATH\Config\Routes.php(20): App\Config\Routes\AdminRoutes::init(Object(CodeIgniter\Router\RouteCollection))
 8 SYSTEMPATH\Router\RouteCollection.php(340): require('C:\\xampp\\htdocs\\smartstore\\app\\Config\\Routes.php')
 9 SYSTEMPATH\CodeIgniter.php(823): CodeIgniter\Router\RouteCollection->loadRoutes()
10 SYSTEMPATH\CodeIgniter.php(457): CodeIgniter\CodeIgniter->tryToRouteIt(null)
11 SYSTEMPATH\CodeIgniter.php(355): CodeIgniter\CodeIgniter->handleRequest(null, Object(Config\Cache), false)
12 SYSTEMPATH\Boot.php(325): CodeIgniter\CodeIgniter->run()
13 SYSTEMPATH\Boot.php(67): CodeIgniter\Boot::runCodeIgniter(Object(CodeIgniter\CodeIgniter))
14 FCPATH\index.php(63): CodeIgniter\Boot::bootWeb(Object(Config\Paths))
WARNING - 2025-06-07 14:15:24 --> [DEPRECATED] Passing lowercase HTTP method "post" is deprecated. Use uppercase HTTP method like "POST". in SYSTEMPATH\Router\RouteCollection.php on line 1027.
 1 SYSTEMPATH\Router\RouteCollection.php(1027): trigger_error('Passing lowercase HTTP method "post" is deprecated. Use uppercase HTTP method like "POST".', 16384)
 2 APPPATH\Config\Routes\AdminRoutes.php(172): CodeIgniter\Router\RouteCollection->match([...], 'sync_services/?(:num)?', 'ProvidersController::sync_services/$1')
 3 SYSTEMPATH\Router\RouteCollection.php(800): App\Config\Routes\AdminRoutes::App\Config\Routes\{closure}(Object(CodeIgniter\Router\RouteCollection))
 4 APPPATH\Config\Routes\AdminRoutes.php(167): CodeIgniter\Router\RouteCollection->group('providers', [...], Object(Closure))
 5 SYSTEMPATH\Router\RouteCollection.php(800): App\Config\Routes\AdminRoutes::App\Config\Routes\{closure}(Object(CodeIgniter\Router\RouteCollection))
 6 APPPATH\Config\Routes\AdminRoutes.php(28): CodeIgniter\Router\RouteCollection->group('admin', [...], Object(Closure))
 7 APPPATH\Config\Routes.php(20): App\Config\Routes\AdminRoutes::init(Object(CodeIgniter\Router\RouteCollection))
 8 SYSTEMPATH\Router\RouteCollection.php(340): require('C:\\xampp\\htdocs\\smartstore\\app\\Config\\Routes.php')
 9 SYSTEMPATH\CodeIgniter.php(823): CodeIgniter\Router\RouteCollection->loadRoutes()
10 SYSTEMPATH\CodeIgniter.php(457): CodeIgniter\CodeIgniter->tryToRouteIt(null)
11 SYSTEMPATH\CodeIgniter.php(355): CodeIgniter\CodeIgniter->handleRequest(null, Object(Config\Cache), false)
12 SYSTEMPATH\Boot.php(325): CodeIgniter\CodeIgniter->run()
13 SYSTEMPATH\Boot.php(67): CodeIgniter\Boot::runCodeIgniter(Object(CodeIgniter\CodeIgniter))
14 FCPATH\index.php(63): CodeIgniter\Boot::bootWeb(Object(Config\Paths))
WARNING - 2025-06-07 14:15:24 --> [DEPRECATED] Passing lowercase HTTP method "get" is deprecated. Use uppercase HTTP method like "GET". in SYSTEMPATH\Router\RouteCollection.php on line 1027.
 1 SYSTEMPATH\Router\RouteCollection.php(1027): trigger_error('Passing lowercase HTTP method "get" is deprecated. Use uppercase HTTP method like "GET".', 16384)
 2 APPPATH\Config\Routes\AdminRoutes.php(185): CodeIgniter\Router\RouteCollection->match([...], 'add_note/?(:num)?', 'UsersController::add_note/$1')
 3 SYSTEMPATH\Router\RouteCollection.php(800): App\Config\Routes\AdminRoutes::App\Config\Routes\{closure}(Object(CodeIgniter\Router\RouteCollection))
 4 APPPATH\Config\Routes\AdminRoutes.php(182): CodeIgniter\Router\RouteCollection->group('users', [...], Object(Closure))
 5 SYSTEMPATH\Router\RouteCollection.php(800): App\Config\Routes\AdminRoutes::App\Config\Routes\{closure}(Object(CodeIgniter\Router\RouteCollection))
 6 APPPATH\Config\Routes\AdminRoutes.php(28): CodeIgniter\Router\RouteCollection->group('admin', [...], Object(Closure))
 7 APPPATH\Config\Routes.php(20): App\Config\Routes\AdminRoutes::init(Object(CodeIgniter\Router\RouteCollection))
 8 SYSTEMPATH\Router\RouteCollection.php(340): require('C:\\xampp\\htdocs\\smartstore\\app\\Config\\Routes.php')
 9 SYSTEMPATH\CodeIgniter.php(823): CodeIgniter\Router\RouteCollection->loadRoutes()
10 SYSTEMPATH\CodeIgniter.php(457): CodeIgniter\CodeIgniter->tryToRouteIt(null)
11 SYSTEMPATH\CodeIgniter.php(355): CodeIgniter\CodeIgniter->handleRequest(null, Object(Config\Cache), false)
12 SYSTEMPATH\Boot.php(325): CodeIgniter\CodeIgniter->run()
13 SYSTEMPATH\Boot.php(67): CodeIgniter\Boot::runCodeIgniter(Object(CodeIgniter\CodeIgniter))
14 FCPATH\index.php(63): CodeIgniter\Boot::bootWeb(Object(Config\Paths))
WARNING - 2025-06-07 14:15:24 --> [DEPRECATED] Passing lowercase HTTP method "post" is deprecated. Use uppercase HTTP method like "POST". in SYSTEMPATH\Router\RouteCollection.php on line 1027.
 1 SYSTEMPATH\Router\RouteCollection.php(1027): trigger_error('Passing lowercase HTTP method "post" is deprecated. Use uppercase HTTP method like "POST".', 16384)
 2 APPPATH\Config\Routes\AdminRoutes.php(185): CodeIgniter\Router\RouteCollection->match([...], 'add_note/?(:num)?', 'UsersController::add_note/$1')
 3 SYSTEMPATH\Router\RouteCollection.php(800): App\Config\Routes\AdminRoutes::App\Config\Routes\{closure}(Object(CodeIgniter\Router\RouteCollection))
 4 APPPATH\Config\Routes\AdminRoutes.php(182): CodeIgniter\Router\RouteCollection->group('users', [...], Object(Closure))
 5 SYSTEMPATH\Router\RouteCollection.php(800): App\Config\Routes\AdminRoutes::App\Config\Routes\{closure}(Object(CodeIgniter\Router\RouteCollection))
 6 APPPATH\Config\Routes\AdminRoutes.php(28): CodeIgniter\Router\RouteCollection->group('admin', [...], Object(Closure))
 7 APPPATH\Config\Routes.php(20): App\Config\Routes\AdminRoutes::init(Object(CodeIgniter\Router\RouteCollection))
 8 SYSTEMPATH\Router\RouteCollection.php(340): require('C:\\xampp\\htdocs\\smartstore\\app\\Config\\Routes.php')
 9 SYSTEMPATH\CodeIgniter.php(823): CodeIgniter\Router\RouteCollection->loadRoutes()
10 SYSTEMPATH\CodeIgniter.php(457): CodeIgniter\CodeIgniter->tryToRouteIt(null)
11 SYSTEMPATH\CodeIgniter.php(355): CodeIgniter\CodeIgniter->handleRequest(null, Object(Config\Cache), false)
12 SYSTEMPATH\Boot.php(325): CodeIgniter\CodeIgniter->run()
13 SYSTEMPATH\Boot.php(67): CodeIgniter\Boot::runCodeIgniter(Object(CodeIgniter\CodeIgniter))
14 FCPATH\index.php(63): CodeIgniter\Boot::bootWeb(Object(Config\Paths))
WARNING - 2025-06-07 14:15:24 --> [DEPRECATED] Passing lowercase HTTP method "get" is deprecated. Use uppercase HTTP method like "GET". in SYSTEMPATH\Router\RouteCollection.php on line 1027.
 1 SYSTEMPATH\Router\RouteCollection.php(1027): trigger_error('Passing lowercase HTTP method "get" is deprecated. Use uppercase HTTP method like "GET".', 16384)
 2 APPPATH\Config\Routes\AdminRoutes.php(186): CodeIgniter\Router\RouteCollection->match([...], 'send_mail/?(:num)?', 'UsersController::send_mail/$1')
 3 SYSTEMPATH\Router\RouteCollection.php(800): App\Config\Routes\AdminRoutes::App\Config\Routes\{closure}(Object(CodeIgniter\Router\RouteCollection))
 4 APPPATH\Config\Routes\AdminRoutes.php(182): CodeIgniter\Router\RouteCollection->group('users', [...], Object(Closure))
 5 SYSTEMPATH\Router\RouteCollection.php(800): App\Config\Routes\AdminRoutes::App\Config\Routes\{closure}(Object(CodeIgniter\Router\RouteCollection))
 6 APPPATH\Config\Routes\AdminRoutes.php(28): CodeIgniter\Router\RouteCollection->group('admin', [...], Object(Closure))
 7 APPPATH\Config\Routes.php(20): App\Config\Routes\AdminRoutes::init(Object(CodeIgniter\Router\RouteCollection))
 8 SYSTEMPATH\Router\RouteCollection.php(340): require('C:\\xampp\\htdocs\\smartstore\\app\\Config\\Routes.php')
 9 SYSTEMPATH\CodeIgniter.php(823): CodeIgniter\Router\RouteCollection->loadRoutes()
10 SYSTEMPATH\CodeIgniter.php(457): CodeIgniter\CodeIgniter->tryToRouteIt(null)
11 SYSTEMPATH\CodeIgniter.php(355): CodeIgniter\CodeIgniter->handleRequest(null, Object(Config\Cache), false)
12 SYSTEMPATH\Boot.php(325): CodeIgniter\CodeIgniter->run()
13 SYSTEMPATH\Boot.php(67): CodeIgniter\Boot::runCodeIgniter(Object(CodeIgniter\CodeIgniter))
14 FCPATH\index.php(63): CodeIgniter\Boot::bootWeb(Object(Config\Paths))
WARNING - 2025-06-07 14:15:24 --> [DEPRECATED] Passing lowercase HTTP method "post" is deprecated. Use uppercase HTTP method like "POST". in SYSTEMPATH\Router\RouteCollection.php on line 1027.
 1 SYSTEMPATH\Router\RouteCollection.php(1027): trigger_error('Passing lowercase HTTP method "post" is deprecated. Use uppercase HTTP method like "POST".', 16384)
 2 APPPATH\Config\Routes\AdminRoutes.php(186): CodeIgniter\Router\RouteCollection->match([...], 'send_mail/?(:num)?', 'UsersController::send_mail/$1')
 3 SYSTEMPATH\Router\RouteCollection.php(800): App\Config\Routes\AdminRoutes::App\Config\Routes\{closure}(Object(CodeIgniter\Router\RouteCollection))
 4 APPPATH\Config\Routes\AdminRoutes.php(182): CodeIgniter\Router\RouteCollection->group('users', [...], Object(Closure))
 5 SYSTEMPATH\Router\RouteCollection.php(800): App\Config\Routes\AdminRoutes::App\Config\Routes\{closure}(Object(CodeIgniter\Router\RouteCollection))
 6 APPPATH\Config\Routes\AdminRoutes.php(28): CodeIgniter\Router\RouteCollection->group('admin', [...], Object(Closure))
 7 APPPATH\Config\Routes.php(20): App\Config\Routes\AdminRoutes::init(Object(CodeIgniter\Router\RouteCollection))
 8 SYSTEMPATH\Router\RouteCollection.php(340): require('C:\\xampp\\htdocs\\smartstore\\app\\Config\\Routes.php')
 9 SYSTEMPATH\CodeIgniter.php(823): CodeIgniter\Router\RouteCollection->loadRoutes()
10 SYSTEMPATH\CodeIgniter.php(457): CodeIgniter\CodeIgniter->tryToRouteIt(null)
11 SYSTEMPATH\CodeIgniter.php(355): CodeIgniter\CodeIgniter->handleRequest(null, Object(Config\Cache), false)
12 SYSTEMPATH\Boot.php(325): CodeIgniter\CodeIgniter->run()
13 SYSTEMPATH\Boot.php(67): CodeIgniter\Boot::runCodeIgniter(Object(CodeIgniter\CodeIgniter))
14 FCPATH\index.php(63): CodeIgniter\Boot::bootWeb(Object(Config\Paths))
WARNING - 2025-06-07 14:15:24 --> [DEPRECATED] Passing lowercase HTTP method "get" is deprecated. Use uppercase HTTP method like "GET". in SYSTEMPATH\Router\RouteCollection.php on line 1027.
 1 SYSTEMPATH\Router\RouteCollection.php(1027): trigger_error('Passing lowercase HTTP method "get" is deprecated. Use uppercase HTTP method like "GET".', 16384)
 2 APPPATH\Config\Routes\AdminRoutes.php(215): CodeIgniter\Router\RouteCollection->match([...], 'send_mail/?(:num)?', 'TicketsController::send_mail/$1')
 3 SYSTEMPATH\Router\RouteCollection.php(800): App\Config\Routes\AdminRoutes::App\Config\Routes\{closure}(Object(CodeIgniter\Router\RouteCollection))
 4 APPPATH\Config\Routes\AdminRoutes.php(212): CodeIgniter\Router\RouteCollection->group('tickets', [...], Object(Closure))
 5 SYSTEMPATH\Router\RouteCollection.php(800): App\Config\Routes\AdminRoutes::App\Config\Routes\{closure}(Object(CodeIgniter\Router\RouteCollection))
 6 APPPATH\Config\Routes\AdminRoutes.php(28): CodeIgniter\Router\RouteCollection->group('admin', [...], Object(Closure))
 7 APPPATH\Config\Routes.php(20): App\Config\Routes\AdminRoutes::init(Object(CodeIgniter\Router\RouteCollection))
 8 SYSTEMPATH\Router\RouteCollection.php(340): require('C:\\xampp\\htdocs\\smartstore\\app\\Config\\Routes.php')
 9 SYSTEMPATH\CodeIgniter.php(823): CodeIgniter\Router\RouteCollection->loadRoutes()
10 SYSTEMPATH\CodeIgniter.php(457): CodeIgniter\CodeIgniter->tryToRouteIt(null)
11 SYSTEMPATH\CodeIgniter.php(355): CodeIgniter\CodeIgniter->handleRequest(null, Object(Config\Cache), false)
12 SYSTEMPATH\Boot.php(325): CodeIgniter\CodeIgniter->run()
13 SYSTEMPATH\Boot.php(67): CodeIgniter\Boot::runCodeIgniter(Object(CodeIgniter\CodeIgniter))
14 FCPATH\index.php(63): CodeIgniter\Boot::bootWeb(Object(Config\Paths))
WARNING - 2025-06-07 14:15:24 --> [DEPRECATED] Passing lowercase HTTP method "post" is deprecated. Use uppercase HTTP method like "POST". in SYSTEMPATH\Router\RouteCollection.php on line 1027.
 1 SYSTEMPATH\Router\RouteCollection.php(1027): trigger_error('Passing lowercase HTTP method "post" is deprecated. Use uppercase HTTP method like "POST".', 16384)
 2 APPPATH\Config\Routes\AdminRoutes.php(215): CodeIgniter\Router\RouteCollection->match([...], 'send_mail/?(:num)?', 'TicketsController::send_mail/$1')
 3 SYSTEMPATH\Router\RouteCollection.php(800): App\Config\Routes\AdminRoutes::App\Config\Routes\{closure}(Object(CodeIgniter\Router\RouteCollection))
 4 APPPATH\Config\Routes\AdminRoutes.php(212): CodeIgniter\Router\RouteCollection->group('tickets', [...], Object(Closure))
 5 SYSTEMPATH\Router\RouteCollection.php(800): App\Config\Routes\AdminRoutes::App\Config\Routes\{closure}(Object(CodeIgniter\Router\RouteCollection))
 6 APPPATH\Config\Routes\AdminRoutes.php(28): CodeIgniter\Router\RouteCollection->group('admin', [...], Object(Closure))
 7 APPPATH\Config\Routes.php(20): App\Config\Routes\AdminRoutes::init(Object(CodeIgniter\Router\RouteCollection))
 8 SYSTEMPATH\Router\RouteCollection.php(340): require('C:\\xampp\\htdocs\\smartstore\\app\\Config\\Routes.php')
 9 SYSTEMPATH\CodeIgniter.php(823): CodeIgniter\Router\RouteCollection->loadRoutes()
10 SYSTEMPATH\CodeIgniter.php(457): CodeIgniter\CodeIgniter->tryToRouteIt(null)
11 SYSTEMPATH\CodeIgniter.php(355): CodeIgniter\CodeIgniter->handleRequest(null, Object(Config\Cache), false)
12 SYSTEMPATH\Boot.php(325): CodeIgniter\CodeIgniter->run()
13 SYSTEMPATH\Boot.php(67): CodeIgniter\Boot::runCodeIgniter(Object(CodeIgniter\CodeIgniter))
14 FCPATH\index.php(63): CodeIgniter\Boot::bootWeb(Object(Config\Paths))
WARNING - 2025-06-07 14:15:24 --> [DEPRECATED] Passing lowercase HTTP method "get" is deprecated. Use uppercase HTTP method like "GET". in SYSTEMPATH\Router\RouteCollection.php on line 1027.
 1 SYSTEMPATH\Router\RouteCollection.php(1027): trigger_error('Passing lowercase HTTP method "get" is deprecated. Use uppercase HTTP method like "GET".', 16384)
 2 APPPATH\Config\Routes\UserRoutes.php(49): CodeIgniter\Router\RouteCollection->match([...], 'submit_review', 'ClientController::submit_review', [...])
 3 APPPATH\Config\Routes\UserRoutes.php(23): App\Config\Routes\UserRoutes::defineRoutes(Object(CodeIgniter\Router\RouteCollection))
 4 APPPATH\Config\Routes.php(21): App\Config\Routes\UserRoutes::init(Object(CodeIgniter\Router\RouteCollection))
 5 SYSTEMPATH\Router\RouteCollection.php(340): require('C:\\xampp\\htdocs\\smartstore\\app\\Config\\Routes.php')
 6 SYSTEMPATH\CodeIgniter.php(823): CodeIgniter\Router\RouteCollection->loadRoutes()
 7 SYSTEMPATH\CodeIgniter.php(457): CodeIgniter\CodeIgniter->tryToRouteIt(null)
 8 SYSTEMPATH\CodeIgniter.php(355): CodeIgniter\CodeIgniter->handleRequest(null, Object(Config\Cache), false)
 9 SYSTEMPATH\Boot.php(325): CodeIgniter\CodeIgniter->run()
10 SYSTEMPATH\Boot.php(67): CodeIgniter\Boot::runCodeIgniter(Object(CodeIgniter\CodeIgniter))
11 FCPATH\index.php(63): CodeIgniter\Boot::bootWeb(Object(Config\Paths))
WARNING - 2025-06-07 14:15:24 --> [DEPRECATED] Passing lowercase HTTP method "post" is deprecated. Use uppercase HTTP method like "POST". in SYSTEMPATH\Router\RouteCollection.php on line 1027.
 1 SYSTEMPATH\Router\RouteCollection.php(1027): trigger_error('Passing lowercase HTTP method "post" is deprecated. Use uppercase HTTP method like "POST".', 16384)
 2 APPPATH\Config\Routes\UserRoutes.php(49): CodeIgniter\Router\RouteCollection->match([...], 'submit_review', 'ClientController::submit_review', [...])
 3 APPPATH\Config\Routes\UserRoutes.php(23): App\Config\Routes\UserRoutes::defineRoutes(Object(CodeIgniter\Router\RouteCollection))
 4 APPPATH\Config\Routes.php(21): App\Config\Routes\UserRoutes::init(Object(CodeIgniter\Router\RouteCollection))
 5 SYSTEMPATH\Router\RouteCollection.php(340): require('C:\\xampp\\htdocs\\smartstore\\app\\Config\\Routes.php')
 6 SYSTEMPATH\CodeIgniter.php(823): CodeIgniter\Router\RouteCollection->loadRoutes()
 7 SYSTEMPATH\CodeIgniter.php(457): CodeIgniter\CodeIgniter->tryToRouteIt(null)
 8 SYSTEMPATH\CodeIgniter.php(355): CodeIgniter\CodeIgniter->handleRequest(null, Object(Config\Cache), false)
 9 SYSTEMPATH\Boot.php(325): CodeIgniter\CodeIgniter->run()
10 SYSTEMPATH\Boot.php(67): CodeIgniter\Boot::runCodeIgniter(Object(CodeIgniter\CodeIgniter))
11 FCPATH\index.php(63): CodeIgniter\Boot::bootWeb(Object(Config\Paths))
WARNING - 2025-06-07 14:15:24 --> [DEPRECATED] Passing lowercase HTTP method "get" is deprecated. Use uppercase HTTP method like "GET". in SYSTEMPATH\Router\RouteCollection.php on line 1027.
 1 SYSTEMPATH\Router\RouteCollection.php(1027): trigger_error('Passing lowercase HTTP method "get" is deprecated. Use uppercase HTTP method like "GET".', 16384)
 2 APPPATH\Config\Routes\UserRoutes.php(63): CodeIgniter\Router\RouteCollection->match([...], 'track-order', 'OrderController::track_order', [...])
 3 APPPATH\Config\Routes\UserRoutes.php(23): App\Config\Routes\UserRoutes::defineRoutes(Object(CodeIgniter\Router\RouteCollection))
 4 APPPATH\Config\Routes.php(21): App\Config\Routes\UserRoutes::init(Object(CodeIgniter\Router\RouteCollection))
 5 SYSTEMPATH\Router\RouteCollection.php(340): require('C:\\xampp\\htdocs\\smartstore\\app\\Config\\Routes.php')
 6 SYSTEMPATH\CodeIgniter.php(823): CodeIgniter\Router\RouteCollection->loadRoutes()
 7 SYSTEMPATH\CodeIgniter.php(457): CodeIgniter\CodeIgniter->tryToRouteIt(null)
 8 SYSTEMPATH\CodeIgniter.php(355): CodeIgniter\CodeIgniter->handleRequest(null, Object(Config\Cache), false)
 9 SYSTEMPATH\Boot.php(325): CodeIgniter\CodeIgniter->run()
10 SYSTEMPATH\Boot.php(67): CodeIgniter\Boot::runCodeIgniter(Object(CodeIgniter\CodeIgniter))
11 FCPATH\index.php(63): CodeIgniter\Boot::bootWeb(Object(Config\Paths))
WARNING - 2025-06-07 14:15:24 --> [DEPRECATED] Passing lowercase HTTP method "post" is deprecated. Use uppercase HTTP method like "POST". in SYSTEMPATH\Router\RouteCollection.php on line 1027.
 1 SYSTEMPATH\Router\RouteCollection.php(1027): trigger_error('Passing lowercase HTTP method "post" is deprecated. Use uppercase HTTP method like "POST".', 16384)
 2 APPPATH\Config\Routes\UserRoutes.php(63): CodeIgniter\Router\RouteCollection->match([...], 'track-order', 'OrderController::track_order', [...])
 3 APPPATH\Config\Routes\UserRoutes.php(23): App\Config\Routes\UserRoutes::defineRoutes(Object(CodeIgniter\Router\RouteCollection))
 4 APPPATH\Config\Routes.php(21): App\Config\Routes\UserRoutes::init(Object(CodeIgniter\Router\RouteCollection))
 5 SYSTEMPATH\Router\RouteCollection.php(340): require('C:\\xampp\\htdocs\\smartstore\\app\\Config\\Routes.php')
 6 SYSTEMPATH\CodeIgniter.php(823): CodeIgniter\Router\RouteCollection->loadRoutes()
 7 SYSTEMPATH\CodeIgniter.php(457): CodeIgniter\CodeIgniter->tryToRouteIt(null)
 8 SYSTEMPATH\CodeIgniter.php(355): CodeIgniter\CodeIgniter->handleRequest(null, Object(Config\Cache), false)
 9 SYSTEMPATH\Boot.php(325): CodeIgniter\CodeIgniter->run()
10 SYSTEMPATH\Boot.php(67): CodeIgniter\Boot::runCodeIgniter(Object(CodeIgniter\CodeIgniter))
11 FCPATH\index.php(63): CodeIgniter\Boot::bootWeb(Object(Config\Paths))
WARNING - 2025-06-07 14:15:24 --> [DEPRECATED] Passing lowercase HTTP method "get" is deprecated. Use uppercase HTTP method like "GET". in SYSTEMPATH\Router\RouteCollection.php on line 1027.
 1 SYSTEMPATH\Router\RouteCollection.php(1027): trigger_error('Passing lowercase HTTP method "get" is deprecated. Use uppercase HTTP method like "GET".', 16384)
 2 APPPATH\Config\Routes\UserRoutes.php(49): CodeIgniter\Router\RouteCollection->match([...], 'submit_review', 'ClientController::submit_review', [...])
 3 APPPATH\Config\Routes\UserRoutes.php(26): App\Config\Routes\UserRoutes::defineRoutes(Object(CodeIgniter\Router\RouteCollection))
 4 SYSTEMPATH\Router\RouteCollection.php(800): App\Config\Routes\UserRoutes::App\Config\Routes\{closure}(Object(CodeIgniter\Router\RouteCollection))
 5 APPPATH\Config\Routes\UserRoutes.php(25): CodeIgniter\Router\RouteCollection->group('{locale}', Object(Closure))
 6 APPPATH\Config\Routes.php(21): App\Config\Routes\UserRoutes::init(Object(CodeIgniter\Router\RouteCollection))
 7 SYSTEMPATH\Router\RouteCollection.php(340): require('C:\\xampp\\htdocs\\smartstore\\app\\Config\\Routes.php')
 8 SYSTEMPATH\CodeIgniter.php(823): CodeIgniter\Router\RouteCollection->loadRoutes()
 9 SYSTEMPATH\CodeIgniter.php(457): CodeIgniter\CodeIgniter->tryToRouteIt(null)
10 SYSTEMPATH\CodeIgniter.php(355): CodeIgniter\CodeIgniter->handleRequest(null, Object(Config\Cache), false)
11 SYSTEMPATH\Boot.php(325): CodeIgniter\CodeIgniter->run()
12 SYSTEMPATH\Boot.php(67): CodeIgniter\Boot::runCodeIgniter(Object(CodeIgniter\CodeIgniter))
13 FCPATH\index.php(63): CodeIgniter\Boot::bootWeb(Object(Config\Paths))
WARNING - 2025-06-07 14:15:24 --> [DEPRECATED] Passing lowercase HTTP method "post" is deprecated. Use uppercase HTTP method like "POST". in SYSTEMPATH\Router\RouteCollection.php on line 1027.
 1 SYSTEMPATH\Router\RouteCollection.php(1027): trigger_error('Passing lowercase HTTP method "post" is deprecated. Use uppercase HTTP method like "POST".', 16384)
 2 APPPATH\Config\Routes\UserRoutes.php(49): CodeIgniter\Router\RouteCollection->match([...], 'submit_review', 'ClientController::submit_review', [...])
 3 APPPATH\Config\Routes\UserRoutes.php(26): App\Config\Routes\UserRoutes::defineRoutes(Object(CodeIgniter\Router\RouteCollection))
 4 SYSTEMPATH\Router\RouteCollection.php(800): App\Config\Routes\UserRoutes::App\Config\Routes\{closure}(Object(CodeIgniter\Router\RouteCollection))
 5 APPPATH\Config\Routes\UserRoutes.php(25): CodeIgniter\Router\RouteCollection->group('{locale}', Object(Closure))
 6 APPPATH\Config\Routes.php(21): App\Config\Routes\UserRoutes::init(Object(CodeIgniter\Router\RouteCollection))
 7 SYSTEMPATH\Router\RouteCollection.php(340): require('C:\\xampp\\htdocs\\smartstore\\app\\Config\\Routes.php')
 8 SYSTEMPATH\CodeIgniter.php(823): CodeIgniter\Router\RouteCollection->loadRoutes()
 9 SYSTEMPATH\CodeIgniter.php(457): CodeIgniter\CodeIgniter->tryToRouteIt(null)
10 SYSTEMPATH\CodeIgniter.php(355): CodeIgniter\CodeIgniter->handleRequest(null, Object(Config\Cache), false)
11 SYSTEMPATH\Boot.php(325): CodeIgniter\CodeIgniter->run()
12 SYSTEMPATH\Boot.php(67): CodeIgniter\Boot::runCodeIgniter(Object(CodeIgniter\CodeIgniter))
13 FCPATH\index.php(63): CodeIgniter\Boot::bootWeb(Object(Config\Paths))
WARNING - 2025-06-07 14:15:24 --> [DEPRECATED] Passing lowercase HTTP method "get" is deprecated. Use uppercase HTTP method like "GET". in SYSTEMPATH\Router\RouteCollection.php on line 1027.
 1 SYSTEMPATH\Router\RouteCollection.php(1027): trigger_error('Passing lowercase HTTP method "get" is deprecated. Use uppercase HTTP method like "GET".', 16384)
 2 APPPATH\Config\Routes\UserRoutes.php(63): CodeIgniter\Router\RouteCollection->match([...], 'track-order', 'OrderController::track_order', [...])
 3 APPPATH\Config\Routes\UserRoutes.php(26): App\Config\Routes\UserRoutes::defineRoutes(Object(CodeIgniter\Router\RouteCollection))
 4 SYSTEMPATH\Router\RouteCollection.php(800): App\Config\Routes\UserRoutes::App\Config\Routes\{closure}(Object(CodeIgniter\Router\RouteCollection))
 5 APPPATH\Config\Routes\UserRoutes.php(25): CodeIgniter\Router\RouteCollection->group('{locale}', Object(Closure))
 6 APPPATH\Config\Routes.php(21): App\Config\Routes\UserRoutes::init(Object(CodeIgniter\Router\RouteCollection))
 7 SYSTEMPATH\Router\RouteCollection.php(340): require('C:\\xampp\\htdocs\\smartstore\\app\\Config\\Routes.php')
 8 SYSTEMPATH\CodeIgniter.php(823): CodeIgniter\Router\RouteCollection->loadRoutes()
 9 SYSTEMPATH\CodeIgniter.php(457): CodeIgniter\CodeIgniter->tryToRouteIt(null)
10 SYSTEMPATH\CodeIgniter.php(355): CodeIgniter\CodeIgniter->handleRequest(null, Object(Config\Cache), false)
11 SYSTEMPATH\Boot.php(325): CodeIgniter\CodeIgniter->run()
12 SYSTEMPATH\Boot.php(67): CodeIgniter\Boot::runCodeIgniter(Object(CodeIgniter\CodeIgniter))
13 FCPATH\index.php(63): CodeIgniter\Boot::bootWeb(Object(Config\Paths))
WARNING - 2025-06-07 14:15:24 --> [DEPRECATED] Passing lowercase HTTP method "post" is deprecated. Use uppercase HTTP method like "POST". in SYSTEMPATH\Router\RouteCollection.php on line 1027.
 1 SYSTEMPATH\Router\RouteCollection.php(1027): trigger_error('Passing lowercase HTTP method "post" is deprecated. Use uppercase HTTP method like "POST".', 16384)
 2 APPPATH\Config\Routes\UserRoutes.php(63): CodeIgniter\Router\RouteCollection->match([...], 'track-order', 'OrderController::track_order', [...])
 3 APPPATH\Config\Routes\UserRoutes.php(26): App\Config\Routes\UserRoutes::defineRoutes(Object(CodeIgniter\Router\RouteCollection))
 4 SYSTEMPATH\Router\RouteCollection.php(800): App\Config\Routes\UserRoutes::App\Config\Routes\{closure}(Object(CodeIgniter\Router\RouteCollection))
 5 APPPATH\Config\Routes\UserRoutes.php(25): CodeIgniter\Router\RouteCollection->group('{locale}', Object(Closure))
 6 APPPATH\Config\Routes.php(21): App\Config\Routes\UserRoutes::init(Object(CodeIgniter\Router\RouteCollection))
 7 SYSTEMPATH\Router\RouteCollection.php(340): require('C:\\xampp\\htdocs\\smartstore\\app\\Config\\Routes.php')
 8 SYSTEMPATH\CodeIgniter.php(823): CodeIgniter\Router\RouteCollection->loadRoutes()
 9 SYSTEMPATH\CodeIgniter.php(457): CodeIgniter\CodeIgniter->tryToRouteIt(null)
10 SYSTEMPATH\CodeIgniter.php(355): CodeIgniter\CodeIgniter->handleRequest(null, Object(Config\Cache), false)
11 SYSTEMPATH\Boot.php(325): CodeIgniter\CodeIgniter->run()
12 SYSTEMPATH\Boot.php(67): CodeIgniter\Boot::runCodeIgniter(Object(CodeIgniter\CodeIgniter))
13 FCPATH\index.php(63): CodeIgniter\Boot::bootWeb(Object(Config\Paths))
INFO - 2025-06-07 14:15:24 --> Session: Class initialized using 'CodeIgniter\Session\Handlers\FileHandler' driver.
WARNING - 2025-06-07 14:15:24 --> [DEPRECATED] Creation of dynamic property App\Controllers\Public\PageController::$load_files is deprecated in APPPATH\Controllers\Public\PageController.php on line 21.
 1 SYSTEMPATH\CodeIgniter.php(903): App\Controllers\Public\PageController->__construct()
 2 SYSTEMPATH\CodeIgniter.php(500): CodeIgniter\CodeIgniter->createController()
 3 SYSTEMPATH\CodeIgniter.php(355): CodeIgniter\CodeIgniter->handleRequest(null, Object(Config\Cache), false)
 4 SYSTEMPATH\Boot.php(325): CodeIgniter\CodeIgniter->run()
 5 SYSTEMPATH\Boot.php(67): CodeIgniter\Boot::runCodeIgniter(Object(CodeIgniter\CodeIgniter))
 6 FCPATH\index.php(63): CodeIgniter\Boot::bootWeb(Object(Config\Paths))
WARNING - 2025-06-07 14:15:24 --> [DEPRECATED] Creation of dynamic property App\Controllers\Public\PageController::$page_title is deprecated in APPPATH\Controllers\Public\PageController.php on line 22.
 1 SYSTEMPATH\CodeIgniter.php(903): App\Controllers\Public\PageController->__construct()
 2 SYSTEMPATH\CodeIgniter.php(500): CodeIgniter\CodeIgniter->createController()
 3 SYSTEMPATH\CodeIgniter.php(355): CodeIgniter\CodeIgniter->handleRequest(null, Object(Config\Cache), false)
 4 SYSTEMPATH\Boot.php(325): CodeIgniter\CodeIgniter->run()
 5 SYSTEMPATH\Boot.php(67): CodeIgniter\Boot::runCodeIgniter(Object(CodeIgniter\CodeIgniter))
 6 FCPATH\index.php(63): CodeIgniter\Boot::bootWeb(Object(Config\Paths))
WARNING - 2025-06-07 14:17:18 --> [DEPRECATED] Passing lowercase HTTP method "get" is deprecated. Use uppercase HTTP method like "GET". in SYSTEMPATH\Router\RouteCollection.php on line 1027.
 1 SYSTEMPATH\Router\RouteCollection.php(1027): trigger_error('Passing lowercase HTTP method "get" is deprecated. Use uppercase HTTP method like "GET".', 16384)
 2 APPPATH\Config\Routes\AdminRoutes.php(65): CodeIgniter\Router\RouteCollection->match([...], 'send_test_mail', 'SettingsController::send_test_mail')
 3 SYSTEMPATH\Router\RouteCollection.php(800): App\Config\Routes\AdminRoutes::App\Config\Routes\{closure}(Object(CodeIgniter\Router\RouteCollection))
 4 APPPATH\Config\Routes\AdminRoutes.php(63): CodeIgniter\Router\RouteCollection->group('settings', [...], Object(Closure))
 5 SYSTEMPATH\Router\RouteCollection.php(800): App\Config\Routes\AdminRoutes::App\Config\Routes\{closure}(Object(CodeIgniter\Router\RouteCollection))
 6 APPPATH\Config\Routes\AdminRoutes.php(28): CodeIgniter\Router\RouteCollection->group('admin', [...], Object(Closure))
 7 APPPATH\Config\Routes.php(20): App\Config\Routes\AdminRoutes::init(Object(CodeIgniter\Router\RouteCollection))
 8 SYSTEMPATH\Router\RouteCollection.php(340): require('C:\\xampp\\htdocs\\smartstore\\app\\Config\\Routes.php')
 9 SYSTEMPATH\CodeIgniter.php(823): CodeIgniter\Router\RouteCollection->loadRoutes()
10 SYSTEMPATH\CodeIgniter.php(457): CodeIgniter\CodeIgniter->tryToRouteIt(null)
11 SYSTEMPATH\CodeIgniter.php(355): CodeIgniter\CodeIgniter->handleRequest(null, Object(Config\Cache), false)
12 SYSTEMPATH\Boot.php(325): CodeIgniter\CodeIgniter->run()
13 SYSTEMPATH\Boot.php(67): CodeIgniter\Boot::runCodeIgniter(Object(CodeIgniter\CodeIgniter))
14 FCPATH\index.php(63): CodeIgniter\Boot::bootWeb(Object(Config\Paths))
WARNING - 2025-06-07 14:17:18 --> [DEPRECATED] Passing lowercase HTTP method "post" is deprecated. Use uppercase HTTP method like "POST". in SYSTEMPATH\Router\RouteCollection.php on line 1027.
 1 SYSTEMPATH\Router\RouteCollection.php(1027): trigger_error('Passing lowercase HTTP method "post" is deprecated. Use uppercase HTTP method like "POST".', 16384)
 2 APPPATH\Config\Routes\AdminRoutes.php(65): CodeIgniter\Router\RouteCollection->match([...], 'send_test_mail', 'SettingsController::send_test_mail')
 3 SYSTEMPATH\Router\RouteCollection.php(800): App\Config\Routes\AdminRoutes::App\Config\Routes\{closure}(Object(CodeIgniter\Router\RouteCollection))
 4 APPPATH\Config\Routes\AdminRoutes.php(63): CodeIgniter\Router\RouteCollection->group('settings', [...], Object(Closure))
 5 SYSTEMPATH\Router\RouteCollection.php(800): App\Config\Routes\AdminRoutes::App\Config\Routes\{closure}(Object(CodeIgniter\Router\RouteCollection))
 6 APPPATH\Config\Routes\AdminRoutes.php(28): CodeIgniter\Router\RouteCollection->group('admin', [...], Object(Closure))
 7 APPPATH\Config\Routes.php(20): App\Config\Routes\AdminRoutes::init(Object(CodeIgniter\Router\RouteCollection))
 8 SYSTEMPATH\Router\RouteCollection.php(340): require('C:\\xampp\\htdocs\\smartstore\\app\\Config\\Routes.php')
 9 SYSTEMPATH\CodeIgniter.php(823): CodeIgniter\Router\RouteCollection->loadRoutes()
10 SYSTEMPATH\CodeIgniter.php(457): CodeIgniter\CodeIgniter->tryToRouteIt(null)
11 SYSTEMPATH\CodeIgniter.php(355): CodeIgniter\CodeIgniter->handleRequest(null, Object(Config\Cache), false)
12 SYSTEMPATH\Boot.php(325): CodeIgniter\CodeIgniter->run()
13 SYSTEMPATH\Boot.php(67): CodeIgniter\Boot::runCodeIgniter(Object(CodeIgniter\CodeIgniter))
14 FCPATH\index.php(63): CodeIgniter\Boot::bootWeb(Object(Config\Paths))
WARNING - 2025-06-07 14:17:18 --> [DEPRECATED] Passing lowercase HTTP method "get" is deprecated. Use uppercase HTTP method like "GET". in SYSTEMPATH\Router\RouteCollection.php on line 1027.
 1 SYSTEMPATH\Router\RouteCollection.php(1027): trigger_error('Passing lowercase HTTP method "get" is deprecated. Use uppercase HTTP method like "GET".', 16384)
 2 APPPATH\Config\Routes\AdminRoutes.php(76): CodeIgniter\Router\RouteCollection->match([...], 'elfinder_connector', 'FilemanagerController::elfinder_connector')
 3 SYSTEMPATH\Router\RouteCollection.php(800): App\Config\Routes\AdminRoutes::App\Config\Routes\{closure}(Object(CodeIgniter\Router\RouteCollection))
 4 APPPATH\Config\Routes\AdminRoutes.php(73): CodeIgniter\Router\RouteCollection->group('filemanager', [...], Object(Closure))
 5 SYSTEMPATH\Router\RouteCollection.php(800): App\Config\Routes\AdminRoutes::App\Config\Routes\{closure}(Object(CodeIgniter\Router\RouteCollection))
 6 APPPATH\Config\Routes\AdminRoutes.php(28): CodeIgniter\Router\RouteCollection->group('admin', [...], Object(Closure))
 7 APPPATH\Config\Routes.php(20): App\Config\Routes\AdminRoutes::init(Object(CodeIgniter\Router\RouteCollection))
 8 SYSTEMPATH\Router\RouteCollection.php(340): require('C:\\xampp\\htdocs\\smartstore\\app\\Config\\Routes.php')
 9 SYSTEMPATH\CodeIgniter.php(823): CodeIgniter\Router\RouteCollection->loadRoutes()
10 SYSTEMPATH\CodeIgniter.php(457): CodeIgniter\CodeIgniter->tryToRouteIt(null)
11 SYSTEMPATH\CodeIgniter.php(355): CodeIgniter\CodeIgniter->handleRequest(null, Object(Config\Cache), false)
12 SYSTEMPATH\Boot.php(325): CodeIgniter\CodeIgniter->run()
13 SYSTEMPATH\Boot.php(67): CodeIgniter\Boot::runCodeIgniter(Object(CodeIgniter\CodeIgniter))
14 FCPATH\index.php(63): CodeIgniter\Boot::bootWeb(Object(Config\Paths))
WARNING - 2025-06-07 14:17:18 --> [DEPRECATED] Passing lowercase HTTP method "post" is deprecated. Use uppercase HTTP method like "POST". in SYSTEMPATH\Router\RouteCollection.php on line 1027.
 1 SYSTEMPATH\Router\RouteCollection.php(1027): trigger_error('Passing lowercase HTTP method "post" is deprecated. Use uppercase HTTP method like "POST".', 16384)
 2 APPPATH\Config\Routes\AdminRoutes.php(76): CodeIgniter\Router\RouteCollection->match([...], 'elfinder_connector', 'FilemanagerController::elfinder_connector')
 3 SYSTEMPATH\Router\RouteCollection.php(800): App\Config\Routes\AdminRoutes::App\Config\Routes\{closure}(Object(CodeIgniter\Router\RouteCollection))
 4 APPPATH\Config\Routes\AdminRoutes.php(73): CodeIgniter\Router\RouteCollection->group('filemanager', [...], Object(Closure))
 5 SYSTEMPATH\Router\RouteCollection.php(800): App\Config\Routes\AdminRoutes::App\Config\Routes\{closure}(Object(CodeIgniter\Router\RouteCollection))
 6 APPPATH\Config\Routes\AdminRoutes.php(28): CodeIgniter\Router\RouteCollection->group('admin', [...], Object(Closure))
 7 APPPATH\Config\Routes.php(20): App\Config\Routes\AdminRoutes::init(Object(CodeIgniter\Router\RouteCollection))
 8 SYSTEMPATH\Router\RouteCollection.php(340): require('C:\\xampp\\htdocs\\smartstore\\app\\Config\\Routes.php')
 9 SYSTEMPATH\CodeIgniter.php(823): CodeIgniter\Router\RouteCollection->loadRoutes()
10 SYSTEMPATH\CodeIgniter.php(457): CodeIgniter\CodeIgniter->tryToRouteIt(null)
11 SYSTEMPATH\CodeIgniter.php(355): CodeIgniter\CodeIgniter->handleRequest(null, Object(Config\Cache), false)
12 SYSTEMPATH\Boot.php(325): CodeIgniter\CodeIgniter->run()
13 SYSTEMPATH\Boot.php(67): CodeIgniter\Boot::runCodeIgniter(Object(CodeIgniter\CodeIgniter))
14 FCPATH\index.php(63): CodeIgniter\Boot::bootWeb(Object(Config\Paths))
WARNING - 2025-06-07 14:17:18 --> [DEPRECATED] Passing lowercase HTTP method "get" is deprecated. Use uppercase HTTP method like "GET". in SYSTEMPATH\Router\RouteCollection.php on line 1027.
 1 SYSTEMPATH\Router\RouteCollection.php(1027): trigger_error('Passing lowercase HTTP method "get" is deprecated. Use uppercase HTTP method like "GET".', 16384)
 2 APPPATH\Config\Routes\AdminRoutes.php(172): CodeIgniter\Router\RouteCollection->match([...], 'sync_services/?(:num)?', 'ProvidersController::sync_services/$1')
 3 SYSTEMPATH\Router\RouteCollection.php(800): App\Config\Routes\AdminRoutes::App\Config\Routes\{closure}(Object(CodeIgniter\Router\RouteCollection))
 4 APPPATH\Config\Routes\AdminRoutes.php(167): CodeIgniter\Router\RouteCollection->group('providers', [...], Object(Closure))
 5 SYSTEMPATH\Router\RouteCollection.php(800): App\Config\Routes\AdminRoutes::App\Config\Routes\{closure}(Object(CodeIgniter\Router\RouteCollection))
 6 APPPATH\Config\Routes\AdminRoutes.php(28): CodeIgniter\Router\RouteCollection->group('admin', [...], Object(Closure))
 7 APPPATH\Config\Routes.php(20): App\Config\Routes\AdminRoutes::init(Object(CodeIgniter\Router\RouteCollection))
 8 SYSTEMPATH\Router\RouteCollection.php(340): require('C:\\xampp\\htdocs\\smartstore\\app\\Config\\Routes.php')
 9 SYSTEMPATH\CodeIgniter.php(823): CodeIgniter\Router\RouteCollection->loadRoutes()
10 SYSTEMPATH\CodeIgniter.php(457): CodeIgniter\CodeIgniter->tryToRouteIt(null)
11 SYSTEMPATH\CodeIgniter.php(355): CodeIgniter\CodeIgniter->handleRequest(null, Object(Config\Cache), false)
12 SYSTEMPATH\Boot.php(325): CodeIgniter\CodeIgniter->run()
13 SYSTEMPATH\Boot.php(67): CodeIgniter\Boot::runCodeIgniter(Object(CodeIgniter\CodeIgniter))
14 FCPATH\index.php(63): CodeIgniter\Boot::bootWeb(Object(Config\Paths))
WARNING - 2025-06-07 14:17:18 --> [DEPRECATED] Passing lowercase HTTP method "post" is deprecated. Use uppercase HTTP method like "POST". in SYSTEMPATH\Router\RouteCollection.php on line 1027.
 1 SYSTEMPATH\Router\RouteCollection.php(1027): trigger_error('Passing lowercase HTTP method "post" is deprecated. Use uppercase HTTP method like "POST".', 16384)
 2 APPPATH\Config\Routes\AdminRoutes.php(172): CodeIgniter\Router\RouteCollection->match([...], 'sync_services/?(:num)?', 'ProvidersController::sync_services/$1')
 3 SYSTEMPATH\Router\RouteCollection.php(800): App\Config\Routes\AdminRoutes::App\Config\Routes\{closure}(Object(CodeIgniter\Router\RouteCollection))
 4 APPPATH\Config\Routes\AdminRoutes.php(167): CodeIgniter\Router\RouteCollection->group('providers', [...], Object(Closure))
 5 SYSTEMPATH\Router\RouteCollection.php(800): App\Config\Routes\AdminRoutes::App\Config\Routes\{closure}(Object(CodeIgniter\Router\RouteCollection))
 6 APPPATH\Config\Routes\AdminRoutes.php(28): CodeIgniter\Router\RouteCollection->group('admin', [...], Object(Closure))
 7 APPPATH\Config\Routes.php(20): App\Config\Routes\AdminRoutes::init(Object(CodeIgniter\Router\RouteCollection))
 8 SYSTEMPATH\Router\RouteCollection.php(340): require('C:\\xampp\\htdocs\\smartstore\\app\\Config\\Routes.php')
 9 SYSTEMPATH\CodeIgniter.php(823): CodeIgniter\Router\RouteCollection->loadRoutes()
10 SYSTEMPATH\CodeIgniter.php(457): CodeIgniter\CodeIgniter->tryToRouteIt(null)
11 SYSTEMPATH\CodeIgniter.php(355): CodeIgniter\CodeIgniter->handleRequest(null, Object(Config\Cache), false)
12 SYSTEMPATH\Boot.php(325): CodeIgniter\CodeIgniter->run()
13 SYSTEMPATH\Boot.php(67): CodeIgniter\Boot::runCodeIgniter(Object(CodeIgniter\CodeIgniter))
14 FCPATH\index.php(63): CodeIgniter\Boot::bootWeb(Object(Config\Paths))
WARNING - 2025-06-07 14:17:18 --> [DEPRECATED] Passing lowercase HTTP method "get" is deprecated. Use uppercase HTTP method like "GET". in SYSTEMPATH\Router\RouteCollection.php on line 1027.
 1 SYSTEMPATH\Router\RouteCollection.php(1027): trigger_error('Passing lowercase HTTP method "get" is deprecated. Use uppercase HTTP method like "GET".', 16384)
 2 APPPATH\Config\Routes\AdminRoutes.php(185): CodeIgniter\Router\RouteCollection->match([...], 'add_note/?(:num)?', 'UsersController::add_note/$1')
 3 SYSTEMPATH\Router\RouteCollection.php(800): App\Config\Routes\AdminRoutes::App\Config\Routes\{closure}(Object(CodeIgniter\Router\RouteCollection))
 4 APPPATH\Config\Routes\AdminRoutes.php(182): CodeIgniter\Router\RouteCollection->group('users', [...], Object(Closure))
 5 SYSTEMPATH\Router\RouteCollection.php(800): App\Config\Routes\AdminRoutes::App\Config\Routes\{closure}(Object(CodeIgniter\Router\RouteCollection))
 6 APPPATH\Config\Routes\AdminRoutes.php(28): CodeIgniter\Router\RouteCollection->group('admin', [...], Object(Closure))
 7 APPPATH\Config\Routes.php(20): App\Config\Routes\AdminRoutes::init(Object(CodeIgniter\Router\RouteCollection))
 8 SYSTEMPATH\Router\RouteCollection.php(340): require('C:\\xampp\\htdocs\\smartstore\\app\\Config\\Routes.php')
 9 SYSTEMPATH\CodeIgniter.php(823): CodeIgniter\Router\RouteCollection->loadRoutes()
10 SYSTEMPATH\CodeIgniter.php(457): CodeIgniter\CodeIgniter->tryToRouteIt(null)
11 SYSTEMPATH\CodeIgniter.php(355): CodeIgniter\CodeIgniter->handleRequest(null, Object(Config\Cache), false)
12 SYSTEMPATH\Boot.php(325): CodeIgniter\CodeIgniter->run()
13 SYSTEMPATH\Boot.php(67): CodeIgniter\Boot::runCodeIgniter(Object(CodeIgniter\CodeIgniter))
14 FCPATH\index.php(63): CodeIgniter\Boot::bootWeb(Object(Config\Paths))
WARNING - 2025-06-07 14:17:18 --> [DEPRECATED] Passing lowercase HTTP method "post" is deprecated. Use uppercase HTTP method like "POST". in SYSTEMPATH\Router\RouteCollection.php on line 1027.
 1 SYSTEMPATH\Router\RouteCollection.php(1027): trigger_error('Passing lowercase HTTP method "post" is deprecated. Use uppercase HTTP method like "POST".', 16384)
 2 APPPATH\Config\Routes\AdminRoutes.php(185): CodeIgniter\Router\RouteCollection->match([...], 'add_note/?(:num)?', 'UsersController::add_note/$1')
 3 SYSTEMPATH\Router\RouteCollection.php(800): App\Config\Routes\AdminRoutes::App\Config\Routes\{closure}(Object(CodeIgniter\Router\RouteCollection))
 4 APPPATH\Config\Routes\AdminRoutes.php(182): CodeIgniter\Router\RouteCollection->group('users', [...], Object(Closure))
 5 SYSTEMPATH\Router\RouteCollection.php(800): App\Config\Routes\AdminRoutes::App\Config\Routes\{closure}(Object(CodeIgniter\Router\RouteCollection))
 6 APPPATH\Config\Routes\AdminRoutes.php(28): CodeIgniter\Router\RouteCollection->group('admin', [...], Object(Closure))
 7 APPPATH\Config\Routes.php(20): App\Config\Routes\AdminRoutes::init(Object(CodeIgniter\Router\RouteCollection))
 8 SYSTEMPATH\Router\RouteCollection.php(340): require('C:\\xampp\\htdocs\\smartstore\\app\\Config\\Routes.php')
 9 SYSTEMPATH\CodeIgniter.php(823): CodeIgniter\Router\RouteCollection->loadRoutes()
10 SYSTEMPATH\CodeIgniter.php(457): CodeIgniter\CodeIgniter->tryToRouteIt(null)
11 SYSTEMPATH\CodeIgniter.php(355): CodeIgniter\CodeIgniter->handleRequest(null, Object(Config\Cache), false)
12 SYSTEMPATH\Boot.php(325): CodeIgniter\CodeIgniter->run()
13 SYSTEMPATH\Boot.php(67): CodeIgniter\Boot::runCodeIgniter(Object(CodeIgniter\CodeIgniter))
14 FCPATH\index.php(63): CodeIgniter\Boot::bootWeb(Object(Config\Paths))
WARNING - 2025-06-07 14:17:18 --> [DEPRECATED] Passing lowercase HTTP method "get" is deprecated. Use uppercase HTTP method like "GET". in SYSTEMPATH\Router\RouteCollection.php on line 1027.
 1 SYSTEMPATH\Router\RouteCollection.php(1027): trigger_error('Passing lowercase HTTP method "get" is deprecated. Use uppercase HTTP method like "GET".', 16384)
 2 APPPATH\Config\Routes\AdminRoutes.php(186): CodeIgniter\Router\RouteCollection->match([...], 'send_mail/?(:num)?', 'UsersController::send_mail/$1')
 3 SYSTEMPATH\Router\RouteCollection.php(800): App\Config\Routes\AdminRoutes::App\Config\Routes\{closure}(Object(CodeIgniter\Router\RouteCollection))
 4 APPPATH\Config\Routes\AdminRoutes.php(182): CodeIgniter\Router\RouteCollection->group('users', [...], Object(Closure))
 5 SYSTEMPATH\Router\RouteCollection.php(800): App\Config\Routes\AdminRoutes::App\Config\Routes\{closure}(Object(CodeIgniter\Router\RouteCollection))
 6 APPPATH\Config\Routes\AdminRoutes.php(28): CodeIgniter\Router\RouteCollection->group('admin', [...], Object(Closure))
 7 APPPATH\Config\Routes.php(20): App\Config\Routes\AdminRoutes::init(Object(CodeIgniter\Router\RouteCollection))
 8 SYSTEMPATH\Router\RouteCollection.php(340): require('C:\\xampp\\htdocs\\smartstore\\app\\Config\\Routes.php')
 9 SYSTEMPATH\CodeIgniter.php(823): CodeIgniter\Router\RouteCollection->loadRoutes()
10 SYSTEMPATH\CodeIgniter.php(457): CodeIgniter\CodeIgniter->tryToRouteIt(null)
11 SYSTEMPATH\CodeIgniter.php(355): CodeIgniter\CodeIgniter->handleRequest(null, Object(Config\Cache), false)
12 SYSTEMPATH\Boot.php(325): CodeIgniter\CodeIgniter->run()
13 SYSTEMPATH\Boot.php(67): CodeIgniter\Boot::runCodeIgniter(Object(CodeIgniter\CodeIgniter))
14 FCPATH\index.php(63): CodeIgniter\Boot::bootWeb(Object(Config\Paths))
WARNING - 2025-06-07 14:17:18 --> [DEPRECATED] Passing lowercase HTTP method "post" is deprecated. Use uppercase HTTP method like "POST". in SYSTEMPATH\Router\RouteCollection.php on line 1027.
 1 SYSTEMPATH\Router\RouteCollection.php(1027): trigger_error('Passing lowercase HTTP method "post" is deprecated. Use uppercase HTTP method like "POST".', 16384)
 2 APPPATH\Config\Routes\AdminRoutes.php(186): CodeIgniter\Router\RouteCollection->match([...], 'send_mail/?(:num)?', 'UsersController::send_mail/$1')
 3 SYSTEMPATH\Router\RouteCollection.php(800): App\Config\Routes\AdminRoutes::App\Config\Routes\{closure}(Object(CodeIgniter\Router\RouteCollection))
 4 APPPATH\Config\Routes\AdminRoutes.php(182): CodeIgniter\Router\RouteCollection->group('users', [...], Object(Closure))
 5 SYSTEMPATH\Router\RouteCollection.php(800): App\Config\Routes\AdminRoutes::App\Config\Routes\{closure}(Object(CodeIgniter\Router\RouteCollection))
 6 APPPATH\Config\Routes\AdminRoutes.php(28): CodeIgniter\Router\RouteCollection->group('admin', [...], Object(Closure))
 7 APPPATH\Config\Routes.php(20): App\Config\Routes\AdminRoutes::init(Object(CodeIgniter\Router\RouteCollection))
 8 SYSTEMPATH\Router\RouteCollection.php(340): require('C:\\xampp\\htdocs\\smartstore\\app\\Config\\Routes.php')
 9 SYSTEMPATH\CodeIgniter.php(823): CodeIgniter\Router\RouteCollection->loadRoutes()
10 SYSTEMPATH\CodeIgniter.php(457): CodeIgniter\CodeIgniter->tryToRouteIt(null)
11 SYSTEMPATH\CodeIgniter.php(355): CodeIgniter\CodeIgniter->handleRequest(null, Object(Config\Cache), false)
12 SYSTEMPATH\Boot.php(325): CodeIgniter\CodeIgniter->run()
13 SYSTEMPATH\Boot.php(67): CodeIgniter\Boot::runCodeIgniter(Object(CodeIgniter\CodeIgniter))
14 FCPATH\index.php(63): CodeIgniter\Boot::bootWeb(Object(Config\Paths))
WARNING - 2025-06-07 14:17:18 --> [DEPRECATED] Passing lowercase HTTP method "get" is deprecated. Use uppercase HTTP method like "GET". in SYSTEMPATH\Router\RouteCollection.php on line 1027.
 1 SYSTEMPATH\Router\RouteCollection.php(1027): trigger_error('Passing lowercase HTTP method "get" is deprecated. Use uppercase HTTP method like "GET".', 16384)
 2 APPPATH\Config\Routes\AdminRoutes.php(215): CodeIgniter\Router\RouteCollection->match([...], 'send_mail/?(:num)?', 'TicketsController::send_mail/$1')
 3 SYSTEMPATH\Router\RouteCollection.php(800): App\Config\Routes\AdminRoutes::App\Config\Routes\{closure}(Object(CodeIgniter\Router\RouteCollection))
 4 APPPATH\Config\Routes\AdminRoutes.php(212): CodeIgniter\Router\RouteCollection->group('tickets', [...], Object(Closure))
 5 SYSTEMPATH\Router\RouteCollection.php(800): App\Config\Routes\AdminRoutes::App\Config\Routes\{closure}(Object(CodeIgniter\Router\RouteCollection))
 6 APPPATH\Config\Routes\AdminRoutes.php(28): CodeIgniter\Router\RouteCollection->group('admin', [...], Object(Closure))
 7 APPPATH\Config\Routes.php(20): App\Config\Routes\AdminRoutes::init(Object(CodeIgniter\Router\RouteCollection))
 8 SYSTEMPATH\Router\RouteCollection.php(340): require('C:\\xampp\\htdocs\\smartstore\\app\\Config\\Routes.php')
 9 SYSTEMPATH\CodeIgniter.php(823): CodeIgniter\Router\RouteCollection->loadRoutes()
10 SYSTEMPATH\CodeIgniter.php(457): CodeIgniter\CodeIgniter->tryToRouteIt(null)
11 SYSTEMPATH\CodeIgniter.php(355): CodeIgniter\CodeIgniter->handleRequest(null, Object(Config\Cache), false)
12 SYSTEMPATH\Boot.php(325): CodeIgniter\CodeIgniter->run()
13 SYSTEMPATH\Boot.php(67): CodeIgniter\Boot::runCodeIgniter(Object(CodeIgniter\CodeIgniter))
14 FCPATH\index.php(63): CodeIgniter\Boot::bootWeb(Object(Config\Paths))
WARNING - 2025-06-07 14:17:18 --> [DEPRECATED] Passing lowercase HTTP method "post" is deprecated. Use uppercase HTTP method like "POST". in SYSTEMPATH\Router\RouteCollection.php on line 1027.
 1 SYSTEMPATH\Router\RouteCollection.php(1027): trigger_error('Passing lowercase HTTP method "post" is deprecated. Use uppercase HTTP method like "POST".', 16384)
 2 APPPATH\Config\Routes\AdminRoutes.php(215): CodeIgniter\Router\RouteCollection->match([...], 'send_mail/?(:num)?', 'TicketsController::send_mail/$1')
 3 SYSTEMPATH\Router\RouteCollection.php(800): App\Config\Routes\AdminRoutes::App\Config\Routes\{closure}(Object(CodeIgniter\Router\RouteCollection))
 4 APPPATH\Config\Routes\AdminRoutes.php(212): CodeIgniter\Router\RouteCollection->group('tickets', [...], Object(Closure))
 5 SYSTEMPATH\Router\RouteCollection.php(800): App\Config\Routes\AdminRoutes::App\Config\Routes\{closure}(Object(CodeIgniter\Router\RouteCollection))
 6 APPPATH\Config\Routes\AdminRoutes.php(28): CodeIgniter\Router\RouteCollection->group('admin', [...], Object(Closure))
 7 APPPATH\Config\Routes.php(20): App\Config\Routes\AdminRoutes::init(Object(CodeIgniter\Router\RouteCollection))
 8 SYSTEMPATH\Router\RouteCollection.php(340): require('C:\\xampp\\htdocs\\smartstore\\app\\Config\\Routes.php')
 9 SYSTEMPATH\CodeIgniter.php(823): CodeIgniter\Router\RouteCollection->loadRoutes()
10 SYSTEMPATH\CodeIgniter.php(457): CodeIgniter\CodeIgniter->tryToRouteIt(null)
11 SYSTEMPATH\CodeIgniter.php(355): CodeIgniter\CodeIgniter->handleRequest(null, Object(Config\Cache), false)
12 SYSTEMPATH\Boot.php(325): CodeIgniter\CodeIgniter->run()
13 SYSTEMPATH\Boot.php(67): CodeIgniter\Boot::runCodeIgniter(Object(CodeIgniter\CodeIgniter))
14 FCPATH\index.php(63): CodeIgniter\Boot::bootWeb(Object(Config\Paths))
WARNING - 2025-06-07 14:17:18 --> [DEPRECATED] Passing lowercase HTTP method "get" is deprecated. Use uppercase HTTP method like "GET". in SYSTEMPATH\Router\RouteCollection.php on line 1027.
 1 SYSTEMPATH\Router\RouteCollection.php(1027): trigger_error('Passing lowercase HTTP method "get" is deprecated. Use uppercase HTTP method like "GET".', 16384)
 2 APPPATH\Config\Routes\UserRoutes.php(49): CodeIgniter\Router\RouteCollection->match([...], 'submit_review', 'ClientController::submit_review', [...])
 3 APPPATH\Config\Routes\UserRoutes.php(23): App\Config\Routes\UserRoutes::defineRoutes(Object(CodeIgniter\Router\RouteCollection))
 4 APPPATH\Config\Routes.php(21): App\Config\Routes\UserRoutes::init(Object(CodeIgniter\Router\RouteCollection))
 5 SYSTEMPATH\Router\RouteCollection.php(340): require('C:\\xampp\\htdocs\\smartstore\\app\\Config\\Routes.php')
 6 SYSTEMPATH\CodeIgniter.php(823): CodeIgniter\Router\RouteCollection->loadRoutes()
 7 SYSTEMPATH\CodeIgniter.php(457): CodeIgniter\CodeIgniter->tryToRouteIt(null)
 8 SYSTEMPATH\CodeIgniter.php(355): CodeIgniter\CodeIgniter->handleRequest(null, Object(Config\Cache), false)
 9 SYSTEMPATH\Boot.php(325): CodeIgniter\CodeIgniter->run()
10 SYSTEMPATH\Boot.php(67): CodeIgniter\Boot::runCodeIgniter(Object(CodeIgniter\CodeIgniter))
11 FCPATH\index.php(63): CodeIgniter\Boot::bootWeb(Object(Config\Paths))
WARNING - 2025-06-07 14:17:18 --> [DEPRECATED] Passing lowercase HTTP method "post" is deprecated. Use uppercase HTTP method like "POST". in SYSTEMPATH\Router\RouteCollection.php on line 1027.
 1 SYSTEMPATH\Router\RouteCollection.php(1027): trigger_error('Passing lowercase HTTP method "post" is deprecated. Use uppercase HTTP method like "POST".', 16384)
 2 APPPATH\Config\Routes\UserRoutes.php(49): CodeIgniter\Router\RouteCollection->match([...], 'submit_review', 'ClientController::submit_review', [...])
 3 APPPATH\Config\Routes\UserRoutes.php(23): App\Config\Routes\UserRoutes::defineRoutes(Object(CodeIgniter\Router\RouteCollection))
 4 APPPATH\Config\Routes.php(21): App\Config\Routes\UserRoutes::init(Object(CodeIgniter\Router\RouteCollection))
 5 SYSTEMPATH\Router\RouteCollection.php(340): require('C:\\xampp\\htdocs\\smartstore\\app\\Config\\Routes.php')
 6 SYSTEMPATH\CodeIgniter.php(823): CodeIgniter\Router\RouteCollection->loadRoutes()
 7 SYSTEMPATH\CodeIgniter.php(457): CodeIgniter\CodeIgniter->tryToRouteIt(null)
 8 SYSTEMPATH\CodeIgniter.php(355): CodeIgniter\CodeIgniter->handleRequest(null, Object(Config\Cache), false)
 9 SYSTEMPATH\Boot.php(325): CodeIgniter\CodeIgniter->run()
10 SYSTEMPATH\Boot.php(67): CodeIgniter\Boot::runCodeIgniter(Object(CodeIgniter\CodeIgniter))
11 FCPATH\index.php(63): CodeIgniter\Boot::bootWeb(Object(Config\Paths))
WARNING - 2025-06-07 14:17:18 --> [DEPRECATED] Passing lowercase HTTP method "get" is deprecated. Use uppercase HTTP method like "GET". in SYSTEMPATH\Router\RouteCollection.php on line 1027.
 1 SYSTEMPATH\Router\RouteCollection.php(1027): trigger_error('Passing lowercase HTTP method "get" is deprecated. Use uppercase HTTP method like "GET".', 16384)
 2 APPPATH\Config\Routes\UserRoutes.php(63): CodeIgniter\Router\RouteCollection->match([...], 'track-order', 'OrderController::track_order', [...])
 3 APPPATH\Config\Routes\UserRoutes.php(23): App\Config\Routes\UserRoutes::defineRoutes(Object(CodeIgniter\Router\RouteCollection))
 4 APPPATH\Config\Routes.php(21): App\Config\Routes\UserRoutes::init(Object(CodeIgniter\Router\RouteCollection))
 5 SYSTEMPATH\Router\RouteCollection.php(340): require('C:\\xampp\\htdocs\\smartstore\\app\\Config\\Routes.php')
 6 SYSTEMPATH\CodeIgniter.php(823): CodeIgniter\Router\RouteCollection->loadRoutes()
 7 SYSTEMPATH\CodeIgniter.php(457): CodeIgniter\CodeIgniter->tryToRouteIt(null)
 8 SYSTEMPATH\CodeIgniter.php(355): CodeIgniter\CodeIgniter->handleRequest(null, Object(Config\Cache), false)
 9 SYSTEMPATH\Boot.php(325): CodeIgniter\CodeIgniter->run()
10 SYSTEMPATH\Boot.php(67): CodeIgniter\Boot::runCodeIgniter(Object(CodeIgniter\CodeIgniter))
11 FCPATH\index.php(63): CodeIgniter\Boot::bootWeb(Object(Config\Paths))
WARNING - 2025-06-07 14:17:18 --> [DEPRECATED] Passing lowercase HTTP method "post" is deprecated. Use uppercase HTTP method like "POST". in SYSTEMPATH\Router\RouteCollection.php on line 1027.
 1 SYSTEMPATH\Router\RouteCollection.php(1027): trigger_error('Passing lowercase HTTP method "post" is deprecated. Use uppercase HTTP method like "POST".', 16384)
 2 APPPATH\Config\Routes\UserRoutes.php(63): CodeIgniter\Router\RouteCollection->match([...], 'track-order', 'OrderController::track_order', [...])
 3 APPPATH\Config\Routes\UserRoutes.php(23): App\Config\Routes\UserRoutes::defineRoutes(Object(CodeIgniter\Router\RouteCollection))
 4 APPPATH\Config\Routes.php(21): App\Config\Routes\UserRoutes::init(Object(CodeIgniter\Router\RouteCollection))
 5 SYSTEMPATH\Router\RouteCollection.php(340): require('C:\\xampp\\htdocs\\smartstore\\app\\Config\\Routes.php')
 6 SYSTEMPATH\CodeIgniter.php(823): CodeIgniter\Router\RouteCollection->loadRoutes()
 7 SYSTEMPATH\CodeIgniter.php(457): CodeIgniter\CodeIgniter->tryToRouteIt(null)
 8 SYSTEMPATH\CodeIgniter.php(355): CodeIgniter\CodeIgniter->handleRequest(null, Object(Config\Cache), false)
 9 SYSTEMPATH\Boot.php(325): CodeIgniter\CodeIgniter->run()
10 SYSTEMPATH\Boot.php(67): CodeIgniter\Boot::runCodeIgniter(Object(CodeIgniter\CodeIgniter))
11 FCPATH\index.php(63): CodeIgniter\Boot::bootWeb(Object(Config\Paths))
WARNING - 2025-06-07 14:17:18 --> [DEPRECATED] Passing lowercase HTTP method "get" is deprecated. Use uppercase HTTP method like "GET". in SYSTEMPATH\Router\RouteCollection.php on line 1027.
 1 SYSTEMPATH\Router\RouteCollection.php(1027): trigger_error('Passing lowercase HTTP method "get" is deprecated. Use uppercase HTTP method like "GET".', 16384)
 2 APPPATH\Config\Routes\UserRoutes.php(49): CodeIgniter\Router\RouteCollection->match([...], 'submit_review', 'ClientController::submit_review', [...])
 3 APPPATH\Config\Routes\UserRoutes.php(26): App\Config\Routes\UserRoutes::defineRoutes(Object(CodeIgniter\Router\RouteCollection))
 4 SYSTEMPATH\Router\RouteCollection.php(800): App\Config\Routes\UserRoutes::App\Config\Routes\{closure}(Object(CodeIgniter\Router\RouteCollection))
 5 APPPATH\Config\Routes\UserRoutes.php(25): CodeIgniter\Router\RouteCollection->group('{locale}', Object(Closure))
 6 APPPATH\Config\Routes.php(21): App\Config\Routes\UserRoutes::init(Object(CodeIgniter\Router\RouteCollection))
 7 SYSTEMPATH\Router\RouteCollection.php(340): require('C:\\xampp\\htdocs\\smartstore\\app\\Config\\Routes.php')
 8 SYSTEMPATH\CodeIgniter.php(823): CodeIgniter\Router\RouteCollection->loadRoutes()
 9 SYSTEMPATH\CodeIgniter.php(457): CodeIgniter\CodeIgniter->tryToRouteIt(null)
10 SYSTEMPATH\CodeIgniter.php(355): CodeIgniter\CodeIgniter->handleRequest(null, Object(Config\Cache), false)
11 SYSTEMPATH\Boot.php(325): CodeIgniter\CodeIgniter->run()
12 SYSTEMPATH\Boot.php(67): CodeIgniter\Boot::runCodeIgniter(Object(CodeIgniter\CodeIgniter))
13 FCPATH\index.php(63): CodeIgniter\Boot::bootWeb(Object(Config\Paths))
WARNING - 2025-06-07 14:17:18 --> [DEPRECATED] Passing lowercase HTTP method "post" is deprecated. Use uppercase HTTP method like "POST". in SYSTEMPATH\Router\RouteCollection.php on line 1027.
 1 SYSTEMPATH\Router\RouteCollection.php(1027): trigger_error('Passing lowercase HTTP method "post" is deprecated. Use uppercase HTTP method like "POST".', 16384)
 2 APPPATH\Config\Routes\UserRoutes.php(49): CodeIgniter\Router\RouteCollection->match([...], 'submit_review', 'ClientController::submit_review', [...])
 3 APPPATH\Config\Routes\UserRoutes.php(26): App\Config\Routes\UserRoutes::defineRoutes(Object(CodeIgniter\Router\RouteCollection))
 4 SYSTEMPATH\Router\RouteCollection.php(800): App\Config\Routes\UserRoutes::App\Config\Routes\{closure}(Object(CodeIgniter\Router\RouteCollection))
 5 APPPATH\Config\Routes\UserRoutes.php(25): CodeIgniter\Router\RouteCollection->group('{locale}', Object(Closure))
 6 APPPATH\Config\Routes.php(21): App\Config\Routes\UserRoutes::init(Object(CodeIgniter\Router\RouteCollection))
 7 SYSTEMPATH\Router\RouteCollection.php(340): require('C:\\xampp\\htdocs\\smartstore\\app\\Config\\Routes.php')
 8 SYSTEMPATH\CodeIgniter.php(823): CodeIgniter\Router\RouteCollection->loadRoutes()
 9 SYSTEMPATH\CodeIgniter.php(457): CodeIgniter\CodeIgniter->tryToRouteIt(null)
10 SYSTEMPATH\CodeIgniter.php(355): CodeIgniter\CodeIgniter->handleRequest(null, Object(Config\Cache), false)
11 SYSTEMPATH\Boot.php(325): CodeIgniter\CodeIgniter->run()
12 SYSTEMPATH\Boot.php(67): CodeIgniter\Boot::runCodeIgniter(Object(CodeIgniter\CodeIgniter))
13 FCPATH\index.php(63): CodeIgniter\Boot::bootWeb(Object(Config\Paths))
WARNING - 2025-06-07 14:17:18 --> [DEPRECATED] Passing lowercase HTTP method "get" is deprecated. Use uppercase HTTP method like "GET". in SYSTEMPATH\Router\RouteCollection.php on line 1027.
 1 SYSTEMPATH\Router\RouteCollection.php(1027): trigger_error('Passing lowercase HTTP method "get" is deprecated. Use uppercase HTTP method like "GET".', 16384)
 2 APPPATH\Config\Routes\UserRoutes.php(63): CodeIgniter\Router\RouteCollection->match([...], 'track-order', 'OrderController::track_order', [...])
 3 APPPATH\Config\Routes\UserRoutes.php(26): App\Config\Routes\UserRoutes::defineRoutes(Object(CodeIgniter\Router\RouteCollection))
 4 SYSTEMPATH\Router\RouteCollection.php(800): App\Config\Routes\UserRoutes::App\Config\Routes\{closure}(Object(CodeIgniter\Router\RouteCollection))
 5 APPPATH\Config\Routes\UserRoutes.php(25): CodeIgniter\Router\RouteCollection->group('{locale}', Object(Closure))
 6 APPPATH\Config\Routes.php(21): App\Config\Routes\UserRoutes::init(Object(CodeIgniter\Router\RouteCollection))
 7 SYSTEMPATH\Router\RouteCollection.php(340): require('C:\\xampp\\htdocs\\smartstore\\app\\Config\\Routes.php')
 8 SYSTEMPATH\CodeIgniter.php(823): CodeIgniter\Router\RouteCollection->loadRoutes()
 9 SYSTEMPATH\CodeIgniter.php(457): CodeIgniter\CodeIgniter->tryToRouteIt(null)
10 SYSTEMPATH\CodeIgniter.php(355): CodeIgniter\CodeIgniter->handleRequest(null, Object(Config\Cache), false)
11 SYSTEMPATH\Boot.php(325): CodeIgniter\CodeIgniter->run()
12 SYSTEMPATH\Boot.php(67): CodeIgniter\Boot::runCodeIgniter(Object(CodeIgniter\CodeIgniter))
13 FCPATH\index.php(63): CodeIgniter\Boot::bootWeb(Object(Config\Paths))
WARNING - 2025-06-07 14:17:18 --> [DEPRECATED] Passing lowercase HTTP method "post" is deprecated. Use uppercase HTTP method like "POST". in SYSTEMPATH\Router\RouteCollection.php on line 1027.
 1 SYSTEMPATH\Router\RouteCollection.php(1027): trigger_error('Passing lowercase HTTP method "post" is deprecated. Use uppercase HTTP method like "POST".', 16384)
 2 APPPATH\Config\Routes\UserRoutes.php(63): CodeIgniter\Router\RouteCollection->match([...], 'track-order', 'OrderController::track_order', [...])
 3 APPPATH\Config\Routes\UserRoutes.php(26): App\Config\Routes\UserRoutes::defineRoutes(Object(CodeIgniter\Router\RouteCollection))
 4 SYSTEMPATH\Router\RouteCollection.php(800): App\Config\Routes\UserRoutes::App\Config\Routes\{closure}(Object(CodeIgniter\Router\RouteCollection))
 5 APPPATH\Config\Routes\UserRoutes.php(25): CodeIgniter\Router\RouteCollection->group('{locale}', Object(Closure))
 6 APPPATH\Config\Routes.php(21): App\Config\Routes\UserRoutes::init(Object(CodeIgniter\Router\RouteCollection))
 7 SYSTEMPATH\Router\RouteCollection.php(340): require('C:\\xampp\\htdocs\\smartstore\\app\\Config\\Routes.php')
 8 SYSTEMPATH\CodeIgniter.php(823): CodeIgniter\Router\RouteCollection->loadRoutes()
 9 SYSTEMPATH\CodeIgniter.php(457): CodeIgniter\CodeIgniter->tryToRouteIt(null)
10 SYSTEMPATH\CodeIgniter.php(355): CodeIgniter\CodeIgniter->handleRequest(null, Object(Config\Cache), false)
11 SYSTEMPATH\Boot.php(325): CodeIgniter\CodeIgniter->run()
12 SYSTEMPATH\Boot.php(67): CodeIgniter\Boot::runCodeIgniter(Object(CodeIgniter\CodeIgniter))
13 FCPATH\index.php(63): CodeIgniter\Boot::bootWeb(Object(Config\Paths))
INFO - 2025-06-07 14:17:18 --> Session: Class initialized using 'CodeIgniter\Session\Handlers\FileHandler' driver.
WARNING - 2025-06-07 14:17:18 --> [DEPRECATED] Creation of dynamic property App\Controllers\Public\PageController::$load_files is deprecated in APPPATH\Controllers\Public\PageController.php on line 21.
 1 SYSTEMPATH\CodeIgniter.php(903): App\Controllers\Public\PageController->__construct()
 2 SYSTEMPATH\CodeIgniter.php(500): CodeIgniter\CodeIgniter->createController()
 3 SYSTEMPATH\CodeIgniter.php(355): CodeIgniter\CodeIgniter->handleRequest(null, Object(Config\Cache), false)
 4 SYSTEMPATH\Boot.php(325): CodeIgniter\CodeIgniter->run()
 5 SYSTEMPATH\Boot.php(67): CodeIgniter\Boot::runCodeIgniter(Object(CodeIgniter\CodeIgniter))
 6 FCPATH\index.php(63): CodeIgniter\Boot::bootWeb(Object(Config\Paths))
WARNING - 2025-06-07 14:17:18 --> [DEPRECATED] Creation of dynamic property App\Controllers\Public\PageController::$page_title is deprecated in APPPATH\Controllers\Public\PageController.php on line 22.
 1 SYSTEMPATH\CodeIgniter.php(903): App\Controllers\Public\PageController->__construct()
 2 SYSTEMPATH\CodeIgniter.php(500): CodeIgniter\CodeIgniter->createController()
 3 SYSTEMPATH\CodeIgniter.php(355): CodeIgniter\CodeIgniter->handleRequest(null, Object(Config\Cache), false)
 4 SYSTEMPATH\Boot.php(325): CodeIgniter\CodeIgniter->run()
 5 SYSTEMPATH\Boot.php(67): CodeIgniter\Boot::runCodeIgniter(Object(CodeIgniter\CodeIgniter))
 6 FCPATH\index.php(63): CodeIgniter\Boot::bootWeb(Object(Config\Paths))
WARNING - 2025-06-07 14:17:44 --> [DEPRECATED] Passing lowercase HTTP method "get" is deprecated. Use uppercase HTTP method like "GET". in SYSTEMPATH\Router\RouteCollection.php on line 1027.
 1 SYSTEMPATH\Router\RouteCollection.php(1027): trigger_error('Passing lowercase HTTP method "get" is deprecated. Use uppercase HTTP method like "GET".', 16384)
 2 APPPATH\Config\Routes\AdminRoutes.php(65): CodeIgniter\Router\RouteCollection->match([...], 'send_test_mail', 'SettingsController::send_test_mail')
 3 SYSTEMPATH\Router\RouteCollection.php(800): App\Config\Routes\AdminRoutes::App\Config\Routes\{closure}(Object(CodeIgniter\Router\RouteCollection))
 4 APPPATH\Config\Routes\AdminRoutes.php(63): CodeIgniter\Router\RouteCollection->group('settings', [...], Object(Closure))
 5 SYSTEMPATH\Router\RouteCollection.php(800): App\Config\Routes\AdminRoutes::App\Config\Routes\{closure}(Object(CodeIgniter\Router\RouteCollection))
 6 APPPATH\Config\Routes\AdminRoutes.php(28): CodeIgniter\Router\RouteCollection->group('admin', [...], Object(Closure))
 7 APPPATH\Config\Routes.php(20): App\Config\Routes\AdminRoutes::init(Object(CodeIgniter\Router\RouteCollection))
 8 SYSTEMPATH\Router\RouteCollection.php(340): require('C:\\xampp\\htdocs\\smartstore\\app\\Config\\Routes.php')
 9 SYSTEMPATH\CodeIgniter.php(823): CodeIgniter\Router\RouteCollection->loadRoutes()
10 SYSTEMPATH\CodeIgniter.php(457): CodeIgniter\CodeIgniter->tryToRouteIt(null)
11 SYSTEMPATH\CodeIgniter.php(355): CodeIgniter\CodeIgniter->handleRequest(null, Object(Config\Cache), false)
12 SYSTEMPATH\Boot.php(325): CodeIgniter\CodeIgniter->run()
13 SYSTEMPATH\Boot.php(67): CodeIgniter\Boot::runCodeIgniter(Object(CodeIgniter\CodeIgniter))
14 FCPATH\index.php(63): CodeIgniter\Boot::bootWeb(Object(Config\Paths))
WARNING - 2025-06-07 14:17:44 --> [DEPRECATED] Passing lowercase HTTP method "post" is deprecated. Use uppercase HTTP method like "POST". in SYSTEMPATH\Router\RouteCollection.php on line 1027.
 1 SYSTEMPATH\Router\RouteCollection.php(1027): trigger_error('Passing lowercase HTTP method "post" is deprecated. Use uppercase HTTP method like "POST".', 16384)
 2 APPPATH\Config\Routes\AdminRoutes.php(65): CodeIgniter\Router\RouteCollection->match([...], 'send_test_mail', 'SettingsController::send_test_mail')
 3 SYSTEMPATH\Router\RouteCollection.php(800): App\Config\Routes\AdminRoutes::App\Config\Routes\{closure}(Object(CodeIgniter\Router\RouteCollection))
 4 APPPATH\Config\Routes\AdminRoutes.php(63): CodeIgniter\Router\RouteCollection->group('settings', [...], Object(Closure))
 5 SYSTEMPATH\Router\RouteCollection.php(800): App\Config\Routes\AdminRoutes::App\Config\Routes\{closure}(Object(CodeIgniter\Router\RouteCollection))
 6 APPPATH\Config\Routes\AdminRoutes.php(28): CodeIgniter\Router\RouteCollection->group('admin', [...], Object(Closure))
 7 APPPATH\Config\Routes.php(20): App\Config\Routes\AdminRoutes::init(Object(CodeIgniter\Router\RouteCollection))
 8 SYSTEMPATH\Router\RouteCollection.php(340): require('C:\\xampp\\htdocs\\smartstore\\app\\Config\\Routes.php')
 9 SYSTEMPATH\CodeIgniter.php(823): CodeIgniter\Router\RouteCollection->loadRoutes()
10 SYSTEMPATH\CodeIgniter.php(457): CodeIgniter\CodeIgniter->tryToRouteIt(null)
11 SYSTEMPATH\CodeIgniter.php(355): CodeIgniter\CodeIgniter->handleRequest(null, Object(Config\Cache), false)
12 SYSTEMPATH\Boot.php(325): CodeIgniter\CodeIgniter->run()
13 SYSTEMPATH\Boot.php(67): CodeIgniter\Boot::runCodeIgniter(Object(CodeIgniter\CodeIgniter))
14 FCPATH\index.php(63): CodeIgniter\Boot::bootWeb(Object(Config\Paths))
WARNING - 2025-06-07 14:17:44 --> [DEPRECATED] Passing lowercase HTTP method "get" is deprecated. Use uppercase HTTP method like "GET". in SYSTEMPATH\Router\RouteCollection.php on line 1027.
 1 SYSTEMPATH\Router\RouteCollection.php(1027): trigger_error('Passing lowercase HTTP method "get" is deprecated. Use uppercase HTTP method like "GET".', 16384)
 2 APPPATH\Config\Routes\AdminRoutes.php(76): CodeIgniter\Router\RouteCollection->match([...], 'elfinder_connector', 'FilemanagerController::elfinder_connector')
 3 SYSTEMPATH\Router\RouteCollection.php(800): App\Config\Routes\AdminRoutes::App\Config\Routes\{closure}(Object(CodeIgniter\Router\RouteCollection))
 4 APPPATH\Config\Routes\AdminRoutes.php(73): CodeIgniter\Router\RouteCollection->group('filemanager', [...], Object(Closure))
 5 SYSTEMPATH\Router\RouteCollection.php(800): App\Config\Routes\AdminRoutes::App\Config\Routes\{closure}(Object(CodeIgniter\Router\RouteCollection))
 6 APPPATH\Config\Routes\AdminRoutes.php(28): CodeIgniter\Router\RouteCollection->group('admin', [...], Object(Closure))
 7 APPPATH\Config\Routes.php(20): App\Config\Routes\AdminRoutes::init(Object(CodeIgniter\Router\RouteCollection))
 8 SYSTEMPATH\Router\RouteCollection.php(340): require('C:\\xampp\\htdocs\\smartstore\\app\\Config\\Routes.php')
 9 SYSTEMPATH\CodeIgniter.php(823): CodeIgniter\Router\RouteCollection->loadRoutes()
10 SYSTEMPATH\CodeIgniter.php(457): CodeIgniter\CodeIgniter->tryToRouteIt(null)
11 SYSTEMPATH\CodeIgniter.php(355): CodeIgniter\CodeIgniter->handleRequest(null, Object(Config\Cache), false)
12 SYSTEMPATH\Boot.php(325): CodeIgniter\CodeIgniter->run()
13 SYSTEMPATH\Boot.php(67): CodeIgniter\Boot::runCodeIgniter(Object(CodeIgniter\CodeIgniter))
14 FCPATH\index.php(63): CodeIgniter\Boot::bootWeb(Object(Config\Paths))
WARNING - 2025-06-07 14:17:44 --> [DEPRECATED] Passing lowercase HTTP method "post" is deprecated. Use uppercase HTTP method like "POST". in SYSTEMPATH\Router\RouteCollection.php on line 1027.
 1 SYSTEMPATH\Router\RouteCollection.php(1027): trigger_error('Passing lowercase HTTP method "post" is deprecated. Use uppercase HTTP method like "POST".', 16384)
 2 APPPATH\Config\Routes\AdminRoutes.php(76): CodeIgniter\Router\RouteCollection->match([...], 'elfinder_connector', 'FilemanagerController::elfinder_connector')
 3 SYSTEMPATH\Router\RouteCollection.php(800): App\Config\Routes\AdminRoutes::App\Config\Routes\{closure}(Object(CodeIgniter\Router\RouteCollection))
 4 APPPATH\Config\Routes\AdminRoutes.php(73): CodeIgniter\Router\RouteCollection->group('filemanager', [...], Object(Closure))
 5 SYSTEMPATH\Router\RouteCollection.php(800): App\Config\Routes\AdminRoutes::App\Config\Routes\{closure}(Object(CodeIgniter\Router\RouteCollection))
 6 APPPATH\Config\Routes\AdminRoutes.php(28): CodeIgniter\Router\RouteCollection->group('admin', [...], Object(Closure))
 7 APPPATH\Config\Routes.php(20): App\Config\Routes\AdminRoutes::init(Object(CodeIgniter\Router\RouteCollection))
 8 SYSTEMPATH\Router\RouteCollection.php(340): require('C:\\xampp\\htdocs\\smartstore\\app\\Config\\Routes.php')
 9 SYSTEMPATH\CodeIgniter.php(823): CodeIgniter\Router\RouteCollection->loadRoutes()
10 SYSTEMPATH\CodeIgniter.php(457): CodeIgniter\CodeIgniter->tryToRouteIt(null)
11 SYSTEMPATH\CodeIgniter.php(355): CodeIgniter\CodeIgniter->handleRequest(null, Object(Config\Cache), false)
12 SYSTEMPATH\Boot.php(325): CodeIgniter\CodeIgniter->run()
13 SYSTEMPATH\Boot.php(67): CodeIgniter\Boot::runCodeIgniter(Object(CodeIgniter\CodeIgniter))
14 FCPATH\index.php(63): CodeIgniter\Boot::bootWeb(Object(Config\Paths))
WARNING - 2025-06-07 14:17:44 --> [DEPRECATED] Passing lowercase HTTP method "get" is deprecated. Use uppercase HTTP method like "GET". in SYSTEMPATH\Router\RouteCollection.php on line 1027.
 1 SYSTEMPATH\Router\RouteCollection.php(1027): trigger_error('Passing lowercase HTTP method "get" is deprecated. Use uppercase HTTP method like "GET".', 16384)
 2 APPPATH\Config\Routes\AdminRoutes.php(172): CodeIgniter\Router\RouteCollection->match([...], 'sync_services/?(:num)?', 'ProvidersController::sync_services/$1')
 3 SYSTEMPATH\Router\RouteCollection.php(800): App\Config\Routes\AdminRoutes::App\Config\Routes\{closure}(Object(CodeIgniter\Router\RouteCollection))
 4 APPPATH\Config\Routes\AdminRoutes.php(167): CodeIgniter\Router\RouteCollection->group('providers', [...], Object(Closure))
 5 SYSTEMPATH\Router\RouteCollection.php(800): App\Config\Routes\AdminRoutes::App\Config\Routes\{closure}(Object(CodeIgniter\Router\RouteCollection))
 6 APPPATH\Config\Routes\AdminRoutes.php(28): CodeIgniter\Router\RouteCollection->group('admin', [...], Object(Closure))
 7 APPPATH\Config\Routes.php(20): App\Config\Routes\AdminRoutes::init(Object(CodeIgniter\Router\RouteCollection))
 8 SYSTEMPATH\Router\RouteCollection.php(340): require('C:\\xampp\\htdocs\\smartstore\\app\\Config\\Routes.php')
 9 SYSTEMPATH\CodeIgniter.php(823): CodeIgniter\Router\RouteCollection->loadRoutes()
10 SYSTEMPATH\CodeIgniter.php(457): CodeIgniter\CodeIgniter->tryToRouteIt(null)
11 SYSTEMPATH\CodeIgniter.php(355): CodeIgniter\CodeIgniter->handleRequest(null, Object(Config\Cache), false)
12 SYSTEMPATH\Boot.php(325): CodeIgniter\CodeIgniter->run()
13 SYSTEMPATH\Boot.php(67): CodeIgniter\Boot::runCodeIgniter(Object(CodeIgniter\CodeIgniter))
14 FCPATH\index.php(63): CodeIgniter\Boot::bootWeb(Object(Config\Paths))
WARNING - 2025-06-07 14:17:44 --> [DEPRECATED] Passing lowercase HTTP method "post" is deprecated. Use uppercase HTTP method like "POST". in SYSTEMPATH\Router\RouteCollection.php on line 1027.
 1 SYSTEMPATH\Router\RouteCollection.php(1027): trigger_error('Passing lowercase HTTP method "post" is deprecated. Use uppercase HTTP method like "POST".', 16384)
 2 APPPATH\Config\Routes\AdminRoutes.php(172): CodeIgniter\Router\RouteCollection->match([...], 'sync_services/?(:num)?', 'ProvidersController::sync_services/$1')
 3 SYSTEMPATH\Router\RouteCollection.php(800): App\Config\Routes\AdminRoutes::App\Config\Routes\{closure}(Object(CodeIgniter\Router\RouteCollection))
 4 APPPATH\Config\Routes\AdminRoutes.php(167): CodeIgniter\Router\RouteCollection->group('providers', [...], Object(Closure))
 5 SYSTEMPATH\Router\RouteCollection.php(800): App\Config\Routes\AdminRoutes::App\Config\Routes\{closure}(Object(CodeIgniter\Router\RouteCollection))
 6 APPPATH\Config\Routes\AdminRoutes.php(28): CodeIgniter\Router\RouteCollection->group('admin', [...], Object(Closure))
 7 APPPATH\Config\Routes.php(20): App\Config\Routes\AdminRoutes::init(Object(CodeIgniter\Router\RouteCollection))
 8 SYSTEMPATH\Router\RouteCollection.php(340): require('C:\\xampp\\htdocs\\smartstore\\app\\Config\\Routes.php')
 9 SYSTEMPATH\CodeIgniter.php(823): CodeIgniter\Router\RouteCollection->loadRoutes()
10 SYSTEMPATH\CodeIgniter.php(457): CodeIgniter\CodeIgniter->tryToRouteIt(null)
11 SYSTEMPATH\CodeIgniter.php(355): CodeIgniter\CodeIgniter->handleRequest(null, Object(Config\Cache), false)
12 SYSTEMPATH\Boot.php(325): CodeIgniter\CodeIgniter->run()
13 SYSTEMPATH\Boot.php(67): CodeIgniter\Boot::runCodeIgniter(Object(CodeIgniter\CodeIgniter))
14 FCPATH\index.php(63): CodeIgniter\Boot::bootWeb(Object(Config\Paths))
WARNING - 2025-06-07 14:17:44 --> [DEPRECATED] Passing lowercase HTTP method "get" is deprecated. Use uppercase HTTP method like "GET". in SYSTEMPATH\Router\RouteCollection.php on line 1027.
 1 SYSTEMPATH\Router\RouteCollection.php(1027): trigger_error('Passing lowercase HTTP method "get" is deprecated. Use uppercase HTTP method like "GET".', 16384)
 2 APPPATH\Config\Routes\AdminRoutes.php(185): CodeIgniter\Router\RouteCollection->match([...], 'add_note/?(:num)?', 'UsersController::add_note/$1')
 3 SYSTEMPATH\Router\RouteCollection.php(800): App\Config\Routes\AdminRoutes::App\Config\Routes\{closure}(Object(CodeIgniter\Router\RouteCollection))
 4 APPPATH\Config\Routes\AdminRoutes.php(182): CodeIgniter\Router\RouteCollection->group('users', [...], Object(Closure))
 5 SYSTEMPATH\Router\RouteCollection.php(800): App\Config\Routes\AdminRoutes::App\Config\Routes\{closure}(Object(CodeIgniter\Router\RouteCollection))
 6 APPPATH\Config\Routes\AdminRoutes.php(28): CodeIgniter\Router\RouteCollection->group('admin', [...], Object(Closure))
 7 APPPATH\Config\Routes.php(20): App\Config\Routes\AdminRoutes::init(Object(CodeIgniter\Router\RouteCollection))
 8 SYSTEMPATH\Router\RouteCollection.php(340): require('C:\\xampp\\htdocs\\smartstore\\app\\Config\\Routes.php')
 9 SYSTEMPATH\CodeIgniter.php(823): CodeIgniter\Router\RouteCollection->loadRoutes()
10 SYSTEMPATH\CodeIgniter.php(457): CodeIgniter\CodeIgniter->tryToRouteIt(null)
11 SYSTEMPATH\CodeIgniter.php(355): CodeIgniter\CodeIgniter->handleRequest(null, Object(Config\Cache), false)
12 SYSTEMPATH\Boot.php(325): CodeIgniter\CodeIgniter->run()
13 SYSTEMPATH\Boot.php(67): CodeIgniter\Boot::runCodeIgniter(Object(CodeIgniter\CodeIgniter))
14 FCPATH\index.php(63): CodeIgniter\Boot::bootWeb(Object(Config\Paths))
WARNING - 2025-06-07 14:17:44 --> [DEPRECATED] Passing lowercase HTTP method "post" is deprecated. Use uppercase HTTP method like "POST". in SYSTEMPATH\Router\RouteCollection.php on line 1027.
 1 SYSTEMPATH\Router\RouteCollection.php(1027): trigger_error('Passing lowercase HTTP method "post" is deprecated. Use uppercase HTTP method like "POST".', 16384)
 2 APPPATH\Config\Routes\AdminRoutes.php(185): CodeIgniter\Router\RouteCollection->match([...], 'add_note/?(:num)?', 'UsersController::add_note/$1')
 3 SYSTEMPATH\Router\RouteCollection.php(800): App\Config\Routes\AdminRoutes::App\Config\Routes\{closure}(Object(CodeIgniter\Router\RouteCollection))
 4 APPPATH\Config\Routes\AdminRoutes.php(182): CodeIgniter\Router\RouteCollection->group('users', [...], Object(Closure))
 5 SYSTEMPATH\Router\RouteCollection.php(800): App\Config\Routes\AdminRoutes::App\Config\Routes\{closure}(Object(CodeIgniter\Router\RouteCollection))
 6 APPPATH\Config\Routes\AdminRoutes.php(28): CodeIgniter\Router\RouteCollection->group('admin', [...], Object(Closure))
 7 APPPATH\Config\Routes.php(20): App\Config\Routes\AdminRoutes::init(Object(CodeIgniter\Router\RouteCollection))
 8 SYSTEMPATH\Router\RouteCollection.php(340): require('C:\\xampp\\htdocs\\smartstore\\app\\Config\\Routes.php')
 9 SYSTEMPATH\CodeIgniter.php(823): CodeIgniter\Router\RouteCollection->loadRoutes()
10 SYSTEMPATH\CodeIgniter.php(457): CodeIgniter\CodeIgniter->tryToRouteIt(null)
11 SYSTEMPATH\CodeIgniter.php(355): CodeIgniter\CodeIgniter->handleRequest(null, Object(Config\Cache), false)
12 SYSTEMPATH\Boot.php(325): CodeIgniter\CodeIgniter->run()
13 SYSTEMPATH\Boot.php(67): CodeIgniter\Boot::runCodeIgniter(Object(CodeIgniter\CodeIgniter))
14 FCPATH\index.php(63): CodeIgniter\Boot::bootWeb(Object(Config\Paths))
WARNING - 2025-06-07 14:17:44 --> [DEPRECATED] Passing lowercase HTTP method "get" is deprecated. Use uppercase HTTP method like "GET". in SYSTEMPATH\Router\RouteCollection.php on line 1027.
 1 SYSTEMPATH\Router\RouteCollection.php(1027): trigger_error('Passing lowercase HTTP method "get" is deprecated. Use uppercase HTTP method like "GET".', 16384)
 2 APPPATH\Config\Routes\AdminRoutes.php(186): CodeIgniter\Router\RouteCollection->match([...], 'send_mail/?(:num)?', 'UsersController::send_mail/$1')
 3 SYSTEMPATH\Router\RouteCollection.php(800): App\Config\Routes\AdminRoutes::App\Config\Routes\{closure}(Object(CodeIgniter\Router\RouteCollection))
 4 APPPATH\Config\Routes\AdminRoutes.php(182): CodeIgniter\Router\RouteCollection->group('users', [...], Object(Closure))
 5 SYSTEMPATH\Router\RouteCollection.php(800): App\Config\Routes\AdminRoutes::App\Config\Routes\{closure}(Object(CodeIgniter\Router\RouteCollection))
 6 APPPATH\Config\Routes\AdminRoutes.php(28): CodeIgniter\Router\RouteCollection->group('admin', [...], Object(Closure))
 7 APPPATH\Config\Routes.php(20): App\Config\Routes\AdminRoutes::init(Object(CodeIgniter\Router\RouteCollection))
 8 SYSTEMPATH\Router\RouteCollection.php(340): require('C:\\xampp\\htdocs\\smartstore\\app\\Config\\Routes.php')
 9 SYSTEMPATH\CodeIgniter.php(823): CodeIgniter\Router\RouteCollection->loadRoutes()
10 SYSTEMPATH\CodeIgniter.php(457): CodeIgniter\CodeIgniter->tryToRouteIt(null)
11 SYSTEMPATH\CodeIgniter.php(355): CodeIgniter\CodeIgniter->handleRequest(null, Object(Config\Cache), false)
12 SYSTEMPATH\Boot.php(325): CodeIgniter\CodeIgniter->run()
13 SYSTEMPATH\Boot.php(67): CodeIgniter\Boot::runCodeIgniter(Object(CodeIgniter\CodeIgniter))
14 FCPATH\index.php(63): CodeIgniter\Boot::bootWeb(Object(Config\Paths))
WARNING - 2025-06-07 14:17:44 --> [DEPRECATED] Passing lowercase HTTP method "post" is deprecated. Use uppercase HTTP method like "POST". in SYSTEMPATH\Router\RouteCollection.php on line 1027.
 1 SYSTEMPATH\Router\RouteCollection.php(1027): trigger_error('Passing lowercase HTTP method "post" is deprecated. Use uppercase HTTP method like "POST".', 16384)
 2 APPPATH\Config\Routes\AdminRoutes.php(186): CodeIgniter\Router\RouteCollection->match([...], 'send_mail/?(:num)?', 'UsersController::send_mail/$1')
 3 SYSTEMPATH\Router\RouteCollection.php(800): App\Config\Routes\AdminRoutes::App\Config\Routes\{closure}(Object(CodeIgniter\Router\RouteCollection))
 4 APPPATH\Config\Routes\AdminRoutes.php(182): CodeIgniter\Router\RouteCollection->group('users', [...], Object(Closure))
 5 SYSTEMPATH\Router\RouteCollection.php(800): App\Config\Routes\AdminRoutes::App\Config\Routes\{closure}(Object(CodeIgniter\Router\RouteCollection))
 6 APPPATH\Config\Routes\AdminRoutes.php(28): CodeIgniter\Router\RouteCollection->group('admin', [...], Object(Closure))
 7 APPPATH\Config\Routes.php(20): App\Config\Routes\AdminRoutes::init(Object(CodeIgniter\Router\RouteCollection))
 8 SYSTEMPATH\Router\RouteCollection.php(340): require('C:\\xampp\\htdocs\\smartstore\\app\\Config\\Routes.php')
 9 SYSTEMPATH\CodeIgniter.php(823): CodeIgniter\Router\RouteCollection->loadRoutes()
10 SYSTEMPATH\CodeIgniter.php(457): CodeIgniter\CodeIgniter->tryToRouteIt(null)
11 SYSTEMPATH\CodeIgniter.php(355): CodeIgniter\CodeIgniter->handleRequest(null, Object(Config\Cache), false)
12 SYSTEMPATH\Boot.php(325): CodeIgniter\CodeIgniter->run()
13 SYSTEMPATH\Boot.php(67): CodeIgniter\Boot::runCodeIgniter(Object(CodeIgniter\CodeIgniter))
14 FCPATH\index.php(63): CodeIgniter\Boot::bootWeb(Object(Config\Paths))
WARNING - 2025-06-07 14:17:44 --> [DEPRECATED] Passing lowercase HTTP method "get" is deprecated. Use uppercase HTTP method like "GET". in SYSTEMPATH\Router\RouteCollection.php on line 1027.
 1 SYSTEMPATH\Router\RouteCollection.php(1027): trigger_error('Passing lowercase HTTP method "get" is deprecated. Use uppercase HTTP method like "GET".', 16384)
 2 APPPATH\Config\Routes\AdminRoutes.php(215): CodeIgniter\Router\RouteCollection->match([...], 'send_mail/?(:num)?', 'TicketsController::send_mail/$1')
 3 SYSTEMPATH\Router\RouteCollection.php(800): App\Config\Routes\AdminRoutes::App\Config\Routes\{closure}(Object(CodeIgniter\Router\RouteCollection))
 4 APPPATH\Config\Routes\AdminRoutes.php(212): CodeIgniter\Router\RouteCollection->group('tickets', [...], Object(Closure))
 5 SYSTEMPATH\Router\RouteCollection.php(800): App\Config\Routes\AdminRoutes::App\Config\Routes\{closure}(Object(CodeIgniter\Router\RouteCollection))
 6 APPPATH\Config\Routes\AdminRoutes.php(28): CodeIgniter\Router\RouteCollection->group('admin', [...], Object(Closure))
 7 APPPATH\Config\Routes.php(20): App\Config\Routes\AdminRoutes::init(Object(CodeIgniter\Router\RouteCollection))
 8 SYSTEMPATH\Router\RouteCollection.php(340): require('C:\\xampp\\htdocs\\smartstore\\app\\Config\\Routes.php')
 9 SYSTEMPATH\CodeIgniter.php(823): CodeIgniter\Router\RouteCollection->loadRoutes()
10 SYSTEMPATH\CodeIgniter.php(457): CodeIgniter\CodeIgniter->tryToRouteIt(null)
11 SYSTEMPATH\CodeIgniter.php(355): CodeIgniter\CodeIgniter->handleRequest(null, Object(Config\Cache), false)
12 SYSTEMPATH\Boot.php(325): CodeIgniter\CodeIgniter->run()
13 SYSTEMPATH\Boot.php(67): CodeIgniter\Boot::runCodeIgniter(Object(CodeIgniter\CodeIgniter))
14 FCPATH\index.php(63): CodeIgniter\Boot::bootWeb(Object(Config\Paths))
WARNING - 2025-06-07 14:17:44 --> [DEPRECATED] Passing lowercase HTTP method "post" is deprecated. Use uppercase HTTP method like "POST". in SYSTEMPATH\Router\RouteCollection.php on line 1027.
 1 SYSTEMPATH\Router\RouteCollection.php(1027): trigger_error('Passing lowercase HTTP method "post" is deprecated. Use uppercase HTTP method like "POST".', 16384)
 2 APPPATH\Config\Routes\AdminRoutes.php(215): CodeIgniter\Router\RouteCollection->match([...], 'send_mail/?(:num)?', 'TicketsController::send_mail/$1')
 3 SYSTEMPATH\Router\RouteCollection.php(800): App\Config\Routes\AdminRoutes::App\Config\Routes\{closure}(Object(CodeIgniter\Router\RouteCollection))
 4 APPPATH\Config\Routes\AdminRoutes.php(212): CodeIgniter\Router\RouteCollection->group('tickets', [...], Object(Closure))
 5 SYSTEMPATH\Router\RouteCollection.php(800): App\Config\Routes\AdminRoutes::App\Config\Routes\{closure}(Object(CodeIgniter\Router\RouteCollection))
 6 APPPATH\Config\Routes\AdminRoutes.php(28): CodeIgniter\Router\RouteCollection->group('admin', [...], Object(Closure))
 7 APPPATH\Config\Routes.php(20): App\Config\Routes\AdminRoutes::init(Object(CodeIgniter\Router\RouteCollection))
 8 SYSTEMPATH\Router\RouteCollection.php(340): require('C:\\xampp\\htdocs\\smartstore\\app\\Config\\Routes.php')
 9 SYSTEMPATH\CodeIgniter.php(823): CodeIgniter\Router\RouteCollection->loadRoutes()
10 SYSTEMPATH\CodeIgniter.php(457): CodeIgniter\CodeIgniter->tryToRouteIt(null)
11 SYSTEMPATH\CodeIgniter.php(355): CodeIgniter\CodeIgniter->handleRequest(null, Object(Config\Cache), false)
12 SYSTEMPATH\Boot.php(325): CodeIgniter\CodeIgniter->run()
13 SYSTEMPATH\Boot.php(67): CodeIgniter\Boot::runCodeIgniter(Object(CodeIgniter\CodeIgniter))
14 FCPATH\index.php(63): CodeIgniter\Boot::bootWeb(Object(Config\Paths))
WARNING - 2025-06-07 14:17:44 --> [DEPRECATED] Passing lowercase HTTP method "get" is deprecated. Use uppercase HTTP method like "GET". in SYSTEMPATH\Router\RouteCollection.php on line 1027.
 1 SYSTEMPATH\Router\RouteCollection.php(1027): trigger_error('Passing lowercase HTTP method "get" is deprecated. Use uppercase HTTP method like "GET".', 16384)
 2 APPPATH\Config\Routes\UserRoutes.php(49): CodeIgniter\Router\RouteCollection->match([...], 'submit_review', 'ClientController::submit_review', [...])
 3 APPPATH\Config\Routes\UserRoutes.php(23): App\Config\Routes\UserRoutes::defineRoutes(Object(CodeIgniter\Router\RouteCollection))
 4 APPPATH\Config\Routes.php(21): App\Config\Routes\UserRoutes::init(Object(CodeIgniter\Router\RouteCollection))
 5 SYSTEMPATH\Router\RouteCollection.php(340): require('C:\\xampp\\htdocs\\smartstore\\app\\Config\\Routes.php')
 6 SYSTEMPATH\CodeIgniter.php(823): CodeIgniter\Router\RouteCollection->loadRoutes()
 7 SYSTEMPATH\CodeIgniter.php(457): CodeIgniter\CodeIgniter->tryToRouteIt(null)
 8 SYSTEMPATH\CodeIgniter.php(355): CodeIgniter\CodeIgniter->handleRequest(null, Object(Config\Cache), false)
 9 SYSTEMPATH\Boot.php(325): CodeIgniter\CodeIgniter->run()
10 SYSTEMPATH\Boot.php(67): CodeIgniter\Boot::runCodeIgniter(Object(CodeIgniter\CodeIgniter))
11 FCPATH\index.php(63): CodeIgniter\Boot::bootWeb(Object(Config\Paths))
WARNING - 2025-06-07 14:17:44 --> [DEPRECATED] Passing lowercase HTTP method "post" is deprecated. Use uppercase HTTP method like "POST". in SYSTEMPATH\Router\RouteCollection.php on line 1027.
 1 SYSTEMPATH\Router\RouteCollection.php(1027): trigger_error('Passing lowercase HTTP method "post" is deprecated. Use uppercase HTTP method like "POST".', 16384)
 2 APPPATH\Config\Routes\UserRoutes.php(49): CodeIgniter\Router\RouteCollection->match([...], 'submit_review', 'ClientController::submit_review', [...])
 3 APPPATH\Config\Routes\UserRoutes.php(23): App\Config\Routes\UserRoutes::defineRoutes(Object(CodeIgniter\Router\RouteCollection))
 4 APPPATH\Config\Routes.php(21): App\Config\Routes\UserRoutes::init(Object(CodeIgniter\Router\RouteCollection))
 5 SYSTEMPATH\Router\RouteCollection.php(340): require('C:\\xampp\\htdocs\\smartstore\\app\\Config\\Routes.php')
 6 SYSTEMPATH\CodeIgniter.php(823): CodeIgniter\Router\RouteCollection->loadRoutes()
 7 SYSTEMPATH\CodeIgniter.php(457): CodeIgniter\CodeIgniter->tryToRouteIt(null)
 8 SYSTEMPATH\CodeIgniter.php(355): CodeIgniter\CodeIgniter->handleRequest(null, Object(Config\Cache), false)
 9 SYSTEMPATH\Boot.php(325): CodeIgniter\CodeIgniter->run()
10 SYSTEMPATH\Boot.php(67): CodeIgniter\Boot::runCodeIgniter(Object(CodeIgniter\CodeIgniter))
11 FCPATH\index.php(63): CodeIgniter\Boot::bootWeb(Object(Config\Paths))
WARNING - 2025-06-07 14:17:44 --> [DEPRECATED] Passing lowercase HTTP method "get" is deprecated. Use uppercase HTTP method like "GET". in SYSTEMPATH\Router\RouteCollection.php on line 1027.
 1 SYSTEMPATH\Router\RouteCollection.php(1027): trigger_error('Passing lowercase HTTP method "get" is deprecated. Use uppercase HTTP method like "GET".', 16384)
 2 APPPATH\Config\Routes\UserRoutes.php(63): CodeIgniter\Router\RouteCollection->match([...], 'track-order', 'OrderController::track_order', [...])
 3 APPPATH\Config\Routes\UserRoutes.php(23): App\Config\Routes\UserRoutes::defineRoutes(Object(CodeIgniter\Router\RouteCollection))
 4 APPPATH\Config\Routes.php(21): App\Config\Routes\UserRoutes::init(Object(CodeIgniter\Router\RouteCollection))
 5 SYSTEMPATH\Router\RouteCollection.php(340): require('C:\\xampp\\htdocs\\smartstore\\app\\Config\\Routes.php')
 6 SYSTEMPATH\CodeIgniter.php(823): CodeIgniter\Router\RouteCollection->loadRoutes()
 7 SYSTEMPATH\CodeIgniter.php(457): CodeIgniter\CodeIgniter->tryToRouteIt(null)
 8 SYSTEMPATH\CodeIgniter.php(355): CodeIgniter\CodeIgniter->handleRequest(null, Object(Config\Cache), false)
 9 SYSTEMPATH\Boot.php(325): CodeIgniter\CodeIgniter->run()
10 SYSTEMPATH\Boot.php(67): CodeIgniter\Boot::runCodeIgniter(Object(CodeIgniter\CodeIgniter))
11 FCPATH\index.php(63): CodeIgniter\Boot::bootWeb(Object(Config\Paths))
WARNING - 2025-06-07 14:17:44 --> [DEPRECATED] Passing lowercase HTTP method "post" is deprecated. Use uppercase HTTP method like "POST". in SYSTEMPATH\Router\RouteCollection.php on line 1027.
 1 SYSTEMPATH\Router\RouteCollection.php(1027): trigger_error('Passing lowercase HTTP method "post" is deprecated. Use uppercase HTTP method like "POST".', 16384)
 2 APPPATH\Config\Routes\UserRoutes.php(63): CodeIgniter\Router\RouteCollection->match([...], 'track-order', 'OrderController::track_order', [...])
 3 APPPATH\Config\Routes\UserRoutes.php(23): App\Config\Routes\UserRoutes::defineRoutes(Object(CodeIgniter\Router\RouteCollection))
 4 APPPATH\Config\Routes.php(21): App\Config\Routes\UserRoutes::init(Object(CodeIgniter\Router\RouteCollection))
 5 SYSTEMPATH\Router\RouteCollection.php(340): require('C:\\xampp\\htdocs\\smartstore\\app\\Config\\Routes.php')
 6 SYSTEMPATH\CodeIgniter.php(823): CodeIgniter\Router\RouteCollection->loadRoutes()
 7 SYSTEMPATH\CodeIgniter.php(457): CodeIgniter\CodeIgniter->tryToRouteIt(null)
 8 SYSTEMPATH\CodeIgniter.php(355): CodeIgniter\CodeIgniter->handleRequest(null, Object(Config\Cache), false)
 9 SYSTEMPATH\Boot.php(325): CodeIgniter\CodeIgniter->run()
10 SYSTEMPATH\Boot.php(67): CodeIgniter\Boot::runCodeIgniter(Object(CodeIgniter\CodeIgniter))
11 FCPATH\index.php(63): CodeIgniter\Boot::bootWeb(Object(Config\Paths))
WARNING - 2025-06-07 14:17:44 --> [DEPRECATED] Passing lowercase HTTP method "get" is deprecated. Use uppercase HTTP method like "GET". in SYSTEMPATH\Router\RouteCollection.php on line 1027.
 1 SYSTEMPATH\Router\RouteCollection.php(1027): trigger_error('Passing lowercase HTTP method "get" is deprecated. Use uppercase HTTP method like "GET".', 16384)
 2 APPPATH\Config\Routes\UserRoutes.php(49): CodeIgniter\Router\RouteCollection->match([...], 'submit_review', 'ClientController::submit_review', [...])
 3 APPPATH\Config\Routes\UserRoutes.php(26): App\Config\Routes\UserRoutes::defineRoutes(Object(CodeIgniter\Router\RouteCollection))
 4 SYSTEMPATH\Router\RouteCollection.php(800): App\Config\Routes\UserRoutes::App\Config\Routes\{closure}(Object(CodeIgniter\Router\RouteCollection))
 5 APPPATH\Config\Routes\UserRoutes.php(25): CodeIgniter\Router\RouteCollection->group('{locale}', Object(Closure))
 6 APPPATH\Config\Routes.php(21): App\Config\Routes\UserRoutes::init(Object(CodeIgniter\Router\RouteCollection))
 7 SYSTEMPATH\Router\RouteCollection.php(340): require('C:\\xampp\\htdocs\\smartstore\\app\\Config\\Routes.php')
 8 SYSTEMPATH\CodeIgniter.php(823): CodeIgniter\Router\RouteCollection->loadRoutes()
 9 SYSTEMPATH\CodeIgniter.php(457): CodeIgniter\CodeIgniter->tryToRouteIt(null)
10 SYSTEMPATH\CodeIgniter.php(355): CodeIgniter\CodeIgniter->handleRequest(null, Object(Config\Cache), false)
11 SYSTEMPATH\Boot.php(325): CodeIgniter\CodeIgniter->run()
12 SYSTEMPATH\Boot.php(67): CodeIgniter\Boot::runCodeIgniter(Object(CodeIgniter\CodeIgniter))
13 FCPATH\index.php(63): CodeIgniter\Boot::bootWeb(Object(Config\Paths))
WARNING - 2025-06-07 14:17:44 --> [DEPRECATED] Passing lowercase HTTP method "post" is deprecated. Use uppercase HTTP method like "POST". in SYSTEMPATH\Router\RouteCollection.php on line 1027.
 1 SYSTEMPATH\Router\RouteCollection.php(1027): trigger_error('Passing lowercase HTTP method "post" is deprecated. Use uppercase HTTP method like "POST".', 16384)
 2 APPPATH\Config\Routes\UserRoutes.php(49): CodeIgniter\Router\RouteCollection->match([...], 'submit_review', 'ClientController::submit_review', [...])
 3 APPPATH\Config\Routes\UserRoutes.php(26): App\Config\Routes\UserRoutes::defineRoutes(Object(CodeIgniter\Router\RouteCollection))
 4 SYSTEMPATH\Router\RouteCollection.php(800): App\Config\Routes\UserRoutes::App\Config\Routes\{closure}(Object(CodeIgniter\Router\RouteCollection))
 5 APPPATH\Config\Routes\UserRoutes.php(25): CodeIgniter\Router\RouteCollection->group('{locale}', Object(Closure))
 6 APPPATH\Config\Routes.php(21): App\Config\Routes\UserRoutes::init(Object(CodeIgniter\Router\RouteCollection))
 7 SYSTEMPATH\Router\RouteCollection.php(340): require('C:\\xampp\\htdocs\\smartstore\\app\\Config\\Routes.php')
 8 SYSTEMPATH\CodeIgniter.php(823): CodeIgniter\Router\RouteCollection->loadRoutes()
 9 SYSTEMPATH\CodeIgniter.php(457): CodeIgniter\CodeIgniter->tryToRouteIt(null)
10 SYSTEMPATH\CodeIgniter.php(355): CodeIgniter\CodeIgniter->handleRequest(null, Object(Config\Cache), false)
11 SYSTEMPATH\Boot.php(325): CodeIgniter\CodeIgniter->run()
12 SYSTEMPATH\Boot.php(67): CodeIgniter\Boot::runCodeIgniter(Object(CodeIgniter\CodeIgniter))
13 FCPATH\index.php(63): CodeIgniter\Boot::bootWeb(Object(Config\Paths))
WARNING - 2025-06-07 14:17:44 --> [DEPRECATED] Passing lowercase HTTP method "get" is deprecated. Use uppercase HTTP method like "GET". in SYSTEMPATH\Router\RouteCollection.php on line 1027.
 1 SYSTEMPATH\Router\RouteCollection.php(1027): trigger_error('Passing lowercase HTTP method "get" is deprecated. Use uppercase HTTP method like "GET".', 16384)
 2 APPPATH\Config\Routes\UserRoutes.php(63): CodeIgniter\Router\RouteCollection->match([...], 'track-order', 'OrderController::track_order', [...])
 3 APPPATH\Config\Routes\UserRoutes.php(26): App\Config\Routes\UserRoutes::defineRoutes(Object(CodeIgniter\Router\RouteCollection))
 4 SYSTEMPATH\Router\RouteCollection.php(800): App\Config\Routes\UserRoutes::App\Config\Routes\{closure}(Object(CodeIgniter\Router\RouteCollection))
 5 APPPATH\Config\Routes\UserRoutes.php(25): CodeIgniter\Router\RouteCollection->group('{locale}', Object(Closure))
 6 APPPATH\Config\Routes.php(21): App\Config\Routes\UserRoutes::init(Object(CodeIgniter\Router\RouteCollection))
 7 SYSTEMPATH\Router\RouteCollection.php(340): require('C:\\xampp\\htdocs\\smartstore\\app\\Config\\Routes.php')
 8 SYSTEMPATH\CodeIgniter.php(823): CodeIgniter\Router\RouteCollection->loadRoutes()
 9 SYSTEMPATH\CodeIgniter.php(457): CodeIgniter\CodeIgniter->tryToRouteIt(null)
10 SYSTEMPATH\CodeIgniter.php(355): CodeIgniter\CodeIgniter->handleRequest(null, Object(Config\Cache), false)
11 SYSTEMPATH\Boot.php(325): CodeIgniter\CodeIgniter->run()
12 SYSTEMPATH\Boot.php(67): CodeIgniter\Boot::runCodeIgniter(Object(CodeIgniter\CodeIgniter))
13 FCPATH\index.php(63): CodeIgniter\Boot::bootWeb(Object(Config\Paths))
WARNING - 2025-06-07 14:17:44 --> [DEPRECATED] Passing lowercase HTTP method "post" is deprecated. Use uppercase HTTP method like "POST". in SYSTEMPATH\Router\RouteCollection.php on line 1027.
 1 SYSTEMPATH\Router\RouteCollection.php(1027): trigger_error('Passing lowercase HTTP method "post" is deprecated. Use uppercase HTTP method like "POST".', 16384)
 2 APPPATH\Config\Routes\UserRoutes.php(63): CodeIgniter\Router\RouteCollection->match([...], 'track-order', 'OrderController::track_order', [...])
 3 APPPATH\Config\Routes\UserRoutes.php(26): App\Config\Routes\UserRoutes::defineRoutes(Object(CodeIgniter\Router\RouteCollection))
 4 SYSTEMPATH\Router\RouteCollection.php(800): App\Config\Routes\UserRoutes::App\Config\Routes\{closure}(Object(CodeIgniter\Router\RouteCollection))
 5 APPPATH\Config\Routes\UserRoutes.php(25): CodeIgniter\Router\RouteCollection->group('{locale}', Object(Closure))
 6 APPPATH\Config\Routes.php(21): App\Config\Routes\UserRoutes::init(Object(CodeIgniter\Router\RouteCollection))
 7 SYSTEMPATH\Router\RouteCollection.php(340): require('C:\\xampp\\htdocs\\smartstore\\app\\Config\\Routes.php')
 8 SYSTEMPATH\CodeIgniter.php(823): CodeIgniter\Router\RouteCollection->loadRoutes()
 9 SYSTEMPATH\CodeIgniter.php(457): CodeIgniter\CodeIgniter->tryToRouteIt(null)
10 SYSTEMPATH\CodeIgniter.php(355): CodeIgniter\CodeIgniter->handleRequest(null, Object(Config\Cache), false)
11 SYSTEMPATH\Boot.php(325): CodeIgniter\CodeIgniter->run()
12 SYSTEMPATH\Boot.php(67): CodeIgniter\Boot::runCodeIgniter(Object(CodeIgniter\CodeIgniter))
13 FCPATH\index.php(63): CodeIgniter\Boot::bootWeb(Object(Config\Paths))
INFO - 2025-06-07 14:17:44 --> Session: Class initialized using 'CodeIgniter\Session\Handlers\FileHandler' driver.
WARNING - 2025-06-07 14:17:44 --> [DEPRECATED] Creation of dynamic property App\Controllers\Public\PageController::$load_files is deprecated in APPPATH\Controllers\Public\PageController.php on line 21.
 1 SYSTEMPATH\CodeIgniter.php(903): App\Controllers\Public\PageController->__construct()
 2 SYSTEMPATH\CodeIgniter.php(500): CodeIgniter\CodeIgniter->createController()
 3 SYSTEMPATH\CodeIgniter.php(355): CodeIgniter\CodeIgniter->handleRequest(null, Object(Config\Cache), false)
 4 SYSTEMPATH\Boot.php(325): CodeIgniter\CodeIgniter->run()
 5 SYSTEMPATH\Boot.php(67): CodeIgniter\Boot::runCodeIgniter(Object(CodeIgniter\CodeIgniter))
 6 FCPATH\index.php(63): CodeIgniter\Boot::bootWeb(Object(Config\Paths))
WARNING - 2025-06-07 14:17:44 --> [DEPRECATED] Creation of dynamic property App\Controllers\Public\PageController::$page_title is deprecated in APPPATH\Controllers\Public\PageController.php on line 22.
 1 SYSTEMPATH\CodeIgniter.php(903): App\Controllers\Public\PageController->__construct()
 2 SYSTEMPATH\CodeIgniter.php(500): CodeIgniter\CodeIgniter->createController()
 3 SYSTEMPATH\CodeIgniter.php(355): CodeIgniter\CodeIgniter->handleRequest(null, Object(Config\Cache), false)
 4 SYSTEMPATH\Boot.php(325): CodeIgniter\CodeIgniter->run()
 5 SYSTEMPATH\Boot.php(67): CodeIgniter\Boot::runCodeIgniter(Object(CodeIgniter\CodeIgniter))
 6 FCPATH\index.php(63): CodeIgniter\Boot::bootWeb(Object(Config\Paths))
WARNING - 2025-06-07 14:21:27 --> [DEPRECATED] Passing lowercase HTTP method "get" is deprecated. Use uppercase HTTP method like "GET". in SYSTEMPATH\Router\RouteCollection.php on line 1027.
 1 SYSTEMPATH\Router\RouteCollection.php(1027): trigger_error('Passing lowercase HTTP method "get" is deprecated. Use uppercase HTTP method like "GET".', 16384)
 2 APPPATH\Config\Routes\AdminRoutes.php(65): CodeIgniter\Router\RouteCollection->match([...], 'send_test_mail', 'SettingsController::send_test_mail')
 3 SYSTEMPATH\Router\RouteCollection.php(800): App\Config\Routes\AdminRoutes::App\Config\Routes\{closure}(Object(CodeIgniter\Router\RouteCollection))
 4 APPPATH\Config\Routes\AdminRoutes.php(63): CodeIgniter\Router\RouteCollection->group('settings', [...], Object(Closure))
 5 SYSTEMPATH\Router\RouteCollection.php(800): App\Config\Routes\AdminRoutes::App\Config\Routes\{closure}(Object(CodeIgniter\Router\RouteCollection))
 6 APPPATH\Config\Routes\AdminRoutes.php(28): CodeIgniter\Router\RouteCollection->group('admin', [...], Object(Closure))
 7 APPPATH\Config\Routes.php(20): App\Config\Routes\AdminRoutes::init(Object(CodeIgniter\Router\RouteCollection))
 8 SYSTEMPATH\Router\RouteCollection.php(340): require('C:\\xampp\\htdocs\\smartstore\\app\\Config\\Routes.php')
 9 SYSTEMPATH\CodeIgniter.php(823): CodeIgniter\Router\RouteCollection->loadRoutes()
10 SYSTEMPATH\CodeIgniter.php(457): CodeIgniter\CodeIgniter->tryToRouteIt(null)
11 SYSTEMPATH\CodeIgniter.php(355): CodeIgniter\CodeIgniter->handleRequest(null, Object(Config\Cache), false)
12 SYSTEMPATH\Boot.php(325): CodeIgniter\CodeIgniter->run()
13 SYSTEMPATH\Boot.php(67): CodeIgniter\Boot::runCodeIgniter(Object(CodeIgniter\CodeIgniter))
14 FCPATH\index.php(63): CodeIgniter\Boot::bootWeb(Object(Config\Paths))
WARNING - 2025-06-07 14:21:27 --> [DEPRECATED] Passing lowercase HTTP method "post" is deprecated. Use uppercase HTTP method like "POST". in SYSTEMPATH\Router\RouteCollection.php on line 1027.
 1 SYSTEMPATH\Router\RouteCollection.php(1027): trigger_error('Passing lowercase HTTP method "post" is deprecated. Use uppercase HTTP method like "POST".', 16384)
 2 APPPATH\Config\Routes\AdminRoutes.php(65): CodeIgniter\Router\RouteCollection->match([...], 'send_test_mail', 'SettingsController::send_test_mail')
 3 SYSTEMPATH\Router\RouteCollection.php(800): App\Config\Routes\AdminRoutes::App\Config\Routes\{closure}(Object(CodeIgniter\Router\RouteCollection))
 4 APPPATH\Config\Routes\AdminRoutes.php(63): CodeIgniter\Router\RouteCollection->group('settings', [...], Object(Closure))
 5 SYSTEMPATH\Router\RouteCollection.php(800): App\Config\Routes\AdminRoutes::App\Config\Routes\{closure}(Object(CodeIgniter\Router\RouteCollection))
 6 APPPATH\Config\Routes\AdminRoutes.php(28): CodeIgniter\Router\RouteCollection->group('admin', [...], Object(Closure))
 7 APPPATH\Config\Routes.php(20): App\Config\Routes\AdminRoutes::init(Object(CodeIgniter\Router\RouteCollection))
 8 SYSTEMPATH\Router\RouteCollection.php(340): require('C:\\xampp\\htdocs\\smartstore\\app\\Config\\Routes.php')
 9 SYSTEMPATH\CodeIgniter.php(823): CodeIgniter\Router\RouteCollection->loadRoutes()
10 SYSTEMPATH\CodeIgniter.php(457): CodeIgniter\CodeIgniter->tryToRouteIt(null)
11 SYSTEMPATH\CodeIgniter.php(355): CodeIgniter\CodeIgniter->handleRequest(null, Object(Config\Cache), false)
12 SYSTEMPATH\Boot.php(325): CodeIgniter\CodeIgniter->run()
13 SYSTEMPATH\Boot.php(67): CodeIgniter\Boot::runCodeIgniter(Object(CodeIgniter\CodeIgniter))
14 FCPATH\index.php(63): CodeIgniter\Boot::bootWeb(Object(Config\Paths))
WARNING - 2025-06-07 14:21:27 --> [DEPRECATED] Passing lowercase HTTP method "get" is deprecated. Use uppercase HTTP method like "GET". in SYSTEMPATH\Router\RouteCollection.php on line 1027.
 1 SYSTEMPATH\Router\RouteCollection.php(1027): trigger_error('Passing lowercase HTTP method "get" is deprecated. Use uppercase HTTP method like "GET".', 16384)
 2 APPPATH\Config\Routes\AdminRoutes.php(76): CodeIgniter\Router\RouteCollection->match([...], 'elfinder_connector', 'FilemanagerController::elfinder_connector')
 3 SYSTEMPATH\Router\RouteCollection.php(800): App\Config\Routes\AdminRoutes::App\Config\Routes\{closure}(Object(CodeIgniter\Router\RouteCollection))
 4 APPPATH\Config\Routes\AdminRoutes.php(73): CodeIgniter\Router\RouteCollection->group('filemanager', [...], Object(Closure))
 5 SYSTEMPATH\Router\RouteCollection.php(800): App\Config\Routes\AdminRoutes::App\Config\Routes\{closure}(Object(CodeIgniter\Router\RouteCollection))
 6 APPPATH\Config\Routes\AdminRoutes.php(28): CodeIgniter\Router\RouteCollection->group('admin', [...], Object(Closure))
 7 APPPATH\Config\Routes.php(20): App\Config\Routes\AdminRoutes::init(Object(CodeIgniter\Router\RouteCollection))
 8 SYSTEMPATH\Router\RouteCollection.php(340): require('C:\\xampp\\htdocs\\smartstore\\app\\Config\\Routes.php')
 9 SYSTEMPATH\CodeIgniter.php(823): CodeIgniter\Router\RouteCollection->loadRoutes()
10 SYSTEMPATH\CodeIgniter.php(457): CodeIgniter\CodeIgniter->tryToRouteIt(null)
11 SYSTEMPATH\CodeIgniter.php(355): CodeIgniter\CodeIgniter->handleRequest(null, Object(Config\Cache), false)
12 SYSTEMPATH\Boot.php(325): CodeIgniter\CodeIgniter->run()
13 SYSTEMPATH\Boot.php(67): CodeIgniter\Boot::runCodeIgniter(Object(CodeIgniter\CodeIgniter))
14 FCPATH\index.php(63): CodeIgniter\Boot::bootWeb(Object(Config\Paths))
WARNING - 2025-06-07 14:21:27 --> [DEPRECATED] Passing lowercase HTTP method "post" is deprecated. Use uppercase HTTP method like "POST". in SYSTEMPATH\Router\RouteCollection.php on line 1027.
 1 SYSTEMPATH\Router\RouteCollection.php(1027): trigger_error('Passing lowercase HTTP method "post" is deprecated. Use uppercase HTTP method like "POST".', 16384)
 2 APPPATH\Config\Routes\AdminRoutes.php(76): CodeIgniter\Router\RouteCollection->match([...], 'elfinder_connector', 'FilemanagerController::elfinder_connector')
 3 SYSTEMPATH\Router\RouteCollection.php(800): App\Config\Routes\AdminRoutes::App\Config\Routes\{closure}(Object(CodeIgniter\Router\RouteCollection))
 4 APPPATH\Config\Routes\AdminRoutes.php(73): CodeIgniter\Router\RouteCollection->group('filemanager', [...], Object(Closure))
 5 SYSTEMPATH\Router\RouteCollection.php(800): App\Config\Routes\AdminRoutes::App\Config\Routes\{closure}(Object(CodeIgniter\Router\RouteCollection))
 6 APPPATH\Config\Routes\AdminRoutes.php(28): CodeIgniter\Router\RouteCollection->group('admin', [...], Object(Closure))
 7 APPPATH\Config\Routes.php(20): App\Config\Routes\AdminRoutes::init(Object(CodeIgniter\Router\RouteCollection))
 8 SYSTEMPATH\Router\RouteCollection.php(340): require('C:\\xampp\\htdocs\\smartstore\\app\\Config\\Routes.php')
 9 SYSTEMPATH\CodeIgniter.php(823): CodeIgniter\Router\RouteCollection->loadRoutes()
10 SYSTEMPATH\CodeIgniter.php(457): CodeIgniter\CodeIgniter->tryToRouteIt(null)
11 SYSTEMPATH\CodeIgniter.php(355): CodeIgniter\CodeIgniter->handleRequest(null, Object(Config\Cache), false)
12 SYSTEMPATH\Boot.php(325): CodeIgniter\CodeIgniter->run()
13 SYSTEMPATH\Boot.php(67): CodeIgniter\Boot::runCodeIgniter(Object(CodeIgniter\CodeIgniter))
14 FCPATH\index.php(63): CodeIgniter\Boot::bootWeb(Object(Config\Paths))
WARNING - 2025-06-07 14:21:27 --> [DEPRECATED] Passing lowercase HTTP method "get" is deprecated. Use uppercase HTTP method like "GET". in SYSTEMPATH\Router\RouteCollection.php on line 1027.
 1 SYSTEMPATH\Router\RouteCollection.php(1027): trigger_error('Passing lowercase HTTP method "get" is deprecated. Use uppercase HTTP method like "GET".', 16384)
 2 APPPATH\Config\Routes\AdminRoutes.php(172): CodeIgniter\Router\RouteCollection->match([...], 'sync_services/?(:num)?', 'ProvidersController::sync_services/$1')
 3 SYSTEMPATH\Router\RouteCollection.php(800): App\Config\Routes\AdminRoutes::App\Config\Routes\{closure}(Object(CodeIgniter\Router\RouteCollection))
 4 APPPATH\Config\Routes\AdminRoutes.php(167): CodeIgniter\Router\RouteCollection->group('providers', [...], Object(Closure))
 5 SYSTEMPATH\Router\RouteCollection.php(800): App\Config\Routes\AdminRoutes::App\Config\Routes\{closure}(Object(CodeIgniter\Router\RouteCollection))
 6 APPPATH\Config\Routes\AdminRoutes.php(28): CodeIgniter\Router\RouteCollection->group('admin', [...], Object(Closure))
 7 APPPATH\Config\Routes.php(20): App\Config\Routes\AdminRoutes::init(Object(CodeIgniter\Router\RouteCollection))
 8 SYSTEMPATH\Router\RouteCollection.php(340): require('C:\\xampp\\htdocs\\smartstore\\app\\Config\\Routes.php')
 9 SYSTEMPATH\CodeIgniter.php(823): CodeIgniter\Router\RouteCollection->loadRoutes()
10 SYSTEMPATH\CodeIgniter.php(457): CodeIgniter\CodeIgniter->tryToRouteIt(null)
11 SYSTEMPATH\CodeIgniter.php(355): CodeIgniter\CodeIgniter->handleRequest(null, Object(Config\Cache), false)
12 SYSTEMPATH\Boot.php(325): CodeIgniter\CodeIgniter->run()
13 SYSTEMPATH\Boot.php(67): CodeIgniter\Boot::runCodeIgniter(Object(CodeIgniter\CodeIgniter))
14 FCPATH\index.php(63): CodeIgniter\Boot::bootWeb(Object(Config\Paths))
WARNING - 2025-06-07 14:21:27 --> [DEPRECATED] Passing lowercase HTTP method "post" is deprecated. Use uppercase HTTP method like "POST". in SYSTEMPATH\Router\RouteCollection.php on line 1027.
 1 SYSTEMPATH\Router\RouteCollection.php(1027): trigger_error('Passing lowercase HTTP method "post" is deprecated. Use uppercase HTTP method like "POST".', 16384)
 2 APPPATH\Config\Routes\AdminRoutes.php(172): CodeIgniter\Router\RouteCollection->match([...], 'sync_services/?(:num)?', 'ProvidersController::sync_services/$1')
 3 SYSTEMPATH\Router\RouteCollection.php(800): App\Config\Routes\AdminRoutes::App\Config\Routes\{closure}(Object(CodeIgniter\Router\RouteCollection))
 4 APPPATH\Config\Routes\AdminRoutes.php(167): CodeIgniter\Router\RouteCollection->group('providers', [...], Object(Closure))
 5 SYSTEMPATH\Router\RouteCollection.php(800): App\Config\Routes\AdminRoutes::App\Config\Routes\{closure}(Object(CodeIgniter\Router\RouteCollection))
 6 APPPATH\Config\Routes\AdminRoutes.php(28): CodeIgniter\Router\RouteCollection->group('admin', [...], Object(Closure))
 7 APPPATH\Config\Routes.php(20): App\Config\Routes\AdminRoutes::init(Object(CodeIgniter\Router\RouteCollection))
 8 SYSTEMPATH\Router\RouteCollection.php(340): require('C:\\xampp\\htdocs\\smartstore\\app\\Config\\Routes.php')
 9 SYSTEMPATH\CodeIgniter.php(823): CodeIgniter\Router\RouteCollection->loadRoutes()
10 SYSTEMPATH\CodeIgniter.php(457): CodeIgniter\CodeIgniter->tryToRouteIt(null)
11 SYSTEMPATH\CodeIgniter.php(355): CodeIgniter\CodeIgniter->handleRequest(null, Object(Config\Cache), false)
12 SYSTEMPATH\Boot.php(325): CodeIgniter\CodeIgniter->run()
13 SYSTEMPATH\Boot.php(67): CodeIgniter\Boot::runCodeIgniter(Object(CodeIgniter\CodeIgniter))
14 FCPATH\index.php(63): CodeIgniter\Boot::bootWeb(Object(Config\Paths))
WARNING - 2025-06-07 14:21:27 --> [DEPRECATED] Passing lowercase HTTP method "get" is deprecated. Use uppercase HTTP method like "GET". in SYSTEMPATH\Router\RouteCollection.php on line 1027.
 1 SYSTEMPATH\Router\RouteCollection.php(1027): trigger_error('Passing lowercase HTTP method "get" is deprecated. Use uppercase HTTP method like "GET".', 16384)
 2 APPPATH\Config\Routes\AdminRoutes.php(185): CodeIgniter\Router\RouteCollection->match([...], 'add_note/?(:num)?', 'UsersController::add_note/$1')
 3 SYSTEMPATH\Router\RouteCollection.php(800): App\Config\Routes\AdminRoutes::App\Config\Routes\{closure}(Object(CodeIgniter\Router\RouteCollection))
 4 APPPATH\Config\Routes\AdminRoutes.php(182): CodeIgniter\Router\RouteCollection->group('users', [...], Object(Closure))
 5 SYSTEMPATH\Router\RouteCollection.php(800): App\Config\Routes\AdminRoutes::App\Config\Routes\{closure}(Object(CodeIgniter\Router\RouteCollection))
 6 APPPATH\Config\Routes\AdminRoutes.php(28): CodeIgniter\Router\RouteCollection->group('admin', [...], Object(Closure))
 7 APPPATH\Config\Routes.php(20): App\Config\Routes\AdminRoutes::init(Object(CodeIgniter\Router\RouteCollection))
 8 SYSTEMPATH\Router\RouteCollection.php(340): require('C:\\xampp\\htdocs\\smartstore\\app\\Config\\Routes.php')
 9 SYSTEMPATH\CodeIgniter.php(823): CodeIgniter\Router\RouteCollection->loadRoutes()
10 SYSTEMPATH\CodeIgniter.php(457): CodeIgniter\CodeIgniter->tryToRouteIt(null)
11 SYSTEMPATH\CodeIgniter.php(355): CodeIgniter\CodeIgniter->handleRequest(null, Object(Config\Cache), false)
12 SYSTEMPATH\Boot.php(325): CodeIgniter\CodeIgniter->run()
13 SYSTEMPATH\Boot.php(67): CodeIgniter\Boot::runCodeIgniter(Object(CodeIgniter\CodeIgniter))
14 FCPATH\index.php(63): CodeIgniter\Boot::bootWeb(Object(Config\Paths))
WARNING - 2025-06-07 14:21:27 --> [DEPRECATED] Passing lowercase HTTP method "post" is deprecated. Use uppercase HTTP method like "POST". in SYSTEMPATH\Router\RouteCollection.php on line 1027.
 1 SYSTEMPATH\Router\RouteCollection.php(1027): trigger_error('Passing lowercase HTTP method "post" is deprecated. Use uppercase HTTP method like "POST".', 16384)
 2 APPPATH\Config\Routes\AdminRoutes.php(185): CodeIgniter\Router\RouteCollection->match([...], 'add_note/?(:num)?', 'UsersController::add_note/$1')
 3 SYSTEMPATH\Router\RouteCollection.php(800): App\Config\Routes\AdminRoutes::App\Config\Routes\{closure}(Object(CodeIgniter\Router\RouteCollection))
 4 APPPATH\Config\Routes\AdminRoutes.php(182): CodeIgniter\Router\RouteCollection->group('users', [...], Object(Closure))
 5 SYSTEMPATH\Router\RouteCollection.php(800): App\Config\Routes\AdminRoutes::App\Config\Routes\{closure}(Object(CodeIgniter\Router\RouteCollection))
 6 APPPATH\Config\Routes\AdminRoutes.php(28): CodeIgniter\Router\RouteCollection->group('admin', [...], Object(Closure))
 7 APPPATH\Config\Routes.php(20): App\Config\Routes\AdminRoutes::init(Object(CodeIgniter\Router\RouteCollection))
 8 SYSTEMPATH\Router\RouteCollection.php(340): require('C:\\xampp\\htdocs\\smartstore\\app\\Config\\Routes.php')
 9 SYSTEMPATH\CodeIgniter.php(823): CodeIgniter\Router\RouteCollection->loadRoutes()
10 SYSTEMPATH\CodeIgniter.php(457): CodeIgniter\CodeIgniter->tryToRouteIt(null)
11 SYSTEMPATH\CodeIgniter.php(355): CodeIgniter\CodeIgniter->handleRequest(null, Object(Config\Cache), false)
12 SYSTEMPATH\Boot.php(325): CodeIgniter\CodeIgniter->run()
13 SYSTEMPATH\Boot.php(67): CodeIgniter\Boot::runCodeIgniter(Object(CodeIgniter\CodeIgniter))
14 FCPATH\index.php(63): CodeIgniter\Boot::bootWeb(Object(Config\Paths))
WARNING - 2025-06-07 14:21:27 --> [DEPRECATED] Passing lowercase HTTP method "get" is deprecated. Use uppercase HTTP method like "GET". in SYSTEMPATH\Router\RouteCollection.php on line 1027.
 1 SYSTEMPATH\Router\RouteCollection.php(1027): trigger_error('Passing lowercase HTTP method "get" is deprecated. Use uppercase HTTP method like "GET".', 16384)
 2 APPPATH\Config\Routes\AdminRoutes.php(186): CodeIgniter\Router\RouteCollection->match([...], 'send_mail/?(:num)?', 'UsersController::send_mail/$1')
 3 SYSTEMPATH\Router\RouteCollection.php(800): App\Config\Routes\AdminRoutes::App\Config\Routes\{closure}(Object(CodeIgniter\Router\RouteCollection))
 4 APPPATH\Config\Routes\AdminRoutes.php(182): CodeIgniter\Router\RouteCollection->group('users', [...], Object(Closure))
 5 SYSTEMPATH\Router\RouteCollection.php(800): App\Config\Routes\AdminRoutes::App\Config\Routes\{closure}(Object(CodeIgniter\Router\RouteCollection))
 6 APPPATH\Config\Routes\AdminRoutes.php(28): CodeIgniter\Router\RouteCollection->group('admin', [...], Object(Closure))
 7 APPPATH\Config\Routes.php(20): App\Config\Routes\AdminRoutes::init(Object(CodeIgniter\Router\RouteCollection))
 8 SYSTEMPATH\Router\RouteCollection.php(340): require('C:\\xampp\\htdocs\\smartstore\\app\\Config\\Routes.php')
 9 SYSTEMPATH\CodeIgniter.php(823): CodeIgniter\Router\RouteCollection->loadRoutes()
10 SYSTEMPATH\CodeIgniter.php(457): CodeIgniter\CodeIgniter->tryToRouteIt(null)
11 SYSTEMPATH\CodeIgniter.php(355): CodeIgniter\CodeIgniter->handleRequest(null, Object(Config\Cache), false)
12 SYSTEMPATH\Boot.php(325): CodeIgniter\CodeIgniter->run()
13 SYSTEMPATH\Boot.php(67): CodeIgniter\Boot::runCodeIgniter(Object(CodeIgniter\CodeIgniter))
14 FCPATH\index.php(63): CodeIgniter\Boot::bootWeb(Object(Config\Paths))
WARNING - 2025-06-07 14:21:27 --> [DEPRECATED] Passing lowercase HTTP method "post" is deprecated. Use uppercase HTTP method like "POST". in SYSTEMPATH\Router\RouteCollection.php on line 1027.
 1 SYSTEMPATH\Router\RouteCollection.php(1027): trigger_error('Passing lowercase HTTP method "post" is deprecated. Use uppercase HTTP method like "POST".', 16384)
 2 APPPATH\Config\Routes\AdminRoutes.php(186): CodeIgniter\Router\RouteCollection->match([...], 'send_mail/?(:num)?', 'UsersController::send_mail/$1')
 3 SYSTEMPATH\Router\RouteCollection.php(800): App\Config\Routes\AdminRoutes::App\Config\Routes\{closure}(Object(CodeIgniter\Router\RouteCollection))
 4 APPPATH\Config\Routes\AdminRoutes.php(182): CodeIgniter\Router\RouteCollection->group('users', [...], Object(Closure))
 5 SYSTEMPATH\Router\RouteCollection.php(800): App\Config\Routes\AdminRoutes::App\Config\Routes\{closure}(Object(CodeIgniter\Router\RouteCollection))
 6 APPPATH\Config\Routes\AdminRoutes.php(28): CodeIgniter\Router\RouteCollection->group('admin', [...], Object(Closure))
 7 APPPATH\Config\Routes.php(20): App\Config\Routes\AdminRoutes::init(Object(CodeIgniter\Router\RouteCollection))
 8 SYSTEMPATH\Router\RouteCollection.php(340): require('C:\\xampp\\htdocs\\smartstore\\app\\Config\\Routes.php')
 9 SYSTEMPATH\CodeIgniter.php(823): CodeIgniter\Router\RouteCollection->loadRoutes()
10 SYSTEMPATH\CodeIgniter.php(457): CodeIgniter\CodeIgniter->tryToRouteIt(null)
11 SYSTEMPATH\CodeIgniter.php(355): CodeIgniter\CodeIgniter->handleRequest(null, Object(Config\Cache), false)
12 SYSTEMPATH\Boot.php(325): CodeIgniter\CodeIgniter->run()
13 SYSTEMPATH\Boot.php(67): CodeIgniter\Boot::runCodeIgniter(Object(CodeIgniter\CodeIgniter))
14 FCPATH\index.php(63): CodeIgniter\Boot::bootWeb(Object(Config\Paths))
WARNING - 2025-06-07 14:21:27 --> [DEPRECATED] Passing lowercase HTTP method "get" is deprecated. Use uppercase HTTP method like "GET". in SYSTEMPATH\Router\RouteCollection.php on line 1027.
 1 SYSTEMPATH\Router\RouteCollection.php(1027): trigger_error('Passing lowercase HTTP method "get" is deprecated. Use uppercase HTTP method like "GET".', 16384)
 2 APPPATH\Config\Routes\AdminRoutes.php(215): CodeIgniter\Router\RouteCollection->match([...], 'send_mail/?(:num)?', 'TicketsController::send_mail/$1')
 3 SYSTEMPATH\Router\RouteCollection.php(800): App\Config\Routes\AdminRoutes::App\Config\Routes\{closure}(Object(CodeIgniter\Router\RouteCollection))
 4 APPPATH\Config\Routes\AdminRoutes.php(212): CodeIgniter\Router\RouteCollection->group('tickets', [...], Object(Closure))
 5 SYSTEMPATH\Router\RouteCollection.php(800): App\Config\Routes\AdminRoutes::App\Config\Routes\{closure}(Object(CodeIgniter\Router\RouteCollection))
 6 APPPATH\Config\Routes\AdminRoutes.php(28): CodeIgniter\Router\RouteCollection->group('admin', [...], Object(Closure))
 7 APPPATH\Config\Routes.php(20): App\Config\Routes\AdminRoutes::init(Object(CodeIgniter\Router\RouteCollection))
 8 SYSTEMPATH\Router\RouteCollection.php(340): require('C:\\xampp\\htdocs\\smartstore\\app\\Config\\Routes.php')
 9 SYSTEMPATH\CodeIgniter.php(823): CodeIgniter\Router\RouteCollection->loadRoutes()
10 SYSTEMPATH\CodeIgniter.php(457): CodeIgniter\CodeIgniter->tryToRouteIt(null)
11 SYSTEMPATH\CodeIgniter.php(355): CodeIgniter\CodeIgniter->handleRequest(null, Object(Config\Cache), false)
12 SYSTEMPATH\Boot.php(325): CodeIgniter\CodeIgniter->run()
13 SYSTEMPATH\Boot.php(67): CodeIgniter\Boot::runCodeIgniter(Object(CodeIgniter\CodeIgniter))
14 FCPATH\index.php(63): CodeIgniter\Boot::bootWeb(Object(Config\Paths))
WARNING - 2025-06-07 14:21:27 --> [DEPRECATED] Passing lowercase HTTP method "post" is deprecated. Use uppercase HTTP method like "POST". in SYSTEMPATH\Router\RouteCollection.php on line 1027.
 1 SYSTEMPATH\Router\RouteCollection.php(1027): trigger_error('Passing lowercase HTTP method "post" is deprecated. Use uppercase HTTP method like "POST".', 16384)
 2 APPPATH\Config\Routes\AdminRoutes.php(215): CodeIgniter\Router\RouteCollection->match([...], 'send_mail/?(:num)?', 'TicketsController::send_mail/$1')
 3 SYSTEMPATH\Router\RouteCollection.php(800): App\Config\Routes\AdminRoutes::App\Config\Routes\{closure}(Object(CodeIgniter\Router\RouteCollection))
 4 APPPATH\Config\Routes\AdminRoutes.php(212): CodeIgniter\Router\RouteCollection->group('tickets', [...], Object(Closure))
 5 SYSTEMPATH\Router\RouteCollection.php(800): App\Config\Routes\AdminRoutes::App\Config\Routes\{closure}(Object(CodeIgniter\Router\RouteCollection))
 6 APPPATH\Config\Routes\AdminRoutes.php(28): CodeIgniter\Router\RouteCollection->group('admin', [...], Object(Closure))
 7 APPPATH\Config\Routes.php(20): App\Config\Routes\AdminRoutes::init(Object(CodeIgniter\Router\RouteCollection))
 8 SYSTEMPATH\Router\RouteCollection.php(340): require('C:\\xampp\\htdocs\\smartstore\\app\\Config\\Routes.php')
 9 SYSTEMPATH\CodeIgniter.php(823): CodeIgniter\Router\RouteCollection->loadRoutes()
10 SYSTEMPATH\CodeIgniter.php(457): CodeIgniter\CodeIgniter->tryToRouteIt(null)
11 SYSTEMPATH\CodeIgniter.php(355): CodeIgniter\CodeIgniter->handleRequest(null, Object(Config\Cache), false)
12 SYSTEMPATH\Boot.php(325): CodeIgniter\CodeIgniter->run()
13 SYSTEMPATH\Boot.php(67): CodeIgniter\Boot::runCodeIgniter(Object(CodeIgniter\CodeIgniter))
14 FCPATH\index.php(63): CodeIgniter\Boot::bootWeb(Object(Config\Paths))
WARNING - 2025-06-07 14:21:27 --> [DEPRECATED] Passing lowercase HTTP method "get" is deprecated. Use uppercase HTTP method like "GET". in SYSTEMPATH\Router\RouteCollection.php on line 1027.
 1 SYSTEMPATH\Router\RouteCollection.php(1027): trigger_error('Passing lowercase HTTP method "get" is deprecated. Use uppercase HTTP method like "GET".', 16384)
 2 APPPATH\Config\Routes\UserRoutes.php(49): CodeIgniter\Router\RouteCollection->match([...], 'submit_review', 'ClientController::submit_review', [...])
 3 APPPATH\Config\Routes\UserRoutes.php(23): App\Config\Routes\UserRoutes::defineRoutes(Object(CodeIgniter\Router\RouteCollection))
 4 APPPATH\Config\Routes.php(21): App\Config\Routes\UserRoutes::init(Object(CodeIgniter\Router\RouteCollection))
 5 SYSTEMPATH\Router\RouteCollection.php(340): require('C:\\xampp\\htdocs\\smartstore\\app\\Config\\Routes.php')
 6 SYSTEMPATH\CodeIgniter.php(823): CodeIgniter\Router\RouteCollection->loadRoutes()
 7 SYSTEMPATH\CodeIgniter.php(457): CodeIgniter\CodeIgniter->tryToRouteIt(null)
 8 SYSTEMPATH\CodeIgniter.php(355): CodeIgniter\CodeIgniter->handleRequest(null, Object(Config\Cache), false)
 9 SYSTEMPATH\Boot.php(325): CodeIgniter\CodeIgniter->run()
10 SYSTEMPATH\Boot.php(67): CodeIgniter\Boot::runCodeIgniter(Object(CodeIgniter\CodeIgniter))
11 FCPATH\index.php(63): CodeIgniter\Boot::bootWeb(Object(Config\Paths))
WARNING - 2025-06-07 14:21:27 --> [DEPRECATED] Passing lowercase HTTP method "post" is deprecated. Use uppercase HTTP method like "POST". in SYSTEMPATH\Router\RouteCollection.php on line 1027.
 1 SYSTEMPATH\Router\RouteCollection.php(1027): trigger_error('Passing lowercase HTTP method "post" is deprecated. Use uppercase HTTP method like "POST".', 16384)
 2 APPPATH\Config\Routes\UserRoutes.php(49): CodeIgniter\Router\RouteCollection->match([...], 'submit_review', 'ClientController::submit_review', [...])
 3 APPPATH\Config\Routes\UserRoutes.php(23): App\Config\Routes\UserRoutes::defineRoutes(Object(CodeIgniter\Router\RouteCollection))
 4 APPPATH\Config\Routes.php(21): App\Config\Routes\UserRoutes::init(Object(CodeIgniter\Router\RouteCollection))
 5 SYSTEMPATH\Router\RouteCollection.php(340): require('C:\\xampp\\htdocs\\smartstore\\app\\Config\\Routes.php')
 6 SYSTEMPATH\CodeIgniter.php(823): CodeIgniter\Router\RouteCollection->loadRoutes()
 7 SYSTEMPATH\CodeIgniter.php(457): CodeIgniter\CodeIgniter->tryToRouteIt(null)
 8 SYSTEMPATH\CodeIgniter.php(355): CodeIgniter\CodeIgniter->handleRequest(null, Object(Config\Cache), false)
 9 SYSTEMPATH\Boot.php(325): CodeIgniter\CodeIgniter->run()
10 SYSTEMPATH\Boot.php(67): CodeIgniter\Boot::runCodeIgniter(Object(CodeIgniter\CodeIgniter))
11 FCPATH\index.php(63): CodeIgniter\Boot::bootWeb(Object(Config\Paths))
WARNING - 2025-06-07 14:21:27 --> [DEPRECATED] Passing lowercase HTTP method "get" is deprecated. Use uppercase HTTP method like "GET". in SYSTEMPATH\Router\RouteCollection.php on line 1027.
 1 SYSTEMPATH\Router\RouteCollection.php(1027): trigger_error('Passing lowercase HTTP method "get" is deprecated. Use uppercase HTTP method like "GET".', 16384)
 2 APPPATH\Config\Routes\UserRoutes.php(63): CodeIgniter\Router\RouteCollection->match([...], 'track-order', 'OrderController::track_order', [...])
 3 APPPATH\Config\Routes\UserRoutes.php(23): App\Config\Routes\UserRoutes::defineRoutes(Object(CodeIgniter\Router\RouteCollection))
 4 APPPATH\Config\Routes.php(21): App\Config\Routes\UserRoutes::init(Object(CodeIgniter\Router\RouteCollection))
 5 SYSTEMPATH\Router\RouteCollection.php(340): require('C:\\xampp\\htdocs\\smartstore\\app\\Config\\Routes.php')
 6 SYSTEMPATH\CodeIgniter.php(823): CodeIgniter\Router\RouteCollection->loadRoutes()
 7 SYSTEMPATH\CodeIgniter.php(457): CodeIgniter\CodeIgniter->tryToRouteIt(null)
 8 SYSTEMPATH\CodeIgniter.php(355): CodeIgniter\CodeIgniter->handleRequest(null, Object(Config\Cache), false)
 9 SYSTEMPATH\Boot.php(325): CodeIgniter\CodeIgniter->run()
10 SYSTEMPATH\Boot.php(67): CodeIgniter\Boot::runCodeIgniter(Object(CodeIgniter\CodeIgniter))
11 FCPATH\index.php(63): CodeIgniter\Boot::bootWeb(Object(Config\Paths))
WARNING - 2025-06-07 14:21:27 --> [DEPRECATED] Passing lowercase HTTP method "post" is deprecated. Use uppercase HTTP method like "POST". in SYSTEMPATH\Router\RouteCollection.php on line 1027.
 1 SYSTEMPATH\Router\RouteCollection.php(1027): trigger_error('Passing lowercase HTTP method "post" is deprecated. Use uppercase HTTP method like "POST".', 16384)
 2 APPPATH\Config\Routes\UserRoutes.php(63): CodeIgniter\Router\RouteCollection->match([...], 'track-order', 'OrderController::track_order', [...])
 3 APPPATH\Config\Routes\UserRoutes.php(23): App\Config\Routes\UserRoutes::defineRoutes(Object(CodeIgniter\Router\RouteCollection))
 4 APPPATH\Config\Routes.php(21): App\Config\Routes\UserRoutes::init(Object(CodeIgniter\Router\RouteCollection))
 5 SYSTEMPATH\Router\RouteCollection.php(340): require('C:\\xampp\\htdocs\\smartstore\\app\\Config\\Routes.php')
 6 SYSTEMPATH\CodeIgniter.php(823): CodeIgniter\Router\RouteCollection->loadRoutes()
 7 SYSTEMPATH\CodeIgniter.php(457): CodeIgniter\CodeIgniter->tryToRouteIt(null)
 8 SYSTEMPATH\CodeIgniter.php(355): CodeIgniter\CodeIgniter->handleRequest(null, Object(Config\Cache), false)
 9 SYSTEMPATH\Boot.php(325): CodeIgniter\CodeIgniter->run()
10 SYSTEMPATH\Boot.php(67): CodeIgniter\Boot::runCodeIgniter(Object(CodeIgniter\CodeIgniter))
11 FCPATH\index.php(63): CodeIgniter\Boot::bootWeb(Object(Config\Paths))
WARNING - 2025-06-07 14:21:27 --> [DEPRECATED] Passing lowercase HTTP method "get" is deprecated. Use uppercase HTTP method like "GET". in SYSTEMPATH\Router\RouteCollection.php on line 1027.
 1 SYSTEMPATH\Router\RouteCollection.php(1027): trigger_error('Passing lowercase HTTP method "get" is deprecated. Use uppercase HTTP method like "GET".', 16384)
 2 APPPATH\Config\Routes\UserRoutes.php(49): CodeIgniter\Router\RouteCollection->match([...], 'submit_review', 'ClientController::submit_review', [...])
 3 APPPATH\Config\Routes\UserRoutes.php(26): App\Config\Routes\UserRoutes::defineRoutes(Object(CodeIgniter\Router\RouteCollection))
 4 SYSTEMPATH\Router\RouteCollection.php(800): App\Config\Routes\UserRoutes::App\Config\Routes\{closure}(Object(CodeIgniter\Router\RouteCollection))
 5 APPPATH\Config\Routes\UserRoutes.php(25): CodeIgniter\Router\RouteCollection->group('{locale}', Object(Closure))
 6 APPPATH\Config\Routes.php(21): App\Config\Routes\UserRoutes::init(Object(CodeIgniter\Router\RouteCollection))
 7 SYSTEMPATH\Router\RouteCollection.php(340): require('C:\\xampp\\htdocs\\smartstore\\app\\Config\\Routes.php')
 8 SYSTEMPATH\CodeIgniter.php(823): CodeIgniter\Router\RouteCollection->loadRoutes()
 9 SYSTEMPATH\CodeIgniter.php(457): CodeIgniter\CodeIgniter->tryToRouteIt(null)
10 SYSTEMPATH\CodeIgniter.php(355): CodeIgniter\CodeIgniter->handleRequest(null, Object(Config\Cache), false)
11 SYSTEMPATH\Boot.php(325): CodeIgniter\CodeIgniter->run()
12 SYSTEMPATH\Boot.php(67): CodeIgniter\Boot::runCodeIgniter(Object(CodeIgniter\CodeIgniter))
13 FCPATH\index.php(63): CodeIgniter\Boot::bootWeb(Object(Config\Paths))
WARNING - 2025-06-07 14:21:27 --> [DEPRECATED] Passing lowercase HTTP method "post" is deprecated. Use uppercase HTTP method like "POST". in SYSTEMPATH\Router\RouteCollection.php on line 1027.
 1 SYSTEMPATH\Router\RouteCollection.php(1027): trigger_error('Passing lowercase HTTP method "post" is deprecated. Use uppercase HTTP method like "POST".', 16384)
 2 APPPATH\Config\Routes\UserRoutes.php(49): CodeIgniter\Router\RouteCollection->match([...], 'submit_review', 'ClientController::submit_review', [...])
 3 APPPATH\Config\Routes\UserRoutes.php(26): App\Config\Routes\UserRoutes::defineRoutes(Object(CodeIgniter\Router\RouteCollection))
 4 SYSTEMPATH\Router\RouteCollection.php(800): App\Config\Routes\UserRoutes::App\Config\Routes\{closure}(Object(CodeIgniter\Router\RouteCollection))
 5 APPPATH\Config\Routes\UserRoutes.php(25): CodeIgniter\Router\RouteCollection->group('{locale}', Object(Closure))
 6 APPPATH\Config\Routes.php(21): App\Config\Routes\UserRoutes::init(Object(CodeIgniter\Router\RouteCollection))
 7 SYSTEMPATH\Router\RouteCollection.php(340): require('C:\\xampp\\htdocs\\smartstore\\app\\Config\\Routes.php')
 8 SYSTEMPATH\CodeIgniter.php(823): CodeIgniter\Router\RouteCollection->loadRoutes()
 9 SYSTEMPATH\CodeIgniter.php(457): CodeIgniter\CodeIgniter->tryToRouteIt(null)
10 SYSTEMPATH\CodeIgniter.php(355): CodeIgniter\CodeIgniter->handleRequest(null, Object(Config\Cache), false)
11 SYSTEMPATH\Boot.php(325): CodeIgniter\CodeIgniter->run()
12 SYSTEMPATH\Boot.php(67): CodeIgniter\Boot::runCodeIgniter(Object(CodeIgniter\CodeIgniter))
13 FCPATH\index.php(63): CodeIgniter\Boot::bootWeb(Object(Config\Paths))
WARNING - 2025-06-07 14:21:27 --> [DEPRECATED] Passing lowercase HTTP method "get" is deprecated. Use uppercase HTTP method like "GET". in SYSTEMPATH\Router\RouteCollection.php on line 1027.
 1 SYSTEMPATH\Router\RouteCollection.php(1027): trigger_error('Passing lowercase HTTP method "get" is deprecated. Use uppercase HTTP method like "GET".', 16384)
 2 APPPATH\Config\Routes\UserRoutes.php(63): CodeIgniter\Router\RouteCollection->match([...], 'track-order', 'OrderController::track_order', [...])
 3 APPPATH\Config\Routes\UserRoutes.php(26): App\Config\Routes\UserRoutes::defineRoutes(Object(CodeIgniter\Router\RouteCollection))
 4 SYSTEMPATH\Router\RouteCollection.php(800): App\Config\Routes\UserRoutes::App\Config\Routes\{closure}(Object(CodeIgniter\Router\RouteCollection))
 5 APPPATH\Config\Routes\UserRoutes.php(25): CodeIgniter\Router\RouteCollection->group('{locale}', Object(Closure))
 6 APPPATH\Config\Routes.php(21): App\Config\Routes\UserRoutes::init(Object(CodeIgniter\Router\RouteCollection))
 7 SYSTEMPATH\Router\RouteCollection.php(340): require('C:\\xampp\\htdocs\\smartstore\\app\\Config\\Routes.php')
 8 SYSTEMPATH\CodeIgniter.php(823): CodeIgniter\Router\RouteCollection->loadRoutes()
 9 SYSTEMPATH\CodeIgniter.php(457): CodeIgniter\CodeIgniter->tryToRouteIt(null)
10 SYSTEMPATH\CodeIgniter.php(355): CodeIgniter\CodeIgniter->handleRequest(null, Object(Config\Cache), false)
11 SYSTEMPATH\Boot.php(325): CodeIgniter\CodeIgniter->run()
12 SYSTEMPATH\Boot.php(67): CodeIgniter\Boot::runCodeIgniter(Object(CodeIgniter\CodeIgniter))
13 FCPATH\index.php(63): CodeIgniter\Boot::bootWeb(Object(Config\Paths))
WARNING - 2025-06-07 14:21:27 --> [DEPRECATED] Passing lowercase HTTP method "post" is deprecated. Use uppercase HTTP method like "POST". in SYSTEMPATH\Router\RouteCollection.php on line 1027.
 1 SYSTEMPATH\Router\RouteCollection.php(1027): trigger_error('Passing lowercase HTTP method "post" is deprecated. Use uppercase HTTP method like "POST".', 16384)
 2 APPPATH\Config\Routes\UserRoutes.php(63): CodeIgniter\Router\RouteCollection->match([...], 'track-order', 'OrderController::track_order', [...])
 3 APPPATH\Config\Routes\UserRoutes.php(26): App\Config\Routes\UserRoutes::defineRoutes(Object(CodeIgniter\Router\RouteCollection))
 4 SYSTEMPATH\Router\RouteCollection.php(800): App\Config\Routes\UserRoutes::App\Config\Routes\{closure}(Object(CodeIgniter\Router\RouteCollection))
 5 APPPATH\Config\Routes\UserRoutes.php(25): CodeIgniter\Router\RouteCollection->group('{locale}', Object(Closure))
 6 APPPATH\Config\Routes.php(21): App\Config\Routes\UserRoutes::init(Object(CodeIgniter\Router\RouteCollection))
 7 SYSTEMPATH\Router\RouteCollection.php(340): require('C:\\xampp\\htdocs\\smartstore\\app\\Config\\Routes.php')
 8 SYSTEMPATH\CodeIgniter.php(823): CodeIgniter\Router\RouteCollection->loadRoutes()
 9 SYSTEMPATH\CodeIgniter.php(457): CodeIgniter\CodeIgniter->tryToRouteIt(null)
10 SYSTEMPATH\CodeIgniter.php(355): CodeIgniter\CodeIgniter->handleRequest(null, Object(Config\Cache), false)
11 SYSTEMPATH\Boot.php(325): CodeIgniter\CodeIgniter->run()
12 SYSTEMPATH\Boot.php(67): CodeIgniter\Boot::runCodeIgniter(Object(CodeIgniter\CodeIgniter))
13 FCPATH\index.php(63): CodeIgniter\Boot::bootWeb(Object(Config\Paths))
INFO - 2025-06-07 14:21:27 --> Session: Class initialized using 'CodeIgniter\Session\Handlers\FileHandler' driver.
WARNING - 2025-06-07 14:21:27 --> [DEPRECATED] Creation of dynamic property App\Controllers\Public\PageController::$load_files is deprecated in APPPATH\Controllers\Public\PageController.php on line 21.
 1 SYSTEMPATH\CodeIgniter.php(903): App\Controllers\Public\PageController->__construct()
 2 SYSTEMPATH\CodeIgniter.php(500): CodeIgniter\CodeIgniter->createController()
 3 SYSTEMPATH\CodeIgniter.php(355): CodeIgniter\CodeIgniter->handleRequest(null, Object(Config\Cache), false)
 4 SYSTEMPATH\Boot.php(325): CodeIgniter\CodeIgniter->run()
 5 SYSTEMPATH\Boot.php(67): CodeIgniter\Boot::runCodeIgniter(Object(CodeIgniter\CodeIgniter))
 6 FCPATH\index.php(63): CodeIgniter\Boot::bootWeb(Object(Config\Paths))
WARNING - 2025-06-07 14:21:27 --> [DEPRECATED] Creation of dynamic property App\Controllers\Public\PageController::$page_title is deprecated in APPPATH\Controllers\Public\PageController.php on line 22.
 1 SYSTEMPATH\CodeIgniter.php(903): App\Controllers\Public\PageController->__construct()
 2 SYSTEMPATH\CodeIgniter.php(500): CodeIgniter\CodeIgniter->createController()
 3 SYSTEMPATH\CodeIgniter.php(355): CodeIgniter\CodeIgniter->handleRequest(null, Object(Config\Cache), false)
 4 SYSTEMPATH\Boot.php(325): CodeIgniter\CodeIgniter->run()
 5 SYSTEMPATH\Boot.php(67): CodeIgniter\Boot::runCodeIgniter(Object(CodeIgniter\CodeIgniter))
 6 FCPATH\index.php(63): CodeIgniter\Boot::bootWeb(Object(Config\Paths))
WARNING - 2025-06-07 14:28:31 --> [DEPRECATED] Passing lowercase HTTP method "get" is deprecated. Use uppercase HTTP method like "GET". in SYSTEMPATH\Router\RouteCollection.php on line 1027.
 1 SYSTEMPATH\Router\RouteCollection.php(1027): trigger_error('Passing lowercase HTTP method "get" is deprecated. Use uppercase HTTP method like "GET".', 16384)
 2 APPPATH\Config\Routes\AdminRoutes.php(65): CodeIgniter\Router\RouteCollection->match([...], 'send_test_mail', 'SettingsController::send_test_mail')
 3 SYSTEMPATH\Router\RouteCollection.php(800): App\Config\Routes\AdminRoutes::App\Config\Routes\{closure}(Object(CodeIgniter\Router\RouteCollection))
 4 APPPATH\Config\Routes\AdminRoutes.php(63): CodeIgniter\Router\RouteCollection->group('settings', [...], Object(Closure))
 5 SYSTEMPATH\Router\RouteCollection.php(800): App\Config\Routes\AdminRoutes::App\Config\Routes\{closure}(Object(CodeIgniter\Router\RouteCollection))
 6 APPPATH\Config\Routes\AdminRoutes.php(28): CodeIgniter\Router\RouteCollection->group('admin', [...], Object(Closure))
 7 APPPATH\Config\Routes.php(20): App\Config\Routes\AdminRoutes::init(Object(CodeIgniter\Router\RouteCollection))
 8 SYSTEMPATH\Router\RouteCollection.php(340): require('C:\\xampp\\htdocs\\smartstore\\app\\Config\\Routes.php')
 9 SYSTEMPATH\CodeIgniter.php(823): CodeIgniter\Router\RouteCollection->loadRoutes()
10 SYSTEMPATH\CodeIgniter.php(457): CodeIgniter\CodeIgniter->tryToRouteIt(null)
11 SYSTEMPATH\CodeIgniter.php(355): CodeIgniter\CodeIgniter->handleRequest(null, Object(Config\Cache), false)
12 SYSTEMPATH\Boot.php(325): CodeIgniter\CodeIgniter->run()
13 SYSTEMPATH\Boot.php(67): CodeIgniter\Boot::runCodeIgniter(Object(CodeIgniter\CodeIgniter))
14 FCPATH\index.php(63): CodeIgniter\Boot::bootWeb(Object(Config\Paths))
WARNING - 2025-06-07 14:28:31 --> [DEPRECATED] Passing lowercase HTTP method "post" is deprecated. Use uppercase HTTP method like "POST". in SYSTEMPATH\Router\RouteCollection.php on line 1027.
 1 SYSTEMPATH\Router\RouteCollection.php(1027): trigger_error('Passing lowercase HTTP method "post" is deprecated. Use uppercase HTTP method like "POST".', 16384)
 2 APPPATH\Config\Routes\AdminRoutes.php(65): CodeIgniter\Router\RouteCollection->match([...], 'send_test_mail', 'SettingsController::send_test_mail')
 3 SYSTEMPATH\Router\RouteCollection.php(800): App\Config\Routes\AdminRoutes::App\Config\Routes\{closure}(Object(CodeIgniter\Router\RouteCollection))
 4 APPPATH\Config\Routes\AdminRoutes.php(63): CodeIgniter\Router\RouteCollection->group('settings', [...], Object(Closure))
 5 SYSTEMPATH\Router\RouteCollection.php(800): App\Config\Routes\AdminRoutes::App\Config\Routes\{closure}(Object(CodeIgniter\Router\RouteCollection))
 6 APPPATH\Config\Routes\AdminRoutes.php(28): CodeIgniter\Router\RouteCollection->group('admin', [...], Object(Closure))
 7 APPPATH\Config\Routes.php(20): App\Config\Routes\AdminRoutes::init(Object(CodeIgniter\Router\RouteCollection))
 8 SYSTEMPATH\Router\RouteCollection.php(340): require('C:\\xampp\\htdocs\\smartstore\\app\\Config\\Routes.php')
 9 SYSTEMPATH\CodeIgniter.php(823): CodeIgniter\Router\RouteCollection->loadRoutes()
10 SYSTEMPATH\CodeIgniter.php(457): CodeIgniter\CodeIgniter->tryToRouteIt(null)
11 SYSTEMPATH\CodeIgniter.php(355): CodeIgniter\CodeIgniter->handleRequest(null, Object(Config\Cache), false)
12 SYSTEMPATH\Boot.php(325): CodeIgniter\CodeIgniter->run()
13 SYSTEMPATH\Boot.php(67): CodeIgniter\Boot::runCodeIgniter(Object(CodeIgniter\CodeIgniter))
14 FCPATH\index.php(63): CodeIgniter\Boot::bootWeb(Object(Config\Paths))
WARNING - 2025-06-07 14:28:31 --> [DEPRECATED] Passing lowercase HTTP method "get" is deprecated. Use uppercase HTTP method like "GET". in SYSTEMPATH\Router\RouteCollection.php on line 1027.
 1 SYSTEMPATH\Router\RouteCollection.php(1027): trigger_error('Passing lowercase HTTP method "get" is deprecated. Use uppercase HTTP method like "GET".', 16384)
 2 APPPATH\Config\Routes\AdminRoutes.php(76): CodeIgniter\Router\RouteCollection->match([...], 'elfinder_connector', 'FilemanagerController::elfinder_connector')
 3 SYSTEMPATH\Router\RouteCollection.php(800): App\Config\Routes\AdminRoutes::App\Config\Routes\{closure}(Object(CodeIgniter\Router\RouteCollection))
 4 APPPATH\Config\Routes\AdminRoutes.php(73): CodeIgniter\Router\RouteCollection->group('filemanager', [...], Object(Closure))
 5 SYSTEMPATH\Router\RouteCollection.php(800): App\Config\Routes\AdminRoutes::App\Config\Routes\{closure}(Object(CodeIgniter\Router\RouteCollection))
 6 APPPATH\Config\Routes\AdminRoutes.php(28): CodeIgniter\Router\RouteCollection->group('admin', [...], Object(Closure))
 7 APPPATH\Config\Routes.php(20): App\Config\Routes\AdminRoutes::init(Object(CodeIgniter\Router\RouteCollection))
 8 SYSTEMPATH\Router\RouteCollection.php(340): require('C:\\xampp\\htdocs\\smartstore\\app\\Config\\Routes.php')
 9 SYSTEMPATH\CodeIgniter.php(823): CodeIgniter\Router\RouteCollection->loadRoutes()
10 SYSTEMPATH\CodeIgniter.php(457): CodeIgniter\CodeIgniter->tryToRouteIt(null)
11 SYSTEMPATH\CodeIgniter.php(355): CodeIgniter\CodeIgniter->handleRequest(null, Object(Config\Cache), false)
12 SYSTEMPATH\Boot.php(325): CodeIgniter\CodeIgniter->run()
13 SYSTEMPATH\Boot.php(67): CodeIgniter\Boot::runCodeIgniter(Object(CodeIgniter\CodeIgniter))
14 FCPATH\index.php(63): CodeIgniter\Boot::bootWeb(Object(Config\Paths))
WARNING - 2025-06-07 14:28:31 --> [DEPRECATED] Passing lowercase HTTP method "post" is deprecated. Use uppercase HTTP method like "POST". in SYSTEMPATH\Router\RouteCollection.php on line 1027.
 1 SYSTEMPATH\Router\RouteCollection.php(1027): trigger_error('Passing lowercase HTTP method "post" is deprecated. Use uppercase HTTP method like "POST".', 16384)
 2 APPPATH\Config\Routes\AdminRoutes.php(76): CodeIgniter\Router\RouteCollection->match([...], 'elfinder_connector', 'FilemanagerController::elfinder_connector')
 3 SYSTEMPATH\Router\RouteCollection.php(800): App\Config\Routes\AdminRoutes::App\Config\Routes\{closure}(Object(CodeIgniter\Router\RouteCollection))
 4 APPPATH\Config\Routes\AdminRoutes.php(73): CodeIgniter\Router\RouteCollection->group('filemanager', [...], Object(Closure))
 5 SYSTEMPATH\Router\RouteCollection.php(800): App\Config\Routes\AdminRoutes::App\Config\Routes\{closure}(Object(CodeIgniter\Router\RouteCollection))
 6 APPPATH\Config\Routes\AdminRoutes.php(28): CodeIgniter\Router\RouteCollection->group('admin', [...], Object(Closure))
 7 APPPATH\Config\Routes.php(20): App\Config\Routes\AdminRoutes::init(Object(CodeIgniter\Router\RouteCollection))
 8 SYSTEMPATH\Router\RouteCollection.php(340): require('C:\\xampp\\htdocs\\smartstore\\app\\Config\\Routes.php')
 9 SYSTEMPATH\CodeIgniter.php(823): CodeIgniter\Router\RouteCollection->loadRoutes()
10 SYSTEMPATH\CodeIgniter.php(457): CodeIgniter\CodeIgniter->tryToRouteIt(null)
11 SYSTEMPATH\CodeIgniter.php(355): CodeIgniter\CodeIgniter->handleRequest(null, Object(Config\Cache), false)
12 SYSTEMPATH\Boot.php(325): CodeIgniter\CodeIgniter->run()
13 SYSTEMPATH\Boot.php(67): CodeIgniter\Boot::runCodeIgniter(Object(CodeIgniter\CodeIgniter))
14 FCPATH\index.php(63): CodeIgniter\Boot::bootWeb(Object(Config\Paths))
WARNING - 2025-06-07 14:28:31 --> [DEPRECATED] Passing lowercase HTTP method "get" is deprecated. Use uppercase HTTP method like "GET". in SYSTEMPATH\Router\RouteCollection.php on line 1027.
 1 SYSTEMPATH\Router\RouteCollection.php(1027): trigger_error('Passing lowercase HTTP method "get" is deprecated. Use uppercase HTTP method like "GET".', 16384)
 2 APPPATH\Config\Routes\AdminRoutes.php(172): CodeIgniter\Router\RouteCollection->match([...], 'sync_services/?(:num)?', 'ProvidersController::sync_services/$1')
 3 SYSTEMPATH\Router\RouteCollection.php(800): App\Config\Routes\AdminRoutes::App\Config\Routes\{closure}(Object(CodeIgniter\Router\RouteCollection))
 4 APPPATH\Config\Routes\AdminRoutes.php(167): CodeIgniter\Router\RouteCollection->group('providers', [...], Object(Closure))
 5 SYSTEMPATH\Router\RouteCollection.php(800): App\Config\Routes\AdminRoutes::App\Config\Routes\{closure}(Object(CodeIgniter\Router\RouteCollection))
 6 APPPATH\Config\Routes\AdminRoutes.php(28): CodeIgniter\Router\RouteCollection->group('admin', [...], Object(Closure))
 7 APPPATH\Config\Routes.php(20): App\Config\Routes\AdminRoutes::init(Object(CodeIgniter\Router\RouteCollection))
 8 SYSTEMPATH\Router\RouteCollection.php(340): require('C:\\xampp\\htdocs\\smartstore\\app\\Config\\Routes.php')
 9 SYSTEMPATH\CodeIgniter.php(823): CodeIgniter\Router\RouteCollection->loadRoutes()
10 SYSTEMPATH\CodeIgniter.php(457): CodeIgniter\CodeIgniter->tryToRouteIt(null)
11 SYSTEMPATH\CodeIgniter.php(355): CodeIgniter\CodeIgniter->handleRequest(null, Object(Config\Cache), false)
12 SYSTEMPATH\Boot.php(325): CodeIgniter\CodeIgniter->run()
13 SYSTEMPATH\Boot.php(67): CodeIgniter\Boot::runCodeIgniter(Object(CodeIgniter\CodeIgniter))
14 FCPATH\index.php(63): CodeIgniter\Boot::bootWeb(Object(Config\Paths))
WARNING - 2025-06-07 14:28:31 --> [DEPRECATED] Passing lowercase HTTP method "post" is deprecated. Use uppercase HTTP method like "POST". in SYSTEMPATH\Router\RouteCollection.php on line 1027.
 1 SYSTEMPATH\Router\RouteCollection.php(1027): trigger_error('Passing lowercase HTTP method "post" is deprecated. Use uppercase HTTP method like "POST".', 16384)
 2 APPPATH\Config\Routes\AdminRoutes.php(172): CodeIgniter\Router\RouteCollection->match([...], 'sync_services/?(:num)?', 'ProvidersController::sync_services/$1')
 3 SYSTEMPATH\Router\RouteCollection.php(800): App\Config\Routes\AdminRoutes::App\Config\Routes\{closure}(Object(CodeIgniter\Router\RouteCollection))
 4 APPPATH\Config\Routes\AdminRoutes.php(167): CodeIgniter\Router\RouteCollection->group('providers', [...], Object(Closure))
 5 SYSTEMPATH\Router\RouteCollection.php(800): App\Config\Routes\AdminRoutes::App\Config\Routes\{closure}(Object(CodeIgniter\Router\RouteCollection))
 6 APPPATH\Config\Routes\AdminRoutes.php(28): CodeIgniter\Router\RouteCollection->group('admin', [...], Object(Closure))
 7 APPPATH\Config\Routes.php(20): App\Config\Routes\AdminRoutes::init(Object(CodeIgniter\Router\RouteCollection))
 8 SYSTEMPATH\Router\RouteCollection.php(340): require('C:\\xampp\\htdocs\\smartstore\\app\\Config\\Routes.php')
 9 SYSTEMPATH\CodeIgniter.php(823): CodeIgniter\Router\RouteCollection->loadRoutes()
10 SYSTEMPATH\CodeIgniter.php(457): CodeIgniter\CodeIgniter->tryToRouteIt(null)
11 SYSTEMPATH\CodeIgniter.php(355): CodeIgniter\CodeIgniter->handleRequest(null, Object(Config\Cache), false)
12 SYSTEMPATH\Boot.php(325): CodeIgniter\CodeIgniter->run()
13 SYSTEMPATH\Boot.php(67): CodeIgniter\Boot::runCodeIgniter(Object(CodeIgniter\CodeIgniter))
14 FCPATH\index.php(63): CodeIgniter\Boot::bootWeb(Object(Config\Paths))
WARNING - 2025-06-07 14:28:31 --> [DEPRECATED] Passing lowercase HTTP method "get" is deprecated. Use uppercase HTTP method like "GET". in SYSTEMPATH\Router\RouteCollection.php on line 1027.
 1 SYSTEMPATH\Router\RouteCollection.php(1027): trigger_error('Passing lowercase HTTP method "get" is deprecated. Use uppercase HTTP method like "GET".', 16384)
 2 APPPATH\Config\Routes\AdminRoutes.php(185): CodeIgniter\Router\RouteCollection->match([...], 'add_note/?(:num)?', 'UsersController::add_note/$1')
 3 SYSTEMPATH\Router\RouteCollection.php(800): App\Config\Routes\AdminRoutes::App\Config\Routes\{closure}(Object(CodeIgniter\Router\RouteCollection))
 4 APPPATH\Config\Routes\AdminRoutes.php(182): CodeIgniter\Router\RouteCollection->group('users', [...], Object(Closure))
 5 SYSTEMPATH\Router\RouteCollection.php(800): App\Config\Routes\AdminRoutes::App\Config\Routes\{closure}(Object(CodeIgniter\Router\RouteCollection))
 6 APPPATH\Config\Routes\AdminRoutes.php(28): CodeIgniter\Router\RouteCollection->group('admin', [...], Object(Closure))
 7 APPPATH\Config\Routes.php(20): App\Config\Routes\AdminRoutes::init(Object(CodeIgniter\Router\RouteCollection))
 8 SYSTEMPATH\Router\RouteCollection.php(340): require('C:\\xampp\\htdocs\\smartstore\\app\\Config\\Routes.php')
 9 SYSTEMPATH\CodeIgniter.php(823): CodeIgniter\Router\RouteCollection->loadRoutes()
10 SYSTEMPATH\CodeIgniter.php(457): CodeIgniter\CodeIgniter->tryToRouteIt(null)
11 SYSTEMPATH\CodeIgniter.php(355): CodeIgniter\CodeIgniter->handleRequest(null, Object(Config\Cache), false)
12 SYSTEMPATH\Boot.php(325): CodeIgniter\CodeIgniter->run()
13 SYSTEMPATH\Boot.php(67): CodeIgniter\Boot::runCodeIgniter(Object(CodeIgniter\CodeIgniter))
14 FCPATH\index.php(63): CodeIgniter\Boot::bootWeb(Object(Config\Paths))
WARNING - 2025-06-07 14:28:31 --> [DEPRECATED] Passing lowercase HTTP method "post" is deprecated. Use uppercase HTTP method like "POST". in SYSTEMPATH\Router\RouteCollection.php on line 1027.
 1 SYSTEMPATH\Router\RouteCollection.php(1027): trigger_error('Passing lowercase HTTP method "post" is deprecated. Use uppercase HTTP method like "POST".', 16384)
 2 APPPATH\Config\Routes\AdminRoutes.php(185): CodeIgniter\Router\RouteCollection->match([...], 'add_note/?(:num)?', 'UsersController::add_note/$1')
 3 SYSTEMPATH\Router\RouteCollection.php(800): App\Config\Routes\AdminRoutes::App\Config\Routes\{closure}(Object(CodeIgniter\Router\RouteCollection))
 4 APPPATH\Config\Routes\AdminRoutes.php(182): CodeIgniter\Router\RouteCollection->group('users', [...], Object(Closure))
 5 SYSTEMPATH\Router\RouteCollection.php(800): App\Config\Routes\AdminRoutes::App\Config\Routes\{closure}(Object(CodeIgniter\Router\RouteCollection))
 6 APPPATH\Config\Routes\AdminRoutes.php(28): CodeIgniter\Router\RouteCollection->group('admin', [...], Object(Closure))
 7 APPPATH\Config\Routes.php(20): App\Config\Routes\AdminRoutes::init(Object(CodeIgniter\Router\RouteCollection))
 8 SYSTEMPATH\Router\RouteCollection.php(340): require('C:\\xampp\\htdocs\\smartstore\\app\\Config\\Routes.php')
 9 SYSTEMPATH\CodeIgniter.php(823): CodeIgniter\Router\RouteCollection->loadRoutes()
10 SYSTEMPATH\CodeIgniter.php(457): CodeIgniter\CodeIgniter->tryToRouteIt(null)
11 SYSTEMPATH\CodeIgniter.php(355): CodeIgniter\CodeIgniter->handleRequest(null, Object(Config\Cache), false)
12 SYSTEMPATH\Boot.php(325): CodeIgniter\CodeIgniter->run()
13 SYSTEMPATH\Boot.php(67): CodeIgniter\Boot::runCodeIgniter(Object(CodeIgniter\CodeIgniter))
14 FCPATH\index.php(63): CodeIgniter\Boot::bootWeb(Object(Config\Paths))
WARNING - 2025-06-07 14:28:31 --> [DEPRECATED] Passing lowercase HTTP method "get" is deprecated. Use uppercase HTTP method like "GET". in SYSTEMPATH\Router\RouteCollection.php on line 1027.
 1 SYSTEMPATH\Router\RouteCollection.php(1027): trigger_error('Passing lowercase HTTP method "get" is deprecated. Use uppercase HTTP method like "GET".', 16384)
 2 APPPATH\Config\Routes\AdminRoutes.php(186): CodeIgniter\Router\RouteCollection->match([...], 'send_mail/?(:num)?', 'UsersController::send_mail/$1')
 3 SYSTEMPATH\Router\RouteCollection.php(800): App\Config\Routes\AdminRoutes::App\Config\Routes\{closure}(Object(CodeIgniter\Router\RouteCollection))
 4 APPPATH\Config\Routes\AdminRoutes.php(182): CodeIgniter\Router\RouteCollection->group('users', [...], Object(Closure))
 5 SYSTEMPATH\Router\RouteCollection.php(800): App\Config\Routes\AdminRoutes::App\Config\Routes\{closure}(Object(CodeIgniter\Router\RouteCollection))
 6 APPPATH\Config\Routes\AdminRoutes.php(28): CodeIgniter\Router\RouteCollection->group('admin', [...], Object(Closure))
 7 APPPATH\Config\Routes.php(20): App\Config\Routes\AdminRoutes::init(Object(CodeIgniter\Router\RouteCollection))
 8 SYSTEMPATH\Router\RouteCollection.php(340): require('C:\\xampp\\htdocs\\smartstore\\app\\Config\\Routes.php')
 9 SYSTEMPATH\CodeIgniter.php(823): CodeIgniter\Router\RouteCollection->loadRoutes()
10 SYSTEMPATH\CodeIgniter.php(457): CodeIgniter\CodeIgniter->tryToRouteIt(null)
11 SYSTEMPATH\CodeIgniter.php(355): CodeIgniter\CodeIgniter->handleRequest(null, Object(Config\Cache), false)
12 SYSTEMPATH\Boot.php(325): CodeIgniter\CodeIgniter->run()
13 SYSTEMPATH\Boot.php(67): CodeIgniter\Boot::runCodeIgniter(Object(CodeIgniter\CodeIgniter))
14 FCPATH\index.php(63): CodeIgniter\Boot::bootWeb(Object(Config\Paths))
WARNING - 2025-06-07 14:28:31 --> [DEPRECATED] Passing lowercase HTTP method "post" is deprecated. Use uppercase HTTP method like "POST". in SYSTEMPATH\Router\RouteCollection.php on line 1027.
 1 SYSTEMPATH\Router\RouteCollection.php(1027): trigger_error('Passing lowercase HTTP method "post" is deprecated. Use uppercase HTTP method like "POST".', 16384)
 2 APPPATH\Config\Routes\AdminRoutes.php(186): CodeIgniter\Router\RouteCollection->match([...], 'send_mail/?(:num)?', 'UsersController::send_mail/$1')
 3 SYSTEMPATH\Router\RouteCollection.php(800): App\Config\Routes\AdminRoutes::App\Config\Routes\{closure}(Object(CodeIgniter\Router\RouteCollection))
 4 APPPATH\Config\Routes\AdminRoutes.php(182): CodeIgniter\Router\RouteCollection->group('users', [...], Object(Closure))
 5 SYSTEMPATH\Router\RouteCollection.php(800): App\Config\Routes\AdminRoutes::App\Config\Routes\{closure}(Object(CodeIgniter\Router\RouteCollection))
 6 APPPATH\Config\Routes\AdminRoutes.php(28): CodeIgniter\Router\RouteCollection->group('admin', [...], Object(Closure))
 7 APPPATH\Config\Routes.php(20): App\Config\Routes\AdminRoutes::init(Object(CodeIgniter\Router\RouteCollection))
 8 SYSTEMPATH\Router\RouteCollection.php(340): require('C:\\xampp\\htdocs\\smartstore\\app\\Config\\Routes.php')
 9 SYSTEMPATH\CodeIgniter.php(823): CodeIgniter\Router\RouteCollection->loadRoutes()
10 SYSTEMPATH\CodeIgniter.php(457): CodeIgniter\CodeIgniter->tryToRouteIt(null)
11 SYSTEMPATH\CodeIgniter.php(355): CodeIgniter\CodeIgniter->handleRequest(null, Object(Config\Cache), false)
12 SYSTEMPATH\Boot.php(325): CodeIgniter\CodeIgniter->run()
13 SYSTEMPATH\Boot.php(67): CodeIgniter\Boot::runCodeIgniter(Object(CodeIgniter\CodeIgniter))
14 FCPATH\index.php(63): CodeIgniter\Boot::bootWeb(Object(Config\Paths))
WARNING - 2025-06-07 14:28:31 --> [DEPRECATED] Passing lowercase HTTP method "get" is deprecated. Use uppercase HTTP method like "GET". in SYSTEMPATH\Router\RouteCollection.php on line 1027.
 1 SYSTEMPATH\Router\RouteCollection.php(1027): trigger_error('Passing lowercase HTTP method "get" is deprecated. Use uppercase HTTP method like "GET".', 16384)
 2 APPPATH\Config\Routes\AdminRoutes.php(215): CodeIgniter\Router\RouteCollection->match([...], 'send_mail/?(:num)?', 'TicketsController::send_mail/$1')
 3 SYSTEMPATH\Router\RouteCollection.php(800): App\Config\Routes\AdminRoutes::App\Config\Routes\{closure}(Object(CodeIgniter\Router\RouteCollection))
 4 APPPATH\Config\Routes\AdminRoutes.php(212): CodeIgniter\Router\RouteCollection->group('tickets', [...], Object(Closure))
 5 SYSTEMPATH\Router\RouteCollection.php(800): App\Config\Routes\AdminRoutes::App\Config\Routes\{closure}(Object(CodeIgniter\Router\RouteCollection))
 6 APPPATH\Config\Routes\AdminRoutes.php(28): CodeIgniter\Router\RouteCollection->group('admin', [...], Object(Closure))
 7 APPPATH\Config\Routes.php(20): App\Config\Routes\AdminRoutes::init(Object(CodeIgniter\Router\RouteCollection))
 8 SYSTEMPATH\Router\RouteCollection.php(340): require('C:\\xampp\\htdocs\\smartstore\\app\\Config\\Routes.php')
 9 SYSTEMPATH\CodeIgniter.php(823): CodeIgniter\Router\RouteCollection->loadRoutes()
10 SYSTEMPATH\CodeIgniter.php(457): CodeIgniter\CodeIgniter->tryToRouteIt(null)
11 SYSTEMPATH\CodeIgniter.php(355): CodeIgniter\CodeIgniter->handleRequest(null, Object(Config\Cache), false)
12 SYSTEMPATH\Boot.php(325): CodeIgniter\CodeIgniter->run()
13 SYSTEMPATH\Boot.php(67): CodeIgniter\Boot::runCodeIgniter(Object(CodeIgniter\CodeIgniter))
14 FCPATH\index.php(63): CodeIgniter\Boot::bootWeb(Object(Config\Paths))
WARNING - 2025-06-07 14:28:31 --> [DEPRECATED] Passing lowercase HTTP method "post" is deprecated. Use uppercase HTTP method like "POST". in SYSTEMPATH\Router\RouteCollection.php on line 1027.
 1 SYSTEMPATH\Router\RouteCollection.php(1027): trigger_error('Passing lowercase HTTP method "post" is deprecated. Use uppercase HTTP method like "POST".', 16384)
 2 APPPATH\Config\Routes\AdminRoutes.php(215): CodeIgniter\Router\RouteCollection->match([...], 'send_mail/?(:num)?', 'TicketsController::send_mail/$1')
 3 SYSTEMPATH\Router\RouteCollection.php(800): App\Config\Routes\AdminRoutes::App\Config\Routes\{closure}(Object(CodeIgniter\Router\RouteCollection))
 4 APPPATH\Config\Routes\AdminRoutes.php(212): CodeIgniter\Router\RouteCollection->group('tickets', [...], Object(Closure))
 5 SYSTEMPATH\Router\RouteCollection.php(800): App\Config\Routes\AdminRoutes::App\Config\Routes\{closure}(Object(CodeIgniter\Router\RouteCollection))
 6 APPPATH\Config\Routes\AdminRoutes.php(28): CodeIgniter\Router\RouteCollection->group('admin', [...], Object(Closure))
 7 APPPATH\Config\Routes.php(20): App\Config\Routes\AdminRoutes::init(Object(CodeIgniter\Router\RouteCollection))
 8 SYSTEMPATH\Router\RouteCollection.php(340): require('C:\\xampp\\htdocs\\smartstore\\app\\Config\\Routes.php')
 9 SYSTEMPATH\CodeIgniter.php(823): CodeIgniter\Router\RouteCollection->loadRoutes()
10 SYSTEMPATH\CodeIgniter.php(457): CodeIgniter\CodeIgniter->tryToRouteIt(null)
11 SYSTEMPATH\CodeIgniter.php(355): CodeIgniter\CodeIgniter->handleRequest(null, Object(Config\Cache), false)
12 SYSTEMPATH\Boot.php(325): CodeIgniter\CodeIgniter->run()
13 SYSTEMPATH\Boot.php(67): CodeIgniter\Boot::runCodeIgniter(Object(CodeIgniter\CodeIgniter))
14 FCPATH\index.php(63): CodeIgniter\Boot::bootWeb(Object(Config\Paths))
WARNING - 2025-06-07 14:28:31 --> [DEPRECATED] Passing lowercase HTTP method "get" is deprecated. Use uppercase HTTP method like "GET". in SYSTEMPATH\Router\RouteCollection.php on line 1027.
 1 SYSTEMPATH\Router\RouteCollection.php(1027): trigger_error('Passing lowercase HTTP method "get" is deprecated. Use uppercase HTTP method like "GET".', 16384)
 2 APPPATH\Config\Routes\UserRoutes.php(49): CodeIgniter\Router\RouteCollection->match([...], 'submit_review', 'ClientController::submit_review', [...])
 3 APPPATH\Config\Routes\UserRoutes.php(23): App\Config\Routes\UserRoutes::defineRoutes(Object(CodeIgniter\Router\RouteCollection))
 4 APPPATH\Config\Routes.php(21): App\Config\Routes\UserRoutes::init(Object(CodeIgniter\Router\RouteCollection))
 5 SYSTEMPATH\Router\RouteCollection.php(340): require('C:\\xampp\\htdocs\\smartstore\\app\\Config\\Routes.php')
 6 SYSTEMPATH\CodeIgniter.php(823): CodeIgniter\Router\RouteCollection->loadRoutes()
 7 SYSTEMPATH\CodeIgniter.php(457): CodeIgniter\CodeIgniter->tryToRouteIt(null)
 8 SYSTEMPATH\CodeIgniter.php(355): CodeIgniter\CodeIgniter->handleRequest(null, Object(Config\Cache), false)
 9 SYSTEMPATH\Boot.php(325): CodeIgniter\CodeIgniter->run()
10 SYSTEMPATH\Boot.php(67): CodeIgniter\Boot::runCodeIgniter(Object(CodeIgniter\CodeIgniter))
11 FCPATH\index.php(63): CodeIgniter\Boot::bootWeb(Object(Config\Paths))
WARNING - 2025-06-07 14:28:31 --> [DEPRECATED] Passing lowercase HTTP method "post" is deprecated. Use uppercase HTTP method like "POST". in SYSTEMPATH\Router\RouteCollection.php on line 1027.
 1 SYSTEMPATH\Router\RouteCollection.php(1027): trigger_error('Passing lowercase HTTP method "post" is deprecated. Use uppercase HTTP method like "POST".', 16384)
 2 APPPATH\Config\Routes\UserRoutes.php(49): CodeIgniter\Router\RouteCollection->match([...], 'submit_review', 'ClientController::submit_review', [...])
 3 APPPATH\Config\Routes\UserRoutes.php(23): App\Config\Routes\UserRoutes::defineRoutes(Object(CodeIgniter\Router\RouteCollection))
 4 APPPATH\Config\Routes.php(21): App\Config\Routes\UserRoutes::init(Object(CodeIgniter\Router\RouteCollection))
 5 SYSTEMPATH\Router\RouteCollection.php(340): require('C:\\xampp\\htdocs\\smartstore\\app\\Config\\Routes.php')
 6 SYSTEMPATH\CodeIgniter.php(823): CodeIgniter\Router\RouteCollection->loadRoutes()
 7 SYSTEMPATH\CodeIgniter.php(457): CodeIgniter\CodeIgniter->tryToRouteIt(null)
 8 SYSTEMPATH\CodeIgniter.php(355): CodeIgniter\CodeIgniter->handleRequest(null, Object(Config\Cache), false)
 9 SYSTEMPATH\Boot.php(325): CodeIgniter\CodeIgniter->run()
10 SYSTEMPATH\Boot.php(67): CodeIgniter\Boot::runCodeIgniter(Object(CodeIgniter\CodeIgniter))
11 FCPATH\index.php(63): CodeIgniter\Boot::bootWeb(Object(Config\Paths))
WARNING - 2025-06-07 14:28:31 --> [DEPRECATED] Passing lowercase HTTP method "get" is deprecated. Use uppercase HTTP method like "GET". in SYSTEMPATH\Router\RouteCollection.php on line 1027.
 1 SYSTEMPATH\Router\RouteCollection.php(1027): trigger_error('Passing lowercase HTTP method "get" is deprecated. Use uppercase HTTP method like "GET".', 16384)
 2 APPPATH\Config\Routes\UserRoutes.php(63): CodeIgniter\Router\RouteCollection->match([...], 'track-order', 'OrderController::track_order', [...])
 3 APPPATH\Config\Routes\UserRoutes.php(23): App\Config\Routes\UserRoutes::defineRoutes(Object(CodeIgniter\Router\RouteCollection))
 4 APPPATH\Config\Routes.php(21): App\Config\Routes\UserRoutes::init(Object(CodeIgniter\Router\RouteCollection))
 5 SYSTEMPATH\Router\RouteCollection.php(340): require('C:\\xampp\\htdocs\\smartstore\\app\\Config\\Routes.php')
 6 SYSTEMPATH\CodeIgniter.php(823): CodeIgniter\Router\RouteCollection->loadRoutes()
 7 SYSTEMPATH\CodeIgniter.php(457): CodeIgniter\CodeIgniter->tryToRouteIt(null)
 8 SYSTEMPATH\CodeIgniter.php(355): CodeIgniter\CodeIgniter->handleRequest(null, Object(Config\Cache), false)
 9 SYSTEMPATH\Boot.php(325): CodeIgniter\CodeIgniter->run()
10 SYSTEMPATH\Boot.php(67): CodeIgniter\Boot::runCodeIgniter(Object(CodeIgniter\CodeIgniter))
11 FCPATH\index.php(63): CodeIgniter\Boot::bootWeb(Object(Config\Paths))
WARNING - 2025-06-07 14:28:31 --> [DEPRECATED] Passing lowercase HTTP method "post" is deprecated. Use uppercase HTTP method like "POST". in SYSTEMPATH\Router\RouteCollection.php on line 1027.
 1 SYSTEMPATH\Router\RouteCollection.php(1027): trigger_error('Passing lowercase HTTP method "post" is deprecated. Use uppercase HTTP method like "POST".', 16384)
 2 APPPATH\Config\Routes\UserRoutes.php(63): CodeIgniter\Router\RouteCollection->match([...], 'track-order', 'OrderController::track_order', [...])
 3 APPPATH\Config\Routes\UserRoutes.php(23): App\Config\Routes\UserRoutes::defineRoutes(Object(CodeIgniter\Router\RouteCollection))
 4 APPPATH\Config\Routes.php(21): App\Config\Routes\UserRoutes::init(Object(CodeIgniter\Router\RouteCollection))
 5 SYSTEMPATH\Router\RouteCollection.php(340): require('C:\\xampp\\htdocs\\smartstore\\app\\Config\\Routes.php')
 6 SYSTEMPATH\CodeIgniter.php(823): CodeIgniter\Router\RouteCollection->loadRoutes()
 7 SYSTEMPATH\CodeIgniter.php(457): CodeIgniter\CodeIgniter->tryToRouteIt(null)
 8 SYSTEMPATH\CodeIgniter.php(355): CodeIgniter\CodeIgniter->handleRequest(null, Object(Config\Cache), false)
 9 SYSTEMPATH\Boot.php(325): CodeIgniter\CodeIgniter->run()
10 SYSTEMPATH\Boot.php(67): CodeIgniter\Boot::runCodeIgniter(Object(CodeIgniter\CodeIgniter))
11 FCPATH\index.php(63): CodeIgniter\Boot::bootWeb(Object(Config\Paths))
WARNING - 2025-06-07 14:28:31 --> [DEPRECATED] Passing lowercase HTTP method "get" is deprecated. Use uppercase HTTP method like "GET". in SYSTEMPATH\Router\RouteCollection.php on line 1027.
 1 SYSTEMPATH\Router\RouteCollection.php(1027): trigger_error('Passing lowercase HTTP method "get" is deprecated. Use uppercase HTTP method like "GET".', 16384)
 2 APPPATH\Config\Routes\UserRoutes.php(49): CodeIgniter\Router\RouteCollection->match([...], 'submit_review', 'ClientController::submit_review', [...])
 3 APPPATH\Config\Routes\UserRoutes.php(26): App\Config\Routes\UserRoutes::defineRoutes(Object(CodeIgniter\Router\RouteCollection))
 4 SYSTEMPATH\Router\RouteCollection.php(800): App\Config\Routes\UserRoutes::App\Config\Routes\{closure}(Object(CodeIgniter\Router\RouteCollection))
 5 APPPATH\Config\Routes\UserRoutes.php(25): CodeIgniter\Router\RouteCollection->group('{locale}', Object(Closure))
 6 APPPATH\Config\Routes.php(21): App\Config\Routes\UserRoutes::init(Object(CodeIgniter\Router\RouteCollection))
 7 SYSTEMPATH\Router\RouteCollection.php(340): require('C:\\xampp\\htdocs\\smartstore\\app\\Config\\Routes.php')
 8 SYSTEMPATH\CodeIgniter.php(823): CodeIgniter\Router\RouteCollection->loadRoutes()
 9 SYSTEMPATH\CodeIgniter.php(457): CodeIgniter\CodeIgniter->tryToRouteIt(null)
10 SYSTEMPATH\CodeIgniter.php(355): CodeIgniter\CodeIgniter->handleRequest(null, Object(Config\Cache), false)
11 SYSTEMPATH\Boot.php(325): CodeIgniter\CodeIgniter->run()
12 SYSTEMPATH\Boot.php(67): CodeIgniter\Boot::runCodeIgniter(Object(CodeIgniter\CodeIgniter))
13 FCPATH\index.php(63): CodeIgniter\Boot::bootWeb(Object(Config\Paths))
WARNING - 2025-06-07 14:28:31 --> [DEPRECATED] Passing lowercase HTTP method "post" is deprecated. Use uppercase HTTP method like "POST". in SYSTEMPATH\Router\RouteCollection.php on line 1027.
 1 SYSTEMPATH\Router\RouteCollection.php(1027): trigger_error('Passing lowercase HTTP method "post" is deprecated. Use uppercase HTTP method like "POST".', 16384)
 2 APPPATH\Config\Routes\UserRoutes.php(49): CodeIgniter\Router\RouteCollection->match([...], 'submit_review', 'ClientController::submit_review', [...])
 3 APPPATH\Config\Routes\UserRoutes.php(26): App\Config\Routes\UserRoutes::defineRoutes(Object(CodeIgniter\Router\RouteCollection))
 4 SYSTEMPATH\Router\RouteCollection.php(800): App\Config\Routes\UserRoutes::App\Config\Routes\{closure}(Object(CodeIgniter\Router\RouteCollection))
 5 APPPATH\Config\Routes\UserRoutes.php(25): CodeIgniter\Router\RouteCollection->group('{locale}', Object(Closure))
 6 APPPATH\Config\Routes.php(21): App\Config\Routes\UserRoutes::init(Object(CodeIgniter\Router\RouteCollection))
 7 SYSTEMPATH\Router\RouteCollection.php(340): require('C:\\xampp\\htdocs\\smartstore\\app\\Config\\Routes.php')
 8 SYSTEMPATH\CodeIgniter.php(823): CodeIgniter\Router\RouteCollection->loadRoutes()
 9 SYSTEMPATH\CodeIgniter.php(457): CodeIgniter\CodeIgniter->tryToRouteIt(null)
10 SYSTEMPATH\CodeIgniter.php(355): CodeIgniter\CodeIgniter->handleRequest(null, Object(Config\Cache), false)
11 SYSTEMPATH\Boot.php(325): CodeIgniter\CodeIgniter->run()
12 SYSTEMPATH\Boot.php(67): CodeIgniter\Boot::runCodeIgniter(Object(CodeIgniter\CodeIgniter))
13 FCPATH\index.php(63): CodeIgniter\Boot::bootWeb(Object(Config\Paths))
WARNING - 2025-06-07 14:28:31 --> [DEPRECATED] Passing lowercase HTTP method "get" is deprecated. Use uppercase HTTP method like "GET". in SYSTEMPATH\Router\RouteCollection.php on line 1027.
 1 SYSTEMPATH\Router\RouteCollection.php(1027): trigger_error('Passing lowercase HTTP method "get" is deprecated. Use uppercase HTTP method like "GET".', 16384)
 2 APPPATH\Config\Routes\UserRoutes.php(63): CodeIgniter\Router\RouteCollection->match([...], 'track-order', 'OrderController::track_order', [...])
 3 APPPATH\Config\Routes\UserRoutes.php(26): App\Config\Routes\UserRoutes::defineRoutes(Object(CodeIgniter\Router\RouteCollection))
 4 SYSTEMPATH\Router\RouteCollection.php(800): App\Config\Routes\UserRoutes::App\Config\Routes\{closure}(Object(CodeIgniter\Router\RouteCollection))
 5 APPPATH\Config\Routes\UserRoutes.php(25): CodeIgniter\Router\RouteCollection->group('{locale}', Object(Closure))
 6 APPPATH\Config\Routes.php(21): App\Config\Routes\UserRoutes::init(Object(CodeIgniter\Router\RouteCollection))
 7 SYSTEMPATH\Router\RouteCollection.php(340): require('C:\\xampp\\htdocs\\smartstore\\app\\Config\\Routes.php')
 8 SYSTEMPATH\CodeIgniter.php(823): CodeIgniter\Router\RouteCollection->loadRoutes()
 9 SYSTEMPATH\CodeIgniter.php(457): CodeIgniter\CodeIgniter->tryToRouteIt(null)
10 SYSTEMPATH\CodeIgniter.php(355): CodeIgniter\CodeIgniter->handleRequest(null, Object(Config\Cache), false)
11 SYSTEMPATH\Boot.php(325): CodeIgniter\CodeIgniter->run()
12 SYSTEMPATH\Boot.php(67): CodeIgniter\Boot::runCodeIgniter(Object(CodeIgniter\CodeIgniter))
13 FCPATH\index.php(63): CodeIgniter\Boot::bootWeb(Object(Config\Paths))
WARNING - 2025-06-07 14:28:31 --> [DEPRECATED] Passing lowercase HTTP method "post" is deprecated. Use uppercase HTTP method like "POST". in SYSTEMPATH\Router\RouteCollection.php on line 1027.
 1 SYSTEMPATH\Router\RouteCollection.php(1027): trigger_error('Passing lowercase HTTP method "post" is deprecated. Use uppercase HTTP method like "POST".', 16384)
 2 APPPATH\Config\Routes\UserRoutes.php(63): CodeIgniter\Router\RouteCollection->match([...], 'track-order', 'OrderController::track_order', [...])
 3 APPPATH\Config\Routes\UserRoutes.php(26): App\Config\Routes\UserRoutes::defineRoutes(Object(CodeIgniter\Router\RouteCollection))
 4 SYSTEMPATH\Router\RouteCollection.php(800): App\Config\Routes\UserRoutes::App\Config\Routes\{closure}(Object(CodeIgniter\Router\RouteCollection))
 5 APPPATH\Config\Routes\UserRoutes.php(25): CodeIgniter\Router\RouteCollection->group('{locale}', Object(Closure))
 6 APPPATH\Config\Routes.php(21): App\Config\Routes\UserRoutes::init(Object(CodeIgniter\Router\RouteCollection))
 7 SYSTEMPATH\Router\RouteCollection.php(340): require('C:\\xampp\\htdocs\\smartstore\\app\\Config\\Routes.php')
 8 SYSTEMPATH\CodeIgniter.php(823): CodeIgniter\Router\RouteCollection->loadRoutes()
 9 SYSTEMPATH\CodeIgniter.php(457): CodeIgniter\CodeIgniter->tryToRouteIt(null)
10 SYSTEMPATH\CodeIgniter.php(355): CodeIgniter\CodeIgniter->handleRequest(null, Object(Config\Cache), false)
11 SYSTEMPATH\Boot.php(325): CodeIgniter\CodeIgniter->run()
12 SYSTEMPATH\Boot.php(67): CodeIgniter\Boot::runCodeIgniter(Object(CodeIgniter\CodeIgniter))
13 FCPATH\index.php(63): CodeIgniter\Boot::bootWeb(Object(Config\Paths))
INFO - 2025-06-07 14:28:31 --> Session: Class initialized using 'CodeIgniter\Session\Handlers\FileHandler' driver.
WARNING - 2025-06-07 14:28:31 --> [DEPRECATED] Creation of dynamic property App\Controllers\Public\PageController::$load_files is deprecated in APPPATH\Controllers\Public\PageController.php on line 21.
 1 SYSTEMPATH\CodeIgniter.php(903): App\Controllers\Public\PageController->__construct()
 2 SYSTEMPATH\CodeIgniter.php(500): CodeIgniter\CodeIgniter->createController()
 3 SYSTEMPATH\CodeIgniter.php(355): CodeIgniter\CodeIgniter->handleRequest(null, Object(Config\Cache), false)
 4 SYSTEMPATH\Boot.php(325): CodeIgniter\CodeIgniter->run()
 5 SYSTEMPATH\Boot.php(67): CodeIgniter\Boot::runCodeIgniter(Object(CodeIgniter\CodeIgniter))
 6 FCPATH\index.php(63): CodeIgniter\Boot::bootWeb(Object(Config\Paths))
WARNING - 2025-06-07 14:28:31 --> [DEPRECATED] Creation of dynamic property App\Controllers\Public\PageController::$page_title is deprecated in APPPATH\Controllers\Public\PageController.php on line 22.
 1 SYSTEMPATH\CodeIgniter.php(903): App\Controllers\Public\PageController->__construct()
 2 SYSTEMPATH\CodeIgniter.php(500): CodeIgniter\CodeIgniter->createController()
 3 SYSTEMPATH\CodeIgniter.php(355): CodeIgniter\CodeIgniter->handleRequest(null, Object(Config\Cache), false)
 4 SYSTEMPATH\Boot.php(325): CodeIgniter\CodeIgniter->run()
 5 SYSTEMPATH\Boot.php(67): CodeIgniter\Boot::runCodeIgniter(Object(CodeIgniter\CodeIgniter))
 6 FCPATH\index.php(63): CodeIgniter\Boot::bootWeb(Object(Config\Paths))
WARNING - 2025-06-07 14:29:21 --> [DEPRECATED] Passing lowercase HTTP method "get" is deprecated. Use uppercase HTTP method like "GET". in SYSTEMPATH\Router\RouteCollection.php on line 1027.
 1 SYSTEMPATH\Router\RouteCollection.php(1027): trigger_error('Passing lowercase HTTP method "get" is deprecated. Use uppercase HTTP method like "GET".', 16384)
 2 APPPATH\Config\Routes\AdminRoutes.php(65): CodeIgniter\Router\RouteCollection->match([...], 'send_test_mail', 'SettingsController::send_test_mail')
 3 SYSTEMPATH\Router\RouteCollection.php(800): App\Config\Routes\AdminRoutes::App\Config\Routes\{closure}(Object(CodeIgniter\Router\RouteCollection))
 4 APPPATH\Config\Routes\AdminRoutes.php(63): CodeIgniter\Router\RouteCollection->group('settings', [...], Object(Closure))
 5 SYSTEMPATH\Router\RouteCollection.php(800): App\Config\Routes\AdminRoutes::App\Config\Routes\{closure}(Object(CodeIgniter\Router\RouteCollection))
 6 APPPATH\Config\Routes\AdminRoutes.php(28): CodeIgniter\Router\RouteCollection->group('admin', [...], Object(Closure))
 7 APPPATH\Config\Routes.php(20): App\Config\Routes\AdminRoutes::init(Object(CodeIgniter\Router\RouteCollection))
 8 SYSTEMPATH\Router\RouteCollection.php(340): require('C:\\xampp\\htdocs\\smartstore\\app\\Config\\Routes.php')
 9 SYSTEMPATH\CodeIgniter.php(823): CodeIgniter\Router\RouteCollection->loadRoutes()
10 SYSTEMPATH\CodeIgniter.php(457): CodeIgniter\CodeIgniter->tryToRouteIt(null)
11 SYSTEMPATH\CodeIgniter.php(355): CodeIgniter\CodeIgniter->handleRequest(null, Object(Config\Cache), false)
12 SYSTEMPATH\Boot.php(325): CodeIgniter\CodeIgniter->run()
13 SYSTEMPATH\Boot.php(67): CodeIgniter\Boot::runCodeIgniter(Object(CodeIgniter\CodeIgniter))
14 FCPATH\index.php(63): CodeIgniter\Boot::bootWeb(Object(Config\Paths))
WARNING - 2025-06-07 14:29:21 --> [DEPRECATED] Passing lowercase HTTP method "post" is deprecated. Use uppercase HTTP method like "POST". in SYSTEMPATH\Router\RouteCollection.php on line 1027.
 1 SYSTEMPATH\Router\RouteCollection.php(1027): trigger_error('Passing lowercase HTTP method "post" is deprecated. Use uppercase HTTP method like "POST".', 16384)
 2 APPPATH\Config\Routes\AdminRoutes.php(65): CodeIgniter\Router\RouteCollection->match([...], 'send_test_mail', 'SettingsController::send_test_mail')
 3 SYSTEMPATH\Router\RouteCollection.php(800): App\Config\Routes\AdminRoutes::App\Config\Routes\{closure}(Object(CodeIgniter\Router\RouteCollection))
 4 APPPATH\Config\Routes\AdminRoutes.php(63): CodeIgniter\Router\RouteCollection->group('settings', [...], Object(Closure))
 5 SYSTEMPATH\Router\RouteCollection.php(800): App\Config\Routes\AdminRoutes::App\Config\Routes\{closure}(Object(CodeIgniter\Router\RouteCollection))
 6 APPPATH\Config\Routes\AdminRoutes.php(28): CodeIgniter\Router\RouteCollection->group('admin', [...], Object(Closure))
 7 APPPATH\Config\Routes.php(20): App\Config\Routes\AdminRoutes::init(Object(CodeIgniter\Router\RouteCollection))
 8 SYSTEMPATH\Router\RouteCollection.php(340): require('C:\\xampp\\htdocs\\smartstore\\app\\Config\\Routes.php')
 9 SYSTEMPATH\CodeIgniter.php(823): CodeIgniter\Router\RouteCollection->loadRoutes()
10 SYSTEMPATH\CodeIgniter.php(457): CodeIgniter\CodeIgniter->tryToRouteIt(null)
11 SYSTEMPATH\CodeIgniter.php(355): CodeIgniter\CodeIgniter->handleRequest(null, Object(Config\Cache), false)
12 SYSTEMPATH\Boot.php(325): CodeIgniter\CodeIgniter->run()
13 SYSTEMPATH\Boot.php(67): CodeIgniter\Boot::runCodeIgniter(Object(CodeIgniter\CodeIgniter))
14 FCPATH\index.php(63): CodeIgniter\Boot::bootWeb(Object(Config\Paths))
WARNING - 2025-06-07 14:29:21 --> [DEPRECATED] Passing lowercase HTTP method "get" is deprecated. Use uppercase HTTP method like "GET". in SYSTEMPATH\Router\RouteCollection.php on line 1027.
 1 SYSTEMPATH\Router\RouteCollection.php(1027): trigger_error('Passing lowercase HTTP method "get" is deprecated. Use uppercase HTTP method like "GET".', 16384)
 2 APPPATH\Config\Routes\AdminRoutes.php(76): CodeIgniter\Router\RouteCollection->match([...], 'elfinder_connector', 'FilemanagerController::elfinder_connector')
 3 SYSTEMPATH\Router\RouteCollection.php(800): App\Config\Routes\AdminRoutes::App\Config\Routes\{closure}(Object(CodeIgniter\Router\RouteCollection))
 4 APPPATH\Config\Routes\AdminRoutes.php(73): CodeIgniter\Router\RouteCollection->group('filemanager', [...], Object(Closure))
 5 SYSTEMPATH\Router\RouteCollection.php(800): App\Config\Routes\AdminRoutes::App\Config\Routes\{closure}(Object(CodeIgniter\Router\RouteCollection))
 6 APPPATH\Config\Routes\AdminRoutes.php(28): CodeIgniter\Router\RouteCollection->group('admin', [...], Object(Closure))
 7 APPPATH\Config\Routes.php(20): App\Config\Routes\AdminRoutes::init(Object(CodeIgniter\Router\RouteCollection))
 8 SYSTEMPATH\Router\RouteCollection.php(340): require('C:\\xampp\\htdocs\\smartstore\\app\\Config\\Routes.php')
 9 SYSTEMPATH\CodeIgniter.php(823): CodeIgniter\Router\RouteCollection->loadRoutes()
10 SYSTEMPATH\CodeIgniter.php(457): CodeIgniter\CodeIgniter->tryToRouteIt(null)
11 SYSTEMPATH\CodeIgniter.php(355): CodeIgniter\CodeIgniter->handleRequest(null, Object(Config\Cache), false)
12 SYSTEMPATH\Boot.php(325): CodeIgniter\CodeIgniter->run()
13 SYSTEMPATH\Boot.php(67): CodeIgniter\Boot::runCodeIgniter(Object(CodeIgniter\CodeIgniter))
14 FCPATH\index.php(63): CodeIgniter\Boot::bootWeb(Object(Config\Paths))
WARNING - 2025-06-07 14:29:21 --> [DEPRECATED] Passing lowercase HTTP method "post" is deprecated. Use uppercase HTTP method like "POST". in SYSTEMPATH\Router\RouteCollection.php on line 1027.
 1 SYSTEMPATH\Router\RouteCollection.php(1027): trigger_error('Passing lowercase HTTP method "post" is deprecated. Use uppercase HTTP method like "POST".', 16384)
 2 APPPATH\Config\Routes\AdminRoutes.php(76): CodeIgniter\Router\RouteCollection->match([...], 'elfinder_connector', 'FilemanagerController::elfinder_connector')
 3 SYSTEMPATH\Router\RouteCollection.php(800): App\Config\Routes\AdminRoutes::App\Config\Routes\{closure}(Object(CodeIgniter\Router\RouteCollection))
 4 APPPATH\Config\Routes\AdminRoutes.php(73): CodeIgniter\Router\RouteCollection->group('filemanager', [...], Object(Closure))
 5 SYSTEMPATH\Router\RouteCollection.php(800): App\Config\Routes\AdminRoutes::App\Config\Routes\{closure}(Object(CodeIgniter\Router\RouteCollection))
 6 APPPATH\Config\Routes\AdminRoutes.php(28): CodeIgniter\Router\RouteCollection->group('admin', [...], Object(Closure))
 7 APPPATH\Config\Routes.php(20): App\Config\Routes\AdminRoutes::init(Object(CodeIgniter\Router\RouteCollection))
 8 SYSTEMPATH\Router\RouteCollection.php(340): require('C:\\xampp\\htdocs\\smartstore\\app\\Config\\Routes.php')
 9 SYSTEMPATH\CodeIgniter.php(823): CodeIgniter\Router\RouteCollection->loadRoutes()
10 SYSTEMPATH\CodeIgniter.php(457): CodeIgniter\CodeIgniter->tryToRouteIt(null)
11 SYSTEMPATH\CodeIgniter.php(355): CodeIgniter\CodeIgniter->handleRequest(null, Object(Config\Cache), false)
12 SYSTEMPATH\Boot.php(325): CodeIgniter\CodeIgniter->run()
13 SYSTEMPATH\Boot.php(67): CodeIgniter\Boot::runCodeIgniter(Object(CodeIgniter\CodeIgniter))
14 FCPATH\index.php(63): CodeIgniter\Boot::bootWeb(Object(Config\Paths))
WARNING - 2025-06-07 14:29:21 --> [DEPRECATED] Passing lowercase HTTP method "get" is deprecated. Use uppercase HTTP method like "GET". in SYSTEMPATH\Router\RouteCollection.php on line 1027.
 1 SYSTEMPATH\Router\RouteCollection.php(1027): trigger_error('Passing lowercase HTTP method "get" is deprecated. Use uppercase HTTP method like "GET".', 16384)
 2 APPPATH\Config\Routes\AdminRoutes.php(172): CodeIgniter\Router\RouteCollection->match([...], 'sync_services/?(:num)?', 'ProvidersController::sync_services/$1')
 3 SYSTEMPATH\Router\RouteCollection.php(800): App\Config\Routes\AdminRoutes::App\Config\Routes\{closure}(Object(CodeIgniter\Router\RouteCollection))
 4 APPPATH\Config\Routes\AdminRoutes.php(167): CodeIgniter\Router\RouteCollection->group('providers', [...], Object(Closure))
 5 SYSTEMPATH\Router\RouteCollection.php(800): App\Config\Routes\AdminRoutes::App\Config\Routes\{closure}(Object(CodeIgniter\Router\RouteCollection))
 6 APPPATH\Config\Routes\AdminRoutes.php(28): CodeIgniter\Router\RouteCollection->group('admin', [...], Object(Closure))
 7 APPPATH\Config\Routes.php(20): App\Config\Routes\AdminRoutes::init(Object(CodeIgniter\Router\RouteCollection))
 8 SYSTEMPATH\Router\RouteCollection.php(340): require('C:\\xampp\\htdocs\\smartstore\\app\\Config\\Routes.php')
 9 SYSTEMPATH\CodeIgniter.php(823): CodeIgniter\Router\RouteCollection->loadRoutes()
10 SYSTEMPATH\CodeIgniter.php(457): CodeIgniter\CodeIgniter->tryToRouteIt(null)
11 SYSTEMPATH\CodeIgniter.php(355): CodeIgniter\CodeIgniter->handleRequest(null, Object(Config\Cache), false)
12 SYSTEMPATH\Boot.php(325): CodeIgniter\CodeIgniter->run()
13 SYSTEMPATH\Boot.php(67): CodeIgniter\Boot::runCodeIgniter(Object(CodeIgniter\CodeIgniter))
14 FCPATH\index.php(63): CodeIgniter\Boot::bootWeb(Object(Config\Paths))
WARNING - 2025-06-07 14:29:21 --> [DEPRECATED] Passing lowercase HTTP method "post" is deprecated. Use uppercase HTTP method like "POST". in SYSTEMPATH\Router\RouteCollection.php on line 1027.
 1 SYSTEMPATH\Router\RouteCollection.php(1027): trigger_error('Passing lowercase HTTP method "post" is deprecated. Use uppercase HTTP method like "POST".', 16384)
 2 APPPATH\Config\Routes\AdminRoutes.php(172): CodeIgniter\Router\RouteCollection->match([...], 'sync_services/?(:num)?', 'ProvidersController::sync_services/$1')
 3 SYSTEMPATH\Router\RouteCollection.php(800): App\Config\Routes\AdminRoutes::App\Config\Routes\{closure}(Object(CodeIgniter\Router\RouteCollection))
 4 APPPATH\Config\Routes\AdminRoutes.php(167): CodeIgniter\Router\RouteCollection->group('providers', [...], Object(Closure))
 5 SYSTEMPATH\Router\RouteCollection.php(800): App\Config\Routes\AdminRoutes::App\Config\Routes\{closure}(Object(CodeIgniter\Router\RouteCollection))
 6 APPPATH\Config\Routes\AdminRoutes.php(28): CodeIgniter\Router\RouteCollection->group('admin', [...], Object(Closure))
 7 APPPATH\Config\Routes.php(20): App\Config\Routes\AdminRoutes::init(Object(CodeIgniter\Router\RouteCollection))
 8 SYSTEMPATH\Router\RouteCollection.php(340): require('C:\\xampp\\htdocs\\smartstore\\app\\Config\\Routes.php')
 9 SYSTEMPATH\CodeIgniter.php(823): CodeIgniter\Router\RouteCollection->loadRoutes()
10 SYSTEMPATH\CodeIgniter.php(457): CodeIgniter\CodeIgniter->tryToRouteIt(null)
11 SYSTEMPATH\CodeIgniter.php(355): CodeIgniter\CodeIgniter->handleRequest(null, Object(Config\Cache), false)
12 SYSTEMPATH\Boot.php(325): CodeIgniter\CodeIgniter->run()
13 SYSTEMPATH\Boot.php(67): CodeIgniter\Boot::runCodeIgniter(Object(CodeIgniter\CodeIgniter))
14 FCPATH\index.php(63): CodeIgniter\Boot::bootWeb(Object(Config\Paths))
WARNING - 2025-06-07 14:29:21 --> [DEPRECATED] Passing lowercase HTTP method "get" is deprecated. Use uppercase HTTP method like "GET". in SYSTEMPATH\Router\RouteCollection.php on line 1027.
 1 SYSTEMPATH\Router\RouteCollection.php(1027): trigger_error('Passing lowercase HTTP method "get" is deprecated. Use uppercase HTTP method like "GET".', 16384)
 2 APPPATH\Config\Routes\AdminRoutes.php(185): CodeIgniter\Router\RouteCollection->match([...], 'add_note/?(:num)?', 'UsersController::add_note/$1')
 3 SYSTEMPATH\Router\RouteCollection.php(800): App\Config\Routes\AdminRoutes::App\Config\Routes\{closure}(Object(CodeIgniter\Router\RouteCollection))
 4 APPPATH\Config\Routes\AdminRoutes.php(182): CodeIgniter\Router\RouteCollection->group('users', [...], Object(Closure))
 5 SYSTEMPATH\Router\RouteCollection.php(800): App\Config\Routes\AdminRoutes::App\Config\Routes\{closure}(Object(CodeIgniter\Router\RouteCollection))
 6 APPPATH\Config\Routes\AdminRoutes.php(28): CodeIgniter\Router\RouteCollection->group('admin', [...], Object(Closure))
 7 APPPATH\Config\Routes.php(20): App\Config\Routes\AdminRoutes::init(Object(CodeIgniter\Router\RouteCollection))
 8 SYSTEMPATH\Router\RouteCollection.php(340): require('C:\\xampp\\htdocs\\smartstore\\app\\Config\\Routes.php')
 9 SYSTEMPATH\CodeIgniter.php(823): CodeIgniter\Router\RouteCollection->loadRoutes()
10 SYSTEMPATH\CodeIgniter.php(457): CodeIgniter\CodeIgniter->tryToRouteIt(null)
11 SYSTEMPATH\CodeIgniter.php(355): CodeIgniter\CodeIgniter->handleRequest(null, Object(Config\Cache), false)
12 SYSTEMPATH\Boot.php(325): CodeIgniter\CodeIgniter->run()
13 SYSTEMPATH\Boot.php(67): CodeIgniter\Boot::runCodeIgniter(Object(CodeIgniter\CodeIgniter))
14 FCPATH\index.php(63): CodeIgniter\Boot::bootWeb(Object(Config\Paths))
WARNING - 2025-06-07 14:29:21 --> [DEPRECATED] Passing lowercase HTTP method "post" is deprecated. Use uppercase HTTP method like "POST". in SYSTEMPATH\Router\RouteCollection.php on line 1027.
 1 SYSTEMPATH\Router\RouteCollection.php(1027): trigger_error('Passing lowercase HTTP method "post" is deprecated. Use uppercase HTTP method like "POST".', 16384)
 2 APPPATH\Config\Routes\AdminRoutes.php(185): CodeIgniter\Router\RouteCollection->match([...], 'add_note/?(:num)?', 'UsersController::add_note/$1')
 3 SYSTEMPATH\Router\RouteCollection.php(800): App\Config\Routes\AdminRoutes::App\Config\Routes\{closure}(Object(CodeIgniter\Router\RouteCollection))
 4 APPPATH\Config\Routes\AdminRoutes.php(182): CodeIgniter\Router\RouteCollection->group('users', [...], Object(Closure))
 5 SYSTEMPATH\Router\RouteCollection.php(800): App\Config\Routes\AdminRoutes::App\Config\Routes\{closure}(Object(CodeIgniter\Router\RouteCollection))
 6 APPPATH\Config\Routes\AdminRoutes.php(28): CodeIgniter\Router\RouteCollection->group('admin', [...], Object(Closure))
 7 APPPATH\Config\Routes.php(20): App\Config\Routes\AdminRoutes::init(Object(CodeIgniter\Router\RouteCollection))
 8 SYSTEMPATH\Router\RouteCollection.php(340): require('C:\\xampp\\htdocs\\smartstore\\app\\Config\\Routes.php')
 9 SYSTEMPATH\CodeIgniter.php(823): CodeIgniter\Router\RouteCollection->loadRoutes()
10 SYSTEMPATH\CodeIgniter.php(457): CodeIgniter\CodeIgniter->tryToRouteIt(null)
11 SYSTEMPATH\CodeIgniter.php(355): CodeIgniter\CodeIgniter->handleRequest(null, Object(Config\Cache), false)
12 SYSTEMPATH\Boot.php(325): CodeIgniter\CodeIgniter->run()
13 SYSTEMPATH\Boot.php(67): CodeIgniter\Boot::runCodeIgniter(Object(CodeIgniter\CodeIgniter))
14 FCPATH\index.php(63): CodeIgniter\Boot::bootWeb(Object(Config\Paths))
WARNING - 2025-06-07 14:29:21 --> [DEPRECATED] Passing lowercase HTTP method "get" is deprecated. Use uppercase HTTP method like "GET". in SYSTEMPATH\Router\RouteCollection.php on line 1027.
 1 SYSTEMPATH\Router\RouteCollection.php(1027): trigger_error('Passing lowercase HTTP method "get" is deprecated. Use uppercase HTTP method like "GET".', 16384)
 2 APPPATH\Config\Routes\AdminRoutes.php(186): CodeIgniter\Router\RouteCollection->match([...], 'send_mail/?(:num)?', 'UsersController::send_mail/$1')
 3 SYSTEMPATH\Router\RouteCollection.php(800): App\Config\Routes\AdminRoutes::App\Config\Routes\{closure}(Object(CodeIgniter\Router\RouteCollection))
 4 APPPATH\Config\Routes\AdminRoutes.php(182): CodeIgniter\Router\RouteCollection->group('users', [...], Object(Closure))
 5 SYSTEMPATH\Router\RouteCollection.php(800): App\Config\Routes\AdminRoutes::App\Config\Routes\{closure}(Object(CodeIgniter\Router\RouteCollection))
 6 APPPATH\Config\Routes\AdminRoutes.php(28): CodeIgniter\Router\RouteCollection->group('admin', [...], Object(Closure))
 7 APPPATH\Config\Routes.php(20): App\Config\Routes\AdminRoutes::init(Object(CodeIgniter\Router\RouteCollection))
 8 SYSTEMPATH\Router\RouteCollection.php(340): require('C:\\xampp\\htdocs\\smartstore\\app\\Config\\Routes.php')
 9 SYSTEMPATH\CodeIgniter.php(823): CodeIgniter\Router\RouteCollection->loadRoutes()
10 SYSTEMPATH\CodeIgniter.php(457): CodeIgniter\CodeIgniter->tryToRouteIt(null)
11 SYSTEMPATH\CodeIgniter.php(355): CodeIgniter\CodeIgniter->handleRequest(null, Object(Config\Cache), false)
12 SYSTEMPATH\Boot.php(325): CodeIgniter\CodeIgniter->run()
13 SYSTEMPATH\Boot.php(67): CodeIgniter\Boot::runCodeIgniter(Object(CodeIgniter\CodeIgniter))
14 FCPATH\index.php(63): CodeIgniter\Boot::bootWeb(Object(Config\Paths))
WARNING - 2025-06-07 14:29:21 --> [DEPRECATED] Passing lowercase HTTP method "post" is deprecated. Use uppercase HTTP method like "POST". in SYSTEMPATH\Router\RouteCollection.php on line 1027.
 1 SYSTEMPATH\Router\RouteCollection.php(1027): trigger_error('Passing lowercase HTTP method "post" is deprecated. Use uppercase HTTP method like "POST".', 16384)
 2 APPPATH\Config\Routes\AdminRoutes.php(186): CodeIgniter\Router\RouteCollection->match([...], 'send_mail/?(:num)?', 'UsersController::send_mail/$1')
 3 SYSTEMPATH\Router\RouteCollection.php(800): App\Config\Routes\AdminRoutes::App\Config\Routes\{closure}(Object(CodeIgniter\Router\RouteCollection))
 4 APPPATH\Config\Routes\AdminRoutes.php(182): CodeIgniter\Router\RouteCollection->group('users', [...], Object(Closure))
 5 SYSTEMPATH\Router\RouteCollection.php(800): App\Config\Routes\AdminRoutes::App\Config\Routes\{closure}(Object(CodeIgniter\Router\RouteCollection))
 6 APPPATH\Config\Routes\AdminRoutes.php(28): CodeIgniter\Router\RouteCollection->group('admin', [...], Object(Closure))
 7 APPPATH\Config\Routes.php(20): App\Config\Routes\AdminRoutes::init(Object(CodeIgniter\Router\RouteCollection))
 8 SYSTEMPATH\Router\RouteCollection.php(340): require('C:\\xampp\\htdocs\\smartstore\\app\\Config\\Routes.php')
 9 SYSTEMPATH\CodeIgniter.php(823): CodeIgniter\Router\RouteCollection->loadRoutes()
10 SYSTEMPATH\CodeIgniter.php(457): CodeIgniter\CodeIgniter->tryToRouteIt(null)
11 SYSTEMPATH\CodeIgniter.php(355): CodeIgniter\CodeIgniter->handleRequest(null, Object(Config\Cache), false)
12 SYSTEMPATH\Boot.php(325): CodeIgniter\CodeIgniter->run()
13 SYSTEMPATH\Boot.php(67): CodeIgniter\Boot::runCodeIgniter(Object(CodeIgniter\CodeIgniter))
14 FCPATH\index.php(63): CodeIgniter\Boot::bootWeb(Object(Config\Paths))
WARNING - 2025-06-07 14:29:21 --> [DEPRECATED] Passing lowercase HTTP method "get" is deprecated. Use uppercase HTTP method like "GET". in SYSTEMPATH\Router\RouteCollection.php on line 1027.
 1 SYSTEMPATH\Router\RouteCollection.php(1027): trigger_error('Passing lowercase HTTP method "get" is deprecated. Use uppercase HTTP method like "GET".', 16384)
 2 APPPATH\Config\Routes\AdminRoutes.php(215): CodeIgniter\Router\RouteCollection->match([...], 'send_mail/?(:num)?', 'TicketsController::send_mail/$1')
 3 SYSTEMPATH\Router\RouteCollection.php(800): App\Config\Routes\AdminRoutes::App\Config\Routes\{closure}(Object(CodeIgniter\Router\RouteCollection))
 4 APPPATH\Config\Routes\AdminRoutes.php(212): CodeIgniter\Router\RouteCollection->group('tickets', [...], Object(Closure))
 5 SYSTEMPATH\Router\RouteCollection.php(800): App\Config\Routes\AdminRoutes::App\Config\Routes\{closure}(Object(CodeIgniter\Router\RouteCollection))
 6 APPPATH\Config\Routes\AdminRoutes.php(28): CodeIgniter\Router\RouteCollection->group('admin', [...], Object(Closure))
 7 APPPATH\Config\Routes.php(20): App\Config\Routes\AdminRoutes::init(Object(CodeIgniter\Router\RouteCollection))
 8 SYSTEMPATH\Router\RouteCollection.php(340): require('C:\\xampp\\htdocs\\smartstore\\app\\Config\\Routes.php')
 9 SYSTEMPATH\CodeIgniter.php(823): CodeIgniter\Router\RouteCollection->loadRoutes()
10 SYSTEMPATH\CodeIgniter.php(457): CodeIgniter\CodeIgniter->tryToRouteIt(null)
11 SYSTEMPATH\CodeIgniter.php(355): CodeIgniter\CodeIgniter->handleRequest(null, Object(Config\Cache), false)
12 SYSTEMPATH\Boot.php(325): CodeIgniter\CodeIgniter->run()
13 SYSTEMPATH\Boot.php(67): CodeIgniter\Boot::runCodeIgniter(Object(CodeIgniter\CodeIgniter))
14 FCPATH\index.php(63): CodeIgniter\Boot::bootWeb(Object(Config\Paths))
WARNING - 2025-06-07 14:29:21 --> [DEPRECATED] Passing lowercase HTTP method "post" is deprecated. Use uppercase HTTP method like "POST". in SYSTEMPATH\Router\RouteCollection.php on line 1027.
 1 SYSTEMPATH\Router\RouteCollection.php(1027): trigger_error('Passing lowercase HTTP method "post" is deprecated. Use uppercase HTTP method like "POST".', 16384)
 2 APPPATH\Config\Routes\AdminRoutes.php(215): CodeIgniter\Router\RouteCollection->match([...], 'send_mail/?(:num)?', 'TicketsController::send_mail/$1')
 3 SYSTEMPATH\Router\RouteCollection.php(800): App\Config\Routes\AdminRoutes::App\Config\Routes\{closure}(Object(CodeIgniter\Router\RouteCollection))
 4 APPPATH\Config\Routes\AdminRoutes.php(212): CodeIgniter\Router\RouteCollection->group('tickets', [...], Object(Closure))
 5 SYSTEMPATH\Router\RouteCollection.php(800): App\Config\Routes\AdminRoutes::App\Config\Routes\{closure}(Object(CodeIgniter\Router\RouteCollection))
 6 APPPATH\Config\Routes\AdminRoutes.php(28): CodeIgniter\Router\RouteCollection->group('admin', [...], Object(Closure))
 7 APPPATH\Config\Routes.php(20): App\Config\Routes\AdminRoutes::init(Object(CodeIgniter\Router\RouteCollection))
 8 SYSTEMPATH\Router\RouteCollection.php(340): require('C:\\xampp\\htdocs\\smartstore\\app\\Config\\Routes.php')
 9 SYSTEMPATH\CodeIgniter.php(823): CodeIgniter\Router\RouteCollection->loadRoutes()
10 SYSTEMPATH\CodeIgniter.php(457): CodeIgniter\CodeIgniter->tryToRouteIt(null)
11 SYSTEMPATH\CodeIgniter.php(355): CodeIgniter\CodeIgniter->handleRequest(null, Object(Config\Cache), false)
12 SYSTEMPATH\Boot.php(325): CodeIgniter\CodeIgniter->run()
13 SYSTEMPATH\Boot.php(67): CodeIgniter\Boot::runCodeIgniter(Object(CodeIgniter\CodeIgniter))
14 FCPATH\index.php(63): CodeIgniter\Boot::bootWeb(Object(Config\Paths))
WARNING - 2025-06-07 14:29:21 --> [DEPRECATED] Passing lowercase HTTP method "get" is deprecated. Use uppercase HTTP method like "GET". in SYSTEMPATH\Router\RouteCollection.php on line 1027.
 1 SYSTEMPATH\Router\RouteCollection.php(1027): trigger_error('Passing lowercase HTTP method "get" is deprecated. Use uppercase HTTP method like "GET".', 16384)
 2 APPPATH\Config\Routes\UserRoutes.php(49): CodeIgniter\Router\RouteCollection->match([...], 'submit_review', 'ClientController::submit_review', [...])
 3 APPPATH\Config\Routes\UserRoutes.php(23): App\Config\Routes\UserRoutes::defineRoutes(Object(CodeIgniter\Router\RouteCollection))
 4 APPPATH\Config\Routes.php(21): App\Config\Routes\UserRoutes::init(Object(CodeIgniter\Router\RouteCollection))
 5 SYSTEMPATH\Router\RouteCollection.php(340): require('C:\\xampp\\htdocs\\smartstore\\app\\Config\\Routes.php')
 6 SYSTEMPATH\CodeIgniter.php(823): CodeIgniter\Router\RouteCollection->loadRoutes()
 7 SYSTEMPATH\CodeIgniter.php(457): CodeIgniter\CodeIgniter->tryToRouteIt(null)
 8 SYSTEMPATH\CodeIgniter.php(355): CodeIgniter\CodeIgniter->handleRequest(null, Object(Config\Cache), false)
 9 SYSTEMPATH\Boot.php(325): CodeIgniter\CodeIgniter->run()
10 SYSTEMPATH\Boot.php(67): CodeIgniter\Boot::runCodeIgniter(Object(CodeIgniter\CodeIgniter))
11 FCPATH\index.php(63): CodeIgniter\Boot::bootWeb(Object(Config\Paths))
WARNING - 2025-06-07 14:29:21 --> [DEPRECATED] Passing lowercase HTTP method "post" is deprecated. Use uppercase HTTP method like "POST". in SYSTEMPATH\Router\RouteCollection.php on line 1027.
 1 SYSTEMPATH\Router\RouteCollection.php(1027): trigger_error('Passing lowercase HTTP method "post" is deprecated. Use uppercase HTTP method like "POST".', 16384)
 2 APPPATH\Config\Routes\UserRoutes.php(49): CodeIgniter\Router\RouteCollection->match([...], 'submit_review', 'ClientController::submit_review', [...])
 3 APPPATH\Config\Routes\UserRoutes.php(23): App\Config\Routes\UserRoutes::defineRoutes(Object(CodeIgniter\Router\RouteCollection))
 4 APPPATH\Config\Routes.php(21): App\Config\Routes\UserRoutes::init(Object(CodeIgniter\Router\RouteCollection))
 5 SYSTEMPATH\Router\RouteCollection.php(340): require('C:\\xampp\\htdocs\\smartstore\\app\\Config\\Routes.php')
 6 SYSTEMPATH\CodeIgniter.php(823): CodeIgniter\Router\RouteCollection->loadRoutes()
 7 SYSTEMPATH\CodeIgniter.php(457): CodeIgniter\CodeIgniter->tryToRouteIt(null)
 8 SYSTEMPATH\CodeIgniter.php(355): CodeIgniter\CodeIgniter->handleRequest(null, Object(Config\Cache), false)
 9 SYSTEMPATH\Boot.php(325): CodeIgniter\CodeIgniter->run()
10 SYSTEMPATH\Boot.php(67): CodeIgniter\Boot::runCodeIgniter(Object(CodeIgniter\CodeIgniter))
11 FCPATH\index.php(63): CodeIgniter\Boot::bootWeb(Object(Config\Paths))
WARNING - 2025-06-07 14:29:21 --> [DEPRECATED] Passing lowercase HTTP method "get" is deprecated. Use uppercase HTTP method like "GET". in SYSTEMPATH\Router\RouteCollection.php on line 1027.
 1 SYSTEMPATH\Router\RouteCollection.php(1027): trigger_error('Passing lowercase HTTP method "get" is deprecated. Use uppercase HTTP method like "GET".', 16384)
 2 APPPATH\Config\Routes\UserRoutes.php(63): CodeIgniter\Router\RouteCollection->match([...], 'track-order', 'OrderController::track_order', [...])
 3 APPPATH\Config\Routes\UserRoutes.php(23): App\Config\Routes\UserRoutes::defineRoutes(Object(CodeIgniter\Router\RouteCollection))
 4 APPPATH\Config\Routes.php(21): App\Config\Routes\UserRoutes::init(Object(CodeIgniter\Router\RouteCollection))
 5 SYSTEMPATH\Router\RouteCollection.php(340): require('C:\\xampp\\htdocs\\smartstore\\app\\Config\\Routes.php')
 6 SYSTEMPATH\CodeIgniter.php(823): CodeIgniter\Router\RouteCollection->loadRoutes()
 7 SYSTEMPATH\CodeIgniter.php(457): CodeIgniter\CodeIgniter->tryToRouteIt(null)
 8 SYSTEMPATH\CodeIgniter.php(355): CodeIgniter\CodeIgniter->handleRequest(null, Object(Config\Cache), false)
 9 SYSTEMPATH\Boot.php(325): CodeIgniter\CodeIgniter->run()
10 SYSTEMPATH\Boot.php(67): CodeIgniter\Boot::runCodeIgniter(Object(CodeIgniter\CodeIgniter))
11 FCPATH\index.php(63): CodeIgniter\Boot::bootWeb(Object(Config\Paths))
WARNING - 2025-06-07 14:29:21 --> [DEPRECATED] Passing lowercase HTTP method "post" is deprecated. Use uppercase HTTP method like "POST". in SYSTEMPATH\Router\RouteCollection.php on line 1027.
 1 SYSTEMPATH\Router\RouteCollection.php(1027): trigger_error('Passing lowercase HTTP method "post" is deprecated. Use uppercase HTTP method like "POST".', 16384)
 2 APPPATH\Config\Routes\UserRoutes.php(63): CodeIgniter\Router\RouteCollection->match([...], 'track-order', 'OrderController::track_order', [...])
 3 APPPATH\Config\Routes\UserRoutes.php(23): App\Config\Routes\UserRoutes::defineRoutes(Object(CodeIgniter\Router\RouteCollection))
 4 APPPATH\Config\Routes.php(21): App\Config\Routes\UserRoutes::init(Object(CodeIgniter\Router\RouteCollection))
 5 SYSTEMPATH\Router\RouteCollection.php(340): require('C:\\xampp\\htdocs\\smartstore\\app\\Config\\Routes.php')
 6 SYSTEMPATH\CodeIgniter.php(823): CodeIgniter\Router\RouteCollection->loadRoutes()
 7 SYSTEMPATH\CodeIgniter.php(457): CodeIgniter\CodeIgniter->tryToRouteIt(null)
 8 SYSTEMPATH\CodeIgniter.php(355): CodeIgniter\CodeIgniter->handleRequest(null, Object(Config\Cache), false)
 9 SYSTEMPATH\Boot.php(325): CodeIgniter\CodeIgniter->run()
10 SYSTEMPATH\Boot.php(67): CodeIgniter\Boot::runCodeIgniter(Object(CodeIgniter\CodeIgniter))
11 FCPATH\index.php(63): CodeIgniter\Boot::bootWeb(Object(Config\Paths))
WARNING - 2025-06-07 14:29:21 --> [DEPRECATED] Passing lowercase HTTP method "get" is deprecated. Use uppercase HTTP method like "GET". in SYSTEMPATH\Router\RouteCollection.php on line 1027.
 1 SYSTEMPATH\Router\RouteCollection.php(1027): trigger_error('Passing lowercase HTTP method "get" is deprecated. Use uppercase HTTP method like "GET".', 16384)
 2 APPPATH\Config\Routes\UserRoutes.php(49): CodeIgniter\Router\RouteCollection->match([...], 'submit_review', 'ClientController::submit_review', [...])
 3 APPPATH\Config\Routes\UserRoutes.php(26): App\Config\Routes\UserRoutes::defineRoutes(Object(CodeIgniter\Router\RouteCollection))
 4 SYSTEMPATH\Router\RouteCollection.php(800): App\Config\Routes\UserRoutes::App\Config\Routes\{closure}(Object(CodeIgniter\Router\RouteCollection))
 5 APPPATH\Config\Routes\UserRoutes.php(25): CodeIgniter\Router\RouteCollection->group('{locale}', Object(Closure))
 6 APPPATH\Config\Routes.php(21): App\Config\Routes\UserRoutes::init(Object(CodeIgniter\Router\RouteCollection))
 7 SYSTEMPATH\Router\RouteCollection.php(340): require('C:\\xampp\\htdocs\\smartstore\\app\\Config\\Routes.php')
 8 SYSTEMPATH\CodeIgniter.php(823): CodeIgniter\Router\RouteCollection->loadRoutes()
 9 SYSTEMPATH\CodeIgniter.php(457): CodeIgniter\CodeIgniter->tryToRouteIt(null)
10 SYSTEMPATH\CodeIgniter.php(355): CodeIgniter\CodeIgniter->handleRequest(null, Object(Config\Cache), false)
11 SYSTEMPATH\Boot.php(325): CodeIgniter\CodeIgniter->run()
12 SYSTEMPATH\Boot.php(67): CodeIgniter\Boot::runCodeIgniter(Object(CodeIgniter\CodeIgniter))
13 FCPATH\index.php(63): CodeIgniter\Boot::bootWeb(Object(Config\Paths))
WARNING - 2025-06-07 14:29:21 --> [DEPRECATED] Passing lowercase HTTP method "post" is deprecated. Use uppercase HTTP method like "POST". in SYSTEMPATH\Router\RouteCollection.php on line 1027.
 1 SYSTEMPATH\Router\RouteCollection.php(1027): trigger_error('Passing lowercase HTTP method "post" is deprecated. Use uppercase HTTP method like "POST".', 16384)
 2 APPPATH\Config\Routes\UserRoutes.php(49): CodeIgniter\Router\RouteCollection->match([...], 'submit_review', 'ClientController::submit_review', [...])
 3 APPPATH\Config\Routes\UserRoutes.php(26): App\Config\Routes\UserRoutes::defineRoutes(Object(CodeIgniter\Router\RouteCollection))
 4 SYSTEMPATH\Router\RouteCollection.php(800): App\Config\Routes\UserRoutes::App\Config\Routes\{closure}(Object(CodeIgniter\Router\RouteCollection))
 5 APPPATH\Config\Routes\UserRoutes.php(25): CodeIgniter\Router\RouteCollection->group('{locale}', Object(Closure))
 6 APPPATH\Config\Routes.php(21): App\Config\Routes\UserRoutes::init(Object(CodeIgniter\Router\RouteCollection))
 7 SYSTEMPATH\Router\RouteCollection.php(340): require('C:\\xampp\\htdocs\\smartstore\\app\\Config\\Routes.php')
 8 SYSTEMPATH\CodeIgniter.php(823): CodeIgniter\Router\RouteCollection->loadRoutes()
 9 SYSTEMPATH\CodeIgniter.php(457): CodeIgniter\CodeIgniter->tryToRouteIt(null)
10 SYSTEMPATH\CodeIgniter.php(355): CodeIgniter\CodeIgniter->handleRequest(null, Object(Config\Cache), false)
11 SYSTEMPATH\Boot.php(325): CodeIgniter\CodeIgniter->run()
12 SYSTEMPATH\Boot.php(67): CodeIgniter\Boot::runCodeIgniter(Object(CodeIgniter\CodeIgniter))
13 FCPATH\index.php(63): CodeIgniter\Boot::bootWeb(Object(Config\Paths))
WARNING - 2025-06-07 14:29:21 --> [DEPRECATED] Passing lowercase HTTP method "get" is deprecated. Use uppercase HTTP method like "GET". in SYSTEMPATH\Router\RouteCollection.php on line 1027.
 1 SYSTEMPATH\Router\RouteCollection.php(1027): trigger_error('Passing lowercase HTTP method "get" is deprecated. Use uppercase HTTP method like "GET".', 16384)
 2 APPPATH\Config\Routes\UserRoutes.php(63): CodeIgniter\Router\RouteCollection->match([...], 'track-order', 'OrderController::track_order', [...])
 3 APPPATH\Config\Routes\UserRoutes.php(26): App\Config\Routes\UserRoutes::defineRoutes(Object(CodeIgniter\Router\RouteCollection))
 4 SYSTEMPATH\Router\RouteCollection.php(800): App\Config\Routes\UserRoutes::App\Config\Routes\{closure}(Object(CodeIgniter\Router\RouteCollection))
 5 APPPATH\Config\Routes\UserRoutes.php(25): CodeIgniter\Router\RouteCollection->group('{locale}', Object(Closure))
 6 APPPATH\Config\Routes.php(21): App\Config\Routes\UserRoutes::init(Object(CodeIgniter\Router\RouteCollection))
 7 SYSTEMPATH\Router\RouteCollection.php(340): require('C:\\xampp\\htdocs\\smartstore\\app\\Config\\Routes.php')
 8 SYSTEMPATH\CodeIgniter.php(823): CodeIgniter\Router\RouteCollection->loadRoutes()
 9 SYSTEMPATH\CodeIgniter.php(457): CodeIgniter\CodeIgniter->tryToRouteIt(null)
10 SYSTEMPATH\CodeIgniter.php(355): CodeIgniter\CodeIgniter->handleRequest(null, Object(Config\Cache), false)
11 SYSTEMPATH\Boot.php(325): CodeIgniter\CodeIgniter->run()
12 SYSTEMPATH\Boot.php(67): CodeIgniter\Boot::runCodeIgniter(Object(CodeIgniter\CodeIgniter))
13 FCPATH\index.php(63): CodeIgniter\Boot::bootWeb(Object(Config\Paths))
WARNING - 2025-06-07 14:29:21 --> [DEPRECATED] Passing lowercase HTTP method "post" is deprecated. Use uppercase HTTP method like "POST". in SYSTEMPATH\Router\RouteCollection.php on line 1027.
 1 SYSTEMPATH\Router\RouteCollection.php(1027): trigger_error('Passing lowercase HTTP method "post" is deprecated. Use uppercase HTTP method like "POST".', 16384)
 2 APPPATH\Config\Routes\UserRoutes.php(63): CodeIgniter\Router\RouteCollection->match([...], 'track-order', 'OrderController::track_order', [...])
 3 APPPATH\Config\Routes\UserRoutes.php(26): App\Config\Routes\UserRoutes::defineRoutes(Object(CodeIgniter\Router\RouteCollection))
 4 SYSTEMPATH\Router\RouteCollection.php(800): App\Config\Routes\UserRoutes::App\Config\Routes\{closure}(Object(CodeIgniter\Router\RouteCollection))
 5 APPPATH\Config\Routes\UserRoutes.php(25): CodeIgniter\Router\RouteCollection->group('{locale}', Object(Closure))
 6 APPPATH\Config\Routes.php(21): App\Config\Routes\UserRoutes::init(Object(CodeIgniter\Router\RouteCollection))
 7 SYSTEMPATH\Router\RouteCollection.php(340): require('C:\\xampp\\htdocs\\smartstore\\app\\Config\\Routes.php')
 8 SYSTEMPATH\CodeIgniter.php(823): CodeIgniter\Router\RouteCollection->loadRoutes()
 9 SYSTEMPATH\CodeIgniter.php(457): CodeIgniter\CodeIgniter->tryToRouteIt(null)
10 SYSTEMPATH\CodeIgniter.php(355): CodeIgniter\CodeIgniter->handleRequest(null, Object(Config\Cache), false)
11 SYSTEMPATH\Boot.php(325): CodeIgniter\CodeIgniter->run()
12 SYSTEMPATH\Boot.php(67): CodeIgniter\Boot::runCodeIgniter(Object(CodeIgniter\CodeIgniter))
13 FCPATH\index.php(63): CodeIgniter\Boot::bootWeb(Object(Config\Paths))
INFO - 2025-06-07 14:29:21 --> Session: Class initialized using 'CodeIgniter\Session\Handlers\FileHandler' driver.
WARNING - 2025-06-07 14:29:21 --> [DEPRECATED] Creation of dynamic property App\Controllers\Public\PageController::$load_files is deprecated in APPPATH\Controllers\Public\PageController.php on line 21.
 1 SYSTEMPATH\CodeIgniter.php(903): App\Controllers\Public\PageController->__construct()
 2 SYSTEMPATH\CodeIgniter.php(500): CodeIgniter\CodeIgniter->createController()
 3 SYSTEMPATH\CodeIgniter.php(355): CodeIgniter\CodeIgniter->handleRequest(null, Object(Config\Cache), false)
 4 SYSTEMPATH\Boot.php(325): CodeIgniter\CodeIgniter->run()
 5 SYSTEMPATH\Boot.php(67): CodeIgniter\Boot::runCodeIgniter(Object(CodeIgniter\CodeIgniter))
 6 FCPATH\index.php(63): CodeIgniter\Boot::bootWeb(Object(Config\Paths))
WARNING - 2025-06-07 14:29:21 --> [DEPRECATED] Creation of dynamic property App\Controllers\Public\PageController::$page_title is deprecated in APPPATH\Controllers\Public\PageController.php on line 22.
 1 SYSTEMPATH\CodeIgniter.php(903): App\Controllers\Public\PageController->__construct()
 2 SYSTEMPATH\CodeIgniter.php(500): CodeIgniter\CodeIgniter->createController()
 3 SYSTEMPATH\CodeIgniter.php(355): CodeIgniter\CodeIgniter->handleRequest(null, Object(Config\Cache), false)
 4 SYSTEMPATH\Boot.php(325): CodeIgniter\CodeIgniter->run()
 5 SYSTEMPATH\Boot.php(67): CodeIgniter\Boot::runCodeIgniter(Object(CodeIgniter\CodeIgniter))
 6 FCPATH\index.php(63): CodeIgniter\Boot::bootWeb(Object(Config\Paths))
WARNING - 2025-06-07 14:29:46 --> [DEPRECATED] Passing lowercase HTTP method "get" is deprecated. Use uppercase HTTP method like "GET". in SYSTEMPATH\Router\RouteCollection.php on line 1027.
 1 SYSTEMPATH\Router\RouteCollection.php(1027): trigger_error('Passing lowercase HTTP method "get" is deprecated. Use uppercase HTTP method like "GET".', 16384)
 2 APPPATH\Config\Routes\AdminRoutes.php(65): CodeIgniter\Router\RouteCollection->match([...], 'send_test_mail', 'SettingsController::send_test_mail')
 3 SYSTEMPATH\Router\RouteCollection.php(800): App\Config\Routes\AdminRoutes::App\Config\Routes\{closure}(Object(CodeIgniter\Router\RouteCollection))
 4 APPPATH\Config\Routes\AdminRoutes.php(63): CodeIgniter\Router\RouteCollection->group('settings', [...], Object(Closure))
 5 SYSTEMPATH\Router\RouteCollection.php(800): App\Config\Routes\AdminRoutes::App\Config\Routes\{closure}(Object(CodeIgniter\Router\RouteCollection))
 6 APPPATH\Config\Routes\AdminRoutes.php(28): CodeIgniter\Router\RouteCollection->group('admin', [...], Object(Closure))
 7 APPPATH\Config\Routes.php(20): App\Config\Routes\AdminRoutes::init(Object(CodeIgniter\Router\RouteCollection))
 8 SYSTEMPATH\Router\RouteCollection.php(340): require('C:\\xampp\\htdocs\\smartstore\\app\\Config\\Routes.php')
 9 SYSTEMPATH\CodeIgniter.php(823): CodeIgniter\Router\RouteCollection->loadRoutes()
10 SYSTEMPATH\CodeIgniter.php(457): CodeIgniter\CodeIgniter->tryToRouteIt(null)
11 SYSTEMPATH\CodeIgniter.php(355): CodeIgniter\CodeIgniter->handleRequest(null, Object(Config\Cache), false)
12 SYSTEMPATH\Boot.php(325): CodeIgniter\CodeIgniter->run()
13 SYSTEMPATH\Boot.php(67): CodeIgniter\Boot::runCodeIgniter(Object(CodeIgniter\CodeIgniter))
14 FCPATH\index.php(63): CodeIgniter\Boot::bootWeb(Object(Config\Paths))
WARNING - 2025-06-07 14:29:46 --> [DEPRECATED] Passing lowercase HTTP method "post" is deprecated. Use uppercase HTTP method like "POST". in SYSTEMPATH\Router\RouteCollection.php on line 1027.
 1 SYSTEMPATH\Router\RouteCollection.php(1027): trigger_error('Passing lowercase HTTP method "post" is deprecated. Use uppercase HTTP method like "POST".', 16384)
 2 APPPATH\Config\Routes\AdminRoutes.php(65): CodeIgniter\Router\RouteCollection->match([...], 'send_test_mail', 'SettingsController::send_test_mail')
 3 SYSTEMPATH\Router\RouteCollection.php(800): App\Config\Routes\AdminRoutes::App\Config\Routes\{closure}(Object(CodeIgniter\Router\RouteCollection))
 4 APPPATH\Config\Routes\AdminRoutes.php(63): CodeIgniter\Router\RouteCollection->group('settings', [...], Object(Closure))
 5 SYSTEMPATH\Router\RouteCollection.php(800): App\Config\Routes\AdminRoutes::App\Config\Routes\{closure}(Object(CodeIgniter\Router\RouteCollection))
 6 APPPATH\Config\Routes\AdminRoutes.php(28): CodeIgniter\Router\RouteCollection->group('admin', [...], Object(Closure))
 7 APPPATH\Config\Routes.php(20): App\Config\Routes\AdminRoutes::init(Object(CodeIgniter\Router\RouteCollection))
 8 SYSTEMPATH\Router\RouteCollection.php(340): require('C:\\xampp\\htdocs\\smartstore\\app\\Config\\Routes.php')
 9 SYSTEMPATH\CodeIgniter.php(823): CodeIgniter\Router\RouteCollection->loadRoutes()
10 SYSTEMPATH\CodeIgniter.php(457): CodeIgniter\CodeIgniter->tryToRouteIt(null)
11 SYSTEMPATH\CodeIgniter.php(355): CodeIgniter\CodeIgniter->handleRequest(null, Object(Config\Cache), false)
12 SYSTEMPATH\Boot.php(325): CodeIgniter\CodeIgniter->run()
13 SYSTEMPATH\Boot.php(67): CodeIgniter\Boot::runCodeIgniter(Object(CodeIgniter\CodeIgniter))
14 FCPATH\index.php(63): CodeIgniter\Boot::bootWeb(Object(Config\Paths))
WARNING - 2025-06-07 14:29:46 --> [DEPRECATED] Passing lowercase HTTP method "get" is deprecated. Use uppercase HTTP method like "GET". in SYSTEMPATH\Router\RouteCollection.php on line 1027.
 1 SYSTEMPATH\Router\RouteCollection.php(1027): trigger_error('Passing lowercase HTTP method "get" is deprecated. Use uppercase HTTP method like "GET".', 16384)
 2 APPPATH\Config\Routes\AdminRoutes.php(76): CodeIgniter\Router\RouteCollection->match([...], 'elfinder_connector', 'FilemanagerController::elfinder_connector')
 3 SYSTEMPATH\Router\RouteCollection.php(800): App\Config\Routes\AdminRoutes::App\Config\Routes\{closure}(Object(CodeIgniter\Router\RouteCollection))
 4 APPPATH\Config\Routes\AdminRoutes.php(73): CodeIgniter\Router\RouteCollection->group('filemanager', [...], Object(Closure))
 5 SYSTEMPATH\Router\RouteCollection.php(800): App\Config\Routes\AdminRoutes::App\Config\Routes\{closure}(Object(CodeIgniter\Router\RouteCollection))
 6 APPPATH\Config\Routes\AdminRoutes.php(28): CodeIgniter\Router\RouteCollection->group('admin', [...], Object(Closure))
 7 APPPATH\Config\Routes.php(20): App\Config\Routes\AdminRoutes::init(Object(CodeIgniter\Router\RouteCollection))
 8 SYSTEMPATH\Router\RouteCollection.php(340): require('C:\\xampp\\htdocs\\smartstore\\app\\Config\\Routes.php')
 9 SYSTEMPATH\CodeIgniter.php(823): CodeIgniter\Router\RouteCollection->loadRoutes()
10 SYSTEMPATH\CodeIgniter.php(457): CodeIgniter\CodeIgniter->tryToRouteIt(null)
11 SYSTEMPATH\CodeIgniter.php(355): CodeIgniter\CodeIgniter->handleRequest(null, Object(Config\Cache), false)
12 SYSTEMPATH\Boot.php(325): CodeIgniter\CodeIgniter->run()
13 SYSTEMPATH\Boot.php(67): CodeIgniter\Boot::runCodeIgniter(Object(CodeIgniter\CodeIgniter))
14 FCPATH\index.php(63): CodeIgniter\Boot::bootWeb(Object(Config\Paths))
WARNING - 2025-06-07 14:29:46 --> [DEPRECATED] Passing lowercase HTTP method "post" is deprecated. Use uppercase HTTP method like "POST". in SYSTEMPATH\Router\RouteCollection.php on line 1027.
 1 SYSTEMPATH\Router\RouteCollection.php(1027): trigger_error('Passing lowercase HTTP method "post" is deprecated. Use uppercase HTTP method like "POST".', 16384)
 2 APPPATH\Config\Routes\AdminRoutes.php(76): CodeIgniter\Router\RouteCollection->match([...], 'elfinder_connector', 'FilemanagerController::elfinder_connector')
 3 SYSTEMPATH\Router\RouteCollection.php(800): App\Config\Routes\AdminRoutes::App\Config\Routes\{closure}(Object(CodeIgniter\Router\RouteCollection))
 4 APPPATH\Config\Routes\AdminRoutes.php(73): CodeIgniter\Router\RouteCollection->group('filemanager', [...], Object(Closure))
 5 SYSTEMPATH\Router\RouteCollection.php(800): App\Config\Routes\AdminRoutes::App\Config\Routes\{closure}(Object(CodeIgniter\Router\RouteCollection))
 6 APPPATH\Config\Routes\AdminRoutes.php(28): CodeIgniter\Router\RouteCollection->group('admin', [...], Object(Closure))
 7 APPPATH\Config\Routes.php(20): App\Config\Routes\AdminRoutes::init(Object(CodeIgniter\Router\RouteCollection))
 8 SYSTEMPATH\Router\RouteCollection.php(340): require('C:\\xampp\\htdocs\\smartstore\\app\\Config\\Routes.php')
 9 SYSTEMPATH\CodeIgniter.php(823): CodeIgniter\Router\RouteCollection->loadRoutes()
10 SYSTEMPATH\CodeIgniter.php(457): CodeIgniter\CodeIgniter->tryToRouteIt(null)
11 SYSTEMPATH\CodeIgniter.php(355): CodeIgniter\CodeIgniter->handleRequest(null, Object(Config\Cache), false)
12 SYSTEMPATH\Boot.php(325): CodeIgniter\CodeIgniter->run()
13 SYSTEMPATH\Boot.php(67): CodeIgniter\Boot::runCodeIgniter(Object(CodeIgniter\CodeIgniter))
14 FCPATH\index.php(63): CodeIgniter\Boot::bootWeb(Object(Config\Paths))
WARNING - 2025-06-07 14:29:46 --> [DEPRECATED] Passing lowercase HTTP method "get" is deprecated. Use uppercase HTTP method like "GET". in SYSTEMPATH\Router\RouteCollection.php on line 1027.
 1 SYSTEMPATH\Router\RouteCollection.php(1027): trigger_error('Passing lowercase HTTP method "get" is deprecated. Use uppercase HTTP method like "GET".', 16384)
 2 APPPATH\Config\Routes\AdminRoutes.php(172): CodeIgniter\Router\RouteCollection->match([...], 'sync_services/?(:num)?', 'ProvidersController::sync_services/$1')
 3 SYSTEMPATH\Router\RouteCollection.php(800): App\Config\Routes\AdminRoutes::App\Config\Routes\{closure}(Object(CodeIgniter\Router\RouteCollection))
 4 APPPATH\Config\Routes\AdminRoutes.php(167): CodeIgniter\Router\RouteCollection->group('providers', [...], Object(Closure))
 5 SYSTEMPATH\Router\RouteCollection.php(800): App\Config\Routes\AdminRoutes::App\Config\Routes\{closure}(Object(CodeIgniter\Router\RouteCollection))
 6 APPPATH\Config\Routes\AdminRoutes.php(28): CodeIgniter\Router\RouteCollection->group('admin', [...], Object(Closure))
 7 APPPATH\Config\Routes.php(20): App\Config\Routes\AdminRoutes::init(Object(CodeIgniter\Router\RouteCollection))
 8 SYSTEMPATH\Router\RouteCollection.php(340): require('C:\\xampp\\htdocs\\smartstore\\app\\Config\\Routes.php')
 9 SYSTEMPATH\CodeIgniter.php(823): CodeIgniter\Router\RouteCollection->loadRoutes()
10 SYSTEMPATH\CodeIgniter.php(457): CodeIgniter\CodeIgniter->tryToRouteIt(null)
11 SYSTEMPATH\CodeIgniter.php(355): CodeIgniter\CodeIgniter->handleRequest(null, Object(Config\Cache), false)
12 SYSTEMPATH\Boot.php(325): CodeIgniter\CodeIgniter->run()
13 SYSTEMPATH\Boot.php(67): CodeIgniter\Boot::runCodeIgniter(Object(CodeIgniter\CodeIgniter))
14 FCPATH\index.php(63): CodeIgniter\Boot::bootWeb(Object(Config\Paths))
WARNING - 2025-06-07 14:29:46 --> [DEPRECATED] Passing lowercase HTTP method "post" is deprecated. Use uppercase HTTP method like "POST". in SYSTEMPATH\Router\RouteCollection.php on line 1027.
 1 SYSTEMPATH\Router\RouteCollection.php(1027): trigger_error('Passing lowercase HTTP method "post" is deprecated. Use uppercase HTTP method like "POST".', 16384)
 2 APPPATH\Config\Routes\AdminRoutes.php(172): CodeIgniter\Router\RouteCollection->match([...], 'sync_services/?(:num)?', 'ProvidersController::sync_services/$1')
 3 SYSTEMPATH\Router\RouteCollection.php(800): App\Config\Routes\AdminRoutes::App\Config\Routes\{closure}(Object(CodeIgniter\Router\RouteCollection))
 4 APPPATH\Config\Routes\AdminRoutes.php(167): CodeIgniter\Router\RouteCollection->group('providers', [...], Object(Closure))
 5 SYSTEMPATH\Router\RouteCollection.php(800): App\Config\Routes\AdminRoutes::App\Config\Routes\{closure}(Object(CodeIgniter\Router\RouteCollection))
 6 APPPATH\Config\Routes\AdminRoutes.php(28): CodeIgniter\Router\RouteCollection->group('admin', [...], Object(Closure))
 7 APPPATH\Config\Routes.php(20): App\Config\Routes\AdminRoutes::init(Object(CodeIgniter\Router\RouteCollection))
 8 SYSTEMPATH\Router\RouteCollection.php(340): require('C:\\xampp\\htdocs\\smartstore\\app\\Config\\Routes.php')
 9 SYSTEMPATH\CodeIgniter.php(823): CodeIgniter\Router\RouteCollection->loadRoutes()
10 SYSTEMPATH\CodeIgniter.php(457): CodeIgniter\CodeIgniter->tryToRouteIt(null)
11 SYSTEMPATH\CodeIgniter.php(355): CodeIgniter\CodeIgniter->handleRequest(null, Object(Config\Cache), false)
12 SYSTEMPATH\Boot.php(325): CodeIgniter\CodeIgniter->run()
13 SYSTEMPATH\Boot.php(67): CodeIgniter\Boot::runCodeIgniter(Object(CodeIgniter\CodeIgniter))
14 FCPATH\index.php(63): CodeIgniter\Boot::bootWeb(Object(Config\Paths))
WARNING - 2025-06-07 14:29:46 --> [DEPRECATED] Passing lowercase HTTP method "get" is deprecated. Use uppercase HTTP method like "GET". in SYSTEMPATH\Router\RouteCollection.php on line 1027.
 1 SYSTEMPATH\Router\RouteCollection.php(1027): trigger_error('Passing lowercase HTTP method "get" is deprecated. Use uppercase HTTP method like "GET".', 16384)
 2 APPPATH\Config\Routes\AdminRoutes.php(185): CodeIgniter\Router\RouteCollection->match([...], 'add_note/?(:num)?', 'UsersController::add_note/$1')
 3 SYSTEMPATH\Router\RouteCollection.php(800): App\Config\Routes\AdminRoutes::App\Config\Routes\{closure}(Object(CodeIgniter\Router\RouteCollection))
 4 APPPATH\Config\Routes\AdminRoutes.php(182): CodeIgniter\Router\RouteCollection->group('users', [...], Object(Closure))
 5 SYSTEMPATH\Router\RouteCollection.php(800): App\Config\Routes\AdminRoutes::App\Config\Routes\{closure}(Object(CodeIgniter\Router\RouteCollection))
 6 APPPATH\Config\Routes\AdminRoutes.php(28): CodeIgniter\Router\RouteCollection->group('admin', [...], Object(Closure))
 7 APPPATH\Config\Routes.php(20): App\Config\Routes\AdminRoutes::init(Object(CodeIgniter\Router\RouteCollection))
 8 SYSTEMPATH\Router\RouteCollection.php(340): require('C:\\xampp\\htdocs\\smartstore\\app\\Config\\Routes.php')
 9 SYSTEMPATH\CodeIgniter.php(823): CodeIgniter\Router\RouteCollection->loadRoutes()
10 SYSTEMPATH\CodeIgniter.php(457): CodeIgniter\CodeIgniter->tryToRouteIt(null)
11 SYSTEMPATH\CodeIgniter.php(355): CodeIgniter\CodeIgniter->handleRequest(null, Object(Config\Cache), false)
12 SYSTEMPATH\Boot.php(325): CodeIgniter\CodeIgniter->run()
13 SYSTEMPATH\Boot.php(67): CodeIgniter\Boot::runCodeIgniter(Object(CodeIgniter\CodeIgniter))
14 FCPATH\index.php(63): CodeIgniter\Boot::bootWeb(Object(Config\Paths))
WARNING - 2025-06-07 14:29:46 --> [DEPRECATED] Passing lowercase HTTP method "post" is deprecated. Use uppercase HTTP method like "POST". in SYSTEMPATH\Router\RouteCollection.php on line 1027.
 1 SYSTEMPATH\Router\RouteCollection.php(1027): trigger_error('Passing lowercase HTTP method "post" is deprecated. Use uppercase HTTP method like "POST".', 16384)
 2 APPPATH\Config\Routes\AdminRoutes.php(185): CodeIgniter\Router\RouteCollection->match([...], 'add_note/?(:num)?', 'UsersController::add_note/$1')
 3 SYSTEMPATH\Router\RouteCollection.php(800): App\Config\Routes\AdminRoutes::App\Config\Routes\{closure}(Object(CodeIgniter\Router\RouteCollection))
 4 APPPATH\Config\Routes\AdminRoutes.php(182): CodeIgniter\Router\RouteCollection->group('users', [...], Object(Closure))
 5 SYSTEMPATH\Router\RouteCollection.php(800): App\Config\Routes\AdminRoutes::App\Config\Routes\{closure}(Object(CodeIgniter\Router\RouteCollection))
 6 APPPATH\Config\Routes\AdminRoutes.php(28): CodeIgniter\Router\RouteCollection->group('admin', [...], Object(Closure))
 7 APPPATH\Config\Routes.php(20): App\Config\Routes\AdminRoutes::init(Object(CodeIgniter\Router\RouteCollection))
 8 SYSTEMPATH\Router\RouteCollection.php(340): require('C:\\xampp\\htdocs\\smartstore\\app\\Config\\Routes.php')
 9 SYSTEMPATH\CodeIgniter.php(823): CodeIgniter\Router\RouteCollection->loadRoutes()
10 SYSTEMPATH\CodeIgniter.php(457): CodeIgniter\CodeIgniter->tryToRouteIt(null)
11 SYSTEMPATH\CodeIgniter.php(355): CodeIgniter\CodeIgniter->handleRequest(null, Object(Config\Cache), false)
12 SYSTEMPATH\Boot.php(325): CodeIgniter\CodeIgniter->run()
13 SYSTEMPATH\Boot.php(67): CodeIgniter\Boot::runCodeIgniter(Object(CodeIgniter\CodeIgniter))
14 FCPATH\index.php(63): CodeIgniter\Boot::bootWeb(Object(Config\Paths))
WARNING - 2025-06-07 14:29:46 --> [DEPRECATED] Passing lowercase HTTP method "get" is deprecated. Use uppercase HTTP method like "GET". in SYSTEMPATH\Router\RouteCollection.php on line 1027.
 1 SYSTEMPATH\Router\RouteCollection.php(1027): trigger_error('Passing lowercase HTTP method "get" is deprecated. Use uppercase HTTP method like "GET".', 16384)
 2 APPPATH\Config\Routes\AdminRoutes.php(186): CodeIgniter\Router\RouteCollection->match([...], 'send_mail/?(:num)?', 'UsersController::send_mail/$1')
 3 SYSTEMPATH\Router\RouteCollection.php(800): App\Config\Routes\AdminRoutes::App\Config\Routes\{closure}(Object(CodeIgniter\Router\RouteCollection))
 4 APPPATH\Config\Routes\AdminRoutes.php(182): CodeIgniter\Router\RouteCollection->group('users', [...], Object(Closure))
 5 SYSTEMPATH\Router\RouteCollection.php(800): App\Config\Routes\AdminRoutes::App\Config\Routes\{closure}(Object(CodeIgniter\Router\RouteCollection))
 6 APPPATH\Config\Routes\AdminRoutes.php(28): CodeIgniter\Router\RouteCollection->group('admin', [...], Object(Closure))
 7 APPPATH\Config\Routes.php(20): App\Config\Routes\AdminRoutes::init(Object(CodeIgniter\Router\RouteCollection))
 8 SYSTEMPATH\Router\RouteCollection.php(340): require('C:\\xampp\\htdocs\\smartstore\\app\\Config\\Routes.php')
 9 SYSTEMPATH\CodeIgniter.php(823): CodeIgniter\Router\RouteCollection->loadRoutes()
10 SYSTEMPATH\CodeIgniter.php(457): CodeIgniter\CodeIgniter->tryToRouteIt(null)
11 SYSTEMPATH\CodeIgniter.php(355): CodeIgniter\CodeIgniter->handleRequest(null, Object(Config\Cache), false)
12 SYSTEMPATH\Boot.php(325): CodeIgniter\CodeIgniter->run()
13 SYSTEMPATH\Boot.php(67): CodeIgniter\Boot::runCodeIgniter(Object(CodeIgniter\CodeIgniter))
14 FCPATH\index.php(63): CodeIgniter\Boot::bootWeb(Object(Config\Paths))
WARNING - 2025-06-07 14:29:46 --> [DEPRECATED] Passing lowercase HTTP method "post" is deprecated. Use uppercase HTTP method like "POST". in SYSTEMPATH\Router\RouteCollection.php on line 1027.
 1 SYSTEMPATH\Router\RouteCollection.php(1027): trigger_error('Passing lowercase HTTP method "post" is deprecated. Use uppercase HTTP method like "POST".', 16384)
 2 APPPATH\Config\Routes\AdminRoutes.php(186): CodeIgniter\Router\RouteCollection->match([...], 'send_mail/?(:num)?', 'UsersController::send_mail/$1')
 3 SYSTEMPATH\Router\RouteCollection.php(800): App\Config\Routes\AdminRoutes::App\Config\Routes\{closure}(Object(CodeIgniter\Router\RouteCollection))
 4 APPPATH\Config\Routes\AdminRoutes.php(182): CodeIgniter\Router\RouteCollection->group('users', [...], Object(Closure))
 5 SYSTEMPATH\Router\RouteCollection.php(800): App\Config\Routes\AdminRoutes::App\Config\Routes\{closure}(Object(CodeIgniter\Router\RouteCollection))
 6 APPPATH\Config\Routes\AdminRoutes.php(28): CodeIgniter\Router\RouteCollection->group('admin', [...], Object(Closure))
 7 APPPATH\Config\Routes.php(20): App\Config\Routes\AdminRoutes::init(Object(CodeIgniter\Router\RouteCollection))
 8 SYSTEMPATH\Router\RouteCollection.php(340): require('C:\\xampp\\htdocs\\smartstore\\app\\Config\\Routes.php')
 9 SYSTEMPATH\CodeIgniter.php(823): CodeIgniter\Router\RouteCollection->loadRoutes()
10 SYSTEMPATH\CodeIgniter.php(457): CodeIgniter\CodeIgniter->tryToRouteIt(null)
11 SYSTEMPATH\CodeIgniter.php(355): CodeIgniter\CodeIgniter->handleRequest(null, Object(Config\Cache), false)
12 SYSTEMPATH\Boot.php(325): CodeIgniter\CodeIgniter->run()
13 SYSTEMPATH\Boot.php(67): CodeIgniter\Boot::runCodeIgniter(Object(CodeIgniter\CodeIgniter))
14 FCPATH\index.php(63): CodeIgniter\Boot::bootWeb(Object(Config\Paths))
WARNING - 2025-06-07 14:29:46 --> [DEPRECATED] Passing lowercase HTTP method "get" is deprecated. Use uppercase HTTP method like "GET". in SYSTEMPATH\Router\RouteCollection.php on line 1027.
 1 SYSTEMPATH\Router\RouteCollection.php(1027): trigger_error('Passing lowercase HTTP method "get" is deprecated. Use uppercase HTTP method like "GET".', 16384)
 2 APPPATH\Config\Routes\AdminRoutes.php(215): CodeIgniter\Router\RouteCollection->match([...], 'send_mail/?(:num)?', 'TicketsController::send_mail/$1')
 3 SYSTEMPATH\Router\RouteCollection.php(800): App\Config\Routes\AdminRoutes::App\Config\Routes\{closure}(Object(CodeIgniter\Router\RouteCollection))
 4 APPPATH\Config\Routes\AdminRoutes.php(212): CodeIgniter\Router\RouteCollection->group('tickets', [...], Object(Closure))
 5 SYSTEMPATH\Router\RouteCollection.php(800): App\Config\Routes\AdminRoutes::App\Config\Routes\{closure}(Object(CodeIgniter\Router\RouteCollection))
 6 APPPATH\Config\Routes\AdminRoutes.php(28): CodeIgniter\Router\RouteCollection->group('admin', [...], Object(Closure))
 7 APPPATH\Config\Routes.php(20): App\Config\Routes\AdminRoutes::init(Object(CodeIgniter\Router\RouteCollection))
 8 SYSTEMPATH\Router\RouteCollection.php(340): require('C:\\xampp\\htdocs\\smartstore\\app\\Config\\Routes.php')
 9 SYSTEMPATH\CodeIgniter.php(823): CodeIgniter\Router\RouteCollection->loadRoutes()
10 SYSTEMPATH\CodeIgniter.php(457): CodeIgniter\CodeIgniter->tryToRouteIt(null)
11 SYSTEMPATH\CodeIgniter.php(355): CodeIgniter\CodeIgniter->handleRequest(null, Object(Config\Cache), false)
12 SYSTEMPATH\Boot.php(325): CodeIgniter\CodeIgniter->run()
13 SYSTEMPATH\Boot.php(67): CodeIgniter\Boot::runCodeIgniter(Object(CodeIgniter\CodeIgniter))
14 FCPATH\index.php(63): CodeIgniter\Boot::bootWeb(Object(Config\Paths))
WARNING - 2025-06-07 14:29:46 --> [DEPRECATED] Passing lowercase HTTP method "post" is deprecated. Use uppercase HTTP method like "POST". in SYSTEMPATH\Router\RouteCollection.php on line 1027.
 1 SYSTEMPATH\Router\RouteCollection.php(1027): trigger_error('Passing lowercase HTTP method "post" is deprecated. Use uppercase HTTP method like "POST".', 16384)
 2 APPPATH\Config\Routes\AdminRoutes.php(215): CodeIgniter\Router\RouteCollection->match([...], 'send_mail/?(:num)?', 'TicketsController::send_mail/$1')
 3 SYSTEMPATH\Router\RouteCollection.php(800): App\Config\Routes\AdminRoutes::App\Config\Routes\{closure}(Object(CodeIgniter\Router\RouteCollection))
 4 APPPATH\Config\Routes\AdminRoutes.php(212): CodeIgniter\Router\RouteCollection->group('tickets', [...], Object(Closure))
 5 SYSTEMPATH\Router\RouteCollection.php(800): App\Config\Routes\AdminRoutes::App\Config\Routes\{closure}(Object(CodeIgniter\Router\RouteCollection))
 6 APPPATH\Config\Routes\AdminRoutes.php(28): CodeIgniter\Router\RouteCollection->group('admin', [...], Object(Closure))
 7 APPPATH\Config\Routes.php(20): App\Config\Routes\AdminRoutes::init(Object(CodeIgniter\Router\RouteCollection))
 8 SYSTEMPATH\Router\RouteCollection.php(340): require('C:\\xampp\\htdocs\\smartstore\\app\\Config\\Routes.php')
 9 SYSTEMPATH\CodeIgniter.php(823): CodeIgniter\Router\RouteCollection->loadRoutes()
10 SYSTEMPATH\CodeIgniter.php(457): CodeIgniter\CodeIgniter->tryToRouteIt(null)
11 SYSTEMPATH\CodeIgniter.php(355): CodeIgniter\CodeIgniter->handleRequest(null, Object(Config\Cache), false)
12 SYSTEMPATH\Boot.php(325): CodeIgniter\CodeIgniter->run()
13 SYSTEMPATH\Boot.php(67): CodeIgniter\Boot::runCodeIgniter(Object(CodeIgniter\CodeIgniter))
14 FCPATH\index.php(63): CodeIgniter\Boot::bootWeb(Object(Config\Paths))
WARNING - 2025-06-07 14:29:46 --> [DEPRECATED] Passing lowercase HTTP method "get" is deprecated. Use uppercase HTTP method like "GET". in SYSTEMPATH\Router\RouteCollection.php on line 1027.
 1 SYSTEMPATH\Router\RouteCollection.php(1027): trigger_error('Passing lowercase HTTP method "get" is deprecated. Use uppercase HTTP method like "GET".', 16384)
 2 APPPATH\Config\Routes\UserRoutes.php(49): CodeIgniter\Router\RouteCollection->match([...], 'submit_review', 'ClientController::submit_review', [...])
 3 APPPATH\Config\Routes\UserRoutes.php(23): App\Config\Routes\UserRoutes::defineRoutes(Object(CodeIgniter\Router\RouteCollection))
 4 APPPATH\Config\Routes.php(21): App\Config\Routes\UserRoutes::init(Object(CodeIgniter\Router\RouteCollection))
 5 SYSTEMPATH\Router\RouteCollection.php(340): require('C:\\xampp\\htdocs\\smartstore\\app\\Config\\Routes.php')
 6 SYSTEMPATH\CodeIgniter.php(823): CodeIgniter\Router\RouteCollection->loadRoutes()
 7 SYSTEMPATH\CodeIgniter.php(457): CodeIgniter\CodeIgniter->tryToRouteIt(null)
 8 SYSTEMPATH\CodeIgniter.php(355): CodeIgniter\CodeIgniter->handleRequest(null, Object(Config\Cache), false)
 9 SYSTEMPATH\Boot.php(325): CodeIgniter\CodeIgniter->run()
10 SYSTEMPATH\Boot.php(67): CodeIgniter\Boot::runCodeIgniter(Object(CodeIgniter\CodeIgniter))
11 FCPATH\index.php(63): CodeIgniter\Boot::bootWeb(Object(Config\Paths))
WARNING - 2025-06-07 14:29:46 --> [DEPRECATED] Passing lowercase HTTP method "post" is deprecated. Use uppercase HTTP method like "POST". in SYSTEMPATH\Router\RouteCollection.php on line 1027.
 1 SYSTEMPATH\Router\RouteCollection.php(1027): trigger_error('Passing lowercase HTTP method "post" is deprecated. Use uppercase HTTP method like "POST".', 16384)
 2 APPPATH\Config\Routes\UserRoutes.php(49): CodeIgniter\Router\RouteCollection->match([...], 'submit_review', 'ClientController::submit_review', [...])
 3 APPPATH\Config\Routes\UserRoutes.php(23): App\Config\Routes\UserRoutes::defineRoutes(Object(CodeIgniter\Router\RouteCollection))
 4 APPPATH\Config\Routes.php(21): App\Config\Routes\UserRoutes::init(Object(CodeIgniter\Router\RouteCollection))
 5 SYSTEMPATH\Router\RouteCollection.php(340): require('C:\\xampp\\htdocs\\smartstore\\app\\Config\\Routes.php')
 6 SYSTEMPATH\CodeIgniter.php(823): CodeIgniter\Router\RouteCollection->loadRoutes()
 7 SYSTEMPATH\CodeIgniter.php(457): CodeIgniter\CodeIgniter->tryToRouteIt(null)
 8 SYSTEMPATH\CodeIgniter.php(355): CodeIgniter\CodeIgniter->handleRequest(null, Object(Config\Cache), false)
 9 SYSTEMPATH\Boot.php(325): CodeIgniter\CodeIgniter->run()
10 SYSTEMPATH\Boot.php(67): CodeIgniter\Boot::runCodeIgniter(Object(CodeIgniter\CodeIgniter))
11 FCPATH\index.php(63): CodeIgniter\Boot::bootWeb(Object(Config\Paths))
WARNING - 2025-06-07 14:29:46 --> [DEPRECATED] Passing lowercase HTTP method "get" is deprecated. Use uppercase HTTP method like "GET". in SYSTEMPATH\Router\RouteCollection.php on line 1027.
 1 SYSTEMPATH\Router\RouteCollection.php(1027): trigger_error('Passing lowercase HTTP method "get" is deprecated. Use uppercase HTTP method like "GET".', 16384)
 2 APPPATH\Config\Routes\UserRoutes.php(63): CodeIgniter\Router\RouteCollection->match([...], 'track-order', 'OrderController::track_order', [...])
 3 APPPATH\Config\Routes\UserRoutes.php(23): App\Config\Routes\UserRoutes::defineRoutes(Object(CodeIgniter\Router\RouteCollection))
 4 APPPATH\Config\Routes.php(21): App\Config\Routes\UserRoutes::init(Object(CodeIgniter\Router\RouteCollection))
 5 SYSTEMPATH\Router\RouteCollection.php(340): require('C:\\xampp\\htdocs\\smartstore\\app\\Config\\Routes.php')
 6 SYSTEMPATH\CodeIgniter.php(823): CodeIgniter\Router\RouteCollection->loadRoutes()
 7 SYSTEMPATH\CodeIgniter.php(457): CodeIgniter\CodeIgniter->tryToRouteIt(null)
 8 SYSTEMPATH\CodeIgniter.php(355): CodeIgniter\CodeIgniter->handleRequest(null, Object(Config\Cache), false)
 9 SYSTEMPATH\Boot.php(325): CodeIgniter\CodeIgniter->run()
10 SYSTEMPATH\Boot.php(67): CodeIgniter\Boot::runCodeIgniter(Object(CodeIgniter\CodeIgniter))
11 FCPATH\index.php(63): CodeIgniter\Boot::bootWeb(Object(Config\Paths))
WARNING - 2025-06-07 14:29:46 --> [DEPRECATED] Passing lowercase HTTP method "post" is deprecated. Use uppercase HTTP method like "POST". in SYSTEMPATH\Router\RouteCollection.php on line 1027.
 1 SYSTEMPATH\Router\RouteCollection.php(1027): trigger_error('Passing lowercase HTTP method "post" is deprecated. Use uppercase HTTP method like "POST".', 16384)
 2 APPPATH\Config\Routes\UserRoutes.php(63): CodeIgniter\Router\RouteCollection->match([...], 'track-order', 'OrderController::track_order', [...])
 3 APPPATH\Config\Routes\UserRoutes.php(23): App\Config\Routes\UserRoutes::defineRoutes(Object(CodeIgniter\Router\RouteCollection))
 4 APPPATH\Config\Routes.php(21): App\Config\Routes\UserRoutes::init(Object(CodeIgniter\Router\RouteCollection))
 5 SYSTEMPATH\Router\RouteCollection.php(340): require('C:\\xampp\\htdocs\\smartstore\\app\\Config\\Routes.php')
 6 SYSTEMPATH\CodeIgniter.php(823): CodeIgniter\Router\RouteCollection->loadRoutes()
 7 SYSTEMPATH\CodeIgniter.php(457): CodeIgniter\CodeIgniter->tryToRouteIt(null)
 8 SYSTEMPATH\CodeIgniter.php(355): CodeIgniter\CodeIgniter->handleRequest(null, Object(Config\Cache), false)
 9 SYSTEMPATH\Boot.php(325): CodeIgniter\CodeIgniter->run()
10 SYSTEMPATH\Boot.php(67): CodeIgniter\Boot::runCodeIgniter(Object(CodeIgniter\CodeIgniter))
11 FCPATH\index.php(63): CodeIgniter\Boot::bootWeb(Object(Config\Paths))
WARNING - 2025-06-07 14:29:46 --> [DEPRECATED] Passing lowercase HTTP method "get" is deprecated. Use uppercase HTTP method like "GET". in SYSTEMPATH\Router\RouteCollection.php on line 1027.
 1 SYSTEMPATH\Router\RouteCollection.php(1027): trigger_error('Passing lowercase HTTP method "get" is deprecated. Use uppercase HTTP method like "GET".', 16384)
 2 APPPATH\Config\Routes\UserRoutes.php(49): CodeIgniter\Router\RouteCollection->match([...], 'submit_review', 'ClientController::submit_review', [...])
 3 APPPATH\Config\Routes\UserRoutes.php(26): App\Config\Routes\UserRoutes::defineRoutes(Object(CodeIgniter\Router\RouteCollection))
 4 SYSTEMPATH\Router\RouteCollection.php(800): App\Config\Routes\UserRoutes::App\Config\Routes\{closure}(Object(CodeIgniter\Router\RouteCollection))
 5 APPPATH\Config\Routes\UserRoutes.php(25): CodeIgniter\Router\RouteCollection->group('{locale}', Object(Closure))
 6 APPPATH\Config\Routes.php(21): App\Config\Routes\UserRoutes::init(Object(CodeIgniter\Router\RouteCollection))
 7 SYSTEMPATH\Router\RouteCollection.php(340): require('C:\\xampp\\htdocs\\smartstore\\app\\Config\\Routes.php')
 8 SYSTEMPATH\CodeIgniter.php(823): CodeIgniter\Router\RouteCollection->loadRoutes()
 9 SYSTEMPATH\CodeIgniter.php(457): CodeIgniter\CodeIgniter->tryToRouteIt(null)
10 SYSTEMPATH\CodeIgniter.php(355): CodeIgniter\CodeIgniter->handleRequest(null, Object(Config\Cache), false)
11 SYSTEMPATH\Boot.php(325): CodeIgniter\CodeIgniter->run()
12 SYSTEMPATH\Boot.php(67): CodeIgniter\Boot::runCodeIgniter(Object(CodeIgniter\CodeIgniter))
13 FCPATH\index.php(63): CodeIgniter\Boot::bootWeb(Object(Config\Paths))
WARNING - 2025-06-07 14:29:46 --> [DEPRECATED] Passing lowercase HTTP method "post" is deprecated. Use uppercase HTTP method like "POST". in SYSTEMPATH\Router\RouteCollection.php on line 1027.
 1 SYSTEMPATH\Router\RouteCollection.php(1027): trigger_error('Passing lowercase HTTP method "post" is deprecated. Use uppercase HTTP method like "POST".', 16384)
 2 APPPATH\Config\Routes\UserRoutes.php(49): CodeIgniter\Router\RouteCollection->match([...], 'submit_review', 'ClientController::submit_review', [...])
 3 APPPATH\Config\Routes\UserRoutes.php(26): App\Config\Routes\UserRoutes::defineRoutes(Object(CodeIgniter\Router\RouteCollection))
 4 SYSTEMPATH\Router\RouteCollection.php(800): App\Config\Routes\UserRoutes::App\Config\Routes\{closure}(Object(CodeIgniter\Router\RouteCollection))
 5 APPPATH\Config\Routes\UserRoutes.php(25): CodeIgniter\Router\RouteCollection->group('{locale}', Object(Closure))
 6 APPPATH\Config\Routes.php(21): App\Config\Routes\UserRoutes::init(Object(CodeIgniter\Router\RouteCollection))
 7 SYSTEMPATH\Router\RouteCollection.php(340): require('C:\\xampp\\htdocs\\smartstore\\app\\Config\\Routes.php')
 8 SYSTEMPATH\CodeIgniter.php(823): CodeIgniter\Router\RouteCollection->loadRoutes()
 9 SYSTEMPATH\CodeIgniter.php(457): CodeIgniter\CodeIgniter->tryToRouteIt(null)
10 SYSTEMPATH\CodeIgniter.php(355): CodeIgniter\CodeIgniter->handleRequest(null, Object(Config\Cache), false)
11 SYSTEMPATH\Boot.php(325): CodeIgniter\CodeIgniter->run()
12 SYSTEMPATH\Boot.php(67): CodeIgniter\Boot::runCodeIgniter(Object(CodeIgniter\CodeIgniter))
13 FCPATH\index.php(63): CodeIgniter\Boot::bootWeb(Object(Config\Paths))
WARNING - 2025-06-07 14:29:46 --> [DEPRECATED] Passing lowercase HTTP method "get" is deprecated. Use uppercase HTTP method like "GET". in SYSTEMPATH\Router\RouteCollection.php on line 1027.
 1 SYSTEMPATH\Router\RouteCollection.php(1027): trigger_error('Passing lowercase HTTP method "get" is deprecated. Use uppercase HTTP method like "GET".', 16384)
 2 APPPATH\Config\Routes\UserRoutes.php(63): CodeIgniter\Router\RouteCollection->match([...], 'track-order', 'OrderController::track_order', [...])
 3 APPPATH\Config\Routes\UserRoutes.php(26): App\Config\Routes\UserRoutes::defineRoutes(Object(CodeIgniter\Router\RouteCollection))
 4 SYSTEMPATH\Router\RouteCollection.php(800): App\Config\Routes\UserRoutes::App\Config\Routes\{closure}(Object(CodeIgniter\Router\RouteCollection))
 5 APPPATH\Config\Routes\UserRoutes.php(25): CodeIgniter\Router\RouteCollection->group('{locale}', Object(Closure))
 6 APPPATH\Config\Routes.php(21): App\Config\Routes\UserRoutes::init(Object(CodeIgniter\Router\RouteCollection))
 7 SYSTEMPATH\Router\RouteCollection.php(340): require('C:\\xampp\\htdocs\\smartstore\\app\\Config\\Routes.php')
 8 SYSTEMPATH\CodeIgniter.php(823): CodeIgniter\Router\RouteCollection->loadRoutes()
 9 SYSTEMPATH\CodeIgniter.php(457): CodeIgniter\CodeIgniter->tryToRouteIt(null)
10 SYSTEMPATH\CodeIgniter.php(355): CodeIgniter\CodeIgniter->handleRequest(null, Object(Config\Cache), false)
11 SYSTEMPATH\Boot.php(325): CodeIgniter\CodeIgniter->run()
12 SYSTEMPATH\Boot.php(67): CodeIgniter\Boot::runCodeIgniter(Object(CodeIgniter\CodeIgniter))
13 FCPATH\index.php(63): CodeIgniter\Boot::bootWeb(Object(Config\Paths))
WARNING - 2025-06-07 14:29:46 --> [DEPRECATED] Passing lowercase HTTP method "post" is deprecated. Use uppercase HTTP method like "POST". in SYSTEMPATH\Router\RouteCollection.php on line 1027.
 1 SYSTEMPATH\Router\RouteCollection.php(1027): trigger_error('Passing lowercase HTTP method "post" is deprecated. Use uppercase HTTP method like "POST".', 16384)
 2 APPPATH\Config\Routes\UserRoutes.php(63): CodeIgniter\Router\RouteCollection->match([...], 'track-order', 'OrderController::track_order', [...])
 3 APPPATH\Config\Routes\UserRoutes.php(26): App\Config\Routes\UserRoutes::defineRoutes(Object(CodeIgniter\Router\RouteCollection))
 4 SYSTEMPATH\Router\RouteCollection.php(800): App\Config\Routes\UserRoutes::App\Config\Routes\{closure}(Object(CodeIgniter\Router\RouteCollection))
 5 APPPATH\Config\Routes\UserRoutes.php(25): CodeIgniter\Router\RouteCollection->group('{locale}', Object(Closure))
 6 APPPATH\Config\Routes.php(21): App\Config\Routes\UserRoutes::init(Object(CodeIgniter\Router\RouteCollection))
 7 SYSTEMPATH\Router\RouteCollection.php(340): require('C:\\xampp\\htdocs\\smartstore\\app\\Config\\Routes.php')
 8 SYSTEMPATH\CodeIgniter.php(823): CodeIgniter\Router\RouteCollection->loadRoutes()
 9 SYSTEMPATH\CodeIgniter.php(457): CodeIgniter\CodeIgniter->tryToRouteIt(null)
10 SYSTEMPATH\CodeIgniter.php(355): CodeIgniter\CodeIgniter->handleRequest(null, Object(Config\Cache), false)
11 SYSTEMPATH\Boot.php(325): CodeIgniter\CodeIgniter->run()
12 SYSTEMPATH\Boot.php(67): CodeIgniter\Boot::runCodeIgniter(Object(CodeIgniter\CodeIgniter))
13 FCPATH\index.php(63): CodeIgniter\Boot::bootWeb(Object(Config\Paths))
INFO - 2025-06-07 14:29:46 --> Session: Class initialized using 'CodeIgniter\Session\Handlers\FileHandler' driver.
WARNING - 2025-06-07 14:29:47 --> [DEPRECATED] Creation of dynamic property App\Controllers\Public\PageController::$load_files is deprecated in APPPATH\Controllers\Public\PageController.php on line 21.
 1 SYSTEMPATH\CodeIgniter.php(903): App\Controllers\Public\PageController->__construct()
 2 SYSTEMPATH\CodeIgniter.php(500): CodeIgniter\CodeIgniter->createController()
 3 SYSTEMPATH\CodeIgniter.php(355): CodeIgniter\CodeIgniter->handleRequest(null, Object(Config\Cache), false)
 4 SYSTEMPATH\Boot.php(325): CodeIgniter\CodeIgniter->run()
 5 SYSTEMPATH\Boot.php(67): CodeIgniter\Boot::runCodeIgniter(Object(CodeIgniter\CodeIgniter))
 6 FCPATH\index.php(63): CodeIgniter\Boot::bootWeb(Object(Config\Paths))
WARNING - 2025-06-07 14:29:47 --> [DEPRECATED] Creation of dynamic property App\Controllers\Public\PageController::$page_title is deprecated in APPPATH\Controllers\Public\PageController.php on line 22.
 1 SYSTEMPATH\CodeIgniter.php(903): App\Controllers\Public\PageController->__construct()
 2 SYSTEMPATH\CodeIgniter.php(500): CodeIgniter\CodeIgniter->createController()
 3 SYSTEMPATH\CodeIgniter.php(355): CodeIgniter\CodeIgniter->handleRequest(null, Object(Config\Cache), false)
 4 SYSTEMPATH\Boot.php(325): CodeIgniter\CodeIgniter->run()
 5 SYSTEMPATH\Boot.php(67): CodeIgniter\Boot::runCodeIgniter(Object(CodeIgniter\CodeIgniter))
 6 FCPATH\index.php(63): CodeIgniter\Boot::bootWeb(Object(Config\Paths))
ERROR - 2025-06-07 14:29:52 --> GeoPlugin request failed: 28 : Operation timed out after 5005 milliseconds with 0 bytes received
WARNING - 2025-06-07 14:30:27 --> [DEPRECATED] Passing lowercase HTTP method "get" is deprecated. Use uppercase HTTP method like "GET". in SYSTEMPATH\Router\RouteCollection.php on line 1027.
 1 SYSTEMPATH\Router\RouteCollection.php(1027): trigger_error('Passing lowercase HTTP method "get" is deprecated. Use uppercase HTTP method like "GET".', 16384)
 2 APPPATH\Config\Routes\AdminRoutes.php(65): CodeIgniter\Router\RouteCollection->match([...], 'send_test_mail', 'SettingsController::send_test_mail')
 3 SYSTEMPATH\Router\RouteCollection.php(800): App\Config\Routes\AdminRoutes::App\Config\Routes\{closure}(Object(CodeIgniter\Router\RouteCollection))
 4 APPPATH\Config\Routes\AdminRoutes.php(63): CodeIgniter\Router\RouteCollection->group('settings', [...], Object(Closure))
 5 SYSTEMPATH\Router\RouteCollection.php(800): App\Config\Routes\AdminRoutes::App\Config\Routes\{closure}(Object(CodeIgniter\Router\RouteCollection))
 6 APPPATH\Config\Routes\AdminRoutes.php(28): CodeIgniter\Router\RouteCollection->group('admin', [...], Object(Closure))
 7 APPPATH\Config\Routes.php(20): App\Config\Routes\AdminRoutes::init(Object(CodeIgniter\Router\RouteCollection))
 8 SYSTEMPATH\Router\RouteCollection.php(340): require('C:\\xampp\\htdocs\\smartstore\\app\\Config\\Routes.php')
 9 SYSTEMPATH\CodeIgniter.php(823): CodeIgniter\Router\RouteCollection->loadRoutes()
10 SYSTEMPATH\CodeIgniter.php(457): CodeIgniter\CodeIgniter->tryToRouteIt(null)
11 SYSTEMPATH\CodeIgniter.php(355): CodeIgniter\CodeIgniter->handleRequest(null, Object(Config\Cache), false)
12 SYSTEMPATH\Boot.php(325): CodeIgniter\CodeIgniter->run()
13 SYSTEMPATH\Boot.php(67): CodeIgniter\Boot::runCodeIgniter(Object(CodeIgniter\CodeIgniter))
14 FCPATH\index.php(63): CodeIgniter\Boot::bootWeb(Object(Config\Paths))
WARNING - 2025-06-07 14:30:27 --> [DEPRECATED] Passing lowercase HTTP method "post" is deprecated. Use uppercase HTTP method like "POST". in SYSTEMPATH\Router\RouteCollection.php on line 1027.
 1 SYSTEMPATH\Router\RouteCollection.php(1027): trigger_error('Passing lowercase HTTP method "post" is deprecated. Use uppercase HTTP method like "POST".', 16384)
 2 APPPATH\Config\Routes\AdminRoutes.php(65): CodeIgniter\Router\RouteCollection->match([...], 'send_test_mail', 'SettingsController::send_test_mail')
 3 SYSTEMPATH\Router\RouteCollection.php(800): App\Config\Routes\AdminRoutes::App\Config\Routes\{closure}(Object(CodeIgniter\Router\RouteCollection))
 4 APPPATH\Config\Routes\AdminRoutes.php(63): CodeIgniter\Router\RouteCollection->group('settings', [...], Object(Closure))
 5 SYSTEMPATH\Router\RouteCollection.php(800): App\Config\Routes\AdminRoutes::App\Config\Routes\{closure}(Object(CodeIgniter\Router\RouteCollection))
 6 APPPATH\Config\Routes\AdminRoutes.php(28): CodeIgniter\Router\RouteCollection->group('admin', [...], Object(Closure))
 7 APPPATH\Config\Routes.php(20): App\Config\Routes\AdminRoutes::init(Object(CodeIgniter\Router\RouteCollection))
 8 SYSTEMPATH\Router\RouteCollection.php(340): require('C:\\xampp\\htdocs\\smartstore\\app\\Config\\Routes.php')
 9 SYSTEMPATH\CodeIgniter.php(823): CodeIgniter\Router\RouteCollection->loadRoutes()
10 SYSTEMPATH\CodeIgniter.php(457): CodeIgniter\CodeIgniter->tryToRouteIt(null)
11 SYSTEMPATH\CodeIgniter.php(355): CodeIgniter\CodeIgniter->handleRequest(null, Object(Config\Cache), false)
12 SYSTEMPATH\Boot.php(325): CodeIgniter\CodeIgniter->run()
13 SYSTEMPATH\Boot.php(67): CodeIgniter\Boot::runCodeIgniter(Object(CodeIgniter\CodeIgniter))
14 FCPATH\index.php(63): CodeIgniter\Boot::bootWeb(Object(Config\Paths))
WARNING - 2025-06-07 14:30:27 --> [DEPRECATED] Passing lowercase HTTP method "get" is deprecated. Use uppercase HTTP method like "GET". in SYSTEMPATH\Router\RouteCollection.php on line 1027.
 1 SYSTEMPATH\Router\RouteCollection.php(1027): trigger_error('Passing lowercase HTTP method "get" is deprecated. Use uppercase HTTP method like "GET".', 16384)
 2 APPPATH\Config\Routes\AdminRoutes.php(76): CodeIgniter\Router\RouteCollection->match([...], 'elfinder_connector', 'FilemanagerController::elfinder_connector')
 3 SYSTEMPATH\Router\RouteCollection.php(800): App\Config\Routes\AdminRoutes::App\Config\Routes\{closure}(Object(CodeIgniter\Router\RouteCollection))
 4 APPPATH\Config\Routes\AdminRoutes.php(73): CodeIgniter\Router\RouteCollection->group('filemanager', [...], Object(Closure))
 5 SYSTEMPATH\Router\RouteCollection.php(800): App\Config\Routes\AdminRoutes::App\Config\Routes\{closure}(Object(CodeIgniter\Router\RouteCollection))
 6 APPPATH\Config\Routes\AdminRoutes.php(28): CodeIgniter\Router\RouteCollection->group('admin', [...], Object(Closure))
 7 APPPATH\Config\Routes.php(20): App\Config\Routes\AdminRoutes::init(Object(CodeIgniter\Router\RouteCollection))
 8 SYSTEMPATH\Router\RouteCollection.php(340): require('C:\\xampp\\htdocs\\smartstore\\app\\Config\\Routes.php')
 9 SYSTEMPATH\CodeIgniter.php(823): CodeIgniter\Router\RouteCollection->loadRoutes()
10 SYSTEMPATH\CodeIgniter.php(457): CodeIgniter\CodeIgniter->tryToRouteIt(null)
11 SYSTEMPATH\CodeIgniter.php(355): CodeIgniter\CodeIgniter->handleRequest(null, Object(Config\Cache), false)
12 SYSTEMPATH\Boot.php(325): CodeIgniter\CodeIgniter->run()
13 SYSTEMPATH\Boot.php(67): CodeIgniter\Boot::runCodeIgniter(Object(CodeIgniter\CodeIgniter))
14 FCPATH\index.php(63): CodeIgniter\Boot::bootWeb(Object(Config\Paths))
WARNING - 2025-06-07 14:30:27 --> [DEPRECATED] Passing lowercase HTTP method "post" is deprecated. Use uppercase HTTP method like "POST". in SYSTEMPATH\Router\RouteCollection.php on line 1027.
 1 SYSTEMPATH\Router\RouteCollection.php(1027): trigger_error('Passing lowercase HTTP method "post" is deprecated. Use uppercase HTTP method like "POST".', 16384)
 2 APPPATH\Config\Routes\AdminRoutes.php(76): CodeIgniter\Router\RouteCollection->match([...], 'elfinder_connector', 'FilemanagerController::elfinder_connector')
 3 SYSTEMPATH\Router\RouteCollection.php(800): App\Config\Routes\AdminRoutes::App\Config\Routes\{closure}(Object(CodeIgniter\Router\RouteCollection))
 4 APPPATH\Config\Routes\AdminRoutes.php(73): CodeIgniter\Router\RouteCollection->group('filemanager', [...], Object(Closure))
 5 SYSTEMPATH\Router\RouteCollection.php(800): App\Config\Routes\AdminRoutes::App\Config\Routes\{closure}(Object(CodeIgniter\Router\RouteCollection))
 6 APPPATH\Config\Routes\AdminRoutes.php(28): CodeIgniter\Router\RouteCollection->group('admin', [...], Object(Closure))
 7 APPPATH\Config\Routes.php(20): App\Config\Routes\AdminRoutes::init(Object(CodeIgniter\Router\RouteCollection))
 8 SYSTEMPATH\Router\RouteCollection.php(340): require('C:\\xampp\\htdocs\\smartstore\\app\\Config\\Routes.php')
 9 SYSTEMPATH\CodeIgniter.php(823): CodeIgniter\Router\RouteCollection->loadRoutes()
10 SYSTEMPATH\CodeIgniter.php(457): CodeIgniter\CodeIgniter->tryToRouteIt(null)
11 SYSTEMPATH\CodeIgniter.php(355): CodeIgniter\CodeIgniter->handleRequest(null, Object(Config\Cache), false)
12 SYSTEMPATH\Boot.php(325): CodeIgniter\CodeIgniter->run()
13 SYSTEMPATH\Boot.php(67): CodeIgniter\Boot::runCodeIgniter(Object(CodeIgniter\CodeIgniter))
14 FCPATH\index.php(63): CodeIgniter\Boot::bootWeb(Object(Config\Paths))
WARNING - 2025-06-07 14:30:27 --> [DEPRECATED] Passing lowercase HTTP method "get" is deprecated. Use uppercase HTTP method like "GET". in SYSTEMPATH\Router\RouteCollection.php on line 1027.
 1 SYSTEMPATH\Router\RouteCollection.php(1027): trigger_error('Passing lowercase HTTP method "get" is deprecated. Use uppercase HTTP method like "GET".', 16384)
 2 APPPATH\Config\Routes\AdminRoutes.php(172): CodeIgniter\Router\RouteCollection->match([...], 'sync_services/?(:num)?', 'ProvidersController::sync_services/$1')
 3 SYSTEMPATH\Router\RouteCollection.php(800): App\Config\Routes\AdminRoutes::App\Config\Routes\{closure}(Object(CodeIgniter\Router\RouteCollection))
 4 APPPATH\Config\Routes\AdminRoutes.php(167): CodeIgniter\Router\RouteCollection->group('providers', [...], Object(Closure))
 5 SYSTEMPATH\Router\RouteCollection.php(800): App\Config\Routes\AdminRoutes::App\Config\Routes\{closure}(Object(CodeIgniter\Router\RouteCollection))
 6 APPPATH\Config\Routes\AdminRoutes.php(28): CodeIgniter\Router\RouteCollection->group('admin', [...], Object(Closure))
 7 APPPATH\Config\Routes.php(20): App\Config\Routes\AdminRoutes::init(Object(CodeIgniter\Router\RouteCollection))
 8 SYSTEMPATH\Router\RouteCollection.php(340): require('C:\\xampp\\htdocs\\smartstore\\app\\Config\\Routes.php')
 9 SYSTEMPATH\CodeIgniter.php(823): CodeIgniter\Router\RouteCollection->loadRoutes()
10 SYSTEMPATH\CodeIgniter.php(457): CodeIgniter\CodeIgniter->tryToRouteIt(null)
11 SYSTEMPATH\CodeIgniter.php(355): CodeIgniter\CodeIgniter->handleRequest(null, Object(Config\Cache), false)
12 SYSTEMPATH\Boot.php(325): CodeIgniter\CodeIgniter->run()
13 SYSTEMPATH\Boot.php(67): CodeIgniter\Boot::runCodeIgniter(Object(CodeIgniter\CodeIgniter))
14 FCPATH\index.php(63): CodeIgniter\Boot::bootWeb(Object(Config\Paths))
WARNING - 2025-06-07 14:30:27 --> [DEPRECATED] Passing lowercase HTTP method "post" is deprecated. Use uppercase HTTP method like "POST". in SYSTEMPATH\Router\RouteCollection.php on line 1027.
 1 SYSTEMPATH\Router\RouteCollection.php(1027): trigger_error('Passing lowercase HTTP method "post" is deprecated. Use uppercase HTTP method like "POST".', 16384)
 2 APPPATH\Config\Routes\AdminRoutes.php(172): CodeIgniter\Router\RouteCollection->match([...], 'sync_services/?(:num)?', 'ProvidersController::sync_services/$1')
 3 SYSTEMPATH\Router\RouteCollection.php(800): App\Config\Routes\AdminRoutes::App\Config\Routes\{closure}(Object(CodeIgniter\Router\RouteCollection))
 4 APPPATH\Config\Routes\AdminRoutes.php(167): CodeIgniter\Router\RouteCollection->group('providers', [...], Object(Closure))
 5 SYSTEMPATH\Router\RouteCollection.php(800): App\Config\Routes\AdminRoutes::App\Config\Routes\{closure}(Object(CodeIgniter\Router\RouteCollection))
 6 APPPATH\Config\Routes\AdminRoutes.php(28): CodeIgniter\Router\RouteCollection->group('admin', [...], Object(Closure))
 7 APPPATH\Config\Routes.php(20): App\Config\Routes\AdminRoutes::init(Object(CodeIgniter\Router\RouteCollection))
 8 SYSTEMPATH\Router\RouteCollection.php(340): require('C:\\xampp\\htdocs\\smartstore\\app\\Config\\Routes.php')
 9 SYSTEMPATH\CodeIgniter.php(823): CodeIgniter\Router\RouteCollection->loadRoutes()
10 SYSTEMPATH\CodeIgniter.php(457): CodeIgniter\CodeIgniter->tryToRouteIt(null)
11 SYSTEMPATH\CodeIgniter.php(355): CodeIgniter\CodeIgniter->handleRequest(null, Object(Config\Cache), false)
12 SYSTEMPATH\Boot.php(325): CodeIgniter\CodeIgniter->run()
13 SYSTEMPATH\Boot.php(67): CodeIgniter\Boot::runCodeIgniter(Object(CodeIgniter\CodeIgniter))
14 FCPATH\index.php(63): CodeIgniter\Boot::bootWeb(Object(Config\Paths))
WARNING - 2025-06-07 14:30:27 --> [DEPRECATED] Passing lowercase HTTP method "get" is deprecated. Use uppercase HTTP method like "GET". in SYSTEMPATH\Router\RouteCollection.php on line 1027.
 1 SYSTEMPATH\Router\RouteCollection.php(1027): trigger_error('Passing lowercase HTTP method "get" is deprecated. Use uppercase HTTP method like "GET".', 16384)
 2 APPPATH\Config\Routes\AdminRoutes.php(185): CodeIgniter\Router\RouteCollection->match([...], 'add_note/?(:num)?', 'UsersController::add_note/$1')
 3 SYSTEMPATH\Router\RouteCollection.php(800): App\Config\Routes\AdminRoutes::App\Config\Routes\{closure}(Object(CodeIgniter\Router\RouteCollection))
 4 APPPATH\Config\Routes\AdminRoutes.php(182): CodeIgniter\Router\RouteCollection->group('users', [...], Object(Closure))
 5 SYSTEMPATH\Router\RouteCollection.php(800): App\Config\Routes\AdminRoutes::App\Config\Routes\{closure}(Object(CodeIgniter\Router\RouteCollection))
 6 APPPATH\Config\Routes\AdminRoutes.php(28): CodeIgniter\Router\RouteCollection->group('admin', [...], Object(Closure))
 7 APPPATH\Config\Routes.php(20): App\Config\Routes\AdminRoutes::init(Object(CodeIgniter\Router\RouteCollection))
 8 SYSTEMPATH\Router\RouteCollection.php(340): require('C:\\xampp\\htdocs\\smartstore\\app\\Config\\Routes.php')
 9 SYSTEMPATH\CodeIgniter.php(823): CodeIgniter\Router\RouteCollection->loadRoutes()
10 SYSTEMPATH\CodeIgniter.php(457): CodeIgniter\CodeIgniter->tryToRouteIt(null)
11 SYSTEMPATH\CodeIgniter.php(355): CodeIgniter\CodeIgniter->handleRequest(null, Object(Config\Cache), false)
12 SYSTEMPATH\Boot.php(325): CodeIgniter\CodeIgniter->run()
13 SYSTEMPATH\Boot.php(67): CodeIgniter\Boot::runCodeIgniter(Object(CodeIgniter\CodeIgniter))
14 FCPATH\index.php(63): CodeIgniter\Boot::bootWeb(Object(Config\Paths))
WARNING - 2025-06-07 14:30:27 --> [DEPRECATED] Passing lowercase HTTP method "post" is deprecated. Use uppercase HTTP method like "POST". in SYSTEMPATH\Router\RouteCollection.php on line 1027.
 1 SYSTEMPATH\Router\RouteCollection.php(1027): trigger_error('Passing lowercase HTTP method "post" is deprecated. Use uppercase HTTP method like "POST".', 16384)
 2 APPPATH\Config\Routes\AdminRoutes.php(185): CodeIgniter\Router\RouteCollection->match([...], 'add_note/?(:num)?', 'UsersController::add_note/$1')
 3 SYSTEMPATH\Router\RouteCollection.php(800): App\Config\Routes\AdminRoutes::App\Config\Routes\{closure}(Object(CodeIgniter\Router\RouteCollection))
 4 APPPATH\Config\Routes\AdminRoutes.php(182): CodeIgniter\Router\RouteCollection->group('users', [...], Object(Closure))
 5 SYSTEMPATH\Router\RouteCollection.php(800): App\Config\Routes\AdminRoutes::App\Config\Routes\{closure}(Object(CodeIgniter\Router\RouteCollection))
 6 APPPATH\Config\Routes\AdminRoutes.php(28): CodeIgniter\Router\RouteCollection->group('admin', [...], Object(Closure))
 7 APPPATH\Config\Routes.php(20): App\Config\Routes\AdminRoutes::init(Object(CodeIgniter\Router\RouteCollection))
 8 SYSTEMPATH\Router\RouteCollection.php(340): require('C:\\xampp\\htdocs\\smartstore\\app\\Config\\Routes.php')
 9 SYSTEMPATH\CodeIgniter.php(823): CodeIgniter\Router\RouteCollection->loadRoutes()
10 SYSTEMPATH\CodeIgniter.php(457): CodeIgniter\CodeIgniter->tryToRouteIt(null)
11 SYSTEMPATH\CodeIgniter.php(355): CodeIgniter\CodeIgniter->handleRequest(null, Object(Config\Cache), false)
12 SYSTEMPATH\Boot.php(325): CodeIgniter\CodeIgniter->run()
13 SYSTEMPATH\Boot.php(67): CodeIgniter\Boot::runCodeIgniter(Object(CodeIgniter\CodeIgniter))
14 FCPATH\index.php(63): CodeIgniter\Boot::bootWeb(Object(Config\Paths))
WARNING - 2025-06-07 14:30:27 --> [DEPRECATED] Passing lowercase HTTP method "get" is deprecated. Use uppercase HTTP method like "GET". in SYSTEMPATH\Router\RouteCollection.php on line 1027.
 1 SYSTEMPATH\Router\RouteCollection.php(1027): trigger_error('Passing lowercase HTTP method "get" is deprecated. Use uppercase HTTP method like "GET".', 16384)
 2 APPPATH\Config\Routes\AdminRoutes.php(186): CodeIgniter\Router\RouteCollection->match([...], 'send_mail/?(:num)?', 'UsersController::send_mail/$1')
 3 SYSTEMPATH\Router\RouteCollection.php(800): App\Config\Routes\AdminRoutes::App\Config\Routes\{closure}(Object(CodeIgniter\Router\RouteCollection))
 4 APPPATH\Config\Routes\AdminRoutes.php(182): CodeIgniter\Router\RouteCollection->group('users', [...], Object(Closure))
 5 SYSTEMPATH\Router\RouteCollection.php(800): App\Config\Routes\AdminRoutes::App\Config\Routes\{closure}(Object(CodeIgniter\Router\RouteCollection))
 6 APPPATH\Config\Routes\AdminRoutes.php(28): CodeIgniter\Router\RouteCollection->group('admin', [...], Object(Closure))
 7 APPPATH\Config\Routes.php(20): App\Config\Routes\AdminRoutes::init(Object(CodeIgniter\Router\RouteCollection))
 8 SYSTEMPATH\Router\RouteCollection.php(340): require('C:\\xampp\\htdocs\\smartstore\\app\\Config\\Routes.php')
 9 SYSTEMPATH\CodeIgniter.php(823): CodeIgniter\Router\RouteCollection->loadRoutes()
10 SYSTEMPATH\CodeIgniter.php(457): CodeIgniter\CodeIgniter->tryToRouteIt(null)
11 SYSTEMPATH\CodeIgniter.php(355): CodeIgniter\CodeIgniter->handleRequest(null, Object(Config\Cache), false)
12 SYSTEMPATH\Boot.php(325): CodeIgniter\CodeIgniter->run()
13 SYSTEMPATH\Boot.php(67): CodeIgniter\Boot::runCodeIgniter(Object(CodeIgniter\CodeIgniter))
14 FCPATH\index.php(63): CodeIgniter\Boot::bootWeb(Object(Config\Paths))
WARNING - 2025-06-07 14:30:27 --> [DEPRECATED] Passing lowercase HTTP method "post" is deprecated. Use uppercase HTTP method like "POST". in SYSTEMPATH\Router\RouteCollection.php on line 1027.
 1 SYSTEMPATH\Router\RouteCollection.php(1027): trigger_error('Passing lowercase HTTP method "post" is deprecated. Use uppercase HTTP method like "POST".', 16384)
 2 APPPATH\Config\Routes\AdminRoutes.php(186): CodeIgniter\Router\RouteCollection->match([...], 'send_mail/?(:num)?', 'UsersController::send_mail/$1')
 3 SYSTEMPATH\Router\RouteCollection.php(800): App\Config\Routes\AdminRoutes::App\Config\Routes\{closure}(Object(CodeIgniter\Router\RouteCollection))
 4 APPPATH\Config\Routes\AdminRoutes.php(182): CodeIgniter\Router\RouteCollection->group('users', [...], Object(Closure))
 5 SYSTEMPATH\Router\RouteCollection.php(800): App\Config\Routes\AdminRoutes::App\Config\Routes\{closure}(Object(CodeIgniter\Router\RouteCollection))
 6 APPPATH\Config\Routes\AdminRoutes.php(28): CodeIgniter\Router\RouteCollection->group('admin', [...], Object(Closure))
 7 APPPATH\Config\Routes.php(20): App\Config\Routes\AdminRoutes::init(Object(CodeIgniter\Router\RouteCollection))
 8 SYSTEMPATH\Router\RouteCollection.php(340): require('C:\\xampp\\htdocs\\smartstore\\app\\Config\\Routes.php')
 9 SYSTEMPATH\CodeIgniter.php(823): CodeIgniter\Router\RouteCollection->loadRoutes()
10 SYSTEMPATH\CodeIgniter.php(457): CodeIgniter\CodeIgniter->tryToRouteIt(null)
11 SYSTEMPATH\CodeIgniter.php(355): CodeIgniter\CodeIgniter->handleRequest(null, Object(Config\Cache), false)
12 SYSTEMPATH\Boot.php(325): CodeIgniter\CodeIgniter->run()
13 SYSTEMPATH\Boot.php(67): CodeIgniter\Boot::runCodeIgniter(Object(CodeIgniter\CodeIgniter))
14 FCPATH\index.php(63): CodeIgniter\Boot::bootWeb(Object(Config\Paths))
WARNING - 2025-06-07 14:30:27 --> [DEPRECATED] Passing lowercase HTTP method "get" is deprecated. Use uppercase HTTP method like "GET". in SYSTEMPATH\Router\RouteCollection.php on line 1027.
 1 SYSTEMPATH\Router\RouteCollection.php(1027): trigger_error('Passing lowercase HTTP method "get" is deprecated. Use uppercase HTTP method like "GET".', 16384)
 2 APPPATH\Config\Routes\AdminRoutes.php(215): CodeIgniter\Router\RouteCollection->match([...], 'send_mail/?(:num)?', 'TicketsController::send_mail/$1')
 3 SYSTEMPATH\Router\RouteCollection.php(800): App\Config\Routes\AdminRoutes::App\Config\Routes\{closure}(Object(CodeIgniter\Router\RouteCollection))
 4 APPPATH\Config\Routes\AdminRoutes.php(212): CodeIgniter\Router\RouteCollection->group('tickets', [...], Object(Closure))
 5 SYSTEMPATH\Router\RouteCollection.php(800): App\Config\Routes\AdminRoutes::App\Config\Routes\{closure}(Object(CodeIgniter\Router\RouteCollection))
 6 APPPATH\Config\Routes\AdminRoutes.php(28): CodeIgniter\Router\RouteCollection->group('admin', [...], Object(Closure))
 7 APPPATH\Config\Routes.php(20): App\Config\Routes\AdminRoutes::init(Object(CodeIgniter\Router\RouteCollection))
 8 SYSTEMPATH\Router\RouteCollection.php(340): require('C:\\xampp\\htdocs\\smartstore\\app\\Config\\Routes.php')
 9 SYSTEMPATH\CodeIgniter.php(823): CodeIgniter\Router\RouteCollection->loadRoutes()
10 SYSTEMPATH\CodeIgniter.php(457): CodeIgniter\CodeIgniter->tryToRouteIt(null)
11 SYSTEMPATH\CodeIgniter.php(355): CodeIgniter\CodeIgniter->handleRequest(null, Object(Config\Cache), false)
12 SYSTEMPATH\Boot.php(325): CodeIgniter\CodeIgniter->run()
13 SYSTEMPATH\Boot.php(67): CodeIgniter\Boot::runCodeIgniter(Object(CodeIgniter\CodeIgniter))
14 FCPATH\index.php(63): CodeIgniter\Boot::bootWeb(Object(Config\Paths))
WARNING - 2025-06-07 14:30:27 --> [DEPRECATED] Passing lowercase HTTP method "post" is deprecated. Use uppercase HTTP method like "POST". in SYSTEMPATH\Router\RouteCollection.php on line 1027.
 1 SYSTEMPATH\Router\RouteCollection.php(1027): trigger_error('Passing lowercase HTTP method "post" is deprecated. Use uppercase HTTP method like "POST".', 16384)
 2 APPPATH\Config\Routes\AdminRoutes.php(215): CodeIgniter\Router\RouteCollection->match([...], 'send_mail/?(:num)?', 'TicketsController::send_mail/$1')
 3 SYSTEMPATH\Router\RouteCollection.php(800): App\Config\Routes\AdminRoutes::App\Config\Routes\{closure}(Object(CodeIgniter\Router\RouteCollection))
 4 APPPATH\Config\Routes\AdminRoutes.php(212): CodeIgniter\Router\RouteCollection->group('tickets', [...], Object(Closure))
 5 SYSTEMPATH\Router\RouteCollection.php(800): App\Config\Routes\AdminRoutes::App\Config\Routes\{closure}(Object(CodeIgniter\Router\RouteCollection))
 6 APPPATH\Config\Routes\AdminRoutes.php(28): CodeIgniter\Router\RouteCollection->group('admin', [...], Object(Closure))
 7 APPPATH\Config\Routes.php(20): App\Config\Routes\AdminRoutes::init(Object(CodeIgniter\Router\RouteCollection))
 8 SYSTEMPATH\Router\RouteCollection.php(340): require('C:\\xampp\\htdocs\\smartstore\\app\\Config\\Routes.php')
 9 SYSTEMPATH\CodeIgniter.php(823): CodeIgniter\Router\RouteCollection->loadRoutes()
10 SYSTEMPATH\CodeIgniter.php(457): CodeIgniter\CodeIgniter->tryToRouteIt(null)
11 SYSTEMPATH\CodeIgniter.php(355): CodeIgniter\CodeIgniter->handleRequest(null, Object(Config\Cache), false)
12 SYSTEMPATH\Boot.php(325): CodeIgniter\CodeIgniter->run()
13 SYSTEMPATH\Boot.php(67): CodeIgniter\Boot::runCodeIgniter(Object(CodeIgniter\CodeIgniter))
14 FCPATH\index.php(63): CodeIgniter\Boot::bootWeb(Object(Config\Paths))
WARNING - 2025-06-07 14:30:27 --> [DEPRECATED] Passing lowercase HTTP method "get" is deprecated. Use uppercase HTTP method like "GET". in SYSTEMPATH\Router\RouteCollection.php on line 1027.
 1 SYSTEMPATH\Router\RouteCollection.php(1027): trigger_error('Passing lowercase HTTP method "get" is deprecated. Use uppercase HTTP method like "GET".', 16384)
 2 APPPATH\Config\Routes\UserRoutes.php(49): CodeIgniter\Router\RouteCollection->match([...], 'submit_review', 'ClientController::submit_review', [...])
 3 APPPATH\Config\Routes\UserRoutes.php(23): App\Config\Routes\UserRoutes::defineRoutes(Object(CodeIgniter\Router\RouteCollection))
 4 APPPATH\Config\Routes.php(21): App\Config\Routes\UserRoutes::init(Object(CodeIgniter\Router\RouteCollection))
 5 SYSTEMPATH\Router\RouteCollection.php(340): require('C:\\xampp\\htdocs\\smartstore\\app\\Config\\Routes.php')
 6 SYSTEMPATH\CodeIgniter.php(823): CodeIgniter\Router\RouteCollection->loadRoutes()
 7 SYSTEMPATH\CodeIgniter.php(457): CodeIgniter\CodeIgniter->tryToRouteIt(null)
 8 SYSTEMPATH\CodeIgniter.php(355): CodeIgniter\CodeIgniter->handleRequest(null, Object(Config\Cache), false)
 9 SYSTEMPATH\Boot.php(325): CodeIgniter\CodeIgniter->run()
10 SYSTEMPATH\Boot.php(67): CodeIgniter\Boot::runCodeIgniter(Object(CodeIgniter\CodeIgniter))
11 FCPATH\index.php(63): CodeIgniter\Boot::bootWeb(Object(Config\Paths))
WARNING - 2025-06-07 14:30:27 --> [DEPRECATED] Passing lowercase HTTP method "post" is deprecated. Use uppercase HTTP method like "POST". in SYSTEMPATH\Router\RouteCollection.php on line 1027.
 1 SYSTEMPATH\Router\RouteCollection.php(1027): trigger_error('Passing lowercase HTTP method "post" is deprecated. Use uppercase HTTP method like "POST".', 16384)
 2 APPPATH\Config\Routes\UserRoutes.php(49): CodeIgniter\Router\RouteCollection->match([...], 'submit_review', 'ClientController::submit_review', [...])
 3 APPPATH\Config\Routes\UserRoutes.php(23): App\Config\Routes\UserRoutes::defineRoutes(Object(CodeIgniter\Router\RouteCollection))
 4 APPPATH\Config\Routes.php(21): App\Config\Routes\UserRoutes::init(Object(CodeIgniter\Router\RouteCollection))
 5 SYSTEMPATH\Router\RouteCollection.php(340): require('C:\\xampp\\htdocs\\smartstore\\app\\Config\\Routes.php')
 6 SYSTEMPATH\CodeIgniter.php(823): CodeIgniter\Router\RouteCollection->loadRoutes()
 7 SYSTEMPATH\CodeIgniter.php(457): CodeIgniter\CodeIgniter->tryToRouteIt(null)
 8 SYSTEMPATH\CodeIgniter.php(355): CodeIgniter\CodeIgniter->handleRequest(null, Object(Config\Cache), false)
 9 SYSTEMPATH\Boot.php(325): CodeIgniter\CodeIgniter->run()
10 SYSTEMPATH\Boot.php(67): CodeIgniter\Boot::runCodeIgniter(Object(CodeIgniter\CodeIgniter))
11 FCPATH\index.php(63): CodeIgniter\Boot::bootWeb(Object(Config\Paths))
WARNING - 2025-06-07 14:30:27 --> [DEPRECATED] Passing lowercase HTTP method "get" is deprecated. Use uppercase HTTP method like "GET". in SYSTEMPATH\Router\RouteCollection.php on line 1027.
 1 SYSTEMPATH\Router\RouteCollection.php(1027): trigger_error('Passing lowercase HTTP method "get" is deprecated. Use uppercase HTTP method like "GET".', 16384)
 2 APPPATH\Config\Routes\UserRoutes.php(63): CodeIgniter\Router\RouteCollection->match([...], 'track-order', 'OrderController::track_order', [...])
 3 APPPATH\Config\Routes\UserRoutes.php(23): App\Config\Routes\UserRoutes::defineRoutes(Object(CodeIgniter\Router\RouteCollection))
 4 APPPATH\Config\Routes.php(21): App\Config\Routes\UserRoutes::init(Object(CodeIgniter\Router\RouteCollection))
 5 SYSTEMPATH\Router\RouteCollection.php(340): require('C:\\xampp\\htdocs\\smartstore\\app\\Config\\Routes.php')
 6 SYSTEMPATH\CodeIgniter.php(823): CodeIgniter\Router\RouteCollection->loadRoutes()
 7 SYSTEMPATH\CodeIgniter.php(457): CodeIgniter\CodeIgniter->tryToRouteIt(null)
 8 SYSTEMPATH\CodeIgniter.php(355): CodeIgniter\CodeIgniter->handleRequest(null, Object(Config\Cache), false)
 9 SYSTEMPATH\Boot.php(325): CodeIgniter\CodeIgniter->run()
10 SYSTEMPATH\Boot.php(67): CodeIgniter\Boot::runCodeIgniter(Object(CodeIgniter\CodeIgniter))
11 FCPATH\index.php(63): CodeIgniter\Boot::bootWeb(Object(Config\Paths))
WARNING - 2025-06-07 14:30:27 --> [DEPRECATED] Passing lowercase HTTP method "post" is deprecated. Use uppercase HTTP method like "POST". in SYSTEMPATH\Router\RouteCollection.php on line 1027.
 1 SYSTEMPATH\Router\RouteCollection.php(1027): trigger_error('Passing lowercase HTTP method "post" is deprecated. Use uppercase HTTP method like "POST".', 16384)
 2 APPPATH\Config\Routes\UserRoutes.php(63): CodeIgniter\Router\RouteCollection->match([...], 'track-order', 'OrderController::track_order', [...])
 3 APPPATH\Config\Routes\UserRoutes.php(23): App\Config\Routes\UserRoutes::defineRoutes(Object(CodeIgniter\Router\RouteCollection))
 4 APPPATH\Config\Routes.php(21): App\Config\Routes\UserRoutes::init(Object(CodeIgniter\Router\RouteCollection))
 5 SYSTEMPATH\Router\RouteCollection.php(340): require('C:\\xampp\\htdocs\\smartstore\\app\\Config\\Routes.php')
 6 SYSTEMPATH\CodeIgniter.php(823): CodeIgniter\Router\RouteCollection->loadRoutes()
 7 SYSTEMPATH\CodeIgniter.php(457): CodeIgniter\CodeIgniter->tryToRouteIt(null)
 8 SYSTEMPATH\CodeIgniter.php(355): CodeIgniter\CodeIgniter->handleRequest(null, Object(Config\Cache), false)
 9 SYSTEMPATH\Boot.php(325): CodeIgniter\CodeIgniter->run()
10 SYSTEMPATH\Boot.php(67): CodeIgniter\Boot::runCodeIgniter(Object(CodeIgniter\CodeIgniter))
11 FCPATH\index.php(63): CodeIgniter\Boot::bootWeb(Object(Config\Paths))
WARNING - 2025-06-07 14:30:27 --> [DEPRECATED] Passing lowercase HTTP method "get" is deprecated. Use uppercase HTTP method like "GET". in SYSTEMPATH\Router\RouteCollection.php on line 1027.
 1 SYSTEMPATH\Router\RouteCollection.php(1027): trigger_error('Passing lowercase HTTP method "get" is deprecated. Use uppercase HTTP method like "GET".', 16384)
 2 APPPATH\Config\Routes\UserRoutes.php(49): CodeIgniter\Router\RouteCollection->match([...], 'submit_review', 'ClientController::submit_review', [...])
 3 APPPATH\Config\Routes\UserRoutes.php(26): App\Config\Routes\UserRoutes::defineRoutes(Object(CodeIgniter\Router\RouteCollection))
 4 SYSTEMPATH\Router\RouteCollection.php(800): App\Config\Routes\UserRoutes::App\Config\Routes\{closure}(Object(CodeIgniter\Router\RouteCollection))
 5 APPPATH\Config\Routes\UserRoutes.php(25): CodeIgniter\Router\RouteCollection->group('{locale}', Object(Closure))
 6 APPPATH\Config\Routes.php(21): App\Config\Routes\UserRoutes::init(Object(CodeIgniter\Router\RouteCollection))
 7 SYSTEMPATH\Router\RouteCollection.php(340): require('C:\\xampp\\htdocs\\smartstore\\app\\Config\\Routes.php')
 8 SYSTEMPATH\CodeIgniter.php(823): CodeIgniter\Router\RouteCollection->loadRoutes()
 9 SYSTEMPATH\CodeIgniter.php(457): CodeIgniter\CodeIgniter->tryToRouteIt(null)
10 SYSTEMPATH\CodeIgniter.php(355): CodeIgniter\CodeIgniter->handleRequest(null, Object(Config\Cache), false)
11 SYSTEMPATH\Boot.php(325): CodeIgniter\CodeIgniter->run()
12 SYSTEMPATH\Boot.php(67): CodeIgniter\Boot::runCodeIgniter(Object(CodeIgniter\CodeIgniter))
13 FCPATH\index.php(63): CodeIgniter\Boot::bootWeb(Object(Config\Paths))
WARNING - 2025-06-07 14:30:27 --> [DEPRECATED] Passing lowercase HTTP method "post" is deprecated. Use uppercase HTTP method like "POST". in SYSTEMPATH\Router\RouteCollection.php on line 1027.
 1 SYSTEMPATH\Router\RouteCollection.php(1027): trigger_error('Passing lowercase HTTP method "post" is deprecated. Use uppercase HTTP method like "POST".', 16384)
 2 APPPATH\Config\Routes\UserRoutes.php(49): CodeIgniter\Router\RouteCollection->match([...], 'submit_review', 'ClientController::submit_review', [...])
 3 APPPATH\Config\Routes\UserRoutes.php(26): App\Config\Routes\UserRoutes::defineRoutes(Object(CodeIgniter\Router\RouteCollection))
 4 SYSTEMPATH\Router\RouteCollection.php(800): App\Config\Routes\UserRoutes::App\Config\Routes\{closure}(Object(CodeIgniter\Router\RouteCollection))
 5 APPPATH\Config\Routes\UserRoutes.php(25): CodeIgniter\Router\RouteCollection->group('{locale}', Object(Closure))
 6 APPPATH\Config\Routes.php(21): App\Config\Routes\UserRoutes::init(Object(CodeIgniter\Router\RouteCollection))
 7 SYSTEMPATH\Router\RouteCollection.php(340): require('C:\\xampp\\htdocs\\smartstore\\app\\Config\\Routes.php')
 8 SYSTEMPATH\CodeIgniter.php(823): CodeIgniter\Router\RouteCollection->loadRoutes()
 9 SYSTEMPATH\CodeIgniter.php(457): CodeIgniter\CodeIgniter->tryToRouteIt(null)
10 SYSTEMPATH\CodeIgniter.php(355): CodeIgniter\CodeIgniter->handleRequest(null, Object(Config\Cache), false)
11 SYSTEMPATH\Boot.php(325): CodeIgniter\CodeIgniter->run()
12 SYSTEMPATH\Boot.php(67): CodeIgniter\Boot::runCodeIgniter(Object(CodeIgniter\CodeIgniter))
13 FCPATH\index.php(63): CodeIgniter\Boot::bootWeb(Object(Config\Paths))
WARNING - 2025-06-07 14:30:27 --> [DEPRECATED] Passing lowercase HTTP method "get" is deprecated. Use uppercase HTTP method like "GET". in SYSTEMPATH\Router\RouteCollection.php on line 1027.
 1 SYSTEMPATH\Router\RouteCollection.php(1027): trigger_error('Passing lowercase HTTP method "get" is deprecated. Use uppercase HTTP method like "GET".', 16384)
 2 APPPATH\Config\Routes\UserRoutes.php(63): CodeIgniter\Router\RouteCollection->match([...], 'track-order', 'OrderController::track_order', [...])
 3 APPPATH\Config\Routes\UserRoutes.php(26): App\Config\Routes\UserRoutes::defineRoutes(Object(CodeIgniter\Router\RouteCollection))
 4 SYSTEMPATH\Router\RouteCollection.php(800): App\Config\Routes\UserRoutes::App\Config\Routes\{closure}(Object(CodeIgniter\Router\RouteCollection))
 5 APPPATH\Config\Routes\UserRoutes.php(25): CodeIgniter\Router\RouteCollection->group('{locale}', Object(Closure))
 6 APPPATH\Config\Routes.php(21): App\Config\Routes\UserRoutes::init(Object(CodeIgniter\Router\RouteCollection))
 7 SYSTEMPATH\Router\RouteCollection.php(340): require('C:\\xampp\\htdocs\\smartstore\\app\\Config\\Routes.php')
 8 SYSTEMPATH\CodeIgniter.php(823): CodeIgniter\Router\RouteCollection->loadRoutes()
 9 SYSTEMPATH\CodeIgniter.php(457): CodeIgniter\CodeIgniter->tryToRouteIt(null)
10 SYSTEMPATH\CodeIgniter.php(355): CodeIgniter\CodeIgniter->handleRequest(null, Object(Config\Cache), false)
11 SYSTEMPATH\Boot.php(325): CodeIgniter\CodeIgniter->run()
12 SYSTEMPATH\Boot.php(67): CodeIgniter\Boot::runCodeIgniter(Object(CodeIgniter\CodeIgniter))
13 FCPATH\index.php(63): CodeIgniter\Boot::bootWeb(Object(Config\Paths))
WARNING - 2025-06-07 14:30:27 --> [DEPRECATED] Passing lowercase HTTP method "post" is deprecated. Use uppercase HTTP method like "POST". in SYSTEMPATH\Router\RouteCollection.php on line 1027.
 1 SYSTEMPATH\Router\RouteCollection.php(1027): trigger_error('Passing lowercase HTTP method "post" is deprecated. Use uppercase HTTP method like "POST".', 16384)
 2 APPPATH\Config\Routes\UserRoutes.php(63): CodeIgniter\Router\RouteCollection->match([...], 'track-order', 'OrderController::track_order', [...])
 3 APPPATH\Config\Routes\UserRoutes.php(26): App\Config\Routes\UserRoutes::defineRoutes(Object(CodeIgniter\Router\RouteCollection))
 4 SYSTEMPATH\Router\RouteCollection.php(800): App\Config\Routes\UserRoutes::App\Config\Routes\{closure}(Object(CodeIgniter\Router\RouteCollection))
 5 APPPATH\Config\Routes\UserRoutes.php(25): CodeIgniter\Router\RouteCollection->group('{locale}', Object(Closure))
 6 APPPATH\Config\Routes.php(21): App\Config\Routes\UserRoutes::init(Object(CodeIgniter\Router\RouteCollection))
 7 SYSTEMPATH\Router\RouteCollection.php(340): require('C:\\xampp\\htdocs\\smartstore\\app\\Config\\Routes.php')
 8 SYSTEMPATH\CodeIgniter.php(823): CodeIgniter\Router\RouteCollection->loadRoutes()
 9 SYSTEMPATH\CodeIgniter.php(457): CodeIgniter\CodeIgniter->tryToRouteIt(null)
10 SYSTEMPATH\CodeIgniter.php(355): CodeIgniter\CodeIgniter->handleRequest(null, Object(Config\Cache), false)
11 SYSTEMPATH\Boot.php(325): CodeIgniter\CodeIgniter->run()
12 SYSTEMPATH\Boot.php(67): CodeIgniter\Boot::runCodeIgniter(Object(CodeIgniter\CodeIgniter))
13 FCPATH\index.php(63): CodeIgniter\Boot::bootWeb(Object(Config\Paths))
WARNING - 2025-06-07 14:30:44 --> [DEPRECATED] Passing lowercase HTTP method "get" is deprecated. Use uppercase HTTP method like "GET". in SYSTEMPATH\Router\RouteCollection.php on line 1027.
 1 SYSTEMPATH\Router\RouteCollection.php(1027): trigger_error('Passing lowercase HTTP method "get" is deprecated. Use uppercase HTTP method like "GET".', 16384)
 2 APPPATH\Config\Routes\AdminRoutes.php(65): CodeIgniter\Router\RouteCollection->match([...], 'send_test_mail', 'SettingsController::send_test_mail')
 3 SYSTEMPATH\Router\RouteCollection.php(800): App\Config\Routes\AdminRoutes::App\Config\Routes\{closure}(Object(CodeIgniter\Router\RouteCollection))
 4 APPPATH\Config\Routes\AdminRoutes.php(63): CodeIgniter\Router\RouteCollection->group('settings', [...], Object(Closure))
 5 SYSTEMPATH\Router\RouteCollection.php(800): App\Config\Routes\AdminRoutes::App\Config\Routes\{closure}(Object(CodeIgniter\Router\RouteCollection))
 6 APPPATH\Config\Routes\AdminRoutes.php(28): CodeIgniter\Router\RouteCollection->group('admin', [...], Object(Closure))
 7 APPPATH\Config\Routes.php(20): App\Config\Routes\AdminRoutes::init(Object(CodeIgniter\Router\RouteCollection))
 8 SYSTEMPATH\Router\RouteCollection.php(340): require('C:\\xampp\\htdocs\\smartstore\\app\\Config\\Routes.php')
 9 SYSTEMPATH\CodeIgniter.php(823): CodeIgniter\Router\RouteCollection->loadRoutes()
10 SYSTEMPATH\CodeIgniter.php(457): CodeIgniter\CodeIgniter->tryToRouteIt(null)
11 SYSTEMPATH\CodeIgniter.php(355): CodeIgniter\CodeIgniter->handleRequest(null, Object(Config\Cache), false)
12 SYSTEMPATH\Boot.php(325): CodeIgniter\CodeIgniter->run()
13 SYSTEMPATH\Boot.php(67): CodeIgniter\Boot::runCodeIgniter(Object(CodeIgniter\CodeIgniter))
14 FCPATH\index.php(63): CodeIgniter\Boot::bootWeb(Object(Config\Paths))
WARNING - 2025-06-07 14:30:44 --> [DEPRECATED] Passing lowercase HTTP method "post" is deprecated. Use uppercase HTTP method like "POST". in SYSTEMPATH\Router\RouteCollection.php on line 1027.
 1 SYSTEMPATH\Router\RouteCollection.php(1027): trigger_error('Passing lowercase HTTP method "post" is deprecated. Use uppercase HTTP method like "POST".', 16384)
 2 APPPATH\Config\Routes\AdminRoutes.php(65): CodeIgniter\Router\RouteCollection->match([...], 'send_test_mail', 'SettingsController::send_test_mail')
 3 SYSTEMPATH\Router\RouteCollection.php(800): App\Config\Routes\AdminRoutes::App\Config\Routes\{closure}(Object(CodeIgniter\Router\RouteCollection))
 4 APPPATH\Config\Routes\AdminRoutes.php(63): CodeIgniter\Router\RouteCollection->group('settings', [...], Object(Closure))
 5 SYSTEMPATH\Router\RouteCollection.php(800): App\Config\Routes\AdminRoutes::App\Config\Routes\{closure}(Object(CodeIgniter\Router\RouteCollection))
 6 APPPATH\Config\Routes\AdminRoutes.php(28): CodeIgniter\Router\RouteCollection->group('admin', [...], Object(Closure))
 7 APPPATH\Config\Routes.php(20): App\Config\Routes\AdminRoutes::init(Object(CodeIgniter\Router\RouteCollection))
 8 SYSTEMPATH\Router\RouteCollection.php(340): require('C:\\xampp\\htdocs\\smartstore\\app\\Config\\Routes.php')
 9 SYSTEMPATH\CodeIgniter.php(823): CodeIgniter\Router\RouteCollection->loadRoutes()
10 SYSTEMPATH\CodeIgniter.php(457): CodeIgniter\CodeIgniter->tryToRouteIt(null)
11 SYSTEMPATH\CodeIgniter.php(355): CodeIgniter\CodeIgniter->handleRequest(null, Object(Config\Cache), false)
12 SYSTEMPATH\Boot.php(325): CodeIgniter\CodeIgniter->run()
13 SYSTEMPATH\Boot.php(67): CodeIgniter\Boot::runCodeIgniter(Object(CodeIgniter\CodeIgniter))
14 FCPATH\index.php(63): CodeIgniter\Boot::bootWeb(Object(Config\Paths))
WARNING - 2025-06-07 14:30:44 --> [DEPRECATED] Passing lowercase HTTP method "get" is deprecated. Use uppercase HTTP method like "GET". in SYSTEMPATH\Router\RouteCollection.php on line 1027.
 1 SYSTEMPATH\Router\RouteCollection.php(1027): trigger_error('Passing lowercase HTTP method "get" is deprecated. Use uppercase HTTP method like "GET".', 16384)
 2 APPPATH\Config\Routes\AdminRoutes.php(76): CodeIgniter\Router\RouteCollection->match([...], 'elfinder_connector', 'FilemanagerController::elfinder_connector')
 3 SYSTEMPATH\Router\RouteCollection.php(800): App\Config\Routes\AdminRoutes::App\Config\Routes\{closure}(Object(CodeIgniter\Router\RouteCollection))
 4 APPPATH\Config\Routes\AdminRoutes.php(73): CodeIgniter\Router\RouteCollection->group('filemanager', [...], Object(Closure))
 5 SYSTEMPATH\Router\RouteCollection.php(800): App\Config\Routes\AdminRoutes::App\Config\Routes\{closure}(Object(CodeIgniter\Router\RouteCollection))
 6 APPPATH\Config\Routes\AdminRoutes.php(28): CodeIgniter\Router\RouteCollection->group('admin', [...], Object(Closure))
 7 APPPATH\Config\Routes.php(20): App\Config\Routes\AdminRoutes::init(Object(CodeIgniter\Router\RouteCollection))
 8 SYSTEMPATH\Router\RouteCollection.php(340): require('C:\\xampp\\htdocs\\smartstore\\app\\Config\\Routes.php')
 9 SYSTEMPATH\CodeIgniter.php(823): CodeIgniter\Router\RouteCollection->loadRoutes()
10 SYSTEMPATH\CodeIgniter.php(457): CodeIgniter\CodeIgniter->tryToRouteIt(null)
11 SYSTEMPATH\CodeIgniter.php(355): CodeIgniter\CodeIgniter->handleRequest(null, Object(Config\Cache), false)
12 SYSTEMPATH\Boot.php(325): CodeIgniter\CodeIgniter->run()
13 SYSTEMPATH\Boot.php(67): CodeIgniter\Boot::runCodeIgniter(Object(CodeIgniter\CodeIgniter))
14 FCPATH\index.php(63): CodeIgniter\Boot::bootWeb(Object(Config\Paths))
WARNING - 2025-06-07 14:30:44 --> [DEPRECATED] Passing lowercase HTTP method "post" is deprecated. Use uppercase HTTP method like "POST". in SYSTEMPATH\Router\RouteCollection.php on line 1027.
 1 SYSTEMPATH\Router\RouteCollection.php(1027): trigger_error('Passing lowercase HTTP method "post" is deprecated. Use uppercase HTTP method like "POST".', 16384)
 2 APPPATH\Config\Routes\AdminRoutes.php(76): CodeIgniter\Router\RouteCollection->match([...], 'elfinder_connector', 'FilemanagerController::elfinder_connector')
 3 SYSTEMPATH\Router\RouteCollection.php(800): App\Config\Routes\AdminRoutes::App\Config\Routes\{closure}(Object(CodeIgniter\Router\RouteCollection))
 4 APPPATH\Config\Routes\AdminRoutes.php(73): CodeIgniter\Router\RouteCollection->group('filemanager', [...], Object(Closure))
 5 SYSTEMPATH\Router\RouteCollection.php(800): App\Config\Routes\AdminRoutes::App\Config\Routes\{closure}(Object(CodeIgniter\Router\RouteCollection))
 6 APPPATH\Config\Routes\AdminRoutes.php(28): CodeIgniter\Router\RouteCollection->group('admin', [...], Object(Closure))
 7 APPPATH\Config\Routes.php(20): App\Config\Routes\AdminRoutes::init(Object(CodeIgniter\Router\RouteCollection))
 8 SYSTEMPATH\Router\RouteCollection.php(340): require('C:\\xampp\\htdocs\\smartstore\\app\\Config\\Routes.php')
 9 SYSTEMPATH\CodeIgniter.php(823): CodeIgniter\Router\RouteCollection->loadRoutes()
10 SYSTEMPATH\CodeIgniter.php(457): CodeIgniter\CodeIgniter->tryToRouteIt(null)
11 SYSTEMPATH\CodeIgniter.php(355): CodeIgniter\CodeIgniter->handleRequest(null, Object(Config\Cache), false)
12 SYSTEMPATH\Boot.php(325): CodeIgniter\CodeIgniter->run()
13 SYSTEMPATH\Boot.php(67): CodeIgniter\Boot::runCodeIgniter(Object(CodeIgniter\CodeIgniter))
14 FCPATH\index.php(63): CodeIgniter\Boot::bootWeb(Object(Config\Paths))
WARNING - 2025-06-07 14:30:44 --> [DEPRECATED] Passing lowercase HTTP method "get" is deprecated. Use uppercase HTTP method like "GET". in SYSTEMPATH\Router\RouteCollection.php on line 1027.
 1 SYSTEMPATH\Router\RouteCollection.php(1027): trigger_error('Passing lowercase HTTP method "get" is deprecated. Use uppercase HTTP method like "GET".', 16384)
 2 APPPATH\Config\Routes\AdminRoutes.php(172): CodeIgniter\Router\RouteCollection->match([...], 'sync_services/?(:num)?', 'ProvidersController::sync_services/$1')
 3 SYSTEMPATH\Router\RouteCollection.php(800): App\Config\Routes\AdminRoutes::App\Config\Routes\{closure}(Object(CodeIgniter\Router\RouteCollection))
 4 APPPATH\Config\Routes\AdminRoutes.php(167): CodeIgniter\Router\RouteCollection->group('providers', [...], Object(Closure))
 5 SYSTEMPATH\Router\RouteCollection.php(800): App\Config\Routes\AdminRoutes::App\Config\Routes\{closure}(Object(CodeIgniter\Router\RouteCollection))
 6 APPPATH\Config\Routes\AdminRoutes.php(28): CodeIgniter\Router\RouteCollection->group('admin', [...], Object(Closure))
 7 APPPATH\Config\Routes.php(20): App\Config\Routes\AdminRoutes::init(Object(CodeIgniter\Router\RouteCollection))
 8 SYSTEMPATH\Router\RouteCollection.php(340): require('C:\\xampp\\htdocs\\smartstore\\app\\Config\\Routes.php')
 9 SYSTEMPATH\CodeIgniter.php(823): CodeIgniter\Router\RouteCollection->loadRoutes()
10 SYSTEMPATH\CodeIgniter.php(457): CodeIgniter\CodeIgniter->tryToRouteIt(null)
11 SYSTEMPATH\CodeIgniter.php(355): CodeIgniter\CodeIgniter->handleRequest(null, Object(Config\Cache), false)
12 SYSTEMPATH\Boot.php(325): CodeIgniter\CodeIgniter->run()
13 SYSTEMPATH\Boot.php(67): CodeIgniter\Boot::runCodeIgniter(Object(CodeIgniter\CodeIgniter))
14 FCPATH\index.php(63): CodeIgniter\Boot::bootWeb(Object(Config\Paths))
WARNING - 2025-06-07 14:30:44 --> [DEPRECATED] Passing lowercase HTTP method "post" is deprecated. Use uppercase HTTP method like "POST". in SYSTEMPATH\Router\RouteCollection.php on line 1027.
 1 SYSTEMPATH\Router\RouteCollection.php(1027): trigger_error('Passing lowercase HTTP method "post" is deprecated. Use uppercase HTTP method like "POST".', 16384)
 2 APPPATH\Config\Routes\AdminRoutes.php(172): CodeIgniter\Router\RouteCollection->match([...], 'sync_services/?(:num)?', 'ProvidersController::sync_services/$1')
 3 SYSTEMPATH\Router\RouteCollection.php(800): App\Config\Routes\AdminRoutes::App\Config\Routes\{closure}(Object(CodeIgniter\Router\RouteCollection))
 4 APPPATH\Config\Routes\AdminRoutes.php(167): CodeIgniter\Router\RouteCollection->group('providers', [...], Object(Closure))
 5 SYSTEMPATH\Router\RouteCollection.php(800): App\Config\Routes\AdminRoutes::App\Config\Routes\{closure}(Object(CodeIgniter\Router\RouteCollection))
 6 APPPATH\Config\Routes\AdminRoutes.php(28): CodeIgniter\Router\RouteCollection->group('admin', [...], Object(Closure))
 7 APPPATH\Config\Routes.php(20): App\Config\Routes\AdminRoutes::init(Object(CodeIgniter\Router\RouteCollection))
 8 SYSTEMPATH\Router\RouteCollection.php(340): require('C:\\xampp\\htdocs\\smartstore\\app\\Config\\Routes.php')
 9 SYSTEMPATH\CodeIgniter.php(823): CodeIgniter\Router\RouteCollection->loadRoutes()
10 SYSTEMPATH\CodeIgniter.php(457): CodeIgniter\CodeIgniter->tryToRouteIt(null)
11 SYSTEMPATH\CodeIgniter.php(355): CodeIgniter\CodeIgniter->handleRequest(null, Object(Config\Cache), false)
12 SYSTEMPATH\Boot.php(325): CodeIgniter\CodeIgniter->run()
13 SYSTEMPATH\Boot.php(67): CodeIgniter\Boot::runCodeIgniter(Object(CodeIgniter\CodeIgniter))
14 FCPATH\index.php(63): CodeIgniter\Boot::bootWeb(Object(Config\Paths))
WARNING - 2025-06-07 14:30:44 --> [DEPRECATED] Passing lowercase HTTP method "get" is deprecated. Use uppercase HTTP method like "GET". in SYSTEMPATH\Router\RouteCollection.php on line 1027.
 1 SYSTEMPATH\Router\RouteCollection.php(1027): trigger_error('Passing lowercase HTTP method "get" is deprecated. Use uppercase HTTP method like "GET".', 16384)
 2 APPPATH\Config\Routes\AdminRoutes.php(185): CodeIgniter\Router\RouteCollection->match([...], 'add_note/?(:num)?', 'UsersController::add_note/$1')
 3 SYSTEMPATH\Router\RouteCollection.php(800): App\Config\Routes\AdminRoutes::App\Config\Routes\{closure}(Object(CodeIgniter\Router\RouteCollection))
 4 APPPATH\Config\Routes\AdminRoutes.php(182): CodeIgniter\Router\RouteCollection->group('users', [...], Object(Closure))
 5 SYSTEMPATH\Router\RouteCollection.php(800): App\Config\Routes\AdminRoutes::App\Config\Routes\{closure}(Object(CodeIgniter\Router\RouteCollection))
 6 APPPATH\Config\Routes\AdminRoutes.php(28): CodeIgniter\Router\RouteCollection->group('admin', [...], Object(Closure))
 7 APPPATH\Config\Routes.php(20): App\Config\Routes\AdminRoutes::init(Object(CodeIgniter\Router\RouteCollection))
 8 SYSTEMPATH\Router\RouteCollection.php(340): require('C:\\xampp\\htdocs\\smartstore\\app\\Config\\Routes.php')
 9 SYSTEMPATH\CodeIgniter.php(823): CodeIgniter\Router\RouteCollection->loadRoutes()
10 SYSTEMPATH\CodeIgniter.php(457): CodeIgniter\CodeIgniter->tryToRouteIt(null)
11 SYSTEMPATH\CodeIgniter.php(355): CodeIgniter\CodeIgniter->handleRequest(null, Object(Config\Cache), false)
12 SYSTEMPATH\Boot.php(325): CodeIgniter\CodeIgniter->run()
13 SYSTEMPATH\Boot.php(67): CodeIgniter\Boot::runCodeIgniter(Object(CodeIgniter\CodeIgniter))
14 FCPATH\index.php(63): CodeIgniter\Boot::bootWeb(Object(Config\Paths))
WARNING - 2025-06-07 14:30:44 --> [DEPRECATED] Passing lowercase HTTP method "post" is deprecated. Use uppercase HTTP method like "POST". in SYSTEMPATH\Router\RouteCollection.php on line 1027.
 1 SYSTEMPATH\Router\RouteCollection.php(1027): trigger_error('Passing lowercase HTTP method "post" is deprecated. Use uppercase HTTP method like "POST".', 16384)
 2 APPPATH\Config\Routes\AdminRoutes.php(185): CodeIgniter\Router\RouteCollection->match([...], 'add_note/?(:num)?', 'UsersController::add_note/$1')
 3 SYSTEMPATH\Router\RouteCollection.php(800): App\Config\Routes\AdminRoutes::App\Config\Routes\{closure}(Object(CodeIgniter\Router\RouteCollection))
 4 APPPATH\Config\Routes\AdminRoutes.php(182): CodeIgniter\Router\RouteCollection->group('users', [...], Object(Closure))
 5 SYSTEMPATH\Router\RouteCollection.php(800): App\Config\Routes\AdminRoutes::App\Config\Routes\{closure}(Object(CodeIgniter\Router\RouteCollection))
 6 APPPATH\Config\Routes\AdminRoutes.php(28): CodeIgniter\Router\RouteCollection->group('admin', [...], Object(Closure))
 7 APPPATH\Config\Routes.php(20): App\Config\Routes\AdminRoutes::init(Object(CodeIgniter\Router\RouteCollection))
 8 SYSTEMPATH\Router\RouteCollection.php(340): require('C:\\xampp\\htdocs\\smartstore\\app\\Config\\Routes.php')
 9 SYSTEMPATH\CodeIgniter.php(823): CodeIgniter\Router\RouteCollection->loadRoutes()
10 SYSTEMPATH\CodeIgniter.php(457): CodeIgniter\CodeIgniter->tryToRouteIt(null)
11 SYSTEMPATH\CodeIgniter.php(355): CodeIgniter\CodeIgniter->handleRequest(null, Object(Config\Cache), false)
12 SYSTEMPATH\Boot.php(325): CodeIgniter\CodeIgniter->run()
13 SYSTEMPATH\Boot.php(67): CodeIgniter\Boot::runCodeIgniter(Object(CodeIgniter\CodeIgniter))
14 FCPATH\index.php(63): CodeIgniter\Boot::bootWeb(Object(Config\Paths))
WARNING - 2025-06-07 14:30:44 --> [DEPRECATED] Passing lowercase HTTP method "get" is deprecated. Use uppercase HTTP method like "GET". in SYSTEMPATH\Router\RouteCollection.php on line 1027.
 1 SYSTEMPATH\Router\RouteCollection.php(1027): trigger_error('Passing lowercase HTTP method "get" is deprecated. Use uppercase HTTP method like "GET".', 16384)
 2 APPPATH\Config\Routes\AdminRoutes.php(186): CodeIgniter\Router\RouteCollection->match([...], 'send_mail/?(:num)?', 'UsersController::send_mail/$1')
 3 SYSTEMPATH\Router\RouteCollection.php(800): App\Config\Routes\AdminRoutes::App\Config\Routes\{closure}(Object(CodeIgniter\Router\RouteCollection))
 4 APPPATH\Config\Routes\AdminRoutes.php(182): CodeIgniter\Router\RouteCollection->group('users', [...], Object(Closure))
 5 SYSTEMPATH\Router\RouteCollection.php(800): App\Config\Routes\AdminRoutes::App\Config\Routes\{closure}(Object(CodeIgniter\Router\RouteCollection))
 6 APPPATH\Config\Routes\AdminRoutes.php(28): CodeIgniter\Router\RouteCollection->group('admin', [...], Object(Closure))
 7 APPPATH\Config\Routes.php(20): App\Config\Routes\AdminRoutes::init(Object(CodeIgniter\Router\RouteCollection))
 8 SYSTEMPATH\Router\RouteCollection.php(340): require('C:\\xampp\\htdocs\\smartstore\\app\\Config\\Routes.php')
 9 SYSTEMPATH\CodeIgniter.php(823): CodeIgniter\Router\RouteCollection->loadRoutes()
10 SYSTEMPATH\CodeIgniter.php(457): CodeIgniter\CodeIgniter->tryToRouteIt(null)
11 SYSTEMPATH\CodeIgniter.php(355): CodeIgniter\CodeIgniter->handleRequest(null, Object(Config\Cache), false)
12 SYSTEMPATH\Boot.php(325): CodeIgniter\CodeIgniter->run()
13 SYSTEMPATH\Boot.php(67): CodeIgniter\Boot::runCodeIgniter(Object(CodeIgniter\CodeIgniter))
14 FCPATH\index.php(63): CodeIgniter\Boot::bootWeb(Object(Config\Paths))
WARNING - 2025-06-07 14:30:44 --> [DEPRECATED] Passing lowercase HTTP method "post" is deprecated. Use uppercase HTTP method like "POST". in SYSTEMPATH\Router\RouteCollection.php on line 1027.
 1 SYSTEMPATH\Router\RouteCollection.php(1027): trigger_error('Passing lowercase HTTP method "post" is deprecated. Use uppercase HTTP method like "POST".', 16384)
 2 APPPATH\Config\Routes\AdminRoutes.php(186): CodeIgniter\Router\RouteCollection->match([...], 'send_mail/?(:num)?', 'UsersController::send_mail/$1')
 3 SYSTEMPATH\Router\RouteCollection.php(800): App\Config\Routes\AdminRoutes::App\Config\Routes\{closure}(Object(CodeIgniter\Router\RouteCollection))
 4 APPPATH\Config\Routes\AdminRoutes.php(182): CodeIgniter\Router\RouteCollection->group('users', [...], Object(Closure))
 5 SYSTEMPATH\Router\RouteCollection.php(800): App\Config\Routes\AdminRoutes::App\Config\Routes\{closure}(Object(CodeIgniter\Router\RouteCollection))
 6 APPPATH\Config\Routes\AdminRoutes.php(28): CodeIgniter\Router\RouteCollection->group('admin', [...], Object(Closure))
 7 APPPATH\Config\Routes.php(20): App\Config\Routes\AdminRoutes::init(Object(CodeIgniter\Router\RouteCollection))
 8 SYSTEMPATH\Router\RouteCollection.php(340): require('C:\\xampp\\htdocs\\smartstore\\app\\Config\\Routes.php')
 9 SYSTEMPATH\CodeIgniter.php(823): CodeIgniter\Router\RouteCollection->loadRoutes()
10 SYSTEMPATH\CodeIgniter.php(457): CodeIgniter\CodeIgniter->tryToRouteIt(null)
11 SYSTEMPATH\CodeIgniter.php(355): CodeIgniter\CodeIgniter->handleRequest(null, Object(Config\Cache), false)
12 SYSTEMPATH\Boot.php(325): CodeIgniter\CodeIgniter->run()
13 SYSTEMPATH\Boot.php(67): CodeIgniter\Boot::runCodeIgniter(Object(CodeIgniter\CodeIgniter))
14 FCPATH\index.php(63): CodeIgniter\Boot::bootWeb(Object(Config\Paths))
WARNING - 2025-06-07 14:30:44 --> [DEPRECATED] Passing lowercase HTTP method "get" is deprecated. Use uppercase HTTP method like "GET". in SYSTEMPATH\Router\RouteCollection.php on line 1027.
 1 SYSTEMPATH\Router\RouteCollection.php(1027): trigger_error('Passing lowercase HTTP method "get" is deprecated. Use uppercase HTTP method like "GET".', 16384)
 2 APPPATH\Config\Routes\AdminRoutes.php(215): CodeIgniter\Router\RouteCollection->match([...], 'send_mail/?(:num)?', 'TicketsController::send_mail/$1')
 3 SYSTEMPATH\Router\RouteCollection.php(800): App\Config\Routes\AdminRoutes::App\Config\Routes\{closure}(Object(CodeIgniter\Router\RouteCollection))
 4 APPPATH\Config\Routes\AdminRoutes.php(212): CodeIgniter\Router\RouteCollection->group('tickets', [...], Object(Closure))
 5 SYSTEMPATH\Router\RouteCollection.php(800): App\Config\Routes\AdminRoutes::App\Config\Routes\{closure}(Object(CodeIgniter\Router\RouteCollection))
 6 APPPATH\Config\Routes\AdminRoutes.php(28): CodeIgniter\Router\RouteCollection->group('admin', [...], Object(Closure))
 7 APPPATH\Config\Routes.php(20): App\Config\Routes\AdminRoutes::init(Object(CodeIgniter\Router\RouteCollection))
 8 SYSTEMPATH\Router\RouteCollection.php(340): require('C:\\xampp\\htdocs\\smartstore\\app\\Config\\Routes.php')
 9 SYSTEMPATH\CodeIgniter.php(823): CodeIgniter\Router\RouteCollection->loadRoutes()
10 SYSTEMPATH\CodeIgniter.php(457): CodeIgniter\CodeIgniter->tryToRouteIt(null)
11 SYSTEMPATH\CodeIgniter.php(355): CodeIgniter\CodeIgniter->handleRequest(null, Object(Config\Cache), false)
12 SYSTEMPATH\Boot.php(325): CodeIgniter\CodeIgniter->run()
13 SYSTEMPATH\Boot.php(67): CodeIgniter\Boot::runCodeIgniter(Object(CodeIgniter\CodeIgniter))
14 FCPATH\index.php(63): CodeIgniter\Boot::bootWeb(Object(Config\Paths))
WARNING - 2025-06-07 14:30:44 --> [DEPRECATED] Passing lowercase HTTP method "post" is deprecated. Use uppercase HTTP method like "POST". in SYSTEMPATH\Router\RouteCollection.php on line 1027.
 1 SYSTEMPATH\Router\RouteCollection.php(1027): trigger_error('Passing lowercase HTTP method "post" is deprecated. Use uppercase HTTP method like "POST".', 16384)
 2 APPPATH\Config\Routes\AdminRoutes.php(215): CodeIgniter\Router\RouteCollection->match([...], 'send_mail/?(:num)?', 'TicketsController::send_mail/$1')
 3 SYSTEMPATH\Router\RouteCollection.php(800): App\Config\Routes\AdminRoutes::App\Config\Routes\{closure}(Object(CodeIgniter\Router\RouteCollection))
 4 APPPATH\Config\Routes\AdminRoutes.php(212): CodeIgniter\Router\RouteCollection->group('tickets', [...], Object(Closure))
 5 SYSTEMPATH\Router\RouteCollection.php(800): App\Config\Routes\AdminRoutes::App\Config\Routes\{closure}(Object(CodeIgniter\Router\RouteCollection))
 6 APPPATH\Config\Routes\AdminRoutes.php(28): CodeIgniter\Router\RouteCollection->group('admin', [...], Object(Closure))
 7 APPPATH\Config\Routes.php(20): App\Config\Routes\AdminRoutes::init(Object(CodeIgniter\Router\RouteCollection))
 8 SYSTEMPATH\Router\RouteCollection.php(340): require('C:\\xampp\\htdocs\\smartstore\\app\\Config\\Routes.php')
 9 SYSTEMPATH\CodeIgniter.php(823): CodeIgniter\Router\RouteCollection->loadRoutes()
10 SYSTEMPATH\CodeIgniter.php(457): CodeIgniter\CodeIgniter->tryToRouteIt(null)
11 SYSTEMPATH\CodeIgniter.php(355): CodeIgniter\CodeIgniter->handleRequest(null, Object(Config\Cache), false)
12 SYSTEMPATH\Boot.php(325): CodeIgniter\CodeIgniter->run()
13 SYSTEMPATH\Boot.php(67): CodeIgniter\Boot::runCodeIgniter(Object(CodeIgniter\CodeIgniter))
14 FCPATH\index.php(63): CodeIgniter\Boot::bootWeb(Object(Config\Paths))
WARNING - 2025-06-07 14:30:44 --> [DEPRECATED] Passing lowercase HTTP method "get" is deprecated. Use uppercase HTTP method like "GET". in SYSTEMPATH\Router\RouteCollection.php on line 1027.
 1 SYSTEMPATH\Router\RouteCollection.php(1027): trigger_error('Passing lowercase HTTP method "get" is deprecated. Use uppercase HTTP method like "GET".', 16384)
 2 APPPATH\Config\Routes\UserRoutes.php(49): CodeIgniter\Router\RouteCollection->match([...], 'submit_review', 'ClientController::submit_review', [...])
 3 APPPATH\Config\Routes\UserRoutes.php(23): App\Config\Routes\UserRoutes::defineRoutes(Object(CodeIgniter\Router\RouteCollection))
 4 APPPATH\Config\Routes.php(21): App\Config\Routes\UserRoutes::init(Object(CodeIgniter\Router\RouteCollection))
 5 SYSTEMPATH\Router\RouteCollection.php(340): require('C:\\xampp\\htdocs\\smartstore\\app\\Config\\Routes.php')
 6 SYSTEMPATH\CodeIgniter.php(823): CodeIgniter\Router\RouteCollection->loadRoutes()
 7 SYSTEMPATH\CodeIgniter.php(457): CodeIgniter\CodeIgniter->tryToRouteIt(null)
 8 SYSTEMPATH\CodeIgniter.php(355): CodeIgniter\CodeIgniter->handleRequest(null, Object(Config\Cache), false)
 9 SYSTEMPATH\Boot.php(325): CodeIgniter\CodeIgniter->run()
10 SYSTEMPATH\Boot.php(67): CodeIgniter\Boot::runCodeIgniter(Object(CodeIgniter\CodeIgniter))
11 FCPATH\index.php(63): CodeIgniter\Boot::bootWeb(Object(Config\Paths))
WARNING - 2025-06-07 14:30:44 --> [DEPRECATED] Passing lowercase HTTP method "post" is deprecated. Use uppercase HTTP method like "POST". in SYSTEMPATH\Router\RouteCollection.php on line 1027.
 1 SYSTEMPATH\Router\RouteCollection.php(1027): trigger_error('Passing lowercase HTTP method "post" is deprecated. Use uppercase HTTP method like "POST".', 16384)
 2 APPPATH\Config\Routes\UserRoutes.php(49): CodeIgniter\Router\RouteCollection->match([...], 'submit_review', 'ClientController::submit_review', [...])
 3 APPPATH\Config\Routes\UserRoutes.php(23): App\Config\Routes\UserRoutes::defineRoutes(Object(CodeIgniter\Router\RouteCollection))
 4 APPPATH\Config\Routes.php(21): App\Config\Routes\UserRoutes::init(Object(CodeIgniter\Router\RouteCollection))
 5 SYSTEMPATH\Router\RouteCollection.php(340): require('C:\\xampp\\htdocs\\smartstore\\app\\Config\\Routes.php')
 6 SYSTEMPATH\CodeIgniter.php(823): CodeIgniter\Router\RouteCollection->loadRoutes()
 7 SYSTEMPATH\CodeIgniter.php(457): CodeIgniter\CodeIgniter->tryToRouteIt(null)
 8 SYSTEMPATH\CodeIgniter.php(355): CodeIgniter\CodeIgniter->handleRequest(null, Object(Config\Cache), false)
 9 SYSTEMPATH\Boot.php(325): CodeIgniter\CodeIgniter->run()
10 SYSTEMPATH\Boot.php(67): CodeIgniter\Boot::runCodeIgniter(Object(CodeIgniter\CodeIgniter))
11 FCPATH\index.php(63): CodeIgniter\Boot::bootWeb(Object(Config\Paths))
WARNING - 2025-06-07 14:30:44 --> [DEPRECATED] Passing lowercase HTTP method "get" is deprecated. Use uppercase HTTP method like "GET". in SYSTEMPATH\Router\RouteCollection.php on line 1027.
 1 SYSTEMPATH\Router\RouteCollection.php(1027): trigger_error('Passing lowercase HTTP method "get" is deprecated. Use uppercase HTTP method like "GET".', 16384)
 2 APPPATH\Config\Routes\UserRoutes.php(63): CodeIgniter\Router\RouteCollection->match([...], 'track-order', 'OrderController::track_order', [...])
 3 APPPATH\Config\Routes\UserRoutes.php(23): App\Config\Routes\UserRoutes::defineRoutes(Object(CodeIgniter\Router\RouteCollection))
 4 APPPATH\Config\Routes.php(21): App\Config\Routes\UserRoutes::init(Object(CodeIgniter\Router\RouteCollection))
 5 SYSTEMPATH\Router\RouteCollection.php(340): require('C:\\xampp\\htdocs\\smartstore\\app\\Config\\Routes.php')
 6 SYSTEMPATH\CodeIgniter.php(823): CodeIgniter\Router\RouteCollection->loadRoutes()
 7 SYSTEMPATH\CodeIgniter.php(457): CodeIgniter\CodeIgniter->tryToRouteIt(null)
 8 SYSTEMPATH\CodeIgniter.php(355): CodeIgniter\CodeIgniter->handleRequest(null, Object(Config\Cache), false)
 9 SYSTEMPATH\Boot.php(325): CodeIgniter\CodeIgniter->run()
10 SYSTEMPATH\Boot.php(67): CodeIgniter\Boot::runCodeIgniter(Object(CodeIgniter\CodeIgniter))
11 FCPATH\index.php(63): CodeIgniter\Boot::bootWeb(Object(Config\Paths))
WARNING - 2025-06-07 14:30:44 --> [DEPRECATED] Passing lowercase HTTP method "post" is deprecated. Use uppercase HTTP method like "POST". in SYSTEMPATH\Router\RouteCollection.php on line 1027.
 1 SYSTEMPATH\Router\RouteCollection.php(1027): trigger_error('Passing lowercase HTTP method "post" is deprecated. Use uppercase HTTP method like "POST".', 16384)
 2 APPPATH\Config\Routes\UserRoutes.php(63): CodeIgniter\Router\RouteCollection->match([...], 'track-order', 'OrderController::track_order', [...])
 3 APPPATH\Config\Routes\UserRoutes.php(23): App\Config\Routes\UserRoutes::defineRoutes(Object(CodeIgniter\Router\RouteCollection))
 4 APPPATH\Config\Routes.php(21): App\Config\Routes\UserRoutes::init(Object(CodeIgniter\Router\RouteCollection))
 5 SYSTEMPATH\Router\RouteCollection.php(340): require('C:\\xampp\\htdocs\\smartstore\\app\\Config\\Routes.php')
 6 SYSTEMPATH\CodeIgniter.php(823): CodeIgniter\Router\RouteCollection->loadRoutes()
 7 SYSTEMPATH\CodeIgniter.php(457): CodeIgniter\CodeIgniter->tryToRouteIt(null)
 8 SYSTEMPATH\CodeIgniter.php(355): CodeIgniter\CodeIgniter->handleRequest(null, Object(Config\Cache), false)
 9 SYSTEMPATH\Boot.php(325): CodeIgniter\CodeIgniter->run()
10 SYSTEMPATH\Boot.php(67): CodeIgniter\Boot::runCodeIgniter(Object(CodeIgniter\CodeIgniter))
11 FCPATH\index.php(63): CodeIgniter\Boot::bootWeb(Object(Config\Paths))
WARNING - 2025-06-07 14:30:44 --> [DEPRECATED] Passing lowercase HTTP method "get" is deprecated. Use uppercase HTTP method like "GET". in SYSTEMPATH\Router\RouteCollection.php on line 1027.
 1 SYSTEMPATH\Router\RouteCollection.php(1027): trigger_error('Passing lowercase HTTP method "get" is deprecated. Use uppercase HTTP method like "GET".', 16384)
 2 APPPATH\Config\Routes\UserRoutes.php(49): CodeIgniter\Router\RouteCollection->match([...], 'submit_review', 'ClientController::submit_review', [...])
 3 APPPATH\Config\Routes\UserRoutes.php(26): App\Config\Routes\UserRoutes::defineRoutes(Object(CodeIgniter\Router\RouteCollection))
 4 SYSTEMPATH\Router\RouteCollection.php(800): App\Config\Routes\UserRoutes::App\Config\Routes\{closure}(Object(CodeIgniter\Router\RouteCollection))
 5 APPPATH\Config\Routes\UserRoutes.php(25): CodeIgniter\Router\RouteCollection->group('{locale}', Object(Closure))
 6 APPPATH\Config\Routes.php(21): App\Config\Routes\UserRoutes::init(Object(CodeIgniter\Router\RouteCollection))
 7 SYSTEMPATH\Router\RouteCollection.php(340): require('C:\\xampp\\htdocs\\smartstore\\app\\Config\\Routes.php')
 8 SYSTEMPATH\CodeIgniter.php(823): CodeIgniter\Router\RouteCollection->loadRoutes()
 9 SYSTEMPATH\CodeIgniter.php(457): CodeIgniter\CodeIgniter->tryToRouteIt(null)
10 SYSTEMPATH\CodeIgniter.php(355): CodeIgniter\CodeIgniter->handleRequest(null, Object(Config\Cache), false)
11 SYSTEMPATH\Boot.php(325): CodeIgniter\CodeIgniter->run()
12 SYSTEMPATH\Boot.php(67): CodeIgniter\Boot::runCodeIgniter(Object(CodeIgniter\CodeIgniter))
13 FCPATH\index.php(63): CodeIgniter\Boot::bootWeb(Object(Config\Paths))
WARNING - 2025-06-07 14:30:44 --> [DEPRECATED] Passing lowercase HTTP method "post" is deprecated. Use uppercase HTTP method like "POST". in SYSTEMPATH\Router\RouteCollection.php on line 1027.
 1 SYSTEMPATH\Router\RouteCollection.php(1027): trigger_error('Passing lowercase HTTP method "post" is deprecated. Use uppercase HTTP method like "POST".', 16384)
 2 APPPATH\Config\Routes\UserRoutes.php(49): CodeIgniter\Router\RouteCollection->match([...], 'submit_review', 'ClientController::submit_review', [...])
 3 APPPATH\Config\Routes\UserRoutes.php(26): App\Config\Routes\UserRoutes::defineRoutes(Object(CodeIgniter\Router\RouteCollection))
 4 SYSTEMPATH\Router\RouteCollection.php(800): App\Config\Routes\UserRoutes::App\Config\Routes\{closure}(Object(CodeIgniter\Router\RouteCollection))
 5 APPPATH\Config\Routes\UserRoutes.php(25): CodeIgniter\Router\RouteCollection->group('{locale}', Object(Closure))
 6 APPPATH\Config\Routes.php(21): App\Config\Routes\UserRoutes::init(Object(CodeIgniter\Router\RouteCollection))
 7 SYSTEMPATH\Router\RouteCollection.php(340): require('C:\\xampp\\htdocs\\smartstore\\app\\Config\\Routes.php')
 8 SYSTEMPATH\CodeIgniter.php(823): CodeIgniter\Router\RouteCollection->loadRoutes()
 9 SYSTEMPATH\CodeIgniter.php(457): CodeIgniter\CodeIgniter->tryToRouteIt(null)
10 SYSTEMPATH\CodeIgniter.php(355): CodeIgniter\CodeIgniter->handleRequest(null, Object(Config\Cache), false)
11 SYSTEMPATH\Boot.php(325): CodeIgniter\CodeIgniter->run()
12 SYSTEMPATH\Boot.php(67): CodeIgniter\Boot::runCodeIgniter(Object(CodeIgniter\CodeIgniter))
13 FCPATH\index.php(63): CodeIgniter\Boot::bootWeb(Object(Config\Paths))
WARNING - 2025-06-07 14:30:44 --> [DEPRECATED] Passing lowercase HTTP method "get" is deprecated. Use uppercase HTTP method like "GET". in SYSTEMPATH\Router\RouteCollection.php on line 1027.
 1 SYSTEMPATH\Router\RouteCollection.php(1027): trigger_error('Passing lowercase HTTP method "get" is deprecated. Use uppercase HTTP method like "GET".', 16384)
 2 APPPATH\Config\Routes\UserRoutes.php(63): CodeIgniter\Router\RouteCollection->match([...], 'track-order', 'OrderController::track_order', [...])
 3 APPPATH\Config\Routes\UserRoutes.php(26): App\Config\Routes\UserRoutes::defineRoutes(Object(CodeIgniter\Router\RouteCollection))
 4 SYSTEMPATH\Router\RouteCollection.php(800): App\Config\Routes\UserRoutes::App\Config\Routes\{closure}(Object(CodeIgniter\Router\RouteCollection))
 5 APPPATH\Config\Routes\UserRoutes.php(25): CodeIgniter\Router\RouteCollection->group('{locale}', Object(Closure))
 6 APPPATH\Config\Routes.php(21): App\Config\Routes\UserRoutes::init(Object(CodeIgniter\Router\RouteCollection))
 7 SYSTEMPATH\Router\RouteCollection.php(340): require('C:\\xampp\\htdocs\\smartstore\\app\\Config\\Routes.php')
 8 SYSTEMPATH\CodeIgniter.php(823): CodeIgniter\Router\RouteCollection->loadRoutes()
 9 SYSTEMPATH\CodeIgniter.php(457): CodeIgniter\CodeIgniter->tryToRouteIt(null)
10 SYSTEMPATH\CodeIgniter.php(355): CodeIgniter\CodeIgniter->handleRequest(null, Object(Config\Cache), false)
11 SYSTEMPATH\Boot.php(325): CodeIgniter\CodeIgniter->run()
12 SYSTEMPATH\Boot.php(67): CodeIgniter\Boot::runCodeIgniter(Object(CodeIgniter\CodeIgniter))
13 FCPATH\index.php(63): CodeIgniter\Boot::bootWeb(Object(Config\Paths))
WARNING - 2025-06-07 14:30:44 --> [DEPRECATED] Passing lowercase HTTP method "post" is deprecated. Use uppercase HTTP method like "POST". in SYSTEMPATH\Router\RouteCollection.php on line 1027.
 1 SYSTEMPATH\Router\RouteCollection.php(1027): trigger_error('Passing lowercase HTTP method "post" is deprecated. Use uppercase HTTP method like "POST".', 16384)
 2 APPPATH\Config\Routes\UserRoutes.php(63): CodeIgniter\Router\RouteCollection->match([...], 'track-order', 'OrderController::track_order', [...])
 3 APPPATH\Config\Routes\UserRoutes.php(26): App\Config\Routes\UserRoutes::defineRoutes(Object(CodeIgniter\Router\RouteCollection))
 4 SYSTEMPATH\Router\RouteCollection.php(800): App\Config\Routes\UserRoutes::App\Config\Routes\{closure}(Object(CodeIgniter\Router\RouteCollection))
 5 APPPATH\Config\Routes\UserRoutes.php(25): CodeIgniter\Router\RouteCollection->group('{locale}', Object(Closure))
 6 APPPATH\Config\Routes.php(21): App\Config\Routes\UserRoutes::init(Object(CodeIgniter\Router\RouteCollection))
 7 SYSTEMPATH\Router\RouteCollection.php(340): require('C:\\xampp\\htdocs\\smartstore\\app\\Config\\Routes.php')
 8 SYSTEMPATH\CodeIgniter.php(823): CodeIgniter\Router\RouteCollection->loadRoutes()
 9 SYSTEMPATH\CodeIgniter.php(457): CodeIgniter\CodeIgniter->tryToRouteIt(null)
10 SYSTEMPATH\CodeIgniter.php(355): CodeIgniter\CodeIgniter->handleRequest(null, Object(Config\Cache), false)
11 SYSTEMPATH\Boot.php(325): CodeIgniter\CodeIgniter->run()
12 SYSTEMPATH\Boot.php(67): CodeIgniter\Boot::runCodeIgniter(Object(CodeIgniter\CodeIgniter))
13 FCPATH\index.php(63): CodeIgniter\Boot::bootWeb(Object(Config\Paths))
WARNING - 2025-06-07 14:31:24 --> [DEPRECATED] Passing lowercase HTTP method "get" is deprecated. Use uppercase HTTP method like "GET". in SYSTEMPATH\Router\RouteCollection.php on line 1027.
 1 SYSTEMPATH\Router\RouteCollection.php(1027): trigger_error('Passing lowercase HTTP method "get" is deprecated. Use uppercase HTTP method like "GET".', 16384)
 2 APPPATH\Config\Routes\AdminRoutes.php(65): CodeIgniter\Router\RouteCollection->match([...], 'send_test_mail', 'SettingsController::send_test_mail')
 3 SYSTEMPATH\Router\RouteCollection.php(800): App\Config\Routes\AdminRoutes::App\Config\Routes\{closure}(Object(CodeIgniter\Router\RouteCollection))
 4 APPPATH\Config\Routes\AdminRoutes.php(63): CodeIgniter\Router\RouteCollection->group('settings', [...], Object(Closure))
 5 SYSTEMPATH\Router\RouteCollection.php(800): App\Config\Routes\AdminRoutes::App\Config\Routes\{closure}(Object(CodeIgniter\Router\RouteCollection))
 6 APPPATH\Config\Routes\AdminRoutes.php(28): CodeIgniter\Router\RouteCollection->group('admin', [...], Object(Closure))
 7 APPPATH\Config\Routes.php(20): App\Config\Routes\AdminRoutes::init(Object(CodeIgniter\Router\RouteCollection))
 8 SYSTEMPATH\Router\RouteCollection.php(340): require('C:\\xampp\\htdocs\\smartstore\\app\\Config\\Routes.php')
 9 SYSTEMPATH\CodeIgniter.php(823): CodeIgniter\Router\RouteCollection->loadRoutes()
10 SYSTEMPATH\CodeIgniter.php(457): CodeIgniter\CodeIgniter->tryToRouteIt(null)
11 SYSTEMPATH\CodeIgniter.php(355): CodeIgniter\CodeIgniter->handleRequest(null, Object(Config\Cache), false)
12 SYSTEMPATH\Boot.php(325): CodeIgniter\CodeIgniter->run()
13 SYSTEMPATH\Boot.php(67): CodeIgniter\Boot::runCodeIgniter(Object(CodeIgniter\CodeIgniter))
14 FCPATH\index.php(63): CodeIgniter\Boot::bootWeb(Object(Config\Paths))
WARNING - 2025-06-07 14:31:24 --> [DEPRECATED] Passing lowercase HTTP method "post" is deprecated. Use uppercase HTTP method like "POST". in SYSTEMPATH\Router\RouteCollection.php on line 1027.
 1 SYSTEMPATH\Router\RouteCollection.php(1027): trigger_error('Passing lowercase HTTP method "post" is deprecated. Use uppercase HTTP method like "POST".', 16384)
 2 APPPATH\Config\Routes\AdminRoutes.php(65): CodeIgniter\Router\RouteCollection->match([...], 'send_test_mail', 'SettingsController::send_test_mail')
 3 SYSTEMPATH\Router\RouteCollection.php(800): App\Config\Routes\AdminRoutes::App\Config\Routes\{closure}(Object(CodeIgniter\Router\RouteCollection))
 4 APPPATH\Config\Routes\AdminRoutes.php(63): CodeIgniter\Router\RouteCollection->group('settings', [...], Object(Closure))
 5 SYSTEMPATH\Router\RouteCollection.php(800): App\Config\Routes\AdminRoutes::App\Config\Routes\{closure}(Object(CodeIgniter\Router\RouteCollection))
 6 APPPATH\Config\Routes\AdminRoutes.php(28): CodeIgniter\Router\RouteCollection->group('admin', [...], Object(Closure))
 7 APPPATH\Config\Routes.php(20): App\Config\Routes\AdminRoutes::init(Object(CodeIgniter\Router\RouteCollection))
 8 SYSTEMPATH\Router\RouteCollection.php(340): require('C:\\xampp\\htdocs\\smartstore\\app\\Config\\Routes.php')
 9 SYSTEMPATH\CodeIgniter.php(823): CodeIgniter\Router\RouteCollection->loadRoutes()
10 SYSTEMPATH\CodeIgniter.php(457): CodeIgniter\CodeIgniter->tryToRouteIt(null)
11 SYSTEMPATH\CodeIgniter.php(355): CodeIgniter\CodeIgniter->handleRequest(null, Object(Config\Cache), false)
12 SYSTEMPATH\Boot.php(325): CodeIgniter\CodeIgniter->run()
13 SYSTEMPATH\Boot.php(67): CodeIgniter\Boot::runCodeIgniter(Object(CodeIgniter\CodeIgniter))
14 FCPATH\index.php(63): CodeIgniter\Boot::bootWeb(Object(Config\Paths))
WARNING - 2025-06-07 14:31:24 --> [DEPRECATED] Passing lowercase HTTP method "get" is deprecated. Use uppercase HTTP method like "GET". in SYSTEMPATH\Router\RouteCollection.php on line 1027.
 1 SYSTEMPATH\Router\RouteCollection.php(1027): trigger_error('Passing lowercase HTTP method "get" is deprecated. Use uppercase HTTP method like "GET".', 16384)
 2 APPPATH\Config\Routes\AdminRoutes.php(76): CodeIgniter\Router\RouteCollection->match([...], 'elfinder_connector', 'FilemanagerController::elfinder_connector')
 3 SYSTEMPATH\Router\RouteCollection.php(800): App\Config\Routes\AdminRoutes::App\Config\Routes\{closure}(Object(CodeIgniter\Router\RouteCollection))
 4 APPPATH\Config\Routes\AdminRoutes.php(73): CodeIgniter\Router\RouteCollection->group('filemanager', [...], Object(Closure))
 5 SYSTEMPATH\Router\RouteCollection.php(800): App\Config\Routes\AdminRoutes::App\Config\Routes\{closure}(Object(CodeIgniter\Router\RouteCollection))
 6 APPPATH\Config\Routes\AdminRoutes.php(28): CodeIgniter\Router\RouteCollection->group('admin', [...], Object(Closure))
 7 APPPATH\Config\Routes.php(20): App\Config\Routes\AdminRoutes::init(Object(CodeIgniter\Router\RouteCollection))
 8 SYSTEMPATH\Router\RouteCollection.php(340): require('C:\\xampp\\htdocs\\smartstore\\app\\Config\\Routes.php')
 9 SYSTEMPATH\CodeIgniter.php(823): CodeIgniter\Router\RouteCollection->loadRoutes()
10 SYSTEMPATH\CodeIgniter.php(457): CodeIgniter\CodeIgniter->tryToRouteIt(null)
11 SYSTEMPATH\CodeIgniter.php(355): CodeIgniter\CodeIgniter->handleRequest(null, Object(Config\Cache), false)
12 SYSTEMPATH\Boot.php(325): CodeIgniter\CodeIgniter->run()
13 SYSTEMPATH\Boot.php(67): CodeIgniter\Boot::runCodeIgniter(Object(CodeIgniter\CodeIgniter))
14 FCPATH\index.php(63): CodeIgniter\Boot::bootWeb(Object(Config\Paths))
WARNING - 2025-06-07 14:31:24 --> [DEPRECATED] Passing lowercase HTTP method "post" is deprecated. Use uppercase HTTP method like "POST". in SYSTEMPATH\Router\RouteCollection.php on line 1027.
 1 SYSTEMPATH\Router\RouteCollection.php(1027): trigger_error('Passing lowercase HTTP method "post" is deprecated. Use uppercase HTTP method like "POST".', 16384)
 2 APPPATH\Config\Routes\AdminRoutes.php(76): CodeIgniter\Router\RouteCollection->match([...], 'elfinder_connector', 'FilemanagerController::elfinder_connector')
 3 SYSTEMPATH\Router\RouteCollection.php(800): App\Config\Routes\AdminRoutes::App\Config\Routes\{closure}(Object(CodeIgniter\Router\RouteCollection))
 4 APPPATH\Config\Routes\AdminRoutes.php(73): CodeIgniter\Router\RouteCollection->group('filemanager', [...], Object(Closure))
 5 SYSTEMPATH\Router\RouteCollection.php(800): App\Config\Routes\AdminRoutes::App\Config\Routes\{closure}(Object(CodeIgniter\Router\RouteCollection))
 6 APPPATH\Config\Routes\AdminRoutes.php(28): CodeIgniter\Router\RouteCollection->group('admin', [...], Object(Closure))
 7 APPPATH\Config\Routes.php(20): App\Config\Routes\AdminRoutes::init(Object(CodeIgniter\Router\RouteCollection))
 8 SYSTEMPATH\Router\RouteCollection.php(340): require('C:\\xampp\\htdocs\\smartstore\\app\\Config\\Routes.php')
 9 SYSTEMPATH\CodeIgniter.php(823): CodeIgniter\Router\RouteCollection->loadRoutes()
10 SYSTEMPATH\CodeIgniter.php(457): CodeIgniter\CodeIgniter->tryToRouteIt(null)
11 SYSTEMPATH\CodeIgniter.php(355): CodeIgniter\CodeIgniter->handleRequest(null, Object(Config\Cache), false)
12 SYSTEMPATH\Boot.php(325): CodeIgniter\CodeIgniter->run()
13 SYSTEMPATH\Boot.php(67): CodeIgniter\Boot::runCodeIgniter(Object(CodeIgniter\CodeIgniter))
14 FCPATH\index.php(63): CodeIgniter\Boot::bootWeb(Object(Config\Paths))
WARNING - 2025-06-07 14:31:24 --> [DEPRECATED] Passing lowercase HTTP method "get" is deprecated. Use uppercase HTTP method like "GET". in SYSTEMPATH\Router\RouteCollection.php on line 1027.
 1 SYSTEMPATH\Router\RouteCollection.php(1027): trigger_error('Passing lowercase HTTP method "get" is deprecated. Use uppercase HTTP method like "GET".', 16384)
 2 APPPATH\Config\Routes\AdminRoutes.php(172): CodeIgniter\Router\RouteCollection->match([...], 'sync_services/?(:num)?', 'ProvidersController::sync_services/$1')
 3 SYSTEMPATH\Router\RouteCollection.php(800): App\Config\Routes\AdminRoutes::App\Config\Routes\{closure}(Object(CodeIgniter\Router\RouteCollection))
 4 APPPATH\Config\Routes\AdminRoutes.php(167): CodeIgniter\Router\RouteCollection->group('providers', [...], Object(Closure))
 5 SYSTEMPATH\Router\RouteCollection.php(800): App\Config\Routes\AdminRoutes::App\Config\Routes\{closure}(Object(CodeIgniter\Router\RouteCollection))
 6 APPPATH\Config\Routes\AdminRoutes.php(28): CodeIgniter\Router\RouteCollection->group('admin', [...], Object(Closure))
 7 APPPATH\Config\Routes.php(20): App\Config\Routes\AdminRoutes::init(Object(CodeIgniter\Router\RouteCollection))
 8 SYSTEMPATH\Router\RouteCollection.php(340): require('C:\\xampp\\htdocs\\smartstore\\app\\Config\\Routes.php')
 9 SYSTEMPATH\CodeIgniter.php(823): CodeIgniter\Router\RouteCollection->loadRoutes()
10 SYSTEMPATH\CodeIgniter.php(457): CodeIgniter\CodeIgniter->tryToRouteIt(null)
11 SYSTEMPATH\CodeIgniter.php(355): CodeIgniter\CodeIgniter->handleRequest(null, Object(Config\Cache), false)
12 SYSTEMPATH\Boot.php(325): CodeIgniter\CodeIgniter->run()
13 SYSTEMPATH\Boot.php(67): CodeIgniter\Boot::runCodeIgniter(Object(CodeIgniter\CodeIgniter))
14 FCPATH\index.php(63): CodeIgniter\Boot::bootWeb(Object(Config\Paths))
WARNING - 2025-06-07 14:31:24 --> [DEPRECATED] Passing lowercase HTTP method "post" is deprecated. Use uppercase HTTP method like "POST". in SYSTEMPATH\Router\RouteCollection.php on line 1027.
 1 SYSTEMPATH\Router\RouteCollection.php(1027): trigger_error('Passing lowercase HTTP method "post" is deprecated. Use uppercase HTTP method like "POST".', 16384)
 2 APPPATH\Config\Routes\AdminRoutes.php(172): CodeIgniter\Router\RouteCollection->match([...], 'sync_services/?(:num)?', 'ProvidersController::sync_services/$1')
 3 SYSTEMPATH\Router\RouteCollection.php(800): App\Config\Routes\AdminRoutes::App\Config\Routes\{closure}(Object(CodeIgniter\Router\RouteCollection))
 4 APPPATH\Config\Routes\AdminRoutes.php(167): CodeIgniter\Router\RouteCollection->group('providers', [...], Object(Closure))
 5 SYSTEMPATH\Router\RouteCollection.php(800): App\Config\Routes\AdminRoutes::App\Config\Routes\{closure}(Object(CodeIgniter\Router\RouteCollection))
 6 APPPATH\Config\Routes\AdminRoutes.php(28): CodeIgniter\Router\RouteCollection->group('admin', [...], Object(Closure))
 7 APPPATH\Config\Routes.php(20): App\Config\Routes\AdminRoutes::init(Object(CodeIgniter\Router\RouteCollection))
 8 SYSTEMPATH\Router\RouteCollection.php(340): require('C:\\xampp\\htdocs\\smartstore\\app\\Config\\Routes.php')
 9 SYSTEMPATH\CodeIgniter.php(823): CodeIgniter\Router\RouteCollection->loadRoutes()
10 SYSTEMPATH\CodeIgniter.php(457): CodeIgniter\CodeIgniter->tryToRouteIt(null)
11 SYSTEMPATH\CodeIgniter.php(355): CodeIgniter\CodeIgniter->handleRequest(null, Object(Config\Cache), false)
12 SYSTEMPATH\Boot.php(325): CodeIgniter\CodeIgniter->run()
13 SYSTEMPATH\Boot.php(67): CodeIgniter\Boot::runCodeIgniter(Object(CodeIgniter\CodeIgniter))
14 FCPATH\index.php(63): CodeIgniter\Boot::bootWeb(Object(Config\Paths))
WARNING - 2025-06-07 14:31:24 --> [DEPRECATED] Passing lowercase HTTP method "get" is deprecated. Use uppercase HTTP method like "GET". in SYSTEMPATH\Router\RouteCollection.php on line 1027.
 1 SYSTEMPATH\Router\RouteCollection.php(1027): trigger_error('Passing lowercase HTTP method "get" is deprecated. Use uppercase HTTP method like "GET".', 16384)
 2 APPPATH\Config\Routes\AdminRoutes.php(185): CodeIgniter\Router\RouteCollection->match([...], 'add_note/?(:num)?', 'UsersController::add_note/$1')
 3 SYSTEMPATH\Router\RouteCollection.php(800): App\Config\Routes\AdminRoutes::App\Config\Routes\{closure}(Object(CodeIgniter\Router\RouteCollection))
 4 APPPATH\Config\Routes\AdminRoutes.php(182): CodeIgniter\Router\RouteCollection->group('users', [...], Object(Closure))
 5 SYSTEMPATH\Router\RouteCollection.php(800): App\Config\Routes\AdminRoutes::App\Config\Routes\{closure}(Object(CodeIgniter\Router\RouteCollection))
 6 APPPATH\Config\Routes\AdminRoutes.php(28): CodeIgniter\Router\RouteCollection->group('admin', [...], Object(Closure))
 7 APPPATH\Config\Routes.php(20): App\Config\Routes\AdminRoutes::init(Object(CodeIgniter\Router\RouteCollection))
 8 SYSTEMPATH\Router\RouteCollection.php(340): require('C:\\xampp\\htdocs\\smartstore\\app\\Config\\Routes.php')
 9 SYSTEMPATH\CodeIgniter.php(823): CodeIgniter\Router\RouteCollection->loadRoutes()
10 SYSTEMPATH\CodeIgniter.php(457): CodeIgniter\CodeIgniter->tryToRouteIt(null)
11 SYSTEMPATH\CodeIgniter.php(355): CodeIgniter\CodeIgniter->handleRequest(null, Object(Config\Cache), false)
12 SYSTEMPATH\Boot.php(325): CodeIgniter\CodeIgniter->run()
13 SYSTEMPATH\Boot.php(67): CodeIgniter\Boot::runCodeIgniter(Object(CodeIgniter\CodeIgniter))
14 FCPATH\index.php(63): CodeIgniter\Boot::bootWeb(Object(Config\Paths))
WARNING - 2025-06-07 14:31:24 --> [DEPRECATED] Passing lowercase HTTP method "post" is deprecated. Use uppercase HTTP method like "POST". in SYSTEMPATH\Router\RouteCollection.php on line 1027.
 1 SYSTEMPATH\Router\RouteCollection.php(1027): trigger_error('Passing lowercase HTTP method "post" is deprecated. Use uppercase HTTP method like "POST".', 16384)
 2 APPPATH\Config\Routes\AdminRoutes.php(185): CodeIgniter\Router\RouteCollection->match([...], 'add_note/?(:num)?', 'UsersController::add_note/$1')
 3 SYSTEMPATH\Router\RouteCollection.php(800): App\Config\Routes\AdminRoutes::App\Config\Routes\{closure}(Object(CodeIgniter\Router\RouteCollection))
 4 APPPATH\Config\Routes\AdminRoutes.php(182): CodeIgniter\Router\RouteCollection->group('users', [...], Object(Closure))
 5 SYSTEMPATH\Router\RouteCollection.php(800): App\Config\Routes\AdminRoutes::App\Config\Routes\{closure}(Object(CodeIgniter\Router\RouteCollection))
 6 APPPATH\Config\Routes\AdminRoutes.php(28): CodeIgniter\Router\RouteCollection->group('admin', [...], Object(Closure))
 7 APPPATH\Config\Routes.php(20): App\Config\Routes\AdminRoutes::init(Object(CodeIgniter\Router\RouteCollection))
 8 SYSTEMPATH\Router\RouteCollection.php(340): require('C:\\xampp\\htdocs\\smartstore\\app\\Config\\Routes.php')
 9 SYSTEMPATH\CodeIgniter.php(823): CodeIgniter\Router\RouteCollection->loadRoutes()
10 SYSTEMPATH\CodeIgniter.php(457): CodeIgniter\CodeIgniter->tryToRouteIt(null)
11 SYSTEMPATH\CodeIgniter.php(355): CodeIgniter\CodeIgniter->handleRequest(null, Object(Config\Cache), false)
12 SYSTEMPATH\Boot.php(325): CodeIgniter\CodeIgniter->run()
13 SYSTEMPATH\Boot.php(67): CodeIgniter\Boot::runCodeIgniter(Object(CodeIgniter\CodeIgniter))
14 FCPATH\index.php(63): CodeIgniter\Boot::bootWeb(Object(Config\Paths))
WARNING - 2025-06-07 14:31:24 --> [DEPRECATED] Passing lowercase HTTP method "get" is deprecated. Use uppercase HTTP method like "GET". in SYSTEMPATH\Router\RouteCollection.php on line 1027.
 1 SYSTEMPATH\Router\RouteCollection.php(1027): trigger_error('Passing lowercase HTTP method "get" is deprecated. Use uppercase HTTP method like "GET".', 16384)
 2 APPPATH\Config\Routes\AdminRoutes.php(186): CodeIgniter\Router\RouteCollection->match([...], 'send_mail/?(:num)?', 'UsersController::send_mail/$1')
 3 SYSTEMPATH\Router\RouteCollection.php(800): App\Config\Routes\AdminRoutes::App\Config\Routes\{closure}(Object(CodeIgniter\Router\RouteCollection))
 4 APPPATH\Config\Routes\AdminRoutes.php(182): CodeIgniter\Router\RouteCollection->group('users', [...], Object(Closure))
 5 SYSTEMPATH\Router\RouteCollection.php(800): App\Config\Routes\AdminRoutes::App\Config\Routes\{closure}(Object(CodeIgniter\Router\RouteCollection))
 6 APPPATH\Config\Routes\AdminRoutes.php(28): CodeIgniter\Router\RouteCollection->group('admin', [...], Object(Closure))
 7 APPPATH\Config\Routes.php(20): App\Config\Routes\AdminRoutes::init(Object(CodeIgniter\Router\RouteCollection))
 8 SYSTEMPATH\Router\RouteCollection.php(340): require('C:\\xampp\\htdocs\\smartstore\\app\\Config\\Routes.php')
 9 SYSTEMPATH\CodeIgniter.php(823): CodeIgniter\Router\RouteCollection->loadRoutes()
10 SYSTEMPATH\CodeIgniter.php(457): CodeIgniter\CodeIgniter->tryToRouteIt(null)
11 SYSTEMPATH\CodeIgniter.php(355): CodeIgniter\CodeIgniter->handleRequest(null, Object(Config\Cache), false)
12 SYSTEMPATH\Boot.php(325): CodeIgniter\CodeIgniter->run()
13 SYSTEMPATH\Boot.php(67): CodeIgniter\Boot::runCodeIgniter(Object(CodeIgniter\CodeIgniter))
14 FCPATH\index.php(63): CodeIgniter\Boot::bootWeb(Object(Config\Paths))
WARNING - 2025-06-07 14:31:24 --> [DEPRECATED] Passing lowercase HTTP method "post" is deprecated. Use uppercase HTTP method like "POST". in SYSTEMPATH\Router\RouteCollection.php on line 1027.
 1 SYSTEMPATH\Router\RouteCollection.php(1027): trigger_error('Passing lowercase HTTP method "post" is deprecated. Use uppercase HTTP method like "POST".', 16384)
 2 APPPATH\Config\Routes\AdminRoutes.php(186): CodeIgniter\Router\RouteCollection->match([...], 'send_mail/?(:num)?', 'UsersController::send_mail/$1')
 3 SYSTEMPATH\Router\RouteCollection.php(800): App\Config\Routes\AdminRoutes::App\Config\Routes\{closure}(Object(CodeIgniter\Router\RouteCollection))
 4 APPPATH\Config\Routes\AdminRoutes.php(182): CodeIgniter\Router\RouteCollection->group('users', [...], Object(Closure))
 5 SYSTEMPATH\Router\RouteCollection.php(800): App\Config\Routes\AdminRoutes::App\Config\Routes\{closure}(Object(CodeIgniter\Router\RouteCollection))
 6 APPPATH\Config\Routes\AdminRoutes.php(28): CodeIgniter\Router\RouteCollection->group('admin', [...], Object(Closure))
 7 APPPATH\Config\Routes.php(20): App\Config\Routes\AdminRoutes::init(Object(CodeIgniter\Router\RouteCollection))
 8 SYSTEMPATH\Router\RouteCollection.php(340): require('C:\\xampp\\htdocs\\smartstore\\app\\Config\\Routes.php')
 9 SYSTEMPATH\CodeIgniter.php(823): CodeIgniter\Router\RouteCollection->loadRoutes()
10 SYSTEMPATH\CodeIgniter.php(457): CodeIgniter\CodeIgniter->tryToRouteIt(null)
11 SYSTEMPATH\CodeIgniter.php(355): CodeIgniter\CodeIgniter->handleRequest(null, Object(Config\Cache), false)
12 SYSTEMPATH\Boot.php(325): CodeIgniter\CodeIgniter->run()
13 SYSTEMPATH\Boot.php(67): CodeIgniter\Boot::runCodeIgniter(Object(CodeIgniter\CodeIgniter))
14 FCPATH\index.php(63): CodeIgniter\Boot::bootWeb(Object(Config\Paths))
WARNING - 2025-06-07 14:31:24 --> [DEPRECATED] Passing lowercase HTTP method "get" is deprecated. Use uppercase HTTP method like "GET". in SYSTEMPATH\Router\RouteCollection.php on line 1027.
 1 SYSTEMPATH\Router\RouteCollection.php(1027): trigger_error('Passing lowercase HTTP method "get" is deprecated. Use uppercase HTTP method like "GET".', 16384)
 2 APPPATH\Config\Routes\AdminRoutes.php(215): CodeIgniter\Router\RouteCollection->match([...], 'send_mail/?(:num)?', 'TicketsController::send_mail/$1')
 3 SYSTEMPATH\Router\RouteCollection.php(800): App\Config\Routes\AdminRoutes::App\Config\Routes\{closure}(Object(CodeIgniter\Router\RouteCollection))
 4 APPPATH\Config\Routes\AdminRoutes.php(212): CodeIgniter\Router\RouteCollection->group('tickets', [...], Object(Closure))
 5 SYSTEMPATH\Router\RouteCollection.php(800): App\Config\Routes\AdminRoutes::App\Config\Routes\{closure}(Object(CodeIgniter\Router\RouteCollection))
 6 APPPATH\Config\Routes\AdminRoutes.php(28): CodeIgniter\Router\RouteCollection->group('admin', [...], Object(Closure))
 7 APPPATH\Config\Routes.php(20): App\Config\Routes\AdminRoutes::init(Object(CodeIgniter\Router\RouteCollection))
 8 SYSTEMPATH\Router\RouteCollection.php(340): require('C:\\xampp\\htdocs\\smartstore\\app\\Config\\Routes.php')
 9 SYSTEMPATH\CodeIgniter.php(823): CodeIgniter\Router\RouteCollection->loadRoutes()
10 SYSTEMPATH\CodeIgniter.php(457): CodeIgniter\CodeIgniter->tryToRouteIt(null)
11 SYSTEMPATH\CodeIgniter.php(355): CodeIgniter\CodeIgniter->handleRequest(null, Object(Config\Cache), false)
12 SYSTEMPATH\Boot.php(325): CodeIgniter\CodeIgniter->run()
13 SYSTEMPATH\Boot.php(67): CodeIgniter\Boot::runCodeIgniter(Object(CodeIgniter\CodeIgniter))
14 FCPATH\index.php(63): CodeIgniter\Boot::bootWeb(Object(Config\Paths))
WARNING - 2025-06-07 14:31:24 --> [DEPRECATED] Passing lowercase HTTP method "post" is deprecated. Use uppercase HTTP method like "POST". in SYSTEMPATH\Router\RouteCollection.php on line 1027.
 1 SYSTEMPATH\Router\RouteCollection.php(1027): trigger_error('Passing lowercase HTTP method "post" is deprecated. Use uppercase HTTP method like "POST".', 16384)
 2 APPPATH\Config\Routes\AdminRoutes.php(215): CodeIgniter\Router\RouteCollection->match([...], 'send_mail/?(:num)?', 'TicketsController::send_mail/$1')
 3 SYSTEMPATH\Router\RouteCollection.php(800): App\Config\Routes\AdminRoutes::App\Config\Routes\{closure}(Object(CodeIgniter\Router\RouteCollection))
 4 APPPATH\Config\Routes\AdminRoutes.php(212): CodeIgniter\Router\RouteCollection->group('tickets', [...], Object(Closure))
 5 SYSTEMPATH\Router\RouteCollection.php(800): App\Config\Routes\AdminRoutes::App\Config\Routes\{closure}(Object(CodeIgniter\Router\RouteCollection))
 6 APPPATH\Config\Routes\AdminRoutes.php(28): CodeIgniter\Router\RouteCollection->group('admin', [...], Object(Closure))
 7 APPPATH\Config\Routes.php(20): App\Config\Routes\AdminRoutes::init(Object(CodeIgniter\Router\RouteCollection))
 8 SYSTEMPATH\Router\RouteCollection.php(340): require('C:\\xampp\\htdocs\\smartstore\\app\\Config\\Routes.php')
 9 SYSTEMPATH\CodeIgniter.php(823): CodeIgniter\Router\RouteCollection->loadRoutes()
10 SYSTEMPATH\CodeIgniter.php(457): CodeIgniter\CodeIgniter->tryToRouteIt(null)
11 SYSTEMPATH\CodeIgniter.php(355): CodeIgniter\CodeIgniter->handleRequest(null, Object(Config\Cache), false)
12 SYSTEMPATH\Boot.php(325): CodeIgniter\CodeIgniter->run()
13 SYSTEMPATH\Boot.php(67): CodeIgniter\Boot::runCodeIgniter(Object(CodeIgniter\CodeIgniter))
14 FCPATH\index.php(63): CodeIgniter\Boot::bootWeb(Object(Config\Paths))
WARNING - 2025-06-07 14:31:24 --> [DEPRECATED] Passing lowercase HTTP method "get" is deprecated. Use uppercase HTTP method like "GET". in SYSTEMPATH\Router\RouteCollection.php on line 1027.
 1 SYSTEMPATH\Router\RouteCollection.php(1027): trigger_error('Passing lowercase HTTP method "get" is deprecated. Use uppercase HTTP method like "GET".', 16384)
 2 APPPATH\Config\Routes\UserRoutes.php(49): CodeIgniter\Router\RouteCollection->match([...], 'submit_review', 'ClientController::submit_review', [...])
 3 APPPATH\Config\Routes\UserRoutes.php(23): App\Config\Routes\UserRoutes::defineRoutes(Object(CodeIgniter\Router\RouteCollection))
 4 APPPATH\Config\Routes.php(21): App\Config\Routes\UserRoutes::init(Object(CodeIgniter\Router\RouteCollection))
 5 SYSTEMPATH\Router\RouteCollection.php(340): require('C:\\xampp\\htdocs\\smartstore\\app\\Config\\Routes.php')
 6 SYSTEMPATH\CodeIgniter.php(823): CodeIgniter\Router\RouteCollection->loadRoutes()
 7 SYSTEMPATH\CodeIgniter.php(457): CodeIgniter\CodeIgniter->tryToRouteIt(null)
 8 SYSTEMPATH\CodeIgniter.php(355): CodeIgniter\CodeIgniter->handleRequest(null, Object(Config\Cache), false)
 9 SYSTEMPATH\Boot.php(325): CodeIgniter\CodeIgniter->run()
10 SYSTEMPATH\Boot.php(67): CodeIgniter\Boot::runCodeIgniter(Object(CodeIgniter\CodeIgniter))
11 FCPATH\index.php(63): CodeIgniter\Boot::bootWeb(Object(Config\Paths))
WARNING - 2025-06-07 14:31:24 --> [DEPRECATED] Passing lowercase HTTP method "post" is deprecated. Use uppercase HTTP method like "POST". in SYSTEMPATH\Router\RouteCollection.php on line 1027.
 1 SYSTEMPATH\Router\RouteCollection.php(1027): trigger_error('Passing lowercase HTTP method "post" is deprecated. Use uppercase HTTP method like "POST".', 16384)
 2 APPPATH\Config\Routes\UserRoutes.php(49): CodeIgniter\Router\RouteCollection->match([...], 'submit_review', 'ClientController::submit_review', [...])
 3 APPPATH\Config\Routes\UserRoutes.php(23): App\Config\Routes\UserRoutes::defineRoutes(Object(CodeIgniter\Router\RouteCollection))
 4 APPPATH\Config\Routes.php(21): App\Config\Routes\UserRoutes::init(Object(CodeIgniter\Router\RouteCollection))
 5 SYSTEMPATH\Router\RouteCollection.php(340): require('C:\\xampp\\htdocs\\smartstore\\app\\Config\\Routes.php')
 6 SYSTEMPATH\CodeIgniter.php(823): CodeIgniter\Router\RouteCollection->loadRoutes()
 7 SYSTEMPATH\CodeIgniter.php(457): CodeIgniter\CodeIgniter->tryToRouteIt(null)
 8 SYSTEMPATH\CodeIgniter.php(355): CodeIgniter\CodeIgniter->handleRequest(null, Object(Config\Cache), false)
 9 SYSTEMPATH\Boot.php(325): CodeIgniter\CodeIgniter->run()
10 SYSTEMPATH\Boot.php(67): CodeIgniter\Boot::runCodeIgniter(Object(CodeIgniter\CodeIgniter))
11 FCPATH\index.php(63): CodeIgniter\Boot::bootWeb(Object(Config\Paths))
WARNING - 2025-06-07 14:31:24 --> [DEPRECATED] Passing lowercase HTTP method "get" is deprecated. Use uppercase HTTP method like "GET". in SYSTEMPATH\Router\RouteCollection.php on line 1027.
 1 SYSTEMPATH\Router\RouteCollection.php(1027): trigger_error('Passing lowercase HTTP method "get" is deprecated. Use uppercase HTTP method like "GET".', 16384)
 2 APPPATH\Config\Routes\UserRoutes.php(63): CodeIgniter\Router\RouteCollection->match([...], 'track-order', 'OrderController::track_order', [...])
 3 APPPATH\Config\Routes\UserRoutes.php(23): App\Config\Routes\UserRoutes::defineRoutes(Object(CodeIgniter\Router\RouteCollection))
 4 APPPATH\Config\Routes.php(21): App\Config\Routes\UserRoutes::init(Object(CodeIgniter\Router\RouteCollection))
 5 SYSTEMPATH\Router\RouteCollection.php(340): require('C:\\xampp\\htdocs\\smartstore\\app\\Config\\Routes.php')
 6 SYSTEMPATH\CodeIgniter.php(823): CodeIgniter\Router\RouteCollection->loadRoutes()
 7 SYSTEMPATH\CodeIgniter.php(457): CodeIgniter\CodeIgniter->tryToRouteIt(null)
 8 SYSTEMPATH\CodeIgniter.php(355): CodeIgniter\CodeIgniter->handleRequest(null, Object(Config\Cache), false)
 9 SYSTEMPATH\Boot.php(325): CodeIgniter\CodeIgniter->run()
10 SYSTEMPATH\Boot.php(67): CodeIgniter\Boot::runCodeIgniter(Object(CodeIgniter\CodeIgniter))
11 FCPATH\index.php(63): CodeIgniter\Boot::bootWeb(Object(Config\Paths))
WARNING - 2025-06-07 14:31:24 --> [DEPRECATED] Passing lowercase HTTP method "post" is deprecated. Use uppercase HTTP method like "POST". in SYSTEMPATH\Router\RouteCollection.php on line 1027.
 1 SYSTEMPATH\Router\RouteCollection.php(1027): trigger_error('Passing lowercase HTTP method "post" is deprecated. Use uppercase HTTP method like "POST".', 16384)
 2 APPPATH\Config\Routes\UserRoutes.php(63): CodeIgniter\Router\RouteCollection->match([...], 'track-order', 'OrderController::track_order', [...])
 3 APPPATH\Config\Routes\UserRoutes.php(23): App\Config\Routes\UserRoutes::defineRoutes(Object(CodeIgniter\Router\RouteCollection))
 4 APPPATH\Config\Routes.php(21): App\Config\Routes\UserRoutes::init(Object(CodeIgniter\Router\RouteCollection))
 5 SYSTEMPATH\Router\RouteCollection.php(340): require('C:\\xampp\\htdocs\\smartstore\\app\\Config\\Routes.php')
 6 SYSTEMPATH\CodeIgniter.php(823): CodeIgniter\Router\RouteCollection->loadRoutes()
 7 SYSTEMPATH\CodeIgniter.php(457): CodeIgniter\CodeIgniter->tryToRouteIt(null)
 8 SYSTEMPATH\CodeIgniter.php(355): CodeIgniter\CodeIgniter->handleRequest(null, Object(Config\Cache), false)
 9 SYSTEMPATH\Boot.php(325): CodeIgniter\CodeIgniter->run()
10 SYSTEMPATH\Boot.php(67): CodeIgniter\Boot::runCodeIgniter(Object(CodeIgniter\CodeIgniter))
11 FCPATH\index.php(63): CodeIgniter\Boot::bootWeb(Object(Config\Paths))
WARNING - 2025-06-07 14:31:24 --> [DEPRECATED] Passing lowercase HTTP method "get" is deprecated. Use uppercase HTTP method like "GET". in SYSTEMPATH\Router\RouteCollection.php on line 1027.
 1 SYSTEMPATH\Router\RouteCollection.php(1027): trigger_error('Passing lowercase HTTP method "get" is deprecated. Use uppercase HTTP method like "GET".', 16384)
 2 APPPATH\Config\Routes\UserRoutes.php(49): CodeIgniter\Router\RouteCollection->match([...], 'submit_review', 'ClientController::submit_review', [...])
 3 APPPATH\Config\Routes\UserRoutes.php(26): App\Config\Routes\UserRoutes::defineRoutes(Object(CodeIgniter\Router\RouteCollection))
 4 SYSTEMPATH\Router\RouteCollection.php(800): App\Config\Routes\UserRoutes::App\Config\Routes\{closure}(Object(CodeIgniter\Router\RouteCollection))
 5 APPPATH\Config\Routes\UserRoutes.php(25): CodeIgniter\Router\RouteCollection->group('{locale}', Object(Closure))
 6 APPPATH\Config\Routes.php(21): App\Config\Routes\UserRoutes::init(Object(CodeIgniter\Router\RouteCollection))
 7 SYSTEMPATH\Router\RouteCollection.php(340): require('C:\\xampp\\htdocs\\smartstore\\app\\Config\\Routes.php')
 8 SYSTEMPATH\CodeIgniter.php(823): CodeIgniter\Router\RouteCollection->loadRoutes()
 9 SYSTEMPATH\CodeIgniter.php(457): CodeIgniter\CodeIgniter->tryToRouteIt(null)
10 SYSTEMPATH\CodeIgniter.php(355): CodeIgniter\CodeIgniter->handleRequest(null, Object(Config\Cache), false)
11 SYSTEMPATH\Boot.php(325): CodeIgniter\CodeIgniter->run()
12 SYSTEMPATH\Boot.php(67): CodeIgniter\Boot::runCodeIgniter(Object(CodeIgniter\CodeIgniter))
13 FCPATH\index.php(63): CodeIgniter\Boot::bootWeb(Object(Config\Paths))
WARNING - 2025-06-07 14:31:24 --> [DEPRECATED] Passing lowercase HTTP method "post" is deprecated. Use uppercase HTTP method like "POST". in SYSTEMPATH\Router\RouteCollection.php on line 1027.
 1 SYSTEMPATH\Router\RouteCollection.php(1027): trigger_error('Passing lowercase HTTP method "post" is deprecated. Use uppercase HTTP method like "POST".', 16384)
 2 APPPATH\Config\Routes\UserRoutes.php(49): CodeIgniter\Router\RouteCollection->match([...], 'submit_review', 'ClientController::submit_review', [...])
 3 APPPATH\Config\Routes\UserRoutes.php(26): App\Config\Routes\UserRoutes::defineRoutes(Object(CodeIgniter\Router\RouteCollection))
 4 SYSTEMPATH\Router\RouteCollection.php(800): App\Config\Routes\UserRoutes::App\Config\Routes\{closure}(Object(CodeIgniter\Router\RouteCollection))
 5 APPPATH\Config\Routes\UserRoutes.php(25): CodeIgniter\Router\RouteCollection->group('{locale}', Object(Closure))
 6 APPPATH\Config\Routes.php(21): App\Config\Routes\UserRoutes::init(Object(CodeIgniter\Router\RouteCollection))
 7 SYSTEMPATH\Router\RouteCollection.php(340): require('C:\\xampp\\htdocs\\smartstore\\app\\Config\\Routes.php')
 8 SYSTEMPATH\CodeIgniter.php(823): CodeIgniter\Router\RouteCollection->loadRoutes()
 9 SYSTEMPATH\CodeIgniter.php(457): CodeIgniter\CodeIgniter->tryToRouteIt(null)
10 SYSTEMPATH\CodeIgniter.php(355): CodeIgniter\CodeIgniter->handleRequest(null, Object(Config\Cache), false)
11 SYSTEMPATH\Boot.php(325): CodeIgniter\CodeIgniter->run()
12 SYSTEMPATH\Boot.php(67): CodeIgniter\Boot::runCodeIgniter(Object(CodeIgniter\CodeIgniter))
13 FCPATH\index.php(63): CodeIgniter\Boot::bootWeb(Object(Config\Paths))
WARNING - 2025-06-07 14:31:24 --> [DEPRECATED] Passing lowercase HTTP method "get" is deprecated. Use uppercase HTTP method like "GET". in SYSTEMPATH\Router\RouteCollection.php on line 1027.
 1 SYSTEMPATH\Router\RouteCollection.php(1027): trigger_error('Passing lowercase HTTP method "get" is deprecated. Use uppercase HTTP method like "GET".', 16384)
 2 APPPATH\Config\Routes\UserRoutes.php(63): CodeIgniter\Router\RouteCollection->match([...], 'track-order', 'OrderController::track_order', [...])
 3 APPPATH\Config\Routes\UserRoutes.php(26): App\Config\Routes\UserRoutes::defineRoutes(Object(CodeIgniter\Router\RouteCollection))
 4 SYSTEMPATH\Router\RouteCollection.php(800): App\Config\Routes\UserRoutes::App\Config\Routes\{closure}(Object(CodeIgniter\Router\RouteCollection))
 5 APPPATH\Config\Routes\UserRoutes.php(25): CodeIgniter\Router\RouteCollection->group('{locale}', Object(Closure))
 6 APPPATH\Config\Routes.php(21): App\Config\Routes\UserRoutes::init(Object(CodeIgniter\Router\RouteCollection))
 7 SYSTEMPATH\Router\RouteCollection.php(340): require('C:\\xampp\\htdocs\\smartstore\\app\\Config\\Routes.php')
 8 SYSTEMPATH\CodeIgniter.php(823): CodeIgniter\Router\RouteCollection->loadRoutes()
 9 SYSTEMPATH\CodeIgniter.php(457): CodeIgniter\CodeIgniter->tryToRouteIt(null)
10 SYSTEMPATH\CodeIgniter.php(355): CodeIgniter\CodeIgniter->handleRequest(null, Object(Config\Cache), false)
11 SYSTEMPATH\Boot.php(325): CodeIgniter\CodeIgniter->run()
12 SYSTEMPATH\Boot.php(67): CodeIgniter\Boot::runCodeIgniter(Object(CodeIgniter\CodeIgniter))
13 FCPATH\index.php(63): CodeIgniter\Boot::bootWeb(Object(Config\Paths))
WARNING - 2025-06-07 14:31:24 --> [DEPRECATED] Passing lowercase HTTP method "post" is deprecated. Use uppercase HTTP method like "POST". in SYSTEMPATH\Router\RouteCollection.php on line 1027.
 1 SYSTEMPATH\Router\RouteCollection.php(1027): trigger_error('Passing lowercase HTTP method "post" is deprecated. Use uppercase HTTP method like "POST".', 16384)
 2 APPPATH\Config\Routes\UserRoutes.php(63): CodeIgniter\Router\RouteCollection->match([...], 'track-order', 'OrderController::track_order', [...])
 3 APPPATH\Config\Routes\UserRoutes.php(26): App\Config\Routes\UserRoutes::defineRoutes(Object(CodeIgniter\Router\RouteCollection))
 4 SYSTEMPATH\Router\RouteCollection.php(800): App\Config\Routes\UserRoutes::App\Config\Routes\{closure}(Object(CodeIgniter\Router\RouteCollection))
 5 APPPATH\Config\Routes\UserRoutes.php(25): CodeIgniter\Router\RouteCollection->group('{locale}', Object(Closure))
 6 APPPATH\Config\Routes.php(21): App\Config\Routes\UserRoutes::init(Object(CodeIgniter\Router\RouteCollection))
 7 SYSTEMPATH\Router\RouteCollection.php(340): require('C:\\xampp\\htdocs\\smartstore\\app\\Config\\Routes.php')
 8 SYSTEMPATH\CodeIgniter.php(823): CodeIgniter\Router\RouteCollection->loadRoutes()
 9 SYSTEMPATH\CodeIgniter.php(457): CodeIgniter\CodeIgniter->tryToRouteIt(null)
10 SYSTEMPATH\CodeIgniter.php(355): CodeIgniter\CodeIgniter->handleRequest(null, Object(Config\Cache), false)
11 SYSTEMPATH\Boot.php(325): CodeIgniter\CodeIgniter->run()
12 SYSTEMPATH\Boot.php(67): CodeIgniter\Boot::runCodeIgniter(Object(CodeIgniter\CodeIgniter))
13 FCPATH\index.php(63): CodeIgniter\Boot::bootWeb(Object(Config\Paths))
WARNING - 2025-06-07 14:31:32 --> [DEPRECATED] Passing lowercase HTTP method "get" is deprecated. Use uppercase HTTP method like "GET". in SYSTEMPATH\Router\RouteCollection.php on line 1027.
 1 SYSTEMPATH\Router\RouteCollection.php(1027): trigger_error('Passing lowercase HTTP method "get" is deprecated. Use uppercase HTTP method like "GET".', 16384)
 2 APPPATH\Config\Routes\AdminRoutes.php(65): CodeIgniter\Router\RouteCollection->match([...], 'send_test_mail', 'SettingsController::send_test_mail')
 3 SYSTEMPATH\Router\RouteCollection.php(800): App\Config\Routes\AdminRoutes::App\Config\Routes\{closure}(Object(CodeIgniter\Router\RouteCollection))
 4 APPPATH\Config\Routes\AdminRoutes.php(63): CodeIgniter\Router\RouteCollection->group('settings', [...], Object(Closure))
 5 SYSTEMPATH\Router\RouteCollection.php(800): App\Config\Routes\AdminRoutes::App\Config\Routes\{closure}(Object(CodeIgniter\Router\RouteCollection))
 6 APPPATH\Config\Routes\AdminRoutes.php(28): CodeIgniter\Router\RouteCollection->group('admin', [...], Object(Closure))
 7 APPPATH\Config\Routes.php(20): App\Config\Routes\AdminRoutes::init(Object(CodeIgniter\Router\RouteCollection))
 8 SYSTEMPATH\Router\RouteCollection.php(340): require('C:\\xampp\\htdocs\\smartstore\\app\\Config\\Routes.php')
 9 SYSTEMPATH\CodeIgniter.php(823): CodeIgniter\Router\RouteCollection->loadRoutes()
10 SYSTEMPATH\CodeIgniter.php(457): CodeIgniter\CodeIgniter->tryToRouteIt(null)
11 SYSTEMPATH\CodeIgniter.php(355): CodeIgniter\CodeIgniter->handleRequest(null, Object(Config\Cache), false)
12 SYSTEMPATH\Boot.php(325): CodeIgniter\CodeIgniter->run()
13 SYSTEMPATH\Boot.php(67): CodeIgniter\Boot::runCodeIgniter(Object(CodeIgniter\CodeIgniter))
14 FCPATH\index.php(63): CodeIgniter\Boot::bootWeb(Object(Config\Paths))
WARNING - 2025-06-07 14:31:32 --> [DEPRECATED] Passing lowercase HTTP method "post" is deprecated. Use uppercase HTTP method like "POST". in SYSTEMPATH\Router\RouteCollection.php on line 1027.
 1 SYSTEMPATH\Router\RouteCollection.php(1027): trigger_error('Passing lowercase HTTP method "post" is deprecated. Use uppercase HTTP method like "POST".', 16384)
 2 APPPATH\Config\Routes\AdminRoutes.php(65): CodeIgniter\Router\RouteCollection->match([...], 'send_test_mail', 'SettingsController::send_test_mail')
 3 SYSTEMPATH\Router\RouteCollection.php(800): App\Config\Routes\AdminRoutes::App\Config\Routes\{closure}(Object(CodeIgniter\Router\RouteCollection))
 4 APPPATH\Config\Routes\AdminRoutes.php(63): CodeIgniter\Router\RouteCollection->group('settings', [...], Object(Closure))
 5 SYSTEMPATH\Router\RouteCollection.php(800): App\Config\Routes\AdminRoutes::App\Config\Routes\{closure}(Object(CodeIgniter\Router\RouteCollection))
 6 APPPATH\Config\Routes\AdminRoutes.php(28): CodeIgniter\Router\RouteCollection->group('admin', [...], Object(Closure))
 7 APPPATH\Config\Routes.php(20): App\Config\Routes\AdminRoutes::init(Object(CodeIgniter\Router\RouteCollection))
 8 SYSTEMPATH\Router\RouteCollection.php(340): require('C:\\xampp\\htdocs\\smartstore\\app\\Config\\Routes.php')
 9 SYSTEMPATH\CodeIgniter.php(823): CodeIgniter\Router\RouteCollection->loadRoutes()
10 SYSTEMPATH\CodeIgniter.php(457): CodeIgniter\CodeIgniter->tryToRouteIt(null)
11 SYSTEMPATH\CodeIgniter.php(355): CodeIgniter\CodeIgniter->handleRequest(null, Object(Config\Cache), false)
12 SYSTEMPATH\Boot.php(325): CodeIgniter\CodeIgniter->run()
13 SYSTEMPATH\Boot.php(67): CodeIgniter\Boot::runCodeIgniter(Object(CodeIgniter\CodeIgniter))
14 FCPATH\index.php(63): CodeIgniter\Boot::bootWeb(Object(Config\Paths))
WARNING - 2025-06-07 14:31:32 --> [DEPRECATED] Passing lowercase HTTP method "get" is deprecated. Use uppercase HTTP method like "GET". in SYSTEMPATH\Router\RouteCollection.php on line 1027.
 1 SYSTEMPATH\Router\RouteCollection.php(1027): trigger_error('Passing lowercase HTTP method "get" is deprecated. Use uppercase HTTP method like "GET".', 16384)
 2 APPPATH\Config\Routes\AdminRoutes.php(76): CodeIgniter\Router\RouteCollection->match([...], 'elfinder_connector', 'FilemanagerController::elfinder_connector')
 3 SYSTEMPATH\Router\RouteCollection.php(800): App\Config\Routes\AdminRoutes::App\Config\Routes\{closure}(Object(CodeIgniter\Router\RouteCollection))
 4 APPPATH\Config\Routes\AdminRoutes.php(73): CodeIgniter\Router\RouteCollection->group('filemanager', [...], Object(Closure))
 5 SYSTEMPATH\Router\RouteCollection.php(800): App\Config\Routes\AdminRoutes::App\Config\Routes\{closure}(Object(CodeIgniter\Router\RouteCollection))
 6 APPPATH\Config\Routes\AdminRoutes.php(28): CodeIgniter\Router\RouteCollection->group('admin', [...], Object(Closure))
 7 APPPATH\Config\Routes.php(20): App\Config\Routes\AdminRoutes::init(Object(CodeIgniter\Router\RouteCollection))
 8 SYSTEMPATH\Router\RouteCollection.php(340): require('C:\\xampp\\htdocs\\smartstore\\app\\Config\\Routes.php')
 9 SYSTEMPATH\CodeIgniter.php(823): CodeIgniter\Router\RouteCollection->loadRoutes()
10 SYSTEMPATH\CodeIgniter.php(457): CodeIgniter\CodeIgniter->tryToRouteIt(null)
11 SYSTEMPATH\CodeIgniter.php(355): CodeIgniter\CodeIgniter->handleRequest(null, Object(Config\Cache), false)
12 SYSTEMPATH\Boot.php(325): CodeIgniter\CodeIgniter->run()
13 SYSTEMPATH\Boot.php(67): CodeIgniter\Boot::runCodeIgniter(Object(CodeIgniter\CodeIgniter))
14 FCPATH\index.php(63): CodeIgniter\Boot::bootWeb(Object(Config\Paths))
WARNING - 2025-06-07 14:31:32 --> [DEPRECATED] Passing lowercase HTTP method "post" is deprecated. Use uppercase HTTP method like "POST". in SYSTEMPATH\Router\RouteCollection.php on line 1027.
 1 SYSTEMPATH\Router\RouteCollection.php(1027): trigger_error('Passing lowercase HTTP method "post" is deprecated. Use uppercase HTTP method like "POST".', 16384)
 2 APPPATH\Config\Routes\AdminRoutes.php(76): CodeIgniter\Router\RouteCollection->match([...], 'elfinder_connector', 'FilemanagerController::elfinder_connector')
 3 SYSTEMPATH\Router\RouteCollection.php(800): App\Config\Routes\AdminRoutes::App\Config\Routes\{closure}(Object(CodeIgniter\Router\RouteCollection))
 4 APPPATH\Config\Routes\AdminRoutes.php(73): CodeIgniter\Router\RouteCollection->group('filemanager', [...], Object(Closure))
 5 SYSTEMPATH\Router\RouteCollection.php(800): App\Config\Routes\AdminRoutes::App\Config\Routes\{closure}(Object(CodeIgniter\Router\RouteCollection))
 6 APPPATH\Config\Routes\AdminRoutes.php(28): CodeIgniter\Router\RouteCollection->group('admin', [...], Object(Closure))
 7 APPPATH\Config\Routes.php(20): App\Config\Routes\AdminRoutes::init(Object(CodeIgniter\Router\RouteCollection))
 8 SYSTEMPATH\Router\RouteCollection.php(340): require('C:\\xampp\\htdocs\\smartstore\\app\\Config\\Routes.php')
 9 SYSTEMPATH\CodeIgniter.php(823): CodeIgniter\Router\RouteCollection->loadRoutes()
10 SYSTEMPATH\CodeIgniter.php(457): CodeIgniter\CodeIgniter->tryToRouteIt(null)
11 SYSTEMPATH\CodeIgniter.php(355): CodeIgniter\CodeIgniter->handleRequest(null, Object(Config\Cache), false)
12 SYSTEMPATH\Boot.php(325): CodeIgniter\CodeIgniter->run()
13 SYSTEMPATH\Boot.php(67): CodeIgniter\Boot::runCodeIgniter(Object(CodeIgniter\CodeIgniter))
14 FCPATH\index.php(63): CodeIgniter\Boot::bootWeb(Object(Config\Paths))
WARNING - 2025-06-07 14:31:32 --> [DEPRECATED] Passing lowercase HTTP method "get" is deprecated. Use uppercase HTTP method like "GET". in SYSTEMPATH\Router\RouteCollection.php on line 1027.
 1 SYSTEMPATH\Router\RouteCollection.php(1027): trigger_error('Passing lowercase HTTP method "get" is deprecated. Use uppercase HTTP method like "GET".', 16384)
 2 APPPATH\Config\Routes\AdminRoutes.php(172): CodeIgniter\Router\RouteCollection->match([...], 'sync_services/?(:num)?', 'ProvidersController::sync_services/$1')
 3 SYSTEMPATH\Router\RouteCollection.php(800): App\Config\Routes\AdminRoutes::App\Config\Routes\{closure}(Object(CodeIgniter\Router\RouteCollection))
 4 APPPATH\Config\Routes\AdminRoutes.php(167): CodeIgniter\Router\RouteCollection->group('providers', [...], Object(Closure))
 5 SYSTEMPATH\Router\RouteCollection.php(800): App\Config\Routes\AdminRoutes::App\Config\Routes\{closure}(Object(CodeIgniter\Router\RouteCollection))
 6 APPPATH\Config\Routes\AdminRoutes.php(28): CodeIgniter\Router\RouteCollection->group('admin', [...], Object(Closure))
 7 APPPATH\Config\Routes.php(20): App\Config\Routes\AdminRoutes::init(Object(CodeIgniter\Router\RouteCollection))
 8 SYSTEMPATH\Router\RouteCollection.php(340): require('C:\\xampp\\htdocs\\smartstore\\app\\Config\\Routes.php')
 9 SYSTEMPATH\CodeIgniter.php(823): CodeIgniter\Router\RouteCollection->loadRoutes()
10 SYSTEMPATH\CodeIgniter.php(457): CodeIgniter\CodeIgniter->tryToRouteIt(null)
11 SYSTEMPATH\CodeIgniter.php(355): CodeIgniter\CodeIgniter->handleRequest(null, Object(Config\Cache), false)
12 SYSTEMPATH\Boot.php(325): CodeIgniter\CodeIgniter->run()
13 SYSTEMPATH\Boot.php(67): CodeIgniter\Boot::runCodeIgniter(Object(CodeIgniter\CodeIgniter))
14 FCPATH\index.php(63): CodeIgniter\Boot::bootWeb(Object(Config\Paths))
WARNING - 2025-06-07 14:31:32 --> [DEPRECATED] Passing lowercase HTTP method "post" is deprecated. Use uppercase HTTP method like "POST". in SYSTEMPATH\Router\RouteCollection.php on line 1027.
 1 SYSTEMPATH\Router\RouteCollection.php(1027): trigger_error('Passing lowercase HTTP method "post" is deprecated. Use uppercase HTTP method like "POST".', 16384)
 2 APPPATH\Config\Routes\AdminRoutes.php(172): CodeIgniter\Router\RouteCollection->match([...], 'sync_services/?(:num)?', 'ProvidersController::sync_services/$1')
 3 SYSTEMPATH\Router\RouteCollection.php(800): App\Config\Routes\AdminRoutes::App\Config\Routes\{closure}(Object(CodeIgniter\Router\RouteCollection))
 4 APPPATH\Config\Routes\AdminRoutes.php(167): CodeIgniter\Router\RouteCollection->group('providers', [...], Object(Closure))
 5 SYSTEMPATH\Router\RouteCollection.php(800): App\Config\Routes\AdminRoutes::App\Config\Routes\{closure}(Object(CodeIgniter\Router\RouteCollection))
 6 APPPATH\Config\Routes\AdminRoutes.php(28): CodeIgniter\Router\RouteCollection->group('admin', [...], Object(Closure))
 7 APPPATH\Config\Routes.php(20): App\Config\Routes\AdminRoutes::init(Object(CodeIgniter\Router\RouteCollection))
 8 SYSTEMPATH\Router\RouteCollection.php(340): require('C:\\xampp\\htdocs\\smartstore\\app\\Config\\Routes.php')
 9 SYSTEMPATH\CodeIgniter.php(823): CodeIgniter\Router\RouteCollection->loadRoutes()
10 SYSTEMPATH\CodeIgniter.php(457): CodeIgniter\CodeIgniter->tryToRouteIt(null)
11 SYSTEMPATH\CodeIgniter.php(355): CodeIgniter\CodeIgniter->handleRequest(null, Object(Config\Cache), false)
12 SYSTEMPATH\Boot.php(325): CodeIgniter\CodeIgniter->run()
13 SYSTEMPATH\Boot.php(67): CodeIgniter\Boot::runCodeIgniter(Object(CodeIgniter\CodeIgniter))
14 FCPATH\index.php(63): CodeIgniter\Boot::bootWeb(Object(Config\Paths))
WARNING - 2025-06-07 14:31:32 --> [DEPRECATED] Passing lowercase HTTP method "get" is deprecated. Use uppercase HTTP method like "GET". in SYSTEMPATH\Router\RouteCollection.php on line 1027.
 1 SYSTEMPATH\Router\RouteCollection.php(1027): trigger_error('Passing lowercase HTTP method "get" is deprecated. Use uppercase HTTP method like "GET".', 16384)
 2 APPPATH\Config\Routes\AdminRoutes.php(185): CodeIgniter\Router\RouteCollection->match([...], 'add_note/?(:num)?', 'UsersController::add_note/$1')
 3 SYSTEMPATH\Router\RouteCollection.php(800): App\Config\Routes\AdminRoutes::App\Config\Routes\{closure}(Object(CodeIgniter\Router\RouteCollection))
 4 APPPATH\Config\Routes\AdminRoutes.php(182): CodeIgniter\Router\RouteCollection->group('users', [...], Object(Closure))
 5 SYSTEMPATH\Router\RouteCollection.php(800): App\Config\Routes\AdminRoutes::App\Config\Routes\{closure}(Object(CodeIgniter\Router\RouteCollection))
 6 APPPATH\Config\Routes\AdminRoutes.php(28): CodeIgniter\Router\RouteCollection->group('admin', [...], Object(Closure))
 7 APPPATH\Config\Routes.php(20): App\Config\Routes\AdminRoutes::init(Object(CodeIgniter\Router\RouteCollection))
 8 SYSTEMPATH\Router\RouteCollection.php(340): require('C:\\xampp\\htdocs\\smartstore\\app\\Config\\Routes.php')
 9 SYSTEMPATH\CodeIgniter.php(823): CodeIgniter\Router\RouteCollection->loadRoutes()
10 SYSTEMPATH\CodeIgniter.php(457): CodeIgniter\CodeIgniter->tryToRouteIt(null)
11 SYSTEMPATH\CodeIgniter.php(355): CodeIgniter\CodeIgniter->handleRequest(null, Object(Config\Cache), false)
12 SYSTEMPATH\Boot.php(325): CodeIgniter\CodeIgniter->run()
13 SYSTEMPATH\Boot.php(67): CodeIgniter\Boot::runCodeIgniter(Object(CodeIgniter\CodeIgniter))
14 FCPATH\index.php(63): CodeIgniter\Boot::bootWeb(Object(Config\Paths))
WARNING - 2025-06-07 14:31:32 --> [DEPRECATED] Passing lowercase HTTP method "post" is deprecated. Use uppercase HTTP method like "POST". in SYSTEMPATH\Router\RouteCollection.php on line 1027.
 1 SYSTEMPATH\Router\RouteCollection.php(1027): trigger_error('Passing lowercase HTTP method "post" is deprecated. Use uppercase HTTP method like "POST".', 16384)
 2 APPPATH\Config\Routes\AdminRoutes.php(185): CodeIgniter\Router\RouteCollection->match([...], 'add_note/?(:num)?', 'UsersController::add_note/$1')
 3 SYSTEMPATH\Router\RouteCollection.php(800): App\Config\Routes\AdminRoutes::App\Config\Routes\{closure}(Object(CodeIgniter\Router\RouteCollection))
 4 APPPATH\Config\Routes\AdminRoutes.php(182): CodeIgniter\Router\RouteCollection->group('users', [...], Object(Closure))
 5 SYSTEMPATH\Router\RouteCollection.php(800): App\Config\Routes\AdminRoutes::App\Config\Routes\{closure}(Object(CodeIgniter\Router\RouteCollection))
 6 APPPATH\Config\Routes\AdminRoutes.php(28): CodeIgniter\Router\RouteCollection->group('admin', [...], Object(Closure))
 7 APPPATH\Config\Routes.php(20): App\Config\Routes\AdminRoutes::init(Object(CodeIgniter\Router\RouteCollection))
 8 SYSTEMPATH\Router\RouteCollection.php(340): require('C:\\xampp\\htdocs\\smartstore\\app\\Config\\Routes.php')
 9 SYSTEMPATH\CodeIgniter.php(823): CodeIgniter\Router\RouteCollection->loadRoutes()
10 SYSTEMPATH\CodeIgniter.php(457): CodeIgniter\CodeIgniter->tryToRouteIt(null)
11 SYSTEMPATH\CodeIgniter.php(355): CodeIgniter\CodeIgniter->handleRequest(null, Object(Config\Cache), false)
12 SYSTEMPATH\Boot.php(325): CodeIgniter\CodeIgniter->run()
13 SYSTEMPATH\Boot.php(67): CodeIgniter\Boot::runCodeIgniter(Object(CodeIgniter\CodeIgniter))
14 FCPATH\index.php(63): CodeIgniter\Boot::bootWeb(Object(Config\Paths))
WARNING - 2025-06-07 14:31:32 --> [DEPRECATED] Passing lowercase HTTP method "get" is deprecated. Use uppercase HTTP method like "GET". in SYSTEMPATH\Router\RouteCollection.php on line 1027.
 1 SYSTEMPATH\Router\RouteCollection.php(1027): trigger_error('Passing lowercase HTTP method "get" is deprecated. Use uppercase HTTP method like "GET".', 16384)
 2 APPPATH\Config\Routes\AdminRoutes.php(186): CodeIgniter\Router\RouteCollection->match([...], 'send_mail/?(:num)?', 'UsersController::send_mail/$1')
 3 SYSTEMPATH\Router\RouteCollection.php(800): App\Config\Routes\AdminRoutes::App\Config\Routes\{closure}(Object(CodeIgniter\Router\RouteCollection))
 4 APPPATH\Config\Routes\AdminRoutes.php(182): CodeIgniter\Router\RouteCollection->group('users', [...], Object(Closure))
 5 SYSTEMPATH\Router\RouteCollection.php(800): App\Config\Routes\AdminRoutes::App\Config\Routes\{closure}(Object(CodeIgniter\Router\RouteCollection))
 6 APPPATH\Config\Routes\AdminRoutes.php(28): CodeIgniter\Router\RouteCollection->group('admin', [...], Object(Closure))
 7 APPPATH\Config\Routes.php(20): App\Config\Routes\AdminRoutes::init(Object(CodeIgniter\Router\RouteCollection))
 8 SYSTEMPATH\Router\RouteCollection.php(340): require('C:\\xampp\\htdocs\\smartstore\\app\\Config\\Routes.php')
 9 SYSTEMPATH\CodeIgniter.php(823): CodeIgniter\Router\RouteCollection->loadRoutes()
10 SYSTEMPATH\CodeIgniter.php(457): CodeIgniter\CodeIgniter->tryToRouteIt(null)
11 SYSTEMPATH\CodeIgniter.php(355): CodeIgniter\CodeIgniter->handleRequest(null, Object(Config\Cache), false)
12 SYSTEMPATH\Boot.php(325): CodeIgniter\CodeIgniter->run()
13 SYSTEMPATH\Boot.php(67): CodeIgniter\Boot::runCodeIgniter(Object(CodeIgniter\CodeIgniter))
14 FCPATH\index.php(63): CodeIgniter\Boot::bootWeb(Object(Config\Paths))
WARNING - 2025-06-07 14:31:32 --> [DEPRECATED] Passing lowercase HTTP method "post" is deprecated. Use uppercase HTTP method like "POST". in SYSTEMPATH\Router\RouteCollection.php on line 1027.
 1 SYSTEMPATH\Router\RouteCollection.php(1027): trigger_error('Passing lowercase HTTP method "post" is deprecated. Use uppercase HTTP method like "POST".', 16384)
 2 APPPATH\Config\Routes\AdminRoutes.php(186): CodeIgniter\Router\RouteCollection->match([...], 'send_mail/?(:num)?', 'UsersController::send_mail/$1')
 3 SYSTEMPATH\Router\RouteCollection.php(800): App\Config\Routes\AdminRoutes::App\Config\Routes\{closure}(Object(CodeIgniter\Router\RouteCollection))
 4 APPPATH\Config\Routes\AdminRoutes.php(182): CodeIgniter\Router\RouteCollection->group('users', [...], Object(Closure))
 5 SYSTEMPATH\Router\RouteCollection.php(800): App\Config\Routes\AdminRoutes::App\Config\Routes\{closure}(Object(CodeIgniter\Router\RouteCollection))
 6 APPPATH\Config\Routes\AdminRoutes.php(28): CodeIgniter\Router\RouteCollection->group('admin', [...], Object(Closure))
 7 APPPATH\Config\Routes.php(20): App\Config\Routes\AdminRoutes::init(Object(CodeIgniter\Router\RouteCollection))
 8 SYSTEMPATH\Router\RouteCollection.php(340): require('C:\\xampp\\htdocs\\smartstore\\app\\Config\\Routes.php')
 9 SYSTEMPATH\CodeIgniter.php(823): CodeIgniter\Router\RouteCollection->loadRoutes()
10 SYSTEMPATH\CodeIgniter.php(457): CodeIgniter\CodeIgniter->tryToRouteIt(null)
11 SYSTEMPATH\CodeIgniter.php(355): CodeIgniter\CodeIgniter->handleRequest(null, Object(Config\Cache), false)
12 SYSTEMPATH\Boot.php(325): CodeIgniter\CodeIgniter->run()
13 SYSTEMPATH\Boot.php(67): CodeIgniter\Boot::runCodeIgniter(Object(CodeIgniter\CodeIgniter))
14 FCPATH\index.php(63): CodeIgniter\Boot::bootWeb(Object(Config\Paths))
WARNING - 2025-06-07 14:31:32 --> [DEPRECATED] Passing lowercase HTTP method "get" is deprecated. Use uppercase HTTP method like "GET". in SYSTEMPATH\Router\RouteCollection.php on line 1027.
 1 SYSTEMPATH\Router\RouteCollection.php(1027): trigger_error('Passing lowercase HTTP method "get" is deprecated. Use uppercase HTTP method like "GET".', 16384)
 2 APPPATH\Config\Routes\AdminRoutes.php(215): CodeIgniter\Router\RouteCollection->match([...], 'send_mail/?(:num)?', 'TicketsController::send_mail/$1')
 3 SYSTEMPATH\Router\RouteCollection.php(800): App\Config\Routes\AdminRoutes::App\Config\Routes\{closure}(Object(CodeIgniter\Router\RouteCollection))
 4 APPPATH\Config\Routes\AdminRoutes.php(212): CodeIgniter\Router\RouteCollection->group('tickets', [...], Object(Closure))
 5 SYSTEMPATH\Router\RouteCollection.php(800): App\Config\Routes\AdminRoutes::App\Config\Routes\{closure}(Object(CodeIgniter\Router\RouteCollection))
 6 APPPATH\Config\Routes\AdminRoutes.php(28): CodeIgniter\Router\RouteCollection->group('admin', [...], Object(Closure))
 7 APPPATH\Config\Routes.php(20): App\Config\Routes\AdminRoutes::init(Object(CodeIgniter\Router\RouteCollection))
 8 SYSTEMPATH\Router\RouteCollection.php(340): require('C:\\xampp\\htdocs\\smartstore\\app\\Config\\Routes.php')
 9 SYSTEMPATH\CodeIgniter.php(823): CodeIgniter\Router\RouteCollection->loadRoutes()
10 SYSTEMPATH\CodeIgniter.php(457): CodeIgniter\CodeIgniter->tryToRouteIt(null)
11 SYSTEMPATH\CodeIgniter.php(355): CodeIgniter\CodeIgniter->handleRequest(null, Object(Config\Cache), false)
12 SYSTEMPATH\Boot.php(325): CodeIgniter\CodeIgniter->run()
13 SYSTEMPATH\Boot.php(67): CodeIgniter\Boot::runCodeIgniter(Object(CodeIgniter\CodeIgniter))
14 FCPATH\index.php(63): CodeIgniter\Boot::bootWeb(Object(Config\Paths))
WARNING - 2025-06-07 14:31:32 --> [DEPRECATED] Passing lowercase HTTP method "post" is deprecated. Use uppercase HTTP method like "POST". in SYSTEMPATH\Router\RouteCollection.php on line 1027.
 1 SYSTEMPATH\Router\RouteCollection.php(1027): trigger_error('Passing lowercase HTTP method "post" is deprecated. Use uppercase HTTP method like "POST".', 16384)
 2 APPPATH\Config\Routes\AdminRoutes.php(215): CodeIgniter\Router\RouteCollection->match([...], 'send_mail/?(:num)?', 'TicketsController::send_mail/$1')
 3 SYSTEMPATH\Router\RouteCollection.php(800): App\Config\Routes\AdminRoutes::App\Config\Routes\{closure}(Object(CodeIgniter\Router\RouteCollection))
 4 APPPATH\Config\Routes\AdminRoutes.php(212): CodeIgniter\Router\RouteCollection->group('tickets', [...], Object(Closure))
 5 SYSTEMPATH\Router\RouteCollection.php(800): App\Config\Routes\AdminRoutes::App\Config\Routes\{closure}(Object(CodeIgniter\Router\RouteCollection))
 6 APPPATH\Config\Routes\AdminRoutes.php(28): CodeIgniter\Router\RouteCollection->group('admin', [...], Object(Closure))
 7 APPPATH\Config\Routes.php(20): App\Config\Routes\AdminRoutes::init(Object(CodeIgniter\Router\RouteCollection))
 8 SYSTEMPATH\Router\RouteCollection.php(340): require('C:\\xampp\\htdocs\\smartstore\\app\\Config\\Routes.php')
 9 SYSTEMPATH\CodeIgniter.php(823): CodeIgniter\Router\RouteCollection->loadRoutes()
10 SYSTEMPATH\CodeIgniter.php(457): CodeIgniter\CodeIgniter->tryToRouteIt(null)
11 SYSTEMPATH\CodeIgniter.php(355): CodeIgniter\CodeIgniter->handleRequest(null, Object(Config\Cache), false)
12 SYSTEMPATH\Boot.php(325): CodeIgniter\CodeIgniter->run()
13 SYSTEMPATH\Boot.php(67): CodeIgniter\Boot::runCodeIgniter(Object(CodeIgniter\CodeIgniter))
14 FCPATH\index.php(63): CodeIgniter\Boot::bootWeb(Object(Config\Paths))
WARNING - 2025-06-07 14:31:32 --> [DEPRECATED] Passing lowercase HTTP method "get" is deprecated. Use uppercase HTTP method like "GET". in SYSTEMPATH\Router\RouteCollection.php on line 1027.
 1 SYSTEMPATH\Router\RouteCollection.php(1027): trigger_error('Passing lowercase HTTP method "get" is deprecated. Use uppercase HTTP method like "GET".', 16384)
 2 APPPATH\Config\Routes\UserRoutes.php(49): CodeIgniter\Router\RouteCollection->match([...], 'submit_review', 'ClientController::submit_review', [...])
 3 APPPATH\Config\Routes\UserRoutes.php(23): App\Config\Routes\UserRoutes::defineRoutes(Object(CodeIgniter\Router\RouteCollection))
 4 APPPATH\Config\Routes.php(21): App\Config\Routes\UserRoutes::init(Object(CodeIgniter\Router\RouteCollection))
 5 SYSTEMPATH\Router\RouteCollection.php(340): require('C:\\xampp\\htdocs\\smartstore\\app\\Config\\Routes.php')
 6 SYSTEMPATH\CodeIgniter.php(823): CodeIgniter\Router\RouteCollection->loadRoutes()
 7 SYSTEMPATH\CodeIgniter.php(457): CodeIgniter\CodeIgniter->tryToRouteIt(null)
 8 SYSTEMPATH\CodeIgniter.php(355): CodeIgniter\CodeIgniter->handleRequest(null, Object(Config\Cache), false)
 9 SYSTEMPATH\Boot.php(325): CodeIgniter\CodeIgniter->run()
10 SYSTEMPATH\Boot.php(67): CodeIgniter\Boot::runCodeIgniter(Object(CodeIgniter\CodeIgniter))
11 FCPATH\index.php(63): CodeIgniter\Boot::bootWeb(Object(Config\Paths))
WARNING - 2025-06-07 14:31:32 --> [DEPRECATED] Passing lowercase HTTP method "post" is deprecated. Use uppercase HTTP method like "POST". in SYSTEMPATH\Router\RouteCollection.php on line 1027.
 1 SYSTEMPATH\Router\RouteCollection.php(1027): trigger_error('Passing lowercase HTTP method "post" is deprecated. Use uppercase HTTP method like "POST".', 16384)
 2 APPPATH\Config\Routes\UserRoutes.php(49): CodeIgniter\Router\RouteCollection->match([...], 'submit_review', 'ClientController::submit_review', [...])
 3 APPPATH\Config\Routes\UserRoutes.php(23): App\Config\Routes\UserRoutes::defineRoutes(Object(CodeIgniter\Router\RouteCollection))
 4 APPPATH\Config\Routes.php(21): App\Config\Routes\UserRoutes::init(Object(CodeIgniter\Router\RouteCollection))
 5 SYSTEMPATH\Router\RouteCollection.php(340): require('C:\\xampp\\htdocs\\smartstore\\app\\Config\\Routes.php')
 6 SYSTEMPATH\CodeIgniter.php(823): CodeIgniter\Router\RouteCollection->loadRoutes()
 7 SYSTEMPATH\CodeIgniter.php(457): CodeIgniter\CodeIgniter->tryToRouteIt(null)
 8 SYSTEMPATH\CodeIgniter.php(355): CodeIgniter\CodeIgniter->handleRequest(null, Object(Config\Cache), false)
 9 SYSTEMPATH\Boot.php(325): CodeIgniter\CodeIgniter->run()
10 SYSTEMPATH\Boot.php(67): CodeIgniter\Boot::runCodeIgniter(Object(CodeIgniter\CodeIgniter))
11 FCPATH\index.php(63): CodeIgniter\Boot::bootWeb(Object(Config\Paths))
WARNING - 2025-06-07 14:31:32 --> [DEPRECATED] Passing lowercase HTTP method "get" is deprecated. Use uppercase HTTP method like "GET". in SYSTEMPATH\Router\RouteCollection.php on line 1027.
 1 SYSTEMPATH\Router\RouteCollection.php(1027): trigger_error('Passing lowercase HTTP method "get" is deprecated. Use uppercase HTTP method like "GET".', 16384)
 2 APPPATH\Config\Routes\UserRoutes.php(63): CodeIgniter\Router\RouteCollection->match([...], 'track-order', 'OrderController::track_order', [...])
 3 APPPATH\Config\Routes\UserRoutes.php(23): App\Config\Routes\UserRoutes::defineRoutes(Object(CodeIgniter\Router\RouteCollection))
 4 APPPATH\Config\Routes.php(21): App\Config\Routes\UserRoutes::init(Object(CodeIgniter\Router\RouteCollection))
 5 SYSTEMPATH\Router\RouteCollection.php(340): require('C:\\xampp\\htdocs\\smartstore\\app\\Config\\Routes.php')
 6 SYSTEMPATH\CodeIgniter.php(823): CodeIgniter\Router\RouteCollection->loadRoutes()
 7 SYSTEMPATH\CodeIgniter.php(457): CodeIgniter\CodeIgniter->tryToRouteIt(null)
 8 SYSTEMPATH\CodeIgniter.php(355): CodeIgniter\CodeIgniter->handleRequest(null, Object(Config\Cache), false)
 9 SYSTEMPATH\Boot.php(325): CodeIgniter\CodeIgniter->run()
10 SYSTEMPATH\Boot.php(67): CodeIgniter\Boot::runCodeIgniter(Object(CodeIgniter\CodeIgniter))
11 FCPATH\index.php(63): CodeIgniter\Boot::bootWeb(Object(Config\Paths))
WARNING - 2025-06-07 14:31:32 --> [DEPRECATED] Passing lowercase HTTP method "post" is deprecated. Use uppercase HTTP method like "POST". in SYSTEMPATH\Router\RouteCollection.php on line 1027.
 1 SYSTEMPATH\Router\RouteCollection.php(1027): trigger_error('Passing lowercase HTTP method "post" is deprecated. Use uppercase HTTP method like "POST".', 16384)
 2 APPPATH\Config\Routes\UserRoutes.php(63): CodeIgniter\Router\RouteCollection->match([...], 'track-order', 'OrderController::track_order', [...])
 3 APPPATH\Config\Routes\UserRoutes.php(23): App\Config\Routes\UserRoutes::defineRoutes(Object(CodeIgniter\Router\RouteCollection))
 4 APPPATH\Config\Routes.php(21): App\Config\Routes\UserRoutes::init(Object(CodeIgniter\Router\RouteCollection))
 5 SYSTEMPATH\Router\RouteCollection.php(340): require('C:\\xampp\\htdocs\\smartstore\\app\\Config\\Routes.php')
 6 SYSTEMPATH\CodeIgniter.php(823): CodeIgniter\Router\RouteCollection->loadRoutes()
 7 SYSTEMPATH\CodeIgniter.php(457): CodeIgniter\CodeIgniter->tryToRouteIt(null)
 8 SYSTEMPATH\CodeIgniter.php(355): CodeIgniter\CodeIgniter->handleRequest(null, Object(Config\Cache), false)
 9 SYSTEMPATH\Boot.php(325): CodeIgniter\CodeIgniter->run()
10 SYSTEMPATH\Boot.php(67): CodeIgniter\Boot::runCodeIgniter(Object(CodeIgniter\CodeIgniter))
11 FCPATH\index.php(63): CodeIgniter\Boot::bootWeb(Object(Config\Paths))
WARNING - 2025-06-07 14:31:32 --> [DEPRECATED] Passing lowercase HTTP method "get" is deprecated. Use uppercase HTTP method like "GET". in SYSTEMPATH\Router\RouteCollection.php on line 1027.
 1 SYSTEMPATH\Router\RouteCollection.php(1027): trigger_error('Passing lowercase HTTP method "get" is deprecated. Use uppercase HTTP method like "GET".', 16384)
 2 APPPATH\Config\Routes\UserRoutes.php(49): CodeIgniter\Router\RouteCollection->match([...], 'submit_review', 'ClientController::submit_review', [...])
 3 APPPATH\Config\Routes\UserRoutes.php(26): App\Config\Routes\UserRoutes::defineRoutes(Object(CodeIgniter\Router\RouteCollection))
 4 SYSTEMPATH\Router\RouteCollection.php(800): App\Config\Routes\UserRoutes::App\Config\Routes\{closure}(Object(CodeIgniter\Router\RouteCollection))
 5 APPPATH\Config\Routes\UserRoutes.php(25): CodeIgniter\Router\RouteCollection->group('{locale}', Object(Closure))
 6 APPPATH\Config\Routes.php(21): App\Config\Routes\UserRoutes::init(Object(CodeIgniter\Router\RouteCollection))
 7 SYSTEMPATH\Router\RouteCollection.php(340): require('C:\\xampp\\htdocs\\smartstore\\app\\Config\\Routes.php')
 8 SYSTEMPATH\CodeIgniter.php(823): CodeIgniter\Router\RouteCollection->loadRoutes()
 9 SYSTEMPATH\CodeIgniter.php(457): CodeIgniter\CodeIgniter->tryToRouteIt(null)
10 SYSTEMPATH\CodeIgniter.php(355): CodeIgniter\CodeIgniter->handleRequest(null, Object(Config\Cache), false)
11 SYSTEMPATH\Boot.php(325): CodeIgniter\CodeIgniter->run()
12 SYSTEMPATH\Boot.php(67): CodeIgniter\Boot::runCodeIgniter(Object(CodeIgniter\CodeIgniter))
13 FCPATH\index.php(63): CodeIgniter\Boot::bootWeb(Object(Config\Paths))
WARNING - 2025-06-07 14:31:32 --> [DEPRECATED] Passing lowercase HTTP method "post" is deprecated. Use uppercase HTTP method like "POST". in SYSTEMPATH\Router\RouteCollection.php on line 1027.
 1 SYSTEMPATH\Router\RouteCollection.php(1027): trigger_error('Passing lowercase HTTP method "post" is deprecated. Use uppercase HTTP method like "POST".', 16384)
 2 APPPATH\Config\Routes\UserRoutes.php(49): CodeIgniter\Router\RouteCollection->match([...], 'submit_review', 'ClientController::submit_review', [...])
 3 APPPATH\Config\Routes\UserRoutes.php(26): App\Config\Routes\UserRoutes::defineRoutes(Object(CodeIgniter\Router\RouteCollection))
 4 SYSTEMPATH\Router\RouteCollection.php(800): App\Config\Routes\UserRoutes::App\Config\Routes\{closure}(Object(CodeIgniter\Router\RouteCollection))
 5 APPPATH\Config\Routes\UserRoutes.php(25): CodeIgniter\Router\RouteCollection->group('{locale}', Object(Closure))
 6 APPPATH\Config\Routes.php(21): App\Config\Routes\UserRoutes::init(Object(CodeIgniter\Router\RouteCollection))
 7 SYSTEMPATH\Router\RouteCollection.php(340): require('C:\\xampp\\htdocs\\smartstore\\app\\Config\\Routes.php')
 8 SYSTEMPATH\CodeIgniter.php(823): CodeIgniter\Router\RouteCollection->loadRoutes()
 9 SYSTEMPATH\CodeIgniter.php(457): CodeIgniter\CodeIgniter->tryToRouteIt(null)
10 SYSTEMPATH\CodeIgniter.php(355): CodeIgniter\CodeIgniter->handleRequest(null, Object(Config\Cache), false)
11 SYSTEMPATH\Boot.php(325): CodeIgniter\CodeIgniter->run()
12 SYSTEMPATH\Boot.php(67): CodeIgniter\Boot::runCodeIgniter(Object(CodeIgniter\CodeIgniter))
13 FCPATH\index.php(63): CodeIgniter\Boot::bootWeb(Object(Config\Paths))
WARNING - 2025-06-07 14:31:32 --> [DEPRECATED] Passing lowercase HTTP method "get" is deprecated. Use uppercase HTTP method like "GET". in SYSTEMPATH\Router\RouteCollection.php on line 1027.
 1 SYSTEMPATH\Router\RouteCollection.php(1027): trigger_error('Passing lowercase HTTP method "get" is deprecated. Use uppercase HTTP method like "GET".', 16384)
 2 APPPATH\Config\Routes\UserRoutes.php(63): CodeIgniter\Router\RouteCollection->match([...], 'track-order', 'OrderController::track_order', [...])
 3 APPPATH\Config\Routes\UserRoutes.php(26): App\Config\Routes\UserRoutes::defineRoutes(Object(CodeIgniter\Router\RouteCollection))
 4 SYSTEMPATH\Router\RouteCollection.php(800): App\Config\Routes\UserRoutes::App\Config\Routes\{closure}(Object(CodeIgniter\Router\RouteCollection))
 5 APPPATH\Config\Routes\UserRoutes.php(25): CodeIgniter\Router\RouteCollection->group('{locale}', Object(Closure))
 6 APPPATH\Config\Routes.php(21): App\Config\Routes\UserRoutes::init(Object(CodeIgniter\Router\RouteCollection))
 7 SYSTEMPATH\Router\RouteCollection.php(340): require('C:\\xampp\\htdocs\\smartstore\\app\\Config\\Routes.php')
 8 SYSTEMPATH\CodeIgniter.php(823): CodeIgniter\Router\RouteCollection->loadRoutes()
 9 SYSTEMPATH\CodeIgniter.php(457): CodeIgniter\CodeIgniter->tryToRouteIt(null)
10 SYSTEMPATH\CodeIgniter.php(355): CodeIgniter\CodeIgniter->handleRequest(null, Object(Config\Cache), false)
11 SYSTEMPATH\Boot.php(325): CodeIgniter\CodeIgniter->run()
12 SYSTEMPATH\Boot.php(67): CodeIgniter\Boot::runCodeIgniter(Object(CodeIgniter\CodeIgniter))
13 FCPATH\index.php(63): CodeIgniter\Boot::bootWeb(Object(Config\Paths))
WARNING - 2025-06-07 14:31:32 --> [DEPRECATED] Passing lowercase HTTP method "post" is deprecated. Use uppercase HTTP method like "POST". in SYSTEMPATH\Router\RouteCollection.php on line 1027.
 1 SYSTEMPATH\Router\RouteCollection.php(1027): trigger_error('Passing lowercase HTTP method "post" is deprecated. Use uppercase HTTP method like "POST".', 16384)
 2 APPPATH\Config\Routes\UserRoutes.php(63): CodeIgniter\Router\RouteCollection->match([...], 'track-order', 'OrderController::track_order', [...])
 3 APPPATH\Config\Routes\UserRoutes.php(26): App\Config\Routes\UserRoutes::defineRoutes(Object(CodeIgniter\Router\RouteCollection))
 4 SYSTEMPATH\Router\RouteCollection.php(800): App\Config\Routes\UserRoutes::App\Config\Routes\{closure}(Object(CodeIgniter\Router\RouteCollection))
 5 APPPATH\Config\Routes\UserRoutes.php(25): CodeIgniter\Router\RouteCollection->group('{locale}', Object(Closure))
 6 APPPATH\Config\Routes.php(21): App\Config\Routes\UserRoutes::init(Object(CodeIgniter\Router\RouteCollection))
 7 SYSTEMPATH\Router\RouteCollection.php(340): require('C:\\xampp\\htdocs\\smartstore\\app\\Config\\Routes.php')
 8 SYSTEMPATH\CodeIgniter.php(823): CodeIgniter\Router\RouteCollection->loadRoutes()
 9 SYSTEMPATH\CodeIgniter.php(457): CodeIgniter\CodeIgniter->tryToRouteIt(null)
10 SYSTEMPATH\CodeIgniter.php(355): CodeIgniter\CodeIgniter->handleRequest(null, Object(Config\Cache), false)
11 SYSTEMPATH\Boot.php(325): CodeIgniter\CodeIgniter->run()
12 SYSTEMPATH\Boot.php(67): CodeIgniter\Boot::runCodeIgniter(Object(CodeIgniter\CodeIgniter))
13 FCPATH\index.php(63): CodeIgniter\Boot::bootWeb(Object(Config\Paths))
INFO - 2025-06-07 14:31:32 --> Session: Class initialized using 'CodeIgniter\Session\Handlers\FileHandler' driver.
WARNING - 2025-06-07 14:31:32 --> [DEPRECATED] Creation of dynamic property App\Controllers\Public\PageController::$load_files is deprecated in APPPATH\Controllers\Public\PageController.php on line 21.
 1 SYSTEMPATH\CodeIgniter.php(903): App\Controllers\Public\PageController->__construct()
 2 SYSTEMPATH\CodeIgniter.php(500): CodeIgniter\CodeIgniter->createController()
 3 SYSTEMPATH\CodeIgniter.php(355): CodeIgniter\CodeIgniter->handleRequest(null, Object(Config\Cache), false)
 4 SYSTEMPATH\Boot.php(325): CodeIgniter\CodeIgniter->run()
 5 SYSTEMPATH\Boot.php(67): CodeIgniter\Boot::runCodeIgniter(Object(CodeIgniter\CodeIgniter))
 6 FCPATH\index.php(63): CodeIgniter\Boot::bootWeb(Object(Config\Paths))
WARNING - 2025-06-07 14:31:32 --> [DEPRECATED] Creation of dynamic property App\Controllers\Public\PageController::$page_title is deprecated in APPPATH\Controllers\Public\PageController.php on line 22.
 1 SYSTEMPATH\CodeIgniter.php(903): App\Controllers\Public\PageController->__construct()
 2 SYSTEMPATH\CodeIgniter.php(500): CodeIgniter\CodeIgniter->createController()
 3 SYSTEMPATH\CodeIgniter.php(355): CodeIgniter\CodeIgniter->handleRequest(null, Object(Config\Cache), false)
 4 SYSTEMPATH\Boot.php(325): CodeIgniter\CodeIgniter->run()
 5 SYSTEMPATH\Boot.php(67): CodeIgniter\Boot::runCodeIgniter(Object(CodeIgniter\CodeIgniter))
 6 FCPATH\index.php(63): CodeIgniter\Boot::bootWeb(Object(Config\Paths))
WARNING - 2025-06-07 14:31:43 --> [DEPRECATED] Passing lowercase HTTP method "get" is deprecated. Use uppercase HTTP method like "GET". in SYSTEMPATH\Router\RouteCollection.php on line 1027.
 1 SYSTEMPATH\Router\RouteCollection.php(1027): trigger_error('Passing lowercase HTTP method "get" is deprecated. Use uppercase HTTP method like "GET".', 16384)
 2 APPPATH\Config\Routes\AdminRoutes.php(65): CodeIgniter\Router\RouteCollection->match([...], 'send_test_mail', 'SettingsController::send_test_mail')
 3 SYSTEMPATH\Router\RouteCollection.php(800): App\Config\Routes\AdminRoutes::App\Config\Routes\{closure}(Object(CodeIgniter\Router\RouteCollection))
 4 APPPATH\Config\Routes\AdminRoutes.php(63): CodeIgniter\Router\RouteCollection->group('settings', [...], Object(Closure))
 5 SYSTEMPATH\Router\RouteCollection.php(800): App\Config\Routes\AdminRoutes::App\Config\Routes\{closure}(Object(CodeIgniter\Router\RouteCollection))
 6 APPPATH\Config\Routes\AdminRoutes.php(28): CodeIgniter\Router\RouteCollection->group('admin', [...], Object(Closure))
 7 APPPATH\Config\Routes.php(20): App\Config\Routes\AdminRoutes::init(Object(CodeIgniter\Router\RouteCollection))
 8 SYSTEMPATH\Router\RouteCollection.php(340): require('C:\\xampp\\htdocs\\smartstore\\app\\Config\\Routes.php')
 9 SYSTEMPATH\CodeIgniter.php(823): CodeIgniter\Router\RouteCollection->loadRoutes()
10 SYSTEMPATH\CodeIgniter.php(457): CodeIgniter\CodeIgniter->tryToRouteIt(null)
11 SYSTEMPATH\CodeIgniter.php(355): CodeIgniter\CodeIgniter->handleRequest(null, Object(Config\Cache), false)
12 SYSTEMPATH\Boot.php(325): CodeIgniter\CodeIgniter->run()
13 SYSTEMPATH\Boot.php(67): CodeIgniter\Boot::runCodeIgniter(Object(CodeIgniter\CodeIgniter))
14 FCPATH\index.php(63): CodeIgniter\Boot::bootWeb(Object(Config\Paths))
WARNING - 2025-06-07 14:31:43 --> [DEPRECATED] Passing lowercase HTTP method "post" is deprecated. Use uppercase HTTP method like "POST". in SYSTEMPATH\Router\RouteCollection.php on line 1027.
 1 SYSTEMPATH\Router\RouteCollection.php(1027): trigger_error('Passing lowercase HTTP method "post" is deprecated. Use uppercase HTTP method like "POST".', 16384)
 2 APPPATH\Config\Routes\AdminRoutes.php(65): CodeIgniter\Router\RouteCollection->match([...], 'send_test_mail', 'SettingsController::send_test_mail')
 3 SYSTEMPATH\Router\RouteCollection.php(800): App\Config\Routes\AdminRoutes::App\Config\Routes\{closure}(Object(CodeIgniter\Router\RouteCollection))
 4 APPPATH\Config\Routes\AdminRoutes.php(63): CodeIgniter\Router\RouteCollection->group('settings', [...], Object(Closure))
 5 SYSTEMPATH\Router\RouteCollection.php(800): App\Config\Routes\AdminRoutes::App\Config\Routes\{closure}(Object(CodeIgniter\Router\RouteCollection))
 6 APPPATH\Config\Routes\AdminRoutes.php(28): CodeIgniter\Router\RouteCollection->group('admin', [...], Object(Closure))
 7 APPPATH\Config\Routes.php(20): App\Config\Routes\AdminRoutes::init(Object(CodeIgniter\Router\RouteCollection))
 8 SYSTEMPATH\Router\RouteCollection.php(340): require('C:\\xampp\\htdocs\\smartstore\\app\\Config\\Routes.php')
 9 SYSTEMPATH\CodeIgniter.php(823): CodeIgniter\Router\RouteCollection->loadRoutes()
10 SYSTEMPATH\CodeIgniter.php(457): CodeIgniter\CodeIgniter->tryToRouteIt(null)
11 SYSTEMPATH\CodeIgniter.php(355): CodeIgniter\CodeIgniter->handleRequest(null, Object(Config\Cache), false)
12 SYSTEMPATH\Boot.php(325): CodeIgniter\CodeIgniter->run()
13 SYSTEMPATH\Boot.php(67): CodeIgniter\Boot::runCodeIgniter(Object(CodeIgniter\CodeIgniter))
14 FCPATH\index.php(63): CodeIgniter\Boot::bootWeb(Object(Config\Paths))
WARNING - 2025-06-07 14:31:43 --> [DEPRECATED] Passing lowercase HTTP method "get" is deprecated. Use uppercase HTTP method like "GET". in SYSTEMPATH\Router\RouteCollection.php on line 1027.
 1 SYSTEMPATH\Router\RouteCollection.php(1027): trigger_error('Passing lowercase HTTP method "get" is deprecated. Use uppercase HTTP method like "GET".', 16384)
 2 APPPATH\Config\Routes\AdminRoutes.php(76): CodeIgniter\Router\RouteCollection->match([...], 'elfinder_connector', 'FilemanagerController::elfinder_connector')
 3 SYSTEMPATH\Router\RouteCollection.php(800): App\Config\Routes\AdminRoutes::App\Config\Routes\{closure}(Object(CodeIgniter\Router\RouteCollection))
 4 APPPATH\Config\Routes\AdminRoutes.php(73): CodeIgniter\Router\RouteCollection->group('filemanager', [...], Object(Closure))
 5 SYSTEMPATH\Router\RouteCollection.php(800): App\Config\Routes\AdminRoutes::App\Config\Routes\{closure}(Object(CodeIgniter\Router\RouteCollection))
 6 APPPATH\Config\Routes\AdminRoutes.php(28): CodeIgniter\Router\RouteCollection->group('admin', [...], Object(Closure))
 7 APPPATH\Config\Routes.php(20): App\Config\Routes\AdminRoutes::init(Object(CodeIgniter\Router\RouteCollection))
 8 SYSTEMPATH\Router\RouteCollection.php(340): require('C:\\xampp\\htdocs\\smartstore\\app\\Config\\Routes.php')
 9 SYSTEMPATH\CodeIgniter.php(823): CodeIgniter\Router\RouteCollection->loadRoutes()
10 SYSTEMPATH\CodeIgniter.php(457): CodeIgniter\CodeIgniter->tryToRouteIt(null)
11 SYSTEMPATH\CodeIgniter.php(355): CodeIgniter\CodeIgniter->handleRequest(null, Object(Config\Cache), false)
12 SYSTEMPATH\Boot.php(325): CodeIgniter\CodeIgniter->run()
13 SYSTEMPATH\Boot.php(67): CodeIgniter\Boot::runCodeIgniter(Object(CodeIgniter\CodeIgniter))
14 FCPATH\index.php(63): CodeIgniter\Boot::bootWeb(Object(Config\Paths))
WARNING - 2025-06-07 14:31:43 --> [DEPRECATED] Passing lowercase HTTP method "post" is deprecated. Use uppercase HTTP method like "POST". in SYSTEMPATH\Router\RouteCollection.php on line 1027.
 1 SYSTEMPATH\Router\RouteCollection.php(1027): trigger_error('Passing lowercase HTTP method "post" is deprecated. Use uppercase HTTP method like "POST".', 16384)
 2 APPPATH\Config\Routes\AdminRoutes.php(76): CodeIgniter\Router\RouteCollection->match([...], 'elfinder_connector', 'FilemanagerController::elfinder_connector')
 3 SYSTEMPATH\Router\RouteCollection.php(800): App\Config\Routes\AdminRoutes::App\Config\Routes\{closure}(Object(CodeIgniter\Router\RouteCollection))
 4 APPPATH\Config\Routes\AdminRoutes.php(73): CodeIgniter\Router\RouteCollection->group('filemanager', [...], Object(Closure))
 5 SYSTEMPATH\Router\RouteCollection.php(800): App\Config\Routes\AdminRoutes::App\Config\Routes\{closure}(Object(CodeIgniter\Router\RouteCollection))
 6 APPPATH\Config\Routes\AdminRoutes.php(28): CodeIgniter\Router\RouteCollection->group('admin', [...], Object(Closure))
 7 APPPATH\Config\Routes.php(20): App\Config\Routes\AdminRoutes::init(Object(CodeIgniter\Router\RouteCollection))
 8 SYSTEMPATH\Router\RouteCollection.php(340): require('C:\\xampp\\htdocs\\smartstore\\app\\Config\\Routes.php')
 9 SYSTEMPATH\CodeIgniter.php(823): CodeIgniter\Router\RouteCollection->loadRoutes()
10 SYSTEMPATH\CodeIgniter.php(457): CodeIgniter\CodeIgniter->tryToRouteIt(null)
11 SYSTEMPATH\CodeIgniter.php(355): CodeIgniter\CodeIgniter->handleRequest(null, Object(Config\Cache), false)
12 SYSTEMPATH\Boot.php(325): CodeIgniter\CodeIgniter->run()
13 SYSTEMPATH\Boot.php(67): CodeIgniter\Boot::runCodeIgniter(Object(CodeIgniter\CodeIgniter))
14 FCPATH\index.php(63): CodeIgniter\Boot::bootWeb(Object(Config\Paths))
WARNING - 2025-06-07 14:31:43 --> [DEPRECATED] Passing lowercase HTTP method "get" is deprecated. Use uppercase HTTP method like "GET". in SYSTEMPATH\Router\RouteCollection.php on line 1027.
 1 SYSTEMPATH\Router\RouteCollection.php(1027): trigger_error('Passing lowercase HTTP method "get" is deprecated. Use uppercase HTTP method like "GET".', 16384)
 2 APPPATH\Config\Routes\AdminRoutes.php(172): CodeIgniter\Router\RouteCollection->match([...], 'sync_services/?(:num)?', 'ProvidersController::sync_services/$1')
 3 SYSTEMPATH\Router\RouteCollection.php(800): App\Config\Routes\AdminRoutes::App\Config\Routes\{closure}(Object(CodeIgniter\Router\RouteCollection))
 4 APPPATH\Config\Routes\AdminRoutes.php(167): CodeIgniter\Router\RouteCollection->group('providers', [...], Object(Closure))
 5 SYSTEMPATH\Router\RouteCollection.php(800): App\Config\Routes\AdminRoutes::App\Config\Routes\{closure}(Object(CodeIgniter\Router\RouteCollection))
 6 APPPATH\Config\Routes\AdminRoutes.php(28): CodeIgniter\Router\RouteCollection->group('admin', [...], Object(Closure))
 7 APPPATH\Config\Routes.php(20): App\Config\Routes\AdminRoutes::init(Object(CodeIgniter\Router\RouteCollection))
 8 SYSTEMPATH\Router\RouteCollection.php(340): require('C:\\xampp\\htdocs\\smartstore\\app\\Config\\Routes.php')
 9 SYSTEMPATH\CodeIgniter.php(823): CodeIgniter\Router\RouteCollection->loadRoutes()
10 SYSTEMPATH\CodeIgniter.php(457): CodeIgniter\CodeIgniter->tryToRouteIt(null)
11 SYSTEMPATH\CodeIgniter.php(355): CodeIgniter\CodeIgniter->handleRequest(null, Object(Config\Cache), false)
12 SYSTEMPATH\Boot.php(325): CodeIgniter\CodeIgniter->run()
13 SYSTEMPATH\Boot.php(67): CodeIgniter\Boot::runCodeIgniter(Object(CodeIgniter\CodeIgniter))
14 FCPATH\index.php(63): CodeIgniter\Boot::bootWeb(Object(Config\Paths))
WARNING - 2025-06-07 14:31:43 --> [DEPRECATED] Passing lowercase HTTP method "post" is deprecated. Use uppercase HTTP method like "POST". in SYSTEMPATH\Router\RouteCollection.php on line 1027.
 1 SYSTEMPATH\Router\RouteCollection.php(1027): trigger_error('Passing lowercase HTTP method "post" is deprecated. Use uppercase HTTP method like "POST".', 16384)
 2 APPPATH\Config\Routes\AdminRoutes.php(172): CodeIgniter\Router\RouteCollection->match([...], 'sync_services/?(:num)?', 'ProvidersController::sync_services/$1')
 3 SYSTEMPATH\Router\RouteCollection.php(800): App\Config\Routes\AdminRoutes::App\Config\Routes\{closure}(Object(CodeIgniter\Router\RouteCollection))
 4 APPPATH\Config\Routes\AdminRoutes.php(167): CodeIgniter\Router\RouteCollection->group('providers', [...], Object(Closure))
 5 SYSTEMPATH\Router\RouteCollection.php(800): App\Config\Routes\AdminRoutes::App\Config\Routes\{closure}(Object(CodeIgniter\Router\RouteCollection))
 6 APPPATH\Config\Routes\AdminRoutes.php(28): CodeIgniter\Router\RouteCollection->group('admin', [...], Object(Closure))
 7 APPPATH\Config\Routes.php(20): App\Config\Routes\AdminRoutes::init(Object(CodeIgniter\Router\RouteCollection))
 8 SYSTEMPATH\Router\RouteCollection.php(340): require('C:\\xampp\\htdocs\\smartstore\\app\\Config\\Routes.php')
 9 SYSTEMPATH\CodeIgniter.php(823): CodeIgniter\Router\RouteCollection->loadRoutes()
10 SYSTEMPATH\CodeIgniter.php(457): CodeIgniter\CodeIgniter->tryToRouteIt(null)
11 SYSTEMPATH\CodeIgniter.php(355): CodeIgniter\CodeIgniter->handleRequest(null, Object(Config\Cache), false)
12 SYSTEMPATH\Boot.php(325): CodeIgniter\CodeIgniter->run()
13 SYSTEMPATH\Boot.php(67): CodeIgniter\Boot::runCodeIgniter(Object(CodeIgniter\CodeIgniter))
14 FCPATH\index.php(63): CodeIgniter\Boot::bootWeb(Object(Config\Paths))
WARNING - 2025-06-07 14:31:43 --> [DEPRECATED] Passing lowercase HTTP method "get" is deprecated. Use uppercase HTTP method like "GET". in SYSTEMPATH\Router\RouteCollection.php on line 1027.
 1 SYSTEMPATH\Router\RouteCollection.php(1027): trigger_error('Passing lowercase HTTP method "get" is deprecated. Use uppercase HTTP method like "GET".', 16384)
 2 APPPATH\Config\Routes\AdminRoutes.php(185): CodeIgniter\Router\RouteCollection->match([...], 'add_note/?(:num)?', 'UsersController::add_note/$1')
 3 SYSTEMPATH\Router\RouteCollection.php(800): App\Config\Routes\AdminRoutes::App\Config\Routes\{closure}(Object(CodeIgniter\Router\RouteCollection))
 4 APPPATH\Config\Routes\AdminRoutes.php(182): CodeIgniter\Router\RouteCollection->group('users', [...], Object(Closure))
 5 SYSTEMPATH\Router\RouteCollection.php(800): App\Config\Routes\AdminRoutes::App\Config\Routes\{closure}(Object(CodeIgniter\Router\RouteCollection))
 6 APPPATH\Config\Routes\AdminRoutes.php(28): CodeIgniter\Router\RouteCollection->group('admin', [...], Object(Closure))
 7 APPPATH\Config\Routes.php(20): App\Config\Routes\AdminRoutes::init(Object(CodeIgniter\Router\RouteCollection))
 8 SYSTEMPATH\Router\RouteCollection.php(340): require('C:\\xampp\\htdocs\\smartstore\\app\\Config\\Routes.php')
 9 SYSTEMPATH\CodeIgniter.php(823): CodeIgniter\Router\RouteCollection->loadRoutes()
10 SYSTEMPATH\CodeIgniter.php(457): CodeIgniter\CodeIgniter->tryToRouteIt(null)
11 SYSTEMPATH\CodeIgniter.php(355): CodeIgniter\CodeIgniter->handleRequest(null, Object(Config\Cache), false)
12 SYSTEMPATH\Boot.php(325): CodeIgniter\CodeIgniter->run()
13 SYSTEMPATH\Boot.php(67): CodeIgniter\Boot::runCodeIgniter(Object(CodeIgniter\CodeIgniter))
14 FCPATH\index.php(63): CodeIgniter\Boot::bootWeb(Object(Config\Paths))
WARNING - 2025-06-07 14:31:43 --> [DEPRECATED] Passing lowercase HTTP method "post" is deprecated. Use uppercase HTTP method like "POST". in SYSTEMPATH\Router\RouteCollection.php on line 1027.
 1 SYSTEMPATH\Router\RouteCollection.php(1027): trigger_error('Passing lowercase HTTP method "post" is deprecated. Use uppercase HTTP method like "POST".', 16384)
 2 APPPATH\Config\Routes\AdminRoutes.php(185): CodeIgniter\Router\RouteCollection->match([...], 'add_note/?(:num)?', 'UsersController::add_note/$1')
 3 SYSTEMPATH\Router\RouteCollection.php(800): App\Config\Routes\AdminRoutes::App\Config\Routes\{closure}(Object(CodeIgniter\Router\RouteCollection))
 4 APPPATH\Config\Routes\AdminRoutes.php(182): CodeIgniter\Router\RouteCollection->group('users', [...], Object(Closure))
 5 SYSTEMPATH\Router\RouteCollection.php(800): App\Config\Routes\AdminRoutes::App\Config\Routes\{closure}(Object(CodeIgniter\Router\RouteCollection))
 6 APPPATH\Config\Routes\AdminRoutes.php(28): CodeIgniter\Router\RouteCollection->group('admin', [...], Object(Closure))
 7 APPPATH\Config\Routes.php(20): App\Config\Routes\AdminRoutes::init(Object(CodeIgniter\Router\RouteCollection))
 8 SYSTEMPATH\Router\RouteCollection.php(340): require('C:\\xampp\\htdocs\\smartstore\\app\\Config\\Routes.php')
 9 SYSTEMPATH\CodeIgniter.php(823): CodeIgniter\Router\RouteCollection->loadRoutes()
10 SYSTEMPATH\CodeIgniter.php(457): CodeIgniter\CodeIgniter->tryToRouteIt(null)
11 SYSTEMPATH\CodeIgniter.php(355): CodeIgniter\CodeIgniter->handleRequest(null, Object(Config\Cache), false)
12 SYSTEMPATH\Boot.php(325): CodeIgniter\CodeIgniter->run()
13 SYSTEMPATH\Boot.php(67): CodeIgniter\Boot::runCodeIgniter(Object(CodeIgniter\CodeIgniter))
14 FCPATH\index.php(63): CodeIgniter\Boot::bootWeb(Object(Config\Paths))
WARNING - 2025-06-07 14:31:43 --> [DEPRECATED] Passing lowercase HTTP method "get" is deprecated. Use uppercase HTTP method like "GET". in SYSTEMPATH\Router\RouteCollection.php on line 1027.
 1 SYSTEMPATH\Router\RouteCollection.php(1027): trigger_error('Passing lowercase HTTP method "get" is deprecated. Use uppercase HTTP method like "GET".', 16384)
 2 APPPATH\Config\Routes\AdminRoutes.php(186): CodeIgniter\Router\RouteCollection->match([...], 'send_mail/?(:num)?', 'UsersController::send_mail/$1')
 3 SYSTEMPATH\Router\RouteCollection.php(800): App\Config\Routes\AdminRoutes::App\Config\Routes\{closure}(Object(CodeIgniter\Router\RouteCollection))
 4 APPPATH\Config\Routes\AdminRoutes.php(182): CodeIgniter\Router\RouteCollection->group('users', [...], Object(Closure))
 5 SYSTEMPATH\Router\RouteCollection.php(800): App\Config\Routes\AdminRoutes::App\Config\Routes\{closure}(Object(CodeIgniter\Router\RouteCollection))
 6 APPPATH\Config\Routes\AdminRoutes.php(28): CodeIgniter\Router\RouteCollection->group('admin', [...], Object(Closure))
 7 APPPATH\Config\Routes.php(20): App\Config\Routes\AdminRoutes::init(Object(CodeIgniter\Router\RouteCollection))
 8 SYSTEMPATH\Router\RouteCollection.php(340): require('C:\\xampp\\htdocs\\smartstore\\app\\Config\\Routes.php')
 9 SYSTEMPATH\CodeIgniter.php(823): CodeIgniter\Router\RouteCollection->loadRoutes()
10 SYSTEMPATH\CodeIgniter.php(457): CodeIgniter\CodeIgniter->tryToRouteIt(null)
11 SYSTEMPATH\CodeIgniter.php(355): CodeIgniter\CodeIgniter->handleRequest(null, Object(Config\Cache), false)
12 SYSTEMPATH\Boot.php(325): CodeIgniter\CodeIgniter->run()
13 SYSTEMPATH\Boot.php(67): CodeIgniter\Boot::runCodeIgniter(Object(CodeIgniter\CodeIgniter))
14 FCPATH\index.php(63): CodeIgniter\Boot::bootWeb(Object(Config\Paths))
WARNING - 2025-06-07 14:31:43 --> [DEPRECATED] Passing lowercase HTTP method "post" is deprecated. Use uppercase HTTP method like "POST". in SYSTEMPATH\Router\RouteCollection.php on line 1027.
 1 SYSTEMPATH\Router\RouteCollection.php(1027): trigger_error('Passing lowercase HTTP method "post" is deprecated. Use uppercase HTTP method like "POST".', 16384)
 2 APPPATH\Config\Routes\AdminRoutes.php(186): CodeIgniter\Router\RouteCollection->match([...], 'send_mail/?(:num)?', 'UsersController::send_mail/$1')
 3 SYSTEMPATH\Router\RouteCollection.php(800): App\Config\Routes\AdminRoutes::App\Config\Routes\{closure}(Object(CodeIgniter\Router\RouteCollection))
 4 APPPATH\Config\Routes\AdminRoutes.php(182): CodeIgniter\Router\RouteCollection->group('users', [...], Object(Closure))
 5 SYSTEMPATH\Router\RouteCollection.php(800): App\Config\Routes\AdminRoutes::App\Config\Routes\{closure}(Object(CodeIgniter\Router\RouteCollection))
 6 APPPATH\Config\Routes\AdminRoutes.php(28): CodeIgniter\Router\RouteCollection->group('admin', [...], Object(Closure))
 7 APPPATH\Config\Routes.php(20): App\Config\Routes\AdminRoutes::init(Object(CodeIgniter\Router\RouteCollection))
 8 SYSTEMPATH\Router\RouteCollection.php(340): require('C:\\xampp\\htdocs\\smartstore\\app\\Config\\Routes.php')
 9 SYSTEMPATH\CodeIgniter.php(823): CodeIgniter\Router\RouteCollection->loadRoutes()
10 SYSTEMPATH\CodeIgniter.php(457): CodeIgniter\CodeIgniter->tryToRouteIt(null)
11 SYSTEMPATH\CodeIgniter.php(355): CodeIgniter\CodeIgniter->handleRequest(null, Object(Config\Cache), false)
12 SYSTEMPATH\Boot.php(325): CodeIgniter\CodeIgniter->run()
13 SYSTEMPATH\Boot.php(67): CodeIgniter\Boot::runCodeIgniter(Object(CodeIgniter\CodeIgniter))
14 FCPATH\index.php(63): CodeIgniter\Boot::bootWeb(Object(Config\Paths))
WARNING - 2025-06-07 14:31:43 --> [DEPRECATED] Passing lowercase HTTP method "get" is deprecated. Use uppercase HTTP method like "GET". in SYSTEMPATH\Router\RouteCollection.php on line 1027.
 1 SYSTEMPATH\Router\RouteCollection.php(1027): trigger_error('Passing lowercase HTTP method "get" is deprecated. Use uppercase HTTP method like "GET".', 16384)
 2 APPPATH\Config\Routes\AdminRoutes.php(215): CodeIgniter\Router\RouteCollection->match([...], 'send_mail/?(:num)?', 'TicketsController::send_mail/$1')
 3 SYSTEMPATH\Router\RouteCollection.php(800): App\Config\Routes\AdminRoutes::App\Config\Routes\{closure}(Object(CodeIgniter\Router\RouteCollection))
 4 APPPATH\Config\Routes\AdminRoutes.php(212): CodeIgniter\Router\RouteCollection->group('tickets', [...], Object(Closure))
 5 SYSTEMPATH\Router\RouteCollection.php(800): App\Config\Routes\AdminRoutes::App\Config\Routes\{closure}(Object(CodeIgniter\Router\RouteCollection))
 6 APPPATH\Config\Routes\AdminRoutes.php(28): CodeIgniter\Router\RouteCollection->group('admin', [...], Object(Closure))
 7 APPPATH\Config\Routes.php(20): App\Config\Routes\AdminRoutes::init(Object(CodeIgniter\Router\RouteCollection))
 8 SYSTEMPATH\Router\RouteCollection.php(340): require('C:\\xampp\\htdocs\\smartstore\\app\\Config\\Routes.php')
 9 SYSTEMPATH\CodeIgniter.php(823): CodeIgniter\Router\RouteCollection->loadRoutes()
10 SYSTEMPATH\CodeIgniter.php(457): CodeIgniter\CodeIgniter->tryToRouteIt(null)
11 SYSTEMPATH\CodeIgniter.php(355): CodeIgniter\CodeIgniter->handleRequest(null, Object(Config\Cache), false)
12 SYSTEMPATH\Boot.php(325): CodeIgniter\CodeIgniter->run()
13 SYSTEMPATH\Boot.php(67): CodeIgniter\Boot::runCodeIgniter(Object(CodeIgniter\CodeIgniter))
14 FCPATH\index.php(63): CodeIgniter\Boot::bootWeb(Object(Config\Paths))
WARNING - 2025-06-07 14:31:43 --> [DEPRECATED] Passing lowercase HTTP method "post" is deprecated. Use uppercase HTTP method like "POST". in SYSTEMPATH\Router\RouteCollection.php on line 1027.
 1 SYSTEMPATH\Router\RouteCollection.php(1027): trigger_error('Passing lowercase HTTP method "post" is deprecated. Use uppercase HTTP method like "POST".', 16384)
 2 APPPATH\Config\Routes\AdminRoutes.php(215): CodeIgniter\Router\RouteCollection->match([...], 'send_mail/?(:num)?', 'TicketsController::send_mail/$1')
 3 SYSTEMPATH\Router\RouteCollection.php(800): App\Config\Routes\AdminRoutes::App\Config\Routes\{closure}(Object(CodeIgniter\Router\RouteCollection))
 4 APPPATH\Config\Routes\AdminRoutes.php(212): CodeIgniter\Router\RouteCollection->group('tickets', [...], Object(Closure))
 5 SYSTEMPATH\Router\RouteCollection.php(800): App\Config\Routes\AdminRoutes::App\Config\Routes\{closure}(Object(CodeIgniter\Router\RouteCollection))
 6 APPPATH\Config\Routes\AdminRoutes.php(28): CodeIgniter\Router\RouteCollection->group('admin', [...], Object(Closure))
 7 APPPATH\Config\Routes.php(20): App\Config\Routes\AdminRoutes::init(Object(CodeIgniter\Router\RouteCollection))
 8 SYSTEMPATH\Router\RouteCollection.php(340): require('C:\\xampp\\htdocs\\smartstore\\app\\Config\\Routes.php')
 9 SYSTEMPATH\CodeIgniter.php(823): CodeIgniter\Router\RouteCollection->loadRoutes()
10 SYSTEMPATH\CodeIgniter.php(457): CodeIgniter\CodeIgniter->tryToRouteIt(null)
11 SYSTEMPATH\CodeIgniter.php(355): CodeIgniter\CodeIgniter->handleRequest(null, Object(Config\Cache), false)
12 SYSTEMPATH\Boot.php(325): CodeIgniter\CodeIgniter->run()
13 SYSTEMPATH\Boot.php(67): CodeIgniter\Boot::runCodeIgniter(Object(CodeIgniter\CodeIgniter))
14 FCPATH\index.php(63): CodeIgniter\Boot::bootWeb(Object(Config\Paths))
WARNING - 2025-06-07 14:31:43 --> [DEPRECATED] Passing lowercase HTTP method "get" is deprecated. Use uppercase HTTP method like "GET". in SYSTEMPATH\Router\RouteCollection.php on line 1027.
 1 SYSTEMPATH\Router\RouteCollection.php(1027): trigger_error('Passing lowercase HTTP method "get" is deprecated. Use uppercase HTTP method like "GET".', 16384)
 2 APPPATH\Config\Routes\UserRoutes.php(49): CodeIgniter\Router\RouteCollection->match([...], 'submit_review', 'ClientController::submit_review', [...])
 3 APPPATH\Config\Routes\UserRoutes.php(23): App\Config\Routes\UserRoutes::defineRoutes(Object(CodeIgniter\Router\RouteCollection))
 4 APPPATH\Config\Routes.php(21): App\Config\Routes\UserRoutes::init(Object(CodeIgniter\Router\RouteCollection))
 5 SYSTEMPATH\Router\RouteCollection.php(340): require('C:\\xampp\\htdocs\\smartstore\\app\\Config\\Routes.php')
 6 SYSTEMPATH\CodeIgniter.php(823): CodeIgniter\Router\RouteCollection->loadRoutes()
 7 SYSTEMPATH\CodeIgniter.php(457): CodeIgniter\CodeIgniter->tryToRouteIt(null)
 8 SYSTEMPATH\CodeIgniter.php(355): CodeIgniter\CodeIgniter->handleRequest(null, Object(Config\Cache), false)
 9 SYSTEMPATH\Boot.php(325): CodeIgniter\CodeIgniter->run()
10 SYSTEMPATH\Boot.php(67): CodeIgniter\Boot::runCodeIgniter(Object(CodeIgniter\CodeIgniter))
11 FCPATH\index.php(63): CodeIgniter\Boot::bootWeb(Object(Config\Paths))
WARNING - 2025-06-07 14:31:43 --> [DEPRECATED] Passing lowercase HTTP method "post" is deprecated. Use uppercase HTTP method like "POST". in SYSTEMPATH\Router\RouteCollection.php on line 1027.
 1 SYSTEMPATH\Router\RouteCollection.php(1027): trigger_error('Passing lowercase HTTP method "post" is deprecated. Use uppercase HTTP method like "POST".', 16384)
 2 APPPATH\Config\Routes\UserRoutes.php(49): CodeIgniter\Router\RouteCollection->match([...], 'submit_review', 'ClientController::submit_review', [...])
 3 APPPATH\Config\Routes\UserRoutes.php(23): App\Config\Routes\UserRoutes::defineRoutes(Object(CodeIgniter\Router\RouteCollection))
 4 APPPATH\Config\Routes.php(21): App\Config\Routes\UserRoutes::init(Object(CodeIgniter\Router\RouteCollection))
 5 SYSTEMPATH\Router\RouteCollection.php(340): require('C:\\xampp\\htdocs\\smartstore\\app\\Config\\Routes.php')
 6 SYSTEMPATH\CodeIgniter.php(823): CodeIgniter\Router\RouteCollection->loadRoutes()
 7 SYSTEMPATH\CodeIgniter.php(457): CodeIgniter\CodeIgniter->tryToRouteIt(null)
 8 SYSTEMPATH\CodeIgniter.php(355): CodeIgniter\CodeIgniter->handleRequest(null, Object(Config\Cache), false)
 9 SYSTEMPATH\Boot.php(325): CodeIgniter\CodeIgniter->run()
10 SYSTEMPATH\Boot.php(67): CodeIgniter\Boot::runCodeIgniter(Object(CodeIgniter\CodeIgniter))
11 FCPATH\index.php(63): CodeIgniter\Boot::bootWeb(Object(Config\Paths))
WARNING - 2025-06-07 14:31:43 --> [DEPRECATED] Passing lowercase HTTP method "get" is deprecated. Use uppercase HTTP method like "GET". in SYSTEMPATH\Router\RouteCollection.php on line 1027.
 1 SYSTEMPATH\Router\RouteCollection.php(1027): trigger_error('Passing lowercase HTTP method "get" is deprecated. Use uppercase HTTP method like "GET".', 16384)
 2 APPPATH\Config\Routes\UserRoutes.php(63): CodeIgniter\Router\RouteCollection->match([...], 'track-order', 'OrderController::track_order', [...])
 3 APPPATH\Config\Routes\UserRoutes.php(23): App\Config\Routes\UserRoutes::defineRoutes(Object(CodeIgniter\Router\RouteCollection))
 4 APPPATH\Config\Routes.php(21): App\Config\Routes\UserRoutes::init(Object(CodeIgniter\Router\RouteCollection))
 5 SYSTEMPATH\Router\RouteCollection.php(340): require('C:\\xampp\\htdocs\\smartstore\\app\\Config\\Routes.php')
 6 SYSTEMPATH\CodeIgniter.php(823): CodeIgniter\Router\RouteCollection->loadRoutes()
 7 SYSTEMPATH\CodeIgniter.php(457): CodeIgniter\CodeIgniter->tryToRouteIt(null)
 8 SYSTEMPATH\CodeIgniter.php(355): CodeIgniter\CodeIgniter->handleRequest(null, Object(Config\Cache), false)
 9 SYSTEMPATH\Boot.php(325): CodeIgniter\CodeIgniter->run()
10 SYSTEMPATH\Boot.php(67): CodeIgniter\Boot::runCodeIgniter(Object(CodeIgniter\CodeIgniter))
11 FCPATH\index.php(63): CodeIgniter\Boot::bootWeb(Object(Config\Paths))
WARNING - 2025-06-07 14:31:43 --> [DEPRECATED] Passing lowercase HTTP method "post" is deprecated. Use uppercase HTTP method like "POST". in SYSTEMPATH\Router\RouteCollection.php on line 1027.
 1 SYSTEMPATH\Router\RouteCollection.php(1027): trigger_error('Passing lowercase HTTP method "post" is deprecated. Use uppercase HTTP method like "POST".', 16384)
 2 APPPATH\Config\Routes\UserRoutes.php(63): CodeIgniter\Router\RouteCollection->match([...], 'track-order', 'OrderController::track_order', [...])
 3 APPPATH\Config\Routes\UserRoutes.php(23): App\Config\Routes\UserRoutes::defineRoutes(Object(CodeIgniter\Router\RouteCollection))
 4 APPPATH\Config\Routes.php(21): App\Config\Routes\UserRoutes::init(Object(CodeIgniter\Router\RouteCollection))
 5 SYSTEMPATH\Router\RouteCollection.php(340): require('C:\\xampp\\htdocs\\smartstore\\app\\Config\\Routes.php')
 6 SYSTEMPATH\CodeIgniter.php(823): CodeIgniter\Router\RouteCollection->loadRoutes()
 7 SYSTEMPATH\CodeIgniter.php(457): CodeIgniter\CodeIgniter->tryToRouteIt(null)
 8 SYSTEMPATH\CodeIgniter.php(355): CodeIgniter\CodeIgniter->handleRequest(null, Object(Config\Cache), false)
 9 SYSTEMPATH\Boot.php(325): CodeIgniter\CodeIgniter->run()
10 SYSTEMPATH\Boot.php(67): CodeIgniter\Boot::runCodeIgniter(Object(CodeIgniter\CodeIgniter))
11 FCPATH\index.php(63): CodeIgniter\Boot::bootWeb(Object(Config\Paths))
WARNING - 2025-06-07 14:31:43 --> [DEPRECATED] Passing lowercase HTTP method "get" is deprecated. Use uppercase HTTP method like "GET". in SYSTEMPATH\Router\RouteCollection.php on line 1027.
 1 SYSTEMPATH\Router\RouteCollection.php(1027): trigger_error('Passing lowercase HTTP method "get" is deprecated. Use uppercase HTTP method like "GET".', 16384)
 2 APPPATH\Config\Routes\UserRoutes.php(49): CodeIgniter\Router\RouteCollection->match([...], 'submit_review', 'ClientController::submit_review', [...])
 3 APPPATH\Config\Routes\UserRoutes.php(26): App\Config\Routes\UserRoutes::defineRoutes(Object(CodeIgniter\Router\RouteCollection))
 4 SYSTEMPATH\Router\RouteCollection.php(800): App\Config\Routes\UserRoutes::App\Config\Routes\{closure}(Object(CodeIgniter\Router\RouteCollection))
 5 APPPATH\Config\Routes\UserRoutes.php(25): CodeIgniter\Router\RouteCollection->group('{locale}', Object(Closure))
 6 APPPATH\Config\Routes.php(21): App\Config\Routes\UserRoutes::init(Object(CodeIgniter\Router\RouteCollection))
 7 SYSTEMPATH\Router\RouteCollection.php(340): require('C:\\xampp\\htdocs\\smartstore\\app\\Config\\Routes.php')
 8 SYSTEMPATH\CodeIgniter.php(823): CodeIgniter\Router\RouteCollection->loadRoutes()
 9 SYSTEMPATH\CodeIgniter.php(457): CodeIgniter\CodeIgniter->tryToRouteIt(null)
10 SYSTEMPATH\CodeIgniter.php(355): CodeIgniter\CodeIgniter->handleRequest(null, Object(Config\Cache), false)
11 SYSTEMPATH\Boot.php(325): CodeIgniter\CodeIgniter->run()
12 SYSTEMPATH\Boot.php(67): CodeIgniter\Boot::runCodeIgniter(Object(CodeIgniter\CodeIgniter))
13 FCPATH\index.php(63): CodeIgniter\Boot::bootWeb(Object(Config\Paths))
WARNING - 2025-06-07 14:31:43 --> [DEPRECATED] Passing lowercase HTTP method "post" is deprecated. Use uppercase HTTP method like "POST". in SYSTEMPATH\Router\RouteCollection.php on line 1027.
 1 SYSTEMPATH\Router\RouteCollection.php(1027): trigger_error('Passing lowercase HTTP method "post" is deprecated. Use uppercase HTTP method like "POST".', 16384)
 2 APPPATH\Config\Routes\UserRoutes.php(49): CodeIgniter\Router\RouteCollection->match([...], 'submit_review', 'ClientController::submit_review', [...])
 3 APPPATH\Config\Routes\UserRoutes.php(26): App\Config\Routes\UserRoutes::defineRoutes(Object(CodeIgniter\Router\RouteCollection))
 4 SYSTEMPATH\Router\RouteCollection.php(800): App\Config\Routes\UserRoutes::App\Config\Routes\{closure}(Object(CodeIgniter\Router\RouteCollection))
 5 APPPATH\Config\Routes\UserRoutes.php(25): CodeIgniter\Router\RouteCollection->group('{locale}', Object(Closure))
 6 APPPATH\Config\Routes.php(21): App\Config\Routes\UserRoutes::init(Object(CodeIgniter\Router\RouteCollection))
 7 SYSTEMPATH\Router\RouteCollection.php(340): require('C:\\xampp\\htdocs\\smartstore\\app\\Config\\Routes.php')
 8 SYSTEMPATH\CodeIgniter.php(823): CodeIgniter\Router\RouteCollection->loadRoutes()
 9 SYSTEMPATH\CodeIgniter.php(457): CodeIgniter\CodeIgniter->tryToRouteIt(null)
10 SYSTEMPATH\CodeIgniter.php(355): CodeIgniter\CodeIgniter->handleRequest(null, Object(Config\Cache), false)
11 SYSTEMPATH\Boot.php(325): CodeIgniter\CodeIgniter->run()
12 SYSTEMPATH\Boot.php(67): CodeIgniter\Boot::runCodeIgniter(Object(CodeIgniter\CodeIgniter))
13 FCPATH\index.php(63): CodeIgniter\Boot::bootWeb(Object(Config\Paths))
WARNING - 2025-06-07 14:31:43 --> [DEPRECATED] Passing lowercase HTTP method "get" is deprecated. Use uppercase HTTP method like "GET". in SYSTEMPATH\Router\RouteCollection.php on line 1027.
 1 SYSTEMPATH\Router\RouteCollection.php(1027): trigger_error('Passing lowercase HTTP method "get" is deprecated. Use uppercase HTTP method like "GET".', 16384)
 2 APPPATH\Config\Routes\UserRoutes.php(63): CodeIgniter\Router\RouteCollection->match([...], 'track-order', 'OrderController::track_order', [...])
 3 APPPATH\Config\Routes\UserRoutes.php(26): App\Config\Routes\UserRoutes::defineRoutes(Object(CodeIgniter\Router\RouteCollection))
 4 SYSTEMPATH\Router\RouteCollection.php(800): App\Config\Routes\UserRoutes::App\Config\Routes\{closure}(Object(CodeIgniter\Router\RouteCollection))
 5 APPPATH\Config\Routes\UserRoutes.php(25): CodeIgniter\Router\RouteCollection->group('{locale}', Object(Closure))
 6 APPPATH\Config\Routes.php(21): App\Config\Routes\UserRoutes::init(Object(CodeIgniter\Router\RouteCollection))
 7 SYSTEMPATH\Router\RouteCollection.php(340): require('C:\\xampp\\htdocs\\smartstore\\app\\Config\\Routes.php')
 8 SYSTEMPATH\CodeIgniter.php(823): CodeIgniter\Router\RouteCollection->loadRoutes()
 9 SYSTEMPATH\CodeIgniter.php(457): CodeIgniter\CodeIgniter->tryToRouteIt(null)
10 SYSTEMPATH\CodeIgniter.php(355): CodeIgniter\CodeIgniter->handleRequest(null, Object(Config\Cache), false)
11 SYSTEMPATH\Boot.php(325): CodeIgniter\CodeIgniter->run()
12 SYSTEMPATH\Boot.php(67): CodeIgniter\Boot::runCodeIgniter(Object(CodeIgniter\CodeIgniter))
13 FCPATH\index.php(63): CodeIgniter\Boot::bootWeb(Object(Config\Paths))
WARNING - 2025-06-07 14:31:43 --> [DEPRECATED] Passing lowercase HTTP method "post" is deprecated. Use uppercase HTTP method like "POST". in SYSTEMPATH\Router\RouteCollection.php on line 1027.
 1 SYSTEMPATH\Router\RouteCollection.php(1027): trigger_error('Passing lowercase HTTP method "post" is deprecated. Use uppercase HTTP method like "POST".', 16384)
 2 APPPATH\Config\Routes\UserRoutes.php(63): CodeIgniter\Router\RouteCollection->match([...], 'track-order', 'OrderController::track_order', [...])
 3 APPPATH\Config\Routes\UserRoutes.php(26): App\Config\Routes\UserRoutes::defineRoutes(Object(CodeIgniter\Router\RouteCollection))
 4 SYSTEMPATH\Router\RouteCollection.php(800): App\Config\Routes\UserRoutes::App\Config\Routes\{closure}(Object(CodeIgniter\Router\RouteCollection))
 5 APPPATH\Config\Routes\UserRoutes.php(25): CodeIgniter\Router\RouteCollection->group('{locale}', Object(Closure))
 6 APPPATH\Config\Routes.php(21): App\Config\Routes\UserRoutes::init(Object(CodeIgniter\Router\RouteCollection))
 7 SYSTEMPATH\Router\RouteCollection.php(340): require('C:\\xampp\\htdocs\\smartstore\\app\\Config\\Routes.php')
 8 SYSTEMPATH\CodeIgniter.php(823): CodeIgniter\Router\RouteCollection->loadRoutes()
 9 SYSTEMPATH\CodeIgniter.php(457): CodeIgniter\CodeIgniter->tryToRouteIt(null)
10 SYSTEMPATH\CodeIgniter.php(355): CodeIgniter\CodeIgniter->handleRequest(null, Object(Config\Cache), false)
11 SYSTEMPATH\Boot.php(325): CodeIgniter\CodeIgniter->run()
12 SYSTEMPATH\Boot.php(67): CodeIgniter\Boot::runCodeIgniter(Object(CodeIgniter\CodeIgniter))
13 FCPATH\index.php(63): CodeIgniter\Boot::bootWeb(Object(Config\Paths))
INFO - 2025-06-07 14:31:43 --> Session: Class initialized using 'CodeIgniter\Session\Handlers\FileHandler' driver.
WARNING - 2025-06-07 14:31:43 --> [DEPRECATED] Creation of dynamic property App\Controllers\Public\PageController::$load_files is deprecated in APPPATH\Controllers\Public\PageController.php on line 21.
 1 SYSTEMPATH\CodeIgniter.php(903): App\Controllers\Public\PageController->__construct()
 2 SYSTEMPATH\CodeIgniter.php(500): CodeIgniter\CodeIgniter->createController()
 3 SYSTEMPATH\CodeIgniter.php(355): CodeIgniter\CodeIgniter->handleRequest(null, Object(Config\Cache), false)
 4 SYSTEMPATH\Boot.php(325): CodeIgniter\CodeIgniter->run()
 5 SYSTEMPATH\Boot.php(67): CodeIgniter\Boot::runCodeIgniter(Object(CodeIgniter\CodeIgniter))
 6 FCPATH\index.php(63): CodeIgniter\Boot::bootWeb(Object(Config\Paths))
WARNING - 2025-06-07 14:31:43 --> [DEPRECATED] Creation of dynamic property App\Controllers\Public\PageController::$page_title is deprecated in APPPATH\Controllers\Public\PageController.php on line 22.
 1 SYSTEMPATH\CodeIgniter.php(903): App\Controllers\Public\PageController->__construct()
 2 SYSTEMPATH\CodeIgniter.php(500): CodeIgniter\CodeIgniter->createController()
 3 SYSTEMPATH\CodeIgniter.php(355): CodeIgniter\CodeIgniter->handleRequest(null, Object(Config\Cache), false)
 4 SYSTEMPATH\Boot.php(325): CodeIgniter\CodeIgniter->run()
 5 SYSTEMPATH\Boot.php(67): CodeIgniter\Boot::runCodeIgniter(Object(CodeIgniter\CodeIgniter))
 6 FCPATH\index.php(63): CodeIgniter\Boot::bootWeb(Object(Config\Paths))
WARNING - 2025-06-07 14:31:47 --> [DEPRECATED] Passing lowercase HTTP method "get" is deprecated. Use uppercase HTTP method like "GET". in SYSTEMPATH\Router\RouteCollection.php on line 1027.
 1 SYSTEMPATH\Router\RouteCollection.php(1027): trigger_error('Passing lowercase HTTP method "get" is deprecated. Use uppercase HTTP method like "GET".', 16384)
 2 APPPATH\Config\Routes\AdminRoutes.php(65): CodeIgniter\Router\RouteCollection->match([...], 'send_test_mail', 'SettingsController::send_test_mail')
 3 SYSTEMPATH\Router\RouteCollection.php(800): App\Config\Routes\AdminRoutes::App\Config\Routes\{closure}(Object(CodeIgniter\Router\RouteCollection))
 4 APPPATH\Config\Routes\AdminRoutes.php(63): CodeIgniter\Router\RouteCollection->group('settings', [...], Object(Closure))
 5 SYSTEMPATH\Router\RouteCollection.php(800): App\Config\Routes\AdminRoutes::App\Config\Routes\{closure}(Object(CodeIgniter\Router\RouteCollection))
 6 APPPATH\Config\Routes\AdminRoutes.php(28): CodeIgniter\Router\RouteCollection->group('admin', [...], Object(Closure))
 7 APPPATH\Config\Routes.php(20): App\Config\Routes\AdminRoutes::init(Object(CodeIgniter\Router\RouteCollection))
 8 SYSTEMPATH\Router\RouteCollection.php(340): require('C:\\xampp\\htdocs\\smartstore\\app\\Config\\Routes.php')
 9 SYSTEMPATH\CodeIgniter.php(823): CodeIgniter\Router\RouteCollection->loadRoutes()
10 SYSTEMPATH\CodeIgniter.php(457): CodeIgniter\CodeIgniter->tryToRouteIt(null)
11 SYSTEMPATH\CodeIgniter.php(355): CodeIgniter\CodeIgniter->handleRequest(null, Object(Config\Cache), false)
12 SYSTEMPATH\Boot.php(325): CodeIgniter\CodeIgniter->run()
13 SYSTEMPATH\Boot.php(67): CodeIgniter\Boot::runCodeIgniter(Object(CodeIgniter\CodeIgniter))
14 FCPATH\index.php(63): CodeIgniter\Boot::bootWeb(Object(Config\Paths))
WARNING - 2025-06-07 14:31:47 --> [DEPRECATED] Passing lowercase HTTP method "post" is deprecated. Use uppercase HTTP method like "POST". in SYSTEMPATH\Router\RouteCollection.php on line 1027.
 1 SYSTEMPATH\Router\RouteCollection.php(1027): trigger_error('Passing lowercase HTTP method "post" is deprecated. Use uppercase HTTP method like "POST".', 16384)
 2 APPPATH\Config\Routes\AdminRoutes.php(65): CodeIgniter\Router\RouteCollection->match([...], 'send_test_mail', 'SettingsController::send_test_mail')
 3 SYSTEMPATH\Router\RouteCollection.php(800): App\Config\Routes\AdminRoutes::App\Config\Routes\{closure}(Object(CodeIgniter\Router\RouteCollection))
 4 APPPATH\Config\Routes\AdminRoutes.php(63): CodeIgniter\Router\RouteCollection->group('settings', [...], Object(Closure))
 5 SYSTEMPATH\Router\RouteCollection.php(800): App\Config\Routes\AdminRoutes::App\Config\Routes\{closure}(Object(CodeIgniter\Router\RouteCollection))
 6 APPPATH\Config\Routes\AdminRoutes.php(28): CodeIgniter\Router\RouteCollection->group('admin', [...], Object(Closure))
 7 APPPATH\Config\Routes.php(20): App\Config\Routes\AdminRoutes::init(Object(CodeIgniter\Router\RouteCollection))
 8 SYSTEMPATH\Router\RouteCollection.php(340): require('C:\\xampp\\htdocs\\smartstore\\app\\Config\\Routes.php')
 9 SYSTEMPATH\CodeIgniter.php(823): CodeIgniter\Router\RouteCollection->loadRoutes()
10 SYSTEMPATH\CodeIgniter.php(457): CodeIgniter\CodeIgniter->tryToRouteIt(null)
11 SYSTEMPATH\CodeIgniter.php(355): CodeIgniter\CodeIgniter->handleRequest(null, Object(Config\Cache), false)
12 SYSTEMPATH\Boot.php(325): CodeIgniter\CodeIgniter->run()
13 SYSTEMPATH\Boot.php(67): CodeIgniter\Boot::runCodeIgniter(Object(CodeIgniter\CodeIgniter))
14 FCPATH\index.php(63): CodeIgniter\Boot::bootWeb(Object(Config\Paths))
WARNING - 2025-06-07 14:31:47 --> [DEPRECATED] Passing lowercase HTTP method "get" is deprecated. Use uppercase HTTP method like "GET". in SYSTEMPATH\Router\RouteCollection.php on line 1027.
 1 SYSTEMPATH\Router\RouteCollection.php(1027): trigger_error('Passing lowercase HTTP method "get" is deprecated. Use uppercase HTTP method like "GET".', 16384)
 2 APPPATH\Config\Routes\AdminRoutes.php(76): CodeIgniter\Router\RouteCollection->match([...], 'elfinder_connector', 'FilemanagerController::elfinder_connector')
 3 SYSTEMPATH\Router\RouteCollection.php(800): App\Config\Routes\AdminRoutes::App\Config\Routes\{closure}(Object(CodeIgniter\Router\RouteCollection))
 4 APPPATH\Config\Routes\AdminRoutes.php(73): CodeIgniter\Router\RouteCollection->group('filemanager', [...], Object(Closure))
 5 SYSTEMPATH\Router\RouteCollection.php(800): App\Config\Routes\AdminRoutes::App\Config\Routes\{closure}(Object(CodeIgniter\Router\RouteCollection))
 6 APPPATH\Config\Routes\AdminRoutes.php(28): CodeIgniter\Router\RouteCollection->group('admin', [...], Object(Closure))
 7 APPPATH\Config\Routes.php(20): App\Config\Routes\AdminRoutes::init(Object(CodeIgniter\Router\RouteCollection))
 8 SYSTEMPATH\Router\RouteCollection.php(340): require('C:\\xampp\\htdocs\\smartstore\\app\\Config\\Routes.php')
 9 SYSTEMPATH\CodeIgniter.php(823): CodeIgniter\Router\RouteCollection->loadRoutes()
10 SYSTEMPATH\CodeIgniter.php(457): CodeIgniter\CodeIgniter->tryToRouteIt(null)
11 SYSTEMPATH\CodeIgniter.php(355): CodeIgniter\CodeIgniter->handleRequest(null, Object(Config\Cache), false)
12 SYSTEMPATH\Boot.php(325): CodeIgniter\CodeIgniter->run()
13 SYSTEMPATH\Boot.php(67): CodeIgniter\Boot::runCodeIgniter(Object(CodeIgniter\CodeIgniter))
14 FCPATH\index.php(63): CodeIgniter\Boot::bootWeb(Object(Config\Paths))
WARNING - 2025-06-07 14:31:47 --> [DEPRECATED] Passing lowercase HTTP method "post" is deprecated. Use uppercase HTTP method like "POST". in SYSTEMPATH\Router\RouteCollection.php on line 1027.
 1 SYSTEMPATH\Router\RouteCollection.php(1027): trigger_error('Passing lowercase HTTP method "post" is deprecated. Use uppercase HTTP method like "POST".', 16384)
 2 APPPATH\Config\Routes\AdminRoutes.php(76): CodeIgniter\Router\RouteCollection->match([...], 'elfinder_connector', 'FilemanagerController::elfinder_connector')
 3 SYSTEMPATH\Router\RouteCollection.php(800): App\Config\Routes\AdminRoutes::App\Config\Routes\{closure}(Object(CodeIgniter\Router\RouteCollection))
 4 APPPATH\Config\Routes\AdminRoutes.php(73): CodeIgniter\Router\RouteCollection->group('filemanager', [...], Object(Closure))
 5 SYSTEMPATH\Router\RouteCollection.php(800): App\Config\Routes\AdminRoutes::App\Config\Routes\{closure}(Object(CodeIgniter\Router\RouteCollection))
 6 APPPATH\Config\Routes\AdminRoutes.php(28): CodeIgniter\Router\RouteCollection->group('admin', [...], Object(Closure))
 7 APPPATH\Config\Routes.php(20): App\Config\Routes\AdminRoutes::init(Object(CodeIgniter\Router\RouteCollection))
 8 SYSTEMPATH\Router\RouteCollection.php(340): require('C:\\xampp\\htdocs\\smartstore\\app\\Config\\Routes.php')
 9 SYSTEMPATH\CodeIgniter.php(823): CodeIgniter\Router\RouteCollection->loadRoutes()
10 SYSTEMPATH\CodeIgniter.php(457): CodeIgniter\CodeIgniter->tryToRouteIt(null)
11 SYSTEMPATH\CodeIgniter.php(355): CodeIgniter\CodeIgniter->handleRequest(null, Object(Config\Cache), false)
12 SYSTEMPATH\Boot.php(325): CodeIgniter\CodeIgniter->run()
13 SYSTEMPATH\Boot.php(67): CodeIgniter\Boot::runCodeIgniter(Object(CodeIgniter\CodeIgniter))
14 FCPATH\index.php(63): CodeIgniter\Boot::bootWeb(Object(Config\Paths))
WARNING - 2025-06-07 14:31:47 --> [DEPRECATED] Passing lowercase HTTP method "get" is deprecated. Use uppercase HTTP method like "GET". in SYSTEMPATH\Router\RouteCollection.php on line 1027.
 1 SYSTEMPATH\Router\RouteCollection.php(1027): trigger_error('Passing lowercase HTTP method "get" is deprecated. Use uppercase HTTP method like "GET".', 16384)
 2 APPPATH\Config\Routes\AdminRoutes.php(172): CodeIgniter\Router\RouteCollection->match([...], 'sync_services/?(:num)?', 'ProvidersController::sync_services/$1')
 3 SYSTEMPATH\Router\RouteCollection.php(800): App\Config\Routes\AdminRoutes::App\Config\Routes\{closure}(Object(CodeIgniter\Router\RouteCollection))
 4 APPPATH\Config\Routes\AdminRoutes.php(167): CodeIgniter\Router\RouteCollection->group('providers', [...], Object(Closure))
 5 SYSTEMPATH\Router\RouteCollection.php(800): App\Config\Routes\AdminRoutes::App\Config\Routes\{closure}(Object(CodeIgniter\Router\RouteCollection))
 6 APPPATH\Config\Routes\AdminRoutes.php(28): CodeIgniter\Router\RouteCollection->group('admin', [...], Object(Closure))
 7 APPPATH\Config\Routes.php(20): App\Config\Routes\AdminRoutes::init(Object(CodeIgniter\Router\RouteCollection))
 8 SYSTEMPATH\Router\RouteCollection.php(340): require('C:\\xampp\\htdocs\\smartstore\\app\\Config\\Routes.php')
 9 SYSTEMPATH\CodeIgniter.php(823): CodeIgniter\Router\RouteCollection->loadRoutes()
10 SYSTEMPATH\CodeIgniter.php(457): CodeIgniter\CodeIgniter->tryToRouteIt(null)
11 SYSTEMPATH\CodeIgniter.php(355): CodeIgniter\CodeIgniter->handleRequest(null, Object(Config\Cache), false)
12 SYSTEMPATH\Boot.php(325): CodeIgniter\CodeIgniter->run()
13 SYSTEMPATH\Boot.php(67): CodeIgniter\Boot::runCodeIgniter(Object(CodeIgniter\CodeIgniter))
14 FCPATH\index.php(63): CodeIgniter\Boot::bootWeb(Object(Config\Paths))
WARNING - 2025-06-07 14:31:47 --> [DEPRECATED] Passing lowercase HTTP method "post" is deprecated. Use uppercase HTTP method like "POST". in SYSTEMPATH\Router\RouteCollection.php on line 1027.
 1 SYSTEMPATH\Router\RouteCollection.php(1027): trigger_error('Passing lowercase HTTP method "post" is deprecated. Use uppercase HTTP method like "POST".', 16384)
 2 APPPATH\Config\Routes\AdminRoutes.php(172): CodeIgniter\Router\RouteCollection->match([...], 'sync_services/?(:num)?', 'ProvidersController::sync_services/$1')
 3 SYSTEMPATH\Router\RouteCollection.php(800): App\Config\Routes\AdminRoutes::App\Config\Routes\{closure}(Object(CodeIgniter\Router\RouteCollection))
 4 APPPATH\Config\Routes\AdminRoutes.php(167): CodeIgniter\Router\RouteCollection->group('providers', [...], Object(Closure))
 5 SYSTEMPATH\Router\RouteCollection.php(800): App\Config\Routes\AdminRoutes::App\Config\Routes\{closure}(Object(CodeIgniter\Router\RouteCollection))
 6 APPPATH\Config\Routes\AdminRoutes.php(28): CodeIgniter\Router\RouteCollection->group('admin', [...], Object(Closure))
 7 APPPATH\Config\Routes.php(20): App\Config\Routes\AdminRoutes::init(Object(CodeIgniter\Router\RouteCollection))
 8 SYSTEMPATH\Router\RouteCollection.php(340): require('C:\\xampp\\htdocs\\smartstore\\app\\Config\\Routes.php')
 9 SYSTEMPATH\CodeIgniter.php(823): CodeIgniter\Router\RouteCollection->loadRoutes()
10 SYSTEMPATH\CodeIgniter.php(457): CodeIgniter\CodeIgniter->tryToRouteIt(null)
11 SYSTEMPATH\CodeIgniter.php(355): CodeIgniter\CodeIgniter->handleRequest(null, Object(Config\Cache), false)
12 SYSTEMPATH\Boot.php(325): CodeIgniter\CodeIgniter->run()
13 SYSTEMPATH\Boot.php(67): CodeIgniter\Boot::runCodeIgniter(Object(CodeIgniter\CodeIgniter))
14 FCPATH\index.php(63): CodeIgniter\Boot::bootWeb(Object(Config\Paths))
WARNING - 2025-06-07 14:31:47 --> [DEPRECATED] Passing lowercase HTTP method "get" is deprecated. Use uppercase HTTP method like "GET". in SYSTEMPATH\Router\RouteCollection.php on line 1027.
 1 SYSTEMPATH\Router\RouteCollection.php(1027): trigger_error('Passing lowercase HTTP method "get" is deprecated. Use uppercase HTTP method like "GET".', 16384)
 2 APPPATH\Config\Routes\AdminRoutes.php(185): CodeIgniter\Router\RouteCollection->match([...], 'add_note/?(:num)?', 'UsersController::add_note/$1')
 3 SYSTEMPATH\Router\RouteCollection.php(800): App\Config\Routes\AdminRoutes::App\Config\Routes\{closure}(Object(CodeIgniter\Router\RouteCollection))
 4 APPPATH\Config\Routes\AdminRoutes.php(182): CodeIgniter\Router\RouteCollection->group('users', [...], Object(Closure))
 5 SYSTEMPATH\Router\RouteCollection.php(800): App\Config\Routes\AdminRoutes::App\Config\Routes\{closure}(Object(CodeIgniter\Router\RouteCollection))
 6 APPPATH\Config\Routes\AdminRoutes.php(28): CodeIgniter\Router\RouteCollection->group('admin', [...], Object(Closure))
 7 APPPATH\Config\Routes.php(20): App\Config\Routes\AdminRoutes::init(Object(CodeIgniter\Router\RouteCollection))
 8 SYSTEMPATH\Router\RouteCollection.php(340): require('C:\\xampp\\htdocs\\smartstore\\app\\Config\\Routes.php')
 9 SYSTEMPATH\CodeIgniter.php(823): CodeIgniter\Router\RouteCollection->loadRoutes()
10 SYSTEMPATH\CodeIgniter.php(457): CodeIgniter\CodeIgniter->tryToRouteIt(null)
11 SYSTEMPATH\CodeIgniter.php(355): CodeIgniter\CodeIgniter->handleRequest(null, Object(Config\Cache), false)
12 SYSTEMPATH\Boot.php(325): CodeIgniter\CodeIgniter->run()
13 SYSTEMPATH\Boot.php(67): CodeIgniter\Boot::runCodeIgniter(Object(CodeIgniter\CodeIgniter))
14 FCPATH\index.php(63): CodeIgniter\Boot::bootWeb(Object(Config\Paths))
WARNING - 2025-06-07 14:31:47 --> [DEPRECATED] Passing lowercase HTTP method "post" is deprecated. Use uppercase HTTP method like "POST". in SYSTEMPATH\Router\RouteCollection.php on line 1027.
 1 SYSTEMPATH\Router\RouteCollection.php(1027): trigger_error('Passing lowercase HTTP method "post" is deprecated. Use uppercase HTTP method like "POST".', 16384)
 2 APPPATH\Config\Routes\AdminRoutes.php(185): CodeIgniter\Router\RouteCollection->match([...], 'add_note/?(:num)?', 'UsersController::add_note/$1')
 3 SYSTEMPATH\Router\RouteCollection.php(800): App\Config\Routes\AdminRoutes::App\Config\Routes\{closure}(Object(CodeIgniter\Router\RouteCollection))
 4 APPPATH\Config\Routes\AdminRoutes.php(182): CodeIgniter\Router\RouteCollection->group('users', [...], Object(Closure))
 5 SYSTEMPATH\Router\RouteCollection.php(800): App\Config\Routes\AdminRoutes::App\Config\Routes\{closure}(Object(CodeIgniter\Router\RouteCollection))
 6 APPPATH\Config\Routes\AdminRoutes.php(28): CodeIgniter\Router\RouteCollection->group('admin', [...], Object(Closure))
 7 APPPATH\Config\Routes.php(20): App\Config\Routes\AdminRoutes::init(Object(CodeIgniter\Router\RouteCollection))
 8 SYSTEMPATH\Router\RouteCollection.php(340): require('C:\\xampp\\htdocs\\smartstore\\app\\Config\\Routes.php')
 9 SYSTEMPATH\CodeIgniter.php(823): CodeIgniter\Router\RouteCollection->loadRoutes()
10 SYSTEMPATH\CodeIgniter.php(457): CodeIgniter\CodeIgniter->tryToRouteIt(null)
11 SYSTEMPATH\CodeIgniter.php(355): CodeIgniter\CodeIgniter->handleRequest(null, Object(Config\Cache), false)
12 SYSTEMPATH\Boot.php(325): CodeIgniter\CodeIgniter->run()
13 SYSTEMPATH\Boot.php(67): CodeIgniter\Boot::runCodeIgniter(Object(CodeIgniter\CodeIgniter))
14 FCPATH\index.php(63): CodeIgniter\Boot::bootWeb(Object(Config\Paths))
WARNING - 2025-06-07 14:31:47 --> [DEPRECATED] Passing lowercase HTTP method "get" is deprecated. Use uppercase HTTP method like "GET". in SYSTEMPATH\Router\RouteCollection.php on line 1027.
 1 SYSTEMPATH\Router\RouteCollection.php(1027): trigger_error('Passing lowercase HTTP method "get" is deprecated. Use uppercase HTTP method like "GET".', 16384)
 2 APPPATH\Config\Routes\AdminRoutes.php(186): CodeIgniter\Router\RouteCollection->match([...], 'send_mail/?(:num)?', 'UsersController::send_mail/$1')
 3 SYSTEMPATH\Router\RouteCollection.php(800): App\Config\Routes\AdminRoutes::App\Config\Routes\{closure}(Object(CodeIgniter\Router\RouteCollection))
 4 APPPATH\Config\Routes\AdminRoutes.php(182): CodeIgniter\Router\RouteCollection->group('users', [...], Object(Closure))
 5 SYSTEMPATH\Router\RouteCollection.php(800): App\Config\Routes\AdminRoutes::App\Config\Routes\{closure}(Object(CodeIgniter\Router\RouteCollection))
 6 APPPATH\Config\Routes\AdminRoutes.php(28): CodeIgniter\Router\RouteCollection->group('admin', [...], Object(Closure))
 7 APPPATH\Config\Routes.php(20): App\Config\Routes\AdminRoutes::init(Object(CodeIgniter\Router\RouteCollection))
 8 SYSTEMPATH\Router\RouteCollection.php(340): require('C:\\xampp\\htdocs\\smartstore\\app\\Config\\Routes.php')
 9 SYSTEMPATH\CodeIgniter.php(823): CodeIgniter\Router\RouteCollection->loadRoutes()
10 SYSTEMPATH\CodeIgniter.php(457): CodeIgniter\CodeIgniter->tryToRouteIt(null)
11 SYSTEMPATH\CodeIgniter.php(355): CodeIgniter\CodeIgniter->handleRequest(null, Object(Config\Cache), false)
12 SYSTEMPATH\Boot.php(325): CodeIgniter\CodeIgniter->run()
13 SYSTEMPATH\Boot.php(67): CodeIgniter\Boot::runCodeIgniter(Object(CodeIgniter\CodeIgniter))
14 FCPATH\index.php(63): CodeIgniter\Boot::bootWeb(Object(Config\Paths))
WARNING - 2025-06-07 14:31:47 --> [DEPRECATED] Passing lowercase HTTP method "post" is deprecated. Use uppercase HTTP method like "POST". in SYSTEMPATH\Router\RouteCollection.php on line 1027.
 1 SYSTEMPATH\Router\RouteCollection.php(1027): trigger_error('Passing lowercase HTTP method "post" is deprecated. Use uppercase HTTP method like "POST".', 16384)
 2 APPPATH\Config\Routes\AdminRoutes.php(186): CodeIgniter\Router\RouteCollection->match([...], 'send_mail/?(:num)?', 'UsersController::send_mail/$1')
 3 SYSTEMPATH\Router\RouteCollection.php(800): App\Config\Routes\AdminRoutes::App\Config\Routes\{closure}(Object(CodeIgniter\Router\RouteCollection))
 4 APPPATH\Config\Routes\AdminRoutes.php(182): CodeIgniter\Router\RouteCollection->group('users', [...], Object(Closure))
 5 SYSTEMPATH\Router\RouteCollection.php(800): App\Config\Routes\AdminRoutes::App\Config\Routes\{closure}(Object(CodeIgniter\Router\RouteCollection))
 6 APPPATH\Config\Routes\AdminRoutes.php(28): CodeIgniter\Router\RouteCollection->group('admin', [...], Object(Closure))
 7 APPPATH\Config\Routes.php(20): App\Config\Routes\AdminRoutes::init(Object(CodeIgniter\Router\RouteCollection))
 8 SYSTEMPATH\Router\RouteCollection.php(340): require('C:\\xampp\\htdocs\\smartstore\\app\\Config\\Routes.php')
 9 SYSTEMPATH\CodeIgniter.php(823): CodeIgniter\Router\RouteCollection->loadRoutes()
10 SYSTEMPATH\CodeIgniter.php(457): CodeIgniter\CodeIgniter->tryToRouteIt(null)
11 SYSTEMPATH\CodeIgniter.php(355): CodeIgniter\CodeIgniter->handleRequest(null, Object(Config\Cache), false)
12 SYSTEMPATH\Boot.php(325): CodeIgniter\CodeIgniter->run()
13 SYSTEMPATH\Boot.php(67): CodeIgniter\Boot::runCodeIgniter(Object(CodeIgniter\CodeIgniter))
14 FCPATH\index.php(63): CodeIgniter\Boot::bootWeb(Object(Config\Paths))
WARNING - 2025-06-07 14:31:47 --> [DEPRECATED] Passing lowercase HTTP method "get" is deprecated. Use uppercase HTTP method like "GET". in SYSTEMPATH\Router\RouteCollection.php on line 1027.
 1 SYSTEMPATH\Router\RouteCollection.php(1027): trigger_error('Passing lowercase HTTP method "get" is deprecated. Use uppercase HTTP method like "GET".', 16384)
 2 APPPATH\Config\Routes\AdminRoutes.php(215): CodeIgniter\Router\RouteCollection->match([...], 'send_mail/?(:num)?', 'TicketsController::send_mail/$1')
 3 SYSTEMPATH\Router\RouteCollection.php(800): App\Config\Routes\AdminRoutes::App\Config\Routes\{closure}(Object(CodeIgniter\Router\RouteCollection))
 4 APPPATH\Config\Routes\AdminRoutes.php(212): CodeIgniter\Router\RouteCollection->group('tickets', [...], Object(Closure))
 5 SYSTEMPATH\Router\RouteCollection.php(800): App\Config\Routes\AdminRoutes::App\Config\Routes\{closure}(Object(CodeIgniter\Router\RouteCollection))
 6 APPPATH\Config\Routes\AdminRoutes.php(28): CodeIgniter\Router\RouteCollection->group('admin', [...], Object(Closure))
 7 APPPATH\Config\Routes.php(20): App\Config\Routes\AdminRoutes::init(Object(CodeIgniter\Router\RouteCollection))
 8 SYSTEMPATH\Router\RouteCollection.php(340): require('C:\\xampp\\htdocs\\smartstore\\app\\Config\\Routes.php')
 9 SYSTEMPATH\CodeIgniter.php(823): CodeIgniter\Router\RouteCollection->loadRoutes()
10 SYSTEMPATH\CodeIgniter.php(457): CodeIgniter\CodeIgniter->tryToRouteIt(null)
11 SYSTEMPATH\CodeIgniter.php(355): CodeIgniter\CodeIgniter->handleRequest(null, Object(Config\Cache), false)
12 SYSTEMPATH\Boot.php(325): CodeIgniter\CodeIgniter->run()
13 SYSTEMPATH\Boot.php(67): CodeIgniter\Boot::runCodeIgniter(Object(CodeIgniter\CodeIgniter))
14 FCPATH\index.php(63): CodeIgniter\Boot::bootWeb(Object(Config\Paths))
WARNING - 2025-06-07 14:31:47 --> [DEPRECATED] Passing lowercase HTTP method "post" is deprecated. Use uppercase HTTP method like "POST". in SYSTEMPATH\Router\RouteCollection.php on line 1027.
 1 SYSTEMPATH\Router\RouteCollection.php(1027): trigger_error('Passing lowercase HTTP method "post" is deprecated. Use uppercase HTTP method like "POST".', 16384)
 2 APPPATH\Config\Routes\AdminRoutes.php(215): CodeIgniter\Router\RouteCollection->match([...], 'send_mail/?(:num)?', 'TicketsController::send_mail/$1')
 3 SYSTEMPATH\Router\RouteCollection.php(800): App\Config\Routes\AdminRoutes::App\Config\Routes\{closure}(Object(CodeIgniter\Router\RouteCollection))
 4 APPPATH\Config\Routes\AdminRoutes.php(212): CodeIgniter\Router\RouteCollection->group('tickets', [...], Object(Closure))
 5 SYSTEMPATH\Router\RouteCollection.php(800): App\Config\Routes\AdminRoutes::App\Config\Routes\{closure}(Object(CodeIgniter\Router\RouteCollection))
 6 APPPATH\Config\Routes\AdminRoutes.php(28): CodeIgniter\Router\RouteCollection->group('admin', [...], Object(Closure))
 7 APPPATH\Config\Routes.php(20): App\Config\Routes\AdminRoutes::init(Object(CodeIgniter\Router\RouteCollection))
 8 SYSTEMPATH\Router\RouteCollection.php(340): require('C:\\xampp\\htdocs\\smartstore\\app\\Config\\Routes.php')
 9 SYSTEMPATH\CodeIgniter.php(823): CodeIgniter\Router\RouteCollection->loadRoutes()
10 SYSTEMPATH\CodeIgniter.php(457): CodeIgniter\CodeIgniter->tryToRouteIt(null)
11 SYSTEMPATH\CodeIgniter.php(355): CodeIgniter\CodeIgniter->handleRequest(null, Object(Config\Cache), false)
12 SYSTEMPATH\Boot.php(325): CodeIgniter\CodeIgniter->run()
13 SYSTEMPATH\Boot.php(67): CodeIgniter\Boot::runCodeIgniter(Object(CodeIgniter\CodeIgniter))
14 FCPATH\index.php(63): CodeIgniter\Boot::bootWeb(Object(Config\Paths))
WARNING - 2025-06-07 14:31:47 --> [DEPRECATED] Passing lowercase HTTP method "get" is deprecated. Use uppercase HTTP method like "GET". in SYSTEMPATH\Router\RouteCollection.php on line 1027.
 1 SYSTEMPATH\Router\RouteCollection.php(1027): trigger_error('Passing lowercase HTTP method "get" is deprecated. Use uppercase HTTP method like "GET".', 16384)
 2 APPPATH\Config\Routes\UserRoutes.php(49): CodeIgniter\Router\RouteCollection->match([...], 'submit_review', 'ClientController::submit_review', [...])
 3 APPPATH\Config\Routes\UserRoutes.php(23): App\Config\Routes\UserRoutes::defineRoutes(Object(CodeIgniter\Router\RouteCollection))
 4 APPPATH\Config\Routes.php(21): App\Config\Routes\UserRoutes::init(Object(CodeIgniter\Router\RouteCollection))
 5 SYSTEMPATH\Router\RouteCollection.php(340): require('C:\\xampp\\htdocs\\smartstore\\app\\Config\\Routes.php')
 6 SYSTEMPATH\CodeIgniter.php(823): CodeIgniter\Router\RouteCollection->loadRoutes()
 7 SYSTEMPATH\CodeIgniter.php(457): CodeIgniter\CodeIgniter->tryToRouteIt(null)
 8 SYSTEMPATH\CodeIgniter.php(355): CodeIgniter\CodeIgniter->handleRequest(null, Object(Config\Cache), false)
 9 SYSTEMPATH\Boot.php(325): CodeIgniter\CodeIgniter->run()
10 SYSTEMPATH\Boot.php(67): CodeIgniter\Boot::runCodeIgniter(Object(CodeIgniter\CodeIgniter))
11 FCPATH\index.php(63): CodeIgniter\Boot::bootWeb(Object(Config\Paths))
WARNING - 2025-06-07 14:31:47 --> [DEPRECATED] Passing lowercase HTTP method "post" is deprecated. Use uppercase HTTP method like "POST". in SYSTEMPATH\Router\RouteCollection.php on line 1027.
 1 SYSTEMPATH\Router\RouteCollection.php(1027): trigger_error('Passing lowercase HTTP method "post" is deprecated. Use uppercase HTTP method like "POST".', 16384)
 2 APPPATH\Config\Routes\UserRoutes.php(49): CodeIgniter\Router\RouteCollection->match([...], 'submit_review', 'ClientController::submit_review', [...])
 3 APPPATH\Config\Routes\UserRoutes.php(23): App\Config\Routes\UserRoutes::defineRoutes(Object(CodeIgniter\Router\RouteCollection))
 4 APPPATH\Config\Routes.php(21): App\Config\Routes\UserRoutes::init(Object(CodeIgniter\Router\RouteCollection))
 5 SYSTEMPATH\Router\RouteCollection.php(340): require('C:\\xampp\\htdocs\\smartstore\\app\\Config\\Routes.php')
 6 SYSTEMPATH\CodeIgniter.php(823): CodeIgniter\Router\RouteCollection->loadRoutes()
 7 SYSTEMPATH\CodeIgniter.php(457): CodeIgniter\CodeIgniter->tryToRouteIt(null)
 8 SYSTEMPATH\CodeIgniter.php(355): CodeIgniter\CodeIgniter->handleRequest(null, Object(Config\Cache), false)
 9 SYSTEMPATH\Boot.php(325): CodeIgniter\CodeIgniter->run()
10 SYSTEMPATH\Boot.php(67): CodeIgniter\Boot::runCodeIgniter(Object(CodeIgniter\CodeIgniter))
11 FCPATH\index.php(63): CodeIgniter\Boot::bootWeb(Object(Config\Paths))
WARNING - 2025-06-07 14:31:47 --> [DEPRECATED] Passing lowercase HTTP method "get" is deprecated. Use uppercase HTTP method like "GET". in SYSTEMPATH\Router\RouteCollection.php on line 1027.
 1 SYSTEMPATH\Router\RouteCollection.php(1027): trigger_error('Passing lowercase HTTP method "get" is deprecated. Use uppercase HTTP method like "GET".', 16384)
 2 APPPATH\Config\Routes\UserRoutes.php(63): CodeIgniter\Router\RouteCollection->match([...], 'track-order', 'OrderController::track_order', [...])
 3 APPPATH\Config\Routes\UserRoutes.php(23): App\Config\Routes\UserRoutes::defineRoutes(Object(CodeIgniter\Router\RouteCollection))
 4 APPPATH\Config\Routes.php(21): App\Config\Routes\UserRoutes::init(Object(CodeIgniter\Router\RouteCollection))
 5 SYSTEMPATH\Router\RouteCollection.php(340): require('C:\\xampp\\htdocs\\smartstore\\app\\Config\\Routes.php')
 6 SYSTEMPATH\CodeIgniter.php(823): CodeIgniter\Router\RouteCollection->loadRoutes()
 7 SYSTEMPATH\CodeIgniter.php(457): CodeIgniter\CodeIgniter->tryToRouteIt(null)
 8 SYSTEMPATH\CodeIgniter.php(355): CodeIgniter\CodeIgniter->handleRequest(null, Object(Config\Cache), false)
 9 SYSTEMPATH\Boot.php(325): CodeIgniter\CodeIgniter->run()
10 SYSTEMPATH\Boot.php(67): CodeIgniter\Boot::runCodeIgniter(Object(CodeIgniter\CodeIgniter))
11 FCPATH\index.php(63): CodeIgniter\Boot::bootWeb(Object(Config\Paths))
WARNING - 2025-06-07 14:31:47 --> [DEPRECATED] Passing lowercase HTTP method "post" is deprecated. Use uppercase HTTP method like "POST". in SYSTEMPATH\Router\RouteCollection.php on line 1027.
 1 SYSTEMPATH\Router\RouteCollection.php(1027): trigger_error('Passing lowercase HTTP method "post" is deprecated. Use uppercase HTTP method like "POST".', 16384)
 2 APPPATH\Config\Routes\UserRoutes.php(63): CodeIgniter\Router\RouteCollection->match([...], 'track-order', 'OrderController::track_order', [...])
 3 APPPATH\Config\Routes\UserRoutes.php(23): App\Config\Routes\UserRoutes::defineRoutes(Object(CodeIgniter\Router\RouteCollection))
 4 APPPATH\Config\Routes.php(21): App\Config\Routes\UserRoutes::init(Object(CodeIgniter\Router\RouteCollection))
 5 SYSTEMPATH\Router\RouteCollection.php(340): require('C:\\xampp\\htdocs\\smartstore\\app\\Config\\Routes.php')
 6 SYSTEMPATH\CodeIgniter.php(823): CodeIgniter\Router\RouteCollection->loadRoutes()
 7 SYSTEMPATH\CodeIgniter.php(457): CodeIgniter\CodeIgniter->tryToRouteIt(null)
 8 SYSTEMPATH\CodeIgniter.php(355): CodeIgniter\CodeIgniter->handleRequest(null, Object(Config\Cache), false)
 9 SYSTEMPATH\Boot.php(325): CodeIgniter\CodeIgniter->run()
10 SYSTEMPATH\Boot.php(67): CodeIgniter\Boot::runCodeIgniter(Object(CodeIgniter\CodeIgniter))
11 FCPATH\index.php(63): CodeIgniter\Boot::bootWeb(Object(Config\Paths))
WARNING - 2025-06-07 14:31:47 --> [DEPRECATED] Passing lowercase HTTP method "get" is deprecated. Use uppercase HTTP method like "GET". in SYSTEMPATH\Router\RouteCollection.php on line 1027.
 1 SYSTEMPATH\Router\RouteCollection.php(1027): trigger_error('Passing lowercase HTTP method "get" is deprecated. Use uppercase HTTP method like "GET".', 16384)
 2 APPPATH\Config\Routes\UserRoutes.php(49): CodeIgniter\Router\RouteCollection->match([...], 'submit_review', 'ClientController::submit_review', [...])
 3 APPPATH\Config\Routes\UserRoutes.php(26): App\Config\Routes\UserRoutes::defineRoutes(Object(CodeIgniter\Router\RouteCollection))
 4 SYSTEMPATH\Router\RouteCollection.php(800): App\Config\Routes\UserRoutes::App\Config\Routes\{closure}(Object(CodeIgniter\Router\RouteCollection))
 5 APPPATH\Config\Routes\UserRoutes.php(25): CodeIgniter\Router\RouteCollection->group('{locale}', Object(Closure))
 6 APPPATH\Config\Routes.php(21): App\Config\Routes\UserRoutes::init(Object(CodeIgniter\Router\RouteCollection))
 7 SYSTEMPATH\Router\RouteCollection.php(340): require('C:\\xampp\\htdocs\\smartstore\\app\\Config\\Routes.php')
 8 SYSTEMPATH\CodeIgniter.php(823): CodeIgniter\Router\RouteCollection->loadRoutes()
 9 SYSTEMPATH\CodeIgniter.php(457): CodeIgniter\CodeIgniter->tryToRouteIt(null)
10 SYSTEMPATH\CodeIgniter.php(355): CodeIgniter\CodeIgniter->handleRequest(null, Object(Config\Cache), false)
11 SYSTEMPATH\Boot.php(325): CodeIgniter\CodeIgniter->run()
12 SYSTEMPATH\Boot.php(67): CodeIgniter\Boot::runCodeIgniter(Object(CodeIgniter\CodeIgniter))
13 FCPATH\index.php(63): CodeIgniter\Boot::bootWeb(Object(Config\Paths))
WARNING - 2025-06-07 14:31:47 --> [DEPRECATED] Passing lowercase HTTP method "post" is deprecated. Use uppercase HTTP method like "POST". in SYSTEMPATH\Router\RouteCollection.php on line 1027.
 1 SYSTEMPATH\Router\RouteCollection.php(1027): trigger_error('Passing lowercase HTTP method "post" is deprecated. Use uppercase HTTP method like "POST".', 16384)
 2 APPPATH\Config\Routes\UserRoutes.php(49): CodeIgniter\Router\RouteCollection->match([...], 'submit_review', 'ClientController::submit_review', [...])
 3 APPPATH\Config\Routes\UserRoutes.php(26): App\Config\Routes\UserRoutes::defineRoutes(Object(CodeIgniter\Router\RouteCollection))
 4 SYSTEMPATH\Router\RouteCollection.php(800): App\Config\Routes\UserRoutes::App\Config\Routes\{closure}(Object(CodeIgniter\Router\RouteCollection))
 5 APPPATH\Config\Routes\UserRoutes.php(25): CodeIgniter\Router\RouteCollection->group('{locale}', Object(Closure))
 6 APPPATH\Config\Routes.php(21): App\Config\Routes\UserRoutes::init(Object(CodeIgniter\Router\RouteCollection))
 7 SYSTEMPATH\Router\RouteCollection.php(340): require('C:\\xampp\\htdocs\\smartstore\\app\\Config\\Routes.php')
 8 SYSTEMPATH\CodeIgniter.php(823): CodeIgniter\Router\RouteCollection->loadRoutes()
 9 SYSTEMPATH\CodeIgniter.php(457): CodeIgniter\CodeIgniter->tryToRouteIt(null)
10 SYSTEMPATH\CodeIgniter.php(355): CodeIgniter\CodeIgniter->handleRequest(null, Object(Config\Cache), false)
11 SYSTEMPATH\Boot.php(325): CodeIgniter\CodeIgniter->run()
12 SYSTEMPATH\Boot.php(67): CodeIgniter\Boot::runCodeIgniter(Object(CodeIgniter\CodeIgniter))
13 FCPATH\index.php(63): CodeIgniter\Boot::bootWeb(Object(Config\Paths))
WARNING - 2025-06-07 14:31:47 --> [DEPRECATED] Passing lowercase HTTP method "get" is deprecated. Use uppercase HTTP method like "GET". in SYSTEMPATH\Router\RouteCollection.php on line 1027.
 1 SYSTEMPATH\Router\RouteCollection.php(1027): trigger_error('Passing lowercase HTTP method "get" is deprecated. Use uppercase HTTP method like "GET".', 16384)
 2 APPPATH\Config\Routes\UserRoutes.php(63): CodeIgniter\Router\RouteCollection->match([...], 'track-order', 'OrderController::track_order', [...])
 3 APPPATH\Config\Routes\UserRoutes.php(26): App\Config\Routes\UserRoutes::defineRoutes(Object(CodeIgniter\Router\RouteCollection))
 4 SYSTEMPATH\Router\RouteCollection.php(800): App\Config\Routes\UserRoutes::App\Config\Routes\{closure}(Object(CodeIgniter\Router\RouteCollection))
 5 APPPATH\Config\Routes\UserRoutes.php(25): CodeIgniter\Router\RouteCollection->group('{locale}', Object(Closure))
 6 APPPATH\Config\Routes.php(21): App\Config\Routes\UserRoutes::init(Object(CodeIgniter\Router\RouteCollection))
 7 SYSTEMPATH\Router\RouteCollection.php(340): require('C:\\xampp\\htdocs\\smartstore\\app\\Config\\Routes.php')
 8 SYSTEMPATH\CodeIgniter.php(823): CodeIgniter\Router\RouteCollection->loadRoutes()
 9 SYSTEMPATH\CodeIgniter.php(457): CodeIgniter\CodeIgniter->tryToRouteIt(null)
10 SYSTEMPATH\CodeIgniter.php(355): CodeIgniter\CodeIgniter->handleRequest(null, Object(Config\Cache), false)
11 SYSTEMPATH\Boot.php(325): CodeIgniter\CodeIgniter->run()
12 SYSTEMPATH\Boot.php(67): CodeIgniter\Boot::runCodeIgniter(Object(CodeIgniter\CodeIgniter))
13 FCPATH\index.php(63): CodeIgniter\Boot::bootWeb(Object(Config\Paths))
WARNING - 2025-06-07 14:31:47 --> [DEPRECATED] Passing lowercase HTTP method "post" is deprecated. Use uppercase HTTP method like "POST". in SYSTEMPATH\Router\RouteCollection.php on line 1027.
 1 SYSTEMPATH\Router\RouteCollection.php(1027): trigger_error('Passing lowercase HTTP method "post" is deprecated. Use uppercase HTTP method like "POST".', 16384)
 2 APPPATH\Config\Routes\UserRoutes.php(63): CodeIgniter\Router\RouteCollection->match([...], 'track-order', 'OrderController::track_order', [...])
 3 APPPATH\Config\Routes\UserRoutes.php(26): App\Config\Routes\UserRoutes::defineRoutes(Object(CodeIgniter\Router\RouteCollection))
 4 SYSTEMPATH\Router\RouteCollection.php(800): App\Config\Routes\UserRoutes::App\Config\Routes\{closure}(Object(CodeIgniter\Router\RouteCollection))
 5 APPPATH\Config\Routes\UserRoutes.php(25): CodeIgniter\Router\RouteCollection->group('{locale}', Object(Closure))
 6 APPPATH\Config\Routes.php(21): App\Config\Routes\UserRoutes::init(Object(CodeIgniter\Router\RouteCollection))
 7 SYSTEMPATH\Router\RouteCollection.php(340): require('C:\\xampp\\htdocs\\smartstore\\app\\Config\\Routes.php')
 8 SYSTEMPATH\CodeIgniter.php(823): CodeIgniter\Router\RouteCollection->loadRoutes()
 9 SYSTEMPATH\CodeIgniter.php(457): CodeIgniter\CodeIgniter->tryToRouteIt(null)
10 SYSTEMPATH\CodeIgniter.php(355): CodeIgniter\CodeIgniter->handleRequest(null, Object(Config\Cache), false)
11 SYSTEMPATH\Boot.php(325): CodeIgniter\CodeIgniter->run()
12 SYSTEMPATH\Boot.php(67): CodeIgniter\Boot::runCodeIgniter(Object(CodeIgniter\CodeIgniter))
13 FCPATH\index.php(63): CodeIgniter\Boot::bootWeb(Object(Config\Paths))
INFO - 2025-06-07 14:31:47 --> Session: Class initialized using 'CodeIgniter\Session\Handlers\FileHandler' driver.
WARNING - 2025-06-07 14:31:47 --> [DEPRECATED] Creation of dynamic property App\Controllers\Public\PageController::$load_files is deprecated in APPPATH\Controllers\Public\PageController.php on line 21.
 1 SYSTEMPATH\CodeIgniter.php(903): App\Controllers\Public\PageController->__construct()
 2 SYSTEMPATH\CodeIgniter.php(500): CodeIgniter\CodeIgniter->createController()
 3 SYSTEMPATH\CodeIgniter.php(355): CodeIgniter\CodeIgniter->handleRequest(null, Object(Config\Cache), false)
 4 SYSTEMPATH\Boot.php(325): CodeIgniter\CodeIgniter->run()
 5 SYSTEMPATH\Boot.php(67): CodeIgniter\Boot::runCodeIgniter(Object(CodeIgniter\CodeIgniter))
 6 FCPATH\index.php(63): CodeIgniter\Boot::bootWeb(Object(Config\Paths))
WARNING - 2025-06-07 14:31:47 --> [DEPRECATED] Creation of dynamic property App\Controllers\Public\PageController::$page_title is deprecated in APPPATH\Controllers\Public\PageController.php on line 22.
 1 SYSTEMPATH\CodeIgniter.php(903): App\Controllers\Public\PageController->__construct()
 2 SYSTEMPATH\CodeIgniter.php(500): CodeIgniter\CodeIgniter->createController()
 3 SYSTEMPATH\CodeIgniter.php(355): CodeIgniter\CodeIgniter->handleRequest(null, Object(Config\Cache), false)
 4 SYSTEMPATH\Boot.php(325): CodeIgniter\CodeIgniter->run()
 5 SYSTEMPATH\Boot.php(67): CodeIgniter\Boot::runCodeIgniter(Object(CodeIgniter\CodeIgniter))
 6 FCPATH\index.php(63): CodeIgniter\Boot::bootWeb(Object(Config\Paths))
WARNING - 2025-06-07 14:32:09 --> [DEPRECATED] Passing lowercase HTTP method "get" is deprecated. Use uppercase HTTP method like "GET". in SYSTEMPATH\Router\RouteCollection.php on line 1027.
 1 SYSTEMPATH\Router\RouteCollection.php(1027): trigger_error('Passing lowercase HTTP method "get" is deprecated. Use uppercase HTTP method like "GET".', 16384)
 2 APPPATH\Config\Routes\AdminRoutes.php(65): CodeIgniter\Router\RouteCollection->match([...], 'send_test_mail', 'SettingsController::send_test_mail')
 3 SYSTEMPATH\Router\RouteCollection.php(800): App\Config\Routes\AdminRoutes::App\Config\Routes\{closure}(Object(CodeIgniter\Router\RouteCollection))
 4 APPPATH\Config\Routes\AdminRoutes.php(63): CodeIgniter\Router\RouteCollection->group('settings', [...], Object(Closure))
 5 SYSTEMPATH\Router\RouteCollection.php(800): App\Config\Routes\AdminRoutes::App\Config\Routes\{closure}(Object(CodeIgniter\Router\RouteCollection))
 6 APPPATH\Config\Routes\AdminRoutes.php(28): CodeIgniter\Router\RouteCollection->group('admin', [...], Object(Closure))
 7 APPPATH\Config\Routes.php(20): App\Config\Routes\AdminRoutes::init(Object(CodeIgniter\Router\RouteCollection))
 8 SYSTEMPATH\Router\RouteCollection.php(340): require('C:\\xampp\\htdocs\\smartstore\\app\\Config\\Routes.php')
 9 SYSTEMPATH\CodeIgniter.php(823): CodeIgniter\Router\RouteCollection->loadRoutes()
10 SYSTEMPATH\CodeIgniter.php(457): CodeIgniter\CodeIgniter->tryToRouteIt(null)
11 SYSTEMPATH\CodeIgniter.php(355): CodeIgniter\CodeIgniter->handleRequest(null, Object(Config\Cache), false)
12 SYSTEMPATH\Boot.php(325): CodeIgniter\CodeIgniter->run()
13 SYSTEMPATH\Boot.php(67): CodeIgniter\Boot::runCodeIgniter(Object(CodeIgniter\CodeIgniter))
14 FCPATH\index.php(63): CodeIgniter\Boot::bootWeb(Object(Config\Paths))
WARNING - 2025-06-07 14:32:09 --> [DEPRECATED] Passing lowercase HTTP method "post" is deprecated. Use uppercase HTTP method like "POST". in SYSTEMPATH\Router\RouteCollection.php on line 1027.
 1 SYSTEMPATH\Router\RouteCollection.php(1027): trigger_error('Passing lowercase HTTP method "post" is deprecated. Use uppercase HTTP method like "POST".', 16384)
 2 APPPATH\Config\Routes\AdminRoutes.php(65): CodeIgniter\Router\RouteCollection->match([...], 'send_test_mail', 'SettingsController::send_test_mail')
 3 SYSTEMPATH\Router\RouteCollection.php(800): App\Config\Routes\AdminRoutes::App\Config\Routes\{closure}(Object(CodeIgniter\Router\RouteCollection))
 4 APPPATH\Config\Routes\AdminRoutes.php(63): CodeIgniter\Router\RouteCollection->group('settings', [...], Object(Closure))
 5 SYSTEMPATH\Router\RouteCollection.php(800): App\Config\Routes\AdminRoutes::App\Config\Routes\{closure}(Object(CodeIgniter\Router\RouteCollection))
 6 APPPATH\Config\Routes\AdminRoutes.php(28): CodeIgniter\Router\RouteCollection->group('admin', [...], Object(Closure))
 7 APPPATH\Config\Routes.php(20): App\Config\Routes\AdminRoutes::init(Object(CodeIgniter\Router\RouteCollection))
 8 SYSTEMPATH\Router\RouteCollection.php(340): require('C:\\xampp\\htdocs\\smartstore\\app\\Config\\Routes.php')
 9 SYSTEMPATH\CodeIgniter.php(823): CodeIgniter\Router\RouteCollection->loadRoutes()
10 SYSTEMPATH\CodeIgniter.php(457): CodeIgniter\CodeIgniter->tryToRouteIt(null)
11 SYSTEMPATH\CodeIgniter.php(355): CodeIgniter\CodeIgniter->handleRequest(null, Object(Config\Cache), false)
12 SYSTEMPATH\Boot.php(325): CodeIgniter\CodeIgniter->run()
13 SYSTEMPATH\Boot.php(67): CodeIgniter\Boot::runCodeIgniter(Object(CodeIgniter\CodeIgniter))
14 FCPATH\index.php(63): CodeIgniter\Boot::bootWeb(Object(Config\Paths))
WARNING - 2025-06-07 14:32:09 --> [DEPRECATED] Passing lowercase HTTP method "get" is deprecated. Use uppercase HTTP method like "GET". in SYSTEMPATH\Router\RouteCollection.php on line 1027.
 1 SYSTEMPATH\Router\RouteCollection.php(1027): trigger_error('Passing lowercase HTTP method "get" is deprecated. Use uppercase HTTP method like "GET".', 16384)
 2 APPPATH\Config\Routes\AdminRoutes.php(76): CodeIgniter\Router\RouteCollection->match([...], 'elfinder_connector', 'FilemanagerController::elfinder_connector')
 3 SYSTEMPATH\Router\RouteCollection.php(800): App\Config\Routes\AdminRoutes::App\Config\Routes\{closure}(Object(CodeIgniter\Router\RouteCollection))
 4 APPPATH\Config\Routes\AdminRoutes.php(73): CodeIgniter\Router\RouteCollection->group('filemanager', [...], Object(Closure))
 5 SYSTEMPATH\Router\RouteCollection.php(800): App\Config\Routes\AdminRoutes::App\Config\Routes\{closure}(Object(CodeIgniter\Router\RouteCollection))
 6 APPPATH\Config\Routes\AdminRoutes.php(28): CodeIgniter\Router\RouteCollection->group('admin', [...], Object(Closure))
 7 APPPATH\Config\Routes.php(20): App\Config\Routes\AdminRoutes::init(Object(CodeIgniter\Router\RouteCollection))
 8 SYSTEMPATH\Router\RouteCollection.php(340): require('C:\\xampp\\htdocs\\smartstore\\app\\Config\\Routes.php')
 9 SYSTEMPATH\CodeIgniter.php(823): CodeIgniter\Router\RouteCollection->loadRoutes()
10 SYSTEMPATH\CodeIgniter.php(457): CodeIgniter\CodeIgniter->tryToRouteIt(null)
11 SYSTEMPATH\CodeIgniter.php(355): CodeIgniter\CodeIgniter->handleRequest(null, Object(Config\Cache), false)
12 SYSTEMPATH\Boot.php(325): CodeIgniter\CodeIgniter->run()
13 SYSTEMPATH\Boot.php(67): CodeIgniter\Boot::runCodeIgniter(Object(CodeIgniter\CodeIgniter))
14 FCPATH\index.php(63): CodeIgniter\Boot::bootWeb(Object(Config\Paths))
WARNING - 2025-06-07 14:32:09 --> [DEPRECATED] Passing lowercase HTTP method "post" is deprecated. Use uppercase HTTP method like "POST". in SYSTEMPATH\Router\RouteCollection.php on line 1027.
 1 SYSTEMPATH\Router\RouteCollection.php(1027): trigger_error('Passing lowercase HTTP method "post" is deprecated. Use uppercase HTTP method like "POST".', 16384)
 2 APPPATH\Config\Routes\AdminRoutes.php(76): CodeIgniter\Router\RouteCollection->match([...], 'elfinder_connector', 'FilemanagerController::elfinder_connector')
 3 SYSTEMPATH\Router\RouteCollection.php(800): App\Config\Routes\AdminRoutes::App\Config\Routes\{closure}(Object(CodeIgniter\Router\RouteCollection))
 4 APPPATH\Config\Routes\AdminRoutes.php(73): CodeIgniter\Router\RouteCollection->group('filemanager', [...], Object(Closure))
 5 SYSTEMPATH\Router\RouteCollection.php(800): App\Config\Routes\AdminRoutes::App\Config\Routes\{closure}(Object(CodeIgniter\Router\RouteCollection))
 6 APPPATH\Config\Routes\AdminRoutes.php(28): CodeIgniter\Router\RouteCollection->group('admin', [...], Object(Closure))
 7 APPPATH\Config\Routes.php(20): App\Config\Routes\AdminRoutes::init(Object(CodeIgniter\Router\RouteCollection))
 8 SYSTEMPATH\Router\RouteCollection.php(340): require('C:\\xampp\\htdocs\\smartstore\\app\\Config\\Routes.php')
 9 SYSTEMPATH\CodeIgniter.php(823): CodeIgniter\Router\RouteCollection->loadRoutes()
10 SYSTEMPATH\CodeIgniter.php(457): CodeIgniter\CodeIgniter->tryToRouteIt(null)
11 SYSTEMPATH\CodeIgniter.php(355): CodeIgniter\CodeIgniter->handleRequest(null, Object(Config\Cache), false)
12 SYSTEMPATH\Boot.php(325): CodeIgniter\CodeIgniter->run()
13 SYSTEMPATH\Boot.php(67): CodeIgniter\Boot::runCodeIgniter(Object(CodeIgniter\CodeIgniter))
14 FCPATH\index.php(63): CodeIgniter\Boot::bootWeb(Object(Config\Paths))
WARNING - 2025-06-07 14:32:09 --> [DEPRECATED] Passing lowercase HTTP method "get" is deprecated. Use uppercase HTTP method like "GET". in SYSTEMPATH\Router\RouteCollection.php on line 1027.
 1 SYSTEMPATH\Router\RouteCollection.php(1027): trigger_error('Passing lowercase HTTP method "get" is deprecated. Use uppercase HTTP method like "GET".', 16384)
 2 APPPATH\Config\Routes\AdminRoutes.php(172): CodeIgniter\Router\RouteCollection->match([...], 'sync_services/?(:num)?', 'ProvidersController::sync_services/$1')
 3 SYSTEMPATH\Router\RouteCollection.php(800): App\Config\Routes\AdminRoutes::App\Config\Routes\{closure}(Object(CodeIgniter\Router\RouteCollection))
 4 APPPATH\Config\Routes\AdminRoutes.php(167): CodeIgniter\Router\RouteCollection->group('providers', [...], Object(Closure))
 5 SYSTEMPATH\Router\RouteCollection.php(800): App\Config\Routes\AdminRoutes::App\Config\Routes\{closure}(Object(CodeIgniter\Router\RouteCollection))
 6 APPPATH\Config\Routes\AdminRoutes.php(28): CodeIgniter\Router\RouteCollection->group('admin', [...], Object(Closure))
 7 APPPATH\Config\Routes.php(20): App\Config\Routes\AdminRoutes::init(Object(CodeIgniter\Router\RouteCollection))
 8 SYSTEMPATH\Router\RouteCollection.php(340): require('C:\\xampp\\htdocs\\smartstore\\app\\Config\\Routes.php')
 9 SYSTEMPATH\CodeIgniter.php(823): CodeIgniter\Router\RouteCollection->loadRoutes()
10 SYSTEMPATH\CodeIgniter.php(457): CodeIgniter\CodeIgniter->tryToRouteIt(null)
11 SYSTEMPATH\CodeIgniter.php(355): CodeIgniter\CodeIgniter->handleRequest(null, Object(Config\Cache), false)
12 SYSTEMPATH\Boot.php(325): CodeIgniter\CodeIgniter->run()
13 SYSTEMPATH\Boot.php(67): CodeIgniter\Boot::runCodeIgniter(Object(CodeIgniter\CodeIgniter))
14 FCPATH\index.php(63): CodeIgniter\Boot::bootWeb(Object(Config\Paths))
WARNING - 2025-06-07 14:32:09 --> [DEPRECATED] Passing lowercase HTTP method "post" is deprecated. Use uppercase HTTP method like "POST". in SYSTEMPATH\Router\RouteCollection.php on line 1027.
 1 SYSTEMPATH\Router\RouteCollection.php(1027): trigger_error('Passing lowercase HTTP method "post" is deprecated. Use uppercase HTTP method like "POST".', 16384)
 2 APPPATH\Config\Routes\AdminRoutes.php(172): CodeIgniter\Router\RouteCollection->match([...], 'sync_services/?(:num)?', 'ProvidersController::sync_services/$1')
 3 SYSTEMPATH\Router\RouteCollection.php(800): App\Config\Routes\AdminRoutes::App\Config\Routes\{closure}(Object(CodeIgniter\Router\RouteCollection))
 4 APPPATH\Config\Routes\AdminRoutes.php(167): CodeIgniter\Router\RouteCollection->group('providers', [...], Object(Closure))
 5 SYSTEMPATH\Router\RouteCollection.php(800): App\Config\Routes\AdminRoutes::App\Config\Routes\{closure}(Object(CodeIgniter\Router\RouteCollection))
 6 APPPATH\Config\Routes\AdminRoutes.php(28): CodeIgniter\Router\RouteCollection->group('admin', [...], Object(Closure))
 7 APPPATH\Config\Routes.php(20): App\Config\Routes\AdminRoutes::init(Object(CodeIgniter\Router\RouteCollection))
 8 SYSTEMPATH\Router\RouteCollection.php(340): require('C:\\xampp\\htdocs\\smartstore\\app\\Config\\Routes.php')
 9 SYSTEMPATH\CodeIgniter.php(823): CodeIgniter\Router\RouteCollection->loadRoutes()
10 SYSTEMPATH\CodeIgniter.php(457): CodeIgniter\CodeIgniter->tryToRouteIt(null)
11 SYSTEMPATH\CodeIgniter.php(355): CodeIgniter\CodeIgniter->handleRequest(null, Object(Config\Cache), false)
12 SYSTEMPATH\Boot.php(325): CodeIgniter\CodeIgniter->run()
13 SYSTEMPATH\Boot.php(67): CodeIgniter\Boot::runCodeIgniter(Object(CodeIgniter\CodeIgniter))
14 FCPATH\index.php(63): CodeIgniter\Boot::bootWeb(Object(Config\Paths))
WARNING - 2025-06-07 14:32:09 --> [DEPRECATED] Passing lowercase HTTP method "get" is deprecated. Use uppercase HTTP method like "GET". in SYSTEMPATH\Router\RouteCollection.php on line 1027.
 1 SYSTEMPATH\Router\RouteCollection.php(1027): trigger_error('Passing lowercase HTTP method "get" is deprecated. Use uppercase HTTP method like "GET".', 16384)
 2 APPPATH\Config\Routes\AdminRoutes.php(185): CodeIgniter\Router\RouteCollection->match([...], 'add_note/?(:num)?', 'UsersController::add_note/$1')
 3 SYSTEMPATH\Router\RouteCollection.php(800): App\Config\Routes\AdminRoutes::App\Config\Routes\{closure}(Object(CodeIgniter\Router\RouteCollection))
 4 APPPATH\Config\Routes\AdminRoutes.php(182): CodeIgniter\Router\RouteCollection->group('users', [...], Object(Closure))
 5 SYSTEMPATH\Router\RouteCollection.php(800): App\Config\Routes\AdminRoutes::App\Config\Routes\{closure}(Object(CodeIgniter\Router\RouteCollection))
 6 APPPATH\Config\Routes\AdminRoutes.php(28): CodeIgniter\Router\RouteCollection->group('admin', [...], Object(Closure))
 7 APPPATH\Config\Routes.php(20): App\Config\Routes\AdminRoutes::init(Object(CodeIgniter\Router\RouteCollection))
 8 SYSTEMPATH\Router\RouteCollection.php(340): require('C:\\xampp\\htdocs\\smartstore\\app\\Config\\Routes.php')
 9 SYSTEMPATH\CodeIgniter.php(823): CodeIgniter\Router\RouteCollection->loadRoutes()
10 SYSTEMPATH\CodeIgniter.php(457): CodeIgniter\CodeIgniter->tryToRouteIt(null)
11 SYSTEMPATH\CodeIgniter.php(355): CodeIgniter\CodeIgniter->handleRequest(null, Object(Config\Cache), false)
12 SYSTEMPATH\Boot.php(325): CodeIgniter\CodeIgniter->run()
13 SYSTEMPATH\Boot.php(67): CodeIgniter\Boot::runCodeIgniter(Object(CodeIgniter\CodeIgniter))
14 FCPATH\index.php(63): CodeIgniter\Boot::bootWeb(Object(Config\Paths))
WARNING - 2025-06-07 14:32:09 --> [DEPRECATED] Passing lowercase HTTP method "post" is deprecated. Use uppercase HTTP method like "POST". in SYSTEMPATH\Router\RouteCollection.php on line 1027.
 1 SYSTEMPATH\Router\RouteCollection.php(1027): trigger_error('Passing lowercase HTTP method "post" is deprecated. Use uppercase HTTP method like "POST".', 16384)
 2 APPPATH\Config\Routes\AdminRoutes.php(185): CodeIgniter\Router\RouteCollection->match([...], 'add_note/?(:num)?', 'UsersController::add_note/$1')
 3 SYSTEMPATH\Router\RouteCollection.php(800): App\Config\Routes\AdminRoutes::App\Config\Routes\{closure}(Object(CodeIgniter\Router\RouteCollection))
 4 APPPATH\Config\Routes\AdminRoutes.php(182): CodeIgniter\Router\RouteCollection->group('users', [...], Object(Closure))
 5 SYSTEMPATH\Router\RouteCollection.php(800): App\Config\Routes\AdminRoutes::App\Config\Routes\{closure}(Object(CodeIgniter\Router\RouteCollection))
 6 APPPATH\Config\Routes\AdminRoutes.php(28): CodeIgniter\Router\RouteCollection->group('admin', [...], Object(Closure))
 7 APPPATH\Config\Routes.php(20): App\Config\Routes\AdminRoutes::init(Object(CodeIgniter\Router\RouteCollection))
 8 SYSTEMPATH\Router\RouteCollection.php(340): require('C:\\xampp\\htdocs\\smartstore\\app\\Config\\Routes.php')
 9 SYSTEMPATH\CodeIgniter.php(823): CodeIgniter\Router\RouteCollection->loadRoutes()
10 SYSTEMPATH\CodeIgniter.php(457): CodeIgniter\CodeIgniter->tryToRouteIt(null)
11 SYSTEMPATH\CodeIgniter.php(355): CodeIgniter\CodeIgniter->handleRequest(null, Object(Config\Cache), false)
12 SYSTEMPATH\Boot.php(325): CodeIgniter\CodeIgniter->run()
13 SYSTEMPATH\Boot.php(67): CodeIgniter\Boot::runCodeIgniter(Object(CodeIgniter\CodeIgniter))
14 FCPATH\index.php(63): CodeIgniter\Boot::bootWeb(Object(Config\Paths))
WARNING - 2025-06-07 14:32:09 --> [DEPRECATED] Passing lowercase HTTP method "get" is deprecated. Use uppercase HTTP method like "GET". in SYSTEMPATH\Router\RouteCollection.php on line 1027.
 1 SYSTEMPATH\Router\RouteCollection.php(1027): trigger_error('Passing lowercase HTTP method "get" is deprecated. Use uppercase HTTP method like "GET".', 16384)
 2 APPPATH\Config\Routes\AdminRoutes.php(186): CodeIgniter\Router\RouteCollection->match([...], 'send_mail/?(:num)?', 'UsersController::send_mail/$1')
 3 SYSTEMPATH\Router\RouteCollection.php(800): App\Config\Routes\AdminRoutes::App\Config\Routes\{closure}(Object(CodeIgniter\Router\RouteCollection))
 4 APPPATH\Config\Routes\AdminRoutes.php(182): CodeIgniter\Router\RouteCollection->group('users', [...], Object(Closure))
 5 SYSTEMPATH\Router\RouteCollection.php(800): App\Config\Routes\AdminRoutes::App\Config\Routes\{closure}(Object(CodeIgniter\Router\RouteCollection))
 6 APPPATH\Config\Routes\AdminRoutes.php(28): CodeIgniter\Router\RouteCollection->group('admin', [...], Object(Closure))
 7 APPPATH\Config\Routes.php(20): App\Config\Routes\AdminRoutes::init(Object(CodeIgniter\Router\RouteCollection))
 8 SYSTEMPATH\Router\RouteCollection.php(340): require('C:\\xampp\\htdocs\\smartstore\\app\\Config\\Routes.php')
 9 SYSTEMPATH\CodeIgniter.php(823): CodeIgniter\Router\RouteCollection->loadRoutes()
10 SYSTEMPATH\CodeIgniter.php(457): CodeIgniter\CodeIgniter->tryToRouteIt(null)
11 SYSTEMPATH\CodeIgniter.php(355): CodeIgniter\CodeIgniter->handleRequest(null, Object(Config\Cache), false)
12 SYSTEMPATH\Boot.php(325): CodeIgniter\CodeIgniter->run()
13 SYSTEMPATH\Boot.php(67): CodeIgniter\Boot::runCodeIgniter(Object(CodeIgniter\CodeIgniter))
14 FCPATH\index.php(63): CodeIgniter\Boot::bootWeb(Object(Config\Paths))
WARNING - 2025-06-07 14:32:09 --> [DEPRECATED] Passing lowercase HTTP method "post" is deprecated. Use uppercase HTTP method like "POST". in SYSTEMPATH\Router\RouteCollection.php on line 1027.
 1 SYSTEMPATH\Router\RouteCollection.php(1027): trigger_error('Passing lowercase HTTP method "post" is deprecated. Use uppercase HTTP method like "POST".', 16384)
 2 APPPATH\Config\Routes\AdminRoutes.php(186): CodeIgniter\Router\RouteCollection->match([...], 'send_mail/?(:num)?', 'UsersController::send_mail/$1')
 3 SYSTEMPATH\Router\RouteCollection.php(800): App\Config\Routes\AdminRoutes::App\Config\Routes\{closure}(Object(CodeIgniter\Router\RouteCollection))
 4 APPPATH\Config\Routes\AdminRoutes.php(182): CodeIgniter\Router\RouteCollection->group('users', [...], Object(Closure))
 5 SYSTEMPATH\Router\RouteCollection.php(800): App\Config\Routes\AdminRoutes::App\Config\Routes\{closure}(Object(CodeIgniter\Router\RouteCollection))
 6 APPPATH\Config\Routes\AdminRoutes.php(28): CodeIgniter\Router\RouteCollection->group('admin', [...], Object(Closure))
 7 APPPATH\Config\Routes.php(20): App\Config\Routes\AdminRoutes::init(Object(CodeIgniter\Router\RouteCollection))
 8 SYSTEMPATH\Router\RouteCollection.php(340): require('C:\\xampp\\htdocs\\smartstore\\app\\Config\\Routes.php')
 9 SYSTEMPATH\CodeIgniter.php(823): CodeIgniter\Router\RouteCollection->loadRoutes()
10 SYSTEMPATH\CodeIgniter.php(457): CodeIgniter\CodeIgniter->tryToRouteIt(null)
11 SYSTEMPATH\CodeIgniter.php(355): CodeIgniter\CodeIgniter->handleRequest(null, Object(Config\Cache), false)
12 SYSTEMPATH\Boot.php(325): CodeIgniter\CodeIgniter->run()
13 SYSTEMPATH\Boot.php(67): CodeIgniter\Boot::runCodeIgniter(Object(CodeIgniter\CodeIgniter))
14 FCPATH\index.php(63): CodeIgniter\Boot::bootWeb(Object(Config\Paths))
WARNING - 2025-06-07 14:32:09 --> [DEPRECATED] Passing lowercase HTTP method "get" is deprecated. Use uppercase HTTP method like "GET". in SYSTEMPATH\Router\RouteCollection.php on line 1027.
 1 SYSTEMPATH\Router\RouteCollection.php(1027): trigger_error('Passing lowercase HTTP method "get" is deprecated. Use uppercase HTTP method like "GET".', 16384)
 2 APPPATH\Config\Routes\AdminRoutes.php(215): CodeIgniter\Router\RouteCollection->match([...], 'send_mail/?(:num)?', 'TicketsController::send_mail/$1')
 3 SYSTEMPATH\Router\RouteCollection.php(800): App\Config\Routes\AdminRoutes::App\Config\Routes\{closure}(Object(CodeIgniter\Router\RouteCollection))
 4 APPPATH\Config\Routes\AdminRoutes.php(212): CodeIgniter\Router\RouteCollection->group('tickets', [...], Object(Closure))
 5 SYSTEMPATH\Router\RouteCollection.php(800): App\Config\Routes\AdminRoutes::App\Config\Routes\{closure}(Object(CodeIgniter\Router\RouteCollection))
 6 APPPATH\Config\Routes\AdminRoutes.php(28): CodeIgniter\Router\RouteCollection->group('admin', [...], Object(Closure))
 7 APPPATH\Config\Routes.php(20): App\Config\Routes\AdminRoutes::init(Object(CodeIgniter\Router\RouteCollection))
 8 SYSTEMPATH\Router\RouteCollection.php(340): require('C:\\xampp\\htdocs\\smartstore\\app\\Config\\Routes.php')
 9 SYSTEMPATH\CodeIgniter.php(823): CodeIgniter\Router\RouteCollection->loadRoutes()
10 SYSTEMPATH\CodeIgniter.php(457): CodeIgniter\CodeIgniter->tryToRouteIt(null)
11 SYSTEMPATH\CodeIgniter.php(355): CodeIgniter\CodeIgniter->handleRequest(null, Object(Config\Cache), false)
12 SYSTEMPATH\Boot.php(325): CodeIgniter\CodeIgniter->run()
13 SYSTEMPATH\Boot.php(67): CodeIgniter\Boot::runCodeIgniter(Object(CodeIgniter\CodeIgniter))
14 FCPATH\index.php(63): CodeIgniter\Boot::bootWeb(Object(Config\Paths))
WARNING - 2025-06-07 14:32:09 --> [DEPRECATED] Passing lowercase HTTP method "post" is deprecated. Use uppercase HTTP method like "POST". in SYSTEMPATH\Router\RouteCollection.php on line 1027.
 1 SYSTEMPATH\Router\RouteCollection.php(1027): trigger_error('Passing lowercase HTTP method "post" is deprecated. Use uppercase HTTP method like "POST".', 16384)
 2 APPPATH\Config\Routes\AdminRoutes.php(215): CodeIgniter\Router\RouteCollection->match([...], 'send_mail/?(:num)?', 'TicketsController::send_mail/$1')
 3 SYSTEMPATH\Router\RouteCollection.php(800): App\Config\Routes\AdminRoutes::App\Config\Routes\{closure}(Object(CodeIgniter\Router\RouteCollection))
 4 APPPATH\Config\Routes\AdminRoutes.php(212): CodeIgniter\Router\RouteCollection->group('tickets', [...], Object(Closure))
 5 SYSTEMPATH\Router\RouteCollection.php(800): App\Config\Routes\AdminRoutes::App\Config\Routes\{closure}(Object(CodeIgniter\Router\RouteCollection))
 6 APPPATH\Config\Routes\AdminRoutes.php(28): CodeIgniter\Router\RouteCollection->group('admin', [...], Object(Closure))
 7 APPPATH\Config\Routes.php(20): App\Config\Routes\AdminRoutes::init(Object(CodeIgniter\Router\RouteCollection))
 8 SYSTEMPATH\Router\RouteCollection.php(340): require('C:\\xampp\\htdocs\\smartstore\\app\\Config\\Routes.php')
 9 SYSTEMPATH\CodeIgniter.php(823): CodeIgniter\Router\RouteCollection->loadRoutes()
10 SYSTEMPATH\CodeIgniter.php(457): CodeIgniter\CodeIgniter->tryToRouteIt(null)
11 SYSTEMPATH\CodeIgniter.php(355): CodeIgniter\CodeIgniter->handleRequest(null, Object(Config\Cache), false)
12 SYSTEMPATH\Boot.php(325): CodeIgniter\CodeIgniter->run()
13 SYSTEMPATH\Boot.php(67): CodeIgniter\Boot::runCodeIgniter(Object(CodeIgniter\CodeIgniter))
14 FCPATH\index.php(63): CodeIgniter\Boot::bootWeb(Object(Config\Paths))
WARNING - 2025-06-07 14:32:09 --> [DEPRECATED] Passing lowercase HTTP method "get" is deprecated. Use uppercase HTTP method like "GET". in SYSTEMPATH\Router\RouteCollection.php on line 1027.
 1 SYSTEMPATH\Router\RouteCollection.php(1027): trigger_error('Passing lowercase HTTP method "get" is deprecated. Use uppercase HTTP method like "GET".', 16384)
 2 APPPATH\Config\Routes\UserRoutes.php(49): CodeIgniter\Router\RouteCollection->match([...], 'submit_review', 'ClientController::submit_review', [...])
 3 APPPATH\Config\Routes\UserRoutes.php(23): App\Config\Routes\UserRoutes::defineRoutes(Object(CodeIgniter\Router\RouteCollection))
 4 APPPATH\Config\Routes.php(21): App\Config\Routes\UserRoutes::init(Object(CodeIgniter\Router\RouteCollection))
 5 SYSTEMPATH\Router\RouteCollection.php(340): require('C:\\xampp\\htdocs\\smartstore\\app\\Config\\Routes.php')
 6 SYSTEMPATH\CodeIgniter.php(823): CodeIgniter\Router\RouteCollection->loadRoutes()
 7 SYSTEMPATH\CodeIgniter.php(457): CodeIgniter\CodeIgniter->tryToRouteIt(null)
 8 SYSTEMPATH\CodeIgniter.php(355): CodeIgniter\CodeIgniter->handleRequest(null, Object(Config\Cache), false)
 9 SYSTEMPATH\Boot.php(325): CodeIgniter\CodeIgniter->run()
10 SYSTEMPATH\Boot.php(67): CodeIgniter\Boot::runCodeIgniter(Object(CodeIgniter\CodeIgniter))
11 FCPATH\index.php(63): CodeIgniter\Boot::bootWeb(Object(Config\Paths))
WARNING - 2025-06-07 14:32:09 --> [DEPRECATED] Passing lowercase HTTP method "post" is deprecated. Use uppercase HTTP method like "POST". in SYSTEMPATH\Router\RouteCollection.php on line 1027.
 1 SYSTEMPATH\Router\RouteCollection.php(1027): trigger_error('Passing lowercase HTTP method "post" is deprecated. Use uppercase HTTP method like "POST".', 16384)
 2 APPPATH\Config\Routes\UserRoutes.php(49): CodeIgniter\Router\RouteCollection->match([...], 'submit_review', 'ClientController::submit_review', [...])
 3 APPPATH\Config\Routes\UserRoutes.php(23): App\Config\Routes\UserRoutes::defineRoutes(Object(CodeIgniter\Router\RouteCollection))
 4 APPPATH\Config\Routes.php(21): App\Config\Routes\UserRoutes::init(Object(CodeIgniter\Router\RouteCollection))
 5 SYSTEMPATH\Router\RouteCollection.php(340): require('C:\\xampp\\htdocs\\smartstore\\app\\Config\\Routes.php')
 6 SYSTEMPATH\CodeIgniter.php(823): CodeIgniter\Router\RouteCollection->loadRoutes()
 7 SYSTEMPATH\CodeIgniter.php(457): CodeIgniter\CodeIgniter->tryToRouteIt(null)
 8 SYSTEMPATH\CodeIgniter.php(355): CodeIgniter\CodeIgniter->handleRequest(null, Object(Config\Cache), false)
 9 SYSTEMPATH\Boot.php(325): CodeIgniter\CodeIgniter->run()
10 SYSTEMPATH\Boot.php(67): CodeIgniter\Boot::runCodeIgniter(Object(CodeIgniter\CodeIgniter))
11 FCPATH\index.php(63): CodeIgniter\Boot::bootWeb(Object(Config\Paths))
WARNING - 2025-06-07 14:32:09 --> [DEPRECATED] Passing lowercase HTTP method "get" is deprecated. Use uppercase HTTP method like "GET". in SYSTEMPATH\Router\RouteCollection.php on line 1027.
 1 SYSTEMPATH\Router\RouteCollection.php(1027): trigger_error('Passing lowercase HTTP method "get" is deprecated. Use uppercase HTTP method like "GET".', 16384)
 2 APPPATH\Config\Routes\UserRoutes.php(63): CodeIgniter\Router\RouteCollection->match([...], 'track-order', 'OrderController::track_order', [...])
 3 APPPATH\Config\Routes\UserRoutes.php(23): App\Config\Routes\UserRoutes::defineRoutes(Object(CodeIgniter\Router\RouteCollection))
 4 APPPATH\Config\Routes.php(21): App\Config\Routes\UserRoutes::init(Object(CodeIgniter\Router\RouteCollection))
 5 SYSTEMPATH\Router\RouteCollection.php(340): require('C:\\xampp\\htdocs\\smartstore\\app\\Config\\Routes.php')
 6 SYSTEMPATH\CodeIgniter.php(823): CodeIgniter\Router\RouteCollection->loadRoutes()
 7 SYSTEMPATH\CodeIgniter.php(457): CodeIgniter\CodeIgniter->tryToRouteIt(null)
 8 SYSTEMPATH\CodeIgniter.php(355): CodeIgniter\CodeIgniter->handleRequest(null, Object(Config\Cache), false)
 9 SYSTEMPATH\Boot.php(325): CodeIgniter\CodeIgniter->run()
10 SYSTEMPATH\Boot.php(67): CodeIgniter\Boot::runCodeIgniter(Object(CodeIgniter\CodeIgniter))
11 FCPATH\index.php(63): CodeIgniter\Boot::bootWeb(Object(Config\Paths))
WARNING - 2025-06-07 14:32:09 --> [DEPRECATED] Passing lowercase HTTP method "post" is deprecated. Use uppercase HTTP method like "POST". in SYSTEMPATH\Router\RouteCollection.php on line 1027.
 1 SYSTEMPATH\Router\RouteCollection.php(1027): trigger_error('Passing lowercase HTTP method "post" is deprecated. Use uppercase HTTP method like "POST".', 16384)
 2 APPPATH\Config\Routes\UserRoutes.php(63): CodeIgniter\Router\RouteCollection->match([...], 'track-order', 'OrderController::track_order', [...])
 3 APPPATH\Config\Routes\UserRoutes.php(23): App\Config\Routes\UserRoutes::defineRoutes(Object(CodeIgniter\Router\RouteCollection))
 4 APPPATH\Config\Routes.php(21): App\Config\Routes\UserRoutes::init(Object(CodeIgniter\Router\RouteCollection))
 5 SYSTEMPATH\Router\RouteCollection.php(340): require('C:\\xampp\\htdocs\\smartstore\\app\\Config\\Routes.php')
 6 SYSTEMPATH\CodeIgniter.php(823): CodeIgniter\Router\RouteCollection->loadRoutes()
 7 SYSTEMPATH\CodeIgniter.php(457): CodeIgniter\CodeIgniter->tryToRouteIt(null)
 8 SYSTEMPATH\CodeIgniter.php(355): CodeIgniter\CodeIgniter->handleRequest(null, Object(Config\Cache), false)
 9 SYSTEMPATH\Boot.php(325): CodeIgniter\CodeIgniter->run()
10 SYSTEMPATH\Boot.php(67): CodeIgniter\Boot::runCodeIgniter(Object(CodeIgniter\CodeIgniter))
11 FCPATH\index.php(63): CodeIgniter\Boot::bootWeb(Object(Config\Paths))
WARNING - 2025-06-07 14:32:09 --> [DEPRECATED] Passing lowercase HTTP method "get" is deprecated. Use uppercase HTTP method like "GET". in SYSTEMPATH\Router\RouteCollection.php on line 1027.
 1 SYSTEMPATH\Router\RouteCollection.php(1027): trigger_error('Passing lowercase HTTP method "get" is deprecated. Use uppercase HTTP method like "GET".', 16384)
 2 APPPATH\Config\Routes\UserRoutes.php(49): CodeIgniter\Router\RouteCollection->match([...], 'submit_review', 'ClientController::submit_review', [...])
 3 APPPATH\Config\Routes\UserRoutes.php(26): App\Config\Routes\UserRoutes::defineRoutes(Object(CodeIgniter\Router\RouteCollection))
 4 SYSTEMPATH\Router\RouteCollection.php(800): App\Config\Routes\UserRoutes::App\Config\Routes\{closure}(Object(CodeIgniter\Router\RouteCollection))
 5 APPPATH\Config\Routes\UserRoutes.php(25): CodeIgniter\Router\RouteCollection->group('{locale}', Object(Closure))
 6 APPPATH\Config\Routes.php(21): App\Config\Routes\UserRoutes::init(Object(CodeIgniter\Router\RouteCollection))
 7 SYSTEMPATH\Router\RouteCollection.php(340): require('C:\\xampp\\htdocs\\smartstore\\app\\Config\\Routes.php')
 8 SYSTEMPATH\CodeIgniter.php(823): CodeIgniter\Router\RouteCollection->loadRoutes()
 9 SYSTEMPATH\CodeIgniter.php(457): CodeIgniter\CodeIgniter->tryToRouteIt(null)
10 SYSTEMPATH\CodeIgniter.php(355): CodeIgniter\CodeIgniter->handleRequest(null, Object(Config\Cache), false)
11 SYSTEMPATH\Boot.php(325): CodeIgniter\CodeIgniter->run()
12 SYSTEMPATH\Boot.php(67): CodeIgniter\Boot::runCodeIgniter(Object(CodeIgniter\CodeIgniter))
13 FCPATH\index.php(63): CodeIgniter\Boot::bootWeb(Object(Config\Paths))
WARNING - 2025-06-07 14:32:09 --> [DEPRECATED] Passing lowercase HTTP method "post" is deprecated. Use uppercase HTTP method like "POST". in SYSTEMPATH\Router\RouteCollection.php on line 1027.
 1 SYSTEMPATH\Router\RouteCollection.php(1027): trigger_error('Passing lowercase HTTP method "post" is deprecated. Use uppercase HTTP method like "POST".', 16384)
 2 APPPATH\Config\Routes\UserRoutes.php(49): CodeIgniter\Router\RouteCollection->match([...], 'submit_review', 'ClientController::submit_review', [...])
 3 APPPATH\Config\Routes\UserRoutes.php(26): App\Config\Routes\UserRoutes::defineRoutes(Object(CodeIgniter\Router\RouteCollection))
 4 SYSTEMPATH\Router\RouteCollection.php(800): App\Config\Routes\UserRoutes::App\Config\Routes\{closure}(Object(CodeIgniter\Router\RouteCollection))
 5 APPPATH\Config\Routes\UserRoutes.php(25): CodeIgniter\Router\RouteCollection->group('{locale}', Object(Closure))
 6 APPPATH\Config\Routes.php(21): App\Config\Routes\UserRoutes::init(Object(CodeIgniter\Router\RouteCollection))
 7 SYSTEMPATH\Router\RouteCollection.php(340): require('C:\\xampp\\htdocs\\smartstore\\app\\Config\\Routes.php')
 8 SYSTEMPATH\CodeIgniter.php(823): CodeIgniter\Router\RouteCollection->loadRoutes()
 9 SYSTEMPATH\CodeIgniter.php(457): CodeIgniter\CodeIgniter->tryToRouteIt(null)
10 SYSTEMPATH\CodeIgniter.php(355): CodeIgniter\CodeIgniter->handleRequest(null, Object(Config\Cache), false)
11 SYSTEMPATH\Boot.php(325): CodeIgniter\CodeIgniter->run()
12 SYSTEMPATH\Boot.php(67): CodeIgniter\Boot::runCodeIgniter(Object(CodeIgniter\CodeIgniter))
13 FCPATH\index.php(63): CodeIgniter\Boot::bootWeb(Object(Config\Paths))
WARNING - 2025-06-07 14:32:09 --> [DEPRECATED] Passing lowercase HTTP method "get" is deprecated. Use uppercase HTTP method like "GET". in SYSTEMPATH\Router\RouteCollection.php on line 1027.
 1 SYSTEMPATH\Router\RouteCollection.php(1027): trigger_error('Passing lowercase HTTP method "get" is deprecated. Use uppercase HTTP method like "GET".', 16384)
 2 APPPATH\Config\Routes\UserRoutes.php(63): CodeIgniter\Router\RouteCollection->match([...], 'track-order', 'OrderController::track_order', [...])
 3 APPPATH\Config\Routes\UserRoutes.php(26): App\Config\Routes\UserRoutes::defineRoutes(Object(CodeIgniter\Router\RouteCollection))
 4 SYSTEMPATH\Router\RouteCollection.php(800): App\Config\Routes\UserRoutes::App\Config\Routes\{closure}(Object(CodeIgniter\Router\RouteCollection))
 5 APPPATH\Config\Routes\UserRoutes.php(25): CodeIgniter\Router\RouteCollection->group('{locale}', Object(Closure))
 6 APPPATH\Config\Routes.php(21): App\Config\Routes\UserRoutes::init(Object(CodeIgniter\Router\RouteCollection))
 7 SYSTEMPATH\Router\RouteCollection.php(340): require('C:\\xampp\\htdocs\\smartstore\\app\\Config\\Routes.php')
 8 SYSTEMPATH\CodeIgniter.php(823): CodeIgniter\Router\RouteCollection->loadRoutes()
 9 SYSTEMPATH\CodeIgniter.php(457): CodeIgniter\CodeIgniter->tryToRouteIt(null)
10 SYSTEMPATH\CodeIgniter.php(355): CodeIgniter\CodeIgniter->handleRequest(null, Object(Config\Cache), false)
11 SYSTEMPATH\Boot.php(325): CodeIgniter\CodeIgniter->run()
12 SYSTEMPATH\Boot.php(67): CodeIgniter\Boot::runCodeIgniter(Object(CodeIgniter\CodeIgniter))
13 FCPATH\index.php(63): CodeIgniter\Boot::bootWeb(Object(Config\Paths))
WARNING - 2025-06-07 14:32:09 --> [DEPRECATED] Passing lowercase HTTP method "post" is deprecated. Use uppercase HTTP method like "POST". in SYSTEMPATH\Router\RouteCollection.php on line 1027.
 1 SYSTEMPATH\Router\RouteCollection.php(1027): trigger_error('Passing lowercase HTTP method "post" is deprecated. Use uppercase HTTP method like "POST".', 16384)
 2 APPPATH\Config\Routes\UserRoutes.php(63): CodeIgniter\Router\RouteCollection->match([...], 'track-order', 'OrderController::track_order', [...])
 3 APPPATH\Config\Routes\UserRoutes.php(26): App\Config\Routes\UserRoutes::defineRoutes(Object(CodeIgniter\Router\RouteCollection))
 4 SYSTEMPATH\Router\RouteCollection.php(800): App\Config\Routes\UserRoutes::App\Config\Routes\{closure}(Object(CodeIgniter\Router\RouteCollection))
 5 APPPATH\Config\Routes\UserRoutes.php(25): CodeIgniter\Router\RouteCollection->group('{locale}', Object(Closure))
 6 APPPATH\Config\Routes.php(21): App\Config\Routes\UserRoutes::init(Object(CodeIgniter\Router\RouteCollection))
 7 SYSTEMPATH\Router\RouteCollection.php(340): require('C:\\xampp\\htdocs\\smartstore\\app\\Config\\Routes.php')
 8 SYSTEMPATH\CodeIgniter.php(823): CodeIgniter\Router\RouteCollection->loadRoutes()
 9 SYSTEMPATH\CodeIgniter.php(457): CodeIgniter\CodeIgniter->tryToRouteIt(null)
10 SYSTEMPATH\CodeIgniter.php(355): CodeIgniter\CodeIgniter->handleRequest(null, Object(Config\Cache), false)
11 SYSTEMPATH\Boot.php(325): CodeIgniter\CodeIgniter->run()
12 SYSTEMPATH\Boot.php(67): CodeIgniter\Boot::runCodeIgniter(Object(CodeIgniter\CodeIgniter))
13 FCPATH\index.php(63): CodeIgniter\Boot::bootWeb(Object(Config\Paths))
WARNING - 2025-06-07 14:32:45 --> [DEPRECATED] Passing lowercase HTTP method "get" is deprecated. Use uppercase HTTP method like "GET". in SYSTEMPATH\Router\RouteCollection.php on line 1027.
 1 SYSTEMPATH\Router\RouteCollection.php(1027): trigger_error('Passing lowercase HTTP method "get" is deprecated. Use uppercase HTTP method like "GET".', 16384)
 2 APPPATH\Config\Routes\AdminRoutes.php(65): CodeIgniter\Router\RouteCollection->match([...], 'send_test_mail', 'SettingsController::send_test_mail')
 3 SYSTEMPATH\Router\RouteCollection.php(800): App\Config\Routes\AdminRoutes::App\Config\Routes\{closure}(Object(CodeIgniter\Router\RouteCollection))
 4 APPPATH\Config\Routes\AdminRoutes.php(63): CodeIgniter\Router\RouteCollection->group('settings', [...], Object(Closure))
 5 SYSTEMPATH\Router\RouteCollection.php(800): App\Config\Routes\AdminRoutes::App\Config\Routes\{closure}(Object(CodeIgniter\Router\RouteCollection))
 6 APPPATH\Config\Routes\AdminRoutes.php(28): CodeIgniter\Router\RouteCollection->group('admin', [...], Object(Closure))
 7 APPPATH\Config\Routes.php(20): App\Config\Routes\AdminRoutes::init(Object(CodeIgniter\Router\RouteCollection))
 8 SYSTEMPATH\Router\RouteCollection.php(340): require('C:\\xampp\\htdocs\\smartstore\\app\\Config\\Routes.php')
 9 SYSTEMPATH\CodeIgniter.php(823): CodeIgniter\Router\RouteCollection->loadRoutes()
10 SYSTEMPATH\CodeIgniter.php(457): CodeIgniter\CodeIgniter->tryToRouteIt(null)
11 SYSTEMPATH\CodeIgniter.php(355): CodeIgniter\CodeIgniter->handleRequest(null, Object(Config\Cache), false)
12 SYSTEMPATH\Boot.php(325): CodeIgniter\CodeIgniter->run()
13 SYSTEMPATH\Boot.php(67): CodeIgniter\Boot::runCodeIgniter(Object(CodeIgniter\CodeIgniter))
14 FCPATH\index.php(63): CodeIgniter\Boot::bootWeb(Object(Config\Paths))
WARNING - 2025-06-07 14:32:45 --> [DEPRECATED] Passing lowercase HTTP method "post" is deprecated. Use uppercase HTTP method like "POST". in SYSTEMPATH\Router\RouteCollection.php on line 1027.
 1 SYSTEMPATH\Router\RouteCollection.php(1027): trigger_error('Passing lowercase HTTP method "post" is deprecated. Use uppercase HTTP method like "POST".', 16384)
 2 APPPATH\Config\Routes\AdminRoutes.php(65): CodeIgniter\Router\RouteCollection->match([...], 'send_test_mail', 'SettingsController::send_test_mail')
 3 SYSTEMPATH\Router\RouteCollection.php(800): App\Config\Routes\AdminRoutes::App\Config\Routes\{closure}(Object(CodeIgniter\Router\RouteCollection))
 4 APPPATH\Config\Routes\AdminRoutes.php(63): CodeIgniter\Router\RouteCollection->group('settings', [...], Object(Closure))
 5 SYSTEMPATH\Router\RouteCollection.php(800): App\Config\Routes\AdminRoutes::App\Config\Routes\{closure}(Object(CodeIgniter\Router\RouteCollection))
 6 APPPATH\Config\Routes\AdminRoutes.php(28): CodeIgniter\Router\RouteCollection->group('admin', [...], Object(Closure))
 7 APPPATH\Config\Routes.php(20): App\Config\Routes\AdminRoutes::init(Object(CodeIgniter\Router\RouteCollection))
 8 SYSTEMPATH\Router\RouteCollection.php(340): require('C:\\xampp\\htdocs\\smartstore\\app\\Config\\Routes.php')
 9 SYSTEMPATH\CodeIgniter.php(823): CodeIgniter\Router\RouteCollection->loadRoutes()
10 SYSTEMPATH\CodeIgniter.php(457): CodeIgniter\CodeIgniter->tryToRouteIt(null)
11 SYSTEMPATH\CodeIgniter.php(355): CodeIgniter\CodeIgniter->handleRequest(null, Object(Config\Cache), false)
12 SYSTEMPATH\Boot.php(325): CodeIgniter\CodeIgniter->run()
13 SYSTEMPATH\Boot.php(67): CodeIgniter\Boot::runCodeIgniter(Object(CodeIgniter\CodeIgniter))
14 FCPATH\index.php(63): CodeIgniter\Boot::bootWeb(Object(Config\Paths))
WARNING - 2025-06-07 14:32:45 --> [DEPRECATED] Passing lowercase HTTP method "get" is deprecated. Use uppercase HTTP method like "GET". in SYSTEMPATH\Router\RouteCollection.php on line 1027.
 1 SYSTEMPATH\Router\RouteCollection.php(1027): trigger_error('Passing lowercase HTTP method "get" is deprecated. Use uppercase HTTP method like "GET".', 16384)
 2 APPPATH\Config\Routes\AdminRoutes.php(76): CodeIgniter\Router\RouteCollection->match([...], 'elfinder_connector', 'FilemanagerController::elfinder_connector')
 3 SYSTEMPATH\Router\RouteCollection.php(800): App\Config\Routes\AdminRoutes::App\Config\Routes\{closure}(Object(CodeIgniter\Router\RouteCollection))
 4 APPPATH\Config\Routes\AdminRoutes.php(73): CodeIgniter\Router\RouteCollection->group('filemanager', [...], Object(Closure))
 5 SYSTEMPATH\Router\RouteCollection.php(800): App\Config\Routes\AdminRoutes::App\Config\Routes\{closure}(Object(CodeIgniter\Router\RouteCollection))
 6 APPPATH\Config\Routes\AdminRoutes.php(28): CodeIgniter\Router\RouteCollection->group('admin', [...], Object(Closure))
 7 APPPATH\Config\Routes.php(20): App\Config\Routes\AdminRoutes::init(Object(CodeIgniter\Router\RouteCollection))
 8 SYSTEMPATH\Router\RouteCollection.php(340): require('C:\\xampp\\htdocs\\smartstore\\app\\Config\\Routes.php')
 9 SYSTEMPATH\CodeIgniter.php(823): CodeIgniter\Router\RouteCollection->loadRoutes()
10 SYSTEMPATH\CodeIgniter.php(457): CodeIgniter\CodeIgniter->tryToRouteIt(null)
11 SYSTEMPATH\CodeIgniter.php(355): CodeIgniter\CodeIgniter->handleRequest(null, Object(Config\Cache), false)
12 SYSTEMPATH\Boot.php(325): CodeIgniter\CodeIgniter->run()
13 SYSTEMPATH\Boot.php(67): CodeIgniter\Boot::runCodeIgniter(Object(CodeIgniter\CodeIgniter))
14 FCPATH\index.php(63): CodeIgniter\Boot::bootWeb(Object(Config\Paths))
WARNING - 2025-06-07 14:32:45 --> [DEPRECATED] Passing lowercase HTTP method "post" is deprecated. Use uppercase HTTP method like "POST". in SYSTEMPATH\Router\RouteCollection.php on line 1027.
 1 SYSTEMPATH\Router\RouteCollection.php(1027): trigger_error('Passing lowercase HTTP method "post" is deprecated. Use uppercase HTTP method like "POST".', 16384)
 2 APPPATH\Config\Routes\AdminRoutes.php(76): CodeIgniter\Router\RouteCollection->match([...], 'elfinder_connector', 'FilemanagerController::elfinder_connector')
 3 SYSTEMPATH\Router\RouteCollection.php(800): App\Config\Routes\AdminRoutes::App\Config\Routes\{closure}(Object(CodeIgniter\Router\RouteCollection))
 4 APPPATH\Config\Routes\AdminRoutes.php(73): CodeIgniter\Router\RouteCollection->group('filemanager', [...], Object(Closure))
 5 SYSTEMPATH\Router\RouteCollection.php(800): App\Config\Routes\AdminRoutes::App\Config\Routes\{closure}(Object(CodeIgniter\Router\RouteCollection))
 6 APPPATH\Config\Routes\AdminRoutes.php(28): CodeIgniter\Router\RouteCollection->group('admin', [...], Object(Closure))
 7 APPPATH\Config\Routes.php(20): App\Config\Routes\AdminRoutes::init(Object(CodeIgniter\Router\RouteCollection))
 8 SYSTEMPATH\Router\RouteCollection.php(340): require('C:\\xampp\\htdocs\\smartstore\\app\\Config\\Routes.php')
 9 SYSTEMPATH\CodeIgniter.php(823): CodeIgniter\Router\RouteCollection->loadRoutes()
10 SYSTEMPATH\CodeIgniter.php(457): CodeIgniter\CodeIgniter->tryToRouteIt(null)
11 SYSTEMPATH\CodeIgniter.php(355): CodeIgniter\CodeIgniter->handleRequest(null, Object(Config\Cache), false)
12 SYSTEMPATH\Boot.php(325): CodeIgniter\CodeIgniter->run()
13 SYSTEMPATH\Boot.php(67): CodeIgniter\Boot::runCodeIgniter(Object(CodeIgniter\CodeIgniter))
14 FCPATH\index.php(63): CodeIgniter\Boot::bootWeb(Object(Config\Paths))
WARNING - 2025-06-07 14:32:45 --> [DEPRECATED] Passing lowercase HTTP method "get" is deprecated. Use uppercase HTTP method like "GET". in SYSTEMPATH\Router\RouteCollection.php on line 1027.
 1 SYSTEMPATH\Router\RouteCollection.php(1027): trigger_error('Passing lowercase HTTP method "get" is deprecated. Use uppercase HTTP method like "GET".', 16384)
 2 APPPATH\Config\Routes\AdminRoutes.php(172): CodeIgniter\Router\RouteCollection->match([...], 'sync_services/?(:num)?', 'ProvidersController::sync_services/$1')
 3 SYSTEMPATH\Router\RouteCollection.php(800): App\Config\Routes\AdminRoutes::App\Config\Routes\{closure}(Object(CodeIgniter\Router\RouteCollection))
 4 APPPATH\Config\Routes\AdminRoutes.php(167): CodeIgniter\Router\RouteCollection->group('providers', [...], Object(Closure))
 5 SYSTEMPATH\Router\RouteCollection.php(800): App\Config\Routes\AdminRoutes::App\Config\Routes\{closure}(Object(CodeIgniter\Router\RouteCollection))
 6 APPPATH\Config\Routes\AdminRoutes.php(28): CodeIgniter\Router\RouteCollection->group('admin', [...], Object(Closure))
 7 APPPATH\Config\Routes.php(20): App\Config\Routes\AdminRoutes::init(Object(CodeIgniter\Router\RouteCollection))
 8 SYSTEMPATH\Router\RouteCollection.php(340): require('C:\\xampp\\htdocs\\smartstore\\app\\Config\\Routes.php')
 9 SYSTEMPATH\CodeIgniter.php(823): CodeIgniter\Router\RouteCollection->loadRoutes()
10 SYSTEMPATH\CodeIgniter.php(457): CodeIgniter\CodeIgniter->tryToRouteIt(null)
11 SYSTEMPATH\CodeIgniter.php(355): CodeIgniter\CodeIgniter->handleRequest(null, Object(Config\Cache), false)
12 SYSTEMPATH\Boot.php(325): CodeIgniter\CodeIgniter->run()
13 SYSTEMPATH\Boot.php(67): CodeIgniter\Boot::runCodeIgniter(Object(CodeIgniter\CodeIgniter))
14 FCPATH\index.php(63): CodeIgniter\Boot::bootWeb(Object(Config\Paths))
WARNING - 2025-06-07 14:32:45 --> [DEPRECATED] Passing lowercase HTTP method "post" is deprecated. Use uppercase HTTP method like "POST". in SYSTEMPATH\Router\RouteCollection.php on line 1027.
 1 SYSTEMPATH\Router\RouteCollection.php(1027): trigger_error('Passing lowercase HTTP method "post" is deprecated. Use uppercase HTTP method like "POST".', 16384)
 2 APPPATH\Config\Routes\AdminRoutes.php(172): CodeIgniter\Router\RouteCollection->match([...], 'sync_services/?(:num)?', 'ProvidersController::sync_services/$1')
 3 SYSTEMPATH\Router\RouteCollection.php(800): App\Config\Routes\AdminRoutes::App\Config\Routes\{closure}(Object(CodeIgniter\Router\RouteCollection))
 4 APPPATH\Config\Routes\AdminRoutes.php(167): CodeIgniter\Router\RouteCollection->group('providers', [...], Object(Closure))
 5 SYSTEMPATH\Router\RouteCollection.php(800): App\Config\Routes\AdminRoutes::App\Config\Routes\{closure}(Object(CodeIgniter\Router\RouteCollection))
 6 APPPATH\Config\Routes\AdminRoutes.php(28): CodeIgniter\Router\RouteCollection->group('admin', [...], Object(Closure))
 7 APPPATH\Config\Routes.php(20): App\Config\Routes\AdminRoutes::init(Object(CodeIgniter\Router\RouteCollection))
 8 SYSTEMPATH\Router\RouteCollection.php(340): require('C:\\xampp\\htdocs\\smartstore\\app\\Config\\Routes.php')
 9 SYSTEMPATH\CodeIgniter.php(823): CodeIgniter\Router\RouteCollection->loadRoutes()
10 SYSTEMPATH\CodeIgniter.php(457): CodeIgniter\CodeIgniter->tryToRouteIt(null)
11 SYSTEMPATH\CodeIgniter.php(355): CodeIgniter\CodeIgniter->handleRequest(null, Object(Config\Cache), false)
12 SYSTEMPATH\Boot.php(325): CodeIgniter\CodeIgniter->run()
13 SYSTEMPATH\Boot.php(67): CodeIgniter\Boot::runCodeIgniter(Object(CodeIgniter\CodeIgniter))
14 FCPATH\index.php(63): CodeIgniter\Boot::bootWeb(Object(Config\Paths))
WARNING - 2025-06-07 14:32:45 --> [DEPRECATED] Passing lowercase HTTP method "get" is deprecated. Use uppercase HTTP method like "GET". in SYSTEMPATH\Router\RouteCollection.php on line 1027.
 1 SYSTEMPATH\Router\RouteCollection.php(1027): trigger_error('Passing lowercase HTTP method "get" is deprecated. Use uppercase HTTP method like "GET".', 16384)
 2 APPPATH\Config\Routes\AdminRoutes.php(185): CodeIgniter\Router\RouteCollection->match([...], 'add_note/?(:num)?', 'UsersController::add_note/$1')
 3 SYSTEMPATH\Router\RouteCollection.php(800): App\Config\Routes\AdminRoutes::App\Config\Routes\{closure}(Object(CodeIgniter\Router\RouteCollection))
 4 APPPATH\Config\Routes\AdminRoutes.php(182): CodeIgniter\Router\RouteCollection->group('users', [...], Object(Closure))
 5 SYSTEMPATH\Router\RouteCollection.php(800): App\Config\Routes\AdminRoutes::App\Config\Routes\{closure}(Object(CodeIgniter\Router\RouteCollection))
 6 APPPATH\Config\Routes\AdminRoutes.php(28): CodeIgniter\Router\RouteCollection->group('admin', [...], Object(Closure))
 7 APPPATH\Config\Routes.php(20): App\Config\Routes\AdminRoutes::init(Object(CodeIgniter\Router\RouteCollection))
 8 SYSTEMPATH\Router\RouteCollection.php(340): require('C:\\xampp\\htdocs\\smartstore\\app\\Config\\Routes.php')
 9 SYSTEMPATH\CodeIgniter.php(823): CodeIgniter\Router\RouteCollection->loadRoutes()
10 SYSTEMPATH\CodeIgniter.php(457): CodeIgniter\CodeIgniter->tryToRouteIt(null)
11 SYSTEMPATH\CodeIgniter.php(355): CodeIgniter\CodeIgniter->handleRequest(null, Object(Config\Cache), false)
12 SYSTEMPATH\Boot.php(325): CodeIgniter\CodeIgniter->run()
13 SYSTEMPATH\Boot.php(67): CodeIgniter\Boot::runCodeIgniter(Object(CodeIgniter\CodeIgniter))
14 FCPATH\index.php(63): CodeIgniter\Boot::bootWeb(Object(Config\Paths))
WARNING - 2025-06-07 14:32:45 --> [DEPRECATED] Passing lowercase HTTP method "post" is deprecated. Use uppercase HTTP method like "POST". in SYSTEMPATH\Router\RouteCollection.php on line 1027.
 1 SYSTEMPATH\Router\RouteCollection.php(1027): trigger_error('Passing lowercase HTTP method "post" is deprecated. Use uppercase HTTP method like "POST".', 16384)
 2 APPPATH\Config\Routes\AdminRoutes.php(185): CodeIgniter\Router\RouteCollection->match([...], 'add_note/?(:num)?', 'UsersController::add_note/$1')
 3 SYSTEMPATH\Router\RouteCollection.php(800): App\Config\Routes\AdminRoutes::App\Config\Routes\{closure}(Object(CodeIgniter\Router\RouteCollection))
 4 APPPATH\Config\Routes\AdminRoutes.php(182): CodeIgniter\Router\RouteCollection->group('users', [...], Object(Closure))
 5 SYSTEMPATH\Router\RouteCollection.php(800): App\Config\Routes\AdminRoutes::App\Config\Routes\{closure}(Object(CodeIgniter\Router\RouteCollection))
 6 APPPATH\Config\Routes\AdminRoutes.php(28): CodeIgniter\Router\RouteCollection->group('admin', [...], Object(Closure))
 7 APPPATH\Config\Routes.php(20): App\Config\Routes\AdminRoutes::init(Object(CodeIgniter\Router\RouteCollection))
 8 SYSTEMPATH\Router\RouteCollection.php(340): require('C:\\xampp\\htdocs\\smartstore\\app\\Config\\Routes.php')
 9 SYSTEMPATH\CodeIgniter.php(823): CodeIgniter\Router\RouteCollection->loadRoutes()
10 SYSTEMPATH\CodeIgniter.php(457): CodeIgniter\CodeIgniter->tryToRouteIt(null)
11 SYSTEMPATH\CodeIgniter.php(355): CodeIgniter\CodeIgniter->handleRequest(null, Object(Config\Cache), false)
12 SYSTEMPATH\Boot.php(325): CodeIgniter\CodeIgniter->run()
13 SYSTEMPATH\Boot.php(67): CodeIgniter\Boot::runCodeIgniter(Object(CodeIgniter\CodeIgniter))
14 FCPATH\index.php(63): CodeIgniter\Boot::bootWeb(Object(Config\Paths))
WARNING - 2025-06-07 14:32:45 --> [DEPRECATED] Passing lowercase HTTP method "get" is deprecated. Use uppercase HTTP method like "GET". in SYSTEMPATH\Router\RouteCollection.php on line 1027.
 1 SYSTEMPATH\Router\RouteCollection.php(1027): trigger_error('Passing lowercase HTTP method "get" is deprecated. Use uppercase HTTP method like "GET".', 16384)
 2 APPPATH\Config\Routes\AdminRoutes.php(186): CodeIgniter\Router\RouteCollection->match([...], 'send_mail/?(:num)?', 'UsersController::send_mail/$1')
 3 SYSTEMPATH\Router\RouteCollection.php(800): App\Config\Routes\AdminRoutes::App\Config\Routes\{closure}(Object(CodeIgniter\Router\RouteCollection))
 4 APPPATH\Config\Routes\AdminRoutes.php(182): CodeIgniter\Router\RouteCollection->group('users', [...], Object(Closure))
 5 SYSTEMPATH\Router\RouteCollection.php(800): App\Config\Routes\AdminRoutes::App\Config\Routes\{closure}(Object(CodeIgniter\Router\RouteCollection))
 6 APPPATH\Config\Routes\AdminRoutes.php(28): CodeIgniter\Router\RouteCollection->group('admin', [...], Object(Closure))
 7 APPPATH\Config\Routes.php(20): App\Config\Routes\AdminRoutes::init(Object(CodeIgniter\Router\RouteCollection))
 8 SYSTEMPATH\Router\RouteCollection.php(340): require('C:\\xampp\\htdocs\\smartstore\\app\\Config\\Routes.php')
 9 SYSTEMPATH\CodeIgniter.php(823): CodeIgniter\Router\RouteCollection->loadRoutes()
10 SYSTEMPATH\CodeIgniter.php(457): CodeIgniter\CodeIgniter->tryToRouteIt(null)
11 SYSTEMPATH\CodeIgniter.php(355): CodeIgniter\CodeIgniter->handleRequest(null, Object(Config\Cache), false)
12 SYSTEMPATH\Boot.php(325): CodeIgniter\CodeIgniter->run()
13 SYSTEMPATH\Boot.php(67): CodeIgniter\Boot::runCodeIgniter(Object(CodeIgniter\CodeIgniter))
14 FCPATH\index.php(63): CodeIgniter\Boot::bootWeb(Object(Config\Paths))
WARNING - 2025-06-07 14:32:45 --> [DEPRECATED] Passing lowercase HTTP method "post" is deprecated. Use uppercase HTTP method like "POST". in SYSTEMPATH\Router\RouteCollection.php on line 1027.
 1 SYSTEMPATH\Router\RouteCollection.php(1027): trigger_error('Passing lowercase HTTP method "post" is deprecated. Use uppercase HTTP method like "POST".', 16384)
 2 APPPATH\Config\Routes\AdminRoutes.php(186): CodeIgniter\Router\RouteCollection->match([...], 'send_mail/?(:num)?', 'UsersController::send_mail/$1')
 3 SYSTEMPATH\Router\RouteCollection.php(800): App\Config\Routes\AdminRoutes::App\Config\Routes\{closure}(Object(CodeIgniter\Router\RouteCollection))
 4 APPPATH\Config\Routes\AdminRoutes.php(182): CodeIgniter\Router\RouteCollection->group('users', [...], Object(Closure))
 5 SYSTEMPATH\Router\RouteCollection.php(800): App\Config\Routes\AdminRoutes::App\Config\Routes\{closure}(Object(CodeIgniter\Router\RouteCollection))
 6 APPPATH\Config\Routes\AdminRoutes.php(28): CodeIgniter\Router\RouteCollection->group('admin', [...], Object(Closure))
 7 APPPATH\Config\Routes.php(20): App\Config\Routes\AdminRoutes::init(Object(CodeIgniter\Router\RouteCollection))
 8 SYSTEMPATH\Router\RouteCollection.php(340): require('C:\\xampp\\htdocs\\smartstore\\app\\Config\\Routes.php')
 9 SYSTEMPATH\CodeIgniter.php(823): CodeIgniter\Router\RouteCollection->loadRoutes()
10 SYSTEMPATH\CodeIgniter.php(457): CodeIgniter\CodeIgniter->tryToRouteIt(null)
11 SYSTEMPATH\CodeIgniter.php(355): CodeIgniter\CodeIgniter->handleRequest(null, Object(Config\Cache), false)
12 SYSTEMPATH\Boot.php(325): CodeIgniter\CodeIgniter->run()
13 SYSTEMPATH\Boot.php(67): CodeIgniter\Boot::runCodeIgniter(Object(CodeIgniter\CodeIgniter))
14 FCPATH\index.php(63): CodeIgniter\Boot::bootWeb(Object(Config\Paths))
WARNING - 2025-06-07 14:32:45 --> [DEPRECATED] Passing lowercase HTTP method "get" is deprecated. Use uppercase HTTP method like "GET". in SYSTEMPATH\Router\RouteCollection.php on line 1027.
 1 SYSTEMPATH\Router\RouteCollection.php(1027): trigger_error('Passing lowercase HTTP method "get" is deprecated. Use uppercase HTTP method like "GET".', 16384)
 2 APPPATH\Config\Routes\AdminRoutes.php(215): CodeIgniter\Router\RouteCollection->match([...], 'send_mail/?(:num)?', 'TicketsController::send_mail/$1')
 3 SYSTEMPATH\Router\RouteCollection.php(800): App\Config\Routes\AdminRoutes::App\Config\Routes\{closure}(Object(CodeIgniter\Router\RouteCollection))
 4 APPPATH\Config\Routes\AdminRoutes.php(212): CodeIgniter\Router\RouteCollection->group('tickets', [...], Object(Closure))
 5 SYSTEMPATH\Router\RouteCollection.php(800): App\Config\Routes\AdminRoutes::App\Config\Routes\{closure}(Object(CodeIgniter\Router\RouteCollection))
 6 APPPATH\Config\Routes\AdminRoutes.php(28): CodeIgniter\Router\RouteCollection->group('admin', [...], Object(Closure))
 7 APPPATH\Config\Routes.php(20): App\Config\Routes\AdminRoutes::init(Object(CodeIgniter\Router\RouteCollection))
 8 SYSTEMPATH\Router\RouteCollection.php(340): require('C:\\xampp\\htdocs\\smartstore\\app\\Config\\Routes.php')
 9 SYSTEMPATH\CodeIgniter.php(823): CodeIgniter\Router\RouteCollection->loadRoutes()
10 SYSTEMPATH\CodeIgniter.php(457): CodeIgniter\CodeIgniter->tryToRouteIt(null)
11 SYSTEMPATH\CodeIgniter.php(355): CodeIgniter\CodeIgniter->handleRequest(null, Object(Config\Cache), false)
12 SYSTEMPATH\Boot.php(325): CodeIgniter\CodeIgniter->run()
13 SYSTEMPATH\Boot.php(67): CodeIgniter\Boot::runCodeIgniter(Object(CodeIgniter\CodeIgniter))
14 FCPATH\index.php(63): CodeIgniter\Boot::bootWeb(Object(Config\Paths))
WARNING - 2025-06-07 14:32:45 --> [DEPRECATED] Passing lowercase HTTP method "post" is deprecated. Use uppercase HTTP method like "POST". in SYSTEMPATH\Router\RouteCollection.php on line 1027.
 1 SYSTEMPATH\Router\RouteCollection.php(1027): trigger_error('Passing lowercase HTTP method "post" is deprecated. Use uppercase HTTP method like "POST".', 16384)
 2 APPPATH\Config\Routes\AdminRoutes.php(215): CodeIgniter\Router\RouteCollection->match([...], 'send_mail/?(:num)?', 'TicketsController::send_mail/$1')
 3 SYSTEMPATH\Router\RouteCollection.php(800): App\Config\Routes\AdminRoutes::App\Config\Routes\{closure}(Object(CodeIgniter\Router\RouteCollection))
 4 APPPATH\Config\Routes\AdminRoutes.php(212): CodeIgniter\Router\RouteCollection->group('tickets', [...], Object(Closure))
 5 SYSTEMPATH\Router\RouteCollection.php(800): App\Config\Routes\AdminRoutes::App\Config\Routes\{closure}(Object(CodeIgniter\Router\RouteCollection))
 6 APPPATH\Config\Routes\AdminRoutes.php(28): CodeIgniter\Router\RouteCollection->group('admin', [...], Object(Closure))
 7 APPPATH\Config\Routes.php(20): App\Config\Routes\AdminRoutes::init(Object(CodeIgniter\Router\RouteCollection))
 8 SYSTEMPATH\Router\RouteCollection.php(340): require('C:\\xampp\\htdocs\\smartstore\\app\\Config\\Routes.php')
 9 SYSTEMPATH\CodeIgniter.php(823): CodeIgniter\Router\RouteCollection->loadRoutes()
10 SYSTEMPATH\CodeIgniter.php(457): CodeIgniter\CodeIgniter->tryToRouteIt(null)
11 SYSTEMPATH\CodeIgniter.php(355): CodeIgniter\CodeIgniter->handleRequest(null, Object(Config\Cache), false)
12 SYSTEMPATH\Boot.php(325): CodeIgniter\CodeIgniter->run()
13 SYSTEMPATH\Boot.php(67): CodeIgniter\Boot::runCodeIgniter(Object(CodeIgniter\CodeIgniter))
14 FCPATH\index.php(63): CodeIgniter\Boot::bootWeb(Object(Config\Paths))
WARNING - 2025-06-07 14:32:45 --> [DEPRECATED] Passing lowercase HTTP method "get" is deprecated. Use uppercase HTTP method like "GET". in SYSTEMPATH\Router\RouteCollection.php on line 1027.
 1 SYSTEMPATH\Router\RouteCollection.php(1027): trigger_error('Passing lowercase HTTP method "get" is deprecated. Use uppercase HTTP method like "GET".', 16384)
 2 APPPATH\Config\Routes\UserRoutes.php(49): CodeIgniter\Router\RouteCollection->match([...], 'submit_review', 'ClientController::submit_review', [...])
 3 APPPATH\Config\Routes\UserRoutes.php(23): App\Config\Routes\UserRoutes::defineRoutes(Object(CodeIgniter\Router\RouteCollection))
 4 APPPATH\Config\Routes.php(21): App\Config\Routes\UserRoutes::init(Object(CodeIgniter\Router\RouteCollection))
 5 SYSTEMPATH\Router\RouteCollection.php(340): require('C:\\xampp\\htdocs\\smartstore\\app\\Config\\Routes.php')
 6 SYSTEMPATH\CodeIgniter.php(823): CodeIgniter\Router\RouteCollection->loadRoutes()
 7 SYSTEMPATH\CodeIgniter.php(457): CodeIgniter\CodeIgniter->tryToRouteIt(null)
 8 SYSTEMPATH\CodeIgniter.php(355): CodeIgniter\CodeIgniter->handleRequest(null, Object(Config\Cache), false)
 9 SYSTEMPATH\Boot.php(325): CodeIgniter\CodeIgniter->run()
10 SYSTEMPATH\Boot.php(67): CodeIgniter\Boot::runCodeIgniter(Object(CodeIgniter\CodeIgniter))
11 FCPATH\index.php(63): CodeIgniter\Boot::bootWeb(Object(Config\Paths))
WARNING - 2025-06-07 14:32:45 --> [DEPRECATED] Passing lowercase HTTP method "post" is deprecated. Use uppercase HTTP method like "POST". in SYSTEMPATH\Router\RouteCollection.php on line 1027.
 1 SYSTEMPATH\Router\RouteCollection.php(1027): trigger_error('Passing lowercase HTTP method "post" is deprecated. Use uppercase HTTP method like "POST".', 16384)
 2 APPPATH\Config\Routes\UserRoutes.php(49): CodeIgniter\Router\RouteCollection->match([...], 'submit_review', 'ClientController::submit_review', [...])
 3 APPPATH\Config\Routes\UserRoutes.php(23): App\Config\Routes\UserRoutes::defineRoutes(Object(CodeIgniter\Router\RouteCollection))
 4 APPPATH\Config\Routes.php(21): App\Config\Routes\UserRoutes::init(Object(CodeIgniter\Router\RouteCollection))
 5 SYSTEMPATH\Router\RouteCollection.php(340): require('C:\\xampp\\htdocs\\smartstore\\app\\Config\\Routes.php')
 6 SYSTEMPATH\CodeIgniter.php(823): CodeIgniter\Router\RouteCollection->loadRoutes()
 7 SYSTEMPATH\CodeIgniter.php(457): CodeIgniter\CodeIgniter->tryToRouteIt(null)
 8 SYSTEMPATH\CodeIgniter.php(355): CodeIgniter\CodeIgniter->handleRequest(null, Object(Config\Cache), false)
 9 SYSTEMPATH\Boot.php(325): CodeIgniter\CodeIgniter->run()
10 SYSTEMPATH\Boot.php(67): CodeIgniter\Boot::runCodeIgniter(Object(CodeIgniter\CodeIgniter))
11 FCPATH\index.php(63): CodeIgniter\Boot::bootWeb(Object(Config\Paths))
WARNING - 2025-06-07 14:32:45 --> [DEPRECATED] Passing lowercase HTTP method "get" is deprecated. Use uppercase HTTP method like "GET". in SYSTEMPATH\Router\RouteCollection.php on line 1027.
 1 SYSTEMPATH\Router\RouteCollection.php(1027): trigger_error('Passing lowercase HTTP method "get" is deprecated. Use uppercase HTTP method like "GET".', 16384)
 2 APPPATH\Config\Routes\UserRoutes.php(63): CodeIgniter\Router\RouteCollection->match([...], 'track-order', 'OrderController::track_order', [...])
 3 APPPATH\Config\Routes\UserRoutes.php(23): App\Config\Routes\UserRoutes::defineRoutes(Object(CodeIgniter\Router\RouteCollection))
 4 APPPATH\Config\Routes.php(21): App\Config\Routes\UserRoutes::init(Object(CodeIgniter\Router\RouteCollection))
 5 SYSTEMPATH\Router\RouteCollection.php(340): require('C:\\xampp\\htdocs\\smartstore\\app\\Config\\Routes.php')
 6 SYSTEMPATH\CodeIgniter.php(823): CodeIgniter\Router\RouteCollection->loadRoutes()
 7 SYSTEMPATH\CodeIgniter.php(457): CodeIgniter\CodeIgniter->tryToRouteIt(null)
 8 SYSTEMPATH\CodeIgniter.php(355): CodeIgniter\CodeIgniter->handleRequest(null, Object(Config\Cache), false)
 9 SYSTEMPATH\Boot.php(325): CodeIgniter\CodeIgniter->run()
10 SYSTEMPATH\Boot.php(67): CodeIgniter\Boot::runCodeIgniter(Object(CodeIgniter\CodeIgniter))
11 FCPATH\index.php(63): CodeIgniter\Boot::bootWeb(Object(Config\Paths))
WARNING - 2025-06-07 14:32:45 --> [DEPRECATED] Passing lowercase HTTP method "post" is deprecated. Use uppercase HTTP method like "POST". in SYSTEMPATH\Router\RouteCollection.php on line 1027.
 1 SYSTEMPATH\Router\RouteCollection.php(1027): trigger_error('Passing lowercase HTTP method "post" is deprecated. Use uppercase HTTP method like "POST".', 16384)
 2 APPPATH\Config\Routes\UserRoutes.php(63): CodeIgniter\Router\RouteCollection->match([...], 'track-order', 'OrderController::track_order', [...])
 3 APPPATH\Config\Routes\UserRoutes.php(23): App\Config\Routes\UserRoutes::defineRoutes(Object(CodeIgniter\Router\RouteCollection))
 4 APPPATH\Config\Routes.php(21): App\Config\Routes\UserRoutes::init(Object(CodeIgniter\Router\RouteCollection))
 5 SYSTEMPATH\Router\RouteCollection.php(340): require('C:\\xampp\\htdocs\\smartstore\\app\\Config\\Routes.php')
 6 SYSTEMPATH\CodeIgniter.php(823): CodeIgniter\Router\RouteCollection->loadRoutes()
 7 SYSTEMPATH\CodeIgniter.php(457): CodeIgniter\CodeIgniter->tryToRouteIt(null)
 8 SYSTEMPATH\CodeIgniter.php(355): CodeIgniter\CodeIgniter->handleRequest(null, Object(Config\Cache), false)
 9 SYSTEMPATH\Boot.php(325): CodeIgniter\CodeIgniter->run()
10 SYSTEMPATH\Boot.php(67): CodeIgniter\Boot::runCodeIgniter(Object(CodeIgniter\CodeIgniter))
11 FCPATH\index.php(63): CodeIgniter\Boot::bootWeb(Object(Config\Paths))
WARNING - 2025-06-07 14:32:45 --> [DEPRECATED] Passing lowercase HTTP method "get" is deprecated. Use uppercase HTTP method like "GET". in SYSTEMPATH\Router\RouteCollection.php on line 1027.
 1 SYSTEMPATH\Router\RouteCollection.php(1027): trigger_error('Passing lowercase HTTP method "get" is deprecated. Use uppercase HTTP method like "GET".', 16384)
 2 APPPATH\Config\Routes\UserRoutes.php(49): CodeIgniter\Router\RouteCollection->match([...], 'submit_review', 'ClientController::submit_review', [...])
 3 APPPATH\Config\Routes\UserRoutes.php(26): App\Config\Routes\UserRoutes::defineRoutes(Object(CodeIgniter\Router\RouteCollection))
 4 SYSTEMPATH\Router\RouteCollection.php(800): App\Config\Routes\UserRoutes::App\Config\Routes\{closure}(Object(CodeIgniter\Router\RouteCollection))
 5 APPPATH\Config\Routes\UserRoutes.php(25): CodeIgniter\Router\RouteCollection->group('{locale}', Object(Closure))
 6 APPPATH\Config\Routes.php(21): App\Config\Routes\UserRoutes::init(Object(CodeIgniter\Router\RouteCollection))
 7 SYSTEMPATH\Router\RouteCollection.php(340): require('C:\\xampp\\htdocs\\smartstore\\app\\Config\\Routes.php')
 8 SYSTEMPATH\CodeIgniter.php(823): CodeIgniter\Router\RouteCollection->loadRoutes()
 9 SYSTEMPATH\CodeIgniter.php(457): CodeIgniter\CodeIgniter->tryToRouteIt(null)
10 SYSTEMPATH\CodeIgniter.php(355): CodeIgniter\CodeIgniter->handleRequest(null, Object(Config\Cache), false)
11 SYSTEMPATH\Boot.php(325): CodeIgniter\CodeIgniter->run()
12 SYSTEMPATH\Boot.php(67): CodeIgniter\Boot::runCodeIgniter(Object(CodeIgniter\CodeIgniter))
13 FCPATH\index.php(63): CodeIgniter\Boot::bootWeb(Object(Config\Paths))
WARNING - 2025-06-07 14:32:45 --> [DEPRECATED] Passing lowercase HTTP method "post" is deprecated. Use uppercase HTTP method like "POST". in SYSTEMPATH\Router\RouteCollection.php on line 1027.
 1 SYSTEMPATH\Router\RouteCollection.php(1027): trigger_error('Passing lowercase HTTP method "post" is deprecated. Use uppercase HTTP method like "POST".', 16384)
 2 APPPATH\Config\Routes\UserRoutes.php(49): CodeIgniter\Router\RouteCollection->match([...], 'submit_review', 'ClientController::submit_review', [...])
 3 APPPATH\Config\Routes\UserRoutes.php(26): App\Config\Routes\UserRoutes::defineRoutes(Object(CodeIgniter\Router\RouteCollection))
 4 SYSTEMPATH\Router\RouteCollection.php(800): App\Config\Routes\UserRoutes::App\Config\Routes\{closure}(Object(CodeIgniter\Router\RouteCollection))
 5 APPPATH\Config\Routes\UserRoutes.php(25): CodeIgniter\Router\RouteCollection->group('{locale}', Object(Closure))
 6 APPPATH\Config\Routes.php(21): App\Config\Routes\UserRoutes::init(Object(CodeIgniter\Router\RouteCollection))
 7 SYSTEMPATH\Router\RouteCollection.php(340): require('C:\\xampp\\htdocs\\smartstore\\app\\Config\\Routes.php')
 8 SYSTEMPATH\CodeIgniter.php(823): CodeIgniter\Router\RouteCollection->loadRoutes()
 9 SYSTEMPATH\CodeIgniter.php(457): CodeIgniter\CodeIgniter->tryToRouteIt(null)
10 SYSTEMPATH\CodeIgniter.php(355): CodeIgniter\CodeIgniter->handleRequest(null, Object(Config\Cache), false)
11 SYSTEMPATH\Boot.php(325): CodeIgniter\CodeIgniter->run()
12 SYSTEMPATH\Boot.php(67): CodeIgniter\Boot::runCodeIgniter(Object(CodeIgniter\CodeIgniter))
13 FCPATH\index.php(63): CodeIgniter\Boot::bootWeb(Object(Config\Paths))
WARNING - 2025-06-07 14:32:45 --> [DEPRECATED] Passing lowercase HTTP method "get" is deprecated. Use uppercase HTTP method like "GET". in SYSTEMPATH\Router\RouteCollection.php on line 1027.
 1 SYSTEMPATH\Router\RouteCollection.php(1027): trigger_error('Passing lowercase HTTP method "get" is deprecated. Use uppercase HTTP method like "GET".', 16384)
 2 APPPATH\Config\Routes\UserRoutes.php(63): CodeIgniter\Router\RouteCollection->match([...], 'track-order', 'OrderController::track_order', [...])
 3 APPPATH\Config\Routes\UserRoutes.php(26): App\Config\Routes\UserRoutes::defineRoutes(Object(CodeIgniter\Router\RouteCollection))
 4 SYSTEMPATH\Router\RouteCollection.php(800): App\Config\Routes\UserRoutes::App\Config\Routes\{closure}(Object(CodeIgniter\Router\RouteCollection))
 5 APPPATH\Config\Routes\UserRoutes.php(25): CodeIgniter\Router\RouteCollection->group('{locale}', Object(Closure))
 6 APPPATH\Config\Routes.php(21): App\Config\Routes\UserRoutes::init(Object(CodeIgniter\Router\RouteCollection))
 7 SYSTEMPATH\Router\RouteCollection.php(340): require('C:\\xampp\\htdocs\\smartstore\\app\\Config\\Routes.php')
 8 SYSTEMPATH\CodeIgniter.php(823): CodeIgniter\Router\RouteCollection->loadRoutes()
 9 SYSTEMPATH\CodeIgniter.php(457): CodeIgniter\CodeIgniter->tryToRouteIt(null)
10 SYSTEMPATH\CodeIgniter.php(355): CodeIgniter\CodeIgniter->handleRequest(null, Object(Config\Cache), false)
11 SYSTEMPATH\Boot.php(325): CodeIgniter\CodeIgniter->run()
12 SYSTEMPATH\Boot.php(67): CodeIgniter\Boot::runCodeIgniter(Object(CodeIgniter\CodeIgniter))
13 FCPATH\index.php(63): CodeIgniter\Boot::bootWeb(Object(Config\Paths))
WARNING - 2025-06-07 14:32:45 --> [DEPRECATED] Passing lowercase HTTP method "post" is deprecated. Use uppercase HTTP method like "POST". in SYSTEMPATH\Router\RouteCollection.php on line 1027.
 1 SYSTEMPATH\Router\RouteCollection.php(1027): trigger_error('Passing lowercase HTTP method "post" is deprecated. Use uppercase HTTP method like "POST".', 16384)
 2 APPPATH\Config\Routes\UserRoutes.php(63): CodeIgniter\Router\RouteCollection->match([...], 'track-order', 'OrderController::track_order', [...])
 3 APPPATH\Config\Routes\UserRoutes.php(26): App\Config\Routes\UserRoutes::defineRoutes(Object(CodeIgniter\Router\RouteCollection))
 4 SYSTEMPATH\Router\RouteCollection.php(800): App\Config\Routes\UserRoutes::App\Config\Routes\{closure}(Object(CodeIgniter\Router\RouteCollection))
 5 APPPATH\Config\Routes\UserRoutes.php(25): CodeIgniter\Router\RouteCollection->group('{locale}', Object(Closure))
 6 APPPATH\Config\Routes.php(21): App\Config\Routes\UserRoutes::init(Object(CodeIgniter\Router\RouteCollection))
 7 SYSTEMPATH\Router\RouteCollection.php(340): require('C:\\xampp\\htdocs\\smartstore\\app\\Config\\Routes.php')
 8 SYSTEMPATH\CodeIgniter.php(823): CodeIgniter\Router\RouteCollection->loadRoutes()
 9 SYSTEMPATH\CodeIgniter.php(457): CodeIgniter\CodeIgniter->tryToRouteIt(null)
10 SYSTEMPATH\CodeIgniter.php(355): CodeIgniter\CodeIgniter->handleRequest(null, Object(Config\Cache), false)
11 SYSTEMPATH\Boot.php(325): CodeIgniter\CodeIgniter->run()
12 SYSTEMPATH\Boot.php(67): CodeIgniter\Boot::runCodeIgniter(Object(CodeIgniter\CodeIgniter))
13 FCPATH\index.php(63): CodeIgniter\Boot::bootWeb(Object(Config\Paths))
INFO - 2025-06-07 14:32:45 --> Session: Class initialized using 'CodeIgniter\Session\Handlers\FileHandler' driver.
WARNING - 2025-06-07 14:32:45 --> [DEPRECATED] Creation of dynamic property App\Controllers\Public\PageController::$load_files is deprecated in APPPATH\Controllers\Public\PageController.php on line 21.
 1 SYSTEMPATH\CodeIgniter.php(903): App\Controllers\Public\PageController->__construct()
 2 SYSTEMPATH\CodeIgniter.php(500): CodeIgniter\CodeIgniter->createController()
 3 SYSTEMPATH\CodeIgniter.php(355): CodeIgniter\CodeIgniter->handleRequest(null, Object(Config\Cache), false)
 4 SYSTEMPATH\Boot.php(325): CodeIgniter\CodeIgniter->run()
 5 SYSTEMPATH\Boot.php(67): CodeIgniter\Boot::runCodeIgniter(Object(CodeIgniter\CodeIgniter))
 6 FCPATH\index.php(63): CodeIgniter\Boot::bootWeb(Object(Config\Paths))
WARNING - 2025-06-07 14:32:45 --> [DEPRECATED] Creation of dynamic property App\Controllers\Public\PageController::$page_title is deprecated in APPPATH\Controllers\Public\PageController.php on line 22.
 1 SYSTEMPATH\CodeIgniter.php(903): App\Controllers\Public\PageController->__construct()
 2 SYSTEMPATH\CodeIgniter.php(500): CodeIgniter\CodeIgniter->createController()
 3 SYSTEMPATH\CodeIgniter.php(355): CodeIgniter\CodeIgniter->handleRequest(null, Object(Config\Cache), false)
 4 SYSTEMPATH\Boot.php(325): CodeIgniter\CodeIgniter->run()
 5 SYSTEMPATH\Boot.php(67): CodeIgniter\Boot::runCodeIgniter(Object(CodeIgniter\CodeIgniter))
 6 FCPATH\index.php(63): CodeIgniter\Boot::bootWeb(Object(Config\Paths))
WARNING - 2025-06-07 14:33:27 --> [DEPRECATED] Passing lowercase HTTP method "get" is deprecated. Use uppercase HTTP method like "GET". in SYSTEMPATH\Router\RouteCollection.php on line 1027.
 1 SYSTEMPATH\Router\RouteCollection.php(1027): trigger_error('Passing lowercase HTTP method "get" is deprecated. Use uppercase HTTP method like "GET".', 16384)
 2 APPPATH\Config\Routes\AdminRoutes.php(65): CodeIgniter\Router\RouteCollection->match([...], 'send_test_mail', 'SettingsController::send_test_mail')
 3 SYSTEMPATH\Router\RouteCollection.php(800): App\Config\Routes\AdminRoutes::App\Config\Routes\{closure}(Object(CodeIgniter\Router\RouteCollection))
 4 APPPATH\Config\Routes\AdminRoutes.php(63): CodeIgniter\Router\RouteCollection->group('settings', [...], Object(Closure))
 5 SYSTEMPATH\Router\RouteCollection.php(800): App\Config\Routes\AdminRoutes::App\Config\Routes\{closure}(Object(CodeIgniter\Router\RouteCollection))
 6 APPPATH\Config\Routes\AdminRoutes.php(28): CodeIgniter\Router\RouteCollection->group('admin', [...], Object(Closure))
 7 APPPATH\Config\Routes.php(20): App\Config\Routes\AdminRoutes::init(Object(CodeIgniter\Router\RouteCollection))
 8 SYSTEMPATH\Router\RouteCollection.php(340): require('C:\\xampp\\htdocs\\smartstore\\app\\Config\\Routes.php')
 9 SYSTEMPATH\CodeIgniter.php(823): CodeIgniter\Router\RouteCollection->loadRoutes()
10 SYSTEMPATH\CodeIgniter.php(457): CodeIgniter\CodeIgniter->tryToRouteIt(null)
11 SYSTEMPATH\CodeIgniter.php(355): CodeIgniter\CodeIgniter->handleRequest(null, Object(Config\Cache), false)
12 SYSTEMPATH\Boot.php(325): CodeIgniter\CodeIgniter->run()
13 SYSTEMPATH\Boot.php(67): CodeIgniter\Boot::runCodeIgniter(Object(CodeIgniter\CodeIgniter))
14 FCPATH\index.php(63): CodeIgniter\Boot::bootWeb(Object(Config\Paths))
WARNING - 2025-06-07 14:33:27 --> [DEPRECATED] Passing lowercase HTTP method "post" is deprecated. Use uppercase HTTP method like "POST". in SYSTEMPATH\Router\RouteCollection.php on line 1027.
 1 SYSTEMPATH\Router\RouteCollection.php(1027): trigger_error('Passing lowercase HTTP method "post" is deprecated. Use uppercase HTTP method like "POST".', 16384)
 2 APPPATH\Config\Routes\AdminRoutes.php(65): CodeIgniter\Router\RouteCollection->match([...], 'send_test_mail', 'SettingsController::send_test_mail')
 3 SYSTEMPATH\Router\RouteCollection.php(800): App\Config\Routes\AdminRoutes::App\Config\Routes\{closure}(Object(CodeIgniter\Router\RouteCollection))
 4 APPPATH\Config\Routes\AdminRoutes.php(63): CodeIgniter\Router\RouteCollection->group('settings', [...], Object(Closure))
 5 SYSTEMPATH\Router\RouteCollection.php(800): App\Config\Routes\AdminRoutes::App\Config\Routes\{closure}(Object(CodeIgniter\Router\RouteCollection))
 6 APPPATH\Config\Routes\AdminRoutes.php(28): CodeIgniter\Router\RouteCollection->group('admin', [...], Object(Closure))
 7 APPPATH\Config\Routes.php(20): App\Config\Routes\AdminRoutes::init(Object(CodeIgniter\Router\RouteCollection))
 8 SYSTEMPATH\Router\RouteCollection.php(340): require('C:\\xampp\\htdocs\\smartstore\\app\\Config\\Routes.php')
 9 SYSTEMPATH\CodeIgniter.php(823): CodeIgniter\Router\RouteCollection->loadRoutes()
10 SYSTEMPATH\CodeIgniter.php(457): CodeIgniter\CodeIgniter->tryToRouteIt(null)
11 SYSTEMPATH\CodeIgniter.php(355): CodeIgniter\CodeIgniter->handleRequest(null, Object(Config\Cache), false)
12 SYSTEMPATH\Boot.php(325): CodeIgniter\CodeIgniter->run()
13 SYSTEMPATH\Boot.php(67): CodeIgniter\Boot::runCodeIgniter(Object(CodeIgniter\CodeIgniter))
14 FCPATH\index.php(63): CodeIgniter\Boot::bootWeb(Object(Config\Paths))
WARNING - 2025-06-07 14:33:27 --> [DEPRECATED] Passing lowercase HTTP method "get" is deprecated. Use uppercase HTTP method like "GET". in SYSTEMPATH\Router\RouteCollection.php on line 1027.
 1 SYSTEMPATH\Router\RouteCollection.php(1027): trigger_error('Passing lowercase HTTP method "get" is deprecated. Use uppercase HTTP method like "GET".', 16384)
 2 APPPATH\Config\Routes\AdminRoutes.php(76): CodeIgniter\Router\RouteCollection->match([...], 'elfinder_connector', 'FilemanagerController::elfinder_connector')
 3 SYSTEMPATH\Router\RouteCollection.php(800): App\Config\Routes\AdminRoutes::App\Config\Routes\{closure}(Object(CodeIgniter\Router\RouteCollection))
 4 APPPATH\Config\Routes\AdminRoutes.php(73): CodeIgniter\Router\RouteCollection->group('filemanager', [...], Object(Closure))
 5 SYSTEMPATH\Router\RouteCollection.php(800): App\Config\Routes\AdminRoutes::App\Config\Routes\{closure}(Object(CodeIgniter\Router\RouteCollection))
 6 APPPATH\Config\Routes\AdminRoutes.php(28): CodeIgniter\Router\RouteCollection->group('admin', [...], Object(Closure))
 7 APPPATH\Config\Routes.php(20): App\Config\Routes\AdminRoutes::init(Object(CodeIgniter\Router\RouteCollection))
 8 SYSTEMPATH\Router\RouteCollection.php(340): require('C:\\xampp\\htdocs\\smartstore\\app\\Config\\Routes.php')
 9 SYSTEMPATH\CodeIgniter.php(823): CodeIgniter\Router\RouteCollection->loadRoutes()
10 SYSTEMPATH\CodeIgniter.php(457): CodeIgniter\CodeIgniter->tryToRouteIt(null)
11 SYSTEMPATH\CodeIgniter.php(355): CodeIgniter\CodeIgniter->handleRequest(null, Object(Config\Cache), false)
12 SYSTEMPATH\Boot.php(325): CodeIgniter\CodeIgniter->run()
13 SYSTEMPATH\Boot.php(67): CodeIgniter\Boot::runCodeIgniter(Object(CodeIgniter\CodeIgniter))
14 FCPATH\index.php(63): CodeIgniter\Boot::bootWeb(Object(Config\Paths))
WARNING - 2025-06-07 14:33:27 --> [DEPRECATED] Passing lowercase HTTP method "post" is deprecated. Use uppercase HTTP method like "POST". in SYSTEMPATH\Router\RouteCollection.php on line 1027.
 1 SYSTEMPATH\Router\RouteCollection.php(1027): trigger_error('Passing lowercase HTTP method "post" is deprecated. Use uppercase HTTP method like "POST".', 16384)
 2 APPPATH\Config\Routes\AdminRoutes.php(76): CodeIgniter\Router\RouteCollection->match([...], 'elfinder_connector', 'FilemanagerController::elfinder_connector')
 3 SYSTEMPATH\Router\RouteCollection.php(800): App\Config\Routes\AdminRoutes::App\Config\Routes\{closure}(Object(CodeIgniter\Router\RouteCollection))
 4 APPPATH\Config\Routes\AdminRoutes.php(73): CodeIgniter\Router\RouteCollection->group('filemanager', [...], Object(Closure))
 5 SYSTEMPATH\Router\RouteCollection.php(800): App\Config\Routes\AdminRoutes::App\Config\Routes\{closure}(Object(CodeIgniter\Router\RouteCollection))
 6 APPPATH\Config\Routes\AdminRoutes.php(28): CodeIgniter\Router\RouteCollection->group('admin', [...], Object(Closure))
 7 APPPATH\Config\Routes.php(20): App\Config\Routes\AdminRoutes::init(Object(CodeIgniter\Router\RouteCollection))
 8 SYSTEMPATH\Router\RouteCollection.php(340): require('C:\\xampp\\htdocs\\smartstore\\app\\Config\\Routes.php')
 9 SYSTEMPATH\CodeIgniter.php(823): CodeIgniter\Router\RouteCollection->loadRoutes()
10 SYSTEMPATH\CodeIgniter.php(457): CodeIgniter\CodeIgniter->tryToRouteIt(null)
11 SYSTEMPATH\CodeIgniter.php(355): CodeIgniter\CodeIgniter->handleRequest(null, Object(Config\Cache), false)
12 SYSTEMPATH\Boot.php(325): CodeIgniter\CodeIgniter->run()
13 SYSTEMPATH\Boot.php(67): CodeIgniter\Boot::runCodeIgniter(Object(CodeIgniter\CodeIgniter))
14 FCPATH\index.php(63): CodeIgniter\Boot::bootWeb(Object(Config\Paths))
WARNING - 2025-06-07 14:33:27 --> [DEPRECATED] Passing lowercase HTTP method "get" is deprecated. Use uppercase HTTP method like "GET". in SYSTEMPATH\Router\RouteCollection.php on line 1027.
 1 SYSTEMPATH\Router\RouteCollection.php(1027): trigger_error('Passing lowercase HTTP method "get" is deprecated. Use uppercase HTTP method like "GET".', 16384)
 2 APPPATH\Config\Routes\AdminRoutes.php(172): CodeIgniter\Router\RouteCollection->match([...], 'sync_services/?(:num)?', 'ProvidersController::sync_services/$1')
 3 SYSTEMPATH\Router\RouteCollection.php(800): App\Config\Routes\AdminRoutes::App\Config\Routes\{closure}(Object(CodeIgniter\Router\RouteCollection))
 4 APPPATH\Config\Routes\AdminRoutes.php(167): CodeIgniter\Router\RouteCollection->group('providers', [...], Object(Closure))
 5 SYSTEMPATH\Router\RouteCollection.php(800): App\Config\Routes\AdminRoutes::App\Config\Routes\{closure}(Object(CodeIgniter\Router\RouteCollection))
 6 APPPATH\Config\Routes\AdminRoutes.php(28): CodeIgniter\Router\RouteCollection->group('admin', [...], Object(Closure))
 7 APPPATH\Config\Routes.php(20): App\Config\Routes\AdminRoutes::init(Object(CodeIgniter\Router\RouteCollection))
 8 SYSTEMPATH\Router\RouteCollection.php(340): require('C:\\xampp\\htdocs\\smartstore\\app\\Config\\Routes.php')
 9 SYSTEMPATH\CodeIgniter.php(823): CodeIgniter\Router\RouteCollection->loadRoutes()
10 SYSTEMPATH\CodeIgniter.php(457): CodeIgniter\CodeIgniter->tryToRouteIt(null)
11 SYSTEMPATH\CodeIgniter.php(355): CodeIgniter\CodeIgniter->handleRequest(null, Object(Config\Cache), false)
12 SYSTEMPATH\Boot.php(325): CodeIgniter\CodeIgniter->run()
13 SYSTEMPATH\Boot.php(67): CodeIgniter\Boot::runCodeIgniter(Object(CodeIgniter\CodeIgniter))
14 FCPATH\index.php(63): CodeIgniter\Boot::bootWeb(Object(Config\Paths))
WARNING - 2025-06-07 14:33:27 --> [DEPRECATED] Passing lowercase HTTP method "post" is deprecated. Use uppercase HTTP method like "POST". in SYSTEMPATH\Router\RouteCollection.php on line 1027.
 1 SYSTEMPATH\Router\RouteCollection.php(1027): trigger_error('Passing lowercase HTTP method "post" is deprecated. Use uppercase HTTP method like "POST".', 16384)
 2 APPPATH\Config\Routes\AdminRoutes.php(172): CodeIgniter\Router\RouteCollection->match([...], 'sync_services/?(:num)?', 'ProvidersController::sync_services/$1')
 3 SYSTEMPATH\Router\RouteCollection.php(800): App\Config\Routes\AdminRoutes::App\Config\Routes\{closure}(Object(CodeIgniter\Router\RouteCollection))
 4 APPPATH\Config\Routes\AdminRoutes.php(167): CodeIgniter\Router\RouteCollection->group('providers', [...], Object(Closure))
 5 SYSTEMPATH\Router\RouteCollection.php(800): App\Config\Routes\AdminRoutes::App\Config\Routes\{closure}(Object(CodeIgniter\Router\RouteCollection))
 6 APPPATH\Config\Routes\AdminRoutes.php(28): CodeIgniter\Router\RouteCollection->group('admin', [...], Object(Closure))
 7 APPPATH\Config\Routes.php(20): App\Config\Routes\AdminRoutes::init(Object(CodeIgniter\Router\RouteCollection))
 8 SYSTEMPATH\Router\RouteCollection.php(340): require('C:\\xampp\\htdocs\\smartstore\\app\\Config\\Routes.php')
 9 SYSTEMPATH\CodeIgniter.php(823): CodeIgniter\Router\RouteCollection->loadRoutes()
10 SYSTEMPATH\CodeIgniter.php(457): CodeIgniter\CodeIgniter->tryToRouteIt(null)
11 SYSTEMPATH\CodeIgniter.php(355): CodeIgniter\CodeIgniter->handleRequest(null, Object(Config\Cache), false)
12 SYSTEMPATH\Boot.php(325): CodeIgniter\CodeIgniter->run()
13 SYSTEMPATH\Boot.php(67): CodeIgniter\Boot::runCodeIgniter(Object(CodeIgniter\CodeIgniter))
14 FCPATH\index.php(63): CodeIgniter\Boot::bootWeb(Object(Config\Paths))
WARNING - 2025-06-07 14:33:27 --> [DEPRECATED] Passing lowercase HTTP method "get" is deprecated. Use uppercase HTTP method like "GET". in SYSTEMPATH\Router\RouteCollection.php on line 1027.
 1 SYSTEMPATH\Router\RouteCollection.php(1027): trigger_error('Passing lowercase HTTP method "get" is deprecated. Use uppercase HTTP method like "GET".', 16384)
 2 APPPATH\Config\Routes\AdminRoutes.php(185): CodeIgniter\Router\RouteCollection->match([...], 'add_note/?(:num)?', 'UsersController::add_note/$1')
 3 SYSTEMPATH\Router\RouteCollection.php(800): App\Config\Routes\AdminRoutes::App\Config\Routes\{closure}(Object(CodeIgniter\Router\RouteCollection))
 4 APPPATH\Config\Routes\AdminRoutes.php(182): CodeIgniter\Router\RouteCollection->group('users', [...], Object(Closure))
 5 SYSTEMPATH\Router\RouteCollection.php(800): App\Config\Routes\AdminRoutes::App\Config\Routes\{closure}(Object(CodeIgniter\Router\RouteCollection))
 6 APPPATH\Config\Routes\AdminRoutes.php(28): CodeIgniter\Router\RouteCollection->group('admin', [...], Object(Closure))
 7 APPPATH\Config\Routes.php(20): App\Config\Routes\AdminRoutes::init(Object(CodeIgniter\Router\RouteCollection))
 8 SYSTEMPATH\Router\RouteCollection.php(340): require('C:\\xampp\\htdocs\\smartstore\\app\\Config\\Routes.php')
 9 SYSTEMPATH\CodeIgniter.php(823): CodeIgniter\Router\RouteCollection->loadRoutes()
10 SYSTEMPATH\CodeIgniter.php(457): CodeIgniter\CodeIgniter->tryToRouteIt(null)
11 SYSTEMPATH\CodeIgniter.php(355): CodeIgniter\CodeIgniter->handleRequest(null, Object(Config\Cache), false)
12 SYSTEMPATH\Boot.php(325): CodeIgniter\CodeIgniter->run()
13 SYSTEMPATH\Boot.php(67): CodeIgniter\Boot::runCodeIgniter(Object(CodeIgniter\CodeIgniter))
14 FCPATH\index.php(63): CodeIgniter\Boot::bootWeb(Object(Config\Paths))
WARNING - 2025-06-07 14:33:27 --> [DEPRECATED] Passing lowercase HTTP method "post" is deprecated. Use uppercase HTTP method like "POST". in SYSTEMPATH\Router\RouteCollection.php on line 1027.
 1 SYSTEMPATH\Router\RouteCollection.php(1027): trigger_error('Passing lowercase HTTP method "post" is deprecated. Use uppercase HTTP method like "POST".', 16384)
 2 APPPATH\Config\Routes\AdminRoutes.php(185): CodeIgniter\Router\RouteCollection->match([...], 'add_note/?(:num)?', 'UsersController::add_note/$1')
 3 SYSTEMPATH\Router\RouteCollection.php(800): App\Config\Routes\AdminRoutes::App\Config\Routes\{closure}(Object(CodeIgniter\Router\RouteCollection))
 4 APPPATH\Config\Routes\AdminRoutes.php(182): CodeIgniter\Router\RouteCollection->group('users', [...], Object(Closure))
 5 SYSTEMPATH\Router\RouteCollection.php(800): App\Config\Routes\AdminRoutes::App\Config\Routes\{closure}(Object(CodeIgniter\Router\RouteCollection))
 6 APPPATH\Config\Routes\AdminRoutes.php(28): CodeIgniter\Router\RouteCollection->group('admin', [...], Object(Closure))
 7 APPPATH\Config\Routes.php(20): App\Config\Routes\AdminRoutes::init(Object(CodeIgniter\Router\RouteCollection))
 8 SYSTEMPATH\Router\RouteCollection.php(340): require('C:\\xampp\\htdocs\\smartstore\\app\\Config\\Routes.php')
 9 SYSTEMPATH\CodeIgniter.php(823): CodeIgniter\Router\RouteCollection->loadRoutes()
10 SYSTEMPATH\CodeIgniter.php(457): CodeIgniter\CodeIgniter->tryToRouteIt(null)
11 SYSTEMPATH\CodeIgniter.php(355): CodeIgniter\CodeIgniter->handleRequest(null, Object(Config\Cache), false)
12 SYSTEMPATH\Boot.php(325): CodeIgniter\CodeIgniter->run()
13 SYSTEMPATH\Boot.php(67): CodeIgniter\Boot::runCodeIgniter(Object(CodeIgniter\CodeIgniter))
14 FCPATH\index.php(63): CodeIgniter\Boot::bootWeb(Object(Config\Paths))
WARNING - 2025-06-07 14:33:27 --> [DEPRECATED] Passing lowercase HTTP method "get" is deprecated. Use uppercase HTTP method like "GET". in SYSTEMPATH\Router\RouteCollection.php on line 1027.
 1 SYSTEMPATH\Router\RouteCollection.php(1027): trigger_error('Passing lowercase HTTP method "get" is deprecated. Use uppercase HTTP method like "GET".', 16384)
 2 APPPATH\Config\Routes\AdminRoutes.php(186): CodeIgniter\Router\RouteCollection->match([...], 'send_mail/?(:num)?', 'UsersController::send_mail/$1')
 3 SYSTEMPATH\Router\RouteCollection.php(800): App\Config\Routes\AdminRoutes::App\Config\Routes\{closure}(Object(CodeIgniter\Router\RouteCollection))
 4 APPPATH\Config\Routes\AdminRoutes.php(182): CodeIgniter\Router\RouteCollection->group('users', [...], Object(Closure))
 5 SYSTEMPATH\Router\RouteCollection.php(800): App\Config\Routes\AdminRoutes::App\Config\Routes\{closure}(Object(CodeIgniter\Router\RouteCollection))
 6 APPPATH\Config\Routes\AdminRoutes.php(28): CodeIgniter\Router\RouteCollection->group('admin', [...], Object(Closure))
 7 APPPATH\Config\Routes.php(20): App\Config\Routes\AdminRoutes::init(Object(CodeIgniter\Router\RouteCollection))
 8 SYSTEMPATH\Router\RouteCollection.php(340): require('C:\\xampp\\htdocs\\smartstore\\app\\Config\\Routes.php')
 9 SYSTEMPATH\CodeIgniter.php(823): CodeIgniter\Router\RouteCollection->loadRoutes()
10 SYSTEMPATH\CodeIgniter.php(457): CodeIgniter\CodeIgniter->tryToRouteIt(null)
11 SYSTEMPATH\CodeIgniter.php(355): CodeIgniter\CodeIgniter->handleRequest(null, Object(Config\Cache), false)
12 SYSTEMPATH\Boot.php(325): CodeIgniter\CodeIgniter->run()
13 SYSTEMPATH\Boot.php(67): CodeIgniter\Boot::runCodeIgniter(Object(CodeIgniter\CodeIgniter))
14 FCPATH\index.php(63): CodeIgniter\Boot::bootWeb(Object(Config\Paths))
WARNING - 2025-06-07 14:33:27 --> [DEPRECATED] Passing lowercase HTTP method "post" is deprecated. Use uppercase HTTP method like "POST". in SYSTEMPATH\Router\RouteCollection.php on line 1027.
 1 SYSTEMPATH\Router\RouteCollection.php(1027): trigger_error('Passing lowercase HTTP method "post" is deprecated. Use uppercase HTTP method like "POST".', 16384)
 2 APPPATH\Config\Routes\AdminRoutes.php(186): CodeIgniter\Router\RouteCollection->match([...], 'send_mail/?(:num)?', 'UsersController::send_mail/$1')
 3 SYSTEMPATH\Router\RouteCollection.php(800): App\Config\Routes\AdminRoutes::App\Config\Routes\{closure}(Object(CodeIgniter\Router\RouteCollection))
 4 APPPATH\Config\Routes\AdminRoutes.php(182): CodeIgniter\Router\RouteCollection->group('users', [...], Object(Closure))
 5 SYSTEMPATH\Router\RouteCollection.php(800): App\Config\Routes\AdminRoutes::App\Config\Routes\{closure}(Object(CodeIgniter\Router\RouteCollection))
 6 APPPATH\Config\Routes\AdminRoutes.php(28): CodeIgniter\Router\RouteCollection->group('admin', [...], Object(Closure))
 7 APPPATH\Config\Routes.php(20): App\Config\Routes\AdminRoutes::init(Object(CodeIgniter\Router\RouteCollection))
 8 SYSTEMPATH\Router\RouteCollection.php(340): require('C:\\xampp\\htdocs\\smartstore\\app\\Config\\Routes.php')
 9 SYSTEMPATH\CodeIgniter.php(823): CodeIgniter\Router\RouteCollection->loadRoutes()
10 SYSTEMPATH\CodeIgniter.php(457): CodeIgniter\CodeIgniter->tryToRouteIt(null)
11 SYSTEMPATH\CodeIgniter.php(355): CodeIgniter\CodeIgniter->handleRequest(null, Object(Config\Cache), false)
12 SYSTEMPATH\Boot.php(325): CodeIgniter\CodeIgniter->run()
13 SYSTEMPATH\Boot.php(67): CodeIgniter\Boot::runCodeIgniter(Object(CodeIgniter\CodeIgniter))
14 FCPATH\index.php(63): CodeIgniter\Boot::bootWeb(Object(Config\Paths))
WARNING - 2025-06-07 14:33:27 --> [DEPRECATED] Passing lowercase HTTP method "get" is deprecated. Use uppercase HTTP method like "GET". in SYSTEMPATH\Router\RouteCollection.php on line 1027.
 1 SYSTEMPATH\Router\RouteCollection.php(1027): trigger_error('Passing lowercase HTTP method "get" is deprecated. Use uppercase HTTP method like "GET".', 16384)
 2 APPPATH\Config\Routes\AdminRoutes.php(215): CodeIgniter\Router\RouteCollection->match([...], 'send_mail/?(:num)?', 'TicketsController::send_mail/$1')
 3 SYSTEMPATH\Router\RouteCollection.php(800): App\Config\Routes\AdminRoutes::App\Config\Routes\{closure}(Object(CodeIgniter\Router\RouteCollection))
 4 APPPATH\Config\Routes\AdminRoutes.php(212): CodeIgniter\Router\RouteCollection->group('tickets', [...], Object(Closure))
 5 SYSTEMPATH\Router\RouteCollection.php(800): App\Config\Routes\AdminRoutes::App\Config\Routes\{closure}(Object(CodeIgniter\Router\RouteCollection))
 6 APPPATH\Config\Routes\AdminRoutes.php(28): CodeIgniter\Router\RouteCollection->group('admin', [...], Object(Closure))
 7 APPPATH\Config\Routes.php(20): App\Config\Routes\AdminRoutes::init(Object(CodeIgniter\Router\RouteCollection))
 8 SYSTEMPATH\Router\RouteCollection.php(340): require('C:\\xampp\\htdocs\\smartstore\\app\\Config\\Routes.php')
 9 SYSTEMPATH\CodeIgniter.php(823): CodeIgniter\Router\RouteCollection->loadRoutes()
10 SYSTEMPATH\CodeIgniter.php(457): CodeIgniter\CodeIgniter->tryToRouteIt(null)
11 SYSTEMPATH\CodeIgniter.php(355): CodeIgniter\CodeIgniter->handleRequest(null, Object(Config\Cache), false)
12 SYSTEMPATH\Boot.php(325): CodeIgniter\CodeIgniter->run()
13 SYSTEMPATH\Boot.php(67): CodeIgniter\Boot::runCodeIgniter(Object(CodeIgniter\CodeIgniter))
14 FCPATH\index.php(63): CodeIgniter\Boot::bootWeb(Object(Config\Paths))
WARNING - 2025-06-07 14:33:27 --> [DEPRECATED] Passing lowercase HTTP method "post" is deprecated. Use uppercase HTTP method like "POST". in SYSTEMPATH\Router\RouteCollection.php on line 1027.
 1 SYSTEMPATH\Router\RouteCollection.php(1027): trigger_error('Passing lowercase HTTP method "post" is deprecated. Use uppercase HTTP method like "POST".', 16384)
 2 APPPATH\Config\Routes\AdminRoutes.php(215): CodeIgniter\Router\RouteCollection->match([...], 'send_mail/?(:num)?', 'TicketsController::send_mail/$1')
 3 SYSTEMPATH\Router\RouteCollection.php(800): App\Config\Routes\AdminRoutes::App\Config\Routes\{closure}(Object(CodeIgniter\Router\RouteCollection))
 4 APPPATH\Config\Routes\AdminRoutes.php(212): CodeIgniter\Router\RouteCollection->group('tickets', [...], Object(Closure))
 5 SYSTEMPATH\Router\RouteCollection.php(800): App\Config\Routes\AdminRoutes::App\Config\Routes\{closure}(Object(CodeIgniter\Router\RouteCollection))
 6 APPPATH\Config\Routes\AdminRoutes.php(28): CodeIgniter\Router\RouteCollection->group('admin', [...], Object(Closure))
 7 APPPATH\Config\Routes.php(20): App\Config\Routes\AdminRoutes::init(Object(CodeIgniter\Router\RouteCollection))
 8 SYSTEMPATH\Router\RouteCollection.php(340): require('C:\\xampp\\htdocs\\smartstore\\app\\Config\\Routes.php')
 9 SYSTEMPATH\CodeIgniter.php(823): CodeIgniter\Router\RouteCollection->loadRoutes()
10 SYSTEMPATH\CodeIgniter.php(457): CodeIgniter\CodeIgniter->tryToRouteIt(null)
11 SYSTEMPATH\CodeIgniter.php(355): CodeIgniter\CodeIgniter->handleRequest(null, Object(Config\Cache), false)
12 SYSTEMPATH\Boot.php(325): CodeIgniter\CodeIgniter->run()
13 SYSTEMPATH\Boot.php(67): CodeIgniter\Boot::runCodeIgniter(Object(CodeIgniter\CodeIgniter))
14 FCPATH\index.php(63): CodeIgniter\Boot::bootWeb(Object(Config\Paths))
WARNING - 2025-06-07 14:33:27 --> [DEPRECATED] Passing lowercase HTTP method "get" is deprecated. Use uppercase HTTP method like "GET". in SYSTEMPATH\Router\RouteCollection.php on line 1027.
 1 SYSTEMPATH\Router\RouteCollection.php(1027): trigger_error('Passing lowercase HTTP method "get" is deprecated. Use uppercase HTTP method like "GET".', 16384)
 2 APPPATH\Config\Routes\UserRoutes.php(49): CodeIgniter\Router\RouteCollection->match([...], 'submit_review', 'ClientController::submit_review', [...])
 3 APPPATH\Config\Routes\UserRoutes.php(23): App\Config\Routes\UserRoutes::defineRoutes(Object(CodeIgniter\Router\RouteCollection))
 4 APPPATH\Config\Routes.php(21): App\Config\Routes\UserRoutes::init(Object(CodeIgniter\Router\RouteCollection))
 5 SYSTEMPATH\Router\RouteCollection.php(340): require('C:\\xampp\\htdocs\\smartstore\\app\\Config\\Routes.php')
 6 SYSTEMPATH\CodeIgniter.php(823): CodeIgniter\Router\RouteCollection->loadRoutes()
 7 SYSTEMPATH\CodeIgniter.php(457): CodeIgniter\CodeIgniter->tryToRouteIt(null)
 8 SYSTEMPATH\CodeIgniter.php(355): CodeIgniter\CodeIgniter->handleRequest(null, Object(Config\Cache), false)
 9 SYSTEMPATH\Boot.php(325): CodeIgniter\CodeIgniter->run()
10 SYSTEMPATH\Boot.php(67): CodeIgniter\Boot::runCodeIgniter(Object(CodeIgniter\CodeIgniter))
11 FCPATH\index.php(63): CodeIgniter\Boot::bootWeb(Object(Config\Paths))
WARNING - 2025-06-07 14:33:27 --> [DEPRECATED] Passing lowercase HTTP method "post" is deprecated. Use uppercase HTTP method like "POST". in SYSTEMPATH\Router\RouteCollection.php on line 1027.
 1 SYSTEMPATH\Router\RouteCollection.php(1027): trigger_error('Passing lowercase HTTP method "post" is deprecated. Use uppercase HTTP method like "POST".', 16384)
 2 APPPATH\Config\Routes\UserRoutes.php(49): CodeIgniter\Router\RouteCollection->match([...], 'submit_review', 'ClientController::submit_review', [...])
 3 APPPATH\Config\Routes\UserRoutes.php(23): App\Config\Routes\UserRoutes::defineRoutes(Object(CodeIgniter\Router\RouteCollection))
 4 APPPATH\Config\Routes.php(21): App\Config\Routes\UserRoutes::init(Object(CodeIgniter\Router\RouteCollection))
 5 SYSTEMPATH\Router\RouteCollection.php(340): require('C:\\xampp\\htdocs\\smartstore\\app\\Config\\Routes.php')
 6 SYSTEMPATH\CodeIgniter.php(823): CodeIgniter\Router\RouteCollection->loadRoutes()
 7 SYSTEMPATH\CodeIgniter.php(457): CodeIgniter\CodeIgniter->tryToRouteIt(null)
 8 SYSTEMPATH\CodeIgniter.php(355): CodeIgniter\CodeIgniter->handleRequest(null, Object(Config\Cache), false)
 9 SYSTEMPATH\Boot.php(325): CodeIgniter\CodeIgniter->run()
10 SYSTEMPATH\Boot.php(67): CodeIgniter\Boot::runCodeIgniter(Object(CodeIgniter\CodeIgniter))
11 FCPATH\index.php(63): CodeIgniter\Boot::bootWeb(Object(Config\Paths))
WARNING - 2025-06-07 14:33:27 --> [DEPRECATED] Passing lowercase HTTP method "get" is deprecated. Use uppercase HTTP method like "GET". in SYSTEMPATH\Router\RouteCollection.php on line 1027.
 1 SYSTEMPATH\Router\RouteCollection.php(1027): trigger_error('Passing lowercase HTTP method "get" is deprecated. Use uppercase HTTP method like "GET".', 16384)
 2 APPPATH\Config\Routes\UserRoutes.php(63): CodeIgniter\Router\RouteCollection->match([...], 'track-order', 'OrderController::track_order', [...])
 3 APPPATH\Config\Routes\UserRoutes.php(23): App\Config\Routes\UserRoutes::defineRoutes(Object(CodeIgniter\Router\RouteCollection))
 4 APPPATH\Config\Routes.php(21): App\Config\Routes\UserRoutes::init(Object(CodeIgniter\Router\RouteCollection))
 5 SYSTEMPATH\Router\RouteCollection.php(340): require('C:\\xampp\\htdocs\\smartstore\\app\\Config\\Routes.php')
 6 SYSTEMPATH\CodeIgniter.php(823): CodeIgniter\Router\RouteCollection->loadRoutes()
 7 SYSTEMPATH\CodeIgniter.php(457): CodeIgniter\CodeIgniter->tryToRouteIt(null)
 8 SYSTEMPATH\CodeIgniter.php(355): CodeIgniter\CodeIgniter->handleRequest(null, Object(Config\Cache), false)
 9 SYSTEMPATH\Boot.php(325): CodeIgniter\CodeIgniter->run()
10 SYSTEMPATH\Boot.php(67): CodeIgniter\Boot::runCodeIgniter(Object(CodeIgniter\CodeIgniter))
11 FCPATH\index.php(63): CodeIgniter\Boot::bootWeb(Object(Config\Paths))
WARNING - 2025-06-07 14:33:27 --> [DEPRECATED] Passing lowercase HTTP method "post" is deprecated. Use uppercase HTTP method like "POST". in SYSTEMPATH\Router\RouteCollection.php on line 1027.
 1 SYSTEMPATH\Router\RouteCollection.php(1027): trigger_error('Passing lowercase HTTP method "post" is deprecated. Use uppercase HTTP method like "POST".', 16384)
 2 APPPATH\Config\Routes\UserRoutes.php(63): CodeIgniter\Router\RouteCollection->match([...], 'track-order', 'OrderController::track_order', [...])
 3 APPPATH\Config\Routes\UserRoutes.php(23): App\Config\Routes\UserRoutes::defineRoutes(Object(CodeIgniter\Router\RouteCollection))
 4 APPPATH\Config\Routes.php(21): App\Config\Routes\UserRoutes::init(Object(CodeIgniter\Router\RouteCollection))
 5 SYSTEMPATH\Router\RouteCollection.php(340): require('C:\\xampp\\htdocs\\smartstore\\app\\Config\\Routes.php')
 6 SYSTEMPATH\CodeIgniter.php(823): CodeIgniter\Router\RouteCollection->loadRoutes()
 7 SYSTEMPATH\CodeIgniter.php(457): CodeIgniter\CodeIgniter->tryToRouteIt(null)
 8 SYSTEMPATH\CodeIgniter.php(355): CodeIgniter\CodeIgniter->handleRequest(null, Object(Config\Cache), false)
 9 SYSTEMPATH\Boot.php(325): CodeIgniter\CodeIgniter->run()
10 SYSTEMPATH\Boot.php(67): CodeIgniter\Boot::runCodeIgniter(Object(CodeIgniter\CodeIgniter))
11 FCPATH\index.php(63): CodeIgniter\Boot::bootWeb(Object(Config\Paths))
WARNING - 2025-06-07 14:33:27 --> [DEPRECATED] Passing lowercase HTTP method "get" is deprecated. Use uppercase HTTP method like "GET". in SYSTEMPATH\Router\RouteCollection.php on line 1027.
 1 SYSTEMPATH\Router\RouteCollection.php(1027): trigger_error('Passing lowercase HTTP method "get" is deprecated. Use uppercase HTTP method like "GET".', 16384)
 2 APPPATH\Config\Routes\UserRoutes.php(49): CodeIgniter\Router\RouteCollection->match([...], 'submit_review', 'ClientController::submit_review', [...])
 3 APPPATH\Config\Routes\UserRoutes.php(26): App\Config\Routes\UserRoutes::defineRoutes(Object(CodeIgniter\Router\RouteCollection))
 4 SYSTEMPATH\Router\RouteCollection.php(800): App\Config\Routes\UserRoutes::App\Config\Routes\{closure}(Object(CodeIgniter\Router\RouteCollection))
 5 APPPATH\Config\Routes\UserRoutes.php(25): CodeIgniter\Router\RouteCollection->group('{locale}', Object(Closure))
 6 APPPATH\Config\Routes.php(21): App\Config\Routes\UserRoutes::init(Object(CodeIgniter\Router\RouteCollection))
 7 SYSTEMPATH\Router\RouteCollection.php(340): require('C:\\xampp\\htdocs\\smartstore\\app\\Config\\Routes.php')
 8 SYSTEMPATH\CodeIgniter.php(823): CodeIgniter\Router\RouteCollection->loadRoutes()
 9 SYSTEMPATH\CodeIgniter.php(457): CodeIgniter\CodeIgniter->tryToRouteIt(null)
10 SYSTEMPATH\CodeIgniter.php(355): CodeIgniter\CodeIgniter->handleRequest(null, Object(Config\Cache), false)
11 SYSTEMPATH\Boot.php(325): CodeIgniter\CodeIgniter->run()
12 SYSTEMPATH\Boot.php(67): CodeIgniter\Boot::runCodeIgniter(Object(CodeIgniter\CodeIgniter))
13 FCPATH\index.php(63): CodeIgniter\Boot::bootWeb(Object(Config\Paths))
WARNING - 2025-06-07 14:33:27 --> [DEPRECATED] Passing lowercase HTTP method "post" is deprecated. Use uppercase HTTP method like "POST". in SYSTEMPATH\Router\RouteCollection.php on line 1027.
 1 SYSTEMPATH\Router\RouteCollection.php(1027): trigger_error('Passing lowercase HTTP method "post" is deprecated. Use uppercase HTTP method like "POST".', 16384)
 2 APPPATH\Config\Routes\UserRoutes.php(49): CodeIgniter\Router\RouteCollection->match([...], 'submit_review', 'ClientController::submit_review', [...])
 3 APPPATH\Config\Routes\UserRoutes.php(26): App\Config\Routes\UserRoutes::defineRoutes(Object(CodeIgniter\Router\RouteCollection))
 4 SYSTEMPATH\Router\RouteCollection.php(800): App\Config\Routes\UserRoutes::App\Config\Routes\{closure}(Object(CodeIgniter\Router\RouteCollection))
 5 APPPATH\Config\Routes\UserRoutes.php(25): CodeIgniter\Router\RouteCollection->group('{locale}', Object(Closure))
 6 APPPATH\Config\Routes.php(21): App\Config\Routes\UserRoutes::init(Object(CodeIgniter\Router\RouteCollection))
 7 SYSTEMPATH\Router\RouteCollection.php(340): require('C:\\xampp\\htdocs\\smartstore\\app\\Config\\Routes.php')
 8 SYSTEMPATH\CodeIgniter.php(823): CodeIgniter\Router\RouteCollection->loadRoutes()
 9 SYSTEMPATH\CodeIgniter.php(457): CodeIgniter\CodeIgniter->tryToRouteIt(null)
10 SYSTEMPATH\CodeIgniter.php(355): CodeIgniter\CodeIgniter->handleRequest(null, Object(Config\Cache), false)
11 SYSTEMPATH\Boot.php(325): CodeIgniter\CodeIgniter->run()
12 SYSTEMPATH\Boot.php(67): CodeIgniter\Boot::runCodeIgniter(Object(CodeIgniter\CodeIgniter))
13 FCPATH\index.php(63): CodeIgniter\Boot::bootWeb(Object(Config\Paths))
WARNING - 2025-06-07 14:33:27 --> [DEPRECATED] Passing lowercase HTTP method "get" is deprecated. Use uppercase HTTP method like "GET". in SYSTEMPATH\Router\RouteCollection.php on line 1027.
 1 SYSTEMPATH\Router\RouteCollection.php(1027): trigger_error('Passing lowercase HTTP method "get" is deprecated. Use uppercase HTTP method like "GET".', 16384)
 2 APPPATH\Config\Routes\UserRoutes.php(63): CodeIgniter\Router\RouteCollection->match([...], 'track-order', 'OrderController::track_order', [...])
 3 APPPATH\Config\Routes\UserRoutes.php(26): App\Config\Routes\UserRoutes::defineRoutes(Object(CodeIgniter\Router\RouteCollection))
 4 SYSTEMPATH\Router\RouteCollection.php(800): App\Config\Routes\UserRoutes::App\Config\Routes\{closure}(Object(CodeIgniter\Router\RouteCollection))
 5 APPPATH\Config\Routes\UserRoutes.php(25): CodeIgniter\Router\RouteCollection->group('{locale}', Object(Closure))
 6 APPPATH\Config\Routes.php(21): App\Config\Routes\UserRoutes::init(Object(CodeIgniter\Router\RouteCollection))
 7 SYSTEMPATH\Router\RouteCollection.php(340): require('C:\\xampp\\htdocs\\smartstore\\app\\Config\\Routes.php')
 8 SYSTEMPATH\CodeIgniter.php(823): CodeIgniter\Router\RouteCollection->loadRoutes()
 9 SYSTEMPATH\CodeIgniter.php(457): CodeIgniter\CodeIgniter->tryToRouteIt(null)
10 SYSTEMPATH\CodeIgniter.php(355): CodeIgniter\CodeIgniter->handleRequest(null, Object(Config\Cache), false)
11 SYSTEMPATH\Boot.php(325): CodeIgniter\CodeIgniter->run()
12 SYSTEMPATH\Boot.php(67): CodeIgniter\Boot::runCodeIgniter(Object(CodeIgniter\CodeIgniter))
13 FCPATH\index.php(63): CodeIgniter\Boot::bootWeb(Object(Config\Paths))
WARNING - 2025-06-07 14:33:27 --> [DEPRECATED] Passing lowercase HTTP method "post" is deprecated. Use uppercase HTTP method like "POST". in SYSTEMPATH\Router\RouteCollection.php on line 1027.
 1 SYSTEMPATH\Router\RouteCollection.php(1027): trigger_error('Passing lowercase HTTP method "post" is deprecated. Use uppercase HTTP method like "POST".', 16384)
 2 APPPATH\Config\Routes\UserRoutes.php(63): CodeIgniter\Router\RouteCollection->match([...], 'track-order', 'OrderController::track_order', [...])
 3 APPPATH\Config\Routes\UserRoutes.php(26): App\Config\Routes\UserRoutes::defineRoutes(Object(CodeIgniter\Router\RouteCollection))
 4 SYSTEMPATH\Router\RouteCollection.php(800): App\Config\Routes\UserRoutes::App\Config\Routes\{closure}(Object(CodeIgniter\Router\RouteCollection))
 5 APPPATH\Config\Routes\UserRoutes.php(25): CodeIgniter\Router\RouteCollection->group('{locale}', Object(Closure))
 6 APPPATH\Config\Routes.php(21): App\Config\Routes\UserRoutes::init(Object(CodeIgniter\Router\RouteCollection))
 7 SYSTEMPATH\Router\RouteCollection.php(340): require('C:\\xampp\\htdocs\\smartstore\\app\\Config\\Routes.php')
 8 SYSTEMPATH\CodeIgniter.php(823): CodeIgniter\Router\RouteCollection->loadRoutes()
 9 SYSTEMPATH\CodeIgniter.php(457): CodeIgniter\CodeIgniter->tryToRouteIt(null)
10 SYSTEMPATH\CodeIgniter.php(355): CodeIgniter\CodeIgniter->handleRequest(null, Object(Config\Cache), false)
11 SYSTEMPATH\Boot.php(325): CodeIgniter\CodeIgniter->run()
12 SYSTEMPATH\Boot.php(67): CodeIgniter\Boot::runCodeIgniter(Object(CodeIgniter\CodeIgniter))
13 FCPATH\index.php(63): CodeIgniter\Boot::bootWeb(Object(Config\Paths))
INFO - 2025-06-07 14:33:27 --> Session: Class initialized using 'CodeIgniter\Session\Handlers\FileHandler' driver.
WARNING - 2025-06-07 14:33:27 --> [DEPRECATED] Creation of dynamic property App\Controllers\Public\PageController::$load_files is deprecated in APPPATH\Controllers\Public\PageController.php on line 21.
 1 SYSTEMPATH\CodeIgniter.php(903): App\Controllers\Public\PageController->__construct()
 2 SYSTEMPATH\CodeIgniter.php(500): CodeIgniter\CodeIgniter->createController()
 3 SYSTEMPATH\CodeIgniter.php(355): CodeIgniter\CodeIgniter->handleRequest(null, Object(Config\Cache), false)
 4 SYSTEMPATH\Boot.php(325): CodeIgniter\CodeIgniter->run()
 5 SYSTEMPATH\Boot.php(67): CodeIgniter\Boot::runCodeIgniter(Object(CodeIgniter\CodeIgniter))
 6 FCPATH\index.php(63): CodeIgniter\Boot::bootWeb(Object(Config\Paths))
WARNING - 2025-06-07 14:33:27 --> [DEPRECATED] Creation of dynamic property App\Controllers\Public\PageController::$page_title is deprecated in APPPATH\Controllers\Public\PageController.php on line 22.
 1 SYSTEMPATH\CodeIgniter.php(903): App\Controllers\Public\PageController->__construct()
 2 SYSTEMPATH\CodeIgniter.php(500): CodeIgniter\CodeIgniter->createController()
 3 SYSTEMPATH\CodeIgniter.php(355): CodeIgniter\CodeIgniter->handleRequest(null, Object(Config\Cache), false)
 4 SYSTEMPATH\Boot.php(325): CodeIgniter\CodeIgniter->run()
 5 SYSTEMPATH\Boot.php(67): CodeIgniter\Boot::runCodeIgniter(Object(CodeIgniter\CodeIgniter))
 6 FCPATH\index.php(63): CodeIgniter\Boot::bootWeb(Object(Config\Paths))
WARNING - 2025-06-07 14:35:20 --> [DEPRECATED] Passing lowercase HTTP method "get" is deprecated. Use uppercase HTTP method like "GET". in SYSTEMPATH\Router\RouteCollection.php on line 1027.
 1 SYSTEMPATH\Router\RouteCollection.php(1027): trigger_error('Passing lowercase HTTP method "get" is deprecated. Use uppercase HTTP method like "GET".', 16384)
 2 APPPATH\Config\Routes\AdminRoutes.php(65): CodeIgniter\Router\RouteCollection->match([...], 'send_test_mail', 'SettingsController::send_test_mail')
 3 SYSTEMPATH\Router\RouteCollection.php(800): App\Config\Routes\AdminRoutes::App\Config\Routes\{closure}(Object(CodeIgniter\Router\RouteCollection))
 4 APPPATH\Config\Routes\AdminRoutes.php(63): CodeIgniter\Router\RouteCollection->group('settings', [...], Object(Closure))
 5 SYSTEMPATH\Router\RouteCollection.php(800): App\Config\Routes\AdminRoutes::App\Config\Routes\{closure}(Object(CodeIgniter\Router\RouteCollection))
 6 APPPATH\Config\Routes\AdminRoutes.php(28): CodeIgniter\Router\RouteCollection->group('admin', [...], Object(Closure))
 7 APPPATH\Config\Routes.php(20): App\Config\Routes\AdminRoutes::init(Object(CodeIgniter\Router\RouteCollection))
 8 SYSTEMPATH\Router\RouteCollection.php(340): require('C:\\xampp\\htdocs\\smartstore\\app\\Config\\Routes.php')
 9 SYSTEMPATH\CodeIgniter.php(823): CodeIgniter\Router\RouteCollection->loadRoutes()
10 SYSTEMPATH\CodeIgniter.php(457): CodeIgniter\CodeIgniter->tryToRouteIt(null)
11 SYSTEMPATH\CodeIgniter.php(355): CodeIgniter\CodeIgniter->handleRequest(null, Object(Config\Cache), false)
12 SYSTEMPATH\Boot.php(325): CodeIgniter\CodeIgniter->run()
13 SYSTEMPATH\Boot.php(67): CodeIgniter\Boot::runCodeIgniter(Object(CodeIgniter\CodeIgniter))
14 FCPATH\index.php(63): CodeIgniter\Boot::bootWeb(Object(Config\Paths))
WARNING - 2025-06-07 14:35:20 --> [DEPRECATED] Passing lowercase HTTP method "post" is deprecated. Use uppercase HTTP method like "POST". in SYSTEMPATH\Router\RouteCollection.php on line 1027.
 1 SYSTEMPATH\Router\RouteCollection.php(1027): trigger_error('Passing lowercase HTTP method "post" is deprecated. Use uppercase HTTP method like "POST".', 16384)
 2 APPPATH\Config\Routes\AdminRoutes.php(65): CodeIgniter\Router\RouteCollection->match([...], 'send_test_mail', 'SettingsController::send_test_mail')
 3 SYSTEMPATH\Router\RouteCollection.php(800): App\Config\Routes\AdminRoutes::App\Config\Routes\{closure}(Object(CodeIgniter\Router\RouteCollection))
 4 APPPATH\Config\Routes\AdminRoutes.php(63): CodeIgniter\Router\RouteCollection->group('settings', [...], Object(Closure))
 5 SYSTEMPATH\Router\RouteCollection.php(800): App\Config\Routes\AdminRoutes::App\Config\Routes\{closure}(Object(CodeIgniter\Router\RouteCollection))
 6 APPPATH\Config\Routes\AdminRoutes.php(28): CodeIgniter\Router\RouteCollection->group('admin', [...], Object(Closure))
 7 APPPATH\Config\Routes.php(20): App\Config\Routes\AdminRoutes::init(Object(CodeIgniter\Router\RouteCollection))
 8 SYSTEMPATH\Router\RouteCollection.php(340): require('C:\\xampp\\htdocs\\smartstore\\app\\Config\\Routes.php')
 9 SYSTEMPATH\CodeIgniter.php(823): CodeIgniter\Router\RouteCollection->loadRoutes()
10 SYSTEMPATH\CodeIgniter.php(457): CodeIgniter\CodeIgniter->tryToRouteIt(null)
11 SYSTEMPATH\CodeIgniter.php(355): CodeIgniter\CodeIgniter->handleRequest(null, Object(Config\Cache), false)
12 SYSTEMPATH\Boot.php(325): CodeIgniter\CodeIgniter->run()
13 SYSTEMPATH\Boot.php(67): CodeIgniter\Boot::runCodeIgniter(Object(CodeIgniter\CodeIgniter))
14 FCPATH\index.php(63): CodeIgniter\Boot::bootWeb(Object(Config\Paths))
WARNING - 2025-06-07 14:35:20 --> [DEPRECATED] Passing lowercase HTTP method "get" is deprecated. Use uppercase HTTP method like "GET". in SYSTEMPATH\Router\RouteCollection.php on line 1027.
 1 SYSTEMPATH\Router\RouteCollection.php(1027): trigger_error('Passing lowercase HTTP method "get" is deprecated. Use uppercase HTTP method like "GET".', 16384)
 2 APPPATH\Config\Routes\AdminRoutes.php(76): CodeIgniter\Router\RouteCollection->match([...], 'elfinder_connector', 'FilemanagerController::elfinder_connector')
 3 SYSTEMPATH\Router\RouteCollection.php(800): App\Config\Routes\AdminRoutes::App\Config\Routes\{closure}(Object(CodeIgniter\Router\RouteCollection))
 4 APPPATH\Config\Routes\AdminRoutes.php(73): CodeIgniter\Router\RouteCollection->group('filemanager', [...], Object(Closure))
 5 SYSTEMPATH\Router\RouteCollection.php(800): App\Config\Routes\AdminRoutes::App\Config\Routes\{closure}(Object(CodeIgniter\Router\RouteCollection))
 6 APPPATH\Config\Routes\AdminRoutes.php(28): CodeIgniter\Router\RouteCollection->group('admin', [...], Object(Closure))
 7 APPPATH\Config\Routes.php(20): App\Config\Routes\AdminRoutes::init(Object(CodeIgniter\Router\RouteCollection))
 8 SYSTEMPATH\Router\RouteCollection.php(340): require('C:\\xampp\\htdocs\\smartstore\\app\\Config\\Routes.php')
 9 SYSTEMPATH\CodeIgniter.php(823): CodeIgniter\Router\RouteCollection->loadRoutes()
10 SYSTEMPATH\CodeIgniter.php(457): CodeIgniter\CodeIgniter->tryToRouteIt(null)
11 SYSTEMPATH\CodeIgniter.php(355): CodeIgniter\CodeIgniter->handleRequest(null, Object(Config\Cache), false)
12 SYSTEMPATH\Boot.php(325): CodeIgniter\CodeIgniter->run()
13 SYSTEMPATH\Boot.php(67): CodeIgniter\Boot::runCodeIgniter(Object(CodeIgniter\CodeIgniter))
14 FCPATH\index.php(63): CodeIgniter\Boot::bootWeb(Object(Config\Paths))
WARNING - 2025-06-07 14:35:20 --> [DEPRECATED] Passing lowercase HTTP method "post" is deprecated. Use uppercase HTTP method like "POST". in SYSTEMPATH\Router\RouteCollection.php on line 1027.
 1 SYSTEMPATH\Router\RouteCollection.php(1027): trigger_error('Passing lowercase HTTP method "post" is deprecated. Use uppercase HTTP method like "POST".', 16384)
 2 APPPATH\Config\Routes\AdminRoutes.php(76): CodeIgniter\Router\RouteCollection->match([...], 'elfinder_connector', 'FilemanagerController::elfinder_connector')
 3 SYSTEMPATH\Router\RouteCollection.php(800): App\Config\Routes\AdminRoutes::App\Config\Routes\{closure}(Object(CodeIgniter\Router\RouteCollection))
 4 APPPATH\Config\Routes\AdminRoutes.php(73): CodeIgniter\Router\RouteCollection->group('filemanager', [...], Object(Closure))
 5 SYSTEMPATH\Router\RouteCollection.php(800): App\Config\Routes\AdminRoutes::App\Config\Routes\{closure}(Object(CodeIgniter\Router\RouteCollection))
 6 APPPATH\Config\Routes\AdminRoutes.php(28): CodeIgniter\Router\RouteCollection->group('admin', [...], Object(Closure))
 7 APPPATH\Config\Routes.php(20): App\Config\Routes\AdminRoutes::init(Object(CodeIgniter\Router\RouteCollection))
 8 SYSTEMPATH\Router\RouteCollection.php(340): require('C:\\xampp\\htdocs\\smartstore\\app\\Config\\Routes.php')
 9 SYSTEMPATH\CodeIgniter.php(823): CodeIgniter\Router\RouteCollection->loadRoutes()
10 SYSTEMPATH\CodeIgniter.php(457): CodeIgniter\CodeIgniter->tryToRouteIt(null)
11 SYSTEMPATH\CodeIgniter.php(355): CodeIgniter\CodeIgniter->handleRequest(null, Object(Config\Cache), false)
12 SYSTEMPATH\Boot.php(325): CodeIgniter\CodeIgniter->run()
13 SYSTEMPATH\Boot.php(67): CodeIgniter\Boot::runCodeIgniter(Object(CodeIgniter\CodeIgniter))
14 FCPATH\index.php(63): CodeIgniter\Boot::bootWeb(Object(Config\Paths))
WARNING - 2025-06-07 14:35:20 --> [DEPRECATED] Passing lowercase HTTP method "get" is deprecated. Use uppercase HTTP method like "GET". in SYSTEMPATH\Router\RouteCollection.php on line 1027.
 1 SYSTEMPATH\Router\RouteCollection.php(1027): trigger_error('Passing lowercase HTTP method "get" is deprecated. Use uppercase HTTP method like "GET".', 16384)
 2 APPPATH\Config\Routes\AdminRoutes.php(172): CodeIgniter\Router\RouteCollection->match([...], 'sync_services/?(:num)?', 'ProvidersController::sync_services/$1')
 3 SYSTEMPATH\Router\RouteCollection.php(800): App\Config\Routes\AdminRoutes::App\Config\Routes\{closure}(Object(CodeIgniter\Router\RouteCollection))
 4 APPPATH\Config\Routes\AdminRoutes.php(167): CodeIgniter\Router\RouteCollection->group('providers', [...], Object(Closure))
 5 SYSTEMPATH\Router\RouteCollection.php(800): App\Config\Routes\AdminRoutes::App\Config\Routes\{closure}(Object(CodeIgniter\Router\RouteCollection))
 6 APPPATH\Config\Routes\AdminRoutes.php(28): CodeIgniter\Router\RouteCollection->group('admin', [...], Object(Closure))
 7 APPPATH\Config\Routes.php(20): App\Config\Routes\AdminRoutes::init(Object(CodeIgniter\Router\RouteCollection))
 8 SYSTEMPATH\Router\RouteCollection.php(340): require('C:\\xampp\\htdocs\\smartstore\\app\\Config\\Routes.php')
 9 SYSTEMPATH\CodeIgniter.php(823): CodeIgniter\Router\RouteCollection->loadRoutes()
10 SYSTEMPATH\CodeIgniter.php(457): CodeIgniter\CodeIgniter->tryToRouteIt(null)
11 SYSTEMPATH\CodeIgniter.php(355): CodeIgniter\CodeIgniter->handleRequest(null, Object(Config\Cache), false)
12 SYSTEMPATH\Boot.php(325): CodeIgniter\CodeIgniter->run()
13 SYSTEMPATH\Boot.php(67): CodeIgniter\Boot::runCodeIgniter(Object(CodeIgniter\CodeIgniter))
14 FCPATH\index.php(63): CodeIgniter\Boot::bootWeb(Object(Config\Paths))
WARNING - 2025-06-07 14:35:20 --> [DEPRECATED] Passing lowercase HTTP method "post" is deprecated. Use uppercase HTTP method like "POST". in SYSTEMPATH\Router\RouteCollection.php on line 1027.
 1 SYSTEMPATH\Router\RouteCollection.php(1027): trigger_error('Passing lowercase HTTP method "post" is deprecated. Use uppercase HTTP method like "POST".', 16384)
 2 APPPATH\Config\Routes\AdminRoutes.php(172): CodeIgniter\Router\RouteCollection->match([...], 'sync_services/?(:num)?', 'ProvidersController::sync_services/$1')
 3 SYSTEMPATH\Router\RouteCollection.php(800): App\Config\Routes\AdminRoutes::App\Config\Routes\{closure}(Object(CodeIgniter\Router\RouteCollection))
 4 APPPATH\Config\Routes\AdminRoutes.php(167): CodeIgniter\Router\RouteCollection->group('providers', [...], Object(Closure))
 5 SYSTEMPATH\Router\RouteCollection.php(800): App\Config\Routes\AdminRoutes::App\Config\Routes\{closure}(Object(CodeIgniter\Router\RouteCollection))
 6 APPPATH\Config\Routes\AdminRoutes.php(28): CodeIgniter\Router\RouteCollection->group('admin', [...], Object(Closure))
 7 APPPATH\Config\Routes.php(20): App\Config\Routes\AdminRoutes::init(Object(CodeIgniter\Router\RouteCollection))
 8 SYSTEMPATH\Router\RouteCollection.php(340): require('C:\\xampp\\htdocs\\smartstore\\app\\Config\\Routes.php')
 9 SYSTEMPATH\CodeIgniter.php(823): CodeIgniter\Router\RouteCollection->loadRoutes()
10 SYSTEMPATH\CodeIgniter.php(457): CodeIgniter\CodeIgniter->tryToRouteIt(null)
11 SYSTEMPATH\CodeIgniter.php(355): CodeIgniter\CodeIgniter->handleRequest(null, Object(Config\Cache), false)
12 SYSTEMPATH\Boot.php(325): CodeIgniter\CodeIgniter->run()
13 SYSTEMPATH\Boot.php(67): CodeIgniter\Boot::runCodeIgniter(Object(CodeIgniter\CodeIgniter))
14 FCPATH\index.php(63): CodeIgniter\Boot::bootWeb(Object(Config\Paths))
WARNING - 2025-06-07 14:35:20 --> [DEPRECATED] Passing lowercase HTTP method "get" is deprecated. Use uppercase HTTP method like "GET". in SYSTEMPATH\Router\RouteCollection.php on line 1027.
 1 SYSTEMPATH\Router\RouteCollection.php(1027): trigger_error('Passing lowercase HTTP method "get" is deprecated. Use uppercase HTTP method like "GET".', 16384)
 2 APPPATH\Config\Routes\AdminRoutes.php(185): CodeIgniter\Router\RouteCollection->match([...], 'add_note/?(:num)?', 'UsersController::add_note/$1')
 3 SYSTEMPATH\Router\RouteCollection.php(800): App\Config\Routes\AdminRoutes::App\Config\Routes\{closure}(Object(CodeIgniter\Router\RouteCollection))
 4 APPPATH\Config\Routes\AdminRoutes.php(182): CodeIgniter\Router\RouteCollection->group('users', [...], Object(Closure))
 5 SYSTEMPATH\Router\RouteCollection.php(800): App\Config\Routes\AdminRoutes::App\Config\Routes\{closure}(Object(CodeIgniter\Router\RouteCollection))
 6 APPPATH\Config\Routes\AdminRoutes.php(28): CodeIgniter\Router\RouteCollection->group('admin', [...], Object(Closure))
 7 APPPATH\Config\Routes.php(20): App\Config\Routes\AdminRoutes::init(Object(CodeIgniter\Router\RouteCollection))
 8 SYSTEMPATH\Router\RouteCollection.php(340): require('C:\\xampp\\htdocs\\smartstore\\app\\Config\\Routes.php')
 9 SYSTEMPATH\CodeIgniter.php(823): CodeIgniter\Router\RouteCollection->loadRoutes()
10 SYSTEMPATH\CodeIgniter.php(457): CodeIgniter\CodeIgniter->tryToRouteIt(null)
11 SYSTEMPATH\CodeIgniter.php(355): CodeIgniter\CodeIgniter->handleRequest(null, Object(Config\Cache), false)
12 SYSTEMPATH\Boot.php(325): CodeIgniter\CodeIgniter->run()
13 SYSTEMPATH\Boot.php(67): CodeIgniter\Boot::runCodeIgniter(Object(CodeIgniter\CodeIgniter))
14 FCPATH\index.php(63): CodeIgniter\Boot::bootWeb(Object(Config\Paths))
WARNING - 2025-06-07 14:35:20 --> [DEPRECATED] Passing lowercase HTTP method "post" is deprecated. Use uppercase HTTP method like "POST". in SYSTEMPATH\Router\RouteCollection.php on line 1027.
 1 SYSTEMPATH\Router\RouteCollection.php(1027): trigger_error('Passing lowercase HTTP method "post" is deprecated. Use uppercase HTTP method like "POST".', 16384)
 2 APPPATH\Config\Routes\AdminRoutes.php(185): CodeIgniter\Router\RouteCollection->match([...], 'add_note/?(:num)?', 'UsersController::add_note/$1')
 3 SYSTEMPATH\Router\RouteCollection.php(800): App\Config\Routes\AdminRoutes::App\Config\Routes\{closure}(Object(CodeIgniter\Router\RouteCollection))
 4 APPPATH\Config\Routes\AdminRoutes.php(182): CodeIgniter\Router\RouteCollection->group('users', [...], Object(Closure))
 5 SYSTEMPATH\Router\RouteCollection.php(800): App\Config\Routes\AdminRoutes::App\Config\Routes\{closure}(Object(CodeIgniter\Router\RouteCollection))
 6 APPPATH\Config\Routes\AdminRoutes.php(28): CodeIgniter\Router\RouteCollection->group('admin', [...], Object(Closure))
 7 APPPATH\Config\Routes.php(20): App\Config\Routes\AdminRoutes::init(Object(CodeIgniter\Router\RouteCollection))
 8 SYSTEMPATH\Router\RouteCollection.php(340): require('C:\\xampp\\htdocs\\smartstore\\app\\Config\\Routes.php')
 9 SYSTEMPATH\CodeIgniter.php(823): CodeIgniter\Router\RouteCollection->loadRoutes()
10 SYSTEMPATH\CodeIgniter.php(457): CodeIgniter\CodeIgniter->tryToRouteIt(null)
11 SYSTEMPATH\CodeIgniter.php(355): CodeIgniter\CodeIgniter->handleRequest(null, Object(Config\Cache), false)
12 SYSTEMPATH\Boot.php(325): CodeIgniter\CodeIgniter->run()
13 SYSTEMPATH\Boot.php(67): CodeIgniter\Boot::runCodeIgniter(Object(CodeIgniter\CodeIgniter))
14 FCPATH\index.php(63): CodeIgniter\Boot::bootWeb(Object(Config\Paths))
WARNING - 2025-06-07 14:35:20 --> [DEPRECATED] Passing lowercase HTTP method "get" is deprecated. Use uppercase HTTP method like "GET". in SYSTEMPATH\Router\RouteCollection.php on line 1027.
 1 SYSTEMPATH\Router\RouteCollection.php(1027): trigger_error('Passing lowercase HTTP method "get" is deprecated. Use uppercase HTTP method like "GET".', 16384)
 2 APPPATH\Config\Routes\AdminRoutes.php(186): CodeIgniter\Router\RouteCollection->match([...], 'send_mail/?(:num)?', 'UsersController::send_mail/$1')
 3 SYSTEMPATH\Router\RouteCollection.php(800): App\Config\Routes\AdminRoutes::App\Config\Routes\{closure}(Object(CodeIgniter\Router\RouteCollection))
 4 APPPATH\Config\Routes\AdminRoutes.php(182): CodeIgniter\Router\RouteCollection->group('users', [...], Object(Closure))
 5 SYSTEMPATH\Router\RouteCollection.php(800): App\Config\Routes\AdminRoutes::App\Config\Routes\{closure}(Object(CodeIgniter\Router\RouteCollection))
 6 APPPATH\Config\Routes\AdminRoutes.php(28): CodeIgniter\Router\RouteCollection->group('admin', [...], Object(Closure))
 7 APPPATH\Config\Routes.php(20): App\Config\Routes\AdminRoutes::init(Object(CodeIgniter\Router\RouteCollection))
 8 SYSTEMPATH\Router\RouteCollection.php(340): require('C:\\xampp\\htdocs\\smartstore\\app\\Config\\Routes.php')
 9 SYSTEMPATH\CodeIgniter.php(823): CodeIgniter\Router\RouteCollection->loadRoutes()
10 SYSTEMPATH\CodeIgniter.php(457): CodeIgniter\CodeIgniter->tryToRouteIt(null)
11 SYSTEMPATH\CodeIgniter.php(355): CodeIgniter\CodeIgniter->handleRequest(null, Object(Config\Cache), false)
12 SYSTEMPATH\Boot.php(325): CodeIgniter\CodeIgniter->run()
13 SYSTEMPATH\Boot.php(67): CodeIgniter\Boot::runCodeIgniter(Object(CodeIgniter\CodeIgniter))
14 FCPATH\index.php(63): CodeIgniter\Boot::bootWeb(Object(Config\Paths))
WARNING - 2025-06-07 14:35:20 --> [DEPRECATED] Passing lowercase HTTP method "post" is deprecated. Use uppercase HTTP method like "POST". in SYSTEMPATH\Router\RouteCollection.php on line 1027.
 1 SYSTEMPATH\Router\RouteCollection.php(1027): trigger_error('Passing lowercase HTTP method "post" is deprecated. Use uppercase HTTP method like "POST".', 16384)
 2 APPPATH\Config\Routes\AdminRoutes.php(186): CodeIgniter\Router\RouteCollection->match([...], 'send_mail/?(:num)?', 'UsersController::send_mail/$1')
 3 SYSTEMPATH\Router\RouteCollection.php(800): App\Config\Routes\AdminRoutes::App\Config\Routes\{closure}(Object(CodeIgniter\Router\RouteCollection))
 4 APPPATH\Config\Routes\AdminRoutes.php(182): CodeIgniter\Router\RouteCollection->group('users', [...], Object(Closure))
 5 SYSTEMPATH\Router\RouteCollection.php(800): App\Config\Routes\AdminRoutes::App\Config\Routes\{closure}(Object(CodeIgniter\Router\RouteCollection))
 6 APPPATH\Config\Routes\AdminRoutes.php(28): CodeIgniter\Router\RouteCollection->group('admin', [...], Object(Closure))
 7 APPPATH\Config\Routes.php(20): App\Config\Routes\AdminRoutes::init(Object(CodeIgniter\Router\RouteCollection))
 8 SYSTEMPATH\Router\RouteCollection.php(340): require('C:\\xampp\\htdocs\\smartstore\\app\\Config\\Routes.php')
 9 SYSTEMPATH\CodeIgniter.php(823): CodeIgniter\Router\RouteCollection->loadRoutes()
10 SYSTEMPATH\CodeIgniter.php(457): CodeIgniter\CodeIgniter->tryToRouteIt(null)
11 SYSTEMPATH\CodeIgniter.php(355): CodeIgniter\CodeIgniter->handleRequest(null, Object(Config\Cache), false)
12 SYSTEMPATH\Boot.php(325): CodeIgniter\CodeIgniter->run()
13 SYSTEMPATH\Boot.php(67): CodeIgniter\Boot::runCodeIgniter(Object(CodeIgniter\CodeIgniter))
14 FCPATH\index.php(63): CodeIgniter\Boot::bootWeb(Object(Config\Paths))
WARNING - 2025-06-07 14:35:20 --> [DEPRECATED] Passing lowercase HTTP method "get" is deprecated. Use uppercase HTTP method like "GET". in SYSTEMPATH\Router\RouteCollection.php on line 1027.
 1 SYSTEMPATH\Router\RouteCollection.php(1027): trigger_error('Passing lowercase HTTP method "get" is deprecated. Use uppercase HTTP method like "GET".', 16384)
 2 APPPATH\Config\Routes\AdminRoutes.php(215): CodeIgniter\Router\RouteCollection->match([...], 'send_mail/?(:num)?', 'TicketsController::send_mail/$1')
 3 SYSTEMPATH\Router\RouteCollection.php(800): App\Config\Routes\AdminRoutes::App\Config\Routes\{closure}(Object(CodeIgniter\Router\RouteCollection))
 4 APPPATH\Config\Routes\AdminRoutes.php(212): CodeIgniter\Router\RouteCollection->group('tickets', [...], Object(Closure))
 5 SYSTEMPATH\Router\RouteCollection.php(800): App\Config\Routes\AdminRoutes::App\Config\Routes\{closure}(Object(CodeIgniter\Router\RouteCollection))
 6 APPPATH\Config\Routes\AdminRoutes.php(28): CodeIgniter\Router\RouteCollection->group('admin', [...], Object(Closure))
 7 APPPATH\Config\Routes.php(20): App\Config\Routes\AdminRoutes::init(Object(CodeIgniter\Router\RouteCollection))
 8 SYSTEMPATH\Router\RouteCollection.php(340): require('C:\\xampp\\htdocs\\smartstore\\app\\Config\\Routes.php')
 9 SYSTEMPATH\CodeIgniter.php(823): CodeIgniter\Router\RouteCollection->loadRoutes()
10 SYSTEMPATH\CodeIgniter.php(457): CodeIgniter\CodeIgniter->tryToRouteIt(null)
11 SYSTEMPATH\CodeIgniter.php(355): CodeIgniter\CodeIgniter->handleRequest(null, Object(Config\Cache), false)
12 SYSTEMPATH\Boot.php(325): CodeIgniter\CodeIgniter->run()
13 SYSTEMPATH\Boot.php(67): CodeIgniter\Boot::runCodeIgniter(Object(CodeIgniter\CodeIgniter))
14 FCPATH\index.php(63): CodeIgniter\Boot::bootWeb(Object(Config\Paths))
WARNING - 2025-06-07 14:35:20 --> [DEPRECATED] Passing lowercase HTTP method "post" is deprecated. Use uppercase HTTP method like "POST". in SYSTEMPATH\Router\RouteCollection.php on line 1027.
 1 SYSTEMPATH\Router\RouteCollection.php(1027): trigger_error('Passing lowercase HTTP method "post" is deprecated. Use uppercase HTTP method like "POST".', 16384)
 2 APPPATH\Config\Routes\AdminRoutes.php(215): CodeIgniter\Router\RouteCollection->match([...], 'send_mail/?(:num)?', 'TicketsController::send_mail/$1')
 3 SYSTEMPATH\Router\RouteCollection.php(800): App\Config\Routes\AdminRoutes::App\Config\Routes\{closure}(Object(CodeIgniter\Router\RouteCollection))
 4 APPPATH\Config\Routes\AdminRoutes.php(212): CodeIgniter\Router\RouteCollection->group('tickets', [...], Object(Closure))
 5 SYSTEMPATH\Router\RouteCollection.php(800): App\Config\Routes\AdminRoutes::App\Config\Routes\{closure}(Object(CodeIgniter\Router\RouteCollection))
 6 APPPATH\Config\Routes\AdminRoutes.php(28): CodeIgniter\Router\RouteCollection->group('admin', [...], Object(Closure))
 7 APPPATH\Config\Routes.php(20): App\Config\Routes\AdminRoutes::init(Object(CodeIgniter\Router\RouteCollection))
 8 SYSTEMPATH\Router\RouteCollection.php(340): require('C:\\xampp\\htdocs\\smartstore\\app\\Config\\Routes.php')
 9 SYSTEMPATH\CodeIgniter.php(823): CodeIgniter\Router\RouteCollection->loadRoutes()
10 SYSTEMPATH\CodeIgniter.php(457): CodeIgniter\CodeIgniter->tryToRouteIt(null)
11 SYSTEMPATH\CodeIgniter.php(355): CodeIgniter\CodeIgniter->handleRequest(null, Object(Config\Cache), false)
12 SYSTEMPATH\Boot.php(325): CodeIgniter\CodeIgniter->run()
13 SYSTEMPATH\Boot.php(67): CodeIgniter\Boot::runCodeIgniter(Object(CodeIgniter\CodeIgniter))
14 FCPATH\index.php(63): CodeIgniter\Boot::bootWeb(Object(Config\Paths))
WARNING - 2025-06-07 14:35:20 --> [DEPRECATED] Passing lowercase HTTP method "get" is deprecated. Use uppercase HTTP method like "GET". in SYSTEMPATH\Router\RouteCollection.php on line 1027.
 1 SYSTEMPATH\Router\RouteCollection.php(1027): trigger_error('Passing lowercase HTTP method "get" is deprecated. Use uppercase HTTP method like "GET".', 16384)
 2 APPPATH\Config\Routes\UserRoutes.php(49): CodeIgniter\Router\RouteCollection->match([...], 'submit_review', 'ClientController::submit_review', [...])
 3 APPPATH\Config\Routes\UserRoutes.php(23): App\Config\Routes\UserRoutes::defineRoutes(Object(CodeIgniter\Router\RouteCollection))
 4 APPPATH\Config\Routes.php(21): App\Config\Routes\UserRoutes::init(Object(CodeIgniter\Router\RouteCollection))
 5 SYSTEMPATH\Router\RouteCollection.php(340): require('C:\\xampp\\htdocs\\smartstore\\app\\Config\\Routes.php')
 6 SYSTEMPATH\CodeIgniter.php(823): CodeIgniter\Router\RouteCollection->loadRoutes()
 7 SYSTEMPATH\CodeIgniter.php(457): CodeIgniter\CodeIgniter->tryToRouteIt(null)
 8 SYSTEMPATH\CodeIgniter.php(355): CodeIgniter\CodeIgniter->handleRequest(null, Object(Config\Cache), false)
 9 SYSTEMPATH\Boot.php(325): CodeIgniter\CodeIgniter->run()
10 SYSTEMPATH\Boot.php(67): CodeIgniter\Boot::runCodeIgniter(Object(CodeIgniter\CodeIgniter))
11 FCPATH\index.php(63): CodeIgniter\Boot::bootWeb(Object(Config\Paths))
WARNING - 2025-06-07 14:35:20 --> [DEPRECATED] Passing lowercase HTTP method "post" is deprecated. Use uppercase HTTP method like "POST". in SYSTEMPATH\Router\RouteCollection.php on line 1027.
 1 SYSTEMPATH\Router\RouteCollection.php(1027): trigger_error('Passing lowercase HTTP method "post" is deprecated. Use uppercase HTTP method like "POST".', 16384)
 2 APPPATH\Config\Routes\UserRoutes.php(49): CodeIgniter\Router\RouteCollection->match([...], 'submit_review', 'ClientController::submit_review', [...])
 3 APPPATH\Config\Routes\UserRoutes.php(23): App\Config\Routes\UserRoutes::defineRoutes(Object(CodeIgniter\Router\RouteCollection))
 4 APPPATH\Config\Routes.php(21): App\Config\Routes\UserRoutes::init(Object(CodeIgniter\Router\RouteCollection))
 5 SYSTEMPATH\Router\RouteCollection.php(340): require('C:\\xampp\\htdocs\\smartstore\\app\\Config\\Routes.php')
 6 SYSTEMPATH\CodeIgniter.php(823): CodeIgniter\Router\RouteCollection->loadRoutes()
 7 SYSTEMPATH\CodeIgniter.php(457): CodeIgniter\CodeIgniter->tryToRouteIt(null)
 8 SYSTEMPATH\CodeIgniter.php(355): CodeIgniter\CodeIgniter->handleRequest(null, Object(Config\Cache), false)
 9 SYSTEMPATH\Boot.php(325): CodeIgniter\CodeIgniter->run()
10 SYSTEMPATH\Boot.php(67): CodeIgniter\Boot::runCodeIgniter(Object(CodeIgniter\CodeIgniter))
11 FCPATH\index.php(63): CodeIgniter\Boot::bootWeb(Object(Config\Paths))
WARNING - 2025-06-07 14:35:20 --> [DEPRECATED] Passing lowercase HTTP method "get" is deprecated. Use uppercase HTTP method like "GET". in SYSTEMPATH\Router\RouteCollection.php on line 1027.
 1 SYSTEMPATH\Router\RouteCollection.php(1027): trigger_error('Passing lowercase HTTP method "get" is deprecated. Use uppercase HTTP method like "GET".', 16384)
 2 APPPATH\Config\Routes\UserRoutes.php(63): CodeIgniter\Router\RouteCollection->match([...], 'track-order', 'OrderController::track_order', [...])
 3 APPPATH\Config\Routes\UserRoutes.php(23): App\Config\Routes\UserRoutes::defineRoutes(Object(CodeIgniter\Router\RouteCollection))
 4 APPPATH\Config\Routes.php(21): App\Config\Routes\UserRoutes::init(Object(CodeIgniter\Router\RouteCollection))
 5 SYSTEMPATH\Router\RouteCollection.php(340): require('C:\\xampp\\htdocs\\smartstore\\app\\Config\\Routes.php')
 6 SYSTEMPATH\CodeIgniter.php(823): CodeIgniter\Router\RouteCollection->loadRoutes()
 7 SYSTEMPATH\CodeIgniter.php(457): CodeIgniter\CodeIgniter->tryToRouteIt(null)
 8 SYSTEMPATH\CodeIgniter.php(355): CodeIgniter\CodeIgniter->handleRequest(null, Object(Config\Cache), false)
 9 SYSTEMPATH\Boot.php(325): CodeIgniter\CodeIgniter->run()
10 SYSTEMPATH\Boot.php(67): CodeIgniter\Boot::runCodeIgniter(Object(CodeIgniter\CodeIgniter))
11 FCPATH\index.php(63): CodeIgniter\Boot::bootWeb(Object(Config\Paths))
WARNING - 2025-06-07 14:35:20 --> [DEPRECATED] Passing lowercase HTTP method "post" is deprecated. Use uppercase HTTP method like "POST". in SYSTEMPATH\Router\RouteCollection.php on line 1027.
 1 SYSTEMPATH\Router\RouteCollection.php(1027): trigger_error('Passing lowercase HTTP method "post" is deprecated. Use uppercase HTTP method like "POST".', 16384)
 2 APPPATH\Config\Routes\UserRoutes.php(63): CodeIgniter\Router\RouteCollection->match([...], 'track-order', 'OrderController::track_order', [...])
 3 APPPATH\Config\Routes\UserRoutes.php(23): App\Config\Routes\UserRoutes::defineRoutes(Object(CodeIgniter\Router\RouteCollection))
 4 APPPATH\Config\Routes.php(21): App\Config\Routes\UserRoutes::init(Object(CodeIgniter\Router\RouteCollection))
 5 SYSTEMPATH\Router\RouteCollection.php(340): require('C:\\xampp\\htdocs\\smartstore\\app\\Config\\Routes.php')
 6 SYSTEMPATH\CodeIgniter.php(823): CodeIgniter\Router\RouteCollection->loadRoutes()
 7 SYSTEMPATH\CodeIgniter.php(457): CodeIgniter\CodeIgniter->tryToRouteIt(null)
 8 SYSTEMPATH\CodeIgniter.php(355): CodeIgniter\CodeIgniter->handleRequest(null, Object(Config\Cache), false)
 9 SYSTEMPATH\Boot.php(325): CodeIgniter\CodeIgniter->run()
10 SYSTEMPATH\Boot.php(67): CodeIgniter\Boot::runCodeIgniter(Object(CodeIgniter\CodeIgniter))
11 FCPATH\index.php(63): CodeIgniter\Boot::bootWeb(Object(Config\Paths))
WARNING - 2025-06-07 14:35:20 --> [DEPRECATED] Passing lowercase HTTP method "get" is deprecated. Use uppercase HTTP method like "GET". in SYSTEMPATH\Router\RouteCollection.php on line 1027.
 1 SYSTEMPATH\Router\RouteCollection.php(1027): trigger_error('Passing lowercase HTTP method "get" is deprecated. Use uppercase HTTP method like "GET".', 16384)
 2 APPPATH\Config\Routes\UserRoutes.php(49): CodeIgniter\Router\RouteCollection->match([...], 'submit_review', 'ClientController::submit_review', [...])
 3 APPPATH\Config\Routes\UserRoutes.php(26): App\Config\Routes\UserRoutes::defineRoutes(Object(CodeIgniter\Router\RouteCollection))
 4 SYSTEMPATH\Router\RouteCollection.php(800): App\Config\Routes\UserRoutes::App\Config\Routes\{closure}(Object(CodeIgniter\Router\RouteCollection))
 5 APPPATH\Config\Routes\UserRoutes.php(25): CodeIgniter\Router\RouteCollection->group('{locale}', Object(Closure))
 6 APPPATH\Config\Routes.php(21): App\Config\Routes\UserRoutes::init(Object(CodeIgniter\Router\RouteCollection))
 7 SYSTEMPATH\Router\RouteCollection.php(340): require('C:\\xampp\\htdocs\\smartstore\\app\\Config\\Routes.php')
 8 SYSTEMPATH\CodeIgniter.php(823): CodeIgniter\Router\RouteCollection->loadRoutes()
 9 SYSTEMPATH\CodeIgniter.php(457): CodeIgniter\CodeIgniter->tryToRouteIt(null)
10 SYSTEMPATH\CodeIgniter.php(355): CodeIgniter\CodeIgniter->handleRequest(null, Object(Config\Cache), false)
11 SYSTEMPATH\Boot.php(325): CodeIgniter\CodeIgniter->run()
12 SYSTEMPATH\Boot.php(67): CodeIgniter\Boot::runCodeIgniter(Object(CodeIgniter\CodeIgniter))
13 FCPATH\index.php(63): CodeIgniter\Boot::bootWeb(Object(Config\Paths))
WARNING - 2025-06-07 14:35:20 --> [DEPRECATED] Passing lowercase HTTP method "post" is deprecated. Use uppercase HTTP method like "POST". in SYSTEMPATH\Router\RouteCollection.php on line 1027.
 1 SYSTEMPATH\Router\RouteCollection.php(1027): trigger_error('Passing lowercase HTTP method "post" is deprecated. Use uppercase HTTP method like "POST".', 16384)
 2 APPPATH\Config\Routes\UserRoutes.php(49): CodeIgniter\Router\RouteCollection->match([...], 'submit_review', 'ClientController::submit_review', [...])
 3 APPPATH\Config\Routes\UserRoutes.php(26): App\Config\Routes\UserRoutes::defineRoutes(Object(CodeIgniter\Router\RouteCollection))
 4 SYSTEMPATH\Router\RouteCollection.php(800): App\Config\Routes\UserRoutes::App\Config\Routes\{closure}(Object(CodeIgniter\Router\RouteCollection))
 5 APPPATH\Config\Routes\UserRoutes.php(25): CodeIgniter\Router\RouteCollection->group('{locale}', Object(Closure))
 6 APPPATH\Config\Routes.php(21): App\Config\Routes\UserRoutes::init(Object(CodeIgniter\Router\RouteCollection))
 7 SYSTEMPATH\Router\RouteCollection.php(340): require('C:\\xampp\\htdocs\\smartstore\\app\\Config\\Routes.php')
 8 SYSTEMPATH\CodeIgniter.php(823): CodeIgniter\Router\RouteCollection->loadRoutes()
 9 SYSTEMPATH\CodeIgniter.php(457): CodeIgniter\CodeIgniter->tryToRouteIt(null)
10 SYSTEMPATH\CodeIgniter.php(355): CodeIgniter\CodeIgniter->handleRequest(null, Object(Config\Cache), false)
11 SYSTEMPATH\Boot.php(325): CodeIgniter\CodeIgniter->run()
12 SYSTEMPATH\Boot.php(67): CodeIgniter\Boot::runCodeIgniter(Object(CodeIgniter\CodeIgniter))
13 FCPATH\index.php(63): CodeIgniter\Boot::bootWeb(Object(Config\Paths))
WARNING - 2025-06-07 14:35:20 --> [DEPRECATED] Passing lowercase HTTP method "get" is deprecated. Use uppercase HTTP method like "GET". in SYSTEMPATH\Router\RouteCollection.php on line 1027.
 1 SYSTEMPATH\Router\RouteCollection.php(1027): trigger_error('Passing lowercase HTTP method "get" is deprecated. Use uppercase HTTP method like "GET".', 16384)
 2 APPPATH\Config\Routes\UserRoutes.php(63): CodeIgniter\Router\RouteCollection->match([...], 'track-order', 'OrderController::track_order', [...])
 3 APPPATH\Config\Routes\UserRoutes.php(26): App\Config\Routes\UserRoutes::defineRoutes(Object(CodeIgniter\Router\RouteCollection))
 4 SYSTEMPATH\Router\RouteCollection.php(800): App\Config\Routes\UserRoutes::App\Config\Routes\{closure}(Object(CodeIgniter\Router\RouteCollection))
 5 APPPATH\Config\Routes\UserRoutes.php(25): CodeIgniter\Router\RouteCollection->group('{locale}', Object(Closure))
 6 APPPATH\Config\Routes.php(21): App\Config\Routes\UserRoutes::init(Object(CodeIgniter\Router\RouteCollection))
 7 SYSTEMPATH\Router\RouteCollection.php(340): require('C:\\xampp\\htdocs\\smartstore\\app\\Config\\Routes.php')
 8 SYSTEMPATH\CodeIgniter.php(823): CodeIgniter\Router\RouteCollection->loadRoutes()
 9 SYSTEMPATH\CodeIgniter.php(457): CodeIgniter\CodeIgniter->tryToRouteIt(null)
10 SYSTEMPATH\CodeIgniter.php(355): CodeIgniter\CodeIgniter->handleRequest(null, Object(Config\Cache), false)
11 SYSTEMPATH\Boot.php(325): CodeIgniter\CodeIgniter->run()
12 SYSTEMPATH\Boot.php(67): CodeIgniter\Boot::runCodeIgniter(Object(CodeIgniter\CodeIgniter))
13 FCPATH\index.php(63): CodeIgniter\Boot::bootWeb(Object(Config\Paths))
WARNING - 2025-06-07 14:35:20 --> [DEPRECATED] Passing lowercase HTTP method "post" is deprecated. Use uppercase HTTP method like "POST". in SYSTEMPATH\Router\RouteCollection.php on line 1027.
 1 SYSTEMPATH\Router\RouteCollection.php(1027): trigger_error('Passing lowercase HTTP method "post" is deprecated. Use uppercase HTTP method like "POST".', 16384)
 2 APPPATH\Config\Routes\UserRoutes.php(63): CodeIgniter\Router\RouteCollection->match([...], 'track-order', 'OrderController::track_order', [...])
 3 APPPATH\Config\Routes\UserRoutes.php(26): App\Config\Routes\UserRoutes::defineRoutes(Object(CodeIgniter\Router\RouteCollection))
 4 SYSTEMPATH\Router\RouteCollection.php(800): App\Config\Routes\UserRoutes::App\Config\Routes\{closure}(Object(CodeIgniter\Router\RouteCollection))
 5 APPPATH\Config\Routes\UserRoutes.php(25): CodeIgniter\Router\RouteCollection->group('{locale}', Object(Closure))
 6 APPPATH\Config\Routes.php(21): App\Config\Routes\UserRoutes::init(Object(CodeIgniter\Router\RouteCollection))
 7 SYSTEMPATH\Router\RouteCollection.php(340): require('C:\\xampp\\htdocs\\smartstore\\app\\Config\\Routes.php')
 8 SYSTEMPATH\CodeIgniter.php(823): CodeIgniter\Router\RouteCollection->loadRoutes()
 9 SYSTEMPATH\CodeIgniter.php(457): CodeIgniter\CodeIgniter->tryToRouteIt(null)
10 SYSTEMPATH\CodeIgniter.php(355): CodeIgniter\CodeIgniter->handleRequest(null, Object(Config\Cache), false)
11 SYSTEMPATH\Boot.php(325): CodeIgniter\CodeIgniter->run()
12 SYSTEMPATH\Boot.php(67): CodeIgniter\Boot::runCodeIgniter(Object(CodeIgniter\CodeIgniter))
13 FCPATH\index.php(63): CodeIgniter\Boot::bootWeb(Object(Config\Paths))
INFO - 2025-06-07 14:35:20 --> Session: Class initialized using 'CodeIgniter\Session\Handlers\FileHandler' driver.
WARNING - 2025-06-07 14:35:20 --> [DEPRECATED] Creation of dynamic property App\Controllers\Public\PageController::$load_files is deprecated in APPPATH\Controllers\Public\PageController.php on line 21.
 1 SYSTEMPATH\CodeIgniter.php(903): App\Controllers\Public\PageController->__construct()
 2 SYSTEMPATH\CodeIgniter.php(500): CodeIgniter\CodeIgniter->createController()
 3 SYSTEMPATH\CodeIgniter.php(355): CodeIgniter\CodeIgniter->handleRequest(null, Object(Config\Cache), false)
 4 SYSTEMPATH\Boot.php(325): CodeIgniter\CodeIgniter->run()
 5 SYSTEMPATH\Boot.php(67): CodeIgniter\Boot::runCodeIgniter(Object(CodeIgniter\CodeIgniter))
 6 FCPATH\index.php(63): CodeIgniter\Boot::bootWeb(Object(Config\Paths))
WARNING - 2025-06-07 14:35:20 --> [DEPRECATED] Creation of dynamic property App\Controllers\Public\PageController::$page_title is deprecated in APPPATH\Controllers\Public\PageController.php on line 22.
 1 SYSTEMPATH\CodeIgniter.php(903): App\Controllers\Public\PageController->__construct()
 2 SYSTEMPATH\CodeIgniter.php(500): CodeIgniter\CodeIgniter->createController()
 3 SYSTEMPATH\CodeIgniter.php(355): CodeIgniter\CodeIgniter->handleRequest(null, Object(Config\Cache), false)
 4 SYSTEMPATH\Boot.php(325): CodeIgniter\CodeIgniter->run()
 5 SYSTEMPATH\Boot.php(67): CodeIgniter\Boot::runCodeIgniter(Object(CodeIgniter\CodeIgniter))
 6 FCPATH\index.php(63): CodeIgniter\Boot::bootWeb(Object(Config\Paths))
WARNING - 2025-06-07 14:35:30 --> [DEPRECATED] Passing lowercase HTTP method "get" is deprecated. Use uppercase HTTP method like "GET". in SYSTEMPATH\Router\RouteCollection.php on line 1027.
 1 SYSTEMPATH\Router\RouteCollection.php(1027): trigger_error('Passing lowercase HTTP method "get" is deprecated. Use uppercase HTTP method like "GET".', 16384)
 2 APPPATH\Config\Routes\AdminRoutes.php(65): CodeIgniter\Router\RouteCollection->match([...], 'send_test_mail', 'SettingsController::send_test_mail')
 3 SYSTEMPATH\Router\RouteCollection.php(800): App\Config\Routes\AdminRoutes::App\Config\Routes\{closure}(Object(CodeIgniter\Router\RouteCollection))
 4 APPPATH\Config\Routes\AdminRoutes.php(63): CodeIgniter\Router\RouteCollection->group('settings', [...], Object(Closure))
 5 SYSTEMPATH\Router\RouteCollection.php(800): App\Config\Routes\AdminRoutes::App\Config\Routes\{closure}(Object(CodeIgniter\Router\RouteCollection))
 6 APPPATH\Config\Routes\AdminRoutes.php(28): CodeIgniter\Router\RouteCollection->group('admin', [...], Object(Closure))
 7 APPPATH\Config\Routes.php(20): App\Config\Routes\AdminRoutes::init(Object(CodeIgniter\Router\RouteCollection))
 8 SYSTEMPATH\Router\RouteCollection.php(340): require('C:\\xampp\\htdocs\\smartstore\\app\\Config\\Routes.php')
 9 SYSTEMPATH\CodeIgniter.php(823): CodeIgniter\Router\RouteCollection->loadRoutes()
10 SYSTEMPATH\CodeIgniter.php(457): CodeIgniter\CodeIgniter->tryToRouteIt(null)
11 SYSTEMPATH\CodeIgniter.php(355): CodeIgniter\CodeIgniter->handleRequest(null, Object(Config\Cache), false)
12 SYSTEMPATH\Boot.php(325): CodeIgniter\CodeIgniter->run()
13 SYSTEMPATH\Boot.php(67): CodeIgniter\Boot::runCodeIgniter(Object(CodeIgniter\CodeIgniter))
14 FCPATH\index.php(63): CodeIgniter\Boot::bootWeb(Object(Config\Paths))
WARNING - 2025-06-07 14:35:30 --> [DEPRECATED] Passing lowercase HTTP method "post" is deprecated. Use uppercase HTTP method like "POST". in SYSTEMPATH\Router\RouteCollection.php on line 1027.
 1 SYSTEMPATH\Router\RouteCollection.php(1027): trigger_error('Passing lowercase HTTP method "post" is deprecated. Use uppercase HTTP method like "POST".', 16384)
 2 APPPATH\Config\Routes\AdminRoutes.php(65): CodeIgniter\Router\RouteCollection->match([...], 'send_test_mail', 'SettingsController::send_test_mail')
 3 SYSTEMPATH\Router\RouteCollection.php(800): App\Config\Routes\AdminRoutes::App\Config\Routes\{closure}(Object(CodeIgniter\Router\RouteCollection))
 4 APPPATH\Config\Routes\AdminRoutes.php(63): CodeIgniter\Router\RouteCollection->group('settings', [...], Object(Closure))
 5 SYSTEMPATH\Router\RouteCollection.php(800): App\Config\Routes\AdminRoutes::App\Config\Routes\{closure}(Object(CodeIgniter\Router\RouteCollection))
 6 APPPATH\Config\Routes\AdminRoutes.php(28): CodeIgniter\Router\RouteCollection->group('admin', [...], Object(Closure))
 7 APPPATH\Config\Routes.php(20): App\Config\Routes\AdminRoutes::init(Object(CodeIgniter\Router\RouteCollection))
 8 SYSTEMPATH\Router\RouteCollection.php(340): require('C:\\xampp\\htdocs\\smartstore\\app\\Config\\Routes.php')
 9 SYSTEMPATH\CodeIgniter.php(823): CodeIgniter\Router\RouteCollection->loadRoutes()
10 SYSTEMPATH\CodeIgniter.php(457): CodeIgniter\CodeIgniter->tryToRouteIt(null)
11 SYSTEMPATH\CodeIgniter.php(355): CodeIgniter\CodeIgniter->handleRequest(null, Object(Config\Cache), false)
12 SYSTEMPATH\Boot.php(325): CodeIgniter\CodeIgniter->run()
13 SYSTEMPATH\Boot.php(67): CodeIgniter\Boot::runCodeIgniter(Object(CodeIgniter\CodeIgniter))
14 FCPATH\index.php(63): CodeIgniter\Boot::bootWeb(Object(Config\Paths))
WARNING - 2025-06-07 14:35:30 --> [DEPRECATED] Passing lowercase HTTP method "get" is deprecated. Use uppercase HTTP method like "GET". in SYSTEMPATH\Router\RouteCollection.php on line 1027.
 1 SYSTEMPATH\Router\RouteCollection.php(1027): trigger_error('Passing lowercase HTTP method "get" is deprecated. Use uppercase HTTP method like "GET".', 16384)
 2 APPPATH\Config\Routes\AdminRoutes.php(76): CodeIgniter\Router\RouteCollection->match([...], 'elfinder_connector', 'FilemanagerController::elfinder_connector')
 3 SYSTEMPATH\Router\RouteCollection.php(800): App\Config\Routes\AdminRoutes::App\Config\Routes\{closure}(Object(CodeIgniter\Router\RouteCollection))
 4 APPPATH\Config\Routes\AdminRoutes.php(73): CodeIgniter\Router\RouteCollection->group('filemanager', [...], Object(Closure))
 5 SYSTEMPATH\Router\RouteCollection.php(800): App\Config\Routes\AdminRoutes::App\Config\Routes\{closure}(Object(CodeIgniter\Router\RouteCollection))
 6 APPPATH\Config\Routes\AdminRoutes.php(28): CodeIgniter\Router\RouteCollection->group('admin', [...], Object(Closure))
 7 APPPATH\Config\Routes.php(20): App\Config\Routes\AdminRoutes::init(Object(CodeIgniter\Router\RouteCollection))
 8 SYSTEMPATH\Router\RouteCollection.php(340): require('C:\\xampp\\htdocs\\smartstore\\app\\Config\\Routes.php')
 9 SYSTEMPATH\CodeIgniter.php(823): CodeIgniter\Router\RouteCollection->loadRoutes()
10 SYSTEMPATH\CodeIgniter.php(457): CodeIgniter\CodeIgniter->tryToRouteIt(null)
11 SYSTEMPATH\CodeIgniter.php(355): CodeIgniter\CodeIgniter->handleRequest(null, Object(Config\Cache), false)
12 SYSTEMPATH\Boot.php(325): CodeIgniter\CodeIgniter->run()
13 SYSTEMPATH\Boot.php(67): CodeIgniter\Boot::runCodeIgniter(Object(CodeIgniter\CodeIgniter))
14 FCPATH\index.php(63): CodeIgniter\Boot::bootWeb(Object(Config\Paths))
WARNING - 2025-06-07 14:35:30 --> [DEPRECATED] Passing lowercase HTTP method "post" is deprecated. Use uppercase HTTP method like "POST". in SYSTEMPATH\Router\RouteCollection.php on line 1027.
 1 SYSTEMPATH\Router\RouteCollection.php(1027): trigger_error('Passing lowercase HTTP method "post" is deprecated. Use uppercase HTTP method like "POST".', 16384)
 2 APPPATH\Config\Routes\AdminRoutes.php(76): CodeIgniter\Router\RouteCollection->match([...], 'elfinder_connector', 'FilemanagerController::elfinder_connector')
 3 SYSTEMPATH\Router\RouteCollection.php(800): App\Config\Routes\AdminRoutes::App\Config\Routes\{closure}(Object(CodeIgniter\Router\RouteCollection))
 4 APPPATH\Config\Routes\AdminRoutes.php(73): CodeIgniter\Router\RouteCollection->group('filemanager', [...], Object(Closure))
 5 SYSTEMPATH\Router\RouteCollection.php(800): App\Config\Routes\AdminRoutes::App\Config\Routes\{closure}(Object(CodeIgniter\Router\RouteCollection))
 6 APPPATH\Config\Routes\AdminRoutes.php(28): CodeIgniter\Router\RouteCollection->group('admin', [...], Object(Closure))
 7 APPPATH\Config\Routes.php(20): App\Config\Routes\AdminRoutes::init(Object(CodeIgniter\Router\RouteCollection))
 8 SYSTEMPATH\Router\RouteCollection.php(340): require('C:\\xampp\\htdocs\\smartstore\\app\\Config\\Routes.php')
 9 SYSTEMPATH\CodeIgniter.php(823): CodeIgniter\Router\RouteCollection->loadRoutes()
10 SYSTEMPATH\CodeIgniter.php(457): CodeIgniter\CodeIgniter->tryToRouteIt(null)
11 SYSTEMPATH\CodeIgniter.php(355): CodeIgniter\CodeIgniter->handleRequest(null, Object(Config\Cache), false)
12 SYSTEMPATH\Boot.php(325): CodeIgniter\CodeIgniter->run()
13 SYSTEMPATH\Boot.php(67): CodeIgniter\Boot::runCodeIgniter(Object(CodeIgniter\CodeIgniter))
14 FCPATH\index.php(63): CodeIgniter\Boot::bootWeb(Object(Config\Paths))
WARNING - 2025-06-07 14:35:30 --> [DEPRECATED] Passing lowercase HTTP method "get" is deprecated. Use uppercase HTTP method like "GET". in SYSTEMPATH\Router\RouteCollection.php on line 1027.
 1 SYSTEMPATH\Router\RouteCollection.php(1027): trigger_error('Passing lowercase HTTP method "get" is deprecated. Use uppercase HTTP method like "GET".', 16384)
 2 APPPATH\Config\Routes\AdminRoutes.php(172): CodeIgniter\Router\RouteCollection->match([...], 'sync_services/?(:num)?', 'ProvidersController::sync_services/$1')
 3 SYSTEMPATH\Router\RouteCollection.php(800): App\Config\Routes\AdminRoutes::App\Config\Routes\{closure}(Object(CodeIgniter\Router\RouteCollection))
 4 APPPATH\Config\Routes\AdminRoutes.php(167): CodeIgniter\Router\RouteCollection->group('providers', [...], Object(Closure))
 5 SYSTEMPATH\Router\RouteCollection.php(800): App\Config\Routes\AdminRoutes::App\Config\Routes\{closure}(Object(CodeIgniter\Router\RouteCollection))
 6 APPPATH\Config\Routes\AdminRoutes.php(28): CodeIgniter\Router\RouteCollection->group('admin', [...], Object(Closure))
 7 APPPATH\Config\Routes.php(20): App\Config\Routes\AdminRoutes::init(Object(CodeIgniter\Router\RouteCollection))
 8 SYSTEMPATH\Router\RouteCollection.php(340): require('C:\\xampp\\htdocs\\smartstore\\app\\Config\\Routes.php')
 9 SYSTEMPATH\CodeIgniter.php(823): CodeIgniter\Router\RouteCollection->loadRoutes()
10 SYSTEMPATH\CodeIgniter.php(457): CodeIgniter\CodeIgniter->tryToRouteIt(null)
11 SYSTEMPATH\CodeIgniter.php(355): CodeIgniter\CodeIgniter->handleRequest(null, Object(Config\Cache), false)
12 SYSTEMPATH\Boot.php(325): CodeIgniter\CodeIgniter->run()
13 SYSTEMPATH\Boot.php(67): CodeIgniter\Boot::runCodeIgniter(Object(CodeIgniter\CodeIgniter))
14 FCPATH\index.php(63): CodeIgniter\Boot::bootWeb(Object(Config\Paths))
WARNING - 2025-06-07 14:35:30 --> [DEPRECATED] Passing lowercase HTTP method "post" is deprecated. Use uppercase HTTP method like "POST". in SYSTEMPATH\Router\RouteCollection.php on line 1027.
 1 SYSTEMPATH\Router\RouteCollection.php(1027): trigger_error('Passing lowercase HTTP method "post" is deprecated. Use uppercase HTTP method like "POST".', 16384)
 2 APPPATH\Config\Routes\AdminRoutes.php(172): CodeIgniter\Router\RouteCollection->match([...], 'sync_services/?(:num)?', 'ProvidersController::sync_services/$1')
 3 SYSTEMPATH\Router\RouteCollection.php(800): App\Config\Routes\AdminRoutes::App\Config\Routes\{closure}(Object(CodeIgniter\Router\RouteCollection))
 4 APPPATH\Config\Routes\AdminRoutes.php(167): CodeIgniter\Router\RouteCollection->group('providers', [...], Object(Closure))
 5 SYSTEMPATH\Router\RouteCollection.php(800): App\Config\Routes\AdminRoutes::App\Config\Routes\{closure}(Object(CodeIgniter\Router\RouteCollection))
 6 APPPATH\Config\Routes\AdminRoutes.php(28): CodeIgniter\Router\RouteCollection->group('admin', [...], Object(Closure))
 7 APPPATH\Config\Routes.php(20): App\Config\Routes\AdminRoutes::init(Object(CodeIgniter\Router\RouteCollection))
 8 SYSTEMPATH\Router\RouteCollection.php(340): require('C:\\xampp\\htdocs\\smartstore\\app\\Config\\Routes.php')
 9 SYSTEMPATH\CodeIgniter.php(823): CodeIgniter\Router\RouteCollection->loadRoutes()
10 SYSTEMPATH\CodeIgniter.php(457): CodeIgniter\CodeIgniter->tryToRouteIt(null)
11 SYSTEMPATH\CodeIgniter.php(355): CodeIgniter\CodeIgniter->handleRequest(null, Object(Config\Cache), false)
12 SYSTEMPATH\Boot.php(325): CodeIgniter\CodeIgniter->run()
13 SYSTEMPATH\Boot.php(67): CodeIgniter\Boot::runCodeIgniter(Object(CodeIgniter\CodeIgniter))
14 FCPATH\index.php(63): CodeIgniter\Boot::bootWeb(Object(Config\Paths))
WARNING - 2025-06-07 14:35:30 --> [DEPRECATED] Passing lowercase HTTP method "get" is deprecated. Use uppercase HTTP method like "GET". in SYSTEMPATH\Router\RouteCollection.php on line 1027.
 1 SYSTEMPATH\Router\RouteCollection.php(1027): trigger_error('Passing lowercase HTTP method "get" is deprecated. Use uppercase HTTP method like "GET".', 16384)
 2 APPPATH\Config\Routes\AdminRoutes.php(185): CodeIgniter\Router\RouteCollection->match([...], 'add_note/?(:num)?', 'UsersController::add_note/$1')
 3 SYSTEMPATH\Router\RouteCollection.php(800): App\Config\Routes\AdminRoutes::App\Config\Routes\{closure}(Object(CodeIgniter\Router\RouteCollection))
 4 APPPATH\Config\Routes\AdminRoutes.php(182): CodeIgniter\Router\RouteCollection->group('users', [...], Object(Closure))
 5 SYSTEMPATH\Router\RouteCollection.php(800): App\Config\Routes\AdminRoutes::App\Config\Routes\{closure}(Object(CodeIgniter\Router\RouteCollection))
 6 APPPATH\Config\Routes\AdminRoutes.php(28): CodeIgniter\Router\RouteCollection->group('admin', [...], Object(Closure))
 7 APPPATH\Config\Routes.php(20): App\Config\Routes\AdminRoutes::init(Object(CodeIgniter\Router\RouteCollection))
 8 SYSTEMPATH\Router\RouteCollection.php(340): require('C:\\xampp\\htdocs\\smartstore\\app\\Config\\Routes.php')
 9 SYSTEMPATH\CodeIgniter.php(823): CodeIgniter\Router\RouteCollection->loadRoutes()
10 SYSTEMPATH\CodeIgniter.php(457): CodeIgniter\CodeIgniter->tryToRouteIt(null)
11 SYSTEMPATH\CodeIgniter.php(355): CodeIgniter\CodeIgniter->handleRequest(null, Object(Config\Cache), false)
12 SYSTEMPATH\Boot.php(325): CodeIgniter\CodeIgniter->run()
13 SYSTEMPATH\Boot.php(67): CodeIgniter\Boot::runCodeIgniter(Object(CodeIgniter\CodeIgniter))
14 FCPATH\index.php(63): CodeIgniter\Boot::bootWeb(Object(Config\Paths))
WARNING - 2025-06-07 14:35:30 --> [DEPRECATED] Passing lowercase HTTP method "post" is deprecated. Use uppercase HTTP method like "POST". in SYSTEMPATH\Router\RouteCollection.php on line 1027.
 1 SYSTEMPATH\Router\RouteCollection.php(1027): trigger_error('Passing lowercase HTTP method "post" is deprecated. Use uppercase HTTP method like "POST".', 16384)
 2 APPPATH\Config\Routes\AdminRoutes.php(185): CodeIgniter\Router\RouteCollection->match([...], 'add_note/?(:num)?', 'UsersController::add_note/$1')
 3 SYSTEMPATH\Router\RouteCollection.php(800): App\Config\Routes\AdminRoutes::App\Config\Routes\{closure}(Object(CodeIgniter\Router\RouteCollection))
 4 APPPATH\Config\Routes\AdminRoutes.php(182): CodeIgniter\Router\RouteCollection->group('users', [...], Object(Closure))
 5 SYSTEMPATH\Router\RouteCollection.php(800): App\Config\Routes\AdminRoutes::App\Config\Routes\{closure}(Object(CodeIgniter\Router\RouteCollection))
 6 APPPATH\Config\Routes\AdminRoutes.php(28): CodeIgniter\Router\RouteCollection->group('admin', [...], Object(Closure))
 7 APPPATH\Config\Routes.php(20): App\Config\Routes\AdminRoutes::init(Object(CodeIgniter\Router\RouteCollection))
 8 SYSTEMPATH\Router\RouteCollection.php(340): require('C:\\xampp\\htdocs\\smartstore\\app\\Config\\Routes.php')
 9 SYSTEMPATH\CodeIgniter.php(823): CodeIgniter\Router\RouteCollection->loadRoutes()
10 SYSTEMPATH\CodeIgniter.php(457): CodeIgniter\CodeIgniter->tryToRouteIt(null)
11 SYSTEMPATH\CodeIgniter.php(355): CodeIgniter\CodeIgniter->handleRequest(null, Object(Config\Cache), false)
12 SYSTEMPATH\Boot.php(325): CodeIgniter\CodeIgniter->run()
13 SYSTEMPATH\Boot.php(67): CodeIgniter\Boot::runCodeIgniter(Object(CodeIgniter\CodeIgniter))
14 FCPATH\index.php(63): CodeIgniter\Boot::bootWeb(Object(Config\Paths))
WARNING - 2025-06-07 14:35:30 --> [DEPRECATED] Passing lowercase HTTP method "get" is deprecated. Use uppercase HTTP method like "GET". in SYSTEMPATH\Router\RouteCollection.php on line 1027.
 1 SYSTEMPATH\Router\RouteCollection.php(1027): trigger_error('Passing lowercase HTTP method "get" is deprecated. Use uppercase HTTP method like "GET".', 16384)
 2 APPPATH\Config\Routes\AdminRoutes.php(186): CodeIgniter\Router\RouteCollection->match([...], 'send_mail/?(:num)?', 'UsersController::send_mail/$1')
 3 SYSTEMPATH\Router\RouteCollection.php(800): App\Config\Routes\AdminRoutes::App\Config\Routes\{closure}(Object(CodeIgniter\Router\RouteCollection))
 4 APPPATH\Config\Routes\AdminRoutes.php(182): CodeIgniter\Router\RouteCollection->group('users', [...], Object(Closure))
 5 SYSTEMPATH\Router\RouteCollection.php(800): App\Config\Routes\AdminRoutes::App\Config\Routes\{closure}(Object(CodeIgniter\Router\RouteCollection))
 6 APPPATH\Config\Routes\AdminRoutes.php(28): CodeIgniter\Router\RouteCollection->group('admin', [...], Object(Closure))
 7 APPPATH\Config\Routes.php(20): App\Config\Routes\AdminRoutes::init(Object(CodeIgniter\Router\RouteCollection))
 8 SYSTEMPATH\Router\RouteCollection.php(340): require('C:\\xampp\\htdocs\\smartstore\\app\\Config\\Routes.php')
 9 SYSTEMPATH\CodeIgniter.php(823): CodeIgniter\Router\RouteCollection->loadRoutes()
10 SYSTEMPATH\CodeIgniter.php(457): CodeIgniter\CodeIgniter->tryToRouteIt(null)
11 SYSTEMPATH\CodeIgniter.php(355): CodeIgniter\CodeIgniter->handleRequest(null, Object(Config\Cache), false)
12 SYSTEMPATH\Boot.php(325): CodeIgniter\CodeIgniter->run()
13 SYSTEMPATH\Boot.php(67): CodeIgniter\Boot::runCodeIgniter(Object(CodeIgniter\CodeIgniter))
14 FCPATH\index.php(63): CodeIgniter\Boot::bootWeb(Object(Config\Paths))
WARNING - 2025-06-07 14:35:30 --> [DEPRECATED] Passing lowercase HTTP method "post" is deprecated. Use uppercase HTTP method like "POST". in SYSTEMPATH\Router\RouteCollection.php on line 1027.
 1 SYSTEMPATH\Router\RouteCollection.php(1027): trigger_error('Passing lowercase HTTP method "post" is deprecated. Use uppercase HTTP method like "POST".', 16384)
 2 APPPATH\Config\Routes\AdminRoutes.php(186): CodeIgniter\Router\RouteCollection->match([...], 'send_mail/?(:num)?', 'UsersController::send_mail/$1')
 3 SYSTEMPATH\Router\RouteCollection.php(800): App\Config\Routes\AdminRoutes::App\Config\Routes\{closure}(Object(CodeIgniter\Router\RouteCollection))
 4 APPPATH\Config\Routes\AdminRoutes.php(182): CodeIgniter\Router\RouteCollection->group('users', [...], Object(Closure))
 5 SYSTEMPATH\Router\RouteCollection.php(800): App\Config\Routes\AdminRoutes::App\Config\Routes\{closure}(Object(CodeIgniter\Router\RouteCollection))
 6 APPPATH\Config\Routes\AdminRoutes.php(28): CodeIgniter\Router\RouteCollection->group('admin', [...], Object(Closure))
 7 APPPATH\Config\Routes.php(20): App\Config\Routes\AdminRoutes::init(Object(CodeIgniter\Router\RouteCollection))
 8 SYSTEMPATH\Router\RouteCollection.php(340): require('C:\\xampp\\htdocs\\smartstore\\app\\Config\\Routes.php')
 9 SYSTEMPATH\CodeIgniter.php(823): CodeIgniter\Router\RouteCollection->loadRoutes()
10 SYSTEMPATH\CodeIgniter.php(457): CodeIgniter\CodeIgniter->tryToRouteIt(null)
11 SYSTEMPATH\CodeIgniter.php(355): CodeIgniter\CodeIgniter->handleRequest(null, Object(Config\Cache), false)
12 SYSTEMPATH\Boot.php(325): CodeIgniter\CodeIgniter->run()
13 SYSTEMPATH\Boot.php(67): CodeIgniter\Boot::runCodeIgniter(Object(CodeIgniter\CodeIgniter))
14 FCPATH\index.php(63): CodeIgniter\Boot::bootWeb(Object(Config\Paths))
WARNING - 2025-06-07 14:35:30 --> [DEPRECATED] Passing lowercase HTTP method "get" is deprecated. Use uppercase HTTP method like "GET". in SYSTEMPATH\Router\RouteCollection.php on line 1027.
 1 SYSTEMPATH\Router\RouteCollection.php(1027): trigger_error('Passing lowercase HTTP method "get" is deprecated. Use uppercase HTTP method like "GET".', 16384)
 2 APPPATH\Config\Routes\AdminRoutes.php(215): CodeIgniter\Router\RouteCollection->match([...], 'send_mail/?(:num)?', 'TicketsController::send_mail/$1')
 3 SYSTEMPATH\Router\RouteCollection.php(800): App\Config\Routes\AdminRoutes::App\Config\Routes\{closure}(Object(CodeIgniter\Router\RouteCollection))
 4 APPPATH\Config\Routes\AdminRoutes.php(212): CodeIgniter\Router\RouteCollection->group('tickets', [...], Object(Closure))
 5 SYSTEMPATH\Router\RouteCollection.php(800): App\Config\Routes\AdminRoutes::App\Config\Routes\{closure}(Object(CodeIgniter\Router\RouteCollection))
 6 APPPATH\Config\Routes\AdminRoutes.php(28): CodeIgniter\Router\RouteCollection->group('admin', [...], Object(Closure))
 7 APPPATH\Config\Routes.php(20): App\Config\Routes\AdminRoutes::init(Object(CodeIgniter\Router\RouteCollection))
 8 SYSTEMPATH\Router\RouteCollection.php(340): require('C:\\xampp\\htdocs\\smartstore\\app\\Config\\Routes.php')
 9 SYSTEMPATH\CodeIgniter.php(823): CodeIgniter\Router\RouteCollection->loadRoutes()
10 SYSTEMPATH\CodeIgniter.php(457): CodeIgniter\CodeIgniter->tryToRouteIt(null)
11 SYSTEMPATH\CodeIgniter.php(355): CodeIgniter\CodeIgniter->handleRequest(null, Object(Config\Cache), false)
12 SYSTEMPATH\Boot.php(325): CodeIgniter\CodeIgniter->run()
13 SYSTEMPATH\Boot.php(67): CodeIgniter\Boot::runCodeIgniter(Object(CodeIgniter\CodeIgniter))
14 FCPATH\index.php(63): CodeIgniter\Boot::bootWeb(Object(Config\Paths))
WARNING - 2025-06-07 14:35:30 --> [DEPRECATED] Passing lowercase HTTP method "post" is deprecated. Use uppercase HTTP method like "POST". in SYSTEMPATH\Router\RouteCollection.php on line 1027.
 1 SYSTEMPATH\Router\RouteCollection.php(1027): trigger_error('Passing lowercase HTTP method "post" is deprecated. Use uppercase HTTP method like "POST".', 16384)
 2 APPPATH\Config\Routes\AdminRoutes.php(215): CodeIgniter\Router\RouteCollection->match([...], 'send_mail/?(:num)?', 'TicketsController::send_mail/$1')
 3 SYSTEMPATH\Router\RouteCollection.php(800): App\Config\Routes\AdminRoutes::App\Config\Routes\{closure}(Object(CodeIgniter\Router\RouteCollection))
 4 APPPATH\Config\Routes\AdminRoutes.php(212): CodeIgniter\Router\RouteCollection->group('tickets', [...], Object(Closure))
 5 SYSTEMPATH\Router\RouteCollection.php(800): App\Config\Routes\AdminRoutes::App\Config\Routes\{closure}(Object(CodeIgniter\Router\RouteCollection))
 6 APPPATH\Config\Routes\AdminRoutes.php(28): CodeIgniter\Router\RouteCollection->group('admin', [...], Object(Closure))
 7 APPPATH\Config\Routes.php(20): App\Config\Routes\AdminRoutes::init(Object(CodeIgniter\Router\RouteCollection))
 8 SYSTEMPATH\Router\RouteCollection.php(340): require('C:\\xampp\\htdocs\\smartstore\\app\\Config\\Routes.php')
 9 SYSTEMPATH\CodeIgniter.php(823): CodeIgniter\Router\RouteCollection->loadRoutes()
10 SYSTEMPATH\CodeIgniter.php(457): CodeIgniter\CodeIgniter->tryToRouteIt(null)
11 SYSTEMPATH\CodeIgniter.php(355): CodeIgniter\CodeIgniter->handleRequest(null, Object(Config\Cache), false)
12 SYSTEMPATH\Boot.php(325): CodeIgniter\CodeIgniter->run()
13 SYSTEMPATH\Boot.php(67): CodeIgniter\Boot::runCodeIgniter(Object(CodeIgniter\CodeIgniter))
14 FCPATH\index.php(63): CodeIgniter\Boot::bootWeb(Object(Config\Paths))
WARNING - 2025-06-07 14:35:30 --> [DEPRECATED] Passing lowercase HTTP method "get" is deprecated. Use uppercase HTTP method like "GET". in SYSTEMPATH\Router\RouteCollection.php on line 1027.
 1 SYSTEMPATH\Router\RouteCollection.php(1027): trigger_error('Passing lowercase HTTP method "get" is deprecated. Use uppercase HTTP method like "GET".', 16384)
 2 APPPATH\Config\Routes\UserRoutes.php(49): CodeIgniter\Router\RouteCollection->match([...], 'submit_review', 'ClientController::submit_review', [...])
 3 APPPATH\Config\Routes\UserRoutes.php(23): App\Config\Routes\UserRoutes::defineRoutes(Object(CodeIgniter\Router\RouteCollection))
 4 APPPATH\Config\Routes.php(21): App\Config\Routes\UserRoutes::init(Object(CodeIgniter\Router\RouteCollection))
 5 SYSTEMPATH\Router\RouteCollection.php(340): require('C:\\xampp\\htdocs\\smartstore\\app\\Config\\Routes.php')
 6 SYSTEMPATH\CodeIgniter.php(823): CodeIgniter\Router\RouteCollection->loadRoutes()
 7 SYSTEMPATH\CodeIgniter.php(457): CodeIgniter\CodeIgniter->tryToRouteIt(null)
 8 SYSTEMPATH\CodeIgniter.php(355): CodeIgniter\CodeIgniter->handleRequest(null, Object(Config\Cache), false)
 9 SYSTEMPATH\Boot.php(325): CodeIgniter\CodeIgniter->run()
10 SYSTEMPATH\Boot.php(67): CodeIgniter\Boot::runCodeIgniter(Object(CodeIgniter\CodeIgniter))
11 FCPATH\index.php(63): CodeIgniter\Boot::bootWeb(Object(Config\Paths))
WARNING - 2025-06-07 14:35:30 --> [DEPRECATED] Passing lowercase HTTP method "post" is deprecated. Use uppercase HTTP method like "POST". in SYSTEMPATH\Router\RouteCollection.php on line 1027.
 1 SYSTEMPATH\Router\RouteCollection.php(1027): trigger_error('Passing lowercase HTTP method "post" is deprecated. Use uppercase HTTP method like "POST".', 16384)
 2 APPPATH\Config\Routes\UserRoutes.php(49): CodeIgniter\Router\RouteCollection->match([...], 'submit_review', 'ClientController::submit_review', [...])
 3 APPPATH\Config\Routes\UserRoutes.php(23): App\Config\Routes\UserRoutes::defineRoutes(Object(CodeIgniter\Router\RouteCollection))
 4 APPPATH\Config\Routes.php(21): App\Config\Routes\UserRoutes::init(Object(CodeIgniter\Router\RouteCollection))
 5 SYSTEMPATH\Router\RouteCollection.php(340): require('C:\\xampp\\htdocs\\smartstore\\app\\Config\\Routes.php')
 6 SYSTEMPATH\CodeIgniter.php(823): CodeIgniter\Router\RouteCollection->loadRoutes()
 7 SYSTEMPATH\CodeIgniter.php(457): CodeIgniter\CodeIgniter->tryToRouteIt(null)
 8 SYSTEMPATH\CodeIgniter.php(355): CodeIgniter\CodeIgniter->handleRequest(null, Object(Config\Cache), false)
 9 SYSTEMPATH\Boot.php(325): CodeIgniter\CodeIgniter->run()
10 SYSTEMPATH\Boot.php(67): CodeIgniter\Boot::runCodeIgniter(Object(CodeIgniter\CodeIgniter))
11 FCPATH\index.php(63): CodeIgniter\Boot::bootWeb(Object(Config\Paths))
WARNING - 2025-06-07 14:35:30 --> [DEPRECATED] Passing lowercase HTTP method "get" is deprecated. Use uppercase HTTP method like "GET". in SYSTEMPATH\Router\RouteCollection.php on line 1027.
 1 SYSTEMPATH\Router\RouteCollection.php(1027): trigger_error('Passing lowercase HTTP method "get" is deprecated. Use uppercase HTTP method like "GET".', 16384)
 2 APPPATH\Config\Routes\UserRoutes.php(63): CodeIgniter\Router\RouteCollection->match([...], 'track-order', 'OrderController::track_order', [...])
 3 APPPATH\Config\Routes\UserRoutes.php(23): App\Config\Routes\UserRoutes::defineRoutes(Object(CodeIgniter\Router\RouteCollection))
 4 APPPATH\Config\Routes.php(21): App\Config\Routes\UserRoutes::init(Object(CodeIgniter\Router\RouteCollection))
 5 SYSTEMPATH\Router\RouteCollection.php(340): require('C:\\xampp\\htdocs\\smartstore\\app\\Config\\Routes.php')
 6 SYSTEMPATH\CodeIgniter.php(823): CodeIgniter\Router\RouteCollection->loadRoutes()
 7 SYSTEMPATH\CodeIgniter.php(457): CodeIgniter\CodeIgniter->tryToRouteIt(null)
 8 SYSTEMPATH\CodeIgniter.php(355): CodeIgniter\CodeIgniter->handleRequest(null, Object(Config\Cache), false)
 9 SYSTEMPATH\Boot.php(325): CodeIgniter\CodeIgniter->run()
10 SYSTEMPATH\Boot.php(67): CodeIgniter\Boot::runCodeIgniter(Object(CodeIgniter\CodeIgniter))
11 FCPATH\index.php(63): CodeIgniter\Boot::bootWeb(Object(Config\Paths))
WARNING - 2025-06-07 14:35:30 --> [DEPRECATED] Passing lowercase HTTP method "post" is deprecated. Use uppercase HTTP method like "POST". in SYSTEMPATH\Router\RouteCollection.php on line 1027.
 1 SYSTEMPATH\Router\RouteCollection.php(1027): trigger_error('Passing lowercase HTTP method "post" is deprecated. Use uppercase HTTP method like "POST".', 16384)
 2 APPPATH\Config\Routes\UserRoutes.php(63): CodeIgniter\Router\RouteCollection->match([...], 'track-order', 'OrderController::track_order', [...])
 3 APPPATH\Config\Routes\UserRoutes.php(23): App\Config\Routes\UserRoutes::defineRoutes(Object(CodeIgniter\Router\RouteCollection))
 4 APPPATH\Config\Routes.php(21): App\Config\Routes\UserRoutes::init(Object(CodeIgniter\Router\RouteCollection))
 5 SYSTEMPATH\Router\RouteCollection.php(340): require('C:\\xampp\\htdocs\\smartstore\\app\\Config\\Routes.php')
 6 SYSTEMPATH\CodeIgniter.php(823): CodeIgniter\Router\RouteCollection->loadRoutes()
 7 SYSTEMPATH\CodeIgniter.php(457): CodeIgniter\CodeIgniter->tryToRouteIt(null)
 8 SYSTEMPATH\CodeIgniter.php(355): CodeIgniter\CodeIgniter->handleRequest(null, Object(Config\Cache), false)
 9 SYSTEMPATH\Boot.php(325): CodeIgniter\CodeIgniter->run()
10 SYSTEMPATH\Boot.php(67): CodeIgniter\Boot::runCodeIgniter(Object(CodeIgniter\CodeIgniter))
11 FCPATH\index.php(63): CodeIgniter\Boot::bootWeb(Object(Config\Paths))
WARNING - 2025-06-07 14:35:30 --> [DEPRECATED] Passing lowercase HTTP method "get" is deprecated. Use uppercase HTTP method like "GET". in SYSTEMPATH\Router\RouteCollection.php on line 1027.
 1 SYSTEMPATH\Router\RouteCollection.php(1027): trigger_error('Passing lowercase HTTP method "get" is deprecated. Use uppercase HTTP method like "GET".', 16384)
 2 APPPATH\Config\Routes\UserRoutes.php(49): CodeIgniter\Router\RouteCollection->match([...], 'submit_review', 'ClientController::submit_review', [...])
 3 APPPATH\Config\Routes\UserRoutes.php(26): App\Config\Routes\UserRoutes::defineRoutes(Object(CodeIgniter\Router\RouteCollection))
 4 SYSTEMPATH\Router\RouteCollection.php(800): App\Config\Routes\UserRoutes::App\Config\Routes\{closure}(Object(CodeIgniter\Router\RouteCollection))
 5 APPPATH\Config\Routes\UserRoutes.php(25): CodeIgniter\Router\RouteCollection->group('{locale}', Object(Closure))
 6 APPPATH\Config\Routes.php(21): App\Config\Routes\UserRoutes::init(Object(CodeIgniter\Router\RouteCollection))
 7 SYSTEMPATH\Router\RouteCollection.php(340): require('C:\\xampp\\htdocs\\smartstore\\app\\Config\\Routes.php')
 8 SYSTEMPATH\CodeIgniter.php(823): CodeIgniter\Router\RouteCollection->loadRoutes()
 9 SYSTEMPATH\CodeIgniter.php(457): CodeIgniter\CodeIgniter->tryToRouteIt(null)
10 SYSTEMPATH\CodeIgniter.php(355): CodeIgniter\CodeIgniter->handleRequest(null, Object(Config\Cache), false)
11 SYSTEMPATH\Boot.php(325): CodeIgniter\CodeIgniter->run()
12 SYSTEMPATH\Boot.php(67): CodeIgniter\Boot::runCodeIgniter(Object(CodeIgniter\CodeIgniter))
13 FCPATH\index.php(63): CodeIgniter\Boot::bootWeb(Object(Config\Paths))
WARNING - 2025-06-07 14:35:30 --> [DEPRECATED] Passing lowercase HTTP method "post" is deprecated. Use uppercase HTTP method like "POST". in SYSTEMPATH\Router\RouteCollection.php on line 1027.
 1 SYSTEMPATH\Router\RouteCollection.php(1027): trigger_error('Passing lowercase HTTP method "post" is deprecated. Use uppercase HTTP method like "POST".', 16384)
 2 APPPATH\Config\Routes\UserRoutes.php(49): CodeIgniter\Router\RouteCollection->match([...], 'submit_review', 'ClientController::submit_review', [...])
 3 APPPATH\Config\Routes\UserRoutes.php(26): App\Config\Routes\UserRoutes::defineRoutes(Object(CodeIgniter\Router\RouteCollection))
 4 SYSTEMPATH\Router\RouteCollection.php(800): App\Config\Routes\UserRoutes::App\Config\Routes\{closure}(Object(CodeIgniter\Router\RouteCollection))
 5 APPPATH\Config\Routes\UserRoutes.php(25): CodeIgniter\Router\RouteCollection->group('{locale}', Object(Closure))
 6 APPPATH\Config\Routes.php(21): App\Config\Routes\UserRoutes::init(Object(CodeIgniter\Router\RouteCollection))
 7 SYSTEMPATH\Router\RouteCollection.php(340): require('C:\\xampp\\htdocs\\smartstore\\app\\Config\\Routes.php')
 8 SYSTEMPATH\CodeIgniter.php(823): CodeIgniter\Router\RouteCollection->loadRoutes()
 9 SYSTEMPATH\CodeIgniter.php(457): CodeIgniter\CodeIgniter->tryToRouteIt(null)
10 SYSTEMPATH\CodeIgniter.php(355): CodeIgniter\CodeIgniter->handleRequest(null, Object(Config\Cache), false)
11 SYSTEMPATH\Boot.php(325): CodeIgniter\CodeIgniter->run()
12 SYSTEMPATH\Boot.php(67): CodeIgniter\Boot::runCodeIgniter(Object(CodeIgniter\CodeIgniter))
13 FCPATH\index.php(63): CodeIgniter\Boot::bootWeb(Object(Config\Paths))
WARNING - 2025-06-07 14:35:30 --> [DEPRECATED] Passing lowercase HTTP method "get" is deprecated. Use uppercase HTTP method like "GET". in SYSTEMPATH\Router\RouteCollection.php on line 1027.
 1 SYSTEMPATH\Router\RouteCollection.php(1027): trigger_error('Passing lowercase HTTP method "get" is deprecated. Use uppercase HTTP method like "GET".', 16384)
 2 APPPATH\Config\Routes\UserRoutes.php(63): CodeIgniter\Router\RouteCollection->match([...], 'track-order', 'OrderController::track_order', [...])
 3 APPPATH\Config\Routes\UserRoutes.php(26): App\Config\Routes\UserRoutes::defineRoutes(Object(CodeIgniter\Router\RouteCollection))
 4 SYSTEMPATH\Router\RouteCollection.php(800): App\Config\Routes\UserRoutes::App\Config\Routes\{closure}(Object(CodeIgniter\Router\RouteCollection))
 5 APPPATH\Config\Routes\UserRoutes.php(25): CodeIgniter\Router\RouteCollection->group('{locale}', Object(Closure))
 6 APPPATH\Config\Routes.php(21): App\Config\Routes\UserRoutes::init(Object(CodeIgniter\Router\RouteCollection))
 7 SYSTEMPATH\Router\RouteCollection.php(340): require('C:\\xampp\\htdocs\\smartstore\\app\\Config\\Routes.php')
 8 SYSTEMPATH\CodeIgniter.php(823): CodeIgniter\Router\RouteCollection->loadRoutes()
 9 SYSTEMPATH\CodeIgniter.php(457): CodeIgniter\CodeIgniter->tryToRouteIt(null)
10 SYSTEMPATH\CodeIgniter.php(355): CodeIgniter\CodeIgniter->handleRequest(null, Object(Config\Cache), false)
11 SYSTEMPATH\Boot.php(325): CodeIgniter\CodeIgniter->run()
12 SYSTEMPATH\Boot.php(67): CodeIgniter\Boot::runCodeIgniter(Object(CodeIgniter\CodeIgniter))
13 FCPATH\index.php(63): CodeIgniter\Boot::bootWeb(Object(Config\Paths))
WARNING - 2025-06-07 14:35:30 --> [DEPRECATED] Passing lowercase HTTP method "post" is deprecated. Use uppercase HTTP method like "POST". in SYSTEMPATH\Router\RouteCollection.php on line 1027.
 1 SYSTEMPATH\Router\RouteCollection.php(1027): trigger_error('Passing lowercase HTTP method "post" is deprecated. Use uppercase HTTP method like "POST".', 16384)
 2 APPPATH\Config\Routes\UserRoutes.php(63): CodeIgniter\Router\RouteCollection->match([...], 'track-order', 'OrderController::track_order', [...])
 3 APPPATH\Config\Routes\UserRoutes.php(26): App\Config\Routes\UserRoutes::defineRoutes(Object(CodeIgniter\Router\RouteCollection))
 4 SYSTEMPATH\Router\RouteCollection.php(800): App\Config\Routes\UserRoutes::App\Config\Routes\{closure}(Object(CodeIgniter\Router\RouteCollection))
 5 APPPATH\Config\Routes\UserRoutes.php(25): CodeIgniter\Router\RouteCollection->group('{locale}', Object(Closure))
 6 APPPATH\Config\Routes.php(21): App\Config\Routes\UserRoutes::init(Object(CodeIgniter\Router\RouteCollection))
 7 SYSTEMPATH\Router\RouteCollection.php(340): require('C:\\xampp\\htdocs\\smartstore\\app\\Config\\Routes.php')
 8 SYSTEMPATH\CodeIgniter.php(823): CodeIgniter\Router\RouteCollection->loadRoutes()
 9 SYSTEMPATH\CodeIgniter.php(457): CodeIgniter\CodeIgniter->tryToRouteIt(null)
10 SYSTEMPATH\CodeIgniter.php(355): CodeIgniter\CodeIgniter->handleRequest(null, Object(Config\Cache), false)
11 SYSTEMPATH\Boot.php(325): CodeIgniter\CodeIgniter->run()
12 SYSTEMPATH\Boot.php(67): CodeIgniter\Boot::runCodeIgniter(Object(CodeIgniter\CodeIgniter))
13 FCPATH\index.php(63): CodeIgniter\Boot::bootWeb(Object(Config\Paths))
INFO - 2025-06-07 14:35:30 --> Session: Class initialized using 'CodeIgniter\Session\Handlers\FileHandler' driver.
WARNING - 2025-06-07 14:35:30 --> [DEPRECATED] Creation of dynamic property App\Controllers\Public\PageController::$load_files is deprecated in APPPATH\Controllers\Public\PageController.php on line 21.
 1 SYSTEMPATH\CodeIgniter.php(903): App\Controllers\Public\PageController->__construct()
 2 SYSTEMPATH\CodeIgniter.php(500): CodeIgniter\CodeIgniter->createController()
 3 SYSTEMPATH\CodeIgniter.php(355): CodeIgniter\CodeIgniter->handleRequest(null, Object(Config\Cache), false)
 4 SYSTEMPATH\Boot.php(325): CodeIgniter\CodeIgniter->run()
 5 SYSTEMPATH\Boot.php(67): CodeIgniter\Boot::runCodeIgniter(Object(CodeIgniter\CodeIgniter))
 6 FCPATH\index.php(63): CodeIgniter\Boot::bootWeb(Object(Config\Paths))
WARNING - 2025-06-07 14:35:30 --> [DEPRECATED] Creation of dynamic property App\Controllers\Public\PageController::$page_title is deprecated in APPPATH\Controllers\Public\PageController.php on line 22.
 1 SYSTEMPATH\CodeIgniter.php(903): App\Controllers\Public\PageController->__construct()
 2 SYSTEMPATH\CodeIgniter.php(500): CodeIgniter\CodeIgniter->createController()
 3 SYSTEMPATH\CodeIgniter.php(355): CodeIgniter\CodeIgniter->handleRequest(null, Object(Config\Cache), false)
 4 SYSTEMPATH\Boot.php(325): CodeIgniter\CodeIgniter->run()
 5 SYSTEMPATH\Boot.php(67): CodeIgniter\Boot::runCodeIgniter(Object(CodeIgniter\CodeIgniter))
 6 FCPATH\index.php(63): CodeIgniter\Boot::bootWeb(Object(Config\Paths))
