WARNING - 2025-06-09 13:05:38 --> [DEPRECATED] Passing lowercase HTTP method "get" is deprecated. Use uppercase HTTP method like "GET". in SYSTEMPATH\Router\RouteCollection.php on line 1027.
 1 SYSTEMPATH\Router\RouteCollection.php(1027): trigger_error('Passing lowercase HTTP method "get" is deprecated. Use uppercase HTTP method like "GET".', 16384)
 2 APPPATH\Config\Routes\AdminRoutes.php(65): CodeIgniter\Router\RouteCollection->match([...], 'send_test_mail', 'SettingsController::send_test_mail')
 3 SYSTEMPATH\Router\RouteCollection.php(800): App\Config\Routes\AdminRoutes::App\Config\Routes\{closure}(Object(CodeIgniter\Router\RouteCollection))
 4 APPPATH\Config\Routes\AdminRoutes.php(63): CodeIgniter\Router\RouteCollection->group('settings', [...], Object(Closure))
 5 SYSTEMPATH\Router\RouteCollection.php(800): App\Config\Routes\AdminRoutes::App\Config\Routes\{closure}(Object(CodeIgniter\Router\RouteCollection))
 6 APPPATH\Config\Routes\AdminRoutes.php(28): CodeIgniter\Router\RouteCollection->group('admin', [...], Object(Closure))
 7 APPPATH\Config\Routes.php(20): App\Config\Routes\AdminRoutes::init(Object(CodeIgniter\Router\RouteCollection))
 8 SYSTEMPATH\Router\RouteCollection.php(340): require('C:\\xampp\\htdocs\\smartstore\\app\\Config\\Routes.php')
 9 SYSTEMPATH\CodeIgniter.php(823): CodeIgniter\Router\RouteCollection->loadRoutes()
10 SYSTEMPATH\CodeIgniter.php(457): CodeIgniter\CodeIgniter->tryToRouteIt(null)
11 SYSTEMPATH\CodeIgniter.php(355): CodeIgniter\CodeIgniter->handleRequest(null, Object(Config\Cache), false)
12 SYSTEMPATH\Boot.php(325): CodeIgniter\CodeIgniter->run()
13 SYSTEMPATH\Boot.php(67): CodeIgniter\Boot::runCodeIgniter(Object(CodeIgniter\CodeIgniter))
14 FCPATH\index.php(63): CodeIgniter\Boot::bootWeb(Object(Config\Paths))
WARNING - 2025-06-09 13:05:38 --> [DEPRECATED] Passing lowercase HTTP method "post" is deprecated. Use uppercase HTTP method like "POST". in SYSTEMPATH\Router\RouteCollection.php on line 1027.
 1 SYSTEMPATH\Router\RouteCollection.php(1027): trigger_error('Passing lowercase HTTP method "post" is deprecated. Use uppercase HTTP method like "POST".', 16384)
 2 APPPATH\Config\Routes\AdminRoutes.php(65): CodeIgniter\Router\RouteCollection->match([...], 'send_test_mail', 'SettingsController::send_test_mail')
 3 SYSTEMPATH\Router\RouteCollection.php(800): App\Config\Routes\AdminRoutes::App\Config\Routes\{closure}(Object(CodeIgniter\Router\RouteCollection))
 4 APPPATH\Config\Routes\AdminRoutes.php(63): CodeIgniter\Router\RouteCollection->group('settings', [...], Object(Closure))
 5 SYSTEMPATH\Router\RouteCollection.php(800): App\Config\Routes\AdminRoutes::App\Config\Routes\{closure}(Object(CodeIgniter\Router\RouteCollection))
 6 APPPATH\Config\Routes\AdminRoutes.php(28): CodeIgniter\Router\RouteCollection->group('admin', [...], Object(Closure))
 7 APPPATH\Config\Routes.php(20): App\Config\Routes\AdminRoutes::init(Object(CodeIgniter\Router\RouteCollection))
 8 SYSTEMPATH\Router\RouteCollection.php(340): require('C:\\xampp\\htdocs\\smartstore\\app\\Config\\Routes.php')
 9 SYSTEMPATH\CodeIgniter.php(823): CodeIgniter\Router\RouteCollection->loadRoutes()
10 SYSTEMPATH\CodeIgniter.php(457): CodeIgniter\CodeIgniter->tryToRouteIt(null)
11 SYSTEMPATH\CodeIgniter.php(355): CodeIgniter\CodeIgniter->handleRequest(null, Object(Config\Cache), false)
12 SYSTEMPATH\Boot.php(325): CodeIgniter\CodeIgniter->run()
13 SYSTEMPATH\Boot.php(67): CodeIgniter\Boot::runCodeIgniter(Object(CodeIgniter\CodeIgniter))
14 FCPATH\index.php(63): CodeIgniter\Boot::bootWeb(Object(Config\Paths))
WARNING - 2025-06-09 13:05:38 --> [DEPRECATED] Passing lowercase HTTP method "get" is deprecated. Use uppercase HTTP method like "GET". in SYSTEMPATH\Router\RouteCollection.php on line 1027.
 1 SYSTEMPATH\Router\RouteCollection.php(1027): trigger_error('Passing lowercase HTTP method "get" is deprecated. Use uppercase HTTP method like "GET".', 16384)
 2 APPPATH\Config\Routes\AdminRoutes.php(76): CodeIgniter\Router\RouteCollection->match([...], 'elfinder_connector', 'FilemanagerController::elfinder_connector')
 3 SYSTEMPATH\Router\RouteCollection.php(800): App\Config\Routes\AdminRoutes::App\Config\Routes\{closure}(Object(CodeIgniter\Router\RouteCollection))
 4 APPPATH\Config\Routes\AdminRoutes.php(73): CodeIgniter\Router\RouteCollection->group('filemanager', [...], Object(Closure))
 5 SYSTEMPATH\Router\RouteCollection.php(800): App\Config\Routes\AdminRoutes::App\Config\Routes\{closure}(Object(CodeIgniter\Router\RouteCollection))
 6 APPPATH\Config\Routes\AdminRoutes.php(28): CodeIgniter\Router\RouteCollection->group('admin', [...], Object(Closure))
 7 APPPATH\Config\Routes.php(20): App\Config\Routes\AdminRoutes::init(Object(CodeIgniter\Router\RouteCollection))
 8 SYSTEMPATH\Router\RouteCollection.php(340): require('C:\\xampp\\htdocs\\smartstore\\app\\Config\\Routes.php')
 9 SYSTEMPATH\CodeIgniter.php(823): CodeIgniter\Router\RouteCollection->loadRoutes()
10 SYSTEMPATH\CodeIgniter.php(457): CodeIgniter\CodeIgniter->tryToRouteIt(null)
11 SYSTEMPATH\CodeIgniter.php(355): CodeIgniter\CodeIgniter->handleRequest(null, Object(Config\Cache), false)
12 SYSTEMPATH\Boot.php(325): CodeIgniter\CodeIgniter->run()
13 SYSTEMPATH\Boot.php(67): CodeIgniter\Boot::runCodeIgniter(Object(CodeIgniter\CodeIgniter))
14 FCPATH\index.php(63): CodeIgniter\Boot::bootWeb(Object(Config\Paths))
WARNING - 2025-06-09 13:05:38 --> [DEPRECATED] Passing lowercase HTTP method "post" is deprecated. Use uppercase HTTP method like "POST". in SYSTEMPATH\Router\RouteCollection.php on line 1027.
 1 SYSTEMPATH\Router\RouteCollection.php(1027): trigger_error('Passing lowercase HTTP method "post" is deprecated. Use uppercase HTTP method like "POST".', 16384)
 2 APPPATH\Config\Routes\AdminRoutes.php(76): CodeIgniter\Router\RouteCollection->match([...], 'elfinder_connector', 'FilemanagerController::elfinder_connector')
 3 SYSTEMPATH\Router\RouteCollection.php(800): App\Config\Routes\AdminRoutes::App\Config\Routes\{closure}(Object(CodeIgniter\Router\RouteCollection))
 4 APPPATH\Config\Routes\AdminRoutes.php(73): CodeIgniter\Router\RouteCollection->group('filemanager', [...], Object(Closure))
 5 SYSTEMPATH\Router\RouteCollection.php(800): App\Config\Routes\AdminRoutes::App\Config\Routes\{closure}(Object(CodeIgniter\Router\RouteCollection))
 6 APPPATH\Config\Routes\AdminRoutes.php(28): CodeIgniter\Router\RouteCollection->group('admin', [...], Object(Closure))
 7 APPPATH\Config\Routes.php(20): App\Config\Routes\AdminRoutes::init(Object(CodeIgniter\Router\RouteCollection))
 8 SYSTEMPATH\Router\RouteCollection.php(340): require('C:\\xampp\\htdocs\\smartstore\\app\\Config\\Routes.php')
 9 SYSTEMPATH\CodeIgniter.php(823): CodeIgniter\Router\RouteCollection->loadRoutes()
10 SYSTEMPATH\CodeIgniter.php(457): CodeIgniter\CodeIgniter->tryToRouteIt(null)
11 SYSTEMPATH\CodeIgniter.php(355): CodeIgniter\CodeIgniter->handleRequest(null, Object(Config\Cache), false)
12 SYSTEMPATH\Boot.php(325): CodeIgniter\CodeIgniter->run()
13 SYSTEMPATH\Boot.php(67): CodeIgniter\Boot::runCodeIgniter(Object(CodeIgniter\CodeIgniter))
14 FCPATH\index.php(63): CodeIgniter\Boot::bootWeb(Object(Config\Paths))
WARNING - 2025-06-09 13:05:38 --> [DEPRECATED] Passing lowercase HTTP method "get" is deprecated. Use uppercase HTTP method like "GET". in SYSTEMPATH\Router\RouteCollection.php on line 1027.
 1 SYSTEMPATH\Router\RouteCollection.php(1027): trigger_error('Passing lowercase HTTP method "get" is deprecated. Use uppercase HTTP method like "GET".', 16384)
 2 APPPATH\Config\Routes\AdminRoutes.php(172): CodeIgniter\Router\RouteCollection->match([...], 'sync_services/?(:num)?', 'ProvidersController::sync_services/$1')
 3 SYSTEMPATH\Router\RouteCollection.php(800): App\Config\Routes\AdminRoutes::App\Config\Routes\{closure}(Object(CodeIgniter\Router\RouteCollection))
 4 APPPATH\Config\Routes\AdminRoutes.php(167): CodeIgniter\Router\RouteCollection->group('providers', [...], Object(Closure))
 5 SYSTEMPATH\Router\RouteCollection.php(800): App\Config\Routes\AdminRoutes::App\Config\Routes\{closure}(Object(CodeIgniter\Router\RouteCollection))
 6 APPPATH\Config\Routes\AdminRoutes.php(28): CodeIgniter\Router\RouteCollection->group('admin', [...], Object(Closure))
 7 APPPATH\Config\Routes.php(20): App\Config\Routes\AdminRoutes::init(Object(CodeIgniter\Router\RouteCollection))
 8 SYSTEMPATH\Router\RouteCollection.php(340): require('C:\\xampp\\htdocs\\smartstore\\app\\Config\\Routes.php')
 9 SYSTEMPATH\CodeIgniter.php(823): CodeIgniter\Router\RouteCollection->loadRoutes()
10 SYSTEMPATH\CodeIgniter.php(457): CodeIgniter\CodeIgniter->tryToRouteIt(null)
11 SYSTEMPATH\CodeIgniter.php(355): CodeIgniter\CodeIgniter->handleRequest(null, Object(Config\Cache), false)
12 SYSTEMPATH\Boot.php(325): CodeIgniter\CodeIgniter->run()
13 SYSTEMPATH\Boot.php(67): CodeIgniter\Boot::runCodeIgniter(Object(CodeIgniter\CodeIgniter))
14 FCPATH\index.php(63): CodeIgniter\Boot::bootWeb(Object(Config\Paths))
WARNING - 2025-06-09 13:05:38 --> [DEPRECATED] Passing lowercase HTTP method "post" is deprecated. Use uppercase HTTP method like "POST". in SYSTEMPATH\Router\RouteCollection.php on line 1027.
 1 SYSTEMPATH\Router\RouteCollection.php(1027): trigger_error('Passing lowercase HTTP method "post" is deprecated. Use uppercase HTTP method like "POST".', 16384)
 2 APPPATH\Config\Routes\AdminRoutes.php(172): CodeIgniter\Router\RouteCollection->match([...], 'sync_services/?(:num)?', 'ProvidersController::sync_services/$1')
 3 SYSTEMPATH\Router\RouteCollection.php(800): App\Config\Routes\AdminRoutes::App\Config\Routes\{closure}(Object(CodeIgniter\Router\RouteCollection))
 4 APPPATH\Config\Routes\AdminRoutes.php(167): CodeIgniter\Router\RouteCollection->group('providers', [...], Object(Closure))
 5 SYSTEMPATH\Router\RouteCollection.php(800): App\Config\Routes\AdminRoutes::App\Config\Routes\{closure}(Object(CodeIgniter\Router\RouteCollection))
 6 APPPATH\Config\Routes\AdminRoutes.php(28): CodeIgniter\Router\RouteCollection->group('admin', [...], Object(Closure))
 7 APPPATH\Config\Routes.php(20): App\Config\Routes\AdminRoutes::init(Object(CodeIgniter\Router\RouteCollection))
 8 SYSTEMPATH\Router\RouteCollection.php(340): require('C:\\xampp\\htdocs\\smartstore\\app\\Config\\Routes.php')
 9 SYSTEMPATH\CodeIgniter.php(823): CodeIgniter\Router\RouteCollection->loadRoutes()
10 SYSTEMPATH\CodeIgniter.php(457): CodeIgniter\CodeIgniter->tryToRouteIt(null)
11 SYSTEMPATH\CodeIgniter.php(355): CodeIgniter\CodeIgniter->handleRequest(null, Object(Config\Cache), false)
12 SYSTEMPATH\Boot.php(325): CodeIgniter\CodeIgniter->run()
13 SYSTEMPATH\Boot.php(67): CodeIgniter\Boot::runCodeIgniter(Object(CodeIgniter\CodeIgniter))
14 FCPATH\index.php(63): CodeIgniter\Boot::bootWeb(Object(Config\Paths))
WARNING - 2025-06-09 13:05:38 --> [DEPRECATED] Passing lowercase HTTP method "get" is deprecated. Use uppercase HTTP method like "GET". in SYSTEMPATH\Router\RouteCollection.php on line 1027.
 1 SYSTEMPATH\Router\RouteCollection.php(1027): trigger_error('Passing lowercase HTTP method "get" is deprecated. Use uppercase HTTP method like "GET".', 16384)
 2 APPPATH\Config\Routes\AdminRoutes.php(185): CodeIgniter\Router\RouteCollection->match([...], 'add_note/?(:num)?', 'UsersController::add_note/$1')
 3 SYSTEMPATH\Router\RouteCollection.php(800): App\Config\Routes\AdminRoutes::App\Config\Routes\{closure}(Object(CodeIgniter\Router\RouteCollection))
 4 APPPATH\Config\Routes\AdminRoutes.php(182): CodeIgniter\Router\RouteCollection->group('users', [...], Object(Closure))
 5 SYSTEMPATH\Router\RouteCollection.php(800): App\Config\Routes\AdminRoutes::App\Config\Routes\{closure}(Object(CodeIgniter\Router\RouteCollection))
 6 APPPATH\Config\Routes\AdminRoutes.php(28): CodeIgniter\Router\RouteCollection->group('admin', [...], Object(Closure))
 7 APPPATH\Config\Routes.php(20): App\Config\Routes\AdminRoutes::init(Object(CodeIgniter\Router\RouteCollection))
 8 SYSTEMPATH\Router\RouteCollection.php(340): require('C:\\xampp\\htdocs\\smartstore\\app\\Config\\Routes.php')
 9 SYSTEMPATH\CodeIgniter.php(823): CodeIgniter\Router\RouteCollection->loadRoutes()
10 SYSTEMPATH\CodeIgniter.php(457): CodeIgniter\CodeIgniter->tryToRouteIt(null)
11 SYSTEMPATH\CodeIgniter.php(355): CodeIgniter\CodeIgniter->handleRequest(null, Object(Config\Cache), false)
12 SYSTEMPATH\Boot.php(325): CodeIgniter\CodeIgniter->run()
13 SYSTEMPATH\Boot.php(67): CodeIgniter\Boot::runCodeIgniter(Object(CodeIgniter\CodeIgniter))
14 FCPATH\index.php(63): CodeIgniter\Boot::bootWeb(Object(Config\Paths))
WARNING - 2025-06-09 13:05:38 --> [DEPRECATED] Passing lowercase HTTP method "post" is deprecated. Use uppercase HTTP method like "POST". in SYSTEMPATH\Router\RouteCollection.php on line 1027.
 1 SYSTEMPATH\Router\RouteCollection.php(1027): trigger_error('Passing lowercase HTTP method "post" is deprecated. Use uppercase HTTP method like "POST".', 16384)
 2 APPPATH\Config\Routes\AdminRoutes.php(185): CodeIgniter\Router\RouteCollection->match([...], 'add_note/?(:num)?', 'UsersController::add_note/$1')
 3 SYSTEMPATH\Router\RouteCollection.php(800): App\Config\Routes\AdminRoutes::App\Config\Routes\{closure}(Object(CodeIgniter\Router\RouteCollection))
 4 APPPATH\Config\Routes\AdminRoutes.php(182): CodeIgniter\Router\RouteCollection->group('users', [...], Object(Closure))
 5 SYSTEMPATH\Router\RouteCollection.php(800): App\Config\Routes\AdminRoutes::App\Config\Routes\{closure}(Object(CodeIgniter\Router\RouteCollection))
 6 APPPATH\Config\Routes\AdminRoutes.php(28): CodeIgniter\Router\RouteCollection->group('admin', [...], Object(Closure))
 7 APPPATH\Config\Routes.php(20): App\Config\Routes\AdminRoutes::init(Object(CodeIgniter\Router\RouteCollection))
 8 SYSTEMPATH\Router\RouteCollection.php(340): require('C:\\xampp\\htdocs\\smartstore\\app\\Config\\Routes.php')
 9 SYSTEMPATH\CodeIgniter.php(823): CodeIgniter\Router\RouteCollection->loadRoutes()
10 SYSTEMPATH\CodeIgniter.php(457): CodeIgniter\CodeIgniter->tryToRouteIt(null)
11 SYSTEMPATH\CodeIgniter.php(355): CodeIgniter\CodeIgniter->handleRequest(null, Object(Config\Cache), false)
12 SYSTEMPATH\Boot.php(325): CodeIgniter\CodeIgniter->run()
13 SYSTEMPATH\Boot.php(67): CodeIgniter\Boot::runCodeIgniter(Object(CodeIgniter\CodeIgniter))
14 FCPATH\index.php(63): CodeIgniter\Boot::bootWeb(Object(Config\Paths))
WARNING - 2025-06-09 13:05:38 --> [DEPRECATED] Passing lowercase HTTP method "get" is deprecated. Use uppercase HTTP method like "GET". in SYSTEMPATH\Router\RouteCollection.php on line 1027.
 1 SYSTEMPATH\Router\RouteCollection.php(1027): trigger_error('Passing lowercase HTTP method "get" is deprecated. Use uppercase HTTP method like "GET".', 16384)
 2 APPPATH\Config\Routes\AdminRoutes.php(186): CodeIgniter\Router\RouteCollection->match([...], 'send_mail/?(:num)?', 'UsersController::send_mail/$1')
 3 SYSTEMPATH\Router\RouteCollection.php(800): App\Config\Routes\AdminRoutes::App\Config\Routes\{closure}(Object(CodeIgniter\Router\RouteCollection))
 4 APPPATH\Config\Routes\AdminRoutes.php(182): CodeIgniter\Router\RouteCollection->group('users', [...], Object(Closure))
 5 SYSTEMPATH\Router\RouteCollection.php(800): App\Config\Routes\AdminRoutes::App\Config\Routes\{closure}(Object(CodeIgniter\Router\RouteCollection))
 6 APPPATH\Config\Routes\AdminRoutes.php(28): CodeIgniter\Router\RouteCollection->group('admin', [...], Object(Closure))
 7 APPPATH\Config\Routes.php(20): App\Config\Routes\AdminRoutes::init(Object(CodeIgniter\Router\RouteCollection))
 8 SYSTEMPATH\Router\RouteCollection.php(340): require('C:\\xampp\\htdocs\\smartstore\\app\\Config\\Routes.php')
 9 SYSTEMPATH\CodeIgniter.php(823): CodeIgniter\Router\RouteCollection->loadRoutes()
10 SYSTEMPATH\CodeIgniter.php(457): CodeIgniter\CodeIgniter->tryToRouteIt(null)
11 SYSTEMPATH\CodeIgniter.php(355): CodeIgniter\CodeIgniter->handleRequest(null, Object(Config\Cache), false)
12 SYSTEMPATH\Boot.php(325): CodeIgniter\CodeIgniter->run()
13 SYSTEMPATH\Boot.php(67): CodeIgniter\Boot::runCodeIgniter(Object(CodeIgniter\CodeIgniter))
14 FCPATH\index.php(63): CodeIgniter\Boot::bootWeb(Object(Config\Paths))
WARNING - 2025-06-09 13:05:38 --> [DEPRECATED] Passing lowercase HTTP method "post" is deprecated. Use uppercase HTTP method like "POST". in SYSTEMPATH\Router\RouteCollection.php on line 1027.
 1 SYSTEMPATH\Router\RouteCollection.php(1027): trigger_error('Passing lowercase HTTP method "post" is deprecated. Use uppercase HTTP method like "POST".', 16384)
 2 APPPATH\Config\Routes\AdminRoutes.php(186): CodeIgniter\Router\RouteCollection->match([...], 'send_mail/?(:num)?', 'UsersController::send_mail/$1')
 3 SYSTEMPATH\Router\RouteCollection.php(800): App\Config\Routes\AdminRoutes::App\Config\Routes\{closure}(Object(CodeIgniter\Router\RouteCollection))
 4 APPPATH\Config\Routes\AdminRoutes.php(182): CodeIgniter\Router\RouteCollection->group('users', [...], Object(Closure))
 5 SYSTEMPATH\Router\RouteCollection.php(800): App\Config\Routes\AdminRoutes::App\Config\Routes\{closure}(Object(CodeIgniter\Router\RouteCollection))
 6 APPPATH\Config\Routes\AdminRoutes.php(28): CodeIgniter\Router\RouteCollection->group('admin', [...], Object(Closure))
 7 APPPATH\Config\Routes.php(20): App\Config\Routes\AdminRoutes::init(Object(CodeIgniter\Router\RouteCollection))
 8 SYSTEMPATH\Router\RouteCollection.php(340): require('C:\\xampp\\htdocs\\smartstore\\app\\Config\\Routes.php')
 9 SYSTEMPATH\CodeIgniter.php(823): CodeIgniter\Router\RouteCollection->loadRoutes()
10 SYSTEMPATH\CodeIgniter.php(457): CodeIgniter\CodeIgniter->tryToRouteIt(null)
11 SYSTEMPATH\CodeIgniter.php(355): CodeIgniter\CodeIgniter->handleRequest(null, Object(Config\Cache), false)
12 SYSTEMPATH\Boot.php(325): CodeIgniter\CodeIgniter->run()
13 SYSTEMPATH\Boot.php(67): CodeIgniter\Boot::runCodeIgniter(Object(CodeIgniter\CodeIgniter))
14 FCPATH\index.php(63): CodeIgniter\Boot::bootWeb(Object(Config\Paths))
WARNING - 2025-06-09 13:05:38 --> [DEPRECATED] Passing lowercase HTTP method "get" is deprecated. Use uppercase HTTP method like "GET". in SYSTEMPATH\Router\RouteCollection.php on line 1027.
 1 SYSTEMPATH\Router\RouteCollection.php(1027): trigger_error('Passing lowercase HTTP method "get" is deprecated. Use uppercase HTTP method like "GET".', 16384)
 2 APPPATH\Config\Routes\AdminRoutes.php(215): CodeIgniter\Router\RouteCollection->match([...], 'send_mail/?(:num)?', 'TicketsController::send_mail/$1')
 3 SYSTEMPATH\Router\RouteCollection.php(800): App\Config\Routes\AdminRoutes::App\Config\Routes\{closure}(Object(CodeIgniter\Router\RouteCollection))
 4 APPPATH\Config\Routes\AdminRoutes.php(212): CodeIgniter\Router\RouteCollection->group('tickets', [...], Object(Closure))
 5 SYSTEMPATH\Router\RouteCollection.php(800): App\Config\Routes\AdminRoutes::App\Config\Routes\{closure}(Object(CodeIgniter\Router\RouteCollection))
 6 APPPATH\Config\Routes\AdminRoutes.php(28): CodeIgniter\Router\RouteCollection->group('admin', [...], Object(Closure))
 7 APPPATH\Config\Routes.php(20): App\Config\Routes\AdminRoutes::init(Object(CodeIgniter\Router\RouteCollection))
 8 SYSTEMPATH\Router\RouteCollection.php(340): require('C:\\xampp\\htdocs\\smartstore\\app\\Config\\Routes.php')
 9 SYSTEMPATH\CodeIgniter.php(823): CodeIgniter\Router\RouteCollection->loadRoutes()
10 SYSTEMPATH\CodeIgniter.php(457): CodeIgniter\CodeIgniter->tryToRouteIt(null)
11 SYSTEMPATH\CodeIgniter.php(355): CodeIgniter\CodeIgniter->handleRequest(null, Object(Config\Cache), false)
12 SYSTEMPATH\Boot.php(325): CodeIgniter\CodeIgniter->run()
13 SYSTEMPATH\Boot.php(67): CodeIgniter\Boot::runCodeIgniter(Object(CodeIgniter\CodeIgniter))
14 FCPATH\index.php(63): CodeIgniter\Boot::bootWeb(Object(Config\Paths))
WARNING - 2025-06-09 13:05:38 --> [DEPRECATED] Passing lowercase HTTP method "post" is deprecated. Use uppercase HTTP method like "POST". in SYSTEMPATH\Router\RouteCollection.php on line 1027.
 1 SYSTEMPATH\Router\RouteCollection.php(1027): trigger_error('Passing lowercase HTTP method "post" is deprecated. Use uppercase HTTP method like "POST".', 16384)
 2 APPPATH\Config\Routes\AdminRoutes.php(215): CodeIgniter\Router\RouteCollection->match([...], 'send_mail/?(:num)?', 'TicketsController::send_mail/$1')
 3 SYSTEMPATH\Router\RouteCollection.php(800): App\Config\Routes\AdminRoutes::App\Config\Routes\{closure}(Object(CodeIgniter\Router\RouteCollection))
 4 APPPATH\Config\Routes\AdminRoutes.php(212): CodeIgniter\Router\RouteCollection->group('tickets', [...], Object(Closure))
 5 SYSTEMPATH\Router\RouteCollection.php(800): App\Config\Routes\AdminRoutes::App\Config\Routes\{closure}(Object(CodeIgniter\Router\RouteCollection))
 6 APPPATH\Config\Routes\AdminRoutes.php(28): CodeIgniter\Router\RouteCollection->group('admin', [...], Object(Closure))
 7 APPPATH\Config\Routes.php(20): App\Config\Routes\AdminRoutes::init(Object(CodeIgniter\Router\RouteCollection))
 8 SYSTEMPATH\Router\RouteCollection.php(340): require('C:\\xampp\\htdocs\\smartstore\\app\\Config\\Routes.php')
 9 SYSTEMPATH\CodeIgniter.php(823): CodeIgniter\Router\RouteCollection->loadRoutes()
10 SYSTEMPATH\CodeIgniter.php(457): CodeIgniter\CodeIgniter->tryToRouteIt(null)
11 SYSTEMPATH\CodeIgniter.php(355): CodeIgniter\CodeIgniter->handleRequest(null, Object(Config\Cache), false)
12 SYSTEMPATH\Boot.php(325): CodeIgniter\CodeIgniter->run()
13 SYSTEMPATH\Boot.php(67): CodeIgniter\Boot::runCodeIgniter(Object(CodeIgniter\CodeIgniter))
14 FCPATH\index.php(63): CodeIgniter\Boot::bootWeb(Object(Config\Paths))
WARNING - 2025-06-09 13:05:38 --> [DEPRECATED] Passing lowercase HTTP method "get" is deprecated. Use uppercase HTTP method like "GET". in SYSTEMPATH\Router\RouteCollection.php on line 1027.
 1 SYSTEMPATH\Router\RouteCollection.php(1027): trigger_error('Passing lowercase HTTP method "get" is deprecated. Use uppercase HTTP method like "GET".', 16384)
 2 APPPATH\Config\Routes\UserRoutes.php(49): CodeIgniter\Router\RouteCollection->match([...], 'submit_review', 'ClientController::submit_review', [...])
 3 APPPATH\Config\Routes\UserRoutes.php(23): App\Config\Routes\UserRoutes::defineRoutes(Object(CodeIgniter\Router\RouteCollection))
 4 APPPATH\Config\Routes.php(21): App\Config\Routes\UserRoutes::init(Object(CodeIgniter\Router\RouteCollection))
 5 SYSTEMPATH\Router\RouteCollection.php(340): require('C:\\xampp\\htdocs\\smartstore\\app\\Config\\Routes.php')
 6 SYSTEMPATH\CodeIgniter.php(823): CodeIgniter\Router\RouteCollection->loadRoutes()
 7 SYSTEMPATH\CodeIgniter.php(457): CodeIgniter\CodeIgniter->tryToRouteIt(null)
 8 SYSTEMPATH\CodeIgniter.php(355): CodeIgniter\CodeIgniter->handleRequest(null, Object(Config\Cache), false)
 9 SYSTEMPATH\Boot.php(325): CodeIgniter\CodeIgniter->run()
10 SYSTEMPATH\Boot.php(67): CodeIgniter\Boot::runCodeIgniter(Object(CodeIgniter\CodeIgniter))
11 FCPATH\index.php(63): CodeIgniter\Boot::bootWeb(Object(Config\Paths))
WARNING - 2025-06-09 13:05:38 --> [DEPRECATED] Passing lowercase HTTP method "post" is deprecated. Use uppercase HTTP method like "POST". in SYSTEMPATH\Router\RouteCollection.php on line 1027.
 1 SYSTEMPATH\Router\RouteCollection.php(1027): trigger_error('Passing lowercase HTTP method "post" is deprecated. Use uppercase HTTP method like "POST".', 16384)
 2 APPPATH\Config\Routes\UserRoutes.php(49): CodeIgniter\Router\RouteCollection->match([...], 'submit_review', 'ClientController::submit_review', [...])
 3 APPPATH\Config\Routes\UserRoutes.php(23): App\Config\Routes\UserRoutes::defineRoutes(Object(CodeIgniter\Router\RouteCollection))
 4 APPPATH\Config\Routes.php(21): App\Config\Routes\UserRoutes::init(Object(CodeIgniter\Router\RouteCollection))
 5 SYSTEMPATH\Router\RouteCollection.php(340): require('C:\\xampp\\htdocs\\smartstore\\app\\Config\\Routes.php')
 6 SYSTEMPATH\CodeIgniter.php(823): CodeIgniter\Router\RouteCollection->loadRoutes()
 7 SYSTEMPATH\CodeIgniter.php(457): CodeIgniter\CodeIgniter->tryToRouteIt(null)
 8 SYSTEMPATH\CodeIgniter.php(355): CodeIgniter\CodeIgniter->handleRequest(null, Object(Config\Cache), false)
 9 SYSTEMPATH\Boot.php(325): CodeIgniter\CodeIgniter->run()
10 SYSTEMPATH\Boot.php(67): CodeIgniter\Boot::runCodeIgniter(Object(CodeIgniter\CodeIgniter))
11 FCPATH\index.php(63): CodeIgniter\Boot::bootWeb(Object(Config\Paths))
WARNING - 2025-06-09 13:05:38 --> [DEPRECATED] Passing lowercase HTTP method "get" is deprecated. Use uppercase HTTP method like "GET". in SYSTEMPATH\Router\RouteCollection.php on line 1027.
 1 SYSTEMPATH\Router\RouteCollection.php(1027): trigger_error('Passing lowercase HTTP method "get" is deprecated. Use uppercase HTTP method like "GET".', 16384)
 2 APPPATH\Config\Routes\UserRoutes.php(63): CodeIgniter\Router\RouteCollection->match([...], 'track-order', 'OrderController::track_order', [...])
 3 APPPATH\Config\Routes\UserRoutes.php(23): App\Config\Routes\UserRoutes::defineRoutes(Object(CodeIgniter\Router\RouteCollection))
 4 APPPATH\Config\Routes.php(21): App\Config\Routes\UserRoutes::init(Object(CodeIgniter\Router\RouteCollection))
 5 SYSTEMPATH\Router\RouteCollection.php(340): require('C:\\xampp\\htdocs\\smartstore\\app\\Config\\Routes.php')
 6 SYSTEMPATH\CodeIgniter.php(823): CodeIgniter\Router\RouteCollection->loadRoutes()
 7 SYSTEMPATH\CodeIgniter.php(457): CodeIgniter\CodeIgniter->tryToRouteIt(null)
 8 SYSTEMPATH\CodeIgniter.php(355): CodeIgniter\CodeIgniter->handleRequest(null, Object(Config\Cache), false)
 9 SYSTEMPATH\Boot.php(325): CodeIgniter\CodeIgniter->run()
10 SYSTEMPATH\Boot.php(67): CodeIgniter\Boot::runCodeIgniter(Object(CodeIgniter\CodeIgniter))
11 FCPATH\index.php(63): CodeIgniter\Boot::bootWeb(Object(Config\Paths))
WARNING - 2025-06-09 13:05:38 --> [DEPRECATED] Passing lowercase HTTP method "post" is deprecated. Use uppercase HTTP method like "POST". in SYSTEMPATH\Router\RouteCollection.php on line 1027.
 1 SYSTEMPATH\Router\RouteCollection.php(1027): trigger_error('Passing lowercase HTTP method "post" is deprecated. Use uppercase HTTP method like "POST".', 16384)
 2 APPPATH\Config\Routes\UserRoutes.php(63): CodeIgniter\Router\RouteCollection->match([...], 'track-order', 'OrderController::track_order', [...])
 3 APPPATH\Config\Routes\UserRoutes.php(23): App\Config\Routes\UserRoutes::defineRoutes(Object(CodeIgniter\Router\RouteCollection))
 4 APPPATH\Config\Routes.php(21): App\Config\Routes\UserRoutes::init(Object(CodeIgniter\Router\RouteCollection))
 5 SYSTEMPATH\Router\RouteCollection.php(340): require('C:\\xampp\\htdocs\\smartstore\\app\\Config\\Routes.php')
 6 SYSTEMPATH\CodeIgniter.php(823): CodeIgniter\Router\RouteCollection->loadRoutes()
 7 SYSTEMPATH\CodeIgniter.php(457): CodeIgniter\CodeIgniter->tryToRouteIt(null)
 8 SYSTEMPATH\CodeIgniter.php(355): CodeIgniter\CodeIgniter->handleRequest(null, Object(Config\Cache), false)
 9 SYSTEMPATH\Boot.php(325): CodeIgniter\CodeIgniter->run()
10 SYSTEMPATH\Boot.php(67): CodeIgniter\Boot::runCodeIgniter(Object(CodeIgniter\CodeIgniter))
11 FCPATH\index.php(63): CodeIgniter\Boot::bootWeb(Object(Config\Paths))
WARNING - 2025-06-09 13:05:38 --> [DEPRECATED] Passing lowercase HTTP method "get" is deprecated. Use uppercase HTTP method like "GET". in SYSTEMPATH\Router\RouteCollection.php on line 1027.
 1 SYSTEMPATH\Router\RouteCollection.php(1027): trigger_error('Passing lowercase HTTP method "get" is deprecated. Use uppercase HTTP method like "GET".', 16384)
 2 APPPATH\Config\Routes\UserRoutes.php(49): CodeIgniter\Router\RouteCollection->match([...], 'submit_review', 'ClientController::submit_review', [...])
 3 APPPATH\Config\Routes\UserRoutes.php(26): App\Config\Routes\UserRoutes::defineRoutes(Object(CodeIgniter\Router\RouteCollection))
 4 SYSTEMPATH\Router\RouteCollection.php(800): App\Config\Routes\UserRoutes::App\Config\Routes\{closure}(Object(CodeIgniter\Router\RouteCollection))
 5 APPPATH\Config\Routes\UserRoutes.php(25): CodeIgniter\Router\RouteCollection->group('{locale}', Object(Closure))
 6 APPPATH\Config\Routes.php(21): App\Config\Routes\UserRoutes::init(Object(CodeIgniter\Router\RouteCollection))
 7 SYSTEMPATH\Router\RouteCollection.php(340): require('C:\\xampp\\htdocs\\smartstore\\app\\Config\\Routes.php')
 8 SYSTEMPATH\CodeIgniter.php(823): CodeIgniter\Router\RouteCollection->loadRoutes()
 9 SYSTEMPATH\CodeIgniter.php(457): CodeIgniter\CodeIgniter->tryToRouteIt(null)
10 SYSTEMPATH\CodeIgniter.php(355): CodeIgniter\CodeIgniter->handleRequest(null, Object(Config\Cache), false)
11 SYSTEMPATH\Boot.php(325): CodeIgniter\CodeIgniter->run()
12 SYSTEMPATH\Boot.php(67): CodeIgniter\Boot::runCodeIgniter(Object(CodeIgniter\CodeIgniter))
13 FCPATH\index.php(63): CodeIgniter\Boot::bootWeb(Object(Config\Paths))
WARNING - 2025-06-09 13:05:38 --> [DEPRECATED] Passing lowercase HTTP method "post" is deprecated. Use uppercase HTTP method like "POST". in SYSTEMPATH\Router\RouteCollection.php on line 1027.
 1 SYSTEMPATH\Router\RouteCollection.php(1027): trigger_error('Passing lowercase HTTP method "post" is deprecated. Use uppercase HTTP method like "POST".', 16384)
 2 APPPATH\Config\Routes\UserRoutes.php(49): CodeIgniter\Router\RouteCollection->match([...], 'submit_review', 'ClientController::submit_review', [...])
 3 APPPATH\Config\Routes\UserRoutes.php(26): App\Config\Routes\UserRoutes::defineRoutes(Object(CodeIgniter\Router\RouteCollection))
 4 SYSTEMPATH\Router\RouteCollection.php(800): App\Config\Routes\UserRoutes::App\Config\Routes\{closure}(Object(CodeIgniter\Router\RouteCollection))
 5 APPPATH\Config\Routes\UserRoutes.php(25): CodeIgniter\Router\RouteCollection->group('{locale}', Object(Closure))
 6 APPPATH\Config\Routes.php(21): App\Config\Routes\UserRoutes::init(Object(CodeIgniter\Router\RouteCollection))
 7 SYSTEMPATH\Router\RouteCollection.php(340): require('C:\\xampp\\htdocs\\smartstore\\app\\Config\\Routes.php')
 8 SYSTEMPATH\CodeIgniter.php(823): CodeIgniter\Router\RouteCollection->loadRoutes()
 9 SYSTEMPATH\CodeIgniter.php(457): CodeIgniter\CodeIgniter->tryToRouteIt(null)
10 SYSTEMPATH\CodeIgniter.php(355): CodeIgniter\CodeIgniter->handleRequest(null, Object(Config\Cache), false)
11 SYSTEMPATH\Boot.php(325): CodeIgniter\CodeIgniter->run()
12 SYSTEMPATH\Boot.php(67): CodeIgniter\Boot::runCodeIgniter(Object(CodeIgniter\CodeIgniter))
13 FCPATH\index.php(63): CodeIgniter\Boot::bootWeb(Object(Config\Paths))
WARNING - 2025-06-09 13:05:38 --> [DEPRECATED] Passing lowercase HTTP method "get" is deprecated. Use uppercase HTTP method like "GET". in SYSTEMPATH\Router\RouteCollection.php on line 1027.
 1 SYSTEMPATH\Router\RouteCollection.php(1027): trigger_error('Passing lowercase HTTP method "get" is deprecated. Use uppercase HTTP method like "GET".', 16384)
 2 APPPATH\Config\Routes\UserRoutes.php(63): CodeIgniter\Router\RouteCollection->match([...], 'track-order', 'OrderController::track_order', [...])
 3 APPPATH\Config\Routes\UserRoutes.php(26): App\Config\Routes\UserRoutes::defineRoutes(Object(CodeIgniter\Router\RouteCollection))
 4 SYSTEMPATH\Router\RouteCollection.php(800): App\Config\Routes\UserRoutes::App\Config\Routes\{closure}(Object(CodeIgniter\Router\RouteCollection))
 5 APPPATH\Config\Routes\UserRoutes.php(25): CodeIgniter\Router\RouteCollection->group('{locale}', Object(Closure))
 6 APPPATH\Config\Routes.php(21): App\Config\Routes\UserRoutes::init(Object(CodeIgniter\Router\RouteCollection))
 7 SYSTEMPATH\Router\RouteCollection.php(340): require('C:\\xampp\\htdocs\\smartstore\\app\\Config\\Routes.php')
 8 SYSTEMPATH\CodeIgniter.php(823): CodeIgniter\Router\RouteCollection->loadRoutes()
 9 SYSTEMPATH\CodeIgniter.php(457): CodeIgniter\CodeIgniter->tryToRouteIt(null)
10 SYSTEMPATH\CodeIgniter.php(355): CodeIgniter\CodeIgniter->handleRequest(null, Object(Config\Cache), false)
11 SYSTEMPATH\Boot.php(325): CodeIgniter\CodeIgniter->run()
12 SYSTEMPATH\Boot.php(67): CodeIgniter\Boot::runCodeIgniter(Object(CodeIgniter\CodeIgniter))
13 FCPATH\index.php(63): CodeIgniter\Boot::bootWeb(Object(Config\Paths))
WARNING - 2025-06-09 13:05:38 --> [DEPRECATED] Passing lowercase HTTP method "post" is deprecated. Use uppercase HTTP method like "POST". in SYSTEMPATH\Router\RouteCollection.php on line 1027.
 1 SYSTEMPATH\Router\RouteCollection.php(1027): trigger_error('Passing lowercase HTTP method "post" is deprecated. Use uppercase HTTP method like "POST".', 16384)
 2 APPPATH\Config\Routes\UserRoutes.php(63): CodeIgniter\Router\RouteCollection->match([...], 'track-order', 'OrderController::track_order', [...])
 3 APPPATH\Config\Routes\UserRoutes.php(26): App\Config\Routes\UserRoutes::defineRoutes(Object(CodeIgniter\Router\RouteCollection))
 4 SYSTEMPATH\Router\RouteCollection.php(800): App\Config\Routes\UserRoutes::App\Config\Routes\{closure}(Object(CodeIgniter\Router\RouteCollection))
 5 APPPATH\Config\Routes\UserRoutes.php(25): CodeIgniter\Router\RouteCollection->group('{locale}', Object(Closure))
 6 APPPATH\Config\Routes.php(21): App\Config\Routes\UserRoutes::init(Object(CodeIgniter\Router\RouteCollection))
 7 SYSTEMPATH\Router\RouteCollection.php(340): require('C:\\xampp\\htdocs\\smartstore\\app\\Config\\Routes.php')
 8 SYSTEMPATH\CodeIgniter.php(823): CodeIgniter\Router\RouteCollection->loadRoutes()
 9 SYSTEMPATH\CodeIgniter.php(457): CodeIgniter\CodeIgniter->tryToRouteIt(null)
10 SYSTEMPATH\CodeIgniter.php(355): CodeIgniter\CodeIgniter->handleRequest(null, Object(Config\Cache), false)
11 SYSTEMPATH\Boot.php(325): CodeIgniter\CodeIgniter->run()
12 SYSTEMPATH\Boot.php(67): CodeIgniter\Boot::runCodeIgniter(Object(CodeIgniter\CodeIgniter))
13 FCPATH\index.php(63): CodeIgniter\Boot::bootWeb(Object(Config\Paths))
INFO - 2025-06-09 13:05:39 --> Session: Class initialized using 'CodeIgniter\Session\Handlers\FileHandler' driver.
WARNING - 2025-06-09 13:05:41 --> [DEPRECATED] Creation of dynamic property App\Controllers\Public\PageController::$load_files is deprecated in APPPATH\Controllers\Public\PageController.php on line 21.
 1 SYSTEMPATH\CodeIgniter.php(903): App\Controllers\Public\PageController->__construct()
 2 SYSTEMPATH\CodeIgniter.php(500): CodeIgniter\CodeIgniter->createController()
 3 SYSTEMPATH\CodeIgniter.php(355): CodeIgniter\CodeIgniter->handleRequest(null, Object(Config\Cache), false)
 4 SYSTEMPATH\Boot.php(325): CodeIgniter\CodeIgniter->run()
 5 SYSTEMPATH\Boot.php(67): CodeIgniter\Boot::runCodeIgniter(Object(CodeIgniter\CodeIgniter))
 6 FCPATH\index.php(63): CodeIgniter\Boot::bootWeb(Object(Config\Paths))
WARNING - 2025-06-09 13:05:41 --> [DEPRECATED] Creation of dynamic property App\Controllers\Public\PageController::$page_title is deprecated in APPPATH\Controllers\Public\PageController.php on line 22.
 1 SYSTEMPATH\CodeIgniter.php(903): App\Controllers\Public\PageController->__construct()
 2 SYSTEMPATH\CodeIgniter.php(500): CodeIgniter\CodeIgniter->createController()
 3 SYSTEMPATH\CodeIgniter.php(355): CodeIgniter\CodeIgniter->handleRequest(null, Object(Config\Cache), false)
 4 SYSTEMPATH\Boot.php(325): CodeIgniter\CodeIgniter->run()
 5 SYSTEMPATH\Boot.php(67): CodeIgniter\Boot::runCodeIgniter(Object(CodeIgniter\CodeIgniter))
 6 FCPATH\index.php(63): CodeIgniter\Boot::bootWeb(Object(Config\Paths))
WARNING - 2025-06-09 13:06:15 --> [DEPRECATED] Passing lowercase HTTP method "get" is deprecated. Use uppercase HTTP method like "GET". in SYSTEMPATH\Router\RouteCollection.php on line 1027.
 1 SYSTEMPATH\Router\RouteCollection.php(1027): trigger_error('Passing lowercase HTTP method "get" is deprecated. Use uppercase HTTP method like "GET".', 16384)
 2 APPPATH\Config\Routes\AdminRoutes.php(65): CodeIgniter\Router\RouteCollection->match([...], 'send_test_mail', 'SettingsController::send_test_mail')
 3 SYSTEMPATH\Router\RouteCollection.php(800): App\Config\Routes\AdminRoutes::App\Config\Routes\{closure}(Object(CodeIgniter\Router\RouteCollection))
 4 APPPATH\Config\Routes\AdminRoutes.php(63): CodeIgniter\Router\RouteCollection->group('settings', [...], Object(Closure))
 5 SYSTEMPATH\Router\RouteCollection.php(800): App\Config\Routes\AdminRoutes::App\Config\Routes\{closure}(Object(CodeIgniter\Router\RouteCollection))
 6 APPPATH\Config\Routes\AdminRoutes.php(28): CodeIgniter\Router\RouteCollection->group('admin', [...], Object(Closure))
 7 APPPATH\Config\Routes.php(20): App\Config\Routes\AdminRoutes::init(Object(CodeIgniter\Router\RouteCollection))
 8 SYSTEMPATH\Router\RouteCollection.php(340): require('C:\\xampp\\htdocs\\smartstore\\app\\Config\\Routes.php')
 9 SYSTEMPATH\CodeIgniter.php(823): CodeIgniter\Router\RouteCollection->loadRoutes()
10 SYSTEMPATH\CodeIgniter.php(457): CodeIgniter\CodeIgniter->tryToRouteIt(null)
11 SYSTEMPATH\CodeIgniter.php(355): CodeIgniter\CodeIgniter->handleRequest(null, Object(Config\Cache), false)
12 SYSTEMPATH\Boot.php(325): CodeIgniter\CodeIgniter->run()
13 SYSTEMPATH\Boot.php(67): CodeIgniter\Boot::runCodeIgniter(Object(CodeIgniter\CodeIgniter))
14 FCPATH\index.php(63): CodeIgniter\Boot::bootWeb(Object(Config\Paths))
WARNING - 2025-06-09 13:06:15 --> [DEPRECATED] Passing lowercase HTTP method "post" is deprecated. Use uppercase HTTP method like "POST". in SYSTEMPATH\Router\RouteCollection.php on line 1027.
 1 SYSTEMPATH\Router\RouteCollection.php(1027): trigger_error('Passing lowercase HTTP method "post" is deprecated. Use uppercase HTTP method like "POST".', 16384)
 2 APPPATH\Config\Routes\AdminRoutes.php(65): CodeIgniter\Router\RouteCollection->match([...], 'send_test_mail', 'SettingsController::send_test_mail')
 3 SYSTEMPATH\Router\RouteCollection.php(800): App\Config\Routes\AdminRoutes::App\Config\Routes\{closure}(Object(CodeIgniter\Router\RouteCollection))
 4 APPPATH\Config\Routes\AdminRoutes.php(63): CodeIgniter\Router\RouteCollection->group('settings', [...], Object(Closure))
 5 SYSTEMPATH\Router\RouteCollection.php(800): App\Config\Routes\AdminRoutes::App\Config\Routes\{closure}(Object(CodeIgniter\Router\RouteCollection))
 6 APPPATH\Config\Routes\AdminRoutes.php(28): CodeIgniter\Router\RouteCollection->group('admin', [...], Object(Closure))
 7 APPPATH\Config\Routes.php(20): App\Config\Routes\AdminRoutes::init(Object(CodeIgniter\Router\RouteCollection))
 8 SYSTEMPATH\Router\RouteCollection.php(340): require('C:\\xampp\\htdocs\\smartstore\\app\\Config\\Routes.php')
 9 SYSTEMPATH\CodeIgniter.php(823): CodeIgniter\Router\RouteCollection->loadRoutes()
10 SYSTEMPATH\CodeIgniter.php(457): CodeIgniter\CodeIgniter->tryToRouteIt(null)
11 SYSTEMPATH\CodeIgniter.php(355): CodeIgniter\CodeIgniter->handleRequest(null, Object(Config\Cache), false)
12 SYSTEMPATH\Boot.php(325): CodeIgniter\CodeIgniter->run()
13 SYSTEMPATH\Boot.php(67): CodeIgniter\Boot::runCodeIgniter(Object(CodeIgniter\CodeIgniter))
14 FCPATH\index.php(63): CodeIgniter\Boot::bootWeb(Object(Config\Paths))
WARNING - 2025-06-09 13:06:15 --> [DEPRECATED] Passing lowercase HTTP method "get" is deprecated. Use uppercase HTTP method like "GET". in SYSTEMPATH\Router\RouteCollection.php on line 1027.
 1 SYSTEMPATH\Router\RouteCollection.php(1027): trigger_error('Passing lowercase HTTP method "get" is deprecated. Use uppercase HTTP method like "GET".', 16384)
 2 APPPATH\Config\Routes\AdminRoutes.php(76): CodeIgniter\Router\RouteCollection->match([...], 'elfinder_connector', 'FilemanagerController::elfinder_connector')
 3 SYSTEMPATH\Router\RouteCollection.php(800): App\Config\Routes\AdminRoutes::App\Config\Routes\{closure}(Object(CodeIgniter\Router\RouteCollection))
 4 APPPATH\Config\Routes\AdminRoutes.php(73): CodeIgniter\Router\RouteCollection->group('filemanager', [...], Object(Closure))
 5 SYSTEMPATH\Router\RouteCollection.php(800): App\Config\Routes\AdminRoutes::App\Config\Routes\{closure}(Object(CodeIgniter\Router\RouteCollection))
 6 APPPATH\Config\Routes\AdminRoutes.php(28): CodeIgniter\Router\RouteCollection->group('admin', [...], Object(Closure))
 7 APPPATH\Config\Routes.php(20): App\Config\Routes\AdminRoutes::init(Object(CodeIgniter\Router\RouteCollection))
 8 SYSTEMPATH\Router\RouteCollection.php(340): require('C:\\xampp\\htdocs\\smartstore\\app\\Config\\Routes.php')
 9 SYSTEMPATH\CodeIgniter.php(823): CodeIgniter\Router\RouteCollection->loadRoutes()
10 SYSTEMPATH\CodeIgniter.php(457): CodeIgniter\CodeIgniter->tryToRouteIt(null)
11 SYSTEMPATH\CodeIgniter.php(355): CodeIgniter\CodeIgniter->handleRequest(null, Object(Config\Cache), false)
12 SYSTEMPATH\Boot.php(325): CodeIgniter\CodeIgniter->run()
13 SYSTEMPATH\Boot.php(67): CodeIgniter\Boot::runCodeIgniter(Object(CodeIgniter\CodeIgniter))
14 FCPATH\index.php(63): CodeIgniter\Boot::bootWeb(Object(Config\Paths))
WARNING - 2025-06-09 13:06:15 --> [DEPRECATED] Passing lowercase HTTP method "post" is deprecated. Use uppercase HTTP method like "POST". in SYSTEMPATH\Router\RouteCollection.php on line 1027.
 1 SYSTEMPATH\Router\RouteCollection.php(1027): trigger_error('Passing lowercase HTTP method "post" is deprecated. Use uppercase HTTP method like "POST".', 16384)
 2 APPPATH\Config\Routes\AdminRoutes.php(76): CodeIgniter\Router\RouteCollection->match([...], 'elfinder_connector', 'FilemanagerController::elfinder_connector')
 3 SYSTEMPATH\Router\RouteCollection.php(800): App\Config\Routes\AdminRoutes::App\Config\Routes\{closure}(Object(CodeIgniter\Router\RouteCollection))
 4 APPPATH\Config\Routes\AdminRoutes.php(73): CodeIgniter\Router\RouteCollection->group('filemanager', [...], Object(Closure))
 5 SYSTEMPATH\Router\RouteCollection.php(800): App\Config\Routes\AdminRoutes::App\Config\Routes\{closure}(Object(CodeIgniter\Router\RouteCollection))
 6 APPPATH\Config\Routes\AdminRoutes.php(28): CodeIgniter\Router\RouteCollection->group('admin', [...], Object(Closure))
 7 APPPATH\Config\Routes.php(20): App\Config\Routes\AdminRoutes::init(Object(CodeIgniter\Router\RouteCollection))
 8 SYSTEMPATH\Router\RouteCollection.php(340): require('C:\\xampp\\htdocs\\smartstore\\app\\Config\\Routes.php')
 9 SYSTEMPATH\CodeIgniter.php(823): CodeIgniter\Router\RouteCollection->loadRoutes()
10 SYSTEMPATH\CodeIgniter.php(457): CodeIgniter\CodeIgniter->tryToRouteIt(null)
11 SYSTEMPATH\CodeIgniter.php(355): CodeIgniter\CodeIgniter->handleRequest(null, Object(Config\Cache), false)
12 SYSTEMPATH\Boot.php(325): CodeIgniter\CodeIgniter->run()
13 SYSTEMPATH\Boot.php(67): CodeIgniter\Boot::runCodeIgniter(Object(CodeIgniter\CodeIgniter))
14 FCPATH\index.php(63): CodeIgniter\Boot::bootWeb(Object(Config\Paths))
WARNING - 2025-06-09 13:06:15 --> [DEPRECATED] Passing lowercase HTTP method "get" is deprecated. Use uppercase HTTP method like "GET". in SYSTEMPATH\Router\RouteCollection.php on line 1027.
 1 SYSTEMPATH\Router\RouteCollection.php(1027): trigger_error('Passing lowercase HTTP method "get" is deprecated. Use uppercase HTTP method like "GET".', 16384)
 2 APPPATH\Config\Routes\AdminRoutes.php(172): CodeIgniter\Router\RouteCollection->match([...], 'sync_services/?(:num)?', 'ProvidersController::sync_services/$1')
 3 SYSTEMPATH\Router\RouteCollection.php(800): App\Config\Routes\AdminRoutes::App\Config\Routes\{closure}(Object(CodeIgniter\Router\RouteCollection))
 4 APPPATH\Config\Routes\AdminRoutes.php(167): CodeIgniter\Router\RouteCollection->group('providers', [...], Object(Closure))
 5 SYSTEMPATH\Router\RouteCollection.php(800): App\Config\Routes\AdminRoutes::App\Config\Routes\{closure}(Object(CodeIgniter\Router\RouteCollection))
 6 APPPATH\Config\Routes\AdminRoutes.php(28): CodeIgniter\Router\RouteCollection->group('admin', [...], Object(Closure))
 7 APPPATH\Config\Routes.php(20): App\Config\Routes\AdminRoutes::init(Object(CodeIgniter\Router\RouteCollection))
 8 SYSTEMPATH\Router\RouteCollection.php(340): require('C:\\xampp\\htdocs\\smartstore\\app\\Config\\Routes.php')
 9 SYSTEMPATH\CodeIgniter.php(823): CodeIgniter\Router\RouteCollection->loadRoutes()
10 SYSTEMPATH\CodeIgniter.php(457): CodeIgniter\CodeIgniter->tryToRouteIt(null)
11 SYSTEMPATH\CodeIgniter.php(355): CodeIgniter\CodeIgniter->handleRequest(null, Object(Config\Cache), false)
12 SYSTEMPATH\Boot.php(325): CodeIgniter\CodeIgniter->run()
13 SYSTEMPATH\Boot.php(67): CodeIgniter\Boot::runCodeIgniter(Object(CodeIgniter\CodeIgniter))
14 FCPATH\index.php(63): CodeIgniter\Boot::bootWeb(Object(Config\Paths))
WARNING - 2025-06-09 13:06:15 --> [DEPRECATED] Passing lowercase HTTP method "post" is deprecated. Use uppercase HTTP method like "POST". in SYSTEMPATH\Router\RouteCollection.php on line 1027.
 1 SYSTEMPATH\Router\RouteCollection.php(1027): trigger_error('Passing lowercase HTTP method "post" is deprecated. Use uppercase HTTP method like "POST".', 16384)
 2 APPPATH\Config\Routes\AdminRoutes.php(172): CodeIgniter\Router\RouteCollection->match([...], 'sync_services/?(:num)?', 'ProvidersController::sync_services/$1')
 3 SYSTEMPATH\Router\RouteCollection.php(800): App\Config\Routes\AdminRoutes::App\Config\Routes\{closure}(Object(CodeIgniter\Router\RouteCollection))
 4 APPPATH\Config\Routes\AdminRoutes.php(167): CodeIgniter\Router\RouteCollection->group('providers', [...], Object(Closure))
 5 SYSTEMPATH\Router\RouteCollection.php(800): App\Config\Routes\AdminRoutes::App\Config\Routes\{closure}(Object(CodeIgniter\Router\RouteCollection))
 6 APPPATH\Config\Routes\AdminRoutes.php(28): CodeIgniter\Router\RouteCollection->group('admin', [...], Object(Closure))
 7 APPPATH\Config\Routes.php(20): App\Config\Routes\AdminRoutes::init(Object(CodeIgniter\Router\RouteCollection))
 8 SYSTEMPATH\Router\RouteCollection.php(340): require('C:\\xampp\\htdocs\\smartstore\\app\\Config\\Routes.php')
 9 SYSTEMPATH\CodeIgniter.php(823): CodeIgniter\Router\RouteCollection->loadRoutes()
10 SYSTEMPATH\CodeIgniter.php(457): CodeIgniter\CodeIgniter->tryToRouteIt(null)
11 SYSTEMPATH\CodeIgniter.php(355): CodeIgniter\CodeIgniter->handleRequest(null, Object(Config\Cache), false)
12 SYSTEMPATH\Boot.php(325): CodeIgniter\CodeIgniter->run()
13 SYSTEMPATH\Boot.php(67): CodeIgniter\Boot::runCodeIgniter(Object(CodeIgniter\CodeIgniter))
14 FCPATH\index.php(63): CodeIgniter\Boot::bootWeb(Object(Config\Paths))
WARNING - 2025-06-09 13:06:15 --> [DEPRECATED] Passing lowercase HTTP method "get" is deprecated. Use uppercase HTTP method like "GET". in SYSTEMPATH\Router\RouteCollection.php on line 1027.
 1 SYSTEMPATH\Router\RouteCollection.php(1027): trigger_error('Passing lowercase HTTP method "get" is deprecated. Use uppercase HTTP method like "GET".', 16384)
 2 APPPATH\Config\Routes\AdminRoutes.php(185): CodeIgniter\Router\RouteCollection->match([...], 'add_note/?(:num)?', 'UsersController::add_note/$1')
 3 SYSTEMPATH\Router\RouteCollection.php(800): App\Config\Routes\AdminRoutes::App\Config\Routes\{closure}(Object(CodeIgniter\Router\RouteCollection))
 4 APPPATH\Config\Routes\AdminRoutes.php(182): CodeIgniter\Router\RouteCollection->group('users', [...], Object(Closure))
 5 SYSTEMPATH\Router\RouteCollection.php(800): App\Config\Routes\AdminRoutes::App\Config\Routes\{closure}(Object(CodeIgniter\Router\RouteCollection))
 6 APPPATH\Config\Routes\AdminRoutes.php(28): CodeIgniter\Router\RouteCollection->group('admin', [...], Object(Closure))
 7 APPPATH\Config\Routes.php(20): App\Config\Routes\AdminRoutes::init(Object(CodeIgniter\Router\RouteCollection))
 8 SYSTEMPATH\Router\RouteCollection.php(340): require('C:\\xampp\\htdocs\\smartstore\\app\\Config\\Routes.php')
 9 SYSTEMPATH\CodeIgniter.php(823): CodeIgniter\Router\RouteCollection->loadRoutes()
10 SYSTEMPATH\CodeIgniter.php(457): CodeIgniter\CodeIgniter->tryToRouteIt(null)
11 SYSTEMPATH\CodeIgniter.php(355): CodeIgniter\CodeIgniter->handleRequest(null, Object(Config\Cache), false)
12 SYSTEMPATH\Boot.php(325): CodeIgniter\CodeIgniter->run()
13 SYSTEMPATH\Boot.php(67): CodeIgniter\Boot::runCodeIgniter(Object(CodeIgniter\CodeIgniter))
14 FCPATH\index.php(63): CodeIgniter\Boot::bootWeb(Object(Config\Paths))
WARNING - 2025-06-09 13:06:15 --> [DEPRECATED] Passing lowercase HTTP method "post" is deprecated. Use uppercase HTTP method like "POST". in SYSTEMPATH\Router\RouteCollection.php on line 1027.
 1 SYSTEMPATH\Router\RouteCollection.php(1027): trigger_error('Passing lowercase HTTP method "post" is deprecated. Use uppercase HTTP method like "POST".', 16384)
 2 APPPATH\Config\Routes\AdminRoutes.php(185): CodeIgniter\Router\RouteCollection->match([...], 'add_note/?(:num)?', 'UsersController::add_note/$1')
 3 SYSTEMPATH\Router\RouteCollection.php(800): App\Config\Routes\AdminRoutes::App\Config\Routes\{closure}(Object(CodeIgniter\Router\RouteCollection))
 4 APPPATH\Config\Routes\AdminRoutes.php(182): CodeIgniter\Router\RouteCollection->group('users', [...], Object(Closure))
 5 SYSTEMPATH\Router\RouteCollection.php(800): App\Config\Routes\AdminRoutes::App\Config\Routes\{closure}(Object(CodeIgniter\Router\RouteCollection))
 6 APPPATH\Config\Routes\AdminRoutes.php(28): CodeIgniter\Router\RouteCollection->group('admin', [...], Object(Closure))
 7 APPPATH\Config\Routes.php(20): App\Config\Routes\AdminRoutes::init(Object(CodeIgniter\Router\RouteCollection))
 8 SYSTEMPATH\Router\RouteCollection.php(340): require('C:\\xampp\\htdocs\\smartstore\\app\\Config\\Routes.php')
 9 SYSTEMPATH\CodeIgniter.php(823): CodeIgniter\Router\RouteCollection->loadRoutes()
10 SYSTEMPATH\CodeIgniter.php(457): CodeIgniter\CodeIgniter->tryToRouteIt(null)
11 SYSTEMPATH\CodeIgniter.php(355): CodeIgniter\CodeIgniter->handleRequest(null, Object(Config\Cache), false)
12 SYSTEMPATH\Boot.php(325): CodeIgniter\CodeIgniter->run()
13 SYSTEMPATH\Boot.php(67): CodeIgniter\Boot::runCodeIgniter(Object(CodeIgniter\CodeIgniter))
14 FCPATH\index.php(63): CodeIgniter\Boot::bootWeb(Object(Config\Paths))
WARNING - 2025-06-09 13:06:15 --> [DEPRECATED] Passing lowercase HTTP method "get" is deprecated. Use uppercase HTTP method like "GET". in SYSTEMPATH\Router\RouteCollection.php on line 1027.
 1 SYSTEMPATH\Router\RouteCollection.php(1027): trigger_error('Passing lowercase HTTP method "get" is deprecated. Use uppercase HTTP method like "GET".', 16384)
 2 APPPATH\Config\Routes\AdminRoutes.php(186): CodeIgniter\Router\RouteCollection->match([...], 'send_mail/?(:num)?', 'UsersController::send_mail/$1')
 3 SYSTEMPATH\Router\RouteCollection.php(800): App\Config\Routes\AdminRoutes::App\Config\Routes\{closure}(Object(CodeIgniter\Router\RouteCollection))
 4 APPPATH\Config\Routes\AdminRoutes.php(182): CodeIgniter\Router\RouteCollection->group('users', [...], Object(Closure))
 5 SYSTEMPATH\Router\RouteCollection.php(800): App\Config\Routes\AdminRoutes::App\Config\Routes\{closure}(Object(CodeIgniter\Router\RouteCollection))
 6 APPPATH\Config\Routes\AdminRoutes.php(28): CodeIgniter\Router\RouteCollection->group('admin', [...], Object(Closure))
 7 APPPATH\Config\Routes.php(20): App\Config\Routes\AdminRoutes::init(Object(CodeIgniter\Router\RouteCollection))
 8 SYSTEMPATH\Router\RouteCollection.php(340): require('C:\\xampp\\htdocs\\smartstore\\app\\Config\\Routes.php')
 9 SYSTEMPATH\CodeIgniter.php(823): CodeIgniter\Router\RouteCollection->loadRoutes()
10 SYSTEMPATH\CodeIgniter.php(457): CodeIgniter\CodeIgniter->tryToRouteIt(null)
11 SYSTEMPATH\CodeIgniter.php(355): CodeIgniter\CodeIgniter->handleRequest(null, Object(Config\Cache), false)
12 SYSTEMPATH\Boot.php(325): CodeIgniter\CodeIgniter->run()
13 SYSTEMPATH\Boot.php(67): CodeIgniter\Boot::runCodeIgniter(Object(CodeIgniter\CodeIgniter))
14 FCPATH\index.php(63): CodeIgniter\Boot::bootWeb(Object(Config\Paths))
WARNING - 2025-06-09 13:06:15 --> [DEPRECATED] Passing lowercase HTTP method "post" is deprecated. Use uppercase HTTP method like "POST". in SYSTEMPATH\Router\RouteCollection.php on line 1027.
 1 SYSTEMPATH\Router\RouteCollection.php(1027): trigger_error('Passing lowercase HTTP method "post" is deprecated. Use uppercase HTTP method like "POST".', 16384)
 2 APPPATH\Config\Routes\AdminRoutes.php(186): CodeIgniter\Router\RouteCollection->match([...], 'send_mail/?(:num)?', 'UsersController::send_mail/$1')
 3 SYSTEMPATH\Router\RouteCollection.php(800): App\Config\Routes\AdminRoutes::App\Config\Routes\{closure}(Object(CodeIgniter\Router\RouteCollection))
 4 APPPATH\Config\Routes\AdminRoutes.php(182): CodeIgniter\Router\RouteCollection->group('users', [...], Object(Closure))
 5 SYSTEMPATH\Router\RouteCollection.php(800): App\Config\Routes\AdminRoutes::App\Config\Routes\{closure}(Object(CodeIgniter\Router\RouteCollection))
 6 APPPATH\Config\Routes\AdminRoutes.php(28): CodeIgniter\Router\RouteCollection->group('admin', [...], Object(Closure))
 7 APPPATH\Config\Routes.php(20): App\Config\Routes\AdminRoutes::init(Object(CodeIgniter\Router\RouteCollection))
 8 SYSTEMPATH\Router\RouteCollection.php(340): require('C:\\xampp\\htdocs\\smartstore\\app\\Config\\Routes.php')
 9 SYSTEMPATH\CodeIgniter.php(823): CodeIgniter\Router\RouteCollection->loadRoutes()
10 SYSTEMPATH\CodeIgniter.php(457): CodeIgniter\CodeIgniter->tryToRouteIt(null)
11 SYSTEMPATH\CodeIgniter.php(355): CodeIgniter\CodeIgniter->handleRequest(null, Object(Config\Cache), false)
12 SYSTEMPATH\Boot.php(325): CodeIgniter\CodeIgniter->run()
13 SYSTEMPATH\Boot.php(67): CodeIgniter\Boot::runCodeIgniter(Object(CodeIgniter\CodeIgniter))
14 FCPATH\index.php(63): CodeIgniter\Boot::bootWeb(Object(Config\Paths))
WARNING - 2025-06-09 13:06:15 --> [DEPRECATED] Passing lowercase HTTP method "get" is deprecated. Use uppercase HTTP method like "GET". in SYSTEMPATH\Router\RouteCollection.php on line 1027.
 1 SYSTEMPATH\Router\RouteCollection.php(1027): trigger_error('Passing lowercase HTTP method "get" is deprecated. Use uppercase HTTP method like "GET".', 16384)
 2 APPPATH\Config\Routes\AdminRoutes.php(215): CodeIgniter\Router\RouteCollection->match([...], 'send_mail/?(:num)?', 'TicketsController::send_mail/$1')
 3 SYSTEMPATH\Router\RouteCollection.php(800): App\Config\Routes\AdminRoutes::App\Config\Routes\{closure}(Object(CodeIgniter\Router\RouteCollection))
 4 APPPATH\Config\Routes\AdminRoutes.php(212): CodeIgniter\Router\RouteCollection->group('tickets', [...], Object(Closure))
 5 SYSTEMPATH\Router\RouteCollection.php(800): App\Config\Routes\AdminRoutes::App\Config\Routes\{closure}(Object(CodeIgniter\Router\RouteCollection))
 6 APPPATH\Config\Routes\AdminRoutes.php(28): CodeIgniter\Router\RouteCollection->group('admin', [...], Object(Closure))
 7 APPPATH\Config\Routes.php(20): App\Config\Routes\AdminRoutes::init(Object(CodeIgniter\Router\RouteCollection))
 8 SYSTEMPATH\Router\RouteCollection.php(340): require('C:\\xampp\\htdocs\\smartstore\\app\\Config\\Routes.php')
 9 SYSTEMPATH\CodeIgniter.php(823): CodeIgniter\Router\RouteCollection->loadRoutes()
10 SYSTEMPATH\CodeIgniter.php(457): CodeIgniter\CodeIgniter->tryToRouteIt(null)
11 SYSTEMPATH\CodeIgniter.php(355): CodeIgniter\CodeIgniter->handleRequest(null, Object(Config\Cache), false)
12 SYSTEMPATH\Boot.php(325): CodeIgniter\CodeIgniter->run()
13 SYSTEMPATH\Boot.php(67): CodeIgniter\Boot::runCodeIgniter(Object(CodeIgniter\CodeIgniter))
14 FCPATH\index.php(63): CodeIgniter\Boot::bootWeb(Object(Config\Paths))
WARNING - 2025-06-09 13:06:15 --> [DEPRECATED] Passing lowercase HTTP method "post" is deprecated. Use uppercase HTTP method like "POST". in SYSTEMPATH\Router\RouteCollection.php on line 1027.
 1 SYSTEMPATH\Router\RouteCollection.php(1027): trigger_error('Passing lowercase HTTP method "post" is deprecated. Use uppercase HTTP method like "POST".', 16384)
 2 APPPATH\Config\Routes\AdminRoutes.php(215): CodeIgniter\Router\RouteCollection->match([...], 'send_mail/?(:num)?', 'TicketsController::send_mail/$1')
 3 SYSTEMPATH\Router\RouteCollection.php(800): App\Config\Routes\AdminRoutes::App\Config\Routes\{closure}(Object(CodeIgniter\Router\RouteCollection))
 4 APPPATH\Config\Routes\AdminRoutes.php(212): CodeIgniter\Router\RouteCollection->group('tickets', [...], Object(Closure))
 5 SYSTEMPATH\Router\RouteCollection.php(800): App\Config\Routes\AdminRoutes::App\Config\Routes\{closure}(Object(CodeIgniter\Router\RouteCollection))
 6 APPPATH\Config\Routes\AdminRoutes.php(28): CodeIgniter\Router\RouteCollection->group('admin', [...], Object(Closure))
 7 APPPATH\Config\Routes.php(20): App\Config\Routes\AdminRoutes::init(Object(CodeIgniter\Router\RouteCollection))
 8 SYSTEMPATH\Router\RouteCollection.php(340): require('C:\\xampp\\htdocs\\smartstore\\app\\Config\\Routes.php')
 9 SYSTEMPATH\CodeIgniter.php(823): CodeIgniter\Router\RouteCollection->loadRoutes()
10 SYSTEMPATH\CodeIgniter.php(457): CodeIgniter\CodeIgniter->tryToRouteIt(null)
11 SYSTEMPATH\CodeIgniter.php(355): CodeIgniter\CodeIgniter->handleRequest(null, Object(Config\Cache), false)
12 SYSTEMPATH\Boot.php(325): CodeIgniter\CodeIgniter->run()
13 SYSTEMPATH\Boot.php(67): CodeIgniter\Boot::runCodeIgniter(Object(CodeIgniter\CodeIgniter))
14 FCPATH\index.php(63): CodeIgniter\Boot::bootWeb(Object(Config\Paths))
WARNING - 2025-06-09 13:06:15 --> [DEPRECATED] Passing lowercase HTTP method "get" is deprecated. Use uppercase HTTP method like "GET". in SYSTEMPATH\Router\RouteCollection.php on line 1027.
 1 SYSTEMPATH\Router\RouteCollection.php(1027): trigger_error('Passing lowercase HTTP method "get" is deprecated. Use uppercase HTTP method like "GET".', 16384)
 2 APPPATH\Config\Routes\UserRoutes.php(49): CodeIgniter\Router\RouteCollection->match([...], 'submit_review', 'ClientController::submit_review', [...])
 3 APPPATH\Config\Routes\UserRoutes.php(23): App\Config\Routes\UserRoutes::defineRoutes(Object(CodeIgniter\Router\RouteCollection))
 4 APPPATH\Config\Routes.php(21): App\Config\Routes\UserRoutes::init(Object(CodeIgniter\Router\RouteCollection))
 5 SYSTEMPATH\Router\RouteCollection.php(340): require('C:\\xampp\\htdocs\\smartstore\\app\\Config\\Routes.php')
 6 SYSTEMPATH\CodeIgniter.php(823): CodeIgniter\Router\RouteCollection->loadRoutes()
 7 SYSTEMPATH\CodeIgniter.php(457): CodeIgniter\CodeIgniter->tryToRouteIt(null)
 8 SYSTEMPATH\CodeIgniter.php(355): CodeIgniter\CodeIgniter->handleRequest(null, Object(Config\Cache), false)
 9 SYSTEMPATH\Boot.php(325): CodeIgniter\CodeIgniter->run()
10 SYSTEMPATH\Boot.php(67): CodeIgniter\Boot::runCodeIgniter(Object(CodeIgniter\CodeIgniter))
11 FCPATH\index.php(63): CodeIgniter\Boot::bootWeb(Object(Config\Paths))
WARNING - 2025-06-09 13:06:15 --> [DEPRECATED] Passing lowercase HTTP method "post" is deprecated. Use uppercase HTTP method like "POST". in SYSTEMPATH\Router\RouteCollection.php on line 1027.
 1 SYSTEMPATH\Router\RouteCollection.php(1027): trigger_error('Passing lowercase HTTP method "post" is deprecated. Use uppercase HTTP method like "POST".', 16384)
 2 APPPATH\Config\Routes\UserRoutes.php(49): CodeIgniter\Router\RouteCollection->match([...], 'submit_review', 'ClientController::submit_review', [...])
 3 APPPATH\Config\Routes\UserRoutes.php(23): App\Config\Routes\UserRoutes::defineRoutes(Object(CodeIgniter\Router\RouteCollection))
 4 APPPATH\Config\Routes.php(21): App\Config\Routes\UserRoutes::init(Object(CodeIgniter\Router\RouteCollection))
 5 SYSTEMPATH\Router\RouteCollection.php(340): require('C:\\xampp\\htdocs\\smartstore\\app\\Config\\Routes.php')
 6 SYSTEMPATH\CodeIgniter.php(823): CodeIgniter\Router\RouteCollection->loadRoutes()
 7 SYSTEMPATH\CodeIgniter.php(457): CodeIgniter\CodeIgniter->tryToRouteIt(null)
 8 SYSTEMPATH\CodeIgniter.php(355): CodeIgniter\CodeIgniter->handleRequest(null, Object(Config\Cache), false)
 9 SYSTEMPATH\Boot.php(325): CodeIgniter\CodeIgniter->run()
10 SYSTEMPATH\Boot.php(67): CodeIgniter\Boot::runCodeIgniter(Object(CodeIgniter\CodeIgniter))
11 FCPATH\index.php(63): CodeIgniter\Boot::bootWeb(Object(Config\Paths))
WARNING - 2025-06-09 13:06:15 --> [DEPRECATED] Passing lowercase HTTP method "get" is deprecated. Use uppercase HTTP method like "GET". in SYSTEMPATH\Router\RouteCollection.php on line 1027.
 1 SYSTEMPATH\Router\RouteCollection.php(1027): trigger_error('Passing lowercase HTTP method "get" is deprecated. Use uppercase HTTP method like "GET".', 16384)
 2 APPPATH\Config\Routes\UserRoutes.php(63): CodeIgniter\Router\RouteCollection->match([...], 'track-order', 'OrderController::track_order', [...])
 3 APPPATH\Config\Routes\UserRoutes.php(23): App\Config\Routes\UserRoutes::defineRoutes(Object(CodeIgniter\Router\RouteCollection))
 4 APPPATH\Config\Routes.php(21): App\Config\Routes\UserRoutes::init(Object(CodeIgniter\Router\RouteCollection))
 5 SYSTEMPATH\Router\RouteCollection.php(340): require('C:\\xampp\\htdocs\\smartstore\\app\\Config\\Routes.php')
 6 SYSTEMPATH\CodeIgniter.php(823): CodeIgniter\Router\RouteCollection->loadRoutes()
 7 SYSTEMPATH\CodeIgniter.php(457): CodeIgniter\CodeIgniter->tryToRouteIt(null)
 8 SYSTEMPATH\CodeIgniter.php(355): CodeIgniter\CodeIgniter->handleRequest(null, Object(Config\Cache), false)
 9 SYSTEMPATH\Boot.php(325): CodeIgniter\CodeIgniter->run()
10 SYSTEMPATH\Boot.php(67): CodeIgniter\Boot::runCodeIgniter(Object(CodeIgniter\CodeIgniter))
11 FCPATH\index.php(63): CodeIgniter\Boot::bootWeb(Object(Config\Paths))
WARNING - 2025-06-09 13:06:15 --> [DEPRECATED] Passing lowercase HTTP method "post" is deprecated. Use uppercase HTTP method like "POST". in SYSTEMPATH\Router\RouteCollection.php on line 1027.
 1 SYSTEMPATH\Router\RouteCollection.php(1027): trigger_error('Passing lowercase HTTP method "post" is deprecated. Use uppercase HTTP method like "POST".', 16384)
 2 APPPATH\Config\Routes\UserRoutes.php(63): CodeIgniter\Router\RouteCollection->match([...], 'track-order', 'OrderController::track_order', [...])
 3 APPPATH\Config\Routes\UserRoutes.php(23): App\Config\Routes\UserRoutes::defineRoutes(Object(CodeIgniter\Router\RouteCollection))
 4 APPPATH\Config\Routes.php(21): App\Config\Routes\UserRoutes::init(Object(CodeIgniter\Router\RouteCollection))
 5 SYSTEMPATH\Router\RouteCollection.php(340): require('C:\\xampp\\htdocs\\smartstore\\app\\Config\\Routes.php')
 6 SYSTEMPATH\CodeIgniter.php(823): CodeIgniter\Router\RouteCollection->loadRoutes()
 7 SYSTEMPATH\CodeIgniter.php(457): CodeIgniter\CodeIgniter->tryToRouteIt(null)
 8 SYSTEMPATH\CodeIgniter.php(355): CodeIgniter\CodeIgniter->handleRequest(null, Object(Config\Cache), false)
 9 SYSTEMPATH\Boot.php(325): CodeIgniter\CodeIgniter->run()
10 SYSTEMPATH\Boot.php(67): CodeIgniter\Boot::runCodeIgniter(Object(CodeIgniter\CodeIgniter))
11 FCPATH\index.php(63): CodeIgniter\Boot::bootWeb(Object(Config\Paths))
WARNING - 2025-06-09 13:06:15 --> [DEPRECATED] Passing lowercase HTTP method "get" is deprecated. Use uppercase HTTP method like "GET". in SYSTEMPATH\Router\RouteCollection.php on line 1027.
 1 SYSTEMPATH\Router\RouteCollection.php(1027): trigger_error('Passing lowercase HTTP method "get" is deprecated. Use uppercase HTTP method like "GET".', 16384)
 2 APPPATH\Config\Routes\UserRoutes.php(49): CodeIgniter\Router\RouteCollection->match([...], 'submit_review', 'ClientController::submit_review', [...])
 3 APPPATH\Config\Routes\UserRoutes.php(26): App\Config\Routes\UserRoutes::defineRoutes(Object(CodeIgniter\Router\RouteCollection))
 4 SYSTEMPATH\Router\RouteCollection.php(800): App\Config\Routes\UserRoutes::App\Config\Routes\{closure}(Object(CodeIgniter\Router\RouteCollection))
 5 APPPATH\Config\Routes\UserRoutes.php(25): CodeIgniter\Router\RouteCollection->group('{locale}', Object(Closure))
 6 APPPATH\Config\Routes.php(21): App\Config\Routes\UserRoutes::init(Object(CodeIgniter\Router\RouteCollection))
 7 SYSTEMPATH\Router\RouteCollection.php(340): require('C:\\xampp\\htdocs\\smartstore\\app\\Config\\Routes.php')
 8 SYSTEMPATH\CodeIgniter.php(823): CodeIgniter\Router\RouteCollection->loadRoutes()
 9 SYSTEMPATH\CodeIgniter.php(457): CodeIgniter\CodeIgniter->tryToRouteIt(null)
10 SYSTEMPATH\CodeIgniter.php(355): CodeIgniter\CodeIgniter->handleRequest(null, Object(Config\Cache), false)
11 SYSTEMPATH\Boot.php(325): CodeIgniter\CodeIgniter->run()
12 SYSTEMPATH\Boot.php(67): CodeIgniter\Boot::runCodeIgniter(Object(CodeIgniter\CodeIgniter))
13 FCPATH\index.php(63): CodeIgniter\Boot::bootWeb(Object(Config\Paths))
WARNING - 2025-06-09 13:06:15 --> [DEPRECATED] Passing lowercase HTTP method "post" is deprecated. Use uppercase HTTP method like "POST". in SYSTEMPATH\Router\RouteCollection.php on line 1027.
 1 SYSTEMPATH\Router\RouteCollection.php(1027): trigger_error('Passing lowercase HTTP method "post" is deprecated. Use uppercase HTTP method like "POST".', 16384)
 2 APPPATH\Config\Routes\UserRoutes.php(49): CodeIgniter\Router\RouteCollection->match([...], 'submit_review', 'ClientController::submit_review', [...])
 3 APPPATH\Config\Routes\UserRoutes.php(26): App\Config\Routes\UserRoutes::defineRoutes(Object(CodeIgniter\Router\RouteCollection))
 4 SYSTEMPATH\Router\RouteCollection.php(800): App\Config\Routes\UserRoutes::App\Config\Routes\{closure}(Object(CodeIgniter\Router\RouteCollection))
 5 APPPATH\Config\Routes\UserRoutes.php(25): CodeIgniter\Router\RouteCollection->group('{locale}', Object(Closure))
 6 APPPATH\Config\Routes.php(21): App\Config\Routes\UserRoutes::init(Object(CodeIgniter\Router\RouteCollection))
 7 SYSTEMPATH\Router\RouteCollection.php(340): require('C:\\xampp\\htdocs\\smartstore\\app\\Config\\Routes.php')
 8 SYSTEMPATH\CodeIgniter.php(823): CodeIgniter\Router\RouteCollection->loadRoutes()
 9 SYSTEMPATH\CodeIgniter.php(457): CodeIgniter\CodeIgniter->tryToRouteIt(null)
10 SYSTEMPATH\CodeIgniter.php(355): CodeIgniter\CodeIgniter->handleRequest(null, Object(Config\Cache), false)
11 SYSTEMPATH\Boot.php(325): CodeIgniter\CodeIgniter->run()
12 SYSTEMPATH\Boot.php(67): CodeIgniter\Boot::runCodeIgniter(Object(CodeIgniter\CodeIgniter))
13 FCPATH\index.php(63): CodeIgniter\Boot::bootWeb(Object(Config\Paths))
WARNING - 2025-06-09 13:06:15 --> [DEPRECATED] Passing lowercase HTTP method "get" is deprecated. Use uppercase HTTP method like "GET". in SYSTEMPATH\Router\RouteCollection.php on line 1027.
 1 SYSTEMPATH\Router\RouteCollection.php(1027): trigger_error('Passing lowercase HTTP method "get" is deprecated. Use uppercase HTTP method like "GET".', 16384)
 2 APPPATH\Config\Routes\UserRoutes.php(63): CodeIgniter\Router\RouteCollection->match([...], 'track-order', 'OrderController::track_order', [...])
 3 APPPATH\Config\Routes\UserRoutes.php(26): App\Config\Routes\UserRoutes::defineRoutes(Object(CodeIgniter\Router\RouteCollection))
 4 SYSTEMPATH\Router\RouteCollection.php(800): App\Config\Routes\UserRoutes::App\Config\Routes\{closure}(Object(CodeIgniter\Router\RouteCollection))
 5 APPPATH\Config\Routes\UserRoutes.php(25): CodeIgniter\Router\RouteCollection->group('{locale}', Object(Closure))
 6 APPPATH\Config\Routes.php(21): App\Config\Routes\UserRoutes::init(Object(CodeIgniter\Router\RouteCollection))
 7 SYSTEMPATH\Router\RouteCollection.php(340): require('C:\\xampp\\htdocs\\smartstore\\app\\Config\\Routes.php')
 8 SYSTEMPATH\CodeIgniter.php(823): CodeIgniter\Router\RouteCollection->loadRoutes()
 9 SYSTEMPATH\CodeIgniter.php(457): CodeIgniter\CodeIgniter->tryToRouteIt(null)
10 SYSTEMPATH\CodeIgniter.php(355): CodeIgniter\CodeIgniter->handleRequest(null, Object(Config\Cache), false)
11 SYSTEMPATH\Boot.php(325): CodeIgniter\CodeIgniter->run()
12 SYSTEMPATH\Boot.php(67): CodeIgniter\Boot::runCodeIgniter(Object(CodeIgniter\CodeIgniter))
13 FCPATH\index.php(63): CodeIgniter\Boot::bootWeb(Object(Config\Paths))
WARNING - 2025-06-09 13:06:16 --> [DEPRECATED] Passing lowercase HTTP method "post" is deprecated. Use uppercase HTTP method like "POST". in SYSTEMPATH\Router\RouteCollection.php on line 1027.
 1 SYSTEMPATH\Router\RouteCollection.php(1027): trigger_error('Passing lowercase HTTP method "post" is deprecated. Use uppercase HTTP method like "POST".', 16384)
 2 APPPATH\Config\Routes\UserRoutes.php(63): CodeIgniter\Router\RouteCollection->match([...], 'track-order', 'OrderController::track_order', [...])
 3 APPPATH\Config\Routes\UserRoutes.php(26): App\Config\Routes\UserRoutes::defineRoutes(Object(CodeIgniter\Router\RouteCollection))
 4 SYSTEMPATH\Router\RouteCollection.php(800): App\Config\Routes\UserRoutes::App\Config\Routes\{closure}(Object(CodeIgniter\Router\RouteCollection))
 5 APPPATH\Config\Routes\UserRoutes.php(25): CodeIgniter\Router\RouteCollection->group('{locale}', Object(Closure))
 6 APPPATH\Config\Routes.php(21): App\Config\Routes\UserRoutes::init(Object(CodeIgniter\Router\RouteCollection))
 7 SYSTEMPATH\Router\RouteCollection.php(340): require('C:\\xampp\\htdocs\\smartstore\\app\\Config\\Routes.php')
 8 SYSTEMPATH\CodeIgniter.php(823): CodeIgniter\Router\RouteCollection->loadRoutes()
 9 SYSTEMPATH\CodeIgniter.php(457): CodeIgniter\CodeIgniter->tryToRouteIt(null)
10 SYSTEMPATH\CodeIgniter.php(355): CodeIgniter\CodeIgniter->handleRequest(null, Object(Config\Cache), false)
11 SYSTEMPATH\Boot.php(325): CodeIgniter\CodeIgniter->run()
12 SYSTEMPATH\Boot.php(67): CodeIgniter\Boot::runCodeIgniter(Object(CodeIgniter\CodeIgniter))
13 FCPATH\index.php(63): CodeIgniter\Boot::bootWeb(Object(Config\Paths))
INFO - 2025-06-09 13:06:16 --> Session: Class initialized using 'CodeIgniter\Session\Handlers\FileHandler' driver.
WARNING - 2025-06-09 13:06:16 --> [DEPRECATED] Creation of dynamic property App\Controllers\Public\PageController::$load_files is deprecated in APPPATH\Controllers\Public\PageController.php on line 21.
 1 SYSTEMPATH\CodeIgniter.php(903): App\Controllers\Public\PageController->__construct()
 2 SYSTEMPATH\CodeIgniter.php(500): CodeIgniter\CodeIgniter->createController()
 3 SYSTEMPATH\CodeIgniter.php(355): CodeIgniter\CodeIgniter->handleRequest(null, Object(Config\Cache), false)
 4 SYSTEMPATH\Boot.php(325): CodeIgniter\CodeIgniter->run()
 5 SYSTEMPATH\Boot.php(67): CodeIgniter\Boot::runCodeIgniter(Object(CodeIgniter\CodeIgniter))
 6 FCPATH\index.php(63): CodeIgniter\Boot::bootWeb(Object(Config\Paths))
WARNING - 2025-06-09 13:06:16 --> [DEPRECATED] Creation of dynamic property App\Controllers\Public\PageController::$page_title is deprecated in APPPATH\Controllers\Public\PageController.php on line 22.
 1 SYSTEMPATH\CodeIgniter.php(903): App\Controllers\Public\PageController->__construct()
 2 SYSTEMPATH\CodeIgniter.php(500): CodeIgniter\CodeIgniter->createController()
 3 SYSTEMPATH\CodeIgniter.php(355): CodeIgniter\CodeIgniter->handleRequest(null, Object(Config\Cache), false)
 4 SYSTEMPATH\Boot.php(325): CodeIgniter\CodeIgniter->run()
 5 SYSTEMPATH\Boot.php(67): CodeIgniter\Boot::runCodeIgniter(Object(CodeIgniter\CodeIgniter))
 6 FCPATH\index.php(63): CodeIgniter\Boot::bootWeb(Object(Config\Paths))
WARNING - 2025-06-09 14:08:26 --> [DEPRECATED] Passing lowercase HTTP method "get" is deprecated. Use uppercase HTTP method like "GET". in SYSTEMPATH\Router\RouteCollection.php on line 1027.
 1 SYSTEMPATH\Router\RouteCollection.php(1027): trigger_error('Passing lowercase HTTP method "get" is deprecated. Use uppercase HTTP method like "GET".', 16384)
 2 APPPATH\Config\Routes\AdminRoutes.php(65): CodeIgniter\Router\RouteCollection->match([...], 'send_test_mail', 'SettingsController::send_test_mail')
 3 SYSTEMPATH\Router\RouteCollection.php(800): App\Config\Routes\AdminRoutes::App\Config\Routes\{closure}(Object(CodeIgniter\Router\RouteCollection))
 4 APPPATH\Config\Routes\AdminRoutes.php(63): CodeIgniter\Router\RouteCollection->group('settings', [...], Object(Closure))
 5 SYSTEMPATH\Router\RouteCollection.php(800): App\Config\Routes\AdminRoutes::App\Config\Routes\{closure}(Object(CodeIgniter\Router\RouteCollection))
 6 APPPATH\Config\Routes\AdminRoutes.php(28): CodeIgniter\Router\RouteCollection->group('admin', [...], Object(Closure))
 7 APPPATH\Config\Routes.php(20): App\Config\Routes\AdminRoutes::init(Object(CodeIgniter\Router\RouteCollection))
 8 SYSTEMPATH\Router\RouteCollection.php(340): require('C:\\xampp\\htdocs\\smartstore\\app\\Config\\Routes.php')
 9 SYSTEMPATH\CodeIgniter.php(823): CodeIgniter\Router\RouteCollection->loadRoutes()
10 SYSTEMPATH\CodeIgniter.php(457): CodeIgniter\CodeIgniter->tryToRouteIt(null)
11 SYSTEMPATH\CodeIgniter.php(355): CodeIgniter\CodeIgniter->handleRequest(null, Object(Config\Cache), false)
12 SYSTEMPATH\Boot.php(325): CodeIgniter\CodeIgniter->run()
13 SYSTEMPATH\Boot.php(67): CodeIgniter\Boot::runCodeIgniter(Object(CodeIgniter\CodeIgniter))
14 FCPATH\index.php(63): CodeIgniter\Boot::bootWeb(Object(Config\Paths))
WARNING - 2025-06-09 14:08:26 --> [DEPRECATED] Passing lowercase HTTP method "post" is deprecated. Use uppercase HTTP method like "POST". in SYSTEMPATH\Router\RouteCollection.php on line 1027.
 1 SYSTEMPATH\Router\RouteCollection.php(1027): trigger_error('Passing lowercase HTTP method "post" is deprecated. Use uppercase HTTP method like "POST".', 16384)
 2 APPPATH\Config\Routes\AdminRoutes.php(65): CodeIgniter\Router\RouteCollection->match([...], 'send_test_mail', 'SettingsController::send_test_mail')
 3 SYSTEMPATH\Router\RouteCollection.php(800): App\Config\Routes\AdminRoutes::App\Config\Routes\{closure}(Object(CodeIgniter\Router\RouteCollection))
 4 APPPATH\Config\Routes\AdminRoutes.php(63): CodeIgniter\Router\RouteCollection->group('settings', [...], Object(Closure))
 5 SYSTEMPATH\Router\RouteCollection.php(800): App\Config\Routes\AdminRoutes::App\Config\Routes\{closure}(Object(CodeIgniter\Router\RouteCollection))
 6 APPPATH\Config\Routes\AdminRoutes.php(28): CodeIgniter\Router\RouteCollection->group('admin', [...], Object(Closure))
 7 APPPATH\Config\Routes.php(20): App\Config\Routes\AdminRoutes::init(Object(CodeIgniter\Router\RouteCollection))
 8 SYSTEMPATH\Router\RouteCollection.php(340): require('C:\\xampp\\htdocs\\smartstore\\app\\Config\\Routes.php')
 9 SYSTEMPATH\CodeIgniter.php(823): CodeIgniter\Router\RouteCollection->loadRoutes()
10 SYSTEMPATH\CodeIgniter.php(457): CodeIgniter\CodeIgniter->tryToRouteIt(null)
11 SYSTEMPATH\CodeIgniter.php(355): CodeIgniter\CodeIgniter->handleRequest(null, Object(Config\Cache), false)
12 SYSTEMPATH\Boot.php(325): CodeIgniter\CodeIgniter->run()
13 SYSTEMPATH\Boot.php(67): CodeIgniter\Boot::runCodeIgniter(Object(CodeIgniter\CodeIgniter))
14 FCPATH\index.php(63): CodeIgniter\Boot::bootWeb(Object(Config\Paths))
WARNING - 2025-06-09 14:08:26 --> [DEPRECATED] Passing lowercase HTTP method "get" is deprecated. Use uppercase HTTP method like "GET". in SYSTEMPATH\Router\RouteCollection.php on line 1027.
 1 SYSTEMPATH\Router\RouteCollection.php(1027): trigger_error('Passing lowercase HTTP method "get" is deprecated. Use uppercase HTTP method like "GET".', 16384)
 2 APPPATH\Config\Routes\AdminRoutes.php(76): CodeIgniter\Router\RouteCollection->match([...], 'elfinder_connector', 'FilemanagerController::elfinder_connector')
 3 SYSTEMPATH\Router\RouteCollection.php(800): App\Config\Routes\AdminRoutes::App\Config\Routes\{closure}(Object(CodeIgniter\Router\RouteCollection))
 4 APPPATH\Config\Routes\AdminRoutes.php(73): CodeIgniter\Router\RouteCollection->group('filemanager', [...], Object(Closure))
 5 SYSTEMPATH\Router\RouteCollection.php(800): App\Config\Routes\AdminRoutes::App\Config\Routes\{closure}(Object(CodeIgniter\Router\RouteCollection))
 6 APPPATH\Config\Routes\AdminRoutes.php(28): CodeIgniter\Router\RouteCollection->group('admin', [...], Object(Closure))
 7 APPPATH\Config\Routes.php(20): App\Config\Routes\AdminRoutes::init(Object(CodeIgniter\Router\RouteCollection))
 8 SYSTEMPATH\Router\RouteCollection.php(340): require('C:\\xampp\\htdocs\\smartstore\\app\\Config\\Routes.php')
 9 SYSTEMPATH\CodeIgniter.php(823): CodeIgniter\Router\RouteCollection->loadRoutes()
10 SYSTEMPATH\CodeIgniter.php(457): CodeIgniter\CodeIgniter->tryToRouteIt(null)
11 SYSTEMPATH\CodeIgniter.php(355): CodeIgniter\CodeIgniter->handleRequest(null, Object(Config\Cache), false)
12 SYSTEMPATH\Boot.php(325): CodeIgniter\CodeIgniter->run()
13 SYSTEMPATH\Boot.php(67): CodeIgniter\Boot::runCodeIgniter(Object(CodeIgniter\CodeIgniter))
14 FCPATH\index.php(63): CodeIgniter\Boot::bootWeb(Object(Config\Paths))
WARNING - 2025-06-09 14:08:26 --> [DEPRECATED] Passing lowercase HTTP method "post" is deprecated. Use uppercase HTTP method like "POST". in SYSTEMPATH\Router\RouteCollection.php on line 1027.
 1 SYSTEMPATH\Router\RouteCollection.php(1027): trigger_error('Passing lowercase HTTP method "post" is deprecated. Use uppercase HTTP method like "POST".', 16384)
 2 APPPATH\Config\Routes\AdminRoutes.php(76): CodeIgniter\Router\RouteCollection->match([...], 'elfinder_connector', 'FilemanagerController::elfinder_connector')
 3 SYSTEMPATH\Router\RouteCollection.php(800): App\Config\Routes\AdminRoutes::App\Config\Routes\{closure}(Object(CodeIgniter\Router\RouteCollection))
 4 APPPATH\Config\Routes\AdminRoutes.php(73): CodeIgniter\Router\RouteCollection->group('filemanager', [...], Object(Closure))
 5 SYSTEMPATH\Router\RouteCollection.php(800): App\Config\Routes\AdminRoutes::App\Config\Routes\{closure}(Object(CodeIgniter\Router\RouteCollection))
 6 APPPATH\Config\Routes\AdminRoutes.php(28): CodeIgniter\Router\RouteCollection->group('admin', [...], Object(Closure))
 7 APPPATH\Config\Routes.php(20): App\Config\Routes\AdminRoutes::init(Object(CodeIgniter\Router\RouteCollection))
 8 SYSTEMPATH\Router\RouteCollection.php(340): require('C:\\xampp\\htdocs\\smartstore\\app\\Config\\Routes.php')
 9 SYSTEMPATH\CodeIgniter.php(823): CodeIgniter\Router\RouteCollection->loadRoutes()
10 SYSTEMPATH\CodeIgniter.php(457): CodeIgniter\CodeIgniter->tryToRouteIt(null)
11 SYSTEMPATH\CodeIgniter.php(355): CodeIgniter\CodeIgniter->handleRequest(null, Object(Config\Cache), false)
12 SYSTEMPATH\Boot.php(325): CodeIgniter\CodeIgniter->run()
13 SYSTEMPATH\Boot.php(67): CodeIgniter\Boot::runCodeIgniter(Object(CodeIgniter\CodeIgniter))
14 FCPATH\index.php(63): CodeIgniter\Boot::bootWeb(Object(Config\Paths))
WARNING - 2025-06-09 14:08:26 --> [DEPRECATED] Passing lowercase HTTP method "get" is deprecated. Use uppercase HTTP method like "GET". in SYSTEMPATH\Router\RouteCollection.php on line 1027.
 1 SYSTEMPATH\Router\RouteCollection.php(1027): trigger_error('Passing lowercase HTTP method "get" is deprecated. Use uppercase HTTP method like "GET".', 16384)
 2 APPPATH\Config\Routes\AdminRoutes.php(172): CodeIgniter\Router\RouteCollection->match([...], 'sync_services/?(:num)?', 'ProvidersController::sync_services/$1')
 3 SYSTEMPATH\Router\RouteCollection.php(800): App\Config\Routes\AdminRoutes::App\Config\Routes\{closure}(Object(CodeIgniter\Router\RouteCollection))
 4 APPPATH\Config\Routes\AdminRoutes.php(167): CodeIgniter\Router\RouteCollection->group('providers', [...], Object(Closure))
 5 SYSTEMPATH\Router\RouteCollection.php(800): App\Config\Routes\AdminRoutes::App\Config\Routes\{closure}(Object(CodeIgniter\Router\RouteCollection))
 6 APPPATH\Config\Routes\AdminRoutes.php(28): CodeIgniter\Router\RouteCollection->group('admin', [...], Object(Closure))
 7 APPPATH\Config\Routes.php(20): App\Config\Routes\AdminRoutes::init(Object(CodeIgniter\Router\RouteCollection))
 8 SYSTEMPATH\Router\RouteCollection.php(340): require('C:\\xampp\\htdocs\\smartstore\\app\\Config\\Routes.php')
 9 SYSTEMPATH\CodeIgniter.php(823): CodeIgniter\Router\RouteCollection->loadRoutes()
10 SYSTEMPATH\CodeIgniter.php(457): CodeIgniter\CodeIgniter->tryToRouteIt(null)
11 SYSTEMPATH\CodeIgniter.php(355): CodeIgniter\CodeIgniter->handleRequest(null, Object(Config\Cache), false)
12 SYSTEMPATH\Boot.php(325): CodeIgniter\CodeIgniter->run()
13 SYSTEMPATH\Boot.php(67): CodeIgniter\Boot::runCodeIgniter(Object(CodeIgniter\CodeIgniter))
14 FCPATH\index.php(63): CodeIgniter\Boot::bootWeb(Object(Config\Paths))
WARNING - 2025-06-09 14:08:26 --> [DEPRECATED] Passing lowercase HTTP method "post" is deprecated. Use uppercase HTTP method like "POST". in SYSTEMPATH\Router\RouteCollection.php on line 1027.
 1 SYSTEMPATH\Router\RouteCollection.php(1027): trigger_error('Passing lowercase HTTP method "post" is deprecated. Use uppercase HTTP method like "POST".', 16384)
 2 APPPATH\Config\Routes\AdminRoutes.php(172): CodeIgniter\Router\RouteCollection->match([...], 'sync_services/?(:num)?', 'ProvidersController::sync_services/$1')
 3 SYSTEMPATH\Router\RouteCollection.php(800): App\Config\Routes\AdminRoutes::App\Config\Routes\{closure}(Object(CodeIgniter\Router\RouteCollection))
 4 APPPATH\Config\Routes\AdminRoutes.php(167): CodeIgniter\Router\RouteCollection->group('providers', [...], Object(Closure))
 5 SYSTEMPATH\Router\RouteCollection.php(800): App\Config\Routes\AdminRoutes::App\Config\Routes\{closure}(Object(CodeIgniter\Router\RouteCollection))
 6 APPPATH\Config\Routes\AdminRoutes.php(28): CodeIgniter\Router\RouteCollection->group('admin', [...], Object(Closure))
 7 APPPATH\Config\Routes.php(20): App\Config\Routes\AdminRoutes::init(Object(CodeIgniter\Router\RouteCollection))
 8 SYSTEMPATH\Router\RouteCollection.php(340): require('C:\\xampp\\htdocs\\smartstore\\app\\Config\\Routes.php')
 9 SYSTEMPATH\CodeIgniter.php(823): CodeIgniter\Router\RouteCollection->loadRoutes()
10 SYSTEMPATH\CodeIgniter.php(457): CodeIgniter\CodeIgniter->tryToRouteIt(null)
11 SYSTEMPATH\CodeIgniter.php(355): CodeIgniter\CodeIgniter->handleRequest(null, Object(Config\Cache), false)
12 SYSTEMPATH\Boot.php(325): CodeIgniter\CodeIgniter->run()
13 SYSTEMPATH\Boot.php(67): CodeIgniter\Boot::runCodeIgniter(Object(CodeIgniter\CodeIgniter))
14 FCPATH\index.php(63): CodeIgniter\Boot::bootWeb(Object(Config\Paths))
WARNING - 2025-06-09 14:08:26 --> [DEPRECATED] Passing lowercase HTTP method "get" is deprecated. Use uppercase HTTP method like "GET". in SYSTEMPATH\Router\RouteCollection.php on line 1027.
 1 SYSTEMPATH\Router\RouteCollection.php(1027): trigger_error('Passing lowercase HTTP method "get" is deprecated. Use uppercase HTTP method like "GET".', 16384)
 2 APPPATH\Config\Routes\AdminRoutes.php(185): CodeIgniter\Router\RouteCollection->match([...], 'add_note/?(:num)?', 'UsersController::add_note/$1')
 3 SYSTEMPATH\Router\RouteCollection.php(800): App\Config\Routes\AdminRoutes::App\Config\Routes\{closure}(Object(CodeIgniter\Router\RouteCollection))
 4 APPPATH\Config\Routes\AdminRoutes.php(182): CodeIgniter\Router\RouteCollection->group('users', [...], Object(Closure))
 5 SYSTEMPATH\Router\RouteCollection.php(800): App\Config\Routes\AdminRoutes::App\Config\Routes\{closure}(Object(CodeIgniter\Router\RouteCollection))
 6 APPPATH\Config\Routes\AdminRoutes.php(28): CodeIgniter\Router\RouteCollection->group('admin', [...], Object(Closure))
 7 APPPATH\Config\Routes.php(20): App\Config\Routes\AdminRoutes::init(Object(CodeIgniter\Router\RouteCollection))
 8 SYSTEMPATH\Router\RouteCollection.php(340): require('C:\\xampp\\htdocs\\smartstore\\app\\Config\\Routes.php')
 9 SYSTEMPATH\CodeIgniter.php(823): CodeIgniter\Router\RouteCollection->loadRoutes()
10 SYSTEMPATH\CodeIgniter.php(457): CodeIgniter\CodeIgniter->tryToRouteIt(null)
11 SYSTEMPATH\CodeIgniter.php(355): CodeIgniter\CodeIgniter->handleRequest(null, Object(Config\Cache), false)
12 SYSTEMPATH\Boot.php(325): CodeIgniter\CodeIgniter->run()
13 SYSTEMPATH\Boot.php(67): CodeIgniter\Boot::runCodeIgniter(Object(CodeIgniter\CodeIgniter))
14 FCPATH\index.php(63): CodeIgniter\Boot::bootWeb(Object(Config\Paths))
WARNING - 2025-06-09 14:08:26 --> [DEPRECATED] Passing lowercase HTTP method "post" is deprecated. Use uppercase HTTP method like "POST". in SYSTEMPATH\Router\RouteCollection.php on line 1027.
 1 SYSTEMPATH\Router\RouteCollection.php(1027): trigger_error('Passing lowercase HTTP method "post" is deprecated. Use uppercase HTTP method like "POST".', 16384)
 2 APPPATH\Config\Routes\AdminRoutes.php(185): CodeIgniter\Router\RouteCollection->match([...], 'add_note/?(:num)?', 'UsersController::add_note/$1')
 3 SYSTEMPATH\Router\RouteCollection.php(800): App\Config\Routes\AdminRoutes::App\Config\Routes\{closure}(Object(CodeIgniter\Router\RouteCollection))
 4 APPPATH\Config\Routes\AdminRoutes.php(182): CodeIgniter\Router\RouteCollection->group('users', [...], Object(Closure))
 5 SYSTEMPATH\Router\RouteCollection.php(800): App\Config\Routes\AdminRoutes::App\Config\Routes\{closure}(Object(CodeIgniter\Router\RouteCollection))
 6 APPPATH\Config\Routes\AdminRoutes.php(28): CodeIgniter\Router\RouteCollection->group('admin', [...], Object(Closure))
 7 APPPATH\Config\Routes.php(20): App\Config\Routes\AdminRoutes::init(Object(CodeIgniter\Router\RouteCollection))
 8 SYSTEMPATH\Router\RouteCollection.php(340): require('C:\\xampp\\htdocs\\smartstore\\app\\Config\\Routes.php')
 9 SYSTEMPATH\CodeIgniter.php(823): CodeIgniter\Router\RouteCollection->loadRoutes()
10 SYSTEMPATH\CodeIgniter.php(457): CodeIgniter\CodeIgniter->tryToRouteIt(null)
11 SYSTEMPATH\CodeIgniter.php(355): CodeIgniter\CodeIgniter->handleRequest(null, Object(Config\Cache), false)
12 SYSTEMPATH\Boot.php(325): CodeIgniter\CodeIgniter->run()
13 SYSTEMPATH\Boot.php(67): CodeIgniter\Boot::runCodeIgniter(Object(CodeIgniter\CodeIgniter))
14 FCPATH\index.php(63): CodeIgniter\Boot::bootWeb(Object(Config\Paths))
WARNING - 2025-06-09 14:08:26 --> [DEPRECATED] Passing lowercase HTTP method "get" is deprecated. Use uppercase HTTP method like "GET". in SYSTEMPATH\Router\RouteCollection.php on line 1027.
 1 SYSTEMPATH\Router\RouteCollection.php(1027): trigger_error('Passing lowercase HTTP method "get" is deprecated. Use uppercase HTTP method like "GET".', 16384)
 2 APPPATH\Config\Routes\AdminRoutes.php(186): CodeIgniter\Router\RouteCollection->match([...], 'send_mail/?(:num)?', 'UsersController::send_mail/$1')
 3 SYSTEMPATH\Router\RouteCollection.php(800): App\Config\Routes\AdminRoutes::App\Config\Routes\{closure}(Object(CodeIgniter\Router\RouteCollection))
 4 APPPATH\Config\Routes\AdminRoutes.php(182): CodeIgniter\Router\RouteCollection->group('users', [...], Object(Closure))
 5 SYSTEMPATH\Router\RouteCollection.php(800): App\Config\Routes\AdminRoutes::App\Config\Routes\{closure}(Object(CodeIgniter\Router\RouteCollection))
 6 APPPATH\Config\Routes\AdminRoutes.php(28): CodeIgniter\Router\RouteCollection->group('admin', [...], Object(Closure))
 7 APPPATH\Config\Routes.php(20): App\Config\Routes\AdminRoutes::init(Object(CodeIgniter\Router\RouteCollection))
 8 SYSTEMPATH\Router\RouteCollection.php(340): require('C:\\xampp\\htdocs\\smartstore\\app\\Config\\Routes.php')
 9 SYSTEMPATH\CodeIgniter.php(823): CodeIgniter\Router\RouteCollection->loadRoutes()
10 SYSTEMPATH\CodeIgniter.php(457): CodeIgniter\CodeIgniter->tryToRouteIt(null)
11 SYSTEMPATH\CodeIgniter.php(355): CodeIgniter\CodeIgniter->handleRequest(null, Object(Config\Cache), false)
12 SYSTEMPATH\Boot.php(325): CodeIgniter\CodeIgniter->run()
13 SYSTEMPATH\Boot.php(67): CodeIgniter\Boot::runCodeIgniter(Object(CodeIgniter\CodeIgniter))
14 FCPATH\index.php(63): CodeIgniter\Boot::bootWeb(Object(Config\Paths))
WARNING - 2025-06-09 14:08:26 --> [DEPRECATED] Passing lowercase HTTP method "post" is deprecated. Use uppercase HTTP method like "POST". in SYSTEMPATH\Router\RouteCollection.php on line 1027.
 1 SYSTEMPATH\Router\RouteCollection.php(1027): trigger_error('Passing lowercase HTTP method "post" is deprecated. Use uppercase HTTP method like "POST".', 16384)
 2 APPPATH\Config\Routes\AdminRoutes.php(186): CodeIgniter\Router\RouteCollection->match([...], 'send_mail/?(:num)?', 'UsersController::send_mail/$1')
 3 SYSTEMPATH\Router\RouteCollection.php(800): App\Config\Routes\AdminRoutes::App\Config\Routes\{closure}(Object(CodeIgniter\Router\RouteCollection))
 4 APPPATH\Config\Routes\AdminRoutes.php(182): CodeIgniter\Router\RouteCollection->group('users', [...], Object(Closure))
 5 SYSTEMPATH\Router\RouteCollection.php(800): App\Config\Routes\AdminRoutes::App\Config\Routes\{closure}(Object(CodeIgniter\Router\RouteCollection))
 6 APPPATH\Config\Routes\AdminRoutes.php(28): CodeIgniter\Router\RouteCollection->group('admin', [...], Object(Closure))
 7 APPPATH\Config\Routes.php(20): App\Config\Routes\AdminRoutes::init(Object(CodeIgniter\Router\RouteCollection))
 8 SYSTEMPATH\Router\RouteCollection.php(340): require('C:\\xampp\\htdocs\\smartstore\\app\\Config\\Routes.php')
 9 SYSTEMPATH\CodeIgniter.php(823): CodeIgniter\Router\RouteCollection->loadRoutes()
10 SYSTEMPATH\CodeIgniter.php(457): CodeIgniter\CodeIgniter->tryToRouteIt(null)
11 SYSTEMPATH\CodeIgniter.php(355): CodeIgniter\CodeIgniter->handleRequest(null, Object(Config\Cache), false)
12 SYSTEMPATH\Boot.php(325): CodeIgniter\CodeIgniter->run()
13 SYSTEMPATH\Boot.php(67): CodeIgniter\Boot::runCodeIgniter(Object(CodeIgniter\CodeIgniter))
14 FCPATH\index.php(63): CodeIgniter\Boot::bootWeb(Object(Config\Paths))
WARNING - 2025-06-09 14:08:26 --> [DEPRECATED] Passing lowercase HTTP method "get" is deprecated. Use uppercase HTTP method like "GET". in SYSTEMPATH\Router\RouteCollection.php on line 1027.
 1 SYSTEMPATH\Router\RouteCollection.php(1027): trigger_error('Passing lowercase HTTP method "get" is deprecated. Use uppercase HTTP method like "GET".', 16384)
 2 APPPATH\Config\Routes\AdminRoutes.php(215): CodeIgniter\Router\RouteCollection->match([...], 'send_mail/?(:num)?', 'TicketsController::send_mail/$1')
 3 SYSTEMPATH\Router\RouteCollection.php(800): App\Config\Routes\AdminRoutes::App\Config\Routes\{closure}(Object(CodeIgniter\Router\RouteCollection))
 4 APPPATH\Config\Routes\AdminRoutes.php(212): CodeIgniter\Router\RouteCollection->group('tickets', [...], Object(Closure))
 5 SYSTEMPATH\Router\RouteCollection.php(800): App\Config\Routes\AdminRoutes::App\Config\Routes\{closure}(Object(CodeIgniter\Router\RouteCollection))
 6 APPPATH\Config\Routes\AdminRoutes.php(28): CodeIgniter\Router\RouteCollection->group('admin', [...], Object(Closure))
 7 APPPATH\Config\Routes.php(20): App\Config\Routes\AdminRoutes::init(Object(CodeIgniter\Router\RouteCollection))
 8 SYSTEMPATH\Router\RouteCollection.php(340): require('C:\\xampp\\htdocs\\smartstore\\app\\Config\\Routes.php')
 9 SYSTEMPATH\CodeIgniter.php(823): CodeIgniter\Router\RouteCollection->loadRoutes()
10 SYSTEMPATH\CodeIgniter.php(457): CodeIgniter\CodeIgniter->tryToRouteIt(null)
11 SYSTEMPATH\CodeIgniter.php(355): CodeIgniter\CodeIgniter->handleRequest(null, Object(Config\Cache), false)
12 SYSTEMPATH\Boot.php(325): CodeIgniter\CodeIgniter->run()
13 SYSTEMPATH\Boot.php(67): CodeIgniter\Boot::runCodeIgniter(Object(CodeIgniter\CodeIgniter))
14 FCPATH\index.php(63): CodeIgniter\Boot::bootWeb(Object(Config\Paths))
WARNING - 2025-06-09 14:08:26 --> [DEPRECATED] Passing lowercase HTTP method "post" is deprecated. Use uppercase HTTP method like "POST". in SYSTEMPATH\Router\RouteCollection.php on line 1027.
 1 SYSTEMPATH\Router\RouteCollection.php(1027): trigger_error('Passing lowercase HTTP method "post" is deprecated. Use uppercase HTTP method like "POST".', 16384)
 2 APPPATH\Config\Routes\AdminRoutes.php(215): CodeIgniter\Router\RouteCollection->match([...], 'send_mail/?(:num)?', 'TicketsController::send_mail/$1')
 3 SYSTEMPATH\Router\RouteCollection.php(800): App\Config\Routes\AdminRoutes::App\Config\Routes\{closure}(Object(CodeIgniter\Router\RouteCollection))
 4 APPPATH\Config\Routes\AdminRoutes.php(212): CodeIgniter\Router\RouteCollection->group('tickets', [...], Object(Closure))
 5 SYSTEMPATH\Router\RouteCollection.php(800): App\Config\Routes\AdminRoutes::App\Config\Routes\{closure}(Object(CodeIgniter\Router\RouteCollection))
 6 APPPATH\Config\Routes\AdminRoutes.php(28): CodeIgniter\Router\RouteCollection->group('admin', [...], Object(Closure))
 7 APPPATH\Config\Routes.php(20): App\Config\Routes\AdminRoutes::init(Object(CodeIgniter\Router\RouteCollection))
 8 SYSTEMPATH\Router\RouteCollection.php(340): require('C:\\xampp\\htdocs\\smartstore\\app\\Config\\Routes.php')
 9 SYSTEMPATH\CodeIgniter.php(823): CodeIgniter\Router\RouteCollection->loadRoutes()
10 SYSTEMPATH\CodeIgniter.php(457): CodeIgniter\CodeIgniter->tryToRouteIt(null)
11 SYSTEMPATH\CodeIgniter.php(355): CodeIgniter\CodeIgniter->handleRequest(null, Object(Config\Cache), false)
12 SYSTEMPATH\Boot.php(325): CodeIgniter\CodeIgniter->run()
13 SYSTEMPATH\Boot.php(67): CodeIgniter\Boot::runCodeIgniter(Object(CodeIgniter\CodeIgniter))
14 FCPATH\index.php(63): CodeIgniter\Boot::bootWeb(Object(Config\Paths))
WARNING - 2025-06-09 14:08:26 --> [DEPRECATED] Passing lowercase HTTP method "get" is deprecated. Use uppercase HTTP method like "GET". in SYSTEMPATH\Router\RouteCollection.php on line 1027.
 1 SYSTEMPATH\Router\RouteCollection.php(1027): trigger_error('Passing lowercase HTTP method "get" is deprecated. Use uppercase HTTP method like "GET".', 16384)
 2 APPPATH\Config\Routes\UserRoutes.php(49): CodeIgniter\Router\RouteCollection->match([...], 'submit_review', 'ClientController::submit_review', [...])
 3 APPPATH\Config\Routes\UserRoutes.php(23): App\Config\Routes\UserRoutes::defineRoutes(Object(CodeIgniter\Router\RouteCollection))
 4 APPPATH\Config\Routes.php(21): App\Config\Routes\UserRoutes::init(Object(CodeIgniter\Router\RouteCollection))
 5 SYSTEMPATH\Router\RouteCollection.php(340): require('C:\\xampp\\htdocs\\smartstore\\app\\Config\\Routes.php')
 6 SYSTEMPATH\CodeIgniter.php(823): CodeIgniter\Router\RouteCollection->loadRoutes()
 7 SYSTEMPATH\CodeIgniter.php(457): CodeIgniter\CodeIgniter->tryToRouteIt(null)
 8 SYSTEMPATH\CodeIgniter.php(355): CodeIgniter\CodeIgniter->handleRequest(null, Object(Config\Cache), false)
 9 SYSTEMPATH\Boot.php(325): CodeIgniter\CodeIgniter->run()
10 SYSTEMPATH\Boot.php(67): CodeIgniter\Boot::runCodeIgniter(Object(CodeIgniter\CodeIgniter))
11 FCPATH\index.php(63): CodeIgniter\Boot::bootWeb(Object(Config\Paths))
WARNING - 2025-06-09 14:08:26 --> [DEPRECATED] Passing lowercase HTTP method "post" is deprecated. Use uppercase HTTP method like "POST". in SYSTEMPATH\Router\RouteCollection.php on line 1027.
 1 SYSTEMPATH\Router\RouteCollection.php(1027): trigger_error('Passing lowercase HTTP method "post" is deprecated. Use uppercase HTTP method like "POST".', 16384)
 2 APPPATH\Config\Routes\UserRoutes.php(49): CodeIgniter\Router\RouteCollection->match([...], 'submit_review', 'ClientController::submit_review', [...])
 3 APPPATH\Config\Routes\UserRoutes.php(23): App\Config\Routes\UserRoutes::defineRoutes(Object(CodeIgniter\Router\RouteCollection))
 4 APPPATH\Config\Routes.php(21): App\Config\Routes\UserRoutes::init(Object(CodeIgniter\Router\RouteCollection))
 5 SYSTEMPATH\Router\RouteCollection.php(340): require('C:\\xampp\\htdocs\\smartstore\\app\\Config\\Routes.php')
 6 SYSTEMPATH\CodeIgniter.php(823): CodeIgniter\Router\RouteCollection->loadRoutes()
 7 SYSTEMPATH\CodeIgniter.php(457): CodeIgniter\CodeIgniter->tryToRouteIt(null)
 8 SYSTEMPATH\CodeIgniter.php(355): CodeIgniter\CodeIgniter->handleRequest(null, Object(Config\Cache), false)
 9 SYSTEMPATH\Boot.php(325): CodeIgniter\CodeIgniter->run()
10 SYSTEMPATH\Boot.php(67): CodeIgniter\Boot::runCodeIgniter(Object(CodeIgniter\CodeIgniter))
11 FCPATH\index.php(63): CodeIgniter\Boot::bootWeb(Object(Config\Paths))
WARNING - 2025-06-09 14:08:26 --> [DEPRECATED] Passing lowercase HTTP method "get" is deprecated. Use uppercase HTTP method like "GET". in SYSTEMPATH\Router\RouteCollection.php on line 1027.
 1 SYSTEMPATH\Router\RouteCollection.php(1027): trigger_error('Passing lowercase HTTP method "get" is deprecated. Use uppercase HTTP method like "GET".', 16384)
 2 APPPATH\Config\Routes\UserRoutes.php(63): CodeIgniter\Router\RouteCollection->match([...], 'track-order', 'OrderController::track_order', [...])
 3 APPPATH\Config\Routes\UserRoutes.php(23): App\Config\Routes\UserRoutes::defineRoutes(Object(CodeIgniter\Router\RouteCollection))
 4 APPPATH\Config\Routes.php(21): App\Config\Routes\UserRoutes::init(Object(CodeIgniter\Router\RouteCollection))
 5 SYSTEMPATH\Router\RouteCollection.php(340): require('C:\\xampp\\htdocs\\smartstore\\app\\Config\\Routes.php')
 6 SYSTEMPATH\CodeIgniter.php(823): CodeIgniter\Router\RouteCollection->loadRoutes()
 7 SYSTEMPATH\CodeIgniter.php(457): CodeIgniter\CodeIgniter->tryToRouteIt(null)
 8 SYSTEMPATH\CodeIgniter.php(355): CodeIgniter\CodeIgniter->handleRequest(null, Object(Config\Cache), false)
 9 SYSTEMPATH\Boot.php(325): CodeIgniter\CodeIgniter->run()
10 SYSTEMPATH\Boot.php(67): CodeIgniter\Boot::runCodeIgniter(Object(CodeIgniter\CodeIgniter))
11 FCPATH\index.php(63): CodeIgniter\Boot::bootWeb(Object(Config\Paths))
WARNING - 2025-06-09 14:08:26 --> [DEPRECATED] Passing lowercase HTTP method "post" is deprecated. Use uppercase HTTP method like "POST". in SYSTEMPATH\Router\RouteCollection.php on line 1027.
 1 SYSTEMPATH\Router\RouteCollection.php(1027): trigger_error('Passing lowercase HTTP method "post" is deprecated. Use uppercase HTTP method like "POST".', 16384)
 2 APPPATH\Config\Routes\UserRoutes.php(63): CodeIgniter\Router\RouteCollection->match([...], 'track-order', 'OrderController::track_order', [...])
 3 APPPATH\Config\Routes\UserRoutes.php(23): App\Config\Routes\UserRoutes::defineRoutes(Object(CodeIgniter\Router\RouteCollection))
 4 APPPATH\Config\Routes.php(21): App\Config\Routes\UserRoutes::init(Object(CodeIgniter\Router\RouteCollection))
 5 SYSTEMPATH\Router\RouteCollection.php(340): require('C:\\xampp\\htdocs\\smartstore\\app\\Config\\Routes.php')
 6 SYSTEMPATH\CodeIgniter.php(823): CodeIgniter\Router\RouteCollection->loadRoutes()
 7 SYSTEMPATH\CodeIgniter.php(457): CodeIgniter\CodeIgniter->tryToRouteIt(null)
 8 SYSTEMPATH\CodeIgniter.php(355): CodeIgniter\CodeIgniter->handleRequest(null, Object(Config\Cache), false)
 9 SYSTEMPATH\Boot.php(325): CodeIgniter\CodeIgniter->run()
10 SYSTEMPATH\Boot.php(67): CodeIgniter\Boot::runCodeIgniter(Object(CodeIgniter\CodeIgniter))
11 FCPATH\index.php(63): CodeIgniter\Boot::bootWeb(Object(Config\Paths))
WARNING - 2025-06-09 14:08:26 --> [DEPRECATED] Passing lowercase HTTP method "get" is deprecated. Use uppercase HTTP method like "GET". in SYSTEMPATH\Router\RouteCollection.php on line 1027.
 1 SYSTEMPATH\Router\RouteCollection.php(1027): trigger_error('Passing lowercase HTTP method "get" is deprecated. Use uppercase HTTP method like "GET".', 16384)
 2 APPPATH\Config\Routes\UserRoutes.php(49): CodeIgniter\Router\RouteCollection->match([...], 'submit_review', 'ClientController::submit_review', [...])
 3 APPPATH\Config\Routes\UserRoutes.php(26): App\Config\Routes\UserRoutes::defineRoutes(Object(CodeIgniter\Router\RouteCollection))
 4 SYSTEMPATH\Router\RouteCollection.php(800): App\Config\Routes\UserRoutes::App\Config\Routes\{closure}(Object(CodeIgniter\Router\RouteCollection))
 5 APPPATH\Config\Routes\UserRoutes.php(25): CodeIgniter\Router\RouteCollection->group('{locale}', Object(Closure))
 6 APPPATH\Config\Routes.php(21): App\Config\Routes\UserRoutes::init(Object(CodeIgniter\Router\RouteCollection))
 7 SYSTEMPATH\Router\RouteCollection.php(340): require('C:\\xampp\\htdocs\\smartstore\\app\\Config\\Routes.php')
 8 SYSTEMPATH\CodeIgniter.php(823): CodeIgniter\Router\RouteCollection->loadRoutes()
 9 SYSTEMPATH\CodeIgniter.php(457): CodeIgniter\CodeIgniter->tryToRouteIt(null)
10 SYSTEMPATH\CodeIgniter.php(355): CodeIgniter\CodeIgniter->handleRequest(null, Object(Config\Cache), false)
11 SYSTEMPATH\Boot.php(325): CodeIgniter\CodeIgniter->run()
12 SYSTEMPATH\Boot.php(67): CodeIgniter\Boot::runCodeIgniter(Object(CodeIgniter\CodeIgniter))
13 FCPATH\index.php(63): CodeIgniter\Boot::bootWeb(Object(Config\Paths))
WARNING - 2025-06-09 14:08:26 --> [DEPRECATED] Passing lowercase HTTP method "post" is deprecated. Use uppercase HTTP method like "POST". in SYSTEMPATH\Router\RouteCollection.php on line 1027.
 1 SYSTEMPATH\Router\RouteCollection.php(1027): trigger_error('Passing lowercase HTTP method "post" is deprecated. Use uppercase HTTP method like "POST".', 16384)
 2 APPPATH\Config\Routes\UserRoutes.php(49): CodeIgniter\Router\RouteCollection->match([...], 'submit_review', 'ClientController::submit_review', [...])
 3 APPPATH\Config\Routes\UserRoutes.php(26): App\Config\Routes\UserRoutes::defineRoutes(Object(CodeIgniter\Router\RouteCollection))
 4 SYSTEMPATH\Router\RouteCollection.php(800): App\Config\Routes\UserRoutes::App\Config\Routes\{closure}(Object(CodeIgniter\Router\RouteCollection))
 5 APPPATH\Config\Routes\UserRoutes.php(25): CodeIgniter\Router\RouteCollection->group('{locale}', Object(Closure))
 6 APPPATH\Config\Routes.php(21): App\Config\Routes\UserRoutes::init(Object(CodeIgniter\Router\RouteCollection))
 7 SYSTEMPATH\Router\RouteCollection.php(340): require('C:\\xampp\\htdocs\\smartstore\\app\\Config\\Routes.php')
 8 SYSTEMPATH\CodeIgniter.php(823): CodeIgniter\Router\RouteCollection->loadRoutes()
 9 SYSTEMPATH\CodeIgniter.php(457): CodeIgniter\CodeIgniter->tryToRouteIt(null)
10 SYSTEMPATH\CodeIgniter.php(355): CodeIgniter\CodeIgniter->handleRequest(null, Object(Config\Cache), false)
11 SYSTEMPATH\Boot.php(325): CodeIgniter\CodeIgniter->run()
12 SYSTEMPATH\Boot.php(67): CodeIgniter\Boot::runCodeIgniter(Object(CodeIgniter\CodeIgniter))
13 FCPATH\index.php(63): CodeIgniter\Boot::bootWeb(Object(Config\Paths))
WARNING - 2025-06-09 14:08:26 --> [DEPRECATED] Passing lowercase HTTP method "get" is deprecated. Use uppercase HTTP method like "GET". in SYSTEMPATH\Router\RouteCollection.php on line 1027.
 1 SYSTEMPATH\Router\RouteCollection.php(1027): trigger_error('Passing lowercase HTTP method "get" is deprecated. Use uppercase HTTP method like "GET".', 16384)
 2 APPPATH\Config\Routes\UserRoutes.php(63): CodeIgniter\Router\RouteCollection->match([...], 'track-order', 'OrderController::track_order', [...])
 3 APPPATH\Config\Routes\UserRoutes.php(26): App\Config\Routes\UserRoutes::defineRoutes(Object(CodeIgniter\Router\RouteCollection))
 4 SYSTEMPATH\Router\RouteCollection.php(800): App\Config\Routes\UserRoutes::App\Config\Routes\{closure}(Object(CodeIgniter\Router\RouteCollection))
 5 APPPATH\Config\Routes\UserRoutes.php(25): CodeIgniter\Router\RouteCollection->group('{locale}', Object(Closure))
 6 APPPATH\Config\Routes.php(21): App\Config\Routes\UserRoutes::init(Object(CodeIgniter\Router\RouteCollection))
 7 SYSTEMPATH\Router\RouteCollection.php(340): require('C:\\xampp\\htdocs\\smartstore\\app\\Config\\Routes.php')
 8 SYSTEMPATH\CodeIgniter.php(823): CodeIgniter\Router\RouteCollection->loadRoutes()
 9 SYSTEMPATH\CodeIgniter.php(457): CodeIgniter\CodeIgniter->tryToRouteIt(null)
10 SYSTEMPATH\CodeIgniter.php(355): CodeIgniter\CodeIgniter->handleRequest(null, Object(Config\Cache), false)
11 SYSTEMPATH\Boot.php(325): CodeIgniter\CodeIgniter->run()
12 SYSTEMPATH\Boot.php(67): CodeIgniter\Boot::runCodeIgniter(Object(CodeIgniter\CodeIgniter))
13 FCPATH\index.php(63): CodeIgniter\Boot::bootWeb(Object(Config\Paths))
WARNING - 2025-06-09 14:08:26 --> [DEPRECATED] Passing lowercase HTTP method "post" is deprecated. Use uppercase HTTP method like "POST". in SYSTEMPATH\Router\RouteCollection.php on line 1027.
 1 SYSTEMPATH\Router\RouteCollection.php(1027): trigger_error('Passing lowercase HTTP method "post" is deprecated. Use uppercase HTTP method like "POST".', 16384)
 2 APPPATH\Config\Routes\UserRoutes.php(63): CodeIgniter\Router\RouteCollection->match([...], 'track-order', 'OrderController::track_order', [...])
 3 APPPATH\Config\Routes\UserRoutes.php(26): App\Config\Routes\UserRoutes::defineRoutes(Object(CodeIgniter\Router\RouteCollection))
 4 SYSTEMPATH\Router\RouteCollection.php(800): App\Config\Routes\UserRoutes::App\Config\Routes\{closure}(Object(CodeIgniter\Router\RouteCollection))
 5 APPPATH\Config\Routes\UserRoutes.php(25): CodeIgniter\Router\RouteCollection->group('{locale}', Object(Closure))
 6 APPPATH\Config\Routes.php(21): App\Config\Routes\UserRoutes::init(Object(CodeIgniter\Router\RouteCollection))
 7 SYSTEMPATH\Router\RouteCollection.php(340): require('C:\\xampp\\htdocs\\smartstore\\app\\Config\\Routes.php')
 8 SYSTEMPATH\CodeIgniter.php(823): CodeIgniter\Router\RouteCollection->loadRoutes()
 9 SYSTEMPATH\CodeIgniter.php(457): CodeIgniter\CodeIgniter->tryToRouteIt(null)
10 SYSTEMPATH\CodeIgniter.php(355): CodeIgniter\CodeIgniter->handleRequest(null, Object(Config\Cache), false)
11 SYSTEMPATH\Boot.php(325): CodeIgniter\CodeIgniter->run()
12 SYSTEMPATH\Boot.php(67): CodeIgniter\Boot::runCodeIgniter(Object(CodeIgniter\CodeIgniter))
13 FCPATH\index.php(63): CodeIgniter\Boot::bootWeb(Object(Config\Paths))
WARNING - 2025-06-09 14:09:14 --> [DEPRECATED] Passing lowercase HTTP method "get" is deprecated. Use uppercase HTTP method like "GET". in SYSTEMPATH\Router\RouteCollection.php on line 1027.
 1 SYSTEMPATH\Router\RouteCollection.php(1027): trigger_error('Passing lowercase HTTP method "get" is deprecated. Use uppercase HTTP method like "GET".', 16384)
 2 APPPATH\Config\Routes\AdminRoutes.php(65): CodeIgniter\Router\RouteCollection->match([...], 'send_test_mail', 'SettingsController::send_test_mail')
 3 SYSTEMPATH\Router\RouteCollection.php(800): App\Config\Routes\AdminRoutes::App\Config\Routes\{closure}(Object(CodeIgniter\Router\RouteCollection))
 4 APPPATH\Config\Routes\AdminRoutes.php(63): CodeIgniter\Router\RouteCollection->group('settings', [...], Object(Closure))
 5 SYSTEMPATH\Router\RouteCollection.php(800): App\Config\Routes\AdminRoutes::App\Config\Routes\{closure}(Object(CodeIgniter\Router\RouteCollection))
 6 APPPATH\Config\Routes\AdminRoutes.php(28): CodeIgniter\Router\RouteCollection->group('admin', [...], Object(Closure))
 7 APPPATH\Config\Routes.php(20): App\Config\Routes\AdminRoutes::init(Object(CodeIgniter\Router\RouteCollection))
 8 SYSTEMPATH\Router\RouteCollection.php(340): require('C:\\xampp\\htdocs\\smartstore\\app\\Config\\Routes.php')
 9 SYSTEMPATH\CodeIgniter.php(823): CodeIgniter\Router\RouteCollection->loadRoutes()
10 SYSTEMPATH\CodeIgniter.php(457): CodeIgniter\CodeIgniter->tryToRouteIt(null)
11 SYSTEMPATH\CodeIgniter.php(355): CodeIgniter\CodeIgniter->handleRequest(null, Object(Config\Cache), false)
12 SYSTEMPATH\Boot.php(325): CodeIgniter\CodeIgniter->run()
13 SYSTEMPATH\Boot.php(67): CodeIgniter\Boot::runCodeIgniter(Object(CodeIgniter\CodeIgniter))
14 FCPATH\index.php(63): CodeIgniter\Boot::bootWeb(Object(Config\Paths))
WARNING - 2025-06-09 14:09:14 --> [DEPRECATED] Passing lowercase HTTP method "post" is deprecated. Use uppercase HTTP method like "POST". in SYSTEMPATH\Router\RouteCollection.php on line 1027.
 1 SYSTEMPATH\Router\RouteCollection.php(1027): trigger_error('Passing lowercase HTTP method "post" is deprecated. Use uppercase HTTP method like "POST".', 16384)
 2 APPPATH\Config\Routes\AdminRoutes.php(65): CodeIgniter\Router\RouteCollection->match([...], 'send_test_mail', 'SettingsController::send_test_mail')
 3 SYSTEMPATH\Router\RouteCollection.php(800): App\Config\Routes\AdminRoutes::App\Config\Routes\{closure}(Object(CodeIgniter\Router\RouteCollection))
 4 APPPATH\Config\Routes\AdminRoutes.php(63): CodeIgniter\Router\RouteCollection->group('settings', [...], Object(Closure))
 5 SYSTEMPATH\Router\RouteCollection.php(800): App\Config\Routes\AdminRoutes::App\Config\Routes\{closure}(Object(CodeIgniter\Router\RouteCollection))
 6 APPPATH\Config\Routes\AdminRoutes.php(28): CodeIgniter\Router\RouteCollection->group('admin', [...], Object(Closure))
 7 APPPATH\Config\Routes.php(20): App\Config\Routes\AdminRoutes::init(Object(CodeIgniter\Router\RouteCollection))
 8 SYSTEMPATH\Router\RouteCollection.php(340): require('C:\\xampp\\htdocs\\smartstore\\app\\Config\\Routes.php')
 9 SYSTEMPATH\CodeIgniter.php(823): CodeIgniter\Router\RouteCollection->loadRoutes()
10 SYSTEMPATH\CodeIgniter.php(457): CodeIgniter\CodeIgniter->tryToRouteIt(null)
11 SYSTEMPATH\CodeIgniter.php(355): CodeIgniter\CodeIgniter->handleRequest(null, Object(Config\Cache), false)
12 SYSTEMPATH\Boot.php(325): CodeIgniter\CodeIgniter->run()
13 SYSTEMPATH\Boot.php(67): CodeIgniter\Boot::runCodeIgniter(Object(CodeIgniter\CodeIgniter))
14 FCPATH\index.php(63): CodeIgniter\Boot::bootWeb(Object(Config\Paths))
WARNING - 2025-06-09 14:09:14 --> [DEPRECATED] Passing lowercase HTTP method "get" is deprecated. Use uppercase HTTP method like "GET". in SYSTEMPATH\Router\RouteCollection.php on line 1027.
 1 SYSTEMPATH\Router\RouteCollection.php(1027): trigger_error('Passing lowercase HTTP method "get" is deprecated. Use uppercase HTTP method like "GET".', 16384)
 2 APPPATH\Config\Routes\AdminRoutes.php(76): CodeIgniter\Router\RouteCollection->match([...], 'elfinder_connector', 'FilemanagerController::elfinder_connector')
 3 SYSTEMPATH\Router\RouteCollection.php(800): App\Config\Routes\AdminRoutes::App\Config\Routes\{closure}(Object(CodeIgniter\Router\RouteCollection))
 4 APPPATH\Config\Routes\AdminRoutes.php(73): CodeIgniter\Router\RouteCollection->group('filemanager', [...], Object(Closure))
 5 SYSTEMPATH\Router\RouteCollection.php(800): App\Config\Routes\AdminRoutes::App\Config\Routes\{closure}(Object(CodeIgniter\Router\RouteCollection))
 6 APPPATH\Config\Routes\AdminRoutes.php(28): CodeIgniter\Router\RouteCollection->group('admin', [...], Object(Closure))
 7 APPPATH\Config\Routes.php(20): App\Config\Routes\AdminRoutes::init(Object(CodeIgniter\Router\RouteCollection))
 8 SYSTEMPATH\Router\RouteCollection.php(340): require('C:\\xampp\\htdocs\\smartstore\\app\\Config\\Routes.php')
 9 SYSTEMPATH\CodeIgniter.php(823): CodeIgniter\Router\RouteCollection->loadRoutes()
10 SYSTEMPATH\CodeIgniter.php(457): CodeIgniter\CodeIgniter->tryToRouteIt(null)
11 SYSTEMPATH\CodeIgniter.php(355): CodeIgniter\CodeIgniter->handleRequest(null, Object(Config\Cache), false)
12 SYSTEMPATH\Boot.php(325): CodeIgniter\CodeIgniter->run()
13 SYSTEMPATH\Boot.php(67): CodeIgniter\Boot::runCodeIgniter(Object(CodeIgniter\CodeIgniter))
14 FCPATH\index.php(63): CodeIgniter\Boot::bootWeb(Object(Config\Paths))
WARNING - 2025-06-09 14:09:14 --> [DEPRECATED] Passing lowercase HTTP method "post" is deprecated. Use uppercase HTTP method like "POST". in SYSTEMPATH\Router\RouteCollection.php on line 1027.
 1 SYSTEMPATH\Router\RouteCollection.php(1027): trigger_error('Passing lowercase HTTP method "post" is deprecated. Use uppercase HTTP method like "POST".', 16384)
 2 APPPATH\Config\Routes\AdminRoutes.php(76): CodeIgniter\Router\RouteCollection->match([...], 'elfinder_connector', 'FilemanagerController::elfinder_connector')
 3 SYSTEMPATH\Router\RouteCollection.php(800): App\Config\Routes\AdminRoutes::App\Config\Routes\{closure}(Object(CodeIgniter\Router\RouteCollection))
 4 APPPATH\Config\Routes\AdminRoutes.php(73): CodeIgniter\Router\RouteCollection->group('filemanager', [...], Object(Closure))
 5 SYSTEMPATH\Router\RouteCollection.php(800): App\Config\Routes\AdminRoutes::App\Config\Routes\{closure}(Object(CodeIgniter\Router\RouteCollection))
 6 APPPATH\Config\Routes\AdminRoutes.php(28): CodeIgniter\Router\RouteCollection->group('admin', [...], Object(Closure))
 7 APPPATH\Config\Routes.php(20): App\Config\Routes\AdminRoutes::init(Object(CodeIgniter\Router\RouteCollection))
 8 SYSTEMPATH\Router\RouteCollection.php(340): require('C:\\xampp\\htdocs\\smartstore\\app\\Config\\Routes.php')
 9 SYSTEMPATH\CodeIgniter.php(823): CodeIgniter\Router\RouteCollection->loadRoutes()
10 SYSTEMPATH\CodeIgniter.php(457): CodeIgniter\CodeIgniter->tryToRouteIt(null)
11 SYSTEMPATH\CodeIgniter.php(355): CodeIgniter\CodeIgniter->handleRequest(null, Object(Config\Cache), false)
12 SYSTEMPATH\Boot.php(325): CodeIgniter\CodeIgniter->run()
13 SYSTEMPATH\Boot.php(67): CodeIgniter\Boot::runCodeIgniter(Object(CodeIgniter\CodeIgniter))
14 FCPATH\index.php(63): CodeIgniter\Boot::bootWeb(Object(Config\Paths))
WARNING - 2025-06-09 14:09:14 --> [DEPRECATED] Passing lowercase HTTP method "get" is deprecated. Use uppercase HTTP method like "GET". in SYSTEMPATH\Router\RouteCollection.php on line 1027.
 1 SYSTEMPATH\Router\RouteCollection.php(1027): trigger_error('Passing lowercase HTTP method "get" is deprecated. Use uppercase HTTP method like "GET".', 16384)
 2 APPPATH\Config\Routes\AdminRoutes.php(172): CodeIgniter\Router\RouteCollection->match([...], 'sync_services/?(:num)?', 'ProvidersController::sync_services/$1')
 3 SYSTEMPATH\Router\RouteCollection.php(800): App\Config\Routes\AdminRoutes::App\Config\Routes\{closure}(Object(CodeIgniter\Router\RouteCollection))
 4 APPPATH\Config\Routes\AdminRoutes.php(167): CodeIgniter\Router\RouteCollection->group('providers', [...], Object(Closure))
 5 SYSTEMPATH\Router\RouteCollection.php(800): App\Config\Routes\AdminRoutes::App\Config\Routes\{closure}(Object(CodeIgniter\Router\RouteCollection))
 6 APPPATH\Config\Routes\AdminRoutes.php(28): CodeIgniter\Router\RouteCollection->group('admin', [...], Object(Closure))
 7 APPPATH\Config\Routes.php(20): App\Config\Routes\AdminRoutes::init(Object(CodeIgniter\Router\RouteCollection))
 8 SYSTEMPATH\Router\RouteCollection.php(340): require('C:\\xampp\\htdocs\\smartstore\\app\\Config\\Routes.php')
 9 SYSTEMPATH\CodeIgniter.php(823): CodeIgniter\Router\RouteCollection->loadRoutes()
10 SYSTEMPATH\CodeIgniter.php(457): CodeIgniter\CodeIgniter->tryToRouteIt(null)
11 SYSTEMPATH\CodeIgniter.php(355): CodeIgniter\CodeIgniter->handleRequest(null, Object(Config\Cache), false)
12 SYSTEMPATH\Boot.php(325): CodeIgniter\CodeIgniter->run()
13 SYSTEMPATH\Boot.php(67): CodeIgniter\Boot::runCodeIgniter(Object(CodeIgniter\CodeIgniter))
14 FCPATH\index.php(63): CodeIgniter\Boot::bootWeb(Object(Config\Paths))
WARNING - 2025-06-09 14:09:14 --> [DEPRECATED] Passing lowercase HTTP method "post" is deprecated. Use uppercase HTTP method like "POST". in SYSTEMPATH\Router\RouteCollection.php on line 1027.
 1 SYSTEMPATH\Router\RouteCollection.php(1027): trigger_error('Passing lowercase HTTP method "post" is deprecated. Use uppercase HTTP method like "POST".', 16384)
 2 APPPATH\Config\Routes\AdminRoutes.php(172): CodeIgniter\Router\RouteCollection->match([...], 'sync_services/?(:num)?', 'ProvidersController::sync_services/$1')
 3 SYSTEMPATH\Router\RouteCollection.php(800): App\Config\Routes\AdminRoutes::App\Config\Routes\{closure}(Object(CodeIgniter\Router\RouteCollection))
 4 APPPATH\Config\Routes\AdminRoutes.php(167): CodeIgniter\Router\RouteCollection->group('providers', [...], Object(Closure))
 5 SYSTEMPATH\Router\RouteCollection.php(800): App\Config\Routes\AdminRoutes::App\Config\Routes\{closure}(Object(CodeIgniter\Router\RouteCollection))
 6 APPPATH\Config\Routes\AdminRoutes.php(28): CodeIgniter\Router\RouteCollection->group('admin', [...], Object(Closure))
 7 APPPATH\Config\Routes.php(20): App\Config\Routes\AdminRoutes::init(Object(CodeIgniter\Router\RouteCollection))
 8 SYSTEMPATH\Router\RouteCollection.php(340): require('C:\\xampp\\htdocs\\smartstore\\app\\Config\\Routes.php')
 9 SYSTEMPATH\CodeIgniter.php(823): CodeIgniter\Router\RouteCollection->loadRoutes()
10 SYSTEMPATH\CodeIgniter.php(457): CodeIgniter\CodeIgniter->tryToRouteIt(null)
11 SYSTEMPATH\CodeIgniter.php(355): CodeIgniter\CodeIgniter->handleRequest(null, Object(Config\Cache), false)
12 SYSTEMPATH\Boot.php(325): CodeIgniter\CodeIgniter->run()
13 SYSTEMPATH\Boot.php(67): CodeIgniter\Boot::runCodeIgniter(Object(CodeIgniter\CodeIgniter))
14 FCPATH\index.php(63): CodeIgniter\Boot::bootWeb(Object(Config\Paths))
WARNING - 2025-06-09 14:09:14 --> [DEPRECATED] Passing lowercase HTTP method "get" is deprecated. Use uppercase HTTP method like "GET". in SYSTEMPATH\Router\RouteCollection.php on line 1027.
 1 SYSTEMPATH\Router\RouteCollection.php(1027): trigger_error('Passing lowercase HTTP method "get" is deprecated. Use uppercase HTTP method like "GET".', 16384)
 2 APPPATH\Config\Routes\AdminRoutes.php(185): CodeIgniter\Router\RouteCollection->match([...], 'add_note/?(:num)?', 'UsersController::add_note/$1')
 3 SYSTEMPATH\Router\RouteCollection.php(800): App\Config\Routes\AdminRoutes::App\Config\Routes\{closure}(Object(CodeIgniter\Router\RouteCollection))
 4 APPPATH\Config\Routes\AdminRoutes.php(182): CodeIgniter\Router\RouteCollection->group('users', [...], Object(Closure))
 5 SYSTEMPATH\Router\RouteCollection.php(800): App\Config\Routes\AdminRoutes::App\Config\Routes\{closure}(Object(CodeIgniter\Router\RouteCollection))
 6 APPPATH\Config\Routes\AdminRoutes.php(28): CodeIgniter\Router\RouteCollection->group('admin', [...], Object(Closure))
 7 APPPATH\Config\Routes.php(20): App\Config\Routes\AdminRoutes::init(Object(CodeIgniter\Router\RouteCollection))
 8 SYSTEMPATH\Router\RouteCollection.php(340): require('C:\\xampp\\htdocs\\smartstore\\app\\Config\\Routes.php')
 9 SYSTEMPATH\CodeIgniter.php(823): CodeIgniter\Router\RouteCollection->loadRoutes()
10 SYSTEMPATH\CodeIgniter.php(457): CodeIgniter\CodeIgniter->tryToRouteIt(null)
11 SYSTEMPATH\CodeIgniter.php(355): CodeIgniter\CodeIgniter->handleRequest(null, Object(Config\Cache), false)
12 SYSTEMPATH\Boot.php(325): CodeIgniter\CodeIgniter->run()
13 SYSTEMPATH\Boot.php(67): CodeIgniter\Boot::runCodeIgniter(Object(CodeIgniter\CodeIgniter))
14 FCPATH\index.php(63): CodeIgniter\Boot::bootWeb(Object(Config\Paths))
WARNING - 2025-06-09 14:09:14 --> [DEPRECATED] Passing lowercase HTTP method "post" is deprecated. Use uppercase HTTP method like "POST". in SYSTEMPATH\Router\RouteCollection.php on line 1027.
 1 SYSTEMPATH\Router\RouteCollection.php(1027): trigger_error('Passing lowercase HTTP method "post" is deprecated. Use uppercase HTTP method like "POST".', 16384)
 2 APPPATH\Config\Routes\AdminRoutes.php(185): CodeIgniter\Router\RouteCollection->match([...], 'add_note/?(:num)?', 'UsersController::add_note/$1')
 3 SYSTEMPATH\Router\RouteCollection.php(800): App\Config\Routes\AdminRoutes::App\Config\Routes\{closure}(Object(CodeIgniter\Router\RouteCollection))
 4 APPPATH\Config\Routes\AdminRoutes.php(182): CodeIgniter\Router\RouteCollection->group('users', [...], Object(Closure))
 5 SYSTEMPATH\Router\RouteCollection.php(800): App\Config\Routes\AdminRoutes::App\Config\Routes\{closure}(Object(CodeIgniter\Router\RouteCollection))
 6 APPPATH\Config\Routes\AdminRoutes.php(28): CodeIgniter\Router\RouteCollection->group('admin', [...], Object(Closure))
 7 APPPATH\Config\Routes.php(20): App\Config\Routes\AdminRoutes::init(Object(CodeIgniter\Router\RouteCollection))
 8 SYSTEMPATH\Router\RouteCollection.php(340): require('C:\\xampp\\htdocs\\smartstore\\app\\Config\\Routes.php')
 9 SYSTEMPATH\CodeIgniter.php(823): CodeIgniter\Router\RouteCollection->loadRoutes()
10 SYSTEMPATH\CodeIgniter.php(457): CodeIgniter\CodeIgniter->tryToRouteIt(null)
11 SYSTEMPATH\CodeIgniter.php(355): CodeIgniter\CodeIgniter->handleRequest(null, Object(Config\Cache), false)
12 SYSTEMPATH\Boot.php(325): CodeIgniter\CodeIgniter->run()
13 SYSTEMPATH\Boot.php(67): CodeIgniter\Boot::runCodeIgniter(Object(CodeIgniter\CodeIgniter))
14 FCPATH\index.php(63): CodeIgniter\Boot::bootWeb(Object(Config\Paths))
WARNING - 2025-06-09 14:09:14 --> [DEPRECATED] Passing lowercase HTTP method "get" is deprecated. Use uppercase HTTP method like "GET". in SYSTEMPATH\Router\RouteCollection.php on line 1027.
 1 SYSTEMPATH\Router\RouteCollection.php(1027): trigger_error('Passing lowercase HTTP method "get" is deprecated. Use uppercase HTTP method like "GET".', 16384)
 2 APPPATH\Config\Routes\AdminRoutes.php(186): CodeIgniter\Router\RouteCollection->match([...], 'send_mail/?(:num)?', 'UsersController::send_mail/$1')
 3 SYSTEMPATH\Router\RouteCollection.php(800): App\Config\Routes\AdminRoutes::App\Config\Routes\{closure}(Object(CodeIgniter\Router\RouteCollection))
 4 APPPATH\Config\Routes\AdminRoutes.php(182): CodeIgniter\Router\RouteCollection->group('users', [...], Object(Closure))
 5 SYSTEMPATH\Router\RouteCollection.php(800): App\Config\Routes\AdminRoutes::App\Config\Routes\{closure}(Object(CodeIgniter\Router\RouteCollection))
 6 APPPATH\Config\Routes\AdminRoutes.php(28): CodeIgniter\Router\RouteCollection->group('admin', [...], Object(Closure))
 7 APPPATH\Config\Routes.php(20): App\Config\Routes\AdminRoutes::init(Object(CodeIgniter\Router\RouteCollection))
 8 SYSTEMPATH\Router\RouteCollection.php(340): require('C:\\xampp\\htdocs\\smartstore\\app\\Config\\Routes.php')
 9 SYSTEMPATH\CodeIgniter.php(823): CodeIgniter\Router\RouteCollection->loadRoutes()
10 SYSTEMPATH\CodeIgniter.php(457): CodeIgniter\CodeIgniter->tryToRouteIt(null)
11 SYSTEMPATH\CodeIgniter.php(355): CodeIgniter\CodeIgniter->handleRequest(null, Object(Config\Cache), false)
12 SYSTEMPATH\Boot.php(325): CodeIgniter\CodeIgniter->run()
13 SYSTEMPATH\Boot.php(67): CodeIgniter\Boot::runCodeIgniter(Object(CodeIgniter\CodeIgniter))
14 FCPATH\index.php(63): CodeIgniter\Boot::bootWeb(Object(Config\Paths))
WARNING - 2025-06-09 14:09:14 --> [DEPRECATED] Passing lowercase HTTP method "post" is deprecated. Use uppercase HTTP method like "POST". in SYSTEMPATH\Router\RouteCollection.php on line 1027.
 1 SYSTEMPATH\Router\RouteCollection.php(1027): trigger_error('Passing lowercase HTTP method "post" is deprecated. Use uppercase HTTP method like "POST".', 16384)
 2 APPPATH\Config\Routes\AdminRoutes.php(186): CodeIgniter\Router\RouteCollection->match([...], 'send_mail/?(:num)?', 'UsersController::send_mail/$1')
 3 SYSTEMPATH\Router\RouteCollection.php(800): App\Config\Routes\AdminRoutes::App\Config\Routes\{closure}(Object(CodeIgniter\Router\RouteCollection))
 4 APPPATH\Config\Routes\AdminRoutes.php(182): CodeIgniter\Router\RouteCollection->group('users', [...], Object(Closure))
 5 SYSTEMPATH\Router\RouteCollection.php(800): App\Config\Routes\AdminRoutes::App\Config\Routes\{closure}(Object(CodeIgniter\Router\RouteCollection))
 6 APPPATH\Config\Routes\AdminRoutes.php(28): CodeIgniter\Router\RouteCollection->group('admin', [...], Object(Closure))
 7 APPPATH\Config\Routes.php(20): App\Config\Routes\AdminRoutes::init(Object(CodeIgniter\Router\RouteCollection))
 8 SYSTEMPATH\Router\RouteCollection.php(340): require('C:\\xampp\\htdocs\\smartstore\\app\\Config\\Routes.php')
 9 SYSTEMPATH\CodeIgniter.php(823): CodeIgniter\Router\RouteCollection->loadRoutes()
10 SYSTEMPATH\CodeIgniter.php(457): CodeIgniter\CodeIgniter->tryToRouteIt(null)
11 SYSTEMPATH\CodeIgniter.php(355): CodeIgniter\CodeIgniter->handleRequest(null, Object(Config\Cache), false)
12 SYSTEMPATH\Boot.php(325): CodeIgniter\CodeIgniter->run()
13 SYSTEMPATH\Boot.php(67): CodeIgniter\Boot::runCodeIgniter(Object(CodeIgniter\CodeIgniter))
14 FCPATH\index.php(63): CodeIgniter\Boot::bootWeb(Object(Config\Paths))
WARNING - 2025-06-09 14:09:14 --> [DEPRECATED] Passing lowercase HTTP method "get" is deprecated. Use uppercase HTTP method like "GET". in SYSTEMPATH\Router\RouteCollection.php on line 1027.
 1 SYSTEMPATH\Router\RouteCollection.php(1027): trigger_error('Passing lowercase HTTP method "get" is deprecated. Use uppercase HTTP method like "GET".', 16384)
 2 APPPATH\Config\Routes\AdminRoutes.php(215): CodeIgniter\Router\RouteCollection->match([...], 'send_mail/?(:num)?', 'TicketsController::send_mail/$1')
 3 SYSTEMPATH\Router\RouteCollection.php(800): App\Config\Routes\AdminRoutes::App\Config\Routes\{closure}(Object(CodeIgniter\Router\RouteCollection))
 4 APPPATH\Config\Routes\AdminRoutes.php(212): CodeIgniter\Router\RouteCollection->group('tickets', [...], Object(Closure))
 5 SYSTEMPATH\Router\RouteCollection.php(800): App\Config\Routes\AdminRoutes::App\Config\Routes\{closure}(Object(CodeIgniter\Router\RouteCollection))
 6 APPPATH\Config\Routes\AdminRoutes.php(28): CodeIgniter\Router\RouteCollection->group('admin', [...], Object(Closure))
 7 APPPATH\Config\Routes.php(20): App\Config\Routes\AdminRoutes::init(Object(CodeIgniter\Router\RouteCollection))
 8 SYSTEMPATH\Router\RouteCollection.php(340): require('C:\\xampp\\htdocs\\smartstore\\app\\Config\\Routes.php')
 9 SYSTEMPATH\CodeIgniter.php(823): CodeIgniter\Router\RouteCollection->loadRoutes()
10 SYSTEMPATH\CodeIgniter.php(457): CodeIgniter\CodeIgniter->tryToRouteIt(null)
11 SYSTEMPATH\CodeIgniter.php(355): CodeIgniter\CodeIgniter->handleRequest(null, Object(Config\Cache), false)
12 SYSTEMPATH\Boot.php(325): CodeIgniter\CodeIgniter->run()
13 SYSTEMPATH\Boot.php(67): CodeIgniter\Boot::runCodeIgniter(Object(CodeIgniter\CodeIgniter))
14 FCPATH\index.php(63): CodeIgniter\Boot::bootWeb(Object(Config\Paths))
WARNING - 2025-06-09 14:09:14 --> [DEPRECATED] Passing lowercase HTTP method "post" is deprecated. Use uppercase HTTP method like "POST". in SYSTEMPATH\Router\RouteCollection.php on line 1027.
 1 SYSTEMPATH\Router\RouteCollection.php(1027): trigger_error('Passing lowercase HTTP method "post" is deprecated. Use uppercase HTTP method like "POST".', 16384)
 2 APPPATH\Config\Routes\AdminRoutes.php(215): CodeIgniter\Router\RouteCollection->match([...], 'send_mail/?(:num)?', 'TicketsController::send_mail/$1')
 3 SYSTEMPATH\Router\RouteCollection.php(800): App\Config\Routes\AdminRoutes::App\Config\Routes\{closure}(Object(CodeIgniter\Router\RouteCollection))
 4 APPPATH\Config\Routes\AdminRoutes.php(212): CodeIgniter\Router\RouteCollection->group('tickets', [...], Object(Closure))
 5 SYSTEMPATH\Router\RouteCollection.php(800): App\Config\Routes\AdminRoutes::App\Config\Routes\{closure}(Object(CodeIgniter\Router\RouteCollection))
 6 APPPATH\Config\Routes\AdminRoutes.php(28): CodeIgniter\Router\RouteCollection->group('admin', [...], Object(Closure))
 7 APPPATH\Config\Routes.php(20): App\Config\Routes\AdminRoutes::init(Object(CodeIgniter\Router\RouteCollection))
 8 SYSTEMPATH\Router\RouteCollection.php(340): require('C:\\xampp\\htdocs\\smartstore\\app\\Config\\Routes.php')
 9 SYSTEMPATH\CodeIgniter.php(823): CodeIgniter\Router\RouteCollection->loadRoutes()
10 SYSTEMPATH\CodeIgniter.php(457): CodeIgniter\CodeIgniter->tryToRouteIt(null)
11 SYSTEMPATH\CodeIgniter.php(355): CodeIgniter\CodeIgniter->handleRequest(null, Object(Config\Cache), false)
12 SYSTEMPATH\Boot.php(325): CodeIgniter\CodeIgniter->run()
13 SYSTEMPATH\Boot.php(67): CodeIgniter\Boot::runCodeIgniter(Object(CodeIgniter\CodeIgniter))
14 FCPATH\index.php(63): CodeIgniter\Boot::bootWeb(Object(Config\Paths))
WARNING - 2025-06-09 14:09:14 --> [DEPRECATED] Passing lowercase HTTP method "get" is deprecated. Use uppercase HTTP method like "GET". in SYSTEMPATH\Router\RouteCollection.php on line 1027.
 1 SYSTEMPATH\Router\RouteCollection.php(1027): trigger_error('Passing lowercase HTTP method "get" is deprecated. Use uppercase HTTP method like "GET".', 16384)
 2 APPPATH\Config\Routes\UserRoutes.php(49): CodeIgniter\Router\RouteCollection->match([...], 'submit_review', 'ClientController::submit_review', [...])
 3 APPPATH\Config\Routes\UserRoutes.php(23): App\Config\Routes\UserRoutes::defineRoutes(Object(CodeIgniter\Router\RouteCollection))
 4 APPPATH\Config\Routes.php(21): App\Config\Routes\UserRoutes::init(Object(CodeIgniter\Router\RouteCollection))
 5 SYSTEMPATH\Router\RouteCollection.php(340): require('C:\\xampp\\htdocs\\smartstore\\app\\Config\\Routes.php')
 6 SYSTEMPATH\CodeIgniter.php(823): CodeIgniter\Router\RouteCollection->loadRoutes()
 7 SYSTEMPATH\CodeIgniter.php(457): CodeIgniter\CodeIgniter->tryToRouteIt(null)
 8 SYSTEMPATH\CodeIgniter.php(355): CodeIgniter\CodeIgniter->handleRequest(null, Object(Config\Cache), false)
 9 SYSTEMPATH\Boot.php(325): CodeIgniter\CodeIgniter->run()
10 SYSTEMPATH\Boot.php(67): CodeIgniter\Boot::runCodeIgniter(Object(CodeIgniter\CodeIgniter))
11 FCPATH\index.php(63): CodeIgniter\Boot::bootWeb(Object(Config\Paths))
WARNING - 2025-06-09 14:09:14 --> [DEPRECATED] Passing lowercase HTTP method "post" is deprecated. Use uppercase HTTP method like "POST". in SYSTEMPATH\Router\RouteCollection.php on line 1027.
 1 SYSTEMPATH\Router\RouteCollection.php(1027): trigger_error('Passing lowercase HTTP method "post" is deprecated. Use uppercase HTTP method like "POST".', 16384)
 2 APPPATH\Config\Routes\UserRoutes.php(49): CodeIgniter\Router\RouteCollection->match([...], 'submit_review', 'ClientController::submit_review', [...])
 3 APPPATH\Config\Routes\UserRoutes.php(23): App\Config\Routes\UserRoutes::defineRoutes(Object(CodeIgniter\Router\RouteCollection))
 4 APPPATH\Config\Routes.php(21): App\Config\Routes\UserRoutes::init(Object(CodeIgniter\Router\RouteCollection))
 5 SYSTEMPATH\Router\RouteCollection.php(340): require('C:\\xampp\\htdocs\\smartstore\\app\\Config\\Routes.php')
 6 SYSTEMPATH\CodeIgniter.php(823): CodeIgniter\Router\RouteCollection->loadRoutes()
 7 SYSTEMPATH\CodeIgniter.php(457): CodeIgniter\CodeIgniter->tryToRouteIt(null)
 8 SYSTEMPATH\CodeIgniter.php(355): CodeIgniter\CodeIgniter->handleRequest(null, Object(Config\Cache), false)
 9 SYSTEMPATH\Boot.php(325): CodeIgniter\CodeIgniter->run()
10 SYSTEMPATH\Boot.php(67): CodeIgniter\Boot::runCodeIgniter(Object(CodeIgniter\CodeIgniter))
11 FCPATH\index.php(63): CodeIgniter\Boot::bootWeb(Object(Config\Paths))
WARNING - 2025-06-09 14:09:14 --> [DEPRECATED] Passing lowercase HTTP method "get" is deprecated. Use uppercase HTTP method like "GET". in SYSTEMPATH\Router\RouteCollection.php on line 1027.
 1 SYSTEMPATH\Router\RouteCollection.php(1027): trigger_error('Passing lowercase HTTP method "get" is deprecated. Use uppercase HTTP method like "GET".', 16384)
 2 APPPATH\Config\Routes\UserRoutes.php(63): CodeIgniter\Router\RouteCollection->match([...], 'track-order', 'OrderController::track_order', [...])
 3 APPPATH\Config\Routes\UserRoutes.php(23): App\Config\Routes\UserRoutes::defineRoutes(Object(CodeIgniter\Router\RouteCollection))
 4 APPPATH\Config\Routes.php(21): App\Config\Routes\UserRoutes::init(Object(CodeIgniter\Router\RouteCollection))
 5 SYSTEMPATH\Router\RouteCollection.php(340): require('C:\\xampp\\htdocs\\smartstore\\app\\Config\\Routes.php')
 6 SYSTEMPATH\CodeIgniter.php(823): CodeIgniter\Router\RouteCollection->loadRoutes()
 7 SYSTEMPATH\CodeIgniter.php(457): CodeIgniter\CodeIgniter->tryToRouteIt(null)
 8 SYSTEMPATH\CodeIgniter.php(355): CodeIgniter\CodeIgniter->handleRequest(null, Object(Config\Cache), false)
 9 SYSTEMPATH\Boot.php(325): CodeIgniter\CodeIgniter->run()
10 SYSTEMPATH\Boot.php(67): CodeIgniter\Boot::runCodeIgniter(Object(CodeIgniter\CodeIgniter))
11 FCPATH\index.php(63): CodeIgniter\Boot::bootWeb(Object(Config\Paths))
WARNING - 2025-06-09 14:09:14 --> [DEPRECATED] Passing lowercase HTTP method "post" is deprecated. Use uppercase HTTP method like "POST". in SYSTEMPATH\Router\RouteCollection.php on line 1027.
 1 SYSTEMPATH\Router\RouteCollection.php(1027): trigger_error('Passing lowercase HTTP method "post" is deprecated. Use uppercase HTTP method like "POST".', 16384)
 2 APPPATH\Config\Routes\UserRoutes.php(63): CodeIgniter\Router\RouteCollection->match([...], 'track-order', 'OrderController::track_order', [...])
 3 APPPATH\Config\Routes\UserRoutes.php(23): App\Config\Routes\UserRoutes::defineRoutes(Object(CodeIgniter\Router\RouteCollection))
 4 APPPATH\Config\Routes.php(21): App\Config\Routes\UserRoutes::init(Object(CodeIgniter\Router\RouteCollection))
 5 SYSTEMPATH\Router\RouteCollection.php(340): require('C:\\xampp\\htdocs\\smartstore\\app\\Config\\Routes.php')
 6 SYSTEMPATH\CodeIgniter.php(823): CodeIgniter\Router\RouteCollection->loadRoutes()
 7 SYSTEMPATH\CodeIgniter.php(457): CodeIgniter\CodeIgniter->tryToRouteIt(null)
 8 SYSTEMPATH\CodeIgniter.php(355): CodeIgniter\CodeIgniter->handleRequest(null, Object(Config\Cache), false)
 9 SYSTEMPATH\Boot.php(325): CodeIgniter\CodeIgniter->run()
10 SYSTEMPATH\Boot.php(67): CodeIgniter\Boot::runCodeIgniter(Object(CodeIgniter\CodeIgniter))
11 FCPATH\index.php(63): CodeIgniter\Boot::bootWeb(Object(Config\Paths))
WARNING - 2025-06-09 14:09:14 --> [DEPRECATED] Passing lowercase HTTP method "get" is deprecated. Use uppercase HTTP method like "GET". in SYSTEMPATH\Router\RouteCollection.php on line 1027.
 1 SYSTEMPATH\Router\RouteCollection.php(1027): trigger_error('Passing lowercase HTTP method "get" is deprecated. Use uppercase HTTP method like "GET".', 16384)
 2 APPPATH\Config\Routes\UserRoutes.php(49): CodeIgniter\Router\RouteCollection->match([...], 'submit_review', 'ClientController::submit_review', [...])
 3 APPPATH\Config\Routes\UserRoutes.php(26): App\Config\Routes\UserRoutes::defineRoutes(Object(CodeIgniter\Router\RouteCollection))
 4 SYSTEMPATH\Router\RouteCollection.php(800): App\Config\Routes\UserRoutes::App\Config\Routes\{closure}(Object(CodeIgniter\Router\RouteCollection))
 5 APPPATH\Config\Routes\UserRoutes.php(25): CodeIgniter\Router\RouteCollection->group('{locale}', Object(Closure))
 6 APPPATH\Config\Routes.php(21): App\Config\Routes\UserRoutes::init(Object(CodeIgniter\Router\RouteCollection))
 7 SYSTEMPATH\Router\RouteCollection.php(340): require('C:\\xampp\\htdocs\\smartstore\\app\\Config\\Routes.php')
 8 SYSTEMPATH\CodeIgniter.php(823): CodeIgniter\Router\RouteCollection->loadRoutes()
 9 SYSTEMPATH\CodeIgniter.php(457): CodeIgniter\CodeIgniter->tryToRouteIt(null)
10 SYSTEMPATH\CodeIgniter.php(355): CodeIgniter\CodeIgniter->handleRequest(null, Object(Config\Cache), false)
11 SYSTEMPATH\Boot.php(325): CodeIgniter\CodeIgniter->run()
12 SYSTEMPATH\Boot.php(67): CodeIgniter\Boot::runCodeIgniter(Object(CodeIgniter\CodeIgniter))
13 FCPATH\index.php(63): CodeIgniter\Boot::bootWeb(Object(Config\Paths))
WARNING - 2025-06-09 14:09:14 --> [DEPRECATED] Passing lowercase HTTP method "post" is deprecated. Use uppercase HTTP method like "POST". in SYSTEMPATH\Router\RouteCollection.php on line 1027.
 1 SYSTEMPATH\Router\RouteCollection.php(1027): trigger_error('Passing lowercase HTTP method "post" is deprecated. Use uppercase HTTP method like "POST".', 16384)
 2 APPPATH\Config\Routes\UserRoutes.php(49): CodeIgniter\Router\RouteCollection->match([...], 'submit_review', 'ClientController::submit_review', [...])
 3 APPPATH\Config\Routes\UserRoutes.php(26): App\Config\Routes\UserRoutes::defineRoutes(Object(CodeIgniter\Router\RouteCollection))
 4 SYSTEMPATH\Router\RouteCollection.php(800): App\Config\Routes\UserRoutes::App\Config\Routes\{closure}(Object(CodeIgniter\Router\RouteCollection))
 5 APPPATH\Config\Routes\UserRoutes.php(25): CodeIgniter\Router\RouteCollection->group('{locale}', Object(Closure))
 6 APPPATH\Config\Routes.php(21): App\Config\Routes\UserRoutes::init(Object(CodeIgniter\Router\RouteCollection))
 7 SYSTEMPATH\Router\RouteCollection.php(340): require('C:\\xampp\\htdocs\\smartstore\\app\\Config\\Routes.php')
 8 SYSTEMPATH\CodeIgniter.php(823): CodeIgniter\Router\RouteCollection->loadRoutes()
 9 SYSTEMPATH\CodeIgniter.php(457): CodeIgniter\CodeIgniter->tryToRouteIt(null)
10 SYSTEMPATH\CodeIgniter.php(355): CodeIgniter\CodeIgniter->handleRequest(null, Object(Config\Cache), false)
11 SYSTEMPATH\Boot.php(325): CodeIgniter\CodeIgniter->run()
12 SYSTEMPATH\Boot.php(67): CodeIgniter\Boot::runCodeIgniter(Object(CodeIgniter\CodeIgniter))
13 FCPATH\index.php(63): CodeIgniter\Boot::bootWeb(Object(Config\Paths))
WARNING - 2025-06-09 14:09:14 --> [DEPRECATED] Passing lowercase HTTP method "get" is deprecated. Use uppercase HTTP method like "GET". in SYSTEMPATH\Router\RouteCollection.php on line 1027.
 1 SYSTEMPATH\Router\RouteCollection.php(1027): trigger_error('Passing lowercase HTTP method "get" is deprecated. Use uppercase HTTP method like "GET".', 16384)
 2 APPPATH\Config\Routes\UserRoutes.php(63): CodeIgniter\Router\RouteCollection->match([...], 'track-order', 'OrderController::track_order', [...])
 3 APPPATH\Config\Routes\UserRoutes.php(26): App\Config\Routes\UserRoutes::defineRoutes(Object(CodeIgniter\Router\RouteCollection))
 4 SYSTEMPATH\Router\RouteCollection.php(800): App\Config\Routes\UserRoutes::App\Config\Routes\{closure}(Object(CodeIgniter\Router\RouteCollection))
 5 APPPATH\Config\Routes\UserRoutes.php(25): CodeIgniter\Router\RouteCollection->group('{locale}', Object(Closure))
 6 APPPATH\Config\Routes.php(21): App\Config\Routes\UserRoutes::init(Object(CodeIgniter\Router\RouteCollection))
 7 SYSTEMPATH\Router\RouteCollection.php(340): require('C:\\xampp\\htdocs\\smartstore\\app\\Config\\Routes.php')
 8 SYSTEMPATH\CodeIgniter.php(823): CodeIgniter\Router\RouteCollection->loadRoutes()
 9 SYSTEMPATH\CodeIgniter.php(457): CodeIgniter\CodeIgniter->tryToRouteIt(null)
10 SYSTEMPATH\CodeIgniter.php(355): CodeIgniter\CodeIgniter->handleRequest(null, Object(Config\Cache), false)
11 SYSTEMPATH\Boot.php(325): CodeIgniter\CodeIgniter->run()
12 SYSTEMPATH\Boot.php(67): CodeIgniter\Boot::runCodeIgniter(Object(CodeIgniter\CodeIgniter))
13 FCPATH\index.php(63): CodeIgniter\Boot::bootWeb(Object(Config\Paths))
WARNING - 2025-06-09 14:09:14 --> [DEPRECATED] Passing lowercase HTTP method "post" is deprecated. Use uppercase HTTP method like "POST". in SYSTEMPATH\Router\RouteCollection.php on line 1027.
 1 SYSTEMPATH\Router\RouteCollection.php(1027): trigger_error('Passing lowercase HTTP method "post" is deprecated. Use uppercase HTTP method like "POST".', 16384)
 2 APPPATH\Config\Routes\UserRoutes.php(63): CodeIgniter\Router\RouteCollection->match([...], 'track-order', 'OrderController::track_order', [...])
 3 APPPATH\Config\Routes\UserRoutes.php(26): App\Config\Routes\UserRoutes::defineRoutes(Object(CodeIgniter\Router\RouteCollection))
 4 SYSTEMPATH\Router\RouteCollection.php(800): App\Config\Routes\UserRoutes::App\Config\Routes\{closure}(Object(CodeIgniter\Router\RouteCollection))
 5 APPPATH\Config\Routes\UserRoutes.php(25): CodeIgniter\Router\RouteCollection->group('{locale}', Object(Closure))
 6 APPPATH\Config\Routes.php(21): App\Config\Routes\UserRoutes::init(Object(CodeIgniter\Router\RouteCollection))
 7 SYSTEMPATH\Router\RouteCollection.php(340): require('C:\\xampp\\htdocs\\smartstore\\app\\Config\\Routes.php')
 8 SYSTEMPATH\CodeIgniter.php(823): CodeIgniter\Router\RouteCollection->loadRoutes()
 9 SYSTEMPATH\CodeIgniter.php(457): CodeIgniter\CodeIgniter->tryToRouteIt(null)
10 SYSTEMPATH\CodeIgniter.php(355): CodeIgniter\CodeIgniter->handleRequest(null, Object(Config\Cache), false)
11 SYSTEMPATH\Boot.php(325): CodeIgniter\CodeIgniter->run()
12 SYSTEMPATH\Boot.php(67): CodeIgniter\Boot::runCodeIgniter(Object(CodeIgniter\CodeIgniter))
13 FCPATH\index.php(63): CodeIgniter\Boot::bootWeb(Object(Config\Paths))
CRITICAL - 2025-06-09 14:09:14 --> CodeIgniter\HTTP\Exceptions\BadRequestException: The URI you submitted has disallowed characters: "'.."
[Method: GET, Route: auth/controllers/%27../views/my_tickets.php%27]
in SYSTEMPATH\Router\Router.php on line 737.
 1 SYSTEMPATH\Router\Router.php(204): CodeIgniter\Router\Router->checkDisallowedChars('auth/controllers/\'../views/my_tickets.php\'')
 2 SYSTEMPATH\CodeIgniter.php(834): CodeIgniter\Router\Router->handle('auth/controllers/\'../views/my_tickets.php\'')
 3 SYSTEMPATH\CodeIgniter.php(457): CodeIgniter\CodeIgniter->tryToRouteIt(Object(CodeIgniter\Router\RouteCollection))
 4 SYSTEMPATH\CodeIgniter.php(355): CodeIgniter\CodeIgniter->handleRequest(null, Object(Config\Cache), false)
 5 SYSTEMPATH\Boot.php(325): CodeIgniter\CodeIgniter->run()
 6 SYSTEMPATH\Boot.php(67): CodeIgniter\Boot::runCodeIgniter(Object(CodeIgniter\CodeIgniter))
 7 FCPATH\index.php(63): CodeIgniter\Boot::bootWeb(Object(Config\Paths))
WARNING - 2025-06-09 14:51:01 --> [DEPRECATED] Passing lowercase HTTP method "get" is deprecated. Use uppercase HTTP method like "GET". in SYSTEMPATH\Router\RouteCollection.php on line 1027.
 1 SYSTEMPATH\Router\RouteCollection.php(1027): trigger_error('Passing lowercase HTTP method "get" is deprecated. Use uppercase HTTP method like "GET".', 16384)
 2 APPPATH\Config\Routes\AdminRoutes.php(65): CodeIgniter\Router\RouteCollection->match([...], 'send_test_mail', 'SettingsController::send_test_mail')
 3 SYSTEMPATH\Router\RouteCollection.php(800): App\Config\Routes\AdminRoutes::App\Config\Routes\{closure}(Object(CodeIgniter\Router\RouteCollection))
 4 APPPATH\Config\Routes\AdminRoutes.php(63): CodeIgniter\Router\RouteCollection->group('settings', [...], Object(Closure))
 5 SYSTEMPATH\Router\RouteCollection.php(800): App\Config\Routes\AdminRoutes::App\Config\Routes\{closure}(Object(CodeIgniter\Router\RouteCollection))
 6 APPPATH\Config\Routes\AdminRoutes.php(28): CodeIgniter\Router\RouteCollection->group('admin', [...], Object(Closure))
 7 APPPATH\Config\Routes.php(20): App\Config\Routes\AdminRoutes::init(Object(CodeIgniter\Router\RouteCollection))
 8 SYSTEMPATH\Router\RouteCollection.php(340): require('C:\\xampp\\htdocs\\smartstore\\app\\Config\\Routes.php')
 9 SYSTEMPATH\CodeIgniter.php(823): CodeIgniter\Router\RouteCollection->loadRoutes()
10 SYSTEMPATH\CodeIgniter.php(457): CodeIgniter\CodeIgniter->tryToRouteIt(null)
11 SYSTEMPATH\CodeIgniter.php(355): CodeIgniter\CodeIgniter->handleRequest(null, Object(Config\Cache), false)
12 SYSTEMPATH\Boot.php(325): CodeIgniter\CodeIgniter->run()
13 SYSTEMPATH\Boot.php(67): CodeIgniter\Boot::runCodeIgniter(Object(CodeIgniter\CodeIgniter))
14 FCPATH\index.php(63): CodeIgniter\Boot::bootWeb(Object(Config\Paths))
WARNING - 2025-06-09 14:51:01 --> [DEPRECATED] Passing lowercase HTTP method "post" is deprecated. Use uppercase HTTP method like "POST". in SYSTEMPATH\Router\RouteCollection.php on line 1027.
 1 SYSTEMPATH\Router\RouteCollection.php(1027): trigger_error('Passing lowercase HTTP method "post" is deprecated. Use uppercase HTTP method like "POST".', 16384)
 2 APPPATH\Config\Routes\AdminRoutes.php(65): CodeIgniter\Router\RouteCollection->match([...], 'send_test_mail', 'SettingsController::send_test_mail')
 3 SYSTEMPATH\Router\RouteCollection.php(800): App\Config\Routes\AdminRoutes::App\Config\Routes\{closure}(Object(CodeIgniter\Router\RouteCollection))
 4 APPPATH\Config\Routes\AdminRoutes.php(63): CodeIgniter\Router\RouteCollection->group('settings', [...], Object(Closure))
 5 SYSTEMPATH\Router\RouteCollection.php(800): App\Config\Routes\AdminRoutes::App\Config\Routes\{closure}(Object(CodeIgniter\Router\RouteCollection))
 6 APPPATH\Config\Routes\AdminRoutes.php(28): CodeIgniter\Router\RouteCollection->group('admin', [...], Object(Closure))
 7 APPPATH\Config\Routes.php(20): App\Config\Routes\AdminRoutes::init(Object(CodeIgniter\Router\RouteCollection))
 8 SYSTEMPATH\Router\RouteCollection.php(340): require('C:\\xampp\\htdocs\\smartstore\\app\\Config\\Routes.php')
 9 SYSTEMPATH\CodeIgniter.php(823): CodeIgniter\Router\RouteCollection->loadRoutes()
10 SYSTEMPATH\CodeIgniter.php(457): CodeIgniter\CodeIgniter->tryToRouteIt(null)
11 SYSTEMPATH\CodeIgniter.php(355): CodeIgniter\CodeIgniter->handleRequest(null, Object(Config\Cache), false)
12 SYSTEMPATH\Boot.php(325): CodeIgniter\CodeIgniter->run()
13 SYSTEMPATH\Boot.php(67): CodeIgniter\Boot::runCodeIgniter(Object(CodeIgniter\CodeIgniter))
14 FCPATH\index.php(63): CodeIgniter\Boot::bootWeb(Object(Config\Paths))
WARNING - 2025-06-09 14:51:01 --> [DEPRECATED] Passing lowercase HTTP method "get" is deprecated. Use uppercase HTTP method like "GET". in SYSTEMPATH\Router\RouteCollection.php on line 1027.
 1 SYSTEMPATH\Router\RouteCollection.php(1027): trigger_error('Passing lowercase HTTP method "get" is deprecated. Use uppercase HTTP method like "GET".', 16384)
 2 APPPATH\Config\Routes\AdminRoutes.php(76): CodeIgniter\Router\RouteCollection->match([...], 'elfinder_connector', 'FilemanagerController::elfinder_connector')
 3 SYSTEMPATH\Router\RouteCollection.php(800): App\Config\Routes\AdminRoutes::App\Config\Routes\{closure}(Object(CodeIgniter\Router\RouteCollection))
 4 APPPATH\Config\Routes\AdminRoutes.php(73): CodeIgniter\Router\RouteCollection->group('filemanager', [...], Object(Closure))
 5 SYSTEMPATH\Router\RouteCollection.php(800): App\Config\Routes\AdminRoutes::App\Config\Routes\{closure}(Object(CodeIgniter\Router\RouteCollection))
 6 APPPATH\Config\Routes\AdminRoutes.php(28): CodeIgniter\Router\RouteCollection->group('admin', [...], Object(Closure))
 7 APPPATH\Config\Routes.php(20): App\Config\Routes\AdminRoutes::init(Object(CodeIgniter\Router\RouteCollection))
 8 SYSTEMPATH\Router\RouteCollection.php(340): require('C:\\xampp\\htdocs\\smartstore\\app\\Config\\Routes.php')
 9 SYSTEMPATH\CodeIgniter.php(823): CodeIgniter\Router\RouteCollection->loadRoutes()
10 SYSTEMPATH\CodeIgniter.php(457): CodeIgniter\CodeIgniter->tryToRouteIt(null)
11 SYSTEMPATH\CodeIgniter.php(355): CodeIgniter\CodeIgniter->handleRequest(null, Object(Config\Cache), false)
12 SYSTEMPATH\Boot.php(325): CodeIgniter\CodeIgniter->run()
13 SYSTEMPATH\Boot.php(67): CodeIgniter\Boot::runCodeIgniter(Object(CodeIgniter\CodeIgniter))
14 FCPATH\index.php(63): CodeIgniter\Boot::bootWeb(Object(Config\Paths))
WARNING - 2025-06-09 14:51:01 --> [DEPRECATED] Passing lowercase HTTP method "post" is deprecated. Use uppercase HTTP method like "POST". in SYSTEMPATH\Router\RouteCollection.php on line 1027.
 1 SYSTEMPATH\Router\RouteCollection.php(1027): trigger_error('Passing lowercase HTTP method "post" is deprecated. Use uppercase HTTP method like "POST".', 16384)
 2 APPPATH\Config\Routes\AdminRoutes.php(76): CodeIgniter\Router\RouteCollection->match([...], 'elfinder_connector', 'FilemanagerController::elfinder_connector')
 3 SYSTEMPATH\Router\RouteCollection.php(800): App\Config\Routes\AdminRoutes::App\Config\Routes\{closure}(Object(CodeIgniter\Router\RouteCollection))
 4 APPPATH\Config\Routes\AdminRoutes.php(73): CodeIgniter\Router\RouteCollection->group('filemanager', [...], Object(Closure))
 5 SYSTEMPATH\Router\RouteCollection.php(800): App\Config\Routes\AdminRoutes::App\Config\Routes\{closure}(Object(CodeIgniter\Router\RouteCollection))
 6 APPPATH\Config\Routes\AdminRoutes.php(28): CodeIgniter\Router\RouteCollection->group('admin', [...], Object(Closure))
 7 APPPATH\Config\Routes.php(20): App\Config\Routes\AdminRoutes::init(Object(CodeIgniter\Router\RouteCollection))
 8 SYSTEMPATH\Router\RouteCollection.php(340): require('C:\\xampp\\htdocs\\smartstore\\app\\Config\\Routes.php')
 9 SYSTEMPATH\CodeIgniter.php(823): CodeIgniter\Router\RouteCollection->loadRoutes()
10 SYSTEMPATH\CodeIgniter.php(457): CodeIgniter\CodeIgniter->tryToRouteIt(null)
11 SYSTEMPATH\CodeIgniter.php(355): CodeIgniter\CodeIgniter->handleRequest(null, Object(Config\Cache), false)
12 SYSTEMPATH\Boot.php(325): CodeIgniter\CodeIgniter->run()
13 SYSTEMPATH\Boot.php(67): CodeIgniter\Boot::runCodeIgniter(Object(CodeIgniter\CodeIgniter))
14 FCPATH\index.php(63): CodeIgniter\Boot::bootWeb(Object(Config\Paths))
WARNING - 2025-06-09 14:51:01 --> [DEPRECATED] Passing lowercase HTTP method "get" is deprecated. Use uppercase HTTP method like "GET". in SYSTEMPATH\Router\RouteCollection.php on line 1027.
 1 SYSTEMPATH\Router\RouteCollection.php(1027): trigger_error('Passing lowercase HTTP method "get" is deprecated. Use uppercase HTTP method like "GET".', 16384)
 2 APPPATH\Config\Routes\AdminRoutes.php(172): CodeIgniter\Router\RouteCollection->match([...], 'sync_services/?(:num)?', 'ProvidersController::sync_services/$1')
 3 SYSTEMPATH\Router\RouteCollection.php(800): App\Config\Routes\AdminRoutes::App\Config\Routes\{closure}(Object(CodeIgniter\Router\RouteCollection))
 4 APPPATH\Config\Routes\AdminRoutes.php(167): CodeIgniter\Router\RouteCollection->group('providers', [...], Object(Closure))
 5 SYSTEMPATH\Router\RouteCollection.php(800): App\Config\Routes\AdminRoutes::App\Config\Routes\{closure}(Object(CodeIgniter\Router\RouteCollection))
 6 APPPATH\Config\Routes\AdminRoutes.php(28): CodeIgniter\Router\RouteCollection->group('admin', [...], Object(Closure))
 7 APPPATH\Config\Routes.php(20): App\Config\Routes\AdminRoutes::init(Object(CodeIgniter\Router\RouteCollection))
 8 SYSTEMPATH\Router\RouteCollection.php(340): require('C:\\xampp\\htdocs\\smartstore\\app\\Config\\Routes.php')
 9 SYSTEMPATH\CodeIgniter.php(823): CodeIgniter\Router\RouteCollection->loadRoutes()
10 SYSTEMPATH\CodeIgniter.php(457): CodeIgniter\CodeIgniter->tryToRouteIt(null)
11 SYSTEMPATH\CodeIgniter.php(355): CodeIgniter\CodeIgniter->handleRequest(null, Object(Config\Cache), false)
12 SYSTEMPATH\Boot.php(325): CodeIgniter\CodeIgniter->run()
13 SYSTEMPATH\Boot.php(67): CodeIgniter\Boot::runCodeIgniter(Object(CodeIgniter\CodeIgniter))
14 FCPATH\index.php(63): CodeIgniter\Boot::bootWeb(Object(Config\Paths))
WARNING - 2025-06-09 14:51:01 --> [DEPRECATED] Passing lowercase HTTP method "post" is deprecated. Use uppercase HTTP method like "POST". in SYSTEMPATH\Router\RouteCollection.php on line 1027.
 1 SYSTEMPATH\Router\RouteCollection.php(1027): trigger_error('Passing lowercase HTTP method "post" is deprecated. Use uppercase HTTP method like "POST".', 16384)
 2 APPPATH\Config\Routes\AdminRoutes.php(172): CodeIgniter\Router\RouteCollection->match([...], 'sync_services/?(:num)?', 'ProvidersController::sync_services/$1')
 3 SYSTEMPATH\Router\RouteCollection.php(800): App\Config\Routes\AdminRoutes::App\Config\Routes\{closure}(Object(CodeIgniter\Router\RouteCollection))
 4 APPPATH\Config\Routes\AdminRoutes.php(167): CodeIgniter\Router\RouteCollection->group('providers', [...], Object(Closure))
 5 SYSTEMPATH\Router\RouteCollection.php(800): App\Config\Routes\AdminRoutes::App\Config\Routes\{closure}(Object(CodeIgniter\Router\RouteCollection))
 6 APPPATH\Config\Routes\AdminRoutes.php(28): CodeIgniter\Router\RouteCollection->group('admin', [...], Object(Closure))
 7 APPPATH\Config\Routes.php(20): App\Config\Routes\AdminRoutes::init(Object(CodeIgniter\Router\RouteCollection))
 8 SYSTEMPATH\Router\RouteCollection.php(340): require('C:\\xampp\\htdocs\\smartstore\\app\\Config\\Routes.php')
 9 SYSTEMPATH\CodeIgniter.php(823): CodeIgniter\Router\RouteCollection->loadRoutes()
10 SYSTEMPATH\CodeIgniter.php(457): CodeIgniter\CodeIgniter->tryToRouteIt(null)
11 SYSTEMPATH\CodeIgniter.php(355): CodeIgniter\CodeIgniter->handleRequest(null, Object(Config\Cache), false)
12 SYSTEMPATH\Boot.php(325): CodeIgniter\CodeIgniter->run()
13 SYSTEMPATH\Boot.php(67): CodeIgniter\Boot::runCodeIgniter(Object(CodeIgniter\CodeIgniter))
14 FCPATH\index.php(63): CodeIgniter\Boot::bootWeb(Object(Config\Paths))
WARNING - 2025-06-09 14:51:01 --> [DEPRECATED] Passing lowercase HTTP method "get" is deprecated. Use uppercase HTTP method like "GET". in SYSTEMPATH\Router\RouteCollection.php on line 1027.
 1 SYSTEMPATH\Router\RouteCollection.php(1027): trigger_error('Passing lowercase HTTP method "get" is deprecated. Use uppercase HTTP method like "GET".', 16384)
 2 APPPATH\Config\Routes\AdminRoutes.php(185): CodeIgniter\Router\RouteCollection->match([...], 'add_note/?(:num)?', 'UsersController::add_note/$1')
 3 SYSTEMPATH\Router\RouteCollection.php(800): App\Config\Routes\AdminRoutes::App\Config\Routes\{closure}(Object(CodeIgniter\Router\RouteCollection))
 4 APPPATH\Config\Routes\AdminRoutes.php(182): CodeIgniter\Router\RouteCollection->group('users', [...], Object(Closure))
 5 SYSTEMPATH\Router\RouteCollection.php(800): App\Config\Routes\AdminRoutes::App\Config\Routes\{closure}(Object(CodeIgniter\Router\RouteCollection))
 6 APPPATH\Config\Routes\AdminRoutes.php(28): CodeIgniter\Router\RouteCollection->group('admin', [...], Object(Closure))
 7 APPPATH\Config\Routes.php(20): App\Config\Routes\AdminRoutes::init(Object(CodeIgniter\Router\RouteCollection))
 8 SYSTEMPATH\Router\RouteCollection.php(340): require('C:\\xampp\\htdocs\\smartstore\\app\\Config\\Routes.php')
 9 SYSTEMPATH\CodeIgniter.php(823): CodeIgniter\Router\RouteCollection->loadRoutes()
10 SYSTEMPATH\CodeIgniter.php(457): CodeIgniter\CodeIgniter->tryToRouteIt(null)
11 SYSTEMPATH\CodeIgniter.php(355): CodeIgniter\CodeIgniter->handleRequest(null, Object(Config\Cache), false)
12 SYSTEMPATH\Boot.php(325): CodeIgniter\CodeIgniter->run()
13 SYSTEMPATH\Boot.php(67): CodeIgniter\Boot::runCodeIgniter(Object(CodeIgniter\CodeIgniter))
14 FCPATH\index.php(63): CodeIgniter\Boot::bootWeb(Object(Config\Paths))
WARNING - 2025-06-09 14:51:01 --> [DEPRECATED] Passing lowercase HTTP method "post" is deprecated. Use uppercase HTTP method like "POST". in SYSTEMPATH\Router\RouteCollection.php on line 1027.
 1 SYSTEMPATH\Router\RouteCollection.php(1027): trigger_error('Passing lowercase HTTP method "post" is deprecated. Use uppercase HTTP method like "POST".', 16384)
 2 APPPATH\Config\Routes\AdminRoutes.php(185): CodeIgniter\Router\RouteCollection->match([...], 'add_note/?(:num)?', 'UsersController::add_note/$1')
 3 SYSTEMPATH\Router\RouteCollection.php(800): App\Config\Routes\AdminRoutes::App\Config\Routes\{closure}(Object(CodeIgniter\Router\RouteCollection))
 4 APPPATH\Config\Routes\AdminRoutes.php(182): CodeIgniter\Router\RouteCollection->group('users', [...], Object(Closure))
 5 SYSTEMPATH\Router\RouteCollection.php(800): App\Config\Routes\AdminRoutes::App\Config\Routes\{closure}(Object(CodeIgniter\Router\RouteCollection))
 6 APPPATH\Config\Routes\AdminRoutes.php(28): CodeIgniter\Router\RouteCollection->group('admin', [...], Object(Closure))
 7 APPPATH\Config\Routes.php(20): App\Config\Routes\AdminRoutes::init(Object(CodeIgniter\Router\RouteCollection))
 8 SYSTEMPATH\Router\RouteCollection.php(340): require('C:\\xampp\\htdocs\\smartstore\\app\\Config\\Routes.php')
 9 SYSTEMPATH\CodeIgniter.php(823): CodeIgniter\Router\RouteCollection->loadRoutes()
10 SYSTEMPATH\CodeIgniter.php(457): CodeIgniter\CodeIgniter->tryToRouteIt(null)
11 SYSTEMPATH\CodeIgniter.php(355): CodeIgniter\CodeIgniter->handleRequest(null, Object(Config\Cache), false)
12 SYSTEMPATH\Boot.php(325): CodeIgniter\CodeIgniter->run()
13 SYSTEMPATH\Boot.php(67): CodeIgniter\Boot::runCodeIgniter(Object(CodeIgniter\CodeIgniter))
14 FCPATH\index.php(63): CodeIgniter\Boot::bootWeb(Object(Config\Paths))
WARNING - 2025-06-09 14:51:01 --> [DEPRECATED] Passing lowercase HTTP method "get" is deprecated. Use uppercase HTTP method like "GET". in SYSTEMPATH\Router\RouteCollection.php on line 1027.
 1 SYSTEMPATH\Router\RouteCollection.php(1027): trigger_error('Passing lowercase HTTP method "get" is deprecated. Use uppercase HTTP method like "GET".', 16384)
 2 APPPATH\Config\Routes\AdminRoutes.php(186): CodeIgniter\Router\RouteCollection->match([...], 'send_mail/?(:num)?', 'UsersController::send_mail/$1')
 3 SYSTEMPATH\Router\RouteCollection.php(800): App\Config\Routes\AdminRoutes::App\Config\Routes\{closure}(Object(CodeIgniter\Router\RouteCollection))
 4 APPPATH\Config\Routes\AdminRoutes.php(182): CodeIgniter\Router\RouteCollection->group('users', [...], Object(Closure))
 5 SYSTEMPATH\Router\RouteCollection.php(800): App\Config\Routes\AdminRoutes::App\Config\Routes\{closure}(Object(CodeIgniter\Router\RouteCollection))
 6 APPPATH\Config\Routes\AdminRoutes.php(28): CodeIgniter\Router\RouteCollection->group('admin', [...], Object(Closure))
 7 APPPATH\Config\Routes.php(20): App\Config\Routes\AdminRoutes::init(Object(CodeIgniter\Router\RouteCollection))
 8 SYSTEMPATH\Router\RouteCollection.php(340): require('C:\\xampp\\htdocs\\smartstore\\app\\Config\\Routes.php')
 9 SYSTEMPATH\CodeIgniter.php(823): CodeIgniter\Router\RouteCollection->loadRoutes()
10 SYSTEMPATH\CodeIgniter.php(457): CodeIgniter\CodeIgniter->tryToRouteIt(null)
11 SYSTEMPATH\CodeIgniter.php(355): CodeIgniter\CodeIgniter->handleRequest(null, Object(Config\Cache), false)
12 SYSTEMPATH\Boot.php(325): CodeIgniter\CodeIgniter->run()
13 SYSTEMPATH\Boot.php(67): CodeIgniter\Boot::runCodeIgniter(Object(CodeIgniter\CodeIgniter))
14 FCPATH\index.php(63): CodeIgniter\Boot::bootWeb(Object(Config\Paths))
WARNING - 2025-06-09 14:51:01 --> [DEPRECATED] Passing lowercase HTTP method "post" is deprecated. Use uppercase HTTP method like "POST". in SYSTEMPATH\Router\RouteCollection.php on line 1027.
 1 SYSTEMPATH\Router\RouteCollection.php(1027): trigger_error('Passing lowercase HTTP method "post" is deprecated. Use uppercase HTTP method like "POST".', 16384)
 2 APPPATH\Config\Routes\AdminRoutes.php(186): CodeIgniter\Router\RouteCollection->match([...], 'send_mail/?(:num)?', 'UsersController::send_mail/$1')
 3 SYSTEMPATH\Router\RouteCollection.php(800): App\Config\Routes\AdminRoutes::App\Config\Routes\{closure}(Object(CodeIgniter\Router\RouteCollection))
 4 APPPATH\Config\Routes\AdminRoutes.php(182): CodeIgniter\Router\RouteCollection->group('users', [...], Object(Closure))
 5 SYSTEMPATH\Router\RouteCollection.php(800): App\Config\Routes\AdminRoutes::App\Config\Routes\{closure}(Object(CodeIgniter\Router\RouteCollection))
 6 APPPATH\Config\Routes\AdminRoutes.php(28): CodeIgniter\Router\RouteCollection->group('admin', [...], Object(Closure))
 7 APPPATH\Config\Routes.php(20): App\Config\Routes\AdminRoutes::init(Object(CodeIgniter\Router\RouteCollection))
 8 SYSTEMPATH\Router\RouteCollection.php(340): require('C:\\xampp\\htdocs\\smartstore\\app\\Config\\Routes.php')
 9 SYSTEMPATH\CodeIgniter.php(823): CodeIgniter\Router\RouteCollection->loadRoutes()
10 SYSTEMPATH\CodeIgniter.php(457): CodeIgniter\CodeIgniter->tryToRouteIt(null)
11 SYSTEMPATH\CodeIgniter.php(355): CodeIgniter\CodeIgniter->handleRequest(null, Object(Config\Cache), false)
12 SYSTEMPATH\Boot.php(325): CodeIgniter\CodeIgniter->run()
13 SYSTEMPATH\Boot.php(67): CodeIgniter\Boot::runCodeIgniter(Object(CodeIgniter\CodeIgniter))
14 FCPATH\index.php(63): CodeIgniter\Boot::bootWeb(Object(Config\Paths))
WARNING - 2025-06-09 14:51:01 --> [DEPRECATED] Passing lowercase HTTP method "get" is deprecated. Use uppercase HTTP method like "GET". in SYSTEMPATH\Router\RouteCollection.php on line 1027.
 1 SYSTEMPATH\Router\RouteCollection.php(1027): trigger_error('Passing lowercase HTTP method "get" is deprecated. Use uppercase HTTP method like "GET".', 16384)
 2 APPPATH\Config\Routes\AdminRoutes.php(215): CodeIgniter\Router\RouteCollection->match([...], 'send_mail/?(:num)?', 'TicketsController::send_mail/$1')
 3 SYSTEMPATH\Router\RouteCollection.php(800): App\Config\Routes\AdminRoutes::App\Config\Routes\{closure}(Object(CodeIgniter\Router\RouteCollection))
 4 APPPATH\Config\Routes\AdminRoutes.php(212): CodeIgniter\Router\RouteCollection->group('tickets', [...], Object(Closure))
 5 SYSTEMPATH\Router\RouteCollection.php(800): App\Config\Routes\AdminRoutes::App\Config\Routes\{closure}(Object(CodeIgniter\Router\RouteCollection))
 6 APPPATH\Config\Routes\AdminRoutes.php(28): CodeIgniter\Router\RouteCollection->group('admin', [...], Object(Closure))
 7 APPPATH\Config\Routes.php(20): App\Config\Routes\AdminRoutes::init(Object(CodeIgniter\Router\RouteCollection))
 8 SYSTEMPATH\Router\RouteCollection.php(340): require('C:\\xampp\\htdocs\\smartstore\\app\\Config\\Routes.php')
 9 SYSTEMPATH\CodeIgniter.php(823): CodeIgniter\Router\RouteCollection->loadRoutes()
10 SYSTEMPATH\CodeIgniter.php(457): CodeIgniter\CodeIgniter->tryToRouteIt(null)
11 SYSTEMPATH\CodeIgniter.php(355): CodeIgniter\CodeIgniter->handleRequest(null, Object(Config\Cache), false)
12 SYSTEMPATH\Boot.php(325): CodeIgniter\CodeIgniter->run()
13 SYSTEMPATH\Boot.php(67): CodeIgniter\Boot::runCodeIgniter(Object(CodeIgniter\CodeIgniter))
14 FCPATH\index.php(63): CodeIgniter\Boot::bootWeb(Object(Config\Paths))
WARNING - 2025-06-09 14:51:01 --> [DEPRECATED] Passing lowercase HTTP method "post" is deprecated. Use uppercase HTTP method like "POST". in SYSTEMPATH\Router\RouteCollection.php on line 1027.
 1 SYSTEMPATH\Router\RouteCollection.php(1027): trigger_error('Passing lowercase HTTP method "post" is deprecated. Use uppercase HTTP method like "POST".', 16384)
 2 APPPATH\Config\Routes\AdminRoutes.php(215): CodeIgniter\Router\RouteCollection->match([...], 'send_mail/?(:num)?', 'TicketsController::send_mail/$1')
 3 SYSTEMPATH\Router\RouteCollection.php(800): App\Config\Routes\AdminRoutes::App\Config\Routes\{closure}(Object(CodeIgniter\Router\RouteCollection))
 4 APPPATH\Config\Routes\AdminRoutes.php(212): CodeIgniter\Router\RouteCollection->group('tickets', [...], Object(Closure))
 5 SYSTEMPATH\Router\RouteCollection.php(800): App\Config\Routes\AdminRoutes::App\Config\Routes\{closure}(Object(CodeIgniter\Router\RouteCollection))
 6 APPPATH\Config\Routes\AdminRoutes.php(28): CodeIgniter\Router\RouteCollection->group('admin', [...], Object(Closure))
 7 APPPATH\Config\Routes.php(20): App\Config\Routes\AdminRoutes::init(Object(CodeIgniter\Router\RouteCollection))
 8 SYSTEMPATH\Router\RouteCollection.php(340): require('C:\\xampp\\htdocs\\smartstore\\app\\Config\\Routes.php')
 9 SYSTEMPATH\CodeIgniter.php(823): CodeIgniter\Router\RouteCollection->loadRoutes()
10 SYSTEMPATH\CodeIgniter.php(457): CodeIgniter\CodeIgniter->tryToRouteIt(null)
11 SYSTEMPATH\CodeIgniter.php(355): CodeIgniter\CodeIgniter->handleRequest(null, Object(Config\Cache), false)
12 SYSTEMPATH\Boot.php(325): CodeIgniter\CodeIgniter->run()
13 SYSTEMPATH\Boot.php(67): CodeIgniter\Boot::runCodeIgniter(Object(CodeIgniter\CodeIgniter))
14 FCPATH\index.php(63): CodeIgniter\Boot::bootWeb(Object(Config\Paths))
WARNING - 2025-06-09 14:51:01 --> [DEPRECATED] Passing lowercase HTTP method "get" is deprecated. Use uppercase HTTP method like "GET". in SYSTEMPATH\Router\RouteCollection.php on line 1027.
 1 SYSTEMPATH\Router\RouteCollection.php(1027): trigger_error('Passing lowercase HTTP method "get" is deprecated. Use uppercase HTTP method like "GET".', 16384)
 2 APPPATH\Config\Routes\UserRoutes.php(49): CodeIgniter\Router\RouteCollection->match([...], 'submit_review', 'ClientController::submit_review', [...])
 3 APPPATH\Config\Routes\UserRoutes.php(23): App\Config\Routes\UserRoutes::defineRoutes(Object(CodeIgniter\Router\RouteCollection))
 4 APPPATH\Config\Routes.php(21): App\Config\Routes\UserRoutes::init(Object(CodeIgniter\Router\RouteCollection))
 5 SYSTEMPATH\Router\RouteCollection.php(340): require('C:\\xampp\\htdocs\\smartstore\\app\\Config\\Routes.php')
 6 SYSTEMPATH\CodeIgniter.php(823): CodeIgniter\Router\RouteCollection->loadRoutes()
 7 SYSTEMPATH\CodeIgniter.php(457): CodeIgniter\CodeIgniter->tryToRouteIt(null)
 8 SYSTEMPATH\CodeIgniter.php(355): CodeIgniter\CodeIgniter->handleRequest(null, Object(Config\Cache), false)
 9 SYSTEMPATH\Boot.php(325): CodeIgniter\CodeIgniter->run()
10 SYSTEMPATH\Boot.php(67): CodeIgniter\Boot::runCodeIgniter(Object(CodeIgniter\CodeIgniter))
11 FCPATH\index.php(63): CodeIgniter\Boot::bootWeb(Object(Config\Paths))
WARNING - 2025-06-09 14:51:01 --> [DEPRECATED] Passing lowercase HTTP method "post" is deprecated. Use uppercase HTTP method like "POST". in SYSTEMPATH\Router\RouteCollection.php on line 1027.
 1 SYSTEMPATH\Router\RouteCollection.php(1027): trigger_error('Passing lowercase HTTP method "post" is deprecated. Use uppercase HTTP method like "POST".', 16384)
 2 APPPATH\Config\Routes\UserRoutes.php(49): CodeIgniter\Router\RouteCollection->match([...], 'submit_review', 'ClientController::submit_review', [...])
 3 APPPATH\Config\Routes\UserRoutes.php(23): App\Config\Routes\UserRoutes::defineRoutes(Object(CodeIgniter\Router\RouteCollection))
 4 APPPATH\Config\Routes.php(21): App\Config\Routes\UserRoutes::init(Object(CodeIgniter\Router\RouteCollection))
 5 SYSTEMPATH\Router\RouteCollection.php(340): require('C:\\xampp\\htdocs\\smartstore\\app\\Config\\Routes.php')
 6 SYSTEMPATH\CodeIgniter.php(823): CodeIgniter\Router\RouteCollection->loadRoutes()
 7 SYSTEMPATH\CodeIgniter.php(457): CodeIgniter\CodeIgniter->tryToRouteIt(null)
 8 SYSTEMPATH\CodeIgniter.php(355): CodeIgniter\CodeIgniter->handleRequest(null, Object(Config\Cache), false)
 9 SYSTEMPATH\Boot.php(325): CodeIgniter\CodeIgniter->run()
10 SYSTEMPATH\Boot.php(67): CodeIgniter\Boot::runCodeIgniter(Object(CodeIgniter\CodeIgniter))
11 FCPATH\index.php(63): CodeIgniter\Boot::bootWeb(Object(Config\Paths))
WARNING - 2025-06-09 14:51:01 --> [DEPRECATED] Passing lowercase HTTP method "get" is deprecated. Use uppercase HTTP method like "GET". in SYSTEMPATH\Router\RouteCollection.php on line 1027.
 1 SYSTEMPATH\Router\RouteCollection.php(1027): trigger_error('Passing lowercase HTTP method "get" is deprecated. Use uppercase HTTP method like "GET".', 16384)
 2 APPPATH\Config\Routes\UserRoutes.php(63): CodeIgniter\Router\RouteCollection->match([...], 'track-order', 'OrderController::track_order', [...])
 3 APPPATH\Config\Routes\UserRoutes.php(23): App\Config\Routes\UserRoutes::defineRoutes(Object(CodeIgniter\Router\RouteCollection))
 4 APPPATH\Config\Routes.php(21): App\Config\Routes\UserRoutes::init(Object(CodeIgniter\Router\RouteCollection))
 5 SYSTEMPATH\Router\RouteCollection.php(340): require('C:\\xampp\\htdocs\\smartstore\\app\\Config\\Routes.php')
 6 SYSTEMPATH\CodeIgniter.php(823): CodeIgniter\Router\RouteCollection->loadRoutes()
 7 SYSTEMPATH\CodeIgniter.php(457): CodeIgniter\CodeIgniter->tryToRouteIt(null)
 8 SYSTEMPATH\CodeIgniter.php(355): CodeIgniter\CodeIgniter->handleRequest(null, Object(Config\Cache), false)
 9 SYSTEMPATH\Boot.php(325): CodeIgniter\CodeIgniter->run()
10 SYSTEMPATH\Boot.php(67): CodeIgniter\Boot::runCodeIgniter(Object(CodeIgniter\CodeIgniter))
11 FCPATH\index.php(63): CodeIgniter\Boot::bootWeb(Object(Config\Paths))
WARNING - 2025-06-09 14:51:01 --> [DEPRECATED] Passing lowercase HTTP method "post" is deprecated. Use uppercase HTTP method like "POST". in SYSTEMPATH\Router\RouteCollection.php on line 1027.
 1 SYSTEMPATH\Router\RouteCollection.php(1027): trigger_error('Passing lowercase HTTP method "post" is deprecated. Use uppercase HTTP method like "POST".', 16384)
 2 APPPATH\Config\Routes\UserRoutes.php(63): CodeIgniter\Router\RouteCollection->match([...], 'track-order', 'OrderController::track_order', [...])
 3 APPPATH\Config\Routes\UserRoutes.php(23): App\Config\Routes\UserRoutes::defineRoutes(Object(CodeIgniter\Router\RouteCollection))
 4 APPPATH\Config\Routes.php(21): App\Config\Routes\UserRoutes::init(Object(CodeIgniter\Router\RouteCollection))
 5 SYSTEMPATH\Router\RouteCollection.php(340): require('C:\\xampp\\htdocs\\smartstore\\app\\Config\\Routes.php')
 6 SYSTEMPATH\CodeIgniter.php(823): CodeIgniter\Router\RouteCollection->loadRoutes()
 7 SYSTEMPATH\CodeIgniter.php(457): CodeIgniter\CodeIgniter->tryToRouteIt(null)
 8 SYSTEMPATH\CodeIgniter.php(355): CodeIgniter\CodeIgniter->handleRequest(null, Object(Config\Cache), false)
 9 SYSTEMPATH\Boot.php(325): CodeIgniter\CodeIgniter->run()
10 SYSTEMPATH\Boot.php(67): CodeIgniter\Boot::runCodeIgniter(Object(CodeIgniter\CodeIgniter))
11 FCPATH\index.php(63): CodeIgniter\Boot::bootWeb(Object(Config\Paths))
WARNING - 2025-06-09 14:51:01 --> [DEPRECATED] Passing lowercase HTTP method "get" is deprecated. Use uppercase HTTP method like "GET". in SYSTEMPATH\Router\RouteCollection.php on line 1027.
 1 SYSTEMPATH\Router\RouteCollection.php(1027): trigger_error('Passing lowercase HTTP method "get" is deprecated. Use uppercase HTTP method like "GET".', 16384)
 2 APPPATH\Config\Routes\UserRoutes.php(49): CodeIgniter\Router\RouteCollection->match([...], 'submit_review', 'ClientController::submit_review', [...])
 3 APPPATH\Config\Routes\UserRoutes.php(26): App\Config\Routes\UserRoutes::defineRoutes(Object(CodeIgniter\Router\RouteCollection))
 4 SYSTEMPATH\Router\RouteCollection.php(800): App\Config\Routes\UserRoutes::App\Config\Routes\{closure}(Object(CodeIgniter\Router\RouteCollection))
 5 APPPATH\Config\Routes\UserRoutes.php(25): CodeIgniter\Router\RouteCollection->group('{locale}', Object(Closure))
 6 APPPATH\Config\Routes.php(21): App\Config\Routes\UserRoutes::init(Object(CodeIgniter\Router\RouteCollection))
 7 SYSTEMPATH\Router\RouteCollection.php(340): require('C:\\xampp\\htdocs\\smartstore\\app\\Config\\Routes.php')
 8 SYSTEMPATH\CodeIgniter.php(823): CodeIgniter\Router\RouteCollection->loadRoutes()
 9 SYSTEMPATH\CodeIgniter.php(457): CodeIgniter\CodeIgniter->tryToRouteIt(null)
10 SYSTEMPATH\CodeIgniter.php(355): CodeIgniter\CodeIgniter->handleRequest(null, Object(Config\Cache), false)
11 SYSTEMPATH\Boot.php(325): CodeIgniter\CodeIgniter->run()
12 SYSTEMPATH\Boot.php(67): CodeIgniter\Boot::runCodeIgniter(Object(CodeIgniter\CodeIgniter))
13 FCPATH\index.php(63): CodeIgniter\Boot::bootWeb(Object(Config\Paths))
WARNING - 2025-06-09 14:51:01 --> [DEPRECATED] Passing lowercase HTTP method "post" is deprecated. Use uppercase HTTP method like "POST". in SYSTEMPATH\Router\RouteCollection.php on line 1027.
 1 SYSTEMPATH\Router\RouteCollection.php(1027): trigger_error('Passing lowercase HTTP method "post" is deprecated. Use uppercase HTTP method like "POST".', 16384)
 2 APPPATH\Config\Routes\UserRoutes.php(49): CodeIgniter\Router\RouteCollection->match([...], 'submit_review', 'ClientController::submit_review', [...])
 3 APPPATH\Config\Routes\UserRoutes.php(26): App\Config\Routes\UserRoutes::defineRoutes(Object(CodeIgniter\Router\RouteCollection))
 4 SYSTEMPATH\Router\RouteCollection.php(800): App\Config\Routes\UserRoutes::App\Config\Routes\{closure}(Object(CodeIgniter\Router\RouteCollection))
 5 APPPATH\Config\Routes\UserRoutes.php(25): CodeIgniter\Router\RouteCollection->group('{locale}', Object(Closure))
 6 APPPATH\Config\Routes.php(21): App\Config\Routes\UserRoutes::init(Object(CodeIgniter\Router\RouteCollection))
 7 SYSTEMPATH\Router\RouteCollection.php(340): require('C:\\xampp\\htdocs\\smartstore\\app\\Config\\Routes.php')
 8 SYSTEMPATH\CodeIgniter.php(823): CodeIgniter\Router\RouteCollection->loadRoutes()
 9 SYSTEMPATH\CodeIgniter.php(457): CodeIgniter\CodeIgniter->tryToRouteIt(null)
10 SYSTEMPATH\CodeIgniter.php(355): CodeIgniter\CodeIgniter->handleRequest(null, Object(Config\Cache), false)
11 SYSTEMPATH\Boot.php(325): CodeIgniter\CodeIgniter->run()
12 SYSTEMPATH\Boot.php(67): CodeIgniter\Boot::runCodeIgniter(Object(CodeIgniter\CodeIgniter))
13 FCPATH\index.php(63): CodeIgniter\Boot::bootWeb(Object(Config\Paths))
WARNING - 2025-06-09 14:51:01 --> [DEPRECATED] Passing lowercase HTTP method "get" is deprecated. Use uppercase HTTP method like "GET". in SYSTEMPATH\Router\RouteCollection.php on line 1027.
 1 SYSTEMPATH\Router\RouteCollection.php(1027): trigger_error('Passing lowercase HTTP method "get" is deprecated. Use uppercase HTTP method like "GET".', 16384)
 2 APPPATH\Config\Routes\UserRoutes.php(63): CodeIgniter\Router\RouteCollection->match([...], 'track-order', 'OrderController::track_order', [...])
 3 APPPATH\Config\Routes\UserRoutes.php(26): App\Config\Routes\UserRoutes::defineRoutes(Object(CodeIgniter\Router\RouteCollection))
 4 SYSTEMPATH\Router\RouteCollection.php(800): App\Config\Routes\UserRoutes::App\Config\Routes\{closure}(Object(CodeIgniter\Router\RouteCollection))
 5 APPPATH\Config\Routes\UserRoutes.php(25): CodeIgniter\Router\RouteCollection->group('{locale}', Object(Closure))
 6 APPPATH\Config\Routes.php(21): App\Config\Routes\UserRoutes::init(Object(CodeIgniter\Router\RouteCollection))
 7 SYSTEMPATH\Router\RouteCollection.php(340): require('C:\\xampp\\htdocs\\smartstore\\app\\Config\\Routes.php')
 8 SYSTEMPATH\CodeIgniter.php(823): CodeIgniter\Router\RouteCollection->loadRoutes()
 9 SYSTEMPATH\CodeIgniter.php(457): CodeIgniter\CodeIgniter->tryToRouteIt(null)
10 SYSTEMPATH\CodeIgniter.php(355): CodeIgniter\CodeIgniter->handleRequest(null, Object(Config\Cache), false)
11 SYSTEMPATH\Boot.php(325): CodeIgniter\CodeIgniter->run()
12 SYSTEMPATH\Boot.php(67): CodeIgniter\Boot::runCodeIgniter(Object(CodeIgniter\CodeIgniter))
13 FCPATH\index.php(63): CodeIgniter\Boot::bootWeb(Object(Config\Paths))
WARNING - 2025-06-09 14:51:01 --> [DEPRECATED] Passing lowercase HTTP method "post" is deprecated. Use uppercase HTTP method like "POST". in SYSTEMPATH\Router\RouteCollection.php on line 1027.
 1 SYSTEMPATH\Router\RouteCollection.php(1027): trigger_error('Passing lowercase HTTP method "post" is deprecated. Use uppercase HTTP method like "POST".', 16384)
 2 APPPATH\Config\Routes\UserRoutes.php(63): CodeIgniter\Router\RouteCollection->match([...], 'track-order', 'OrderController::track_order', [...])
 3 APPPATH\Config\Routes\UserRoutes.php(26): App\Config\Routes\UserRoutes::defineRoutes(Object(CodeIgniter\Router\RouteCollection))
 4 SYSTEMPATH\Router\RouteCollection.php(800): App\Config\Routes\UserRoutes::App\Config\Routes\{closure}(Object(CodeIgniter\Router\RouteCollection))
 5 APPPATH\Config\Routes\UserRoutes.php(25): CodeIgniter\Router\RouteCollection->group('{locale}', Object(Closure))
 6 APPPATH\Config\Routes.php(21): App\Config\Routes\UserRoutes::init(Object(CodeIgniter\Router\RouteCollection))
 7 SYSTEMPATH\Router\RouteCollection.php(340): require('C:\\xampp\\htdocs\\smartstore\\app\\Config\\Routes.php')
 8 SYSTEMPATH\CodeIgniter.php(823): CodeIgniter\Router\RouteCollection->loadRoutes()
 9 SYSTEMPATH\CodeIgniter.php(457): CodeIgniter\CodeIgniter->tryToRouteIt(null)
10 SYSTEMPATH\CodeIgniter.php(355): CodeIgniter\CodeIgniter->handleRequest(null, Object(Config\Cache), false)
11 SYSTEMPATH\Boot.php(325): CodeIgniter\CodeIgniter->run()
12 SYSTEMPATH\Boot.php(67): CodeIgniter\Boot::runCodeIgniter(Object(CodeIgniter\CodeIgniter))
13 FCPATH\index.php(63): CodeIgniter\Boot::bootWeb(Object(Config\Paths))
INFO - 2025-06-09 14:51:01 --> Session: Class initialized using 'CodeIgniter\Session\Handlers\FileHandler' driver.
WARNING - 2025-06-09 14:51:01 --> [DEPRECATED] Creation of dynamic property App\Controllers\Public\PageController::$load_files is deprecated in APPPATH\Controllers\Public\PageController.php on line 21.
 1 SYSTEMPATH\CodeIgniter.php(903): App\Controllers\Public\PageController->__construct()
 2 SYSTEMPATH\CodeIgniter.php(500): CodeIgniter\CodeIgniter->createController()
 3 SYSTEMPATH\CodeIgniter.php(355): CodeIgniter\CodeIgniter->handleRequest(null, Object(Config\Cache), false)
 4 SYSTEMPATH\Boot.php(325): CodeIgniter\CodeIgniter->run()
 5 SYSTEMPATH\Boot.php(67): CodeIgniter\Boot::runCodeIgniter(Object(CodeIgniter\CodeIgniter))
 6 FCPATH\index.php(63): CodeIgniter\Boot::bootWeb(Object(Config\Paths))
WARNING - 2025-06-09 14:51:01 --> [DEPRECATED] Creation of dynamic property App\Controllers\Public\PageController::$page_title is deprecated in APPPATH\Controllers\Public\PageController.php on line 22.
 1 SYSTEMPATH\CodeIgniter.php(903): App\Controllers\Public\PageController->__construct()
 2 SYSTEMPATH\CodeIgniter.php(500): CodeIgniter\CodeIgniter->createController()
 3 SYSTEMPATH\CodeIgniter.php(355): CodeIgniter\CodeIgniter->handleRequest(null, Object(Config\Cache), false)
 4 SYSTEMPATH\Boot.php(325): CodeIgniter\CodeIgniter->run()
 5 SYSTEMPATH\Boot.php(67): CodeIgniter\Boot::runCodeIgniter(Object(CodeIgniter\CodeIgniter))
 6 FCPATH\index.php(63): CodeIgniter\Boot::bootWeb(Object(Config\Paths))
WARNING - 2025-06-09 14:57:21 --> [DEPRECATED] Passing lowercase HTTP method "get" is deprecated. Use uppercase HTTP method like "GET". in SYSTEMPATH\Router\RouteCollection.php on line 1027.
 1 SYSTEMPATH\Router\RouteCollection.php(1027): trigger_error('Passing lowercase HTTP method "get" is deprecated. Use uppercase HTTP method like "GET".', 16384)
 2 APPPATH\Config\Routes\AdminRoutes.php(65): CodeIgniter\Router\RouteCollection->match([...], 'send_test_mail', 'SettingsController::send_test_mail')
 3 SYSTEMPATH\Router\RouteCollection.php(800): App\Config\Routes\AdminRoutes::App\Config\Routes\{closure}(Object(CodeIgniter\Router\RouteCollection))
 4 APPPATH\Config\Routes\AdminRoutes.php(63): CodeIgniter\Router\RouteCollection->group('settings', [...], Object(Closure))
 5 SYSTEMPATH\Router\RouteCollection.php(800): App\Config\Routes\AdminRoutes::App\Config\Routes\{closure}(Object(CodeIgniter\Router\RouteCollection))
 6 APPPATH\Config\Routes\AdminRoutes.php(28): CodeIgniter\Router\RouteCollection->group('admin', [...], Object(Closure))
 7 APPPATH\Config\Routes.php(20): App\Config\Routes\AdminRoutes::init(Object(CodeIgniter\Router\RouteCollection))
 8 SYSTEMPATH\Router\RouteCollection.php(340): require('C:\\xampp\\htdocs\\smartstore\\app\\Config\\Routes.php')
 9 SYSTEMPATH\CodeIgniter.php(823): CodeIgniter\Router\RouteCollection->loadRoutes()
10 SYSTEMPATH\CodeIgniter.php(457): CodeIgniter\CodeIgniter->tryToRouteIt(null)
11 SYSTEMPATH\CodeIgniter.php(355): CodeIgniter\CodeIgniter->handleRequest(null, Object(Config\Cache), false)
12 SYSTEMPATH\Boot.php(325): CodeIgniter\CodeIgniter->run()
13 SYSTEMPATH\Boot.php(67): CodeIgniter\Boot::runCodeIgniter(Object(CodeIgniter\CodeIgniter))
14 FCPATH\index.php(63): CodeIgniter\Boot::bootWeb(Object(Config\Paths))
WARNING - 2025-06-09 14:57:21 --> [DEPRECATED] Passing lowercase HTTP method "post" is deprecated. Use uppercase HTTP method like "POST". in SYSTEMPATH\Router\RouteCollection.php on line 1027.
 1 SYSTEMPATH\Router\RouteCollection.php(1027): trigger_error('Passing lowercase HTTP method "post" is deprecated. Use uppercase HTTP method like "POST".', 16384)
 2 APPPATH\Config\Routes\AdminRoutes.php(65): CodeIgniter\Router\RouteCollection->match([...], 'send_test_mail', 'SettingsController::send_test_mail')
 3 SYSTEMPATH\Router\RouteCollection.php(800): App\Config\Routes\AdminRoutes::App\Config\Routes\{closure}(Object(CodeIgniter\Router\RouteCollection))
 4 APPPATH\Config\Routes\AdminRoutes.php(63): CodeIgniter\Router\RouteCollection->group('settings', [...], Object(Closure))
 5 SYSTEMPATH\Router\RouteCollection.php(800): App\Config\Routes\AdminRoutes::App\Config\Routes\{closure}(Object(CodeIgniter\Router\RouteCollection))
 6 APPPATH\Config\Routes\AdminRoutes.php(28): CodeIgniter\Router\RouteCollection->group('admin', [...], Object(Closure))
 7 APPPATH\Config\Routes.php(20): App\Config\Routes\AdminRoutes::init(Object(CodeIgniter\Router\RouteCollection))
 8 SYSTEMPATH\Router\RouteCollection.php(340): require('C:\\xampp\\htdocs\\smartstore\\app\\Config\\Routes.php')
 9 SYSTEMPATH\CodeIgniter.php(823): CodeIgniter\Router\RouteCollection->loadRoutes()
10 SYSTEMPATH\CodeIgniter.php(457): CodeIgniter\CodeIgniter->tryToRouteIt(null)
11 SYSTEMPATH\CodeIgniter.php(355): CodeIgniter\CodeIgniter->handleRequest(null, Object(Config\Cache), false)
12 SYSTEMPATH\Boot.php(325): CodeIgniter\CodeIgniter->run()
13 SYSTEMPATH\Boot.php(67): CodeIgniter\Boot::runCodeIgniter(Object(CodeIgniter\CodeIgniter))
14 FCPATH\index.php(63): CodeIgniter\Boot::bootWeb(Object(Config\Paths))
WARNING - 2025-06-09 14:57:21 --> [DEPRECATED] Passing lowercase HTTP method "get" is deprecated. Use uppercase HTTP method like "GET". in SYSTEMPATH\Router\RouteCollection.php on line 1027.
 1 SYSTEMPATH\Router\RouteCollection.php(1027): trigger_error('Passing lowercase HTTP method "get" is deprecated. Use uppercase HTTP method like "GET".', 16384)
 2 APPPATH\Config\Routes\AdminRoutes.php(76): CodeIgniter\Router\RouteCollection->match([...], 'elfinder_connector', 'FilemanagerController::elfinder_connector')
 3 SYSTEMPATH\Router\RouteCollection.php(800): App\Config\Routes\AdminRoutes::App\Config\Routes\{closure}(Object(CodeIgniter\Router\RouteCollection))
 4 APPPATH\Config\Routes\AdminRoutes.php(73): CodeIgniter\Router\RouteCollection->group('filemanager', [...], Object(Closure))
 5 SYSTEMPATH\Router\RouteCollection.php(800): App\Config\Routes\AdminRoutes::App\Config\Routes\{closure}(Object(CodeIgniter\Router\RouteCollection))
 6 APPPATH\Config\Routes\AdminRoutes.php(28): CodeIgniter\Router\RouteCollection->group('admin', [...], Object(Closure))
 7 APPPATH\Config\Routes.php(20): App\Config\Routes\AdminRoutes::init(Object(CodeIgniter\Router\RouteCollection))
 8 SYSTEMPATH\Router\RouteCollection.php(340): require('C:\\xampp\\htdocs\\smartstore\\app\\Config\\Routes.php')
 9 SYSTEMPATH\CodeIgniter.php(823): CodeIgniter\Router\RouteCollection->loadRoutes()
10 SYSTEMPATH\CodeIgniter.php(457): CodeIgniter\CodeIgniter->tryToRouteIt(null)
11 SYSTEMPATH\CodeIgniter.php(355): CodeIgniter\CodeIgniter->handleRequest(null, Object(Config\Cache), false)
12 SYSTEMPATH\Boot.php(325): CodeIgniter\CodeIgniter->run()
13 SYSTEMPATH\Boot.php(67): CodeIgniter\Boot::runCodeIgniter(Object(CodeIgniter\CodeIgniter))
14 FCPATH\index.php(63): CodeIgniter\Boot::bootWeb(Object(Config\Paths))
WARNING - 2025-06-09 14:57:21 --> [DEPRECATED] Passing lowercase HTTP method "post" is deprecated. Use uppercase HTTP method like "POST". in SYSTEMPATH\Router\RouteCollection.php on line 1027.
 1 SYSTEMPATH\Router\RouteCollection.php(1027): trigger_error('Passing lowercase HTTP method "post" is deprecated. Use uppercase HTTP method like "POST".', 16384)
 2 APPPATH\Config\Routes\AdminRoutes.php(76): CodeIgniter\Router\RouteCollection->match([...], 'elfinder_connector', 'FilemanagerController::elfinder_connector')
 3 SYSTEMPATH\Router\RouteCollection.php(800): App\Config\Routes\AdminRoutes::App\Config\Routes\{closure}(Object(CodeIgniter\Router\RouteCollection))
 4 APPPATH\Config\Routes\AdminRoutes.php(73): CodeIgniter\Router\RouteCollection->group('filemanager', [...], Object(Closure))
 5 SYSTEMPATH\Router\RouteCollection.php(800): App\Config\Routes\AdminRoutes::App\Config\Routes\{closure}(Object(CodeIgniter\Router\RouteCollection))
 6 APPPATH\Config\Routes\AdminRoutes.php(28): CodeIgniter\Router\RouteCollection->group('admin', [...], Object(Closure))
 7 APPPATH\Config\Routes.php(20): App\Config\Routes\AdminRoutes::init(Object(CodeIgniter\Router\RouteCollection))
 8 SYSTEMPATH\Router\RouteCollection.php(340): require('C:\\xampp\\htdocs\\smartstore\\app\\Config\\Routes.php')
 9 SYSTEMPATH\CodeIgniter.php(823): CodeIgniter\Router\RouteCollection->loadRoutes()
10 SYSTEMPATH\CodeIgniter.php(457): CodeIgniter\CodeIgniter->tryToRouteIt(null)
11 SYSTEMPATH\CodeIgniter.php(355): CodeIgniter\CodeIgniter->handleRequest(null, Object(Config\Cache), false)
12 SYSTEMPATH\Boot.php(325): CodeIgniter\CodeIgniter->run()
13 SYSTEMPATH\Boot.php(67): CodeIgniter\Boot::runCodeIgniter(Object(CodeIgniter\CodeIgniter))
14 FCPATH\index.php(63): CodeIgniter\Boot::bootWeb(Object(Config\Paths))
WARNING - 2025-06-09 14:57:21 --> [DEPRECATED] Passing lowercase HTTP method "get" is deprecated. Use uppercase HTTP method like "GET". in SYSTEMPATH\Router\RouteCollection.php on line 1027.
 1 SYSTEMPATH\Router\RouteCollection.php(1027): trigger_error('Passing lowercase HTTP method "get" is deprecated. Use uppercase HTTP method like "GET".', 16384)
 2 APPPATH\Config\Routes\AdminRoutes.php(172): CodeIgniter\Router\RouteCollection->match([...], 'sync_services/?(:num)?', 'ProvidersController::sync_services/$1')
 3 SYSTEMPATH\Router\RouteCollection.php(800): App\Config\Routes\AdminRoutes::App\Config\Routes\{closure}(Object(CodeIgniter\Router\RouteCollection))
 4 APPPATH\Config\Routes\AdminRoutes.php(167): CodeIgniter\Router\RouteCollection->group('providers', [...], Object(Closure))
 5 SYSTEMPATH\Router\RouteCollection.php(800): App\Config\Routes\AdminRoutes::App\Config\Routes\{closure}(Object(CodeIgniter\Router\RouteCollection))
 6 APPPATH\Config\Routes\AdminRoutes.php(28): CodeIgniter\Router\RouteCollection->group('admin', [...], Object(Closure))
 7 APPPATH\Config\Routes.php(20): App\Config\Routes\AdminRoutes::init(Object(CodeIgniter\Router\RouteCollection))
 8 SYSTEMPATH\Router\RouteCollection.php(340): require('C:\\xampp\\htdocs\\smartstore\\app\\Config\\Routes.php')
 9 SYSTEMPATH\CodeIgniter.php(823): CodeIgniter\Router\RouteCollection->loadRoutes()
10 SYSTEMPATH\CodeIgniter.php(457): CodeIgniter\CodeIgniter->tryToRouteIt(null)
11 SYSTEMPATH\CodeIgniter.php(355): CodeIgniter\CodeIgniter->handleRequest(null, Object(Config\Cache), false)
12 SYSTEMPATH\Boot.php(325): CodeIgniter\CodeIgniter->run()
13 SYSTEMPATH\Boot.php(67): CodeIgniter\Boot::runCodeIgniter(Object(CodeIgniter\CodeIgniter))
14 FCPATH\index.php(63): CodeIgniter\Boot::bootWeb(Object(Config\Paths))
WARNING - 2025-06-09 14:57:21 --> [DEPRECATED] Passing lowercase HTTP method "post" is deprecated. Use uppercase HTTP method like "POST". in SYSTEMPATH\Router\RouteCollection.php on line 1027.
 1 SYSTEMPATH\Router\RouteCollection.php(1027): trigger_error('Passing lowercase HTTP method "post" is deprecated. Use uppercase HTTP method like "POST".', 16384)
 2 APPPATH\Config\Routes\AdminRoutes.php(172): CodeIgniter\Router\RouteCollection->match([...], 'sync_services/?(:num)?', 'ProvidersController::sync_services/$1')
 3 SYSTEMPATH\Router\RouteCollection.php(800): App\Config\Routes\AdminRoutes::App\Config\Routes\{closure}(Object(CodeIgniter\Router\RouteCollection))
 4 APPPATH\Config\Routes\AdminRoutes.php(167): CodeIgniter\Router\RouteCollection->group('providers', [...], Object(Closure))
 5 SYSTEMPATH\Router\RouteCollection.php(800): App\Config\Routes\AdminRoutes::App\Config\Routes\{closure}(Object(CodeIgniter\Router\RouteCollection))
 6 APPPATH\Config\Routes\AdminRoutes.php(28): CodeIgniter\Router\RouteCollection->group('admin', [...], Object(Closure))
 7 APPPATH\Config\Routes.php(20): App\Config\Routes\AdminRoutes::init(Object(CodeIgniter\Router\RouteCollection))
 8 SYSTEMPATH\Router\RouteCollection.php(340): require('C:\\xampp\\htdocs\\smartstore\\app\\Config\\Routes.php')
 9 SYSTEMPATH\CodeIgniter.php(823): CodeIgniter\Router\RouteCollection->loadRoutes()
10 SYSTEMPATH\CodeIgniter.php(457): CodeIgniter\CodeIgniter->tryToRouteIt(null)
11 SYSTEMPATH\CodeIgniter.php(355): CodeIgniter\CodeIgniter->handleRequest(null, Object(Config\Cache), false)
12 SYSTEMPATH\Boot.php(325): CodeIgniter\CodeIgniter->run()
13 SYSTEMPATH\Boot.php(67): CodeIgniter\Boot::runCodeIgniter(Object(CodeIgniter\CodeIgniter))
14 FCPATH\index.php(63): CodeIgniter\Boot::bootWeb(Object(Config\Paths))
WARNING - 2025-06-09 14:57:21 --> [DEPRECATED] Passing lowercase HTTP method "get" is deprecated. Use uppercase HTTP method like "GET". in SYSTEMPATH\Router\RouteCollection.php on line 1027.
 1 SYSTEMPATH\Router\RouteCollection.php(1027): trigger_error('Passing lowercase HTTP method "get" is deprecated. Use uppercase HTTP method like "GET".', 16384)
 2 APPPATH\Config\Routes\AdminRoutes.php(185): CodeIgniter\Router\RouteCollection->match([...], 'add_note/?(:num)?', 'UsersController::add_note/$1')
 3 SYSTEMPATH\Router\RouteCollection.php(800): App\Config\Routes\AdminRoutes::App\Config\Routes\{closure}(Object(CodeIgniter\Router\RouteCollection))
 4 APPPATH\Config\Routes\AdminRoutes.php(182): CodeIgniter\Router\RouteCollection->group('users', [...], Object(Closure))
 5 SYSTEMPATH\Router\RouteCollection.php(800): App\Config\Routes\AdminRoutes::App\Config\Routes\{closure}(Object(CodeIgniter\Router\RouteCollection))
 6 APPPATH\Config\Routes\AdminRoutes.php(28): CodeIgniter\Router\RouteCollection->group('admin', [...], Object(Closure))
 7 APPPATH\Config\Routes.php(20): App\Config\Routes\AdminRoutes::init(Object(CodeIgniter\Router\RouteCollection))
 8 SYSTEMPATH\Router\RouteCollection.php(340): require('C:\\xampp\\htdocs\\smartstore\\app\\Config\\Routes.php')
 9 SYSTEMPATH\CodeIgniter.php(823): CodeIgniter\Router\RouteCollection->loadRoutes()
10 SYSTEMPATH\CodeIgniter.php(457): CodeIgniter\CodeIgniter->tryToRouteIt(null)
11 SYSTEMPATH\CodeIgniter.php(355): CodeIgniter\CodeIgniter->handleRequest(null, Object(Config\Cache), false)
12 SYSTEMPATH\Boot.php(325): CodeIgniter\CodeIgniter->run()
13 SYSTEMPATH\Boot.php(67): CodeIgniter\Boot::runCodeIgniter(Object(CodeIgniter\CodeIgniter))
14 FCPATH\index.php(63): CodeIgniter\Boot::bootWeb(Object(Config\Paths))
WARNING - 2025-06-09 14:57:21 --> [DEPRECATED] Passing lowercase HTTP method "post" is deprecated. Use uppercase HTTP method like "POST". in SYSTEMPATH\Router\RouteCollection.php on line 1027.
 1 SYSTEMPATH\Router\RouteCollection.php(1027): trigger_error('Passing lowercase HTTP method "post" is deprecated. Use uppercase HTTP method like "POST".', 16384)
 2 APPPATH\Config\Routes\AdminRoutes.php(185): CodeIgniter\Router\RouteCollection->match([...], 'add_note/?(:num)?', 'UsersController::add_note/$1')
 3 SYSTEMPATH\Router\RouteCollection.php(800): App\Config\Routes\AdminRoutes::App\Config\Routes\{closure}(Object(CodeIgniter\Router\RouteCollection))
 4 APPPATH\Config\Routes\AdminRoutes.php(182): CodeIgniter\Router\RouteCollection->group('users', [...], Object(Closure))
 5 SYSTEMPATH\Router\RouteCollection.php(800): App\Config\Routes\AdminRoutes::App\Config\Routes\{closure}(Object(CodeIgniter\Router\RouteCollection))
 6 APPPATH\Config\Routes\AdminRoutes.php(28): CodeIgniter\Router\RouteCollection->group('admin', [...], Object(Closure))
 7 APPPATH\Config\Routes.php(20): App\Config\Routes\AdminRoutes::init(Object(CodeIgniter\Router\RouteCollection))
 8 SYSTEMPATH\Router\RouteCollection.php(340): require('C:\\xampp\\htdocs\\smartstore\\app\\Config\\Routes.php')
 9 SYSTEMPATH\CodeIgniter.php(823): CodeIgniter\Router\RouteCollection->loadRoutes()
10 SYSTEMPATH\CodeIgniter.php(457): CodeIgniter\CodeIgniter->tryToRouteIt(null)
11 SYSTEMPATH\CodeIgniter.php(355): CodeIgniter\CodeIgniter->handleRequest(null, Object(Config\Cache), false)
12 SYSTEMPATH\Boot.php(325): CodeIgniter\CodeIgniter->run()
13 SYSTEMPATH\Boot.php(67): CodeIgniter\Boot::runCodeIgniter(Object(CodeIgniter\CodeIgniter))
14 FCPATH\index.php(63): CodeIgniter\Boot::bootWeb(Object(Config\Paths))
WARNING - 2025-06-09 14:57:21 --> [DEPRECATED] Passing lowercase HTTP method "get" is deprecated. Use uppercase HTTP method like "GET". in SYSTEMPATH\Router\RouteCollection.php on line 1027.
 1 SYSTEMPATH\Router\RouteCollection.php(1027): trigger_error('Passing lowercase HTTP method "get" is deprecated. Use uppercase HTTP method like "GET".', 16384)
 2 APPPATH\Config\Routes\AdminRoutes.php(186): CodeIgniter\Router\RouteCollection->match([...], 'send_mail/?(:num)?', 'UsersController::send_mail/$1')
 3 SYSTEMPATH\Router\RouteCollection.php(800): App\Config\Routes\AdminRoutes::App\Config\Routes\{closure}(Object(CodeIgniter\Router\RouteCollection))
 4 APPPATH\Config\Routes\AdminRoutes.php(182): CodeIgniter\Router\RouteCollection->group('users', [...], Object(Closure))
 5 SYSTEMPATH\Router\RouteCollection.php(800): App\Config\Routes\AdminRoutes::App\Config\Routes\{closure}(Object(CodeIgniter\Router\RouteCollection))
 6 APPPATH\Config\Routes\AdminRoutes.php(28): CodeIgniter\Router\RouteCollection->group('admin', [...], Object(Closure))
 7 APPPATH\Config\Routes.php(20): App\Config\Routes\AdminRoutes::init(Object(CodeIgniter\Router\RouteCollection))
 8 SYSTEMPATH\Router\RouteCollection.php(340): require('C:\\xampp\\htdocs\\smartstore\\app\\Config\\Routes.php')
 9 SYSTEMPATH\CodeIgniter.php(823): CodeIgniter\Router\RouteCollection->loadRoutes()
10 SYSTEMPATH\CodeIgniter.php(457): CodeIgniter\CodeIgniter->tryToRouteIt(null)
11 SYSTEMPATH\CodeIgniter.php(355): CodeIgniter\CodeIgniter->handleRequest(null, Object(Config\Cache), false)
12 SYSTEMPATH\Boot.php(325): CodeIgniter\CodeIgniter->run()
13 SYSTEMPATH\Boot.php(67): CodeIgniter\Boot::runCodeIgniter(Object(CodeIgniter\CodeIgniter))
14 FCPATH\index.php(63): CodeIgniter\Boot::bootWeb(Object(Config\Paths))
WARNING - 2025-06-09 14:57:21 --> [DEPRECATED] Passing lowercase HTTP method "post" is deprecated. Use uppercase HTTP method like "POST". in SYSTEMPATH\Router\RouteCollection.php on line 1027.
 1 SYSTEMPATH\Router\RouteCollection.php(1027): trigger_error('Passing lowercase HTTP method "post" is deprecated. Use uppercase HTTP method like "POST".', 16384)
 2 APPPATH\Config\Routes\AdminRoutes.php(186): CodeIgniter\Router\RouteCollection->match([...], 'send_mail/?(:num)?', 'UsersController::send_mail/$1')
 3 SYSTEMPATH\Router\RouteCollection.php(800): App\Config\Routes\AdminRoutes::App\Config\Routes\{closure}(Object(CodeIgniter\Router\RouteCollection))
 4 APPPATH\Config\Routes\AdminRoutes.php(182): CodeIgniter\Router\RouteCollection->group('users', [...], Object(Closure))
 5 SYSTEMPATH\Router\RouteCollection.php(800): App\Config\Routes\AdminRoutes::App\Config\Routes\{closure}(Object(CodeIgniter\Router\RouteCollection))
 6 APPPATH\Config\Routes\AdminRoutes.php(28): CodeIgniter\Router\RouteCollection->group('admin', [...], Object(Closure))
 7 APPPATH\Config\Routes.php(20): App\Config\Routes\AdminRoutes::init(Object(CodeIgniter\Router\RouteCollection))
 8 SYSTEMPATH\Router\RouteCollection.php(340): require('C:\\xampp\\htdocs\\smartstore\\app\\Config\\Routes.php')
 9 SYSTEMPATH\CodeIgniter.php(823): CodeIgniter\Router\RouteCollection->loadRoutes()
10 SYSTEMPATH\CodeIgniter.php(457): CodeIgniter\CodeIgniter->tryToRouteIt(null)
11 SYSTEMPATH\CodeIgniter.php(355): CodeIgniter\CodeIgniter->handleRequest(null, Object(Config\Cache), false)
12 SYSTEMPATH\Boot.php(325): CodeIgniter\CodeIgniter->run()
13 SYSTEMPATH\Boot.php(67): CodeIgniter\Boot::runCodeIgniter(Object(CodeIgniter\CodeIgniter))
14 FCPATH\index.php(63): CodeIgniter\Boot::bootWeb(Object(Config\Paths))
WARNING - 2025-06-09 14:57:21 --> [DEPRECATED] Passing lowercase HTTP method "get" is deprecated. Use uppercase HTTP method like "GET". in SYSTEMPATH\Router\RouteCollection.php on line 1027.
 1 SYSTEMPATH\Router\RouteCollection.php(1027): trigger_error('Passing lowercase HTTP method "get" is deprecated. Use uppercase HTTP method like "GET".', 16384)
 2 APPPATH\Config\Routes\AdminRoutes.php(215): CodeIgniter\Router\RouteCollection->match([...], 'send_mail/?(:num)?', 'TicketsController::send_mail/$1')
 3 SYSTEMPATH\Router\RouteCollection.php(800): App\Config\Routes\AdminRoutes::App\Config\Routes\{closure}(Object(CodeIgniter\Router\RouteCollection))
 4 APPPATH\Config\Routes\AdminRoutes.php(212): CodeIgniter\Router\RouteCollection->group('tickets', [...], Object(Closure))
 5 SYSTEMPATH\Router\RouteCollection.php(800): App\Config\Routes\AdminRoutes::App\Config\Routes\{closure}(Object(CodeIgniter\Router\RouteCollection))
 6 APPPATH\Config\Routes\AdminRoutes.php(28): CodeIgniter\Router\RouteCollection->group('admin', [...], Object(Closure))
 7 APPPATH\Config\Routes.php(20): App\Config\Routes\AdminRoutes::init(Object(CodeIgniter\Router\RouteCollection))
 8 SYSTEMPATH\Router\RouteCollection.php(340): require('C:\\xampp\\htdocs\\smartstore\\app\\Config\\Routes.php')
 9 SYSTEMPATH\CodeIgniter.php(823): CodeIgniter\Router\RouteCollection->loadRoutes()
10 SYSTEMPATH\CodeIgniter.php(457): CodeIgniter\CodeIgniter->tryToRouteIt(null)
11 SYSTEMPATH\CodeIgniter.php(355): CodeIgniter\CodeIgniter->handleRequest(null, Object(Config\Cache), false)
12 SYSTEMPATH\Boot.php(325): CodeIgniter\CodeIgniter->run()
13 SYSTEMPATH\Boot.php(67): CodeIgniter\Boot::runCodeIgniter(Object(CodeIgniter\CodeIgniter))
14 FCPATH\index.php(63): CodeIgniter\Boot::bootWeb(Object(Config\Paths))
WARNING - 2025-06-09 14:57:21 --> [DEPRECATED] Passing lowercase HTTP method "post" is deprecated. Use uppercase HTTP method like "POST". in SYSTEMPATH\Router\RouteCollection.php on line 1027.
 1 SYSTEMPATH\Router\RouteCollection.php(1027): trigger_error('Passing lowercase HTTP method "post" is deprecated. Use uppercase HTTP method like "POST".', 16384)
 2 APPPATH\Config\Routes\AdminRoutes.php(215): CodeIgniter\Router\RouteCollection->match([...], 'send_mail/?(:num)?', 'TicketsController::send_mail/$1')
 3 SYSTEMPATH\Router\RouteCollection.php(800): App\Config\Routes\AdminRoutes::App\Config\Routes\{closure}(Object(CodeIgniter\Router\RouteCollection))
 4 APPPATH\Config\Routes\AdminRoutes.php(212): CodeIgniter\Router\RouteCollection->group('tickets', [...], Object(Closure))
 5 SYSTEMPATH\Router\RouteCollection.php(800): App\Config\Routes\AdminRoutes::App\Config\Routes\{closure}(Object(CodeIgniter\Router\RouteCollection))
 6 APPPATH\Config\Routes\AdminRoutes.php(28): CodeIgniter\Router\RouteCollection->group('admin', [...], Object(Closure))
 7 APPPATH\Config\Routes.php(20): App\Config\Routes\AdminRoutes::init(Object(CodeIgniter\Router\RouteCollection))
 8 SYSTEMPATH\Router\RouteCollection.php(340): require('C:\\xampp\\htdocs\\smartstore\\app\\Config\\Routes.php')
 9 SYSTEMPATH\CodeIgniter.php(823): CodeIgniter\Router\RouteCollection->loadRoutes()
10 SYSTEMPATH\CodeIgniter.php(457): CodeIgniter\CodeIgniter->tryToRouteIt(null)
11 SYSTEMPATH\CodeIgniter.php(355): CodeIgniter\CodeIgniter->handleRequest(null, Object(Config\Cache), false)
12 SYSTEMPATH\Boot.php(325): CodeIgniter\CodeIgniter->run()
13 SYSTEMPATH\Boot.php(67): CodeIgniter\Boot::runCodeIgniter(Object(CodeIgniter\CodeIgniter))
14 FCPATH\index.php(63): CodeIgniter\Boot::bootWeb(Object(Config\Paths))
WARNING - 2025-06-09 14:57:22 --> [DEPRECATED] Passing lowercase HTTP method "get" is deprecated. Use uppercase HTTP method like "GET". in SYSTEMPATH\Router\RouteCollection.php on line 1027.
 1 SYSTEMPATH\Router\RouteCollection.php(1027): trigger_error('Passing lowercase HTTP method "get" is deprecated. Use uppercase HTTP method like "GET".', 16384)
 2 APPPATH\Config\Routes\UserRoutes.php(49): CodeIgniter\Router\RouteCollection->match([...], 'submit_review', 'ClientController::submit_review', [...])
 3 APPPATH\Config\Routes\UserRoutes.php(23): App\Config\Routes\UserRoutes::defineRoutes(Object(CodeIgniter\Router\RouteCollection))
 4 APPPATH\Config\Routes.php(21): App\Config\Routes\UserRoutes::init(Object(CodeIgniter\Router\RouteCollection))
 5 SYSTEMPATH\Router\RouteCollection.php(340): require('C:\\xampp\\htdocs\\smartstore\\app\\Config\\Routes.php')
 6 SYSTEMPATH\CodeIgniter.php(823): CodeIgniter\Router\RouteCollection->loadRoutes()
 7 SYSTEMPATH\CodeIgniter.php(457): CodeIgniter\CodeIgniter->tryToRouteIt(null)
 8 SYSTEMPATH\CodeIgniter.php(355): CodeIgniter\CodeIgniter->handleRequest(null, Object(Config\Cache), false)
 9 SYSTEMPATH\Boot.php(325): CodeIgniter\CodeIgniter->run()
10 SYSTEMPATH\Boot.php(67): CodeIgniter\Boot::runCodeIgniter(Object(CodeIgniter\CodeIgniter))
11 FCPATH\index.php(63): CodeIgniter\Boot::bootWeb(Object(Config\Paths))
WARNING - 2025-06-09 14:57:22 --> [DEPRECATED] Passing lowercase HTTP method "post" is deprecated. Use uppercase HTTP method like "POST". in SYSTEMPATH\Router\RouteCollection.php on line 1027.
 1 SYSTEMPATH\Router\RouteCollection.php(1027): trigger_error('Passing lowercase HTTP method "post" is deprecated. Use uppercase HTTP method like "POST".', 16384)
 2 APPPATH\Config\Routes\UserRoutes.php(49): CodeIgniter\Router\RouteCollection->match([...], 'submit_review', 'ClientController::submit_review', [...])
 3 APPPATH\Config\Routes\UserRoutes.php(23): App\Config\Routes\UserRoutes::defineRoutes(Object(CodeIgniter\Router\RouteCollection))
 4 APPPATH\Config\Routes.php(21): App\Config\Routes\UserRoutes::init(Object(CodeIgniter\Router\RouteCollection))
 5 SYSTEMPATH\Router\RouteCollection.php(340): require('C:\\xampp\\htdocs\\smartstore\\app\\Config\\Routes.php')
 6 SYSTEMPATH\CodeIgniter.php(823): CodeIgniter\Router\RouteCollection->loadRoutes()
 7 SYSTEMPATH\CodeIgniter.php(457): CodeIgniter\CodeIgniter->tryToRouteIt(null)
 8 SYSTEMPATH\CodeIgniter.php(355): CodeIgniter\CodeIgniter->handleRequest(null, Object(Config\Cache), false)
 9 SYSTEMPATH\Boot.php(325): CodeIgniter\CodeIgniter->run()
10 SYSTEMPATH\Boot.php(67): CodeIgniter\Boot::runCodeIgniter(Object(CodeIgniter\CodeIgniter))
11 FCPATH\index.php(63): CodeIgniter\Boot::bootWeb(Object(Config\Paths))
WARNING - 2025-06-09 14:57:22 --> [DEPRECATED] Passing lowercase HTTP method "get" is deprecated. Use uppercase HTTP method like "GET". in SYSTEMPATH\Router\RouteCollection.php on line 1027.
 1 SYSTEMPATH\Router\RouteCollection.php(1027): trigger_error('Passing lowercase HTTP method "get" is deprecated. Use uppercase HTTP method like "GET".', 16384)
 2 APPPATH\Config\Routes\UserRoutes.php(63): CodeIgniter\Router\RouteCollection->match([...], 'track-order', 'OrderController::track_order', [...])
 3 APPPATH\Config\Routes\UserRoutes.php(23): App\Config\Routes\UserRoutes::defineRoutes(Object(CodeIgniter\Router\RouteCollection))
 4 APPPATH\Config\Routes.php(21): App\Config\Routes\UserRoutes::init(Object(CodeIgniter\Router\RouteCollection))
 5 SYSTEMPATH\Router\RouteCollection.php(340): require('C:\\xampp\\htdocs\\smartstore\\app\\Config\\Routes.php')
 6 SYSTEMPATH\CodeIgniter.php(823): CodeIgniter\Router\RouteCollection->loadRoutes()
 7 SYSTEMPATH\CodeIgniter.php(457): CodeIgniter\CodeIgniter->tryToRouteIt(null)
 8 SYSTEMPATH\CodeIgniter.php(355): CodeIgniter\CodeIgniter->handleRequest(null, Object(Config\Cache), false)
 9 SYSTEMPATH\Boot.php(325): CodeIgniter\CodeIgniter->run()
10 SYSTEMPATH\Boot.php(67): CodeIgniter\Boot::runCodeIgniter(Object(CodeIgniter\CodeIgniter))
11 FCPATH\index.php(63): CodeIgniter\Boot::bootWeb(Object(Config\Paths))
WARNING - 2025-06-09 14:57:22 --> [DEPRECATED] Passing lowercase HTTP method "post" is deprecated. Use uppercase HTTP method like "POST". in SYSTEMPATH\Router\RouteCollection.php on line 1027.
 1 SYSTEMPATH\Router\RouteCollection.php(1027): trigger_error('Passing lowercase HTTP method "post" is deprecated. Use uppercase HTTP method like "POST".', 16384)
 2 APPPATH\Config\Routes\UserRoutes.php(63): CodeIgniter\Router\RouteCollection->match([...], 'track-order', 'OrderController::track_order', [...])
 3 APPPATH\Config\Routes\UserRoutes.php(23): App\Config\Routes\UserRoutes::defineRoutes(Object(CodeIgniter\Router\RouteCollection))
 4 APPPATH\Config\Routes.php(21): App\Config\Routes\UserRoutes::init(Object(CodeIgniter\Router\RouteCollection))
 5 SYSTEMPATH\Router\RouteCollection.php(340): require('C:\\xampp\\htdocs\\smartstore\\app\\Config\\Routes.php')
 6 SYSTEMPATH\CodeIgniter.php(823): CodeIgniter\Router\RouteCollection->loadRoutes()
 7 SYSTEMPATH\CodeIgniter.php(457): CodeIgniter\CodeIgniter->tryToRouteIt(null)
 8 SYSTEMPATH\CodeIgniter.php(355): CodeIgniter\CodeIgniter->handleRequest(null, Object(Config\Cache), false)
 9 SYSTEMPATH\Boot.php(325): CodeIgniter\CodeIgniter->run()
10 SYSTEMPATH\Boot.php(67): CodeIgniter\Boot::runCodeIgniter(Object(CodeIgniter\CodeIgniter))
11 FCPATH\index.php(63): CodeIgniter\Boot::bootWeb(Object(Config\Paths))
WARNING - 2025-06-09 14:57:22 --> [DEPRECATED] Passing lowercase HTTP method "get" is deprecated. Use uppercase HTTP method like "GET". in SYSTEMPATH\Router\RouteCollection.php on line 1027.
 1 SYSTEMPATH\Router\RouteCollection.php(1027): trigger_error('Passing lowercase HTTP method "get" is deprecated. Use uppercase HTTP method like "GET".', 16384)
 2 APPPATH\Config\Routes\UserRoutes.php(49): CodeIgniter\Router\RouteCollection->match([...], 'submit_review', 'ClientController::submit_review', [...])
 3 APPPATH\Config\Routes\UserRoutes.php(26): App\Config\Routes\UserRoutes::defineRoutes(Object(CodeIgniter\Router\RouteCollection))
 4 SYSTEMPATH\Router\RouteCollection.php(800): App\Config\Routes\UserRoutes::App\Config\Routes\{closure}(Object(CodeIgniter\Router\RouteCollection))
 5 APPPATH\Config\Routes\UserRoutes.php(25): CodeIgniter\Router\RouteCollection->group('{locale}', Object(Closure))
 6 APPPATH\Config\Routes.php(21): App\Config\Routes\UserRoutes::init(Object(CodeIgniter\Router\RouteCollection))
 7 SYSTEMPATH\Router\RouteCollection.php(340): require('C:\\xampp\\htdocs\\smartstore\\app\\Config\\Routes.php')
 8 SYSTEMPATH\CodeIgniter.php(823): CodeIgniter\Router\RouteCollection->loadRoutes()
 9 SYSTEMPATH\CodeIgniter.php(457): CodeIgniter\CodeIgniter->tryToRouteIt(null)
10 SYSTEMPATH\CodeIgniter.php(355): CodeIgniter\CodeIgniter->handleRequest(null, Object(Config\Cache), false)
11 SYSTEMPATH\Boot.php(325): CodeIgniter\CodeIgniter->run()
12 SYSTEMPATH\Boot.php(67): CodeIgniter\Boot::runCodeIgniter(Object(CodeIgniter\CodeIgniter))
13 FCPATH\index.php(63): CodeIgniter\Boot::bootWeb(Object(Config\Paths))
WARNING - 2025-06-09 14:57:22 --> [DEPRECATED] Passing lowercase HTTP method "post" is deprecated. Use uppercase HTTP method like "POST". in SYSTEMPATH\Router\RouteCollection.php on line 1027.
 1 SYSTEMPATH\Router\RouteCollection.php(1027): trigger_error('Passing lowercase HTTP method "post" is deprecated. Use uppercase HTTP method like "POST".', 16384)
 2 APPPATH\Config\Routes\UserRoutes.php(49): CodeIgniter\Router\RouteCollection->match([...], 'submit_review', 'ClientController::submit_review', [...])
 3 APPPATH\Config\Routes\UserRoutes.php(26): App\Config\Routes\UserRoutes::defineRoutes(Object(CodeIgniter\Router\RouteCollection))
 4 SYSTEMPATH\Router\RouteCollection.php(800): App\Config\Routes\UserRoutes::App\Config\Routes\{closure}(Object(CodeIgniter\Router\RouteCollection))
 5 APPPATH\Config\Routes\UserRoutes.php(25): CodeIgniter\Router\RouteCollection->group('{locale}', Object(Closure))
 6 APPPATH\Config\Routes.php(21): App\Config\Routes\UserRoutes::init(Object(CodeIgniter\Router\RouteCollection))
 7 SYSTEMPATH\Router\RouteCollection.php(340): require('C:\\xampp\\htdocs\\smartstore\\app\\Config\\Routes.php')
 8 SYSTEMPATH\CodeIgniter.php(823): CodeIgniter\Router\RouteCollection->loadRoutes()
 9 SYSTEMPATH\CodeIgniter.php(457): CodeIgniter\CodeIgniter->tryToRouteIt(null)
10 SYSTEMPATH\CodeIgniter.php(355): CodeIgniter\CodeIgniter->handleRequest(null, Object(Config\Cache), false)
11 SYSTEMPATH\Boot.php(325): CodeIgniter\CodeIgniter->run()
12 SYSTEMPATH\Boot.php(67): CodeIgniter\Boot::runCodeIgniter(Object(CodeIgniter\CodeIgniter))
13 FCPATH\index.php(63): CodeIgniter\Boot::bootWeb(Object(Config\Paths))
WARNING - 2025-06-09 14:57:22 --> [DEPRECATED] Passing lowercase HTTP method "get" is deprecated. Use uppercase HTTP method like "GET". in SYSTEMPATH\Router\RouteCollection.php on line 1027.
 1 SYSTEMPATH\Router\RouteCollection.php(1027): trigger_error('Passing lowercase HTTP method "get" is deprecated. Use uppercase HTTP method like "GET".', 16384)
 2 APPPATH\Config\Routes\UserRoutes.php(63): CodeIgniter\Router\RouteCollection->match([...], 'track-order', 'OrderController::track_order', [...])
 3 APPPATH\Config\Routes\UserRoutes.php(26): App\Config\Routes\UserRoutes::defineRoutes(Object(CodeIgniter\Router\RouteCollection))
 4 SYSTEMPATH\Router\RouteCollection.php(800): App\Config\Routes\UserRoutes::App\Config\Routes\{closure}(Object(CodeIgniter\Router\RouteCollection))
 5 APPPATH\Config\Routes\UserRoutes.php(25): CodeIgniter\Router\RouteCollection->group('{locale}', Object(Closure))
 6 APPPATH\Config\Routes.php(21): App\Config\Routes\UserRoutes::init(Object(CodeIgniter\Router\RouteCollection))
 7 SYSTEMPATH\Router\RouteCollection.php(340): require('C:\\xampp\\htdocs\\smartstore\\app\\Config\\Routes.php')
 8 SYSTEMPATH\CodeIgniter.php(823): CodeIgniter\Router\RouteCollection->loadRoutes()
 9 SYSTEMPATH\CodeIgniter.php(457): CodeIgniter\CodeIgniter->tryToRouteIt(null)
10 SYSTEMPATH\CodeIgniter.php(355): CodeIgniter\CodeIgniter->handleRequest(null, Object(Config\Cache), false)
11 SYSTEMPATH\Boot.php(325): CodeIgniter\CodeIgniter->run()
12 SYSTEMPATH\Boot.php(67): CodeIgniter\Boot::runCodeIgniter(Object(CodeIgniter\CodeIgniter))
13 FCPATH\index.php(63): CodeIgniter\Boot::bootWeb(Object(Config\Paths))
WARNING - 2025-06-09 14:57:22 --> [DEPRECATED] Passing lowercase HTTP method "post" is deprecated. Use uppercase HTTP method like "POST". in SYSTEMPATH\Router\RouteCollection.php on line 1027.
 1 SYSTEMPATH\Router\RouteCollection.php(1027): trigger_error('Passing lowercase HTTP method "post" is deprecated. Use uppercase HTTP method like "POST".', 16384)
 2 APPPATH\Config\Routes\UserRoutes.php(63): CodeIgniter\Router\RouteCollection->match([...], 'track-order', 'OrderController::track_order', [...])
 3 APPPATH\Config\Routes\UserRoutes.php(26): App\Config\Routes\UserRoutes::defineRoutes(Object(CodeIgniter\Router\RouteCollection))
 4 SYSTEMPATH\Router\RouteCollection.php(800): App\Config\Routes\UserRoutes::App\Config\Routes\{closure}(Object(CodeIgniter\Router\RouteCollection))
 5 APPPATH\Config\Routes\UserRoutes.php(25): CodeIgniter\Router\RouteCollection->group('{locale}', Object(Closure))
 6 APPPATH\Config\Routes.php(21): App\Config\Routes\UserRoutes::init(Object(CodeIgniter\Router\RouteCollection))
 7 SYSTEMPATH\Router\RouteCollection.php(340): require('C:\\xampp\\htdocs\\smartstore\\app\\Config\\Routes.php')
 8 SYSTEMPATH\CodeIgniter.php(823): CodeIgniter\Router\RouteCollection->loadRoutes()
 9 SYSTEMPATH\CodeIgniter.php(457): CodeIgniter\CodeIgniter->tryToRouteIt(null)
10 SYSTEMPATH\CodeIgniter.php(355): CodeIgniter\CodeIgniter->handleRequest(null, Object(Config\Cache), false)
11 SYSTEMPATH\Boot.php(325): CodeIgniter\CodeIgniter->run()
12 SYSTEMPATH\Boot.php(67): CodeIgniter\Boot::runCodeIgniter(Object(CodeIgniter\CodeIgniter))
13 FCPATH\index.php(63): CodeIgniter\Boot::bootWeb(Object(Config\Paths))
INFO - 2025-06-09 14:57:22 --> Session: Class initialized using 'CodeIgniter\Session\Handlers\FileHandler' driver.
WARNING - 2025-06-09 14:57:22 --> [DEPRECATED] Creation of dynamic property App\Controllers\Public\PageController::$load_files is deprecated in APPPATH\Controllers\Public\PageController.php on line 21.
 1 SYSTEMPATH\CodeIgniter.php(903): App\Controllers\Public\PageController->__construct()
 2 SYSTEMPATH\CodeIgniter.php(500): CodeIgniter\CodeIgniter->createController()
 3 SYSTEMPATH\CodeIgniter.php(355): CodeIgniter\CodeIgniter->handleRequest(null, Object(Config\Cache), false)
 4 SYSTEMPATH\Boot.php(325): CodeIgniter\CodeIgniter->run()
 5 SYSTEMPATH\Boot.php(67): CodeIgniter\Boot::runCodeIgniter(Object(CodeIgniter\CodeIgniter))
 6 FCPATH\index.php(63): CodeIgniter\Boot::bootWeb(Object(Config\Paths))
WARNING - 2025-06-09 14:57:22 --> [DEPRECATED] Creation of dynamic property App\Controllers\Public\PageController::$page_title is deprecated in APPPATH\Controllers\Public\PageController.php on line 22.
 1 SYSTEMPATH\CodeIgniter.php(903): App\Controllers\Public\PageController->__construct()
 2 SYSTEMPATH\CodeIgniter.php(500): CodeIgniter\CodeIgniter->createController()
 3 SYSTEMPATH\CodeIgniter.php(355): CodeIgniter\CodeIgniter->handleRequest(null, Object(Config\Cache), false)
 4 SYSTEMPATH\Boot.php(325): CodeIgniter\CodeIgniter->run()
 5 SYSTEMPATH\Boot.php(67): CodeIgniter\Boot::runCodeIgniter(Object(CodeIgniter\CodeIgniter))
 6 FCPATH\index.php(63): CodeIgniter\Boot::bootWeb(Object(Config\Paths))
WARNING - 2025-06-09 14:58:42 --> [DEPRECATED] Passing lowercase HTTP method "get" is deprecated. Use uppercase HTTP method like "GET". in SYSTEMPATH\Router\RouteCollection.php on line 1027.
 1 SYSTEMPATH\Router\RouteCollection.php(1027): trigger_error('Passing lowercase HTTP method "get" is deprecated. Use uppercase HTTP method like "GET".', 16384)
 2 APPPATH\Config\Routes\AdminRoutes.php(65): CodeIgniter\Router\RouteCollection->match([...], 'send_test_mail', 'SettingsController::send_test_mail')
 3 SYSTEMPATH\Router\RouteCollection.php(800): App\Config\Routes\AdminRoutes::App\Config\Routes\{closure}(Object(CodeIgniter\Router\RouteCollection))
 4 APPPATH\Config\Routes\AdminRoutes.php(63): CodeIgniter\Router\RouteCollection->group('settings', [...], Object(Closure))
 5 SYSTEMPATH\Router\RouteCollection.php(800): App\Config\Routes\AdminRoutes::App\Config\Routes\{closure}(Object(CodeIgniter\Router\RouteCollection))
 6 APPPATH\Config\Routes\AdminRoutes.php(28): CodeIgniter\Router\RouteCollection->group('admin', [...], Object(Closure))
 7 APPPATH\Config\Routes.php(20): App\Config\Routes\AdminRoutes::init(Object(CodeIgniter\Router\RouteCollection))
 8 SYSTEMPATH\Router\RouteCollection.php(340): require('C:\\xampp\\htdocs\\smartstore\\app\\Config\\Routes.php')
 9 SYSTEMPATH\CodeIgniter.php(823): CodeIgniter\Router\RouteCollection->loadRoutes()
10 SYSTEMPATH\CodeIgniter.php(457): CodeIgniter\CodeIgniter->tryToRouteIt(null)
11 SYSTEMPATH\CodeIgniter.php(355): CodeIgniter\CodeIgniter->handleRequest(null, Object(Config\Cache), false)
12 SYSTEMPATH\Boot.php(325): CodeIgniter\CodeIgniter->run()
13 SYSTEMPATH\Boot.php(67): CodeIgniter\Boot::runCodeIgniter(Object(CodeIgniter\CodeIgniter))
14 FCPATH\index.php(63): CodeIgniter\Boot::bootWeb(Object(Config\Paths))
WARNING - 2025-06-09 14:58:42 --> [DEPRECATED] Passing lowercase HTTP method "post" is deprecated. Use uppercase HTTP method like "POST". in SYSTEMPATH\Router\RouteCollection.php on line 1027.
 1 SYSTEMPATH\Router\RouteCollection.php(1027): trigger_error('Passing lowercase HTTP method "post" is deprecated. Use uppercase HTTP method like "POST".', 16384)
 2 APPPATH\Config\Routes\AdminRoutes.php(65): CodeIgniter\Router\RouteCollection->match([...], 'send_test_mail', 'SettingsController::send_test_mail')
 3 SYSTEMPATH\Router\RouteCollection.php(800): App\Config\Routes\AdminRoutes::App\Config\Routes\{closure}(Object(CodeIgniter\Router\RouteCollection))
 4 APPPATH\Config\Routes\AdminRoutes.php(63): CodeIgniter\Router\RouteCollection->group('settings', [...], Object(Closure))
 5 SYSTEMPATH\Router\RouteCollection.php(800): App\Config\Routes\AdminRoutes::App\Config\Routes\{closure}(Object(CodeIgniter\Router\RouteCollection))
 6 APPPATH\Config\Routes\AdminRoutes.php(28): CodeIgniter\Router\RouteCollection->group('admin', [...], Object(Closure))
 7 APPPATH\Config\Routes.php(20): App\Config\Routes\AdminRoutes::init(Object(CodeIgniter\Router\RouteCollection))
 8 SYSTEMPATH\Router\RouteCollection.php(340): require('C:\\xampp\\htdocs\\smartstore\\app\\Config\\Routes.php')
 9 SYSTEMPATH\CodeIgniter.php(823): CodeIgniter\Router\RouteCollection->loadRoutes()
10 SYSTEMPATH\CodeIgniter.php(457): CodeIgniter\CodeIgniter->tryToRouteIt(null)
11 SYSTEMPATH\CodeIgniter.php(355): CodeIgniter\CodeIgniter->handleRequest(null, Object(Config\Cache), false)
12 SYSTEMPATH\Boot.php(325): CodeIgniter\CodeIgniter->run()
13 SYSTEMPATH\Boot.php(67): CodeIgniter\Boot::runCodeIgniter(Object(CodeIgniter\CodeIgniter))
14 FCPATH\index.php(63): CodeIgniter\Boot::bootWeb(Object(Config\Paths))
WARNING - 2025-06-09 14:58:42 --> [DEPRECATED] Passing lowercase HTTP method "get" is deprecated. Use uppercase HTTP method like "GET". in SYSTEMPATH\Router\RouteCollection.php on line 1027.
 1 SYSTEMPATH\Router\RouteCollection.php(1027): trigger_error('Passing lowercase HTTP method "get" is deprecated. Use uppercase HTTP method like "GET".', 16384)
 2 APPPATH\Config\Routes\AdminRoutes.php(76): CodeIgniter\Router\RouteCollection->match([...], 'elfinder_connector', 'FilemanagerController::elfinder_connector')
 3 SYSTEMPATH\Router\RouteCollection.php(800): App\Config\Routes\AdminRoutes::App\Config\Routes\{closure}(Object(CodeIgniter\Router\RouteCollection))
 4 APPPATH\Config\Routes\AdminRoutes.php(73): CodeIgniter\Router\RouteCollection->group('filemanager', [...], Object(Closure))
 5 SYSTEMPATH\Router\RouteCollection.php(800): App\Config\Routes\AdminRoutes::App\Config\Routes\{closure}(Object(CodeIgniter\Router\RouteCollection))
 6 APPPATH\Config\Routes\AdminRoutes.php(28): CodeIgniter\Router\RouteCollection->group('admin', [...], Object(Closure))
 7 APPPATH\Config\Routes.php(20): App\Config\Routes\AdminRoutes::init(Object(CodeIgniter\Router\RouteCollection))
 8 SYSTEMPATH\Router\RouteCollection.php(340): require('C:\\xampp\\htdocs\\smartstore\\app\\Config\\Routes.php')
 9 SYSTEMPATH\CodeIgniter.php(823): CodeIgniter\Router\RouteCollection->loadRoutes()
10 SYSTEMPATH\CodeIgniter.php(457): CodeIgniter\CodeIgniter->tryToRouteIt(null)
11 SYSTEMPATH\CodeIgniter.php(355): CodeIgniter\CodeIgniter->handleRequest(null, Object(Config\Cache), false)
12 SYSTEMPATH\Boot.php(325): CodeIgniter\CodeIgniter->run()
13 SYSTEMPATH\Boot.php(67): CodeIgniter\Boot::runCodeIgniter(Object(CodeIgniter\CodeIgniter))
14 FCPATH\index.php(63): CodeIgniter\Boot::bootWeb(Object(Config\Paths))
WARNING - 2025-06-09 14:58:42 --> [DEPRECATED] Passing lowercase HTTP method "post" is deprecated. Use uppercase HTTP method like "POST". in SYSTEMPATH\Router\RouteCollection.php on line 1027.
 1 SYSTEMPATH\Router\RouteCollection.php(1027): trigger_error('Passing lowercase HTTP method "post" is deprecated. Use uppercase HTTP method like "POST".', 16384)
 2 APPPATH\Config\Routes\AdminRoutes.php(76): CodeIgniter\Router\RouteCollection->match([...], 'elfinder_connector', 'FilemanagerController::elfinder_connector')
 3 SYSTEMPATH\Router\RouteCollection.php(800): App\Config\Routes\AdminRoutes::App\Config\Routes\{closure}(Object(CodeIgniter\Router\RouteCollection))
 4 APPPATH\Config\Routes\AdminRoutes.php(73): CodeIgniter\Router\RouteCollection->group('filemanager', [...], Object(Closure))
 5 SYSTEMPATH\Router\RouteCollection.php(800): App\Config\Routes\AdminRoutes::App\Config\Routes\{closure}(Object(CodeIgniter\Router\RouteCollection))
 6 APPPATH\Config\Routes\AdminRoutes.php(28): CodeIgniter\Router\RouteCollection->group('admin', [...], Object(Closure))
 7 APPPATH\Config\Routes.php(20): App\Config\Routes\AdminRoutes::init(Object(CodeIgniter\Router\RouteCollection))
 8 SYSTEMPATH\Router\RouteCollection.php(340): require('C:\\xampp\\htdocs\\smartstore\\app\\Config\\Routes.php')
 9 SYSTEMPATH\CodeIgniter.php(823): CodeIgniter\Router\RouteCollection->loadRoutes()
10 SYSTEMPATH\CodeIgniter.php(457): CodeIgniter\CodeIgniter->tryToRouteIt(null)
11 SYSTEMPATH\CodeIgniter.php(355): CodeIgniter\CodeIgniter->handleRequest(null, Object(Config\Cache), false)
12 SYSTEMPATH\Boot.php(325): CodeIgniter\CodeIgniter->run()
13 SYSTEMPATH\Boot.php(67): CodeIgniter\Boot::runCodeIgniter(Object(CodeIgniter\CodeIgniter))
14 FCPATH\index.php(63): CodeIgniter\Boot::bootWeb(Object(Config\Paths))
WARNING - 2025-06-09 14:58:42 --> [DEPRECATED] Passing lowercase HTTP method "get" is deprecated. Use uppercase HTTP method like "GET". in SYSTEMPATH\Router\RouteCollection.php on line 1027.
 1 SYSTEMPATH\Router\RouteCollection.php(1027): trigger_error('Passing lowercase HTTP method "get" is deprecated. Use uppercase HTTP method like "GET".', 16384)
 2 APPPATH\Config\Routes\AdminRoutes.php(172): CodeIgniter\Router\RouteCollection->match([...], 'sync_services/?(:num)?', 'ProvidersController::sync_services/$1')
 3 SYSTEMPATH\Router\RouteCollection.php(800): App\Config\Routes\AdminRoutes::App\Config\Routes\{closure}(Object(CodeIgniter\Router\RouteCollection))
 4 APPPATH\Config\Routes\AdminRoutes.php(167): CodeIgniter\Router\RouteCollection->group('providers', [...], Object(Closure))
 5 SYSTEMPATH\Router\RouteCollection.php(800): App\Config\Routes\AdminRoutes::App\Config\Routes\{closure}(Object(CodeIgniter\Router\RouteCollection))
 6 APPPATH\Config\Routes\AdminRoutes.php(28): CodeIgniter\Router\RouteCollection->group('admin', [...], Object(Closure))
 7 APPPATH\Config\Routes.php(20): App\Config\Routes\AdminRoutes::init(Object(CodeIgniter\Router\RouteCollection))
 8 SYSTEMPATH\Router\RouteCollection.php(340): require('C:\\xampp\\htdocs\\smartstore\\app\\Config\\Routes.php')
 9 SYSTEMPATH\CodeIgniter.php(823): CodeIgniter\Router\RouteCollection->loadRoutes()
10 SYSTEMPATH\CodeIgniter.php(457): CodeIgniter\CodeIgniter->tryToRouteIt(null)
11 SYSTEMPATH\CodeIgniter.php(355): CodeIgniter\CodeIgniter->handleRequest(null, Object(Config\Cache), false)
12 SYSTEMPATH\Boot.php(325): CodeIgniter\CodeIgniter->run()
13 SYSTEMPATH\Boot.php(67): CodeIgniter\Boot::runCodeIgniter(Object(CodeIgniter\CodeIgniter))
14 FCPATH\index.php(63): CodeIgniter\Boot::bootWeb(Object(Config\Paths))
WARNING - 2025-06-09 14:58:42 --> [DEPRECATED] Passing lowercase HTTP method "post" is deprecated. Use uppercase HTTP method like "POST". in SYSTEMPATH\Router\RouteCollection.php on line 1027.
 1 SYSTEMPATH\Router\RouteCollection.php(1027): trigger_error('Passing lowercase HTTP method "post" is deprecated. Use uppercase HTTP method like "POST".', 16384)
 2 APPPATH\Config\Routes\AdminRoutes.php(172): CodeIgniter\Router\RouteCollection->match([...], 'sync_services/?(:num)?', 'ProvidersController::sync_services/$1')
 3 SYSTEMPATH\Router\RouteCollection.php(800): App\Config\Routes\AdminRoutes::App\Config\Routes\{closure}(Object(CodeIgniter\Router\RouteCollection))
 4 APPPATH\Config\Routes\AdminRoutes.php(167): CodeIgniter\Router\RouteCollection->group('providers', [...], Object(Closure))
 5 SYSTEMPATH\Router\RouteCollection.php(800): App\Config\Routes\AdminRoutes::App\Config\Routes\{closure}(Object(CodeIgniter\Router\RouteCollection))
 6 APPPATH\Config\Routes\AdminRoutes.php(28): CodeIgniter\Router\RouteCollection->group('admin', [...], Object(Closure))
 7 APPPATH\Config\Routes.php(20): App\Config\Routes\AdminRoutes::init(Object(CodeIgniter\Router\RouteCollection))
 8 SYSTEMPATH\Router\RouteCollection.php(340): require('C:\\xampp\\htdocs\\smartstore\\app\\Config\\Routes.php')
 9 SYSTEMPATH\CodeIgniter.php(823): CodeIgniter\Router\RouteCollection->loadRoutes()
10 SYSTEMPATH\CodeIgniter.php(457): CodeIgniter\CodeIgniter->tryToRouteIt(null)
11 SYSTEMPATH\CodeIgniter.php(355): CodeIgniter\CodeIgniter->handleRequest(null, Object(Config\Cache), false)
12 SYSTEMPATH\Boot.php(325): CodeIgniter\CodeIgniter->run()
13 SYSTEMPATH\Boot.php(67): CodeIgniter\Boot::runCodeIgniter(Object(CodeIgniter\CodeIgniter))
14 FCPATH\index.php(63): CodeIgniter\Boot::bootWeb(Object(Config\Paths))
WARNING - 2025-06-09 14:58:42 --> [DEPRECATED] Passing lowercase HTTP method "get" is deprecated. Use uppercase HTTP method like "GET". in SYSTEMPATH\Router\RouteCollection.php on line 1027.
 1 SYSTEMPATH\Router\RouteCollection.php(1027): trigger_error('Passing lowercase HTTP method "get" is deprecated. Use uppercase HTTP method like "GET".', 16384)
 2 APPPATH\Config\Routes\AdminRoutes.php(185): CodeIgniter\Router\RouteCollection->match([...], 'add_note/?(:num)?', 'UsersController::add_note/$1')
 3 SYSTEMPATH\Router\RouteCollection.php(800): App\Config\Routes\AdminRoutes::App\Config\Routes\{closure}(Object(CodeIgniter\Router\RouteCollection))
 4 APPPATH\Config\Routes\AdminRoutes.php(182): CodeIgniter\Router\RouteCollection->group('users', [...], Object(Closure))
 5 SYSTEMPATH\Router\RouteCollection.php(800): App\Config\Routes\AdminRoutes::App\Config\Routes\{closure}(Object(CodeIgniter\Router\RouteCollection))
 6 APPPATH\Config\Routes\AdminRoutes.php(28): CodeIgniter\Router\RouteCollection->group('admin', [...], Object(Closure))
 7 APPPATH\Config\Routes.php(20): App\Config\Routes\AdminRoutes::init(Object(CodeIgniter\Router\RouteCollection))
 8 SYSTEMPATH\Router\RouteCollection.php(340): require('C:\\xampp\\htdocs\\smartstore\\app\\Config\\Routes.php')
 9 SYSTEMPATH\CodeIgniter.php(823): CodeIgniter\Router\RouteCollection->loadRoutes()
10 SYSTEMPATH\CodeIgniter.php(457): CodeIgniter\CodeIgniter->tryToRouteIt(null)
11 SYSTEMPATH\CodeIgniter.php(355): CodeIgniter\CodeIgniter->handleRequest(null, Object(Config\Cache), false)
12 SYSTEMPATH\Boot.php(325): CodeIgniter\CodeIgniter->run()
13 SYSTEMPATH\Boot.php(67): CodeIgniter\Boot::runCodeIgniter(Object(CodeIgniter\CodeIgniter))
14 FCPATH\index.php(63): CodeIgniter\Boot::bootWeb(Object(Config\Paths))
WARNING - 2025-06-09 14:58:42 --> [DEPRECATED] Passing lowercase HTTP method "post" is deprecated. Use uppercase HTTP method like "POST". in SYSTEMPATH\Router\RouteCollection.php on line 1027.
 1 SYSTEMPATH\Router\RouteCollection.php(1027): trigger_error('Passing lowercase HTTP method "post" is deprecated. Use uppercase HTTP method like "POST".', 16384)
 2 APPPATH\Config\Routes\AdminRoutes.php(185): CodeIgniter\Router\RouteCollection->match([...], 'add_note/?(:num)?', 'UsersController::add_note/$1')
 3 SYSTEMPATH\Router\RouteCollection.php(800): App\Config\Routes\AdminRoutes::App\Config\Routes\{closure}(Object(CodeIgniter\Router\RouteCollection))
 4 APPPATH\Config\Routes\AdminRoutes.php(182): CodeIgniter\Router\RouteCollection->group('users', [...], Object(Closure))
 5 SYSTEMPATH\Router\RouteCollection.php(800): App\Config\Routes\AdminRoutes::App\Config\Routes\{closure}(Object(CodeIgniter\Router\RouteCollection))
 6 APPPATH\Config\Routes\AdminRoutes.php(28): CodeIgniter\Router\RouteCollection->group('admin', [...], Object(Closure))
 7 APPPATH\Config\Routes.php(20): App\Config\Routes\AdminRoutes::init(Object(CodeIgniter\Router\RouteCollection))
 8 SYSTEMPATH\Router\RouteCollection.php(340): require('C:\\xampp\\htdocs\\smartstore\\app\\Config\\Routes.php')
 9 SYSTEMPATH\CodeIgniter.php(823): CodeIgniter\Router\RouteCollection->loadRoutes()
10 SYSTEMPATH\CodeIgniter.php(457): CodeIgniter\CodeIgniter->tryToRouteIt(null)
11 SYSTEMPATH\CodeIgniter.php(355): CodeIgniter\CodeIgniter->handleRequest(null, Object(Config\Cache), false)
12 SYSTEMPATH\Boot.php(325): CodeIgniter\CodeIgniter->run()
13 SYSTEMPATH\Boot.php(67): CodeIgniter\Boot::runCodeIgniter(Object(CodeIgniter\CodeIgniter))
14 FCPATH\index.php(63): CodeIgniter\Boot::bootWeb(Object(Config\Paths))
WARNING - 2025-06-09 14:58:42 --> [DEPRECATED] Passing lowercase HTTP method "get" is deprecated. Use uppercase HTTP method like "GET". in SYSTEMPATH\Router\RouteCollection.php on line 1027.
 1 SYSTEMPATH\Router\RouteCollection.php(1027): trigger_error('Passing lowercase HTTP method "get" is deprecated. Use uppercase HTTP method like "GET".', 16384)
 2 APPPATH\Config\Routes\AdminRoutes.php(186): CodeIgniter\Router\RouteCollection->match([...], 'send_mail/?(:num)?', 'UsersController::send_mail/$1')
 3 SYSTEMPATH\Router\RouteCollection.php(800): App\Config\Routes\AdminRoutes::App\Config\Routes\{closure}(Object(CodeIgniter\Router\RouteCollection))
 4 APPPATH\Config\Routes\AdminRoutes.php(182): CodeIgniter\Router\RouteCollection->group('users', [...], Object(Closure))
 5 SYSTEMPATH\Router\RouteCollection.php(800): App\Config\Routes\AdminRoutes::App\Config\Routes\{closure}(Object(CodeIgniter\Router\RouteCollection))
 6 APPPATH\Config\Routes\AdminRoutes.php(28): CodeIgniter\Router\RouteCollection->group('admin', [...], Object(Closure))
 7 APPPATH\Config\Routes.php(20): App\Config\Routes\AdminRoutes::init(Object(CodeIgniter\Router\RouteCollection))
 8 SYSTEMPATH\Router\RouteCollection.php(340): require('C:\\xampp\\htdocs\\smartstore\\app\\Config\\Routes.php')
 9 SYSTEMPATH\CodeIgniter.php(823): CodeIgniter\Router\RouteCollection->loadRoutes()
10 SYSTEMPATH\CodeIgniter.php(457): CodeIgniter\CodeIgniter->tryToRouteIt(null)
11 SYSTEMPATH\CodeIgniter.php(355): CodeIgniter\CodeIgniter->handleRequest(null, Object(Config\Cache), false)
12 SYSTEMPATH\Boot.php(325): CodeIgniter\CodeIgniter->run()
13 SYSTEMPATH\Boot.php(67): CodeIgniter\Boot::runCodeIgniter(Object(CodeIgniter\CodeIgniter))
14 FCPATH\index.php(63): CodeIgniter\Boot::bootWeb(Object(Config\Paths))
WARNING - 2025-06-09 14:58:42 --> [DEPRECATED] Passing lowercase HTTP method "post" is deprecated. Use uppercase HTTP method like "POST". in SYSTEMPATH\Router\RouteCollection.php on line 1027.
 1 SYSTEMPATH\Router\RouteCollection.php(1027): trigger_error('Passing lowercase HTTP method "post" is deprecated. Use uppercase HTTP method like "POST".', 16384)
 2 APPPATH\Config\Routes\AdminRoutes.php(186): CodeIgniter\Router\RouteCollection->match([...], 'send_mail/?(:num)?', 'UsersController::send_mail/$1')
 3 SYSTEMPATH\Router\RouteCollection.php(800): App\Config\Routes\AdminRoutes::App\Config\Routes\{closure}(Object(CodeIgniter\Router\RouteCollection))
 4 APPPATH\Config\Routes\AdminRoutes.php(182): CodeIgniter\Router\RouteCollection->group('users', [...], Object(Closure))
 5 SYSTEMPATH\Router\RouteCollection.php(800): App\Config\Routes\AdminRoutes::App\Config\Routes\{closure}(Object(CodeIgniter\Router\RouteCollection))
 6 APPPATH\Config\Routes\AdminRoutes.php(28): CodeIgniter\Router\RouteCollection->group('admin', [...], Object(Closure))
 7 APPPATH\Config\Routes.php(20): App\Config\Routes\AdminRoutes::init(Object(CodeIgniter\Router\RouteCollection))
 8 SYSTEMPATH\Router\RouteCollection.php(340): require('C:\\xampp\\htdocs\\smartstore\\app\\Config\\Routes.php')
 9 SYSTEMPATH\CodeIgniter.php(823): CodeIgniter\Router\RouteCollection->loadRoutes()
10 SYSTEMPATH\CodeIgniter.php(457): CodeIgniter\CodeIgniter->tryToRouteIt(null)
11 SYSTEMPATH\CodeIgniter.php(355): CodeIgniter\CodeIgniter->handleRequest(null, Object(Config\Cache), false)
12 SYSTEMPATH\Boot.php(325): CodeIgniter\CodeIgniter->run()
13 SYSTEMPATH\Boot.php(67): CodeIgniter\Boot::runCodeIgniter(Object(CodeIgniter\CodeIgniter))
14 FCPATH\index.php(63): CodeIgniter\Boot::bootWeb(Object(Config\Paths))
WARNING - 2025-06-09 14:58:42 --> [DEPRECATED] Passing lowercase HTTP method "get" is deprecated. Use uppercase HTTP method like "GET". in SYSTEMPATH\Router\RouteCollection.php on line 1027.
 1 SYSTEMPATH\Router\RouteCollection.php(1027): trigger_error('Passing lowercase HTTP method "get" is deprecated. Use uppercase HTTP method like "GET".', 16384)
 2 APPPATH\Config\Routes\AdminRoutes.php(215): CodeIgniter\Router\RouteCollection->match([...], 'send_mail/?(:num)?', 'TicketsController::send_mail/$1')
 3 SYSTEMPATH\Router\RouteCollection.php(800): App\Config\Routes\AdminRoutes::App\Config\Routes\{closure}(Object(CodeIgniter\Router\RouteCollection))
 4 APPPATH\Config\Routes\AdminRoutes.php(212): CodeIgniter\Router\RouteCollection->group('tickets', [...], Object(Closure))
 5 SYSTEMPATH\Router\RouteCollection.php(800): App\Config\Routes\AdminRoutes::App\Config\Routes\{closure}(Object(CodeIgniter\Router\RouteCollection))
 6 APPPATH\Config\Routes\AdminRoutes.php(28): CodeIgniter\Router\RouteCollection->group('admin', [...], Object(Closure))
 7 APPPATH\Config\Routes.php(20): App\Config\Routes\AdminRoutes::init(Object(CodeIgniter\Router\RouteCollection))
 8 SYSTEMPATH\Router\RouteCollection.php(340): require('C:\\xampp\\htdocs\\smartstore\\app\\Config\\Routes.php')
 9 SYSTEMPATH\CodeIgniter.php(823): CodeIgniter\Router\RouteCollection->loadRoutes()
10 SYSTEMPATH\CodeIgniter.php(457): CodeIgniter\CodeIgniter->tryToRouteIt(null)
11 SYSTEMPATH\CodeIgniter.php(355): CodeIgniter\CodeIgniter->handleRequest(null, Object(Config\Cache), false)
12 SYSTEMPATH\Boot.php(325): CodeIgniter\CodeIgniter->run()
13 SYSTEMPATH\Boot.php(67): CodeIgniter\Boot::runCodeIgniter(Object(CodeIgniter\CodeIgniter))
14 FCPATH\index.php(63): CodeIgniter\Boot::bootWeb(Object(Config\Paths))
WARNING - 2025-06-09 14:58:42 --> [DEPRECATED] Passing lowercase HTTP method "post" is deprecated. Use uppercase HTTP method like "POST". in SYSTEMPATH\Router\RouteCollection.php on line 1027.
 1 SYSTEMPATH\Router\RouteCollection.php(1027): trigger_error('Passing lowercase HTTP method "post" is deprecated. Use uppercase HTTP method like "POST".', 16384)
 2 APPPATH\Config\Routes\AdminRoutes.php(215): CodeIgniter\Router\RouteCollection->match([...], 'send_mail/?(:num)?', 'TicketsController::send_mail/$1')
 3 SYSTEMPATH\Router\RouteCollection.php(800): App\Config\Routes\AdminRoutes::App\Config\Routes\{closure}(Object(CodeIgniter\Router\RouteCollection))
 4 APPPATH\Config\Routes\AdminRoutes.php(212): CodeIgniter\Router\RouteCollection->group('tickets', [...], Object(Closure))
 5 SYSTEMPATH\Router\RouteCollection.php(800): App\Config\Routes\AdminRoutes::App\Config\Routes\{closure}(Object(CodeIgniter\Router\RouteCollection))
 6 APPPATH\Config\Routes\AdminRoutes.php(28): CodeIgniter\Router\RouteCollection->group('admin', [...], Object(Closure))
 7 APPPATH\Config\Routes.php(20): App\Config\Routes\AdminRoutes::init(Object(CodeIgniter\Router\RouteCollection))
 8 SYSTEMPATH\Router\RouteCollection.php(340): require('C:\\xampp\\htdocs\\smartstore\\app\\Config\\Routes.php')
 9 SYSTEMPATH\CodeIgniter.php(823): CodeIgniter\Router\RouteCollection->loadRoutes()
10 SYSTEMPATH\CodeIgniter.php(457): CodeIgniter\CodeIgniter->tryToRouteIt(null)
11 SYSTEMPATH\CodeIgniter.php(355): CodeIgniter\CodeIgniter->handleRequest(null, Object(Config\Cache), false)
12 SYSTEMPATH\Boot.php(325): CodeIgniter\CodeIgniter->run()
13 SYSTEMPATH\Boot.php(67): CodeIgniter\Boot::runCodeIgniter(Object(CodeIgniter\CodeIgniter))
14 FCPATH\index.php(63): CodeIgniter\Boot::bootWeb(Object(Config\Paths))
WARNING - 2025-06-09 14:58:42 --> [DEPRECATED] Passing lowercase HTTP method "get" is deprecated. Use uppercase HTTP method like "GET". in SYSTEMPATH\Router\RouteCollection.php on line 1027.
 1 SYSTEMPATH\Router\RouteCollection.php(1027): trigger_error('Passing lowercase HTTP method "get" is deprecated. Use uppercase HTTP method like "GET".', 16384)
 2 APPPATH\Config\Routes\UserRoutes.php(49): CodeIgniter\Router\RouteCollection->match([...], 'submit_review', 'ClientController::submit_review', [...])
 3 APPPATH\Config\Routes\UserRoutes.php(23): App\Config\Routes\UserRoutes::defineRoutes(Object(CodeIgniter\Router\RouteCollection))
 4 APPPATH\Config\Routes.php(21): App\Config\Routes\UserRoutes::init(Object(CodeIgniter\Router\RouteCollection))
 5 SYSTEMPATH\Router\RouteCollection.php(340): require('C:\\xampp\\htdocs\\smartstore\\app\\Config\\Routes.php')
 6 SYSTEMPATH\CodeIgniter.php(823): CodeIgniter\Router\RouteCollection->loadRoutes()
 7 SYSTEMPATH\CodeIgniter.php(457): CodeIgniter\CodeIgniter->tryToRouteIt(null)
 8 SYSTEMPATH\CodeIgniter.php(355): CodeIgniter\CodeIgniter->handleRequest(null, Object(Config\Cache), false)
 9 SYSTEMPATH\Boot.php(325): CodeIgniter\CodeIgniter->run()
10 SYSTEMPATH\Boot.php(67): CodeIgniter\Boot::runCodeIgniter(Object(CodeIgniter\CodeIgniter))
11 FCPATH\index.php(63): CodeIgniter\Boot::bootWeb(Object(Config\Paths))
WARNING - 2025-06-09 14:58:42 --> [DEPRECATED] Passing lowercase HTTP method "post" is deprecated. Use uppercase HTTP method like "POST". in SYSTEMPATH\Router\RouteCollection.php on line 1027.
 1 SYSTEMPATH\Router\RouteCollection.php(1027): trigger_error('Passing lowercase HTTP method "post" is deprecated. Use uppercase HTTP method like "POST".', 16384)
 2 APPPATH\Config\Routes\UserRoutes.php(49): CodeIgniter\Router\RouteCollection->match([...], 'submit_review', 'ClientController::submit_review', [...])
 3 APPPATH\Config\Routes\UserRoutes.php(23): App\Config\Routes\UserRoutes::defineRoutes(Object(CodeIgniter\Router\RouteCollection))
 4 APPPATH\Config\Routes.php(21): App\Config\Routes\UserRoutes::init(Object(CodeIgniter\Router\RouteCollection))
 5 SYSTEMPATH\Router\RouteCollection.php(340): require('C:\\xampp\\htdocs\\smartstore\\app\\Config\\Routes.php')
 6 SYSTEMPATH\CodeIgniter.php(823): CodeIgniter\Router\RouteCollection->loadRoutes()
 7 SYSTEMPATH\CodeIgniter.php(457): CodeIgniter\CodeIgniter->tryToRouteIt(null)
 8 SYSTEMPATH\CodeIgniter.php(355): CodeIgniter\CodeIgniter->handleRequest(null, Object(Config\Cache), false)
 9 SYSTEMPATH\Boot.php(325): CodeIgniter\CodeIgniter->run()
10 SYSTEMPATH\Boot.php(67): CodeIgniter\Boot::runCodeIgniter(Object(CodeIgniter\CodeIgniter))
11 FCPATH\index.php(63): CodeIgniter\Boot::bootWeb(Object(Config\Paths))
WARNING - 2025-06-09 14:58:42 --> [DEPRECATED] Passing lowercase HTTP method "get" is deprecated. Use uppercase HTTP method like "GET". in SYSTEMPATH\Router\RouteCollection.php on line 1027.
 1 SYSTEMPATH\Router\RouteCollection.php(1027): trigger_error('Passing lowercase HTTP method "get" is deprecated. Use uppercase HTTP method like "GET".', 16384)
 2 APPPATH\Config\Routes\UserRoutes.php(63): CodeIgniter\Router\RouteCollection->match([...], 'track-order', 'OrderController::track_order', [...])
 3 APPPATH\Config\Routes\UserRoutes.php(23): App\Config\Routes\UserRoutes::defineRoutes(Object(CodeIgniter\Router\RouteCollection))
 4 APPPATH\Config\Routes.php(21): App\Config\Routes\UserRoutes::init(Object(CodeIgniter\Router\RouteCollection))
 5 SYSTEMPATH\Router\RouteCollection.php(340): require('C:\\xampp\\htdocs\\smartstore\\app\\Config\\Routes.php')
 6 SYSTEMPATH\CodeIgniter.php(823): CodeIgniter\Router\RouteCollection->loadRoutes()
 7 SYSTEMPATH\CodeIgniter.php(457): CodeIgniter\CodeIgniter->tryToRouteIt(null)
 8 SYSTEMPATH\CodeIgniter.php(355): CodeIgniter\CodeIgniter->handleRequest(null, Object(Config\Cache), false)
 9 SYSTEMPATH\Boot.php(325): CodeIgniter\CodeIgniter->run()
10 SYSTEMPATH\Boot.php(67): CodeIgniter\Boot::runCodeIgniter(Object(CodeIgniter\CodeIgniter))
11 FCPATH\index.php(63): CodeIgniter\Boot::bootWeb(Object(Config\Paths))
WARNING - 2025-06-09 14:58:42 --> [DEPRECATED] Passing lowercase HTTP method "post" is deprecated. Use uppercase HTTP method like "POST". in SYSTEMPATH\Router\RouteCollection.php on line 1027.
 1 SYSTEMPATH\Router\RouteCollection.php(1027): trigger_error('Passing lowercase HTTP method "post" is deprecated. Use uppercase HTTP method like "POST".', 16384)
 2 APPPATH\Config\Routes\UserRoutes.php(63): CodeIgniter\Router\RouteCollection->match([...], 'track-order', 'OrderController::track_order', [...])
 3 APPPATH\Config\Routes\UserRoutes.php(23): App\Config\Routes\UserRoutes::defineRoutes(Object(CodeIgniter\Router\RouteCollection))
 4 APPPATH\Config\Routes.php(21): App\Config\Routes\UserRoutes::init(Object(CodeIgniter\Router\RouteCollection))
 5 SYSTEMPATH\Router\RouteCollection.php(340): require('C:\\xampp\\htdocs\\smartstore\\app\\Config\\Routes.php')
 6 SYSTEMPATH\CodeIgniter.php(823): CodeIgniter\Router\RouteCollection->loadRoutes()
 7 SYSTEMPATH\CodeIgniter.php(457): CodeIgniter\CodeIgniter->tryToRouteIt(null)
 8 SYSTEMPATH\CodeIgniter.php(355): CodeIgniter\CodeIgniter->handleRequest(null, Object(Config\Cache), false)
 9 SYSTEMPATH\Boot.php(325): CodeIgniter\CodeIgniter->run()
10 SYSTEMPATH\Boot.php(67): CodeIgniter\Boot::runCodeIgniter(Object(CodeIgniter\CodeIgniter))
11 FCPATH\index.php(63): CodeIgniter\Boot::bootWeb(Object(Config\Paths))
WARNING - 2025-06-09 14:58:42 --> [DEPRECATED] Passing lowercase HTTP method "get" is deprecated. Use uppercase HTTP method like "GET". in SYSTEMPATH\Router\RouteCollection.php on line 1027.
 1 SYSTEMPATH\Router\RouteCollection.php(1027): trigger_error('Passing lowercase HTTP method "get" is deprecated. Use uppercase HTTP method like "GET".', 16384)
 2 APPPATH\Config\Routes\UserRoutes.php(49): CodeIgniter\Router\RouteCollection->match([...], 'submit_review', 'ClientController::submit_review', [...])
 3 APPPATH\Config\Routes\UserRoutes.php(26): App\Config\Routes\UserRoutes::defineRoutes(Object(CodeIgniter\Router\RouteCollection))
 4 SYSTEMPATH\Router\RouteCollection.php(800): App\Config\Routes\UserRoutes::App\Config\Routes\{closure}(Object(CodeIgniter\Router\RouteCollection))
 5 APPPATH\Config\Routes\UserRoutes.php(25): CodeIgniter\Router\RouteCollection->group('{locale}', Object(Closure))
 6 APPPATH\Config\Routes.php(21): App\Config\Routes\UserRoutes::init(Object(CodeIgniter\Router\RouteCollection))
 7 SYSTEMPATH\Router\RouteCollection.php(340): require('C:\\xampp\\htdocs\\smartstore\\app\\Config\\Routes.php')
 8 SYSTEMPATH\CodeIgniter.php(823): CodeIgniter\Router\RouteCollection->loadRoutes()
 9 SYSTEMPATH\CodeIgniter.php(457): CodeIgniter\CodeIgniter->tryToRouteIt(null)
10 SYSTEMPATH\CodeIgniter.php(355): CodeIgniter\CodeIgniter->handleRequest(null, Object(Config\Cache), false)
11 SYSTEMPATH\Boot.php(325): CodeIgniter\CodeIgniter->run()
12 SYSTEMPATH\Boot.php(67): CodeIgniter\Boot::runCodeIgniter(Object(CodeIgniter\CodeIgniter))
13 FCPATH\index.php(63): CodeIgniter\Boot::bootWeb(Object(Config\Paths))
WARNING - 2025-06-09 14:58:42 --> [DEPRECATED] Passing lowercase HTTP method "post" is deprecated. Use uppercase HTTP method like "POST". in SYSTEMPATH\Router\RouteCollection.php on line 1027.
 1 SYSTEMPATH\Router\RouteCollection.php(1027): trigger_error('Passing lowercase HTTP method "post" is deprecated. Use uppercase HTTP method like "POST".', 16384)
 2 APPPATH\Config\Routes\UserRoutes.php(49): CodeIgniter\Router\RouteCollection->match([...], 'submit_review', 'ClientController::submit_review', [...])
 3 APPPATH\Config\Routes\UserRoutes.php(26): App\Config\Routes\UserRoutes::defineRoutes(Object(CodeIgniter\Router\RouteCollection))
 4 SYSTEMPATH\Router\RouteCollection.php(800): App\Config\Routes\UserRoutes::App\Config\Routes\{closure}(Object(CodeIgniter\Router\RouteCollection))
 5 APPPATH\Config\Routes\UserRoutes.php(25): CodeIgniter\Router\RouteCollection->group('{locale}', Object(Closure))
 6 APPPATH\Config\Routes.php(21): App\Config\Routes\UserRoutes::init(Object(CodeIgniter\Router\RouteCollection))
 7 SYSTEMPATH\Router\RouteCollection.php(340): require('C:\\xampp\\htdocs\\smartstore\\app\\Config\\Routes.php')
 8 SYSTEMPATH\CodeIgniter.php(823): CodeIgniter\Router\RouteCollection->loadRoutes()
 9 SYSTEMPATH\CodeIgniter.php(457): CodeIgniter\CodeIgniter->tryToRouteIt(null)
10 SYSTEMPATH\CodeIgniter.php(355): CodeIgniter\CodeIgniter->handleRequest(null, Object(Config\Cache), false)
11 SYSTEMPATH\Boot.php(325): CodeIgniter\CodeIgniter->run()
12 SYSTEMPATH\Boot.php(67): CodeIgniter\Boot::runCodeIgniter(Object(CodeIgniter\CodeIgniter))
13 FCPATH\index.php(63): CodeIgniter\Boot::bootWeb(Object(Config\Paths))
WARNING - 2025-06-09 14:58:42 --> [DEPRECATED] Passing lowercase HTTP method "get" is deprecated. Use uppercase HTTP method like "GET". in SYSTEMPATH\Router\RouteCollection.php on line 1027.
 1 SYSTEMPATH\Router\RouteCollection.php(1027): trigger_error('Passing lowercase HTTP method "get" is deprecated. Use uppercase HTTP method like "GET".', 16384)
 2 APPPATH\Config\Routes\UserRoutes.php(63): CodeIgniter\Router\RouteCollection->match([...], 'track-order', 'OrderController::track_order', [...])
 3 APPPATH\Config\Routes\UserRoutes.php(26): App\Config\Routes\UserRoutes::defineRoutes(Object(CodeIgniter\Router\RouteCollection))
 4 SYSTEMPATH\Router\RouteCollection.php(800): App\Config\Routes\UserRoutes::App\Config\Routes\{closure}(Object(CodeIgniter\Router\RouteCollection))
 5 APPPATH\Config\Routes\UserRoutes.php(25): CodeIgniter\Router\RouteCollection->group('{locale}', Object(Closure))
 6 APPPATH\Config\Routes.php(21): App\Config\Routes\UserRoutes::init(Object(CodeIgniter\Router\RouteCollection))
 7 SYSTEMPATH\Router\RouteCollection.php(340): require('C:\\xampp\\htdocs\\smartstore\\app\\Config\\Routes.php')
 8 SYSTEMPATH\CodeIgniter.php(823): CodeIgniter\Router\RouteCollection->loadRoutes()
 9 SYSTEMPATH\CodeIgniter.php(457): CodeIgniter\CodeIgniter->tryToRouteIt(null)
10 SYSTEMPATH\CodeIgniter.php(355): CodeIgniter\CodeIgniter->handleRequest(null, Object(Config\Cache), false)
11 SYSTEMPATH\Boot.php(325): CodeIgniter\CodeIgniter->run()
12 SYSTEMPATH\Boot.php(67): CodeIgniter\Boot::runCodeIgniter(Object(CodeIgniter\CodeIgniter))
13 FCPATH\index.php(63): CodeIgniter\Boot::bootWeb(Object(Config\Paths))
WARNING - 2025-06-09 14:58:42 --> [DEPRECATED] Passing lowercase HTTP method "post" is deprecated. Use uppercase HTTP method like "POST". in SYSTEMPATH\Router\RouteCollection.php on line 1027.
 1 SYSTEMPATH\Router\RouteCollection.php(1027): trigger_error('Passing lowercase HTTP method "post" is deprecated. Use uppercase HTTP method like "POST".', 16384)
 2 APPPATH\Config\Routes\UserRoutes.php(63): CodeIgniter\Router\RouteCollection->match([...], 'track-order', 'OrderController::track_order', [...])
 3 APPPATH\Config\Routes\UserRoutes.php(26): App\Config\Routes\UserRoutes::defineRoutes(Object(CodeIgniter\Router\RouteCollection))
 4 SYSTEMPATH\Router\RouteCollection.php(800): App\Config\Routes\UserRoutes::App\Config\Routes\{closure}(Object(CodeIgniter\Router\RouteCollection))
 5 APPPATH\Config\Routes\UserRoutes.php(25): CodeIgniter\Router\RouteCollection->group('{locale}', Object(Closure))
 6 APPPATH\Config\Routes.php(21): App\Config\Routes\UserRoutes::init(Object(CodeIgniter\Router\RouteCollection))
 7 SYSTEMPATH\Router\RouteCollection.php(340): require('C:\\xampp\\htdocs\\smartstore\\app\\Config\\Routes.php')
 8 SYSTEMPATH\CodeIgniter.php(823): CodeIgniter\Router\RouteCollection->loadRoutes()
 9 SYSTEMPATH\CodeIgniter.php(457): CodeIgniter\CodeIgniter->tryToRouteIt(null)
10 SYSTEMPATH\CodeIgniter.php(355): CodeIgniter\CodeIgniter->handleRequest(null, Object(Config\Cache), false)
11 SYSTEMPATH\Boot.php(325): CodeIgniter\CodeIgniter->run()
12 SYSTEMPATH\Boot.php(67): CodeIgniter\Boot::runCodeIgniter(Object(CodeIgniter\CodeIgniter))
13 FCPATH\index.php(63): CodeIgniter\Boot::bootWeb(Object(Config\Paths))
CRITICAL - 2025-06-09 14:58:42 --> CodeIgniter\HTTP\Exceptions\BadRequestException: The URI you submitted has disallowed characters: "'.."
[Method: GET, Route: auth/controllers/%27../dashboardMenuContents/ticket.php%27]
in SYSTEMPATH\Router\Router.php on line 737.
 1 SYSTEMPATH\Router\Router.php(204): CodeIgniter\Router\Router->checkDisallowedChars('auth/controllers/\'../dashboardMenuContents/ticket.php\'')
 2 SYSTEMPATH\CodeIgniter.php(834): CodeIgniter\Router\Router->handle('auth/controllers/\'../dashboardMenuContents/ticket.php\'')
 3 SYSTEMPATH\CodeIgniter.php(457): CodeIgniter\CodeIgniter->tryToRouteIt(Object(CodeIgniter\Router\RouteCollection))
 4 SYSTEMPATH\CodeIgniter.php(355): CodeIgniter\CodeIgniter->handleRequest(null, Object(Config\Cache), false)
 5 SYSTEMPATH\Boot.php(325): CodeIgniter\CodeIgniter->run()
 6 SYSTEMPATH\Boot.php(67): CodeIgniter\Boot::runCodeIgniter(Object(CodeIgniter\CodeIgniter))
 7 FCPATH\index.php(63): CodeIgniter\Boot::bootWeb(Object(Config\Paths))
WARNING - 2025-06-09 15:13:17 --> [DEPRECATED] Passing lowercase HTTP method "get" is deprecated. Use uppercase HTTP method like "GET". in SYSTEMPATH\Router\RouteCollection.php on line 1027.
 1 SYSTEMPATH\Router\RouteCollection.php(1027): trigger_error('Passing lowercase HTTP method "get" is deprecated. Use uppercase HTTP method like "GET".', 16384)
 2 APPPATH\Config\Routes\AdminRoutes.php(65): CodeIgniter\Router\RouteCollection->match([...], 'send_test_mail', 'SettingsController::send_test_mail')
 3 SYSTEMPATH\Router\RouteCollection.php(800): App\Config\Routes\AdminRoutes::App\Config\Routes\{closure}(Object(CodeIgniter\Router\RouteCollection))
 4 APPPATH\Config\Routes\AdminRoutes.php(63): CodeIgniter\Router\RouteCollection->group('settings', [...], Object(Closure))
 5 SYSTEMPATH\Router\RouteCollection.php(800): App\Config\Routes\AdminRoutes::App\Config\Routes\{closure}(Object(CodeIgniter\Router\RouteCollection))
 6 APPPATH\Config\Routes\AdminRoutes.php(28): CodeIgniter\Router\RouteCollection->group('admin', [...], Object(Closure))
 7 APPPATH\Config\Routes.php(20): App\Config\Routes\AdminRoutes::init(Object(CodeIgniter\Router\RouteCollection))
 8 SYSTEMPATH\Router\RouteCollection.php(340): require('C:\\xampp\\htdocs\\smartstore\\app\\Config\\Routes.php')
 9 SYSTEMPATH\CodeIgniter.php(823): CodeIgniter\Router\RouteCollection->loadRoutes()
10 SYSTEMPATH\CodeIgniter.php(457): CodeIgniter\CodeIgniter->tryToRouteIt(null)
11 SYSTEMPATH\CodeIgniter.php(355): CodeIgniter\CodeIgniter->handleRequest(null, Object(Config\Cache), false)
12 SYSTEMPATH\Boot.php(325): CodeIgniter\CodeIgniter->run()
13 SYSTEMPATH\Boot.php(67): CodeIgniter\Boot::runCodeIgniter(Object(CodeIgniter\CodeIgniter))
14 FCPATH\index.php(63): CodeIgniter\Boot::bootWeb(Object(Config\Paths))
WARNING - 2025-06-09 15:13:17 --> [DEPRECATED] Passing lowercase HTTP method "post" is deprecated. Use uppercase HTTP method like "POST". in SYSTEMPATH\Router\RouteCollection.php on line 1027.
 1 SYSTEMPATH\Router\RouteCollection.php(1027): trigger_error('Passing lowercase HTTP method "post" is deprecated. Use uppercase HTTP method like "POST".', 16384)
 2 APPPATH\Config\Routes\AdminRoutes.php(65): CodeIgniter\Router\RouteCollection->match([...], 'send_test_mail', 'SettingsController::send_test_mail')
 3 SYSTEMPATH\Router\RouteCollection.php(800): App\Config\Routes\AdminRoutes::App\Config\Routes\{closure}(Object(CodeIgniter\Router\RouteCollection))
 4 APPPATH\Config\Routes\AdminRoutes.php(63): CodeIgniter\Router\RouteCollection->group('settings', [...], Object(Closure))
 5 SYSTEMPATH\Router\RouteCollection.php(800): App\Config\Routes\AdminRoutes::App\Config\Routes\{closure}(Object(CodeIgniter\Router\RouteCollection))
 6 APPPATH\Config\Routes\AdminRoutes.php(28): CodeIgniter\Router\RouteCollection->group('admin', [...], Object(Closure))
 7 APPPATH\Config\Routes.php(20): App\Config\Routes\AdminRoutes::init(Object(CodeIgniter\Router\RouteCollection))
 8 SYSTEMPATH\Router\RouteCollection.php(340): require('C:\\xampp\\htdocs\\smartstore\\app\\Config\\Routes.php')
 9 SYSTEMPATH\CodeIgniter.php(823): CodeIgniter\Router\RouteCollection->loadRoutes()
10 SYSTEMPATH\CodeIgniter.php(457): CodeIgniter\CodeIgniter->tryToRouteIt(null)
11 SYSTEMPATH\CodeIgniter.php(355): CodeIgniter\CodeIgniter->handleRequest(null, Object(Config\Cache), false)
12 SYSTEMPATH\Boot.php(325): CodeIgniter\CodeIgniter->run()
13 SYSTEMPATH\Boot.php(67): CodeIgniter\Boot::runCodeIgniter(Object(CodeIgniter\CodeIgniter))
14 FCPATH\index.php(63): CodeIgniter\Boot::bootWeb(Object(Config\Paths))
WARNING - 2025-06-09 15:13:17 --> [DEPRECATED] Passing lowercase HTTP method "get" is deprecated. Use uppercase HTTP method like "GET". in SYSTEMPATH\Router\RouteCollection.php on line 1027.
 1 SYSTEMPATH\Router\RouteCollection.php(1027): trigger_error('Passing lowercase HTTP method "get" is deprecated. Use uppercase HTTP method like "GET".', 16384)
 2 APPPATH\Config\Routes\AdminRoutes.php(76): CodeIgniter\Router\RouteCollection->match([...], 'elfinder_connector', 'FilemanagerController::elfinder_connector')
 3 SYSTEMPATH\Router\RouteCollection.php(800): App\Config\Routes\AdminRoutes::App\Config\Routes\{closure}(Object(CodeIgniter\Router\RouteCollection))
 4 APPPATH\Config\Routes\AdminRoutes.php(73): CodeIgniter\Router\RouteCollection->group('filemanager', [...], Object(Closure))
 5 SYSTEMPATH\Router\RouteCollection.php(800): App\Config\Routes\AdminRoutes::App\Config\Routes\{closure}(Object(CodeIgniter\Router\RouteCollection))
 6 APPPATH\Config\Routes\AdminRoutes.php(28): CodeIgniter\Router\RouteCollection->group('admin', [...], Object(Closure))
 7 APPPATH\Config\Routes.php(20): App\Config\Routes\AdminRoutes::init(Object(CodeIgniter\Router\RouteCollection))
 8 SYSTEMPATH\Router\RouteCollection.php(340): require('C:\\xampp\\htdocs\\smartstore\\app\\Config\\Routes.php')
 9 SYSTEMPATH\CodeIgniter.php(823): CodeIgniter\Router\RouteCollection->loadRoutes()
10 SYSTEMPATH\CodeIgniter.php(457): CodeIgniter\CodeIgniter->tryToRouteIt(null)
11 SYSTEMPATH\CodeIgniter.php(355): CodeIgniter\CodeIgniter->handleRequest(null, Object(Config\Cache), false)
12 SYSTEMPATH\Boot.php(325): CodeIgniter\CodeIgniter->run()
13 SYSTEMPATH\Boot.php(67): CodeIgniter\Boot::runCodeIgniter(Object(CodeIgniter\CodeIgniter))
14 FCPATH\index.php(63): CodeIgniter\Boot::bootWeb(Object(Config\Paths))
WARNING - 2025-06-09 15:13:17 --> [DEPRECATED] Passing lowercase HTTP method "post" is deprecated. Use uppercase HTTP method like "POST". in SYSTEMPATH\Router\RouteCollection.php on line 1027.
 1 SYSTEMPATH\Router\RouteCollection.php(1027): trigger_error('Passing lowercase HTTP method "post" is deprecated. Use uppercase HTTP method like "POST".', 16384)
 2 APPPATH\Config\Routes\AdminRoutes.php(76): CodeIgniter\Router\RouteCollection->match([...], 'elfinder_connector', 'FilemanagerController::elfinder_connector')
 3 SYSTEMPATH\Router\RouteCollection.php(800): App\Config\Routes\AdminRoutes::App\Config\Routes\{closure}(Object(CodeIgniter\Router\RouteCollection))
 4 APPPATH\Config\Routes\AdminRoutes.php(73): CodeIgniter\Router\RouteCollection->group('filemanager', [...], Object(Closure))
 5 SYSTEMPATH\Router\RouteCollection.php(800): App\Config\Routes\AdminRoutes::App\Config\Routes\{closure}(Object(CodeIgniter\Router\RouteCollection))
 6 APPPATH\Config\Routes\AdminRoutes.php(28): CodeIgniter\Router\RouteCollection->group('admin', [...], Object(Closure))
 7 APPPATH\Config\Routes.php(20): App\Config\Routes\AdminRoutes::init(Object(CodeIgniter\Router\RouteCollection))
 8 SYSTEMPATH\Router\RouteCollection.php(340): require('C:\\xampp\\htdocs\\smartstore\\app\\Config\\Routes.php')
 9 SYSTEMPATH\CodeIgniter.php(823): CodeIgniter\Router\RouteCollection->loadRoutes()
10 SYSTEMPATH\CodeIgniter.php(457): CodeIgniter\CodeIgniter->tryToRouteIt(null)
11 SYSTEMPATH\CodeIgniter.php(355): CodeIgniter\CodeIgniter->handleRequest(null, Object(Config\Cache), false)
12 SYSTEMPATH\Boot.php(325): CodeIgniter\CodeIgniter->run()
13 SYSTEMPATH\Boot.php(67): CodeIgniter\Boot::runCodeIgniter(Object(CodeIgniter\CodeIgniter))
14 FCPATH\index.php(63): CodeIgniter\Boot::bootWeb(Object(Config\Paths))
WARNING - 2025-06-09 15:13:17 --> [DEPRECATED] Passing lowercase HTTP method "get" is deprecated. Use uppercase HTTP method like "GET". in SYSTEMPATH\Router\RouteCollection.php on line 1027.
 1 SYSTEMPATH\Router\RouteCollection.php(1027): trigger_error('Passing lowercase HTTP method "get" is deprecated. Use uppercase HTTP method like "GET".', 16384)
 2 APPPATH\Config\Routes\AdminRoutes.php(172): CodeIgniter\Router\RouteCollection->match([...], 'sync_services/?(:num)?', 'ProvidersController::sync_services/$1')
 3 SYSTEMPATH\Router\RouteCollection.php(800): App\Config\Routes\AdminRoutes::App\Config\Routes\{closure}(Object(CodeIgniter\Router\RouteCollection))
 4 APPPATH\Config\Routes\AdminRoutes.php(167): CodeIgniter\Router\RouteCollection->group('providers', [...], Object(Closure))
 5 SYSTEMPATH\Router\RouteCollection.php(800): App\Config\Routes\AdminRoutes::App\Config\Routes\{closure}(Object(CodeIgniter\Router\RouteCollection))
 6 APPPATH\Config\Routes\AdminRoutes.php(28): CodeIgniter\Router\RouteCollection->group('admin', [...], Object(Closure))
 7 APPPATH\Config\Routes.php(20): App\Config\Routes\AdminRoutes::init(Object(CodeIgniter\Router\RouteCollection))
 8 SYSTEMPATH\Router\RouteCollection.php(340): require('C:\\xampp\\htdocs\\smartstore\\app\\Config\\Routes.php')
 9 SYSTEMPATH\CodeIgniter.php(823): CodeIgniter\Router\RouteCollection->loadRoutes()
10 SYSTEMPATH\CodeIgniter.php(457): CodeIgniter\CodeIgniter->tryToRouteIt(null)
11 SYSTEMPATH\CodeIgniter.php(355): CodeIgniter\CodeIgniter->handleRequest(null, Object(Config\Cache), false)
12 SYSTEMPATH\Boot.php(325): CodeIgniter\CodeIgniter->run()
13 SYSTEMPATH\Boot.php(67): CodeIgniter\Boot::runCodeIgniter(Object(CodeIgniter\CodeIgniter))
14 FCPATH\index.php(63): CodeIgniter\Boot::bootWeb(Object(Config\Paths))
WARNING - 2025-06-09 15:13:17 --> [DEPRECATED] Passing lowercase HTTP method "post" is deprecated. Use uppercase HTTP method like "POST". in SYSTEMPATH\Router\RouteCollection.php on line 1027.
 1 SYSTEMPATH\Router\RouteCollection.php(1027): trigger_error('Passing lowercase HTTP method "post" is deprecated. Use uppercase HTTP method like "POST".', 16384)
 2 APPPATH\Config\Routes\AdminRoutes.php(172): CodeIgniter\Router\RouteCollection->match([...], 'sync_services/?(:num)?', 'ProvidersController::sync_services/$1')
 3 SYSTEMPATH\Router\RouteCollection.php(800): App\Config\Routes\AdminRoutes::App\Config\Routes\{closure}(Object(CodeIgniter\Router\RouteCollection))
 4 APPPATH\Config\Routes\AdminRoutes.php(167): CodeIgniter\Router\RouteCollection->group('providers', [...], Object(Closure))
 5 SYSTEMPATH\Router\RouteCollection.php(800): App\Config\Routes\AdminRoutes::App\Config\Routes\{closure}(Object(CodeIgniter\Router\RouteCollection))
 6 APPPATH\Config\Routes\AdminRoutes.php(28): CodeIgniter\Router\RouteCollection->group('admin', [...], Object(Closure))
 7 APPPATH\Config\Routes.php(20): App\Config\Routes\AdminRoutes::init(Object(CodeIgniter\Router\RouteCollection))
 8 SYSTEMPATH\Router\RouteCollection.php(340): require('C:\\xampp\\htdocs\\smartstore\\app\\Config\\Routes.php')
 9 SYSTEMPATH\CodeIgniter.php(823): CodeIgniter\Router\RouteCollection->loadRoutes()
10 SYSTEMPATH\CodeIgniter.php(457): CodeIgniter\CodeIgniter->tryToRouteIt(null)
11 SYSTEMPATH\CodeIgniter.php(355): CodeIgniter\CodeIgniter->handleRequest(null, Object(Config\Cache), false)
12 SYSTEMPATH\Boot.php(325): CodeIgniter\CodeIgniter->run()
13 SYSTEMPATH\Boot.php(67): CodeIgniter\Boot::runCodeIgniter(Object(CodeIgniter\CodeIgniter))
14 FCPATH\index.php(63): CodeIgniter\Boot::bootWeb(Object(Config\Paths))
WARNING - 2025-06-09 15:13:17 --> [DEPRECATED] Passing lowercase HTTP method "get" is deprecated. Use uppercase HTTP method like "GET". in SYSTEMPATH\Router\RouteCollection.php on line 1027.
 1 SYSTEMPATH\Router\RouteCollection.php(1027): trigger_error('Passing lowercase HTTP method "get" is deprecated. Use uppercase HTTP method like "GET".', 16384)
 2 APPPATH\Config\Routes\AdminRoutes.php(185): CodeIgniter\Router\RouteCollection->match([...], 'add_note/?(:num)?', 'UsersController::add_note/$1')
 3 SYSTEMPATH\Router\RouteCollection.php(800): App\Config\Routes\AdminRoutes::App\Config\Routes\{closure}(Object(CodeIgniter\Router\RouteCollection))
 4 APPPATH\Config\Routes\AdminRoutes.php(182): CodeIgniter\Router\RouteCollection->group('users', [...], Object(Closure))
 5 SYSTEMPATH\Router\RouteCollection.php(800): App\Config\Routes\AdminRoutes::App\Config\Routes\{closure}(Object(CodeIgniter\Router\RouteCollection))
 6 APPPATH\Config\Routes\AdminRoutes.php(28): CodeIgniter\Router\RouteCollection->group('admin', [...], Object(Closure))
 7 APPPATH\Config\Routes.php(20): App\Config\Routes\AdminRoutes::init(Object(CodeIgniter\Router\RouteCollection))
 8 SYSTEMPATH\Router\RouteCollection.php(340): require('C:\\xampp\\htdocs\\smartstore\\app\\Config\\Routes.php')
 9 SYSTEMPATH\CodeIgniter.php(823): CodeIgniter\Router\RouteCollection->loadRoutes()
10 SYSTEMPATH\CodeIgniter.php(457): CodeIgniter\CodeIgniter->tryToRouteIt(null)
11 SYSTEMPATH\CodeIgniter.php(355): CodeIgniter\CodeIgniter->handleRequest(null, Object(Config\Cache), false)
12 SYSTEMPATH\Boot.php(325): CodeIgniter\CodeIgniter->run()
13 SYSTEMPATH\Boot.php(67): CodeIgniter\Boot::runCodeIgniter(Object(CodeIgniter\CodeIgniter))
14 FCPATH\index.php(63): CodeIgniter\Boot::bootWeb(Object(Config\Paths))
WARNING - 2025-06-09 15:13:17 --> [DEPRECATED] Passing lowercase HTTP method "post" is deprecated. Use uppercase HTTP method like "POST". in SYSTEMPATH\Router\RouteCollection.php on line 1027.
 1 SYSTEMPATH\Router\RouteCollection.php(1027): trigger_error('Passing lowercase HTTP method "post" is deprecated. Use uppercase HTTP method like "POST".', 16384)
 2 APPPATH\Config\Routes\AdminRoutes.php(185): CodeIgniter\Router\RouteCollection->match([...], 'add_note/?(:num)?', 'UsersController::add_note/$1')
 3 SYSTEMPATH\Router\RouteCollection.php(800): App\Config\Routes\AdminRoutes::App\Config\Routes\{closure}(Object(CodeIgniter\Router\RouteCollection))
 4 APPPATH\Config\Routes\AdminRoutes.php(182): CodeIgniter\Router\RouteCollection->group('users', [...], Object(Closure))
 5 SYSTEMPATH\Router\RouteCollection.php(800): App\Config\Routes\AdminRoutes::App\Config\Routes\{closure}(Object(CodeIgniter\Router\RouteCollection))
 6 APPPATH\Config\Routes\AdminRoutes.php(28): CodeIgniter\Router\RouteCollection->group('admin', [...], Object(Closure))
 7 APPPATH\Config\Routes.php(20): App\Config\Routes\AdminRoutes::init(Object(CodeIgniter\Router\RouteCollection))
 8 SYSTEMPATH\Router\RouteCollection.php(340): require('C:\\xampp\\htdocs\\smartstore\\app\\Config\\Routes.php')
 9 SYSTEMPATH\CodeIgniter.php(823): CodeIgniter\Router\RouteCollection->loadRoutes()
10 SYSTEMPATH\CodeIgniter.php(457): CodeIgniter\CodeIgniter->tryToRouteIt(null)
11 SYSTEMPATH\CodeIgniter.php(355): CodeIgniter\CodeIgniter->handleRequest(null, Object(Config\Cache), false)
12 SYSTEMPATH\Boot.php(325): CodeIgniter\CodeIgniter->run()
13 SYSTEMPATH\Boot.php(67): CodeIgniter\Boot::runCodeIgniter(Object(CodeIgniter\CodeIgniter))
14 FCPATH\index.php(63): CodeIgniter\Boot::bootWeb(Object(Config\Paths))
WARNING - 2025-06-09 15:13:17 --> [DEPRECATED] Passing lowercase HTTP method "get" is deprecated. Use uppercase HTTP method like "GET". in SYSTEMPATH\Router\RouteCollection.php on line 1027.
 1 SYSTEMPATH\Router\RouteCollection.php(1027): trigger_error('Passing lowercase HTTP method "get" is deprecated. Use uppercase HTTP method like "GET".', 16384)
 2 APPPATH\Config\Routes\AdminRoutes.php(186): CodeIgniter\Router\RouteCollection->match([...], 'send_mail/?(:num)?', 'UsersController::send_mail/$1')
 3 SYSTEMPATH\Router\RouteCollection.php(800): App\Config\Routes\AdminRoutes::App\Config\Routes\{closure}(Object(CodeIgniter\Router\RouteCollection))
 4 APPPATH\Config\Routes\AdminRoutes.php(182): CodeIgniter\Router\RouteCollection->group('users', [...], Object(Closure))
 5 SYSTEMPATH\Router\RouteCollection.php(800): App\Config\Routes\AdminRoutes::App\Config\Routes\{closure}(Object(CodeIgniter\Router\RouteCollection))
 6 APPPATH\Config\Routes\AdminRoutes.php(28): CodeIgniter\Router\RouteCollection->group('admin', [...], Object(Closure))
 7 APPPATH\Config\Routes.php(20): App\Config\Routes\AdminRoutes::init(Object(CodeIgniter\Router\RouteCollection))
 8 SYSTEMPATH\Router\RouteCollection.php(340): require('C:\\xampp\\htdocs\\smartstore\\app\\Config\\Routes.php')
 9 SYSTEMPATH\CodeIgniter.php(823): CodeIgniter\Router\RouteCollection->loadRoutes()
10 SYSTEMPATH\CodeIgniter.php(457): CodeIgniter\CodeIgniter->tryToRouteIt(null)
11 SYSTEMPATH\CodeIgniter.php(355): CodeIgniter\CodeIgniter->handleRequest(null, Object(Config\Cache), false)
12 SYSTEMPATH\Boot.php(325): CodeIgniter\CodeIgniter->run()
13 SYSTEMPATH\Boot.php(67): CodeIgniter\Boot::runCodeIgniter(Object(CodeIgniter\CodeIgniter))
14 FCPATH\index.php(63): CodeIgniter\Boot::bootWeb(Object(Config\Paths))
WARNING - 2025-06-09 15:13:17 --> [DEPRECATED] Passing lowercase HTTP method "post" is deprecated. Use uppercase HTTP method like "POST". in SYSTEMPATH\Router\RouteCollection.php on line 1027.
 1 SYSTEMPATH\Router\RouteCollection.php(1027): trigger_error('Passing lowercase HTTP method "post" is deprecated. Use uppercase HTTP method like "POST".', 16384)
 2 APPPATH\Config\Routes\AdminRoutes.php(186): CodeIgniter\Router\RouteCollection->match([...], 'send_mail/?(:num)?', 'UsersController::send_mail/$1')
 3 SYSTEMPATH\Router\RouteCollection.php(800): App\Config\Routes\AdminRoutes::App\Config\Routes\{closure}(Object(CodeIgniter\Router\RouteCollection))
 4 APPPATH\Config\Routes\AdminRoutes.php(182): CodeIgniter\Router\RouteCollection->group('users', [...], Object(Closure))
 5 SYSTEMPATH\Router\RouteCollection.php(800): App\Config\Routes\AdminRoutes::App\Config\Routes\{closure}(Object(CodeIgniter\Router\RouteCollection))
 6 APPPATH\Config\Routes\AdminRoutes.php(28): CodeIgniter\Router\RouteCollection->group('admin', [...], Object(Closure))
 7 APPPATH\Config\Routes.php(20): App\Config\Routes\AdminRoutes::init(Object(CodeIgniter\Router\RouteCollection))
 8 SYSTEMPATH\Router\RouteCollection.php(340): require('C:\\xampp\\htdocs\\smartstore\\app\\Config\\Routes.php')
 9 SYSTEMPATH\CodeIgniter.php(823): CodeIgniter\Router\RouteCollection->loadRoutes()
10 SYSTEMPATH\CodeIgniter.php(457): CodeIgniter\CodeIgniter->tryToRouteIt(null)
11 SYSTEMPATH\CodeIgniter.php(355): CodeIgniter\CodeIgniter->handleRequest(null, Object(Config\Cache), false)
12 SYSTEMPATH\Boot.php(325): CodeIgniter\CodeIgniter->run()
13 SYSTEMPATH\Boot.php(67): CodeIgniter\Boot::runCodeIgniter(Object(CodeIgniter\CodeIgniter))
14 FCPATH\index.php(63): CodeIgniter\Boot::bootWeb(Object(Config\Paths))
WARNING - 2025-06-09 15:13:17 --> [DEPRECATED] Passing lowercase HTTP method "get" is deprecated. Use uppercase HTTP method like "GET". in SYSTEMPATH\Router\RouteCollection.php on line 1027.
 1 SYSTEMPATH\Router\RouteCollection.php(1027): trigger_error('Passing lowercase HTTP method "get" is deprecated. Use uppercase HTTP method like "GET".', 16384)
 2 APPPATH\Config\Routes\AdminRoutes.php(215): CodeIgniter\Router\RouteCollection->match([...], 'send_mail/?(:num)?', 'TicketsController::send_mail/$1')
 3 SYSTEMPATH\Router\RouteCollection.php(800): App\Config\Routes\AdminRoutes::App\Config\Routes\{closure}(Object(CodeIgniter\Router\RouteCollection))
 4 APPPATH\Config\Routes\AdminRoutes.php(212): CodeIgniter\Router\RouteCollection->group('tickets', [...], Object(Closure))
 5 SYSTEMPATH\Router\RouteCollection.php(800): App\Config\Routes\AdminRoutes::App\Config\Routes\{closure}(Object(CodeIgniter\Router\RouteCollection))
 6 APPPATH\Config\Routes\AdminRoutes.php(28): CodeIgniter\Router\RouteCollection->group('admin', [...], Object(Closure))
 7 APPPATH\Config\Routes.php(20): App\Config\Routes\AdminRoutes::init(Object(CodeIgniter\Router\RouteCollection))
 8 SYSTEMPATH\Router\RouteCollection.php(340): require('C:\\xampp\\htdocs\\smartstore\\app\\Config\\Routes.php')
 9 SYSTEMPATH\CodeIgniter.php(823): CodeIgniter\Router\RouteCollection->loadRoutes()
10 SYSTEMPATH\CodeIgniter.php(457): CodeIgniter\CodeIgniter->tryToRouteIt(null)
11 SYSTEMPATH\CodeIgniter.php(355): CodeIgniter\CodeIgniter->handleRequest(null, Object(Config\Cache), false)
12 SYSTEMPATH\Boot.php(325): CodeIgniter\CodeIgniter->run()
13 SYSTEMPATH\Boot.php(67): CodeIgniter\Boot::runCodeIgniter(Object(CodeIgniter\CodeIgniter))
14 FCPATH\index.php(63): CodeIgniter\Boot::bootWeb(Object(Config\Paths))
WARNING - 2025-06-09 15:13:17 --> [DEPRECATED] Passing lowercase HTTP method "post" is deprecated. Use uppercase HTTP method like "POST". in SYSTEMPATH\Router\RouteCollection.php on line 1027.
 1 SYSTEMPATH\Router\RouteCollection.php(1027): trigger_error('Passing lowercase HTTP method "post" is deprecated. Use uppercase HTTP method like "POST".', 16384)
 2 APPPATH\Config\Routes\AdminRoutes.php(215): CodeIgniter\Router\RouteCollection->match([...], 'send_mail/?(:num)?', 'TicketsController::send_mail/$1')
 3 SYSTEMPATH\Router\RouteCollection.php(800): App\Config\Routes\AdminRoutes::App\Config\Routes\{closure}(Object(CodeIgniter\Router\RouteCollection))
 4 APPPATH\Config\Routes\AdminRoutes.php(212): CodeIgniter\Router\RouteCollection->group('tickets', [...], Object(Closure))
 5 SYSTEMPATH\Router\RouteCollection.php(800): App\Config\Routes\AdminRoutes::App\Config\Routes\{closure}(Object(CodeIgniter\Router\RouteCollection))
 6 APPPATH\Config\Routes\AdminRoutes.php(28): CodeIgniter\Router\RouteCollection->group('admin', [...], Object(Closure))
 7 APPPATH\Config\Routes.php(20): App\Config\Routes\AdminRoutes::init(Object(CodeIgniter\Router\RouteCollection))
 8 SYSTEMPATH\Router\RouteCollection.php(340): require('C:\\xampp\\htdocs\\smartstore\\app\\Config\\Routes.php')
 9 SYSTEMPATH\CodeIgniter.php(823): CodeIgniter\Router\RouteCollection->loadRoutes()
10 SYSTEMPATH\CodeIgniter.php(457): CodeIgniter\CodeIgniter->tryToRouteIt(null)
11 SYSTEMPATH\CodeIgniter.php(355): CodeIgniter\CodeIgniter->handleRequest(null, Object(Config\Cache), false)
12 SYSTEMPATH\Boot.php(325): CodeIgniter\CodeIgniter->run()
13 SYSTEMPATH\Boot.php(67): CodeIgniter\Boot::runCodeIgniter(Object(CodeIgniter\CodeIgniter))
14 FCPATH\index.php(63): CodeIgniter\Boot::bootWeb(Object(Config\Paths))
WARNING - 2025-06-09 15:13:17 --> [DEPRECATED] Passing lowercase HTTP method "get" is deprecated. Use uppercase HTTP method like "GET". in SYSTEMPATH\Router\RouteCollection.php on line 1027.
 1 SYSTEMPATH\Router\RouteCollection.php(1027): trigger_error('Passing lowercase HTTP method "get" is deprecated. Use uppercase HTTP method like "GET".', 16384)
 2 APPPATH\Config\Routes\UserRoutes.php(49): CodeIgniter\Router\RouteCollection->match([...], 'submit_review', 'ClientController::submit_review', [...])
 3 APPPATH\Config\Routes\UserRoutes.php(23): App\Config\Routes\UserRoutes::defineRoutes(Object(CodeIgniter\Router\RouteCollection))
 4 APPPATH\Config\Routes.php(21): App\Config\Routes\UserRoutes::init(Object(CodeIgniter\Router\RouteCollection))
 5 SYSTEMPATH\Router\RouteCollection.php(340): require('C:\\xampp\\htdocs\\smartstore\\app\\Config\\Routes.php')
 6 SYSTEMPATH\CodeIgniter.php(823): CodeIgniter\Router\RouteCollection->loadRoutes()
 7 SYSTEMPATH\CodeIgniter.php(457): CodeIgniter\CodeIgniter->tryToRouteIt(null)
 8 SYSTEMPATH\CodeIgniter.php(355): CodeIgniter\CodeIgniter->handleRequest(null, Object(Config\Cache), false)
 9 SYSTEMPATH\Boot.php(325): CodeIgniter\CodeIgniter->run()
10 SYSTEMPATH\Boot.php(67): CodeIgniter\Boot::runCodeIgniter(Object(CodeIgniter\CodeIgniter))
11 FCPATH\index.php(63): CodeIgniter\Boot::bootWeb(Object(Config\Paths))
WARNING - 2025-06-09 15:13:17 --> [DEPRECATED] Passing lowercase HTTP method "post" is deprecated. Use uppercase HTTP method like "POST". in SYSTEMPATH\Router\RouteCollection.php on line 1027.
 1 SYSTEMPATH\Router\RouteCollection.php(1027): trigger_error('Passing lowercase HTTP method "post" is deprecated. Use uppercase HTTP method like "POST".', 16384)
 2 APPPATH\Config\Routes\UserRoutes.php(49): CodeIgniter\Router\RouteCollection->match([...], 'submit_review', 'ClientController::submit_review', [...])
 3 APPPATH\Config\Routes\UserRoutes.php(23): App\Config\Routes\UserRoutes::defineRoutes(Object(CodeIgniter\Router\RouteCollection))
 4 APPPATH\Config\Routes.php(21): App\Config\Routes\UserRoutes::init(Object(CodeIgniter\Router\RouteCollection))
 5 SYSTEMPATH\Router\RouteCollection.php(340): require('C:\\xampp\\htdocs\\smartstore\\app\\Config\\Routes.php')
 6 SYSTEMPATH\CodeIgniter.php(823): CodeIgniter\Router\RouteCollection->loadRoutes()
 7 SYSTEMPATH\CodeIgniter.php(457): CodeIgniter\CodeIgniter->tryToRouteIt(null)
 8 SYSTEMPATH\CodeIgniter.php(355): CodeIgniter\CodeIgniter->handleRequest(null, Object(Config\Cache), false)
 9 SYSTEMPATH\Boot.php(325): CodeIgniter\CodeIgniter->run()
10 SYSTEMPATH\Boot.php(67): CodeIgniter\Boot::runCodeIgniter(Object(CodeIgniter\CodeIgniter))
11 FCPATH\index.php(63): CodeIgniter\Boot::bootWeb(Object(Config\Paths))
WARNING - 2025-06-09 15:13:17 --> [DEPRECATED] Passing lowercase HTTP method "get" is deprecated. Use uppercase HTTP method like "GET". in SYSTEMPATH\Router\RouteCollection.php on line 1027.
 1 SYSTEMPATH\Router\RouteCollection.php(1027): trigger_error('Passing lowercase HTTP method "get" is deprecated. Use uppercase HTTP method like "GET".', 16384)
 2 APPPATH\Config\Routes\UserRoutes.php(63): CodeIgniter\Router\RouteCollection->match([...], 'track-order', 'OrderController::track_order', [...])
 3 APPPATH\Config\Routes\UserRoutes.php(23): App\Config\Routes\UserRoutes::defineRoutes(Object(CodeIgniter\Router\RouteCollection))
 4 APPPATH\Config\Routes.php(21): App\Config\Routes\UserRoutes::init(Object(CodeIgniter\Router\RouteCollection))
 5 SYSTEMPATH\Router\RouteCollection.php(340): require('C:\\xampp\\htdocs\\smartstore\\app\\Config\\Routes.php')
 6 SYSTEMPATH\CodeIgniter.php(823): CodeIgniter\Router\RouteCollection->loadRoutes()
 7 SYSTEMPATH\CodeIgniter.php(457): CodeIgniter\CodeIgniter->tryToRouteIt(null)
 8 SYSTEMPATH\CodeIgniter.php(355): CodeIgniter\CodeIgniter->handleRequest(null, Object(Config\Cache), false)
 9 SYSTEMPATH\Boot.php(325): CodeIgniter\CodeIgniter->run()
10 SYSTEMPATH\Boot.php(67): CodeIgniter\Boot::runCodeIgniter(Object(CodeIgniter\CodeIgniter))
11 FCPATH\index.php(63): CodeIgniter\Boot::bootWeb(Object(Config\Paths))
WARNING - 2025-06-09 15:13:17 --> [DEPRECATED] Passing lowercase HTTP method "post" is deprecated. Use uppercase HTTP method like "POST". in SYSTEMPATH\Router\RouteCollection.php on line 1027.
 1 SYSTEMPATH\Router\RouteCollection.php(1027): trigger_error('Passing lowercase HTTP method "post" is deprecated. Use uppercase HTTP method like "POST".', 16384)
 2 APPPATH\Config\Routes\UserRoutes.php(63): CodeIgniter\Router\RouteCollection->match([...], 'track-order', 'OrderController::track_order', [...])
 3 APPPATH\Config\Routes\UserRoutes.php(23): App\Config\Routes\UserRoutes::defineRoutes(Object(CodeIgniter\Router\RouteCollection))
 4 APPPATH\Config\Routes.php(21): App\Config\Routes\UserRoutes::init(Object(CodeIgniter\Router\RouteCollection))
 5 SYSTEMPATH\Router\RouteCollection.php(340): require('C:\\xampp\\htdocs\\smartstore\\app\\Config\\Routes.php')
 6 SYSTEMPATH\CodeIgniter.php(823): CodeIgniter\Router\RouteCollection->loadRoutes()
 7 SYSTEMPATH\CodeIgniter.php(457): CodeIgniter\CodeIgniter->tryToRouteIt(null)
 8 SYSTEMPATH\CodeIgniter.php(355): CodeIgniter\CodeIgniter->handleRequest(null, Object(Config\Cache), false)
 9 SYSTEMPATH\Boot.php(325): CodeIgniter\CodeIgniter->run()
10 SYSTEMPATH\Boot.php(67): CodeIgniter\Boot::runCodeIgniter(Object(CodeIgniter\CodeIgniter))
11 FCPATH\index.php(63): CodeIgniter\Boot::bootWeb(Object(Config\Paths))
WARNING - 2025-06-09 15:13:17 --> [DEPRECATED] Passing lowercase HTTP method "get" is deprecated. Use uppercase HTTP method like "GET". in SYSTEMPATH\Router\RouteCollection.php on line 1027.
 1 SYSTEMPATH\Router\RouteCollection.php(1027): trigger_error('Passing lowercase HTTP method "get" is deprecated. Use uppercase HTTP method like "GET".', 16384)
 2 APPPATH\Config\Routes\UserRoutes.php(49): CodeIgniter\Router\RouteCollection->match([...], 'submit_review', 'ClientController::submit_review', [...])
 3 APPPATH\Config\Routes\UserRoutes.php(26): App\Config\Routes\UserRoutes::defineRoutes(Object(CodeIgniter\Router\RouteCollection))
 4 SYSTEMPATH\Router\RouteCollection.php(800): App\Config\Routes\UserRoutes::App\Config\Routes\{closure}(Object(CodeIgniter\Router\RouteCollection))
 5 APPPATH\Config\Routes\UserRoutes.php(25): CodeIgniter\Router\RouteCollection->group('{locale}', Object(Closure))
 6 APPPATH\Config\Routes.php(21): App\Config\Routes\UserRoutes::init(Object(CodeIgniter\Router\RouteCollection))
 7 SYSTEMPATH\Router\RouteCollection.php(340): require('C:\\xampp\\htdocs\\smartstore\\app\\Config\\Routes.php')
 8 SYSTEMPATH\CodeIgniter.php(823): CodeIgniter\Router\RouteCollection->loadRoutes()
 9 SYSTEMPATH\CodeIgniter.php(457): CodeIgniter\CodeIgniter->tryToRouteIt(null)
10 SYSTEMPATH\CodeIgniter.php(355): CodeIgniter\CodeIgniter->handleRequest(null, Object(Config\Cache), false)
11 SYSTEMPATH\Boot.php(325): CodeIgniter\CodeIgniter->run()
12 SYSTEMPATH\Boot.php(67): CodeIgniter\Boot::runCodeIgniter(Object(CodeIgniter\CodeIgniter))
13 FCPATH\index.php(63): CodeIgniter\Boot::bootWeb(Object(Config\Paths))
WARNING - 2025-06-09 15:13:17 --> [DEPRECATED] Passing lowercase HTTP method "post" is deprecated. Use uppercase HTTP method like "POST". in SYSTEMPATH\Router\RouteCollection.php on line 1027.
 1 SYSTEMPATH\Router\RouteCollection.php(1027): trigger_error('Passing lowercase HTTP method "post" is deprecated. Use uppercase HTTP method like "POST".', 16384)
 2 APPPATH\Config\Routes\UserRoutes.php(49): CodeIgniter\Router\RouteCollection->match([...], 'submit_review', 'ClientController::submit_review', [...])
 3 APPPATH\Config\Routes\UserRoutes.php(26): App\Config\Routes\UserRoutes::defineRoutes(Object(CodeIgniter\Router\RouteCollection))
 4 SYSTEMPATH\Router\RouteCollection.php(800): App\Config\Routes\UserRoutes::App\Config\Routes\{closure}(Object(CodeIgniter\Router\RouteCollection))
 5 APPPATH\Config\Routes\UserRoutes.php(25): CodeIgniter\Router\RouteCollection->group('{locale}', Object(Closure))
 6 APPPATH\Config\Routes.php(21): App\Config\Routes\UserRoutes::init(Object(CodeIgniter\Router\RouteCollection))
 7 SYSTEMPATH\Router\RouteCollection.php(340): require('C:\\xampp\\htdocs\\smartstore\\app\\Config\\Routes.php')
 8 SYSTEMPATH\CodeIgniter.php(823): CodeIgniter\Router\RouteCollection->loadRoutes()
 9 SYSTEMPATH\CodeIgniter.php(457): CodeIgniter\CodeIgniter->tryToRouteIt(null)
10 SYSTEMPATH\CodeIgniter.php(355): CodeIgniter\CodeIgniter->handleRequest(null, Object(Config\Cache), false)
11 SYSTEMPATH\Boot.php(325): CodeIgniter\CodeIgniter->run()
12 SYSTEMPATH\Boot.php(67): CodeIgniter\Boot::runCodeIgniter(Object(CodeIgniter\CodeIgniter))
13 FCPATH\index.php(63): CodeIgniter\Boot::bootWeb(Object(Config\Paths))
WARNING - 2025-06-09 15:13:17 --> [DEPRECATED] Passing lowercase HTTP method "get" is deprecated. Use uppercase HTTP method like "GET". in SYSTEMPATH\Router\RouteCollection.php on line 1027.
 1 SYSTEMPATH\Router\RouteCollection.php(1027): trigger_error('Passing lowercase HTTP method "get" is deprecated. Use uppercase HTTP method like "GET".', 16384)
 2 APPPATH\Config\Routes\UserRoutes.php(63): CodeIgniter\Router\RouteCollection->match([...], 'track-order', 'OrderController::track_order', [...])
 3 APPPATH\Config\Routes\UserRoutes.php(26): App\Config\Routes\UserRoutes::defineRoutes(Object(CodeIgniter\Router\RouteCollection))
 4 SYSTEMPATH\Router\RouteCollection.php(800): App\Config\Routes\UserRoutes::App\Config\Routes\{closure}(Object(CodeIgniter\Router\RouteCollection))
 5 APPPATH\Config\Routes\UserRoutes.php(25): CodeIgniter\Router\RouteCollection->group('{locale}', Object(Closure))
 6 APPPATH\Config\Routes.php(21): App\Config\Routes\UserRoutes::init(Object(CodeIgniter\Router\RouteCollection))
 7 SYSTEMPATH\Router\RouteCollection.php(340): require('C:\\xampp\\htdocs\\smartstore\\app\\Config\\Routes.php')
 8 SYSTEMPATH\CodeIgniter.php(823): CodeIgniter\Router\RouteCollection->loadRoutes()
 9 SYSTEMPATH\CodeIgniter.php(457): CodeIgniter\CodeIgniter->tryToRouteIt(null)
10 SYSTEMPATH\CodeIgniter.php(355): CodeIgniter\CodeIgniter->handleRequest(null, Object(Config\Cache), false)
11 SYSTEMPATH\Boot.php(325): CodeIgniter\CodeIgniter->run()
12 SYSTEMPATH\Boot.php(67): CodeIgniter\Boot::runCodeIgniter(Object(CodeIgniter\CodeIgniter))
13 FCPATH\index.php(63): CodeIgniter\Boot::bootWeb(Object(Config\Paths))
WARNING - 2025-06-09 15:13:17 --> [DEPRECATED] Passing lowercase HTTP method "post" is deprecated. Use uppercase HTTP method like "POST". in SYSTEMPATH\Router\RouteCollection.php on line 1027.
 1 SYSTEMPATH\Router\RouteCollection.php(1027): trigger_error('Passing lowercase HTTP method "post" is deprecated. Use uppercase HTTP method like "POST".', 16384)
 2 APPPATH\Config\Routes\UserRoutes.php(63): CodeIgniter\Router\RouteCollection->match([...], 'track-order', 'OrderController::track_order', [...])
 3 APPPATH\Config\Routes\UserRoutes.php(26): App\Config\Routes\UserRoutes::defineRoutes(Object(CodeIgniter\Router\RouteCollection))
 4 SYSTEMPATH\Router\RouteCollection.php(800): App\Config\Routes\UserRoutes::App\Config\Routes\{closure}(Object(CodeIgniter\Router\RouteCollection))
 5 APPPATH\Config\Routes\UserRoutes.php(25): CodeIgniter\Router\RouteCollection->group('{locale}', Object(Closure))
 6 APPPATH\Config\Routes.php(21): App\Config\Routes\UserRoutes::init(Object(CodeIgniter\Router\RouteCollection))
 7 SYSTEMPATH\Router\RouteCollection.php(340): require('C:\\xampp\\htdocs\\smartstore\\app\\Config\\Routes.php')
 8 SYSTEMPATH\CodeIgniter.php(823): CodeIgniter\Router\RouteCollection->loadRoutes()
 9 SYSTEMPATH\CodeIgniter.php(457): CodeIgniter\CodeIgniter->tryToRouteIt(null)
10 SYSTEMPATH\CodeIgniter.php(355): CodeIgniter\CodeIgniter->handleRequest(null, Object(Config\Cache), false)
11 SYSTEMPATH\Boot.php(325): CodeIgniter\CodeIgniter->run()
12 SYSTEMPATH\Boot.php(67): CodeIgniter\Boot::runCodeIgniter(Object(CodeIgniter\CodeIgniter))
13 FCPATH\index.php(63): CodeIgniter\Boot::bootWeb(Object(Config\Paths))
WARNING - 2025-06-09 15:14:56 --> [DEPRECATED] Passing lowercase HTTP method "get" is deprecated. Use uppercase HTTP method like "GET". in SYSTEMPATH\Router\RouteCollection.php on line 1027.
 1 SYSTEMPATH\Router\RouteCollection.php(1027): trigger_error('Passing lowercase HTTP method "get" is deprecated. Use uppercase HTTP method like "GET".', 16384)
 2 APPPATH\Config\Routes\AdminRoutes.php(65): CodeIgniter\Router\RouteCollection->match([...], 'send_test_mail', 'SettingsController::send_test_mail')
 3 SYSTEMPATH\Router\RouteCollection.php(800): App\Config\Routes\AdminRoutes::App\Config\Routes\{closure}(Object(CodeIgniter\Router\RouteCollection))
 4 APPPATH\Config\Routes\AdminRoutes.php(63): CodeIgniter\Router\RouteCollection->group('settings', [...], Object(Closure))
 5 SYSTEMPATH\Router\RouteCollection.php(800): App\Config\Routes\AdminRoutes::App\Config\Routes\{closure}(Object(CodeIgniter\Router\RouteCollection))
 6 APPPATH\Config\Routes\AdminRoutes.php(28): CodeIgniter\Router\RouteCollection->group('admin', [...], Object(Closure))
 7 APPPATH\Config\Routes.php(20): App\Config\Routes\AdminRoutes::init(Object(CodeIgniter\Router\RouteCollection))
 8 SYSTEMPATH\Router\RouteCollection.php(340): require('C:\\xampp\\htdocs\\smartstore\\app\\Config\\Routes.php')
 9 SYSTEMPATH\CodeIgniter.php(823): CodeIgniter\Router\RouteCollection->loadRoutes()
10 SYSTEMPATH\CodeIgniter.php(457): CodeIgniter\CodeIgniter->tryToRouteIt(null)
11 SYSTEMPATH\CodeIgniter.php(355): CodeIgniter\CodeIgniter->handleRequest(null, Object(Config\Cache), false)
12 SYSTEMPATH\Boot.php(325): CodeIgniter\CodeIgniter->run()
13 SYSTEMPATH\Boot.php(67): CodeIgniter\Boot::runCodeIgniter(Object(CodeIgniter\CodeIgniter))
14 FCPATH\index.php(63): CodeIgniter\Boot::bootWeb(Object(Config\Paths))
WARNING - 2025-06-09 15:14:56 --> [DEPRECATED] Passing lowercase HTTP method "post" is deprecated. Use uppercase HTTP method like "POST". in SYSTEMPATH\Router\RouteCollection.php on line 1027.
 1 SYSTEMPATH\Router\RouteCollection.php(1027): trigger_error('Passing lowercase HTTP method "post" is deprecated. Use uppercase HTTP method like "POST".', 16384)
 2 APPPATH\Config\Routes\AdminRoutes.php(65): CodeIgniter\Router\RouteCollection->match([...], 'send_test_mail', 'SettingsController::send_test_mail')
 3 SYSTEMPATH\Router\RouteCollection.php(800): App\Config\Routes\AdminRoutes::App\Config\Routes\{closure}(Object(CodeIgniter\Router\RouteCollection))
 4 APPPATH\Config\Routes\AdminRoutes.php(63): CodeIgniter\Router\RouteCollection->group('settings', [...], Object(Closure))
 5 SYSTEMPATH\Router\RouteCollection.php(800): App\Config\Routes\AdminRoutes::App\Config\Routes\{closure}(Object(CodeIgniter\Router\RouteCollection))
 6 APPPATH\Config\Routes\AdminRoutes.php(28): CodeIgniter\Router\RouteCollection->group('admin', [...], Object(Closure))
 7 APPPATH\Config\Routes.php(20): App\Config\Routes\AdminRoutes::init(Object(CodeIgniter\Router\RouteCollection))
 8 SYSTEMPATH\Router\RouteCollection.php(340): require('C:\\xampp\\htdocs\\smartstore\\app\\Config\\Routes.php')
 9 SYSTEMPATH\CodeIgniter.php(823): CodeIgniter\Router\RouteCollection->loadRoutes()
10 SYSTEMPATH\CodeIgniter.php(457): CodeIgniter\CodeIgniter->tryToRouteIt(null)
11 SYSTEMPATH\CodeIgniter.php(355): CodeIgniter\CodeIgniter->handleRequest(null, Object(Config\Cache), false)
12 SYSTEMPATH\Boot.php(325): CodeIgniter\CodeIgniter->run()
13 SYSTEMPATH\Boot.php(67): CodeIgniter\Boot::runCodeIgniter(Object(CodeIgniter\CodeIgniter))
14 FCPATH\index.php(63): CodeIgniter\Boot::bootWeb(Object(Config\Paths))
WARNING - 2025-06-09 15:14:56 --> [DEPRECATED] Passing lowercase HTTP method "get" is deprecated. Use uppercase HTTP method like "GET". in SYSTEMPATH\Router\RouteCollection.php on line 1027.
 1 SYSTEMPATH\Router\RouteCollection.php(1027): trigger_error('Passing lowercase HTTP method "get" is deprecated. Use uppercase HTTP method like "GET".', 16384)
 2 APPPATH\Config\Routes\AdminRoutes.php(76): CodeIgniter\Router\RouteCollection->match([...], 'elfinder_connector', 'FilemanagerController::elfinder_connector')
 3 SYSTEMPATH\Router\RouteCollection.php(800): App\Config\Routes\AdminRoutes::App\Config\Routes\{closure}(Object(CodeIgniter\Router\RouteCollection))
 4 APPPATH\Config\Routes\AdminRoutes.php(73): CodeIgniter\Router\RouteCollection->group('filemanager', [...], Object(Closure))
 5 SYSTEMPATH\Router\RouteCollection.php(800): App\Config\Routes\AdminRoutes::App\Config\Routes\{closure}(Object(CodeIgniter\Router\RouteCollection))
 6 APPPATH\Config\Routes\AdminRoutes.php(28): CodeIgniter\Router\RouteCollection->group('admin', [...], Object(Closure))
 7 APPPATH\Config\Routes.php(20): App\Config\Routes\AdminRoutes::init(Object(CodeIgniter\Router\RouteCollection))
 8 SYSTEMPATH\Router\RouteCollection.php(340): require('C:\\xampp\\htdocs\\smartstore\\app\\Config\\Routes.php')
 9 SYSTEMPATH\CodeIgniter.php(823): CodeIgniter\Router\RouteCollection->loadRoutes()
10 SYSTEMPATH\CodeIgniter.php(457): CodeIgniter\CodeIgniter->tryToRouteIt(null)
11 SYSTEMPATH\CodeIgniter.php(355): CodeIgniter\CodeIgniter->handleRequest(null, Object(Config\Cache), false)
12 SYSTEMPATH\Boot.php(325): CodeIgniter\CodeIgniter->run()
13 SYSTEMPATH\Boot.php(67): CodeIgniter\Boot::runCodeIgniter(Object(CodeIgniter\CodeIgniter))
14 FCPATH\index.php(63): CodeIgniter\Boot::bootWeb(Object(Config\Paths))
WARNING - 2025-06-09 15:14:56 --> [DEPRECATED] Passing lowercase HTTP method "post" is deprecated. Use uppercase HTTP method like "POST". in SYSTEMPATH\Router\RouteCollection.php on line 1027.
 1 SYSTEMPATH\Router\RouteCollection.php(1027): trigger_error('Passing lowercase HTTP method "post" is deprecated. Use uppercase HTTP method like "POST".', 16384)
 2 APPPATH\Config\Routes\AdminRoutes.php(76): CodeIgniter\Router\RouteCollection->match([...], 'elfinder_connector', 'FilemanagerController::elfinder_connector')
 3 SYSTEMPATH\Router\RouteCollection.php(800): App\Config\Routes\AdminRoutes::App\Config\Routes\{closure}(Object(CodeIgniter\Router\RouteCollection))
 4 APPPATH\Config\Routes\AdminRoutes.php(73): CodeIgniter\Router\RouteCollection->group('filemanager', [...], Object(Closure))
 5 SYSTEMPATH\Router\RouteCollection.php(800): App\Config\Routes\AdminRoutes::App\Config\Routes\{closure}(Object(CodeIgniter\Router\RouteCollection))
 6 APPPATH\Config\Routes\AdminRoutes.php(28): CodeIgniter\Router\RouteCollection->group('admin', [...], Object(Closure))
 7 APPPATH\Config\Routes.php(20): App\Config\Routes\AdminRoutes::init(Object(CodeIgniter\Router\RouteCollection))
 8 SYSTEMPATH\Router\RouteCollection.php(340): require('C:\\xampp\\htdocs\\smartstore\\app\\Config\\Routes.php')
 9 SYSTEMPATH\CodeIgniter.php(823): CodeIgniter\Router\RouteCollection->loadRoutes()
10 SYSTEMPATH\CodeIgniter.php(457): CodeIgniter\CodeIgniter->tryToRouteIt(null)
11 SYSTEMPATH\CodeIgniter.php(355): CodeIgniter\CodeIgniter->handleRequest(null, Object(Config\Cache), false)
12 SYSTEMPATH\Boot.php(325): CodeIgniter\CodeIgniter->run()
13 SYSTEMPATH\Boot.php(67): CodeIgniter\Boot::runCodeIgniter(Object(CodeIgniter\CodeIgniter))
14 FCPATH\index.php(63): CodeIgniter\Boot::bootWeb(Object(Config\Paths))
WARNING - 2025-06-09 15:14:56 --> [DEPRECATED] Passing lowercase HTTP method "get" is deprecated. Use uppercase HTTP method like "GET". in SYSTEMPATH\Router\RouteCollection.php on line 1027.
 1 SYSTEMPATH\Router\RouteCollection.php(1027): trigger_error('Passing lowercase HTTP method "get" is deprecated. Use uppercase HTTP method like "GET".', 16384)
 2 APPPATH\Config\Routes\AdminRoutes.php(172): CodeIgniter\Router\RouteCollection->match([...], 'sync_services/?(:num)?', 'ProvidersController::sync_services/$1')
 3 SYSTEMPATH\Router\RouteCollection.php(800): App\Config\Routes\AdminRoutes::App\Config\Routes\{closure}(Object(CodeIgniter\Router\RouteCollection))
 4 APPPATH\Config\Routes\AdminRoutes.php(167): CodeIgniter\Router\RouteCollection->group('providers', [...], Object(Closure))
 5 SYSTEMPATH\Router\RouteCollection.php(800): App\Config\Routes\AdminRoutes::App\Config\Routes\{closure}(Object(CodeIgniter\Router\RouteCollection))
 6 APPPATH\Config\Routes\AdminRoutes.php(28): CodeIgniter\Router\RouteCollection->group('admin', [...], Object(Closure))
 7 APPPATH\Config\Routes.php(20): App\Config\Routes\AdminRoutes::init(Object(CodeIgniter\Router\RouteCollection))
 8 SYSTEMPATH\Router\RouteCollection.php(340): require('C:\\xampp\\htdocs\\smartstore\\app\\Config\\Routes.php')
 9 SYSTEMPATH\CodeIgniter.php(823): CodeIgniter\Router\RouteCollection->loadRoutes()
10 SYSTEMPATH\CodeIgniter.php(457): CodeIgniter\CodeIgniter->tryToRouteIt(null)
11 SYSTEMPATH\CodeIgniter.php(355): CodeIgniter\CodeIgniter->handleRequest(null, Object(Config\Cache), false)
12 SYSTEMPATH\Boot.php(325): CodeIgniter\CodeIgniter->run()
13 SYSTEMPATH\Boot.php(67): CodeIgniter\Boot::runCodeIgniter(Object(CodeIgniter\CodeIgniter))
14 FCPATH\index.php(63): CodeIgniter\Boot::bootWeb(Object(Config\Paths))
WARNING - 2025-06-09 15:14:56 --> [DEPRECATED] Passing lowercase HTTP method "post" is deprecated. Use uppercase HTTP method like "POST". in SYSTEMPATH\Router\RouteCollection.php on line 1027.
 1 SYSTEMPATH\Router\RouteCollection.php(1027): trigger_error('Passing lowercase HTTP method "post" is deprecated. Use uppercase HTTP method like "POST".', 16384)
 2 APPPATH\Config\Routes\AdminRoutes.php(172): CodeIgniter\Router\RouteCollection->match([...], 'sync_services/?(:num)?', 'ProvidersController::sync_services/$1')
 3 SYSTEMPATH\Router\RouteCollection.php(800): App\Config\Routes\AdminRoutes::App\Config\Routes\{closure}(Object(CodeIgniter\Router\RouteCollection))
 4 APPPATH\Config\Routes\AdminRoutes.php(167): CodeIgniter\Router\RouteCollection->group('providers', [...], Object(Closure))
 5 SYSTEMPATH\Router\RouteCollection.php(800): App\Config\Routes\AdminRoutes::App\Config\Routes\{closure}(Object(CodeIgniter\Router\RouteCollection))
 6 APPPATH\Config\Routes\AdminRoutes.php(28): CodeIgniter\Router\RouteCollection->group('admin', [...], Object(Closure))
 7 APPPATH\Config\Routes.php(20): App\Config\Routes\AdminRoutes::init(Object(CodeIgniter\Router\RouteCollection))
 8 SYSTEMPATH\Router\RouteCollection.php(340): require('C:\\xampp\\htdocs\\smartstore\\app\\Config\\Routes.php')
 9 SYSTEMPATH\CodeIgniter.php(823): CodeIgniter\Router\RouteCollection->loadRoutes()
10 SYSTEMPATH\CodeIgniter.php(457): CodeIgniter\CodeIgniter->tryToRouteIt(null)
11 SYSTEMPATH\CodeIgniter.php(355): CodeIgniter\CodeIgniter->handleRequest(null, Object(Config\Cache), false)
12 SYSTEMPATH\Boot.php(325): CodeIgniter\CodeIgniter->run()
13 SYSTEMPATH\Boot.php(67): CodeIgniter\Boot::runCodeIgniter(Object(CodeIgniter\CodeIgniter))
14 FCPATH\index.php(63): CodeIgniter\Boot::bootWeb(Object(Config\Paths))
WARNING - 2025-06-09 15:14:56 --> [DEPRECATED] Passing lowercase HTTP method "get" is deprecated. Use uppercase HTTP method like "GET". in SYSTEMPATH\Router\RouteCollection.php on line 1027.
 1 SYSTEMPATH\Router\RouteCollection.php(1027): trigger_error('Passing lowercase HTTP method "get" is deprecated. Use uppercase HTTP method like "GET".', 16384)
 2 APPPATH\Config\Routes\AdminRoutes.php(185): CodeIgniter\Router\RouteCollection->match([...], 'add_note/?(:num)?', 'UsersController::add_note/$1')
 3 SYSTEMPATH\Router\RouteCollection.php(800): App\Config\Routes\AdminRoutes::App\Config\Routes\{closure}(Object(CodeIgniter\Router\RouteCollection))
 4 APPPATH\Config\Routes\AdminRoutes.php(182): CodeIgniter\Router\RouteCollection->group('users', [...], Object(Closure))
 5 SYSTEMPATH\Router\RouteCollection.php(800): App\Config\Routes\AdminRoutes::App\Config\Routes\{closure}(Object(CodeIgniter\Router\RouteCollection))
 6 APPPATH\Config\Routes\AdminRoutes.php(28): CodeIgniter\Router\RouteCollection->group('admin', [...], Object(Closure))
 7 APPPATH\Config\Routes.php(20): App\Config\Routes\AdminRoutes::init(Object(CodeIgniter\Router\RouteCollection))
 8 SYSTEMPATH\Router\RouteCollection.php(340): require('C:\\xampp\\htdocs\\smartstore\\app\\Config\\Routes.php')
 9 SYSTEMPATH\CodeIgniter.php(823): CodeIgniter\Router\RouteCollection->loadRoutes()
10 SYSTEMPATH\CodeIgniter.php(457): CodeIgniter\CodeIgniter->tryToRouteIt(null)
11 SYSTEMPATH\CodeIgniter.php(355): CodeIgniter\CodeIgniter->handleRequest(null, Object(Config\Cache), false)
12 SYSTEMPATH\Boot.php(325): CodeIgniter\CodeIgniter->run()
13 SYSTEMPATH\Boot.php(67): CodeIgniter\Boot::runCodeIgniter(Object(CodeIgniter\CodeIgniter))
14 FCPATH\index.php(63): CodeIgniter\Boot::bootWeb(Object(Config\Paths))
WARNING - 2025-06-09 15:14:56 --> [DEPRECATED] Passing lowercase HTTP method "post" is deprecated. Use uppercase HTTP method like "POST". in SYSTEMPATH\Router\RouteCollection.php on line 1027.
 1 SYSTEMPATH\Router\RouteCollection.php(1027): trigger_error('Passing lowercase HTTP method "post" is deprecated. Use uppercase HTTP method like "POST".', 16384)
 2 APPPATH\Config\Routes\AdminRoutes.php(185): CodeIgniter\Router\RouteCollection->match([...], 'add_note/?(:num)?', 'UsersController::add_note/$1')
 3 SYSTEMPATH\Router\RouteCollection.php(800): App\Config\Routes\AdminRoutes::App\Config\Routes\{closure}(Object(CodeIgniter\Router\RouteCollection))
 4 APPPATH\Config\Routes\AdminRoutes.php(182): CodeIgniter\Router\RouteCollection->group('users', [...], Object(Closure))
 5 SYSTEMPATH\Router\RouteCollection.php(800): App\Config\Routes\AdminRoutes::App\Config\Routes\{closure}(Object(CodeIgniter\Router\RouteCollection))
 6 APPPATH\Config\Routes\AdminRoutes.php(28): CodeIgniter\Router\RouteCollection->group('admin', [...], Object(Closure))
 7 APPPATH\Config\Routes.php(20): App\Config\Routes\AdminRoutes::init(Object(CodeIgniter\Router\RouteCollection))
 8 SYSTEMPATH\Router\RouteCollection.php(340): require('C:\\xampp\\htdocs\\smartstore\\app\\Config\\Routes.php')
 9 SYSTEMPATH\CodeIgniter.php(823): CodeIgniter\Router\RouteCollection->loadRoutes()
10 SYSTEMPATH\CodeIgniter.php(457): CodeIgniter\CodeIgniter->tryToRouteIt(null)
11 SYSTEMPATH\CodeIgniter.php(355): CodeIgniter\CodeIgniter->handleRequest(null, Object(Config\Cache), false)
12 SYSTEMPATH\Boot.php(325): CodeIgniter\CodeIgniter->run()
13 SYSTEMPATH\Boot.php(67): CodeIgniter\Boot::runCodeIgniter(Object(CodeIgniter\CodeIgniter))
14 FCPATH\index.php(63): CodeIgniter\Boot::bootWeb(Object(Config\Paths))
WARNING - 2025-06-09 15:14:56 --> [DEPRECATED] Passing lowercase HTTP method "get" is deprecated. Use uppercase HTTP method like "GET". in SYSTEMPATH\Router\RouteCollection.php on line 1027.
 1 SYSTEMPATH\Router\RouteCollection.php(1027): trigger_error('Passing lowercase HTTP method "get" is deprecated. Use uppercase HTTP method like "GET".', 16384)
 2 APPPATH\Config\Routes\AdminRoutes.php(186): CodeIgniter\Router\RouteCollection->match([...], 'send_mail/?(:num)?', 'UsersController::send_mail/$1')
 3 SYSTEMPATH\Router\RouteCollection.php(800): App\Config\Routes\AdminRoutes::App\Config\Routes\{closure}(Object(CodeIgniter\Router\RouteCollection))
 4 APPPATH\Config\Routes\AdminRoutes.php(182): CodeIgniter\Router\RouteCollection->group('users', [...], Object(Closure))
 5 SYSTEMPATH\Router\RouteCollection.php(800): App\Config\Routes\AdminRoutes::App\Config\Routes\{closure}(Object(CodeIgniter\Router\RouteCollection))
 6 APPPATH\Config\Routes\AdminRoutes.php(28): CodeIgniter\Router\RouteCollection->group('admin', [...], Object(Closure))
 7 APPPATH\Config\Routes.php(20): App\Config\Routes\AdminRoutes::init(Object(CodeIgniter\Router\RouteCollection))
 8 SYSTEMPATH\Router\RouteCollection.php(340): require('C:\\xampp\\htdocs\\smartstore\\app\\Config\\Routes.php')
 9 SYSTEMPATH\CodeIgniter.php(823): CodeIgniter\Router\RouteCollection->loadRoutes()
10 SYSTEMPATH\CodeIgniter.php(457): CodeIgniter\CodeIgniter->tryToRouteIt(null)
11 SYSTEMPATH\CodeIgniter.php(355): CodeIgniter\CodeIgniter->handleRequest(null, Object(Config\Cache), false)
12 SYSTEMPATH\Boot.php(325): CodeIgniter\CodeIgniter->run()
13 SYSTEMPATH\Boot.php(67): CodeIgniter\Boot::runCodeIgniter(Object(CodeIgniter\CodeIgniter))
14 FCPATH\index.php(63): CodeIgniter\Boot::bootWeb(Object(Config\Paths))
WARNING - 2025-06-09 15:14:56 --> [DEPRECATED] Passing lowercase HTTP method "post" is deprecated. Use uppercase HTTP method like "POST". in SYSTEMPATH\Router\RouteCollection.php on line 1027.
 1 SYSTEMPATH\Router\RouteCollection.php(1027): trigger_error('Passing lowercase HTTP method "post" is deprecated. Use uppercase HTTP method like "POST".', 16384)
 2 APPPATH\Config\Routes\AdminRoutes.php(186): CodeIgniter\Router\RouteCollection->match([...], 'send_mail/?(:num)?', 'UsersController::send_mail/$1')
 3 SYSTEMPATH\Router\RouteCollection.php(800): App\Config\Routes\AdminRoutes::App\Config\Routes\{closure}(Object(CodeIgniter\Router\RouteCollection))
 4 APPPATH\Config\Routes\AdminRoutes.php(182): CodeIgniter\Router\RouteCollection->group('users', [...], Object(Closure))
 5 SYSTEMPATH\Router\RouteCollection.php(800): App\Config\Routes\AdminRoutes::App\Config\Routes\{closure}(Object(CodeIgniter\Router\RouteCollection))
 6 APPPATH\Config\Routes\AdminRoutes.php(28): CodeIgniter\Router\RouteCollection->group('admin', [...], Object(Closure))
 7 APPPATH\Config\Routes.php(20): App\Config\Routes\AdminRoutes::init(Object(CodeIgniter\Router\RouteCollection))
 8 SYSTEMPATH\Router\RouteCollection.php(340): require('C:\\xampp\\htdocs\\smartstore\\app\\Config\\Routes.php')
 9 SYSTEMPATH\CodeIgniter.php(823): CodeIgniter\Router\RouteCollection->loadRoutes()
10 SYSTEMPATH\CodeIgniter.php(457): CodeIgniter\CodeIgniter->tryToRouteIt(null)
11 SYSTEMPATH\CodeIgniter.php(355): CodeIgniter\CodeIgniter->handleRequest(null, Object(Config\Cache), false)
12 SYSTEMPATH\Boot.php(325): CodeIgniter\CodeIgniter->run()
13 SYSTEMPATH\Boot.php(67): CodeIgniter\Boot::runCodeIgniter(Object(CodeIgniter\CodeIgniter))
14 FCPATH\index.php(63): CodeIgniter\Boot::bootWeb(Object(Config\Paths))
WARNING - 2025-06-09 15:14:56 --> [DEPRECATED] Passing lowercase HTTP method "get" is deprecated. Use uppercase HTTP method like "GET". in SYSTEMPATH\Router\RouteCollection.php on line 1027.
 1 SYSTEMPATH\Router\RouteCollection.php(1027): trigger_error('Passing lowercase HTTP method "get" is deprecated. Use uppercase HTTP method like "GET".', 16384)
 2 APPPATH\Config\Routes\AdminRoutes.php(215): CodeIgniter\Router\RouteCollection->match([...], 'send_mail/?(:num)?', 'TicketsController::send_mail/$1')
 3 SYSTEMPATH\Router\RouteCollection.php(800): App\Config\Routes\AdminRoutes::App\Config\Routes\{closure}(Object(CodeIgniter\Router\RouteCollection))
 4 APPPATH\Config\Routes\AdminRoutes.php(212): CodeIgniter\Router\RouteCollection->group('tickets', [...], Object(Closure))
 5 SYSTEMPATH\Router\RouteCollection.php(800): App\Config\Routes\AdminRoutes::App\Config\Routes\{closure}(Object(CodeIgniter\Router\RouteCollection))
 6 APPPATH\Config\Routes\AdminRoutes.php(28): CodeIgniter\Router\RouteCollection->group('admin', [...], Object(Closure))
 7 APPPATH\Config\Routes.php(20): App\Config\Routes\AdminRoutes::init(Object(CodeIgniter\Router\RouteCollection))
 8 SYSTEMPATH\Router\RouteCollection.php(340): require('C:\\xampp\\htdocs\\smartstore\\app\\Config\\Routes.php')
 9 SYSTEMPATH\CodeIgniter.php(823): CodeIgniter\Router\RouteCollection->loadRoutes()
10 SYSTEMPATH\CodeIgniter.php(457): CodeIgniter\CodeIgniter->tryToRouteIt(null)
11 SYSTEMPATH\CodeIgniter.php(355): CodeIgniter\CodeIgniter->handleRequest(null, Object(Config\Cache), false)
12 SYSTEMPATH\Boot.php(325): CodeIgniter\CodeIgniter->run()
13 SYSTEMPATH\Boot.php(67): CodeIgniter\Boot::runCodeIgniter(Object(CodeIgniter\CodeIgniter))
14 FCPATH\index.php(63): CodeIgniter\Boot::bootWeb(Object(Config\Paths))
WARNING - 2025-06-09 15:14:56 --> [DEPRECATED] Passing lowercase HTTP method "post" is deprecated. Use uppercase HTTP method like "POST". in SYSTEMPATH\Router\RouteCollection.php on line 1027.
 1 SYSTEMPATH\Router\RouteCollection.php(1027): trigger_error('Passing lowercase HTTP method "post" is deprecated. Use uppercase HTTP method like "POST".', 16384)
 2 APPPATH\Config\Routes\AdminRoutes.php(215): CodeIgniter\Router\RouteCollection->match([...], 'send_mail/?(:num)?', 'TicketsController::send_mail/$1')
 3 SYSTEMPATH\Router\RouteCollection.php(800): App\Config\Routes\AdminRoutes::App\Config\Routes\{closure}(Object(CodeIgniter\Router\RouteCollection))
 4 APPPATH\Config\Routes\AdminRoutes.php(212): CodeIgniter\Router\RouteCollection->group('tickets', [...], Object(Closure))
 5 SYSTEMPATH\Router\RouteCollection.php(800): App\Config\Routes\AdminRoutes::App\Config\Routes\{closure}(Object(CodeIgniter\Router\RouteCollection))
 6 APPPATH\Config\Routes\AdminRoutes.php(28): CodeIgniter\Router\RouteCollection->group('admin', [...], Object(Closure))
 7 APPPATH\Config\Routes.php(20): App\Config\Routes\AdminRoutes::init(Object(CodeIgniter\Router\RouteCollection))
 8 SYSTEMPATH\Router\RouteCollection.php(340): require('C:\\xampp\\htdocs\\smartstore\\app\\Config\\Routes.php')
 9 SYSTEMPATH\CodeIgniter.php(823): CodeIgniter\Router\RouteCollection->loadRoutes()
10 SYSTEMPATH\CodeIgniter.php(457): CodeIgniter\CodeIgniter->tryToRouteIt(null)
11 SYSTEMPATH\CodeIgniter.php(355): CodeIgniter\CodeIgniter->handleRequest(null, Object(Config\Cache), false)
12 SYSTEMPATH\Boot.php(325): CodeIgniter\CodeIgniter->run()
13 SYSTEMPATH\Boot.php(67): CodeIgniter\Boot::runCodeIgniter(Object(CodeIgniter\CodeIgniter))
14 FCPATH\index.php(63): CodeIgniter\Boot::bootWeb(Object(Config\Paths))
WARNING - 2025-06-09 15:14:56 --> [DEPRECATED] Passing lowercase HTTP method "get" is deprecated. Use uppercase HTTP method like "GET". in SYSTEMPATH\Router\RouteCollection.php on line 1027.
 1 SYSTEMPATH\Router\RouteCollection.php(1027): trigger_error('Passing lowercase HTTP method "get" is deprecated. Use uppercase HTTP method like "GET".', 16384)
 2 APPPATH\Config\Routes\UserRoutes.php(49): CodeIgniter\Router\RouteCollection->match([...], 'submit_review', 'ClientController::submit_review', [...])
 3 APPPATH\Config\Routes\UserRoutes.php(23): App\Config\Routes\UserRoutes::defineRoutes(Object(CodeIgniter\Router\RouteCollection))
 4 APPPATH\Config\Routes.php(21): App\Config\Routes\UserRoutes::init(Object(CodeIgniter\Router\RouteCollection))
 5 SYSTEMPATH\Router\RouteCollection.php(340): require('C:\\xampp\\htdocs\\smartstore\\app\\Config\\Routes.php')
 6 SYSTEMPATH\CodeIgniter.php(823): CodeIgniter\Router\RouteCollection->loadRoutes()
 7 SYSTEMPATH\CodeIgniter.php(457): CodeIgniter\CodeIgniter->tryToRouteIt(null)
 8 SYSTEMPATH\CodeIgniter.php(355): CodeIgniter\CodeIgniter->handleRequest(null, Object(Config\Cache), false)
 9 SYSTEMPATH\Boot.php(325): CodeIgniter\CodeIgniter->run()
10 SYSTEMPATH\Boot.php(67): CodeIgniter\Boot::runCodeIgniter(Object(CodeIgniter\CodeIgniter))
11 FCPATH\index.php(63): CodeIgniter\Boot::bootWeb(Object(Config\Paths))
WARNING - 2025-06-09 15:14:56 --> [DEPRECATED] Passing lowercase HTTP method "post" is deprecated. Use uppercase HTTP method like "POST". in SYSTEMPATH\Router\RouteCollection.php on line 1027.
 1 SYSTEMPATH\Router\RouteCollection.php(1027): trigger_error('Passing lowercase HTTP method "post" is deprecated. Use uppercase HTTP method like "POST".', 16384)
 2 APPPATH\Config\Routes\UserRoutes.php(49): CodeIgniter\Router\RouteCollection->match([...], 'submit_review', 'ClientController::submit_review', [...])
 3 APPPATH\Config\Routes\UserRoutes.php(23): App\Config\Routes\UserRoutes::defineRoutes(Object(CodeIgniter\Router\RouteCollection))
 4 APPPATH\Config\Routes.php(21): App\Config\Routes\UserRoutes::init(Object(CodeIgniter\Router\RouteCollection))
 5 SYSTEMPATH\Router\RouteCollection.php(340): require('C:\\xampp\\htdocs\\smartstore\\app\\Config\\Routes.php')
 6 SYSTEMPATH\CodeIgniter.php(823): CodeIgniter\Router\RouteCollection->loadRoutes()
 7 SYSTEMPATH\CodeIgniter.php(457): CodeIgniter\CodeIgniter->tryToRouteIt(null)
 8 SYSTEMPATH\CodeIgniter.php(355): CodeIgniter\CodeIgniter->handleRequest(null, Object(Config\Cache), false)
 9 SYSTEMPATH\Boot.php(325): CodeIgniter\CodeIgniter->run()
10 SYSTEMPATH\Boot.php(67): CodeIgniter\Boot::runCodeIgniter(Object(CodeIgniter\CodeIgniter))
11 FCPATH\index.php(63): CodeIgniter\Boot::bootWeb(Object(Config\Paths))
WARNING - 2025-06-09 15:14:56 --> [DEPRECATED] Passing lowercase HTTP method "get" is deprecated. Use uppercase HTTP method like "GET". in SYSTEMPATH\Router\RouteCollection.php on line 1027.
 1 SYSTEMPATH\Router\RouteCollection.php(1027): trigger_error('Passing lowercase HTTP method "get" is deprecated. Use uppercase HTTP method like "GET".', 16384)
 2 APPPATH\Config\Routes\UserRoutes.php(63): CodeIgniter\Router\RouteCollection->match([...], 'track-order', 'OrderController::track_order', [...])
 3 APPPATH\Config\Routes\UserRoutes.php(23): App\Config\Routes\UserRoutes::defineRoutes(Object(CodeIgniter\Router\RouteCollection))
 4 APPPATH\Config\Routes.php(21): App\Config\Routes\UserRoutes::init(Object(CodeIgniter\Router\RouteCollection))
 5 SYSTEMPATH\Router\RouteCollection.php(340): require('C:\\xampp\\htdocs\\smartstore\\app\\Config\\Routes.php')
 6 SYSTEMPATH\CodeIgniter.php(823): CodeIgniter\Router\RouteCollection->loadRoutes()
 7 SYSTEMPATH\CodeIgniter.php(457): CodeIgniter\CodeIgniter->tryToRouteIt(null)
 8 SYSTEMPATH\CodeIgniter.php(355): CodeIgniter\CodeIgniter->handleRequest(null, Object(Config\Cache), false)
 9 SYSTEMPATH\Boot.php(325): CodeIgniter\CodeIgniter->run()
10 SYSTEMPATH\Boot.php(67): CodeIgniter\Boot::runCodeIgniter(Object(CodeIgniter\CodeIgniter))
11 FCPATH\index.php(63): CodeIgniter\Boot::bootWeb(Object(Config\Paths))
WARNING - 2025-06-09 15:14:56 --> [DEPRECATED] Passing lowercase HTTP method "post" is deprecated. Use uppercase HTTP method like "POST". in SYSTEMPATH\Router\RouteCollection.php on line 1027.
 1 SYSTEMPATH\Router\RouteCollection.php(1027): trigger_error('Passing lowercase HTTP method "post" is deprecated. Use uppercase HTTP method like "POST".', 16384)
 2 APPPATH\Config\Routes\UserRoutes.php(63): CodeIgniter\Router\RouteCollection->match([...], 'track-order', 'OrderController::track_order', [...])
 3 APPPATH\Config\Routes\UserRoutes.php(23): App\Config\Routes\UserRoutes::defineRoutes(Object(CodeIgniter\Router\RouteCollection))
 4 APPPATH\Config\Routes.php(21): App\Config\Routes\UserRoutes::init(Object(CodeIgniter\Router\RouteCollection))
 5 SYSTEMPATH\Router\RouteCollection.php(340): require('C:\\xampp\\htdocs\\smartstore\\app\\Config\\Routes.php')
 6 SYSTEMPATH\CodeIgniter.php(823): CodeIgniter\Router\RouteCollection->loadRoutes()
 7 SYSTEMPATH\CodeIgniter.php(457): CodeIgniter\CodeIgniter->tryToRouteIt(null)
 8 SYSTEMPATH\CodeIgniter.php(355): CodeIgniter\CodeIgniter->handleRequest(null, Object(Config\Cache), false)
 9 SYSTEMPATH\Boot.php(325): CodeIgniter\CodeIgniter->run()
10 SYSTEMPATH\Boot.php(67): CodeIgniter\Boot::runCodeIgniter(Object(CodeIgniter\CodeIgniter))
11 FCPATH\index.php(63): CodeIgniter\Boot::bootWeb(Object(Config\Paths))
WARNING - 2025-06-09 15:14:56 --> [DEPRECATED] Passing lowercase HTTP method "get" is deprecated. Use uppercase HTTP method like "GET". in SYSTEMPATH\Router\RouteCollection.php on line 1027.
 1 SYSTEMPATH\Router\RouteCollection.php(1027): trigger_error('Passing lowercase HTTP method "get" is deprecated. Use uppercase HTTP method like "GET".', 16384)
 2 APPPATH\Config\Routes\UserRoutes.php(49): CodeIgniter\Router\RouteCollection->match([...], 'submit_review', 'ClientController::submit_review', [...])
 3 APPPATH\Config\Routes\UserRoutes.php(26): App\Config\Routes\UserRoutes::defineRoutes(Object(CodeIgniter\Router\RouteCollection))
 4 SYSTEMPATH\Router\RouteCollection.php(800): App\Config\Routes\UserRoutes::App\Config\Routes\{closure}(Object(CodeIgniter\Router\RouteCollection))
 5 APPPATH\Config\Routes\UserRoutes.php(25): CodeIgniter\Router\RouteCollection->group('{locale}', Object(Closure))
 6 APPPATH\Config\Routes.php(21): App\Config\Routes\UserRoutes::init(Object(CodeIgniter\Router\RouteCollection))
 7 SYSTEMPATH\Router\RouteCollection.php(340): require('C:\\xampp\\htdocs\\smartstore\\app\\Config\\Routes.php')
 8 SYSTEMPATH\CodeIgniter.php(823): CodeIgniter\Router\RouteCollection->loadRoutes()
 9 SYSTEMPATH\CodeIgniter.php(457): CodeIgniter\CodeIgniter->tryToRouteIt(null)
10 SYSTEMPATH\CodeIgniter.php(355): CodeIgniter\CodeIgniter->handleRequest(null, Object(Config\Cache), false)
11 SYSTEMPATH\Boot.php(325): CodeIgniter\CodeIgniter->run()
12 SYSTEMPATH\Boot.php(67): CodeIgniter\Boot::runCodeIgniter(Object(CodeIgniter\CodeIgniter))
13 FCPATH\index.php(63): CodeIgniter\Boot::bootWeb(Object(Config\Paths))
WARNING - 2025-06-09 15:14:56 --> [DEPRECATED] Passing lowercase HTTP method "post" is deprecated. Use uppercase HTTP method like "POST". in SYSTEMPATH\Router\RouteCollection.php on line 1027.
 1 SYSTEMPATH\Router\RouteCollection.php(1027): trigger_error('Passing lowercase HTTP method "post" is deprecated. Use uppercase HTTP method like "POST".', 16384)
 2 APPPATH\Config\Routes\UserRoutes.php(49): CodeIgniter\Router\RouteCollection->match([...], 'submit_review', 'ClientController::submit_review', [...])
 3 APPPATH\Config\Routes\UserRoutes.php(26): App\Config\Routes\UserRoutes::defineRoutes(Object(CodeIgniter\Router\RouteCollection))
 4 SYSTEMPATH\Router\RouteCollection.php(800): App\Config\Routes\UserRoutes::App\Config\Routes\{closure}(Object(CodeIgniter\Router\RouteCollection))
 5 APPPATH\Config\Routes\UserRoutes.php(25): CodeIgniter\Router\RouteCollection->group('{locale}', Object(Closure))
 6 APPPATH\Config\Routes.php(21): App\Config\Routes\UserRoutes::init(Object(CodeIgniter\Router\RouteCollection))
 7 SYSTEMPATH\Router\RouteCollection.php(340): require('C:\\xampp\\htdocs\\smartstore\\app\\Config\\Routes.php')
 8 SYSTEMPATH\CodeIgniter.php(823): CodeIgniter\Router\RouteCollection->loadRoutes()
 9 SYSTEMPATH\CodeIgniter.php(457): CodeIgniter\CodeIgniter->tryToRouteIt(null)
10 SYSTEMPATH\CodeIgniter.php(355): CodeIgniter\CodeIgniter->handleRequest(null, Object(Config\Cache), false)
11 SYSTEMPATH\Boot.php(325): CodeIgniter\CodeIgniter->run()
12 SYSTEMPATH\Boot.php(67): CodeIgniter\Boot::runCodeIgniter(Object(CodeIgniter\CodeIgniter))
13 FCPATH\index.php(63): CodeIgniter\Boot::bootWeb(Object(Config\Paths))
WARNING - 2025-06-09 15:14:56 --> [DEPRECATED] Passing lowercase HTTP method "get" is deprecated. Use uppercase HTTP method like "GET". in SYSTEMPATH\Router\RouteCollection.php on line 1027.
 1 SYSTEMPATH\Router\RouteCollection.php(1027): trigger_error('Passing lowercase HTTP method "get" is deprecated. Use uppercase HTTP method like "GET".', 16384)
 2 APPPATH\Config\Routes\UserRoutes.php(63): CodeIgniter\Router\RouteCollection->match([...], 'track-order', 'OrderController::track_order', [...])
 3 APPPATH\Config\Routes\UserRoutes.php(26): App\Config\Routes\UserRoutes::defineRoutes(Object(CodeIgniter\Router\RouteCollection))
 4 SYSTEMPATH\Router\RouteCollection.php(800): App\Config\Routes\UserRoutes::App\Config\Routes\{closure}(Object(CodeIgniter\Router\RouteCollection))
 5 APPPATH\Config\Routes\UserRoutes.php(25): CodeIgniter\Router\RouteCollection->group('{locale}', Object(Closure))
 6 APPPATH\Config\Routes.php(21): App\Config\Routes\UserRoutes::init(Object(CodeIgniter\Router\RouteCollection))
 7 SYSTEMPATH\Router\RouteCollection.php(340): require('C:\\xampp\\htdocs\\smartstore\\app\\Config\\Routes.php')
 8 SYSTEMPATH\CodeIgniter.php(823): CodeIgniter\Router\RouteCollection->loadRoutes()
 9 SYSTEMPATH\CodeIgniter.php(457): CodeIgniter\CodeIgniter->tryToRouteIt(null)
10 SYSTEMPATH\CodeIgniter.php(355): CodeIgniter\CodeIgniter->handleRequest(null, Object(Config\Cache), false)
11 SYSTEMPATH\Boot.php(325): CodeIgniter\CodeIgniter->run()
12 SYSTEMPATH\Boot.php(67): CodeIgniter\Boot::runCodeIgniter(Object(CodeIgniter\CodeIgniter))
13 FCPATH\index.php(63): CodeIgniter\Boot::bootWeb(Object(Config\Paths))
WARNING - 2025-06-09 15:14:56 --> [DEPRECATED] Passing lowercase HTTP method "post" is deprecated. Use uppercase HTTP method like "POST". in SYSTEMPATH\Router\RouteCollection.php on line 1027.
 1 SYSTEMPATH\Router\RouteCollection.php(1027): trigger_error('Passing lowercase HTTP method "post" is deprecated. Use uppercase HTTP method like "POST".', 16384)
 2 APPPATH\Config\Routes\UserRoutes.php(63): CodeIgniter\Router\RouteCollection->match([...], 'track-order', 'OrderController::track_order', [...])
 3 APPPATH\Config\Routes\UserRoutes.php(26): App\Config\Routes\UserRoutes::defineRoutes(Object(CodeIgniter\Router\RouteCollection))
 4 SYSTEMPATH\Router\RouteCollection.php(800): App\Config\Routes\UserRoutes::App\Config\Routes\{closure}(Object(CodeIgniter\Router\RouteCollection))
 5 APPPATH\Config\Routes\UserRoutes.php(25): CodeIgniter\Router\RouteCollection->group('{locale}', Object(Closure))
 6 APPPATH\Config\Routes.php(21): App\Config\Routes\UserRoutes::init(Object(CodeIgniter\Router\RouteCollection))
 7 SYSTEMPATH\Router\RouteCollection.php(340): require('C:\\xampp\\htdocs\\smartstore\\app\\Config\\Routes.php')
 8 SYSTEMPATH\CodeIgniter.php(823): CodeIgniter\Router\RouteCollection->loadRoutes()
 9 SYSTEMPATH\CodeIgniter.php(457): CodeIgniter\CodeIgniter->tryToRouteIt(null)
10 SYSTEMPATH\CodeIgniter.php(355): CodeIgniter\CodeIgniter->handleRequest(null, Object(Config\Cache), false)
11 SYSTEMPATH\Boot.php(325): CodeIgniter\CodeIgniter->run()
12 SYSTEMPATH\Boot.php(67): CodeIgniter\Boot::runCodeIgniter(Object(CodeIgniter\CodeIgniter))
13 FCPATH\index.php(63): CodeIgniter\Boot::bootWeb(Object(Config\Paths))
WARNING - 2025-06-09 15:15:00 --> [DEPRECATED] Passing lowercase HTTP method "get" is deprecated. Use uppercase HTTP method like "GET". in SYSTEMPATH\Router\RouteCollection.php on line 1027.
 1 SYSTEMPATH\Router\RouteCollection.php(1027): trigger_error('Passing lowercase HTTP method "get" is deprecated. Use uppercase HTTP method like "GET".', 16384)
 2 APPPATH\Config\Routes\AdminRoutes.php(65): CodeIgniter\Router\RouteCollection->match([...], 'send_test_mail', 'SettingsController::send_test_mail')
 3 SYSTEMPATH\Router\RouteCollection.php(800): App\Config\Routes\AdminRoutes::App\Config\Routes\{closure}(Object(CodeIgniter\Router\RouteCollection))
 4 APPPATH\Config\Routes\AdminRoutes.php(63): CodeIgniter\Router\RouteCollection->group('settings', [...], Object(Closure))
 5 SYSTEMPATH\Router\RouteCollection.php(800): App\Config\Routes\AdminRoutes::App\Config\Routes\{closure}(Object(CodeIgniter\Router\RouteCollection))
 6 APPPATH\Config\Routes\AdminRoutes.php(28): CodeIgniter\Router\RouteCollection->group('admin', [...], Object(Closure))
 7 APPPATH\Config\Routes.php(20): App\Config\Routes\AdminRoutes::init(Object(CodeIgniter\Router\RouteCollection))
 8 SYSTEMPATH\Router\RouteCollection.php(340): require('C:\\xampp\\htdocs\\smartstore\\app\\Config\\Routes.php')
 9 SYSTEMPATH\CodeIgniter.php(823): CodeIgniter\Router\RouteCollection->loadRoutes()
10 SYSTEMPATH\CodeIgniter.php(457): CodeIgniter\CodeIgniter->tryToRouteIt(null)
11 SYSTEMPATH\CodeIgniter.php(355): CodeIgniter\CodeIgniter->handleRequest(null, Object(Config\Cache), false)
12 SYSTEMPATH\Boot.php(325): CodeIgniter\CodeIgniter->run()
13 SYSTEMPATH\Boot.php(67): CodeIgniter\Boot::runCodeIgniter(Object(CodeIgniter\CodeIgniter))
14 FCPATH\index.php(63): CodeIgniter\Boot::bootWeb(Object(Config\Paths))
WARNING - 2025-06-09 15:15:00 --> [DEPRECATED] Passing lowercase HTTP method "post" is deprecated. Use uppercase HTTP method like "POST". in SYSTEMPATH\Router\RouteCollection.php on line 1027.
 1 SYSTEMPATH\Router\RouteCollection.php(1027): trigger_error('Passing lowercase HTTP method "post" is deprecated. Use uppercase HTTP method like "POST".', 16384)
 2 APPPATH\Config\Routes\AdminRoutes.php(65): CodeIgniter\Router\RouteCollection->match([...], 'send_test_mail', 'SettingsController::send_test_mail')
 3 SYSTEMPATH\Router\RouteCollection.php(800): App\Config\Routes\AdminRoutes::App\Config\Routes\{closure}(Object(CodeIgniter\Router\RouteCollection))
 4 APPPATH\Config\Routes\AdminRoutes.php(63): CodeIgniter\Router\RouteCollection->group('settings', [...], Object(Closure))
 5 SYSTEMPATH\Router\RouteCollection.php(800): App\Config\Routes\AdminRoutes::App\Config\Routes\{closure}(Object(CodeIgniter\Router\RouteCollection))
 6 APPPATH\Config\Routes\AdminRoutes.php(28): CodeIgniter\Router\RouteCollection->group('admin', [...], Object(Closure))
 7 APPPATH\Config\Routes.php(20): App\Config\Routes\AdminRoutes::init(Object(CodeIgniter\Router\RouteCollection))
 8 SYSTEMPATH\Router\RouteCollection.php(340): require('C:\\xampp\\htdocs\\smartstore\\app\\Config\\Routes.php')
 9 SYSTEMPATH\CodeIgniter.php(823): CodeIgniter\Router\RouteCollection->loadRoutes()
10 SYSTEMPATH\CodeIgniter.php(457): CodeIgniter\CodeIgniter->tryToRouteIt(null)
11 SYSTEMPATH\CodeIgniter.php(355): CodeIgniter\CodeIgniter->handleRequest(null, Object(Config\Cache), false)
12 SYSTEMPATH\Boot.php(325): CodeIgniter\CodeIgniter->run()
13 SYSTEMPATH\Boot.php(67): CodeIgniter\Boot::runCodeIgniter(Object(CodeIgniter\CodeIgniter))
14 FCPATH\index.php(63): CodeIgniter\Boot::bootWeb(Object(Config\Paths))
WARNING - 2025-06-09 15:15:00 --> [DEPRECATED] Passing lowercase HTTP method "get" is deprecated. Use uppercase HTTP method like "GET". in SYSTEMPATH\Router\RouteCollection.php on line 1027.
 1 SYSTEMPATH\Router\RouteCollection.php(1027): trigger_error('Passing lowercase HTTP method "get" is deprecated. Use uppercase HTTP method like "GET".', 16384)
 2 APPPATH\Config\Routes\AdminRoutes.php(76): CodeIgniter\Router\RouteCollection->match([...], 'elfinder_connector', 'FilemanagerController::elfinder_connector')
 3 SYSTEMPATH\Router\RouteCollection.php(800): App\Config\Routes\AdminRoutes::App\Config\Routes\{closure}(Object(CodeIgniter\Router\RouteCollection))
 4 APPPATH\Config\Routes\AdminRoutes.php(73): CodeIgniter\Router\RouteCollection->group('filemanager', [...], Object(Closure))
 5 SYSTEMPATH\Router\RouteCollection.php(800): App\Config\Routes\AdminRoutes::App\Config\Routes\{closure}(Object(CodeIgniter\Router\RouteCollection))
 6 APPPATH\Config\Routes\AdminRoutes.php(28): CodeIgniter\Router\RouteCollection->group('admin', [...], Object(Closure))
 7 APPPATH\Config\Routes.php(20): App\Config\Routes\AdminRoutes::init(Object(CodeIgniter\Router\RouteCollection))
 8 SYSTEMPATH\Router\RouteCollection.php(340): require('C:\\xampp\\htdocs\\smartstore\\app\\Config\\Routes.php')
 9 SYSTEMPATH\CodeIgniter.php(823): CodeIgniter\Router\RouteCollection->loadRoutes()
10 SYSTEMPATH\CodeIgniter.php(457): CodeIgniter\CodeIgniter->tryToRouteIt(null)
11 SYSTEMPATH\CodeIgniter.php(355): CodeIgniter\CodeIgniter->handleRequest(null, Object(Config\Cache), false)
12 SYSTEMPATH\Boot.php(325): CodeIgniter\CodeIgniter->run()
13 SYSTEMPATH\Boot.php(67): CodeIgniter\Boot::runCodeIgniter(Object(CodeIgniter\CodeIgniter))
14 FCPATH\index.php(63): CodeIgniter\Boot::bootWeb(Object(Config\Paths))
WARNING - 2025-06-09 15:15:00 --> [DEPRECATED] Passing lowercase HTTP method "post" is deprecated. Use uppercase HTTP method like "POST". in SYSTEMPATH\Router\RouteCollection.php on line 1027.
 1 SYSTEMPATH\Router\RouteCollection.php(1027): trigger_error('Passing lowercase HTTP method "post" is deprecated. Use uppercase HTTP method like "POST".', 16384)
 2 APPPATH\Config\Routes\AdminRoutes.php(76): CodeIgniter\Router\RouteCollection->match([...], 'elfinder_connector', 'FilemanagerController::elfinder_connector')
 3 SYSTEMPATH\Router\RouteCollection.php(800): App\Config\Routes\AdminRoutes::App\Config\Routes\{closure}(Object(CodeIgniter\Router\RouteCollection))
 4 APPPATH\Config\Routes\AdminRoutes.php(73): CodeIgniter\Router\RouteCollection->group('filemanager', [...], Object(Closure))
 5 SYSTEMPATH\Router\RouteCollection.php(800): App\Config\Routes\AdminRoutes::App\Config\Routes\{closure}(Object(CodeIgniter\Router\RouteCollection))
 6 APPPATH\Config\Routes\AdminRoutes.php(28): CodeIgniter\Router\RouteCollection->group('admin', [...], Object(Closure))
 7 APPPATH\Config\Routes.php(20): App\Config\Routes\AdminRoutes::init(Object(CodeIgniter\Router\RouteCollection))
 8 SYSTEMPATH\Router\RouteCollection.php(340): require('C:\\xampp\\htdocs\\smartstore\\app\\Config\\Routes.php')
 9 SYSTEMPATH\CodeIgniter.php(823): CodeIgniter\Router\RouteCollection->loadRoutes()
10 SYSTEMPATH\CodeIgniter.php(457): CodeIgniter\CodeIgniter->tryToRouteIt(null)
11 SYSTEMPATH\CodeIgniter.php(355): CodeIgniter\CodeIgniter->handleRequest(null, Object(Config\Cache), false)
12 SYSTEMPATH\Boot.php(325): CodeIgniter\CodeIgniter->run()
13 SYSTEMPATH\Boot.php(67): CodeIgniter\Boot::runCodeIgniter(Object(CodeIgniter\CodeIgniter))
14 FCPATH\index.php(63): CodeIgniter\Boot::bootWeb(Object(Config\Paths))
WARNING - 2025-06-09 15:15:00 --> [DEPRECATED] Passing lowercase HTTP method "get" is deprecated. Use uppercase HTTP method like "GET". in SYSTEMPATH\Router\RouteCollection.php on line 1027.
 1 SYSTEMPATH\Router\RouteCollection.php(1027): trigger_error('Passing lowercase HTTP method "get" is deprecated. Use uppercase HTTP method like "GET".', 16384)
 2 APPPATH\Config\Routes\AdminRoutes.php(172): CodeIgniter\Router\RouteCollection->match([...], 'sync_services/?(:num)?', 'ProvidersController::sync_services/$1')
 3 SYSTEMPATH\Router\RouteCollection.php(800): App\Config\Routes\AdminRoutes::App\Config\Routes\{closure}(Object(CodeIgniter\Router\RouteCollection))
 4 APPPATH\Config\Routes\AdminRoutes.php(167): CodeIgniter\Router\RouteCollection->group('providers', [...], Object(Closure))
 5 SYSTEMPATH\Router\RouteCollection.php(800): App\Config\Routes\AdminRoutes::App\Config\Routes\{closure}(Object(CodeIgniter\Router\RouteCollection))
 6 APPPATH\Config\Routes\AdminRoutes.php(28): CodeIgniter\Router\RouteCollection->group('admin', [...], Object(Closure))
 7 APPPATH\Config\Routes.php(20): App\Config\Routes\AdminRoutes::init(Object(CodeIgniter\Router\RouteCollection))
 8 SYSTEMPATH\Router\RouteCollection.php(340): require('C:\\xampp\\htdocs\\smartstore\\app\\Config\\Routes.php')
 9 SYSTEMPATH\CodeIgniter.php(823): CodeIgniter\Router\RouteCollection->loadRoutes()
10 SYSTEMPATH\CodeIgniter.php(457): CodeIgniter\CodeIgniter->tryToRouteIt(null)
11 SYSTEMPATH\CodeIgniter.php(355): CodeIgniter\CodeIgniter->handleRequest(null, Object(Config\Cache), false)
12 SYSTEMPATH\Boot.php(325): CodeIgniter\CodeIgniter->run()
13 SYSTEMPATH\Boot.php(67): CodeIgniter\Boot::runCodeIgniter(Object(CodeIgniter\CodeIgniter))
14 FCPATH\index.php(63): CodeIgniter\Boot::bootWeb(Object(Config\Paths))
WARNING - 2025-06-09 15:15:00 --> [DEPRECATED] Passing lowercase HTTP method "post" is deprecated. Use uppercase HTTP method like "POST". in SYSTEMPATH\Router\RouteCollection.php on line 1027.
 1 SYSTEMPATH\Router\RouteCollection.php(1027): trigger_error('Passing lowercase HTTP method "post" is deprecated. Use uppercase HTTP method like "POST".', 16384)
 2 APPPATH\Config\Routes\AdminRoutes.php(172): CodeIgniter\Router\RouteCollection->match([...], 'sync_services/?(:num)?', 'ProvidersController::sync_services/$1')
 3 SYSTEMPATH\Router\RouteCollection.php(800): App\Config\Routes\AdminRoutes::App\Config\Routes\{closure}(Object(CodeIgniter\Router\RouteCollection))
 4 APPPATH\Config\Routes\AdminRoutes.php(167): CodeIgniter\Router\RouteCollection->group('providers', [...], Object(Closure))
 5 SYSTEMPATH\Router\RouteCollection.php(800): App\Config\Routes\AdminRoutes::App\Config\Routes\{closure}(Object(CodeIgniter\Router\RouteCollection))
 6 APPPATH\Config\Routes\AdminRoutes.php(28): CodeIgniter\Router\RouteCollection->group('admin', [...], Object(Closure))
 7 APPPATH\Config\Routes.php(20): App\Config\Routes\AdminRoutes::init(Object(CodeIgniter\Router\RouteCollection))
 8 SYSTEMPATH\Router\RouteCollection.php(340): require('C:\\xampp\\htdocs\\smartstore\\app\\Config\\Routes.php')
 9 SYSTEMPATH\CodeIgniter.php(823): CodeIgniter\Router\RouteCollection->loadRoutes()
10 SYSTEMPATH\CodeIgniter.php(457): CodeIgniter\CodeIgniter->tryToRouteIt(null)
11 SYSTEMPATH\CodeIgniter.php(355): CodeIgniter\CodeIgniter->handleRequest(null, Object(Config\Cache), false)
12 SYSTEMPATH\Boot.php(325): CodeIgniter\CodeIgniter->run()
13 SYSTEMPATH\Boot.php(67): CodeIgniter\Boot::runCodeIgniter(Object(CodeIgniter\CodeIgniter))
14 FCPATH\index.php(63): CodeIgniter\Boot::bootWeb(Object(Config\Paths))
WARNING - 2025-06-09 15:15:00 --> [DEPRECATED] Passing lowercase HTTP method "get" is deprecated. Use uppercase HTTP method like "GET". in SYSTEMPATH\Router\RouteCollection.php on line 1027.
 1 SYSTEMPATH\Router\RouteCollection.php(1027): trigger_error('Passing lowercase HTTP method "get" is deprecated. Use uppercase HTTP method like "GET".', 16384)
 2 APPPATH\Config\Routes\AdminRoutes.php(185): CodeIgniter\Router\RouteCollection->match([...], 'add_note/?(:num)?', 'UsersController::add_note/$1')
 3 SYSTEMPATH\Router\RouteCollection.php(800): App\Config\Routes\AdminRoutes::App\Config\Routes\{closure}(Object(CodeIgniter\Router\RouteCollection))
 4 APPPATH\Config\Routes\AdminRoutes.php(182): CodeIgniter\Router\RouteCollection->group('users', [...], Object(Closure))
 5 SYSTEMPATH\Router\RouteCollection.php(800): App\Config\Routes\AdminRoutes::App\Config\Routes\{closure}(Object(CodeIgniter\Router\RouteCollection))
 6 APPPATH\Config\Routes\AdminRoutes.php(28): CodeIgniter\Router\RouteCollection->group('admin', [...], Object(Closure))
 7 APPPATH\Config\Routes.php(20): App\Config\Routes\AdminRoutes::init(Object(CodeIgniter\Router\RouteCollection))
 8 SYSTEMPATH\Router\RouteCollection.php(340): require('C:\\xampp\\htdocs\\smartstore\\app\\Config\\Routes.php')
 9 SYSTEMPATH\CodeIgniter.php(823): CodeIgniter\Router\RouteCollection->loadRoutes()
10 SYSTEMPATH\CodeIgniter.php(457): CodeIgniter\CodeIgniter->tryToRouteIt(null)
11 SYSTEMPATH\CodeIgniter.php(355): CodeIgniter\CodeIgniter->handleRequest(null, Object(Config\Cache), false)
12 SYSTEMPATH\Boot.php(325): CodeIgniter\CodeIgniter->run()
13 SYSTEMPATH\Boot.php(67): CodeIgniter\Boot::runCodeIgniter(Object(CodeIgniter\CodeIgniter))
14 FCPATH\index.php(63): CodeIgniter\Boot::bootWeb(Object(Config\Paths))
WARNING - 2025-06-09 15:15:00 --> [DEPRECATED] Passing lowercase HTTP method "post" is deprecated. Use uppercase HTTP method like "POST". in SYSTEMPATH\Router\RouteCollection.php on line 1027.
 1 SYSTEMPATH\Router\RouteCollection.php(1027): trigger_error('Passing lowercase HTTP method "post" is deprecated. Use uppercase HTTP method like "POST".', 16384)
 2 APPPATH\Config\Routes\AdminRoutes.php(185): CodeIgniter\Router\RouteCollection->match([...], 'add_note/?(:num)?', 'UsersController::add_note/$1')
 3 SYSTEMPATH\Router\RouteCollection.php(800): App\Config\Routes\AdminRoutes::App\Config\Routes\{closure}(Object(CodeIgniter\Router\RouteCollection))
 4 APPPATH\Config\Routes\AdminRoutes.php(182): CodeIgniter\Router\RouteCollection->group('users', [...], Object(Closure))
 5 SYSTEMPATH\Router\RouteCollection.php(800): App\Config\Routes\AdminRoutes::App\Config\Routes\{closure}(Object(CodeIgniter\Router\RouteCollection))
 6 APPPATH\Config\Routes\AdminRoutes.php(28): CodeIgniter\Router\RouteCollection->group('admin', [...], Object(Closure))
 7 APPPATH\Config\Routes.php(20): App\Config\Routes\AdminRoutes::init(Object(CodeIgniter\Router\RouteCollection))
 8 SYSTEMPATH\Router\RouteCollection.php(340): require('C:\\xampp\\htdocs\\smartstore\\app\\Config\\Routes.php')
 9 SYSTEMPATH\CodeIgniter.php(823): CodeIgniter\Router\RouteCollection->loadRoutes()
10 SYSTEMPATH\CodeIgniter.php(457): CodeIgniter\CodeIgniter->tryToRouteIt(null)
11 SYSTEMPATH\CodeIgniter.php(355): CodeIgniter\CodeIgniter->handleRequest(null, Object(Config\Cache), false)
12 SYSTEMPATH\Boot.php(325): CodeIgniter\CodeIgniter->run()
13 SYSTEMPATH\Boot.php(67): CodeIgniter\Boot::runCodeIgniter(Object(CodeIgniter\CodeIgniter))
14 FCPATH\index.php(63): CodeIgniter\Boot::bootWeb(Object(Config\Paths))
WARNING - 2025-06-09 15:15:00 --> [DEPRECATED] Passing lowercase HTTP method "get" is deprecated. Use uppercase HTTP method like "GET". in SYSTEMPATH\Router\RouteCollection.php on line 1027.
 1 SYSTEMPATH\Router\RouteCollection.php(1027): trigger_error('Passing lowercase HTTP method "get" is deprecated. Use uppercase HTTP method like "GET".', 16384)
 2 APPPATH\Config\Routes\AdminRoutes.php(186): CodeIgniter\Router\RouteCollection->match([...], 'send_mail/?(:num)?', 'UsersController::send_mail/$1')
 3 SYSTEMPATH\Router\RouteCollection.php(800): App\Config\Routes\AdminRoutes::App\Config\Routes\{closure}(Object(CodeIgniter\Router\RouteCollection))
 4 APPPATH\Config\Routes\AdminRoutes.php(182): CodeIgniter\Router\RouteCollection->group('users', [...], Object(Closure))
 5 SYSTEMPATH\Router\RouteCollection.php(800): App\Config\Routes\AdminRoutes::App\Config\Routes\{closure}(Object(CodeIgniter\Router\RouteCollection))
 6 APPPATH\Config\Routes\AdminRoutes.php(28): CodeIgniter\Router\RouteCollection->group('admin', [...], Object(Closure))
 7 APPPATH\Config\Routes.php(20): App\Config\Routes\AdminRoutes::init(Object(CodeIgniter\Router\RouteCollection))
 8 SYSTEMPATH\Router\RouteCollection.php(340): require('C:\\xampp\\htdocs\\smartstore\\app\\Config\\Routes.php')
 9 SYSTEMPATH\CodeIgniter.php(823): CodeIgniter\Router\RouteCollection->loadRoutes()
10 SYSTEMPATH\CodeIgniter.php(457): CodeIgniter\CodeIgniter->tryToRouteIt(null)
11 SYSTEMPATH\CodeIgniter.php(355): CodeIgniter\CodeIgniter->handleRequest(null, Object(Config\Cache), false)
12 SYSTEMPATH\Boot.php(325): CodeIgniter\CodeIgniter->run()
13 SYSTEMPATH\Boot.php(67): CodeIgniter\Boot::runCodeIgniter(Object(CodeIgniter\CodeIgniter))
14 FCPATH\index.php(63): CodeIgniter\Boot::bootWeb(Object(Config\Paths))
WARNING - 2025-06-09 15:15:00 --> [DEPRECATED] Passing lowercase HTTP method "post" is deprecated. Use uppercase HTTP method like "POST". in SYSTEMPATH\Router\RouteCollection.php on line 1027.
 1 SYSTEMPATH\Router\RouteCollection.php(1027): trigger_error('Passing lowercase HTTP method "post" is deprecated. Use uppercase HTTP method like "POST".', 16384)
 2 APPPATH\Config\Routes\AdminRoutes.php(186): CodeIgniter\Router\RouteCollection->match([...], 'send_mail/?(:num)?', 'UsersController::send_mail/$1')
 3 SYSTEMPATH\Router\RouteCollection.php(800): App\Config\Routes\AdminRoutes::App\Config\Routes\{closure}(Object(CodeIgniter\Router\RouteCollection))
 4 APPPATH\Config\Routes\AdminRoutes.php(182): CodeIgniter\Router\RouteCollection->group('users', [...], Object(Closure))
 5 SYSTEMPATH\Router\RouteCollection.php(800): App\Config\Routes\AdminRoutes::App\Config\Routes\{closure}(Object(CodeIgniter\Router\RouteCollection))
 6 APPPATH\Config\Routes\AdminRoutes.php(28): CodeIgniter\Router\RouteCollection->group('admin', [...], Object(Closure))
 7 APPPATH\Config\Routes.php(20): App\Config\Routes\AdminRoutes::init(Object(CodeIgniter\Router\RouteCollection))
 8 SYSTEMPATH\Router\RouteCollection.php(340): require('C:\\xampp\\htdocs\\smartstore\\app\\Config\\Routes.php')
 9 SYSTEMPATH\CodeIgniter.php(823): CodeIgniter\Router\RouteCollection->loadRoutes()
10 SYSTEMPATH\CodeIgniter.php(457): CodeIgniter\CodeIgniter->tryToRouteIt(null)
11 SYSTEMPATH\CodeIgniter.php(355): CodeIgniter\CodeIgniter->handleRequest(null, Object(Config\Cache), false)
12 SYSTEMPATH\Boot.php(325): CodeIgniter\CodeIgniter->run()
13 SYSTEMPATH\Boot.php(67): CodeIgniter\Boot::runCodeIgniter(Object(CodeIgniter\CodeIgniter))
14 FCPATH\index.php(63): CodeIgniter\Boot::bootWeb(Object(Config\Paths))
WARNING - 2025-06-09 15:15:00 --> [DEPRECATED] Passing lowercase HTTP method "get" is deprecated. Use uppercase HTTP method like "GET". in SYSTEMPATH\Router\RouteCollection.php on line 1027.
 1 SYSTEMPATH\Router\RouteCollection.php(1027): trigger_error('Passing lowercase HTTP method "get" is deprecated. Use uppercase HTTP method like "GET".', 16384)
 2 APPPATH\Config\Routes\AdminRoutes.php(215): CodeIgniter\Router\RouteCollection->match([...], 'send_mail/?(:num)?', 'TicketsController::send_mail/$1')
 3 SYSTEMPATH\Router\RouteCollection.php(800): App\Config\Routes\AdminRoutes::App\Config\Routes\{closure}(Object(CodeIgniter\Router\RouteCollection))
 4 APPPATH\Config\Routes\AdminRoutes.php(212): CodeIgniter\Router\RouteCollection->group('tickets', [...], Object(Closure))
 5 SYSTEMPATH\Router\RouteCollection.php(800): App\Config\Routes\AdminRoutes::App\Config\Routes\{closure}(Object(CodeIgniter\Router\RouteCollection))
 6 APPPATH\Config\Routes\AdminRoutes.php(28): CodeIgniter\Router\RouteCollection->group('admin', [...], Object(Closure))
 7 APPPATH\Config\Routes.php(20): App\Config\Routes\AdminRoutes::init(Object(CodeIgniter\Router\RouteCollection))
 8 SYSTEMPATH\Router\RouteCollection.php(340): require('C:\\xampp\\htdocs\\smartstore\\app\\Config\\Routes.php')
 9 SYSTEMPATH\CodeIgniter.php(823): CodeIgniter\Router\RouteCollection->loadRoutes()
10 SYSTEMPATH\CodeIgniter.php(457): CodeIgniter\CodeIgniter->tryToRouteIt(null)
11 SYSTEMPATH\CodeIgniter.php(355): CodeIgniter\CodeIgniter->handleRequest(null, Object(Config\Cache), false)
12 SYSTEMPATH\Boot.php(325): CodeIgniter\CodeIgniter->run()
13 SYSTEMPATH\Boot.php(67): CodeIgniter\Boot::runCodeIgniter(Object(CodeIgniter\CodeIgniter))
14 FCPATH\index.php(63): CodeIgniter\Boot::bootWeb(Object(Config\Paths))
WARNING - 2025-06-09 15:15:00 --> [DEPRECATED] Passing lowercase HTTP method "post" is deprecated. Use uppercase HTTP method like "POST". in SYSTEMPATH\Router\RouteCollection.php on line 1027.
 1 SYSTEMPATH\Router\RouteCollection.php(1027): trigger_error('Passing lowercase HTTP method "post" is deprecated. Use uppercase HTTP method like "POST".', 16384)
 2 APPPATH\Config\Routes\AdminRoutes.php(215): CodeIgniter\Router\RouteCollection->match([...], 'send_mail/?(:num)?', 'TicketsController::send_mail/$1')
 3 SYSTEMPATH\Router\RouteCollection.php(800): App\Config\Routes\AdminRoutes::App\Config\Routes\{closure}(Object(CodeIgniter\Router\RouteCollection))
 4 APPPATH\Config\Routes\AdminRoutes.php(212): CodeIgniter\Router\RouteCollection->group('tickets', [...], Object(Closure))
 5 SYSTEMPATH\Router\RouteCollection.php(800): App\Config\Routes\AdminRoutes::App\Config\Routes\{closure}(Object(CodeIgniter\Router\RouteCollection))
 6 APPPATH\Config\Routes\AdminRoutes.php(28): CodeIgniter\Router\RouteCollection->group('admin', [...], Object(Closure))
 7 APPPATH\Config\Routes.php(20): App\Config\Routes\AdminRoutes::init(Object(CodeIgniter\Router\RouteCollection))
 8 SYSTEMPATH\Router\RouteCollection.php(340): require('C:\\xampp\\htdocs\\smartstore\\app\\Config\\Routes.php')
 9 SYSTEMPATH\CodeIgniter.php(823): CodeIgniter\Router\RouteCollection->loadRoutes()
10 SYSTEMPATH\CodeIgniter.php(457): CodeIgniter\CodeIgniter->tryToRouteIt(null)
11 SYSTEMPATH\CodeIgniter.php(355): CodeIgniter\CodeIgniter->handleRequest(null, Object(Config\Cache), false)
12 SYSTEMPATH\Boot.php(325): CodeIgniter\CodeIgniter->run()
13 SYSTEMPATH\Boot.php(67): CodeIgniter\Boot::runCodeIgniter(Object(CodeIgniter\CodeIgniter))
14 FCPATH\index.php(63): CodeIgniter\Boot::bootWeb(Object(Config\Paths))
WARNING - 2025-06-09 15:15:00 --> [DEPRECATED] Passing lowercase HTTP method "get" is deprecated. Use uppercase HTTP method like "GET". in SYSTEMPATH\Router\RouteCollection.php on line 1027.
 1 SYSTEMPATH\Router\RouteCollection.php(1027): trigger_error('Passing lowercase HTTP method "get" is deprecated. Use uppercase HTTP method like "GET".', 16384)
 2 APPPATH\Config\Routes\UserRoutes.php(49): CodeIgniter\Router\RouteCollection->match([...], 'submit_review', 'ClientController::submit_review', [...])
 3 APPPATH\Config\Routes\UserRoutes.php(23): App\Config\Routes\UserRoutes::defineRoutes(Object(CodeIgniter\Router\RouteCollection))
 4 APPPATH\Config\Routes.php(21): App\Config\Routes\UserRoutes::init(Object(CodeIgniter\Router\RouteCollection))
 5 SYSTEMPATH\Router\RouteCollection.php(340): require('C:\\xampp\\htdocs\\smartstore\\app\\Config\\Routes.php')
 6 SYSTEMPATH\CodeIgniter.php(823): CodeIgniter\Router\RouteCollection->loadRoutes()
 7 SYSTEMPATH\CodeIgniter.php(457): CodeIgniter\CodeIgniter->tryToRouteIt(null)
 8 SYSTEMPATH\CodeIgniter.php(355): CodeIgniter\CodeIgniter->handleRequest(null, Object(Config\Cache), false)
 9 SYSTEMPATH\Boot.php(325): CodeIgniter\CodeIgniter->run()
10 SYSTEMPATH\Boot.php(67): CodeIgniter\Boot::runCodeIgniter(Object(CodeIgniter\CodeIgniter))
11 FCPATH\index.php(63): CodeIgniter\Boot::bootWeb(Object(Config\Paths))
WARNING - 2025-06-09 15:15:00 --> [DEPRECATED] Passing lowercase HTTP method "post" is deprecated. Use uppercase HTTP method like "POST". in SYSTEMPATH\Router\RouteCollection.php on line 1027.
 1 SYSTEMPATH\Router\RouteCollection.php(1027): trigger_error('Passing lowercase HTTP method "post" is deprecated. Use uppercase HTTP method like "POST".', 16384)
 2 APPPATH\Config\Routes\UserRoutes.php(49): CodeIgniter\Router\RouteCollection->match([...], 'submit_review', 'ClientController::submit_review', [...])
 3 APPPATH\Config\Routes\UserRoutes.php(23): App\Config\Routes\UserRoutes::defineRoutes(Object(CodeIgniter\Router\RouteCollection))
 4 APPPATH\Config\Routes.php(21): App\Config\Routes\UserRoutes::init(Object(CodeIgniter\Router\RouteCollection))
 5 SYSTEMPATH\Router\RouteCollection.php(340): require('C:\\xampp\\htdocs\\smartstore\\app\\Config\\Routes.php')
 6 SYSTEMPATH\CodeIgniter.php(823): CodeIgniter\Router\RouteCollection->loadRoutes()
 7 SYSTEMPATH\CodeIgniter.php(457): CodeIgniter\CodeIgniter->tryToRouteIt(null)
 8 SYSTEMPATH\CodeIgniter.php(355): CodeIgniter\CodeIgniter->handleRequest(null, Object(Config\Cache), false)
 9 SYSTEMPATH\Boot.php(325): CodeIgniter\CodeIgniter->run()
10 SYSTEMPATH\Boot.php(67): CodeIgniter\Boot::runCodeIgniter(Object(CodeIgniter\CodeIgniter))
11 FCPATH\index.php(63): CodeIgniter\Boot::bootWeb(Object(Config\Paths))
WARNING - 2025-06-09 15:15:01 --> [DEPRECATED] Passing lowercase HTTP method "get" is deprecated. Use uppercase HTTP method like "GET". in SYSTEMPATH\Router\RouteCollection.php on line 1027.
 1 SYSTEMPATH\Router\RouteCollection.php(1027): trigger_error('Passing lowercase HTTP method "get" is deprecated. Use uppercase HTTP method like "GET".', 16384)
 2 APPPATH\Config\Routes\UserRoutes.php(63): CodeIgniter\Router\RouteCollection->match([...], 'track-order', 'OrderController::track_order', [...])
 3 APPPATH\Config\Routes\UserRoutes.php(23): App\Config\Routes\UserRoutes::defineRoutes(Object(CodeIgniter\Router\RouteCollection))
 4 APPPATH\Config\Routes.php(21): App\Config\Routes\UserRoutes::init(Object(CodeIgniter\Router\RouteCollection))
 5 SYSTEMPATH\Router\RouteCollection.php(340): require('C:\\xampp\\htdocs\\smartstore\\app\\Config\\Routes.php')
 6 SYSTEMPATH\CodeIgniter.php(823): CodeIgniter\Router\RouteCollection->loadRoutes()
 7 SYSTEMPATH\CodeIgniter.php(457): CodeIgniter\CodeIgniter->tryToRouteIt(null)
 8 SYSTEMPATH\CodeIgniter.php(355): CodeIgniter\CodeIgniter->handleRequest(null, Object(Config\Cache), false)
 9 SYSTEMPATH\Boot.php(325): CodeIgniter\CodeIgniter->run()
10 SYSTEMPATH\Boot.php(67): CodeIgniter\Boot::runCodeIgniter(Object(CodeIgniter\CodeIgniter))
11 FCPATH\index.php(63): CodeIgniter\Boot::bootWeb(Object(Config\Paths))
WARNING - 2025-06-09 15:15:01 --> [DEPRECATED] Passing lowercase HTTP method "post" is deprecated. Use uppercase HTTP method like "POST". in SYSTEMPATH\Router\RouteCollection.php on line 1027.
 1 SYSTEMPATH\Router\RouteCollection.php(1027): trigger_error('Passing lowercase HTTP method "post" is deprecated. Use uppercase HTTP method like "POST".', 16384)
 2 APPPATH\Config\Routes\UserRoutes.php(63): CodeIgniter\Router\RouteCollection->match([...], 'track-order', 'OrderController::track_order', [...])
 3 APPPATH\Config\Routes\UserRoutes.php(23): App\Config\Routes\UserRoutes::defineRoutes(Object(CodeIgniter\Router\RouteCollection))
 4 APPPATH\Config\Routes.php(21): App\Config\Routes\UserRoutes::init(Object(CodeIgniter\Router\RouteCollection))
 5 SYSTEMPATH\Router\RouteCollection.php(340): require('C:\\xampp\\htdocs\\smartstore\\app\\Config\\Routes.php')
 6 SYSTEMPATH\CodeIgniter.php(823): CodeIgniter\Router\RouteCollection->loadRoutes()
 7 SYSTEMPATH\CodeIgniter.php(457): CodeIgniter\CodeIgniter->tryToRouteIt(null)
 8 SYSTEMPATH\CodeIgniter.php(355): CodeIgniter\CodeIgniter->handleRequest(null, Object(Config\Cache), false)
 9 SYSTEMPATH\Boot.php(325): CodeIgniter\CodeIgniter->run()
10 SYSTEMPATH\Boot.php(67): CodeIgniter\Boot::runCodeIgniter(Object(CodeIgniter\CodeIgniter))
11 FCPATH\index.php(63): CodeIgniter\Boot::bootWeb(Object(Config\Paths))
WARNING - 2025-06-09 15:15:01 --> [DEPRECATED] Passing lowercase HTTP method "get" is deprecated. Use uppercase HTTP method like "GET". in SYSTEMPATH\Router\RouteCollection.php on line 1027.
 1 SYSTEMPATH\Router\RouteCollection.php(1027): trigger_error('Passing lowercase HTTP method "get" is deprecated. Use uppercase HTTP method like "GET".', 16384)
 2 APPPATH\Config\Routes\UserRoutes.php(49): CodeIgniter\Router\RouteCollection->match([...], 'submit_review', 'ClientController::submit_review', [...])
 3 APPPATH\Config\Routes\UserRoutes.php(26): App\Config\Routes\UserRoutes::defineRoutes(Object(CodeIgniter\Router\RouteCollection))
 4 SYSTEMPATH\Router\RouteCollection.php(800): App\Config\Routes\UserRoutes::App\Config\Routes\{closure}(Object(CodeIgniter\Router\RouteCollection))
 5 APPPATH\Config\Routes\UserRoutes.php(25): CodeIgniter\Router\RouteCollection->group('{locale}', Object(Closure))
 6 APPPATH\Config\Routes.php(21): App\Config\Routes\UserRoutes::init(Object(CodeIgniter\Router\RouteCollection))
 7 SYSTEMPATH\Router\RouteCollection.php(340): require('C:\\xampp\\htdocs\\smartstore\\app\\Config\\Routes.php')
 8 SYSTEMPATH\CodeIgniter.php(823): CodeIgniter\Router\RouteCollection->loadRoutes()
 9 SYSTEMPATH\CodeIgniter.php(457): CodeIgniter\CodeIgniter->tryToRouteIt(null)
10 SYSTEMPATH\CodeIgniter.php(355): CodeIgniter\CodeIgniter->handleRequest(null, Object(Config\Cache), false)
11 SYSTEMPATH\Boot.php(325): CodeIgniter\CodeIgniter->run()
12 SYSTEMPATH\Boot.php(67): CodeIgniter\Boot::runCodeIgniter(Object(CodeIgniter\CodeIgniter))
13 FCPATH\index.php(63): CodeIgniter\Boot::bootWeb(Object(Config\Paths))
WARNING - 2025-06-09 15:15:01 --> [DEPRECATED] Passing lowercase HTTP method "post" is deprecated. Use uppercase HTTP method like "POST". in SYSTEMPATH\Router\RouteCollection.php on line 1027.
 1 SYSTEMPATH\Router\RouteCollection.php(1027): trigger_error('Passing lowercase HTTP method "post" is deprecated. Use uppercase HTTP method like "POST".', 16384)
 2 APPPATH\Config\Routes\UserRoutes.php(49): CodeIgniter\Router\RouteCollection->match([...], 'submit_review', 'ClientController::submit_review', [...])
 3 APPPATH\Config\Routes\UserRoutes.php(26): App\Config\Routes\UserRoutes::defineRoutes(Object(CodeIgniter\Router\RouteCollection))
 4 SYSTEMPATH\Router\RouteCollection.php(800): App\Config\Routes\UserRoutes::App\Config\Routes\{closure}(Object(CodeIgniter\Router\RouteCollection))
 5 APPPATH\Config\Routes\UserRoutes.php(25): CodeIgniter\Router\RouteCollection->group('{locale}', Object(Closure))
 6 APPPATH\Config\Routes.php(21): App\Config\Routes\UserRoutes::init(Object(CodeIgniter\Router\RouteCollection))
 7 SYSTEMPATH\Router\RouteCollection.php(340): require('C:\\xampp\\htdocs\\smartstore\\app\\Config\\Routes.php')
 8 SYSTEMPATH\CodeIgniter.php(823): CodeIgniter\Router\RouteCollection->loadRoutes()
 9 SYSTEMPATH\CodeIgniter.php(457): CodeIgniter\CodeIgniter->tryToRouteIt(null)
10 SYSTEMPATH\CodeIgniter.php(355): CodeIgniter\CodeIgniter->handleRequest(null, Object(Config\Cache), false)
11 SYSTEMPATH\Boot.php(325): CodeIgniter\CodeIgniter->run()
12 SYSTEMPATH\Boot.php(67): CodeIgniter\Boot::runCodeIgniter(Object(CodeIgniter\CodeIgniter))
13 FCPATH\index.php(63): CodeIgniter\Boot::bootWeb(Object(Config\Paths))
WARNING - 2025-06-09 15:15:01 --> [DEPRECATED] Passing lowercase HTTP method "get" is deprecated. Use uppercase HTTP method like "GET". in SYSTEMPATH\Router\RouteCollection.php on line 1027.
 1 SYSTEMPATH\Router\RouteCollection.php(1027): trigger_error('Passing lowercase HTTP method "get" is deprecated. Use uppercase HTTP method like "GET".', 16384)
 2 APPPATH\Config\Routes\UserRoutes.php(63): CodeIgniter\Router\RouteCollection->match([...], 'track-order', 'OrderController::track_order', [...])
 3 APPPATH\Config\Routes\UserRoutes.php(26): App\Config\Routes\UserRoutes::defineRoutes(Object(CodeIgniter\Router\RouteCollection))
 4 SYSTEMPATH\Router\RouteCollection.php(800): App\Config\Routes\UserRoutes::App\Config\Routes\{closure}(Object(CodeIgniter\Router\RouteCollection))
 5 APPPATH\Config\Routes\UserRoutes.php(25): CodeIgniter\Router\RouteCollection->group('{locale}', Object(Closure))
 6 APPPATH\Config\Routes.php(21): App\Config\Routes\UserRoutes::init(Object(CodeIgniter\Router\RouteCollection))
 7 SYSTEMPATH\Router\RouteCollection.php(340): require('C:\\xampp\\htdocs\\smartstore\\app\\Config\\Routes.php')
 8 SYSTEMPATH\CodeIgniter.php(823): CodeIgniter\Router\RouteCollection->loadRoutes()
 9 SYSTEMPATH\CodeIgniter.php(457): CodeIgniter\CodeIgniter->tryToRouteIt(null)
10 SYSTEMPATH\CodeIgniter.php(355): CodeIgniter\CodeIgniter->handleRequest(null, Object(Config\Cache), false)
11 SYSTEMPATH\Boot.php(325): CodeIgniter\CodeIgniter->run()
12 SYSTEMPATH\Boot.php(67): CodeIgniter\Boot::runCodeIgniter(Object(CodeIgniter\CodeIgniter))
13 FCPATH\index.php(63): CodeIgniter\Boot::bootWeb(Object(Config\Paths))
WARNING - 2025-06-09 15:15:01 --> [DEPRECATED] Passing lowercase HTTP method "post" is deprecated. Use uppercase HTTP method like "POST". in SYSTEMPATH\Router\RouteCollection.php on line 1027.
 1 SYSTEMPATH\Router\RouteCollection.php(1027): trigger_error('Passing lowercase HTTP method "post" is deprecated. Use uppercase HTTP method like "POST".', 16384)
 2 APPPATH\Config\Routes\UserRoutes.php(63): CodeIgniter\Router\RouteCollection->match([...], 'track-order', 'OrderController::track_order', [...])
 3 APPPATH\Config\Routes\UserRoutes.php(26): App\Config\Routes\UserRoutes::defineRoutes(Object(CodeIgniter\Router\RouteCollection))
 4 SYSTEMPATH\Router\RouteCollection.php(800): App\Config\Routes\UserRoutes::App\Config\Routes\{closure}(Object(CodeIgniter\Router\RouteCollection))
 5 APPPATH\Config\Routes\UserRoutes.php(25): CodeIgniter\Router\RouteCollection->group('{locale}', Object(Closure))
 6 APPPATH\Config\Routes.php(21): App\Config\Routes\UserRoutes::init(Object(CodeIgniter\Router\RouteCollection))
 7 SYSTEMPATH\Router\RouteCollection.php(340): require('C:\\xampp\\htdocs\\smartstore\\app\\Config\\Routes.php')
 8 SYSTEMPATH\CodeIgniter.php(823): CodeIgniter\Router\RouteCollection->loadRoutes()
 9 SYSTEMPATH\CodeIgniter.php(457): CodeIgniter\CodeIgniter->tryToRouteIt(null)
10 SYSTEMPATH\CodeIgniter.php(355): CodeIgniter\CodeIgniter->handleRequest(null, Object(Config\Cache), false)
11 SYSTEMPATH\Boot.php(325): CodeIgniter\CodeIgniter->run()
12 SYSTEMPATH\Boot.php(67): CodeIgniter\Boot::runCodeIgniter(Object(CodeIgniter\CodeIgniter))
13 FCPATH\index.php(63): CodeIgniter\Boot::bootWeb(Object(Config\Paths))
WARNING - 2025-06-09 15:15:06 --> [DEPRECATED] Passing lowercase HTTP method "get" is deprecated. Use uppercase HTTP method like "GET". in SYSTEMPATH\Router\RouteCollection.php on line 1027.
 1 SYSTEMPATH\Router\RouteCollection.php(1027): trigger_error('Passing lowercase HTTP method "get" is deprecated. Use uppercase HTTP method like "GET".', 16384)
 2 APPPATH\Config\Routes\AdminRoutes.php(65): CodeIgniter\Router\RouteCollection->match([...], 'send_test_mail', 'SettingsController::send_test_mail')
 3 SYSTEMPATH\Router\RouteCollection.php(800): App\Config\Routes\AdminRoutes::App\Config\Routes\{closure}(Object(CodeIgniter\Router\RouteCollection))
 4 APPPATH\Config\Routes\AdminRoutes.php(63): CodeIgniter\Router\RouteCollection->group('settings', [...], Object(Closure))
 5 SYSTEMPATH\Router\RouteCollection.php(800): App\Config\Routes\AdminRoutes::App\Config\Routes\{closure}(Object(CodeIgniter\Router\RouteCollection))
 6 APPPATH\Config\Routes\AdminRoutes.php(28): CodeIgniter\Router\RouteCollection->group('admin', [...], Object(Closure))
 7 APPPATH\Config\Routes.php(20): App\Config\Routes\AdminRoutes::init(Object(CodeIgniter\Router\RouteCollection))
 8 SYSTEMPATH\Router\RouteCollection.php(340): require('C:\\xampp\\htdocs\\smartstore\\app\\Config\\Routes.php')
 9 SYSTEMPATH\CodeIgniter.php(823): CodeIgniter\Router\RouteCollection->loadRoutes()
10 SYSTEMPATH\CodeIgniter.php(457): CodeIgniter\CodeIgniter->tryToRouteIt(null)
11 SYSTEMPATH\CodeIgniter.php(355): CodeIgniter\CodeIgniter->handleRequest(null, Object(Config\Cache), false)
12 SYSTEMPATH\Boot.php(325): CodeIgniter\CodeIgniter->run()
13 SYSTEMPATH\Boot.php(67): CodeIgniter\Boot::runCodeIgniter(Object(CodeIgniter\CodeIgniter))
14 FCPATH\index.php(63): CodeIgniter\Boot::bootWeb(Object(Config\Paths))
WARNING - 2025-06-09 15:15:06 --> [DEPRECATED] Passing lowercase HTTP method "post" is deprecated. Use uppercase HTTP method like "POST". in SYSTEMPATH\Router\RouteCollection.php on line 1027.
 1 SYSTEMPATH\Router\RouteCollection.php(1027): trigger_error('Passing lowercase HTTP method "post" is deprecated. Use uppercase HTTP method like "POST".', 16384)
 2 APPPATH\Config\Routes\AdminRoutes.php(65): CodeIgniter\Router\RouteCollection->match([...], 'send_test_mail', 'SettingsController::send_test_mail')
 3 SYSTEMPATH\Router\RouteCollection.php(800): App\Config\Routes\AdminRoutes::App\Config\Routes\{closure}(Object(CodeIgniter\Router\RouteCollection))
 4 APPPATH\Config\Routes\AdminRoutes.php(63): CodeIgniter\Router\RouteCollection->group('settings', [...], Object(Closure))
 5 SYSTEMPATH\Router\RouteCollection.php(800): App\Config\Routes\AdminRoutes::App\Config\Routes\{closure}(Object(CodeIgniter\Router\RouteCollection))
 6 APPPATH\Config\Routes\AdminRoutes.php(28): CodeIgniter\Router\RouteCollection->group('admin', [...], Object(Closure))
 7 APPPATH\Config\Routes.php(20): App\Config\Routes\AdminRoutes::init(Object(CodeIgniter\Router\RouteCollection))
 8 SYSTEMPATH\Router\RouteCollection.php(340): require('C:\\xampp\\htdocs\\smartstore\\app\\Config\\Routes.php')
 9 SYSTEMPATH\CodeIgniter.php(823): CodeIgniter\Router\RouteCollection->loadRoutes()
10 SYSTEMPATH\CodeIgniter.php(457): CodeIgniter\CodeIgniter->tryToRouteIt(null)
11 SYSTEMPATH\CodeIgniter.php(355): CodeIgniter\CodeIgniter->handleRequest(null, Object(Config\Cache), false)
12 SYSTEMPATH\Boot.php(325): CodeIgniter\CodeIgniter->run()
13 SYSTEMPATH\Boot.php(67): CodeIgniter\Boot::runCodeIgniter(Object(CodeIgniter\CodeIgniter))
14 FCPATH\index.php(63): CodeIgniter\Boot::bootWeb(Object(Config\Paths))
WARNING - 2025-06-09 15:15:06 --> [DEPRECATED] Passing lowercase HTTP method "get" is deprecated. Use uppercase HTTP method like "GET". in SYSTEMPATH\Router\RouteCollection.php on line 1027.
 1 SYSTEMPATH\Router\RouteCollection.php(1027): trigger_error('Passing lowercase HTTP method "get" is deprecated. Use uppercase HTTP method like "GET".', 16384)
 2 APPPATH\Config\Routes\AdminRoutes.php(76): CodeIgniter\Router\RouteCollection->match([...], 'elfinder_connector', 'FilemanagerController::elfinder_connector')
 3 SYSTEMPATH\Router\RouteCollection.php(800): App\Config\Routes\AdminRoutes::App\Config\Routes\{closure}(Object(CodeIgniter\Router\RouteCollection))
 4 APPPATH\Config\Routes\AdminRoutes.php(73): CodeIgniter\Router\RouteCollection->group('filemanager', [...], Object(Closure))
 5 SYSTEMPATH\Router\RouteCollection.php(800): App\Config\Routes\AdminRoutes::App\Config\Routes\{closure}(Object(CodeIgniter\Router\RouteCollection))
 6 APPPATH\Config\Routes\AdminRoutes.php(28): CodeIgniter\Router\RouteCollection->group('admin', [...], Object(Closure))
 7 APPPATH\Config\Routes.php(20): App\Config\Routes\AdminRoutes::init(Object(CodeIgniter\Router\RouteCollection))
 8 SYSTEMPATH\Router\RouteCollection.php(340): require('C:\\xampp\\htdocs\\smartstore\\app\\Config\\Routes.php')
 9 SYSTEMPATH\CodeIgniter.php(823): CodeIgniter\Router\RouteCollection->loadRoutes()
10 SYSTEMPATH\CodeIgniter.php(457): CodeIgniter\CodeIgniter->tryToRouteIt(null)
11 SYSTEMPATH\CodeIgniter.php(355): CodeIgniter\CodeIgniter->handleRequest(null, Object(Config\Cache), false)
12 SYSTEMPATH\Boot.php(325): CodeIgniter\CodeIgniter->run()
13 SYSTEMPATH\Boot.php(67): CodeIgniter\Boot::runCodeIgniter(Object(CodeIgniter\CodeIgniter))
14 FCPATH\index.php(63): CodeIgniter\Boot::bootWeb(Object(Config\Paths))
WARNING - 2025-06-09 15:15:06 --> [DEPRECATED] Passing lowercase HTTP method "post" is deprecated. Use uppercase HTTP method like "POST". in SYSTEMPATH\Router\RouteCollection.php on line 1027.
 1 SYSTEMPATH\Router\RouteCollection.php(1027): trigger_error('Passing lowercase HTTP method "post" is deprecated. Use uppercase HTTP method like "POST".', 16384)
 2 APPPATH\Config\Routes\AdminRoutes.php(76): CodeIgniter\Router\RouteCollection->match([...], 'elfinder_connector', 'FilemanagerController::elfinder_connector')
 3 SYSTEMPATH\Router\RouteCollection.php(800): App\Config\Routes\AdminRoutes::App\Config\Routes\{closure}(Object(CodeIgniter\Router\RouteCollection))
 4 APPPATH\Config\Routes\AdminRoutes.php(73): CodeIgniter\Router\RouteCollection->group('filemanager', [...], Object(Closure))
 5 SYSTEMPATH\Router\RouteCollection.php(800): App\Config\Routes\AdminRoutes::App\Config\Routes\{closure}(Object(CodeIgniter\Router\RouteCollection))
 6 APPPATH\Config\Routes\AdminRoutes.php(28): CodeIgniter\Router\RouteCollection->group('admin', [...], Object(Closure))
 7 APPPATH\Config\Routes.php(20): App\Config\Routes\AdminRoutes::init(Object(CodeIgniter\Router\RouteCollection))
 8 SYSTEMPATH\Router\RouteCollection.php(340): require('C:\\xampp\\htdocs\\smartstore\\app\\Config\\Routes.php')
 9 SYSTEMPATH\CodeIgniter.php(823): CodeIgniter\Router\RouteCollection->loadRoutes()
10 SYSTEMPATH\CodeIgniter.php(457): CodeIgniter\CodeIgniter->tryToRouteIt(null)
11 SYSTEMPATH\CodeIgniter.php(355): CodeIgniter\CodeIgniter->handleRequest(null, Object(Config\Cache), false)
12 SYSTEMPATH\Boot.php(325): CodeIgniter\CodeIgniter->run()
13 SYSTEMPATH\Boot.php(67): CodeIgniter\Boot::runCodeIgniter(Object(CodeIgniter\CodeIgniter))
14 FCPATH\index.php(63): CodeIgniter\Boot::bootWeb(Object(Config\Paths))
WARNING - 2025-06-09 15:15:06 --> [DEPRECATED] Passing lowercase HTTP method "get" is deprecated. Use uppercase HTTP method like "GET". in SYSTEMPATH\Router\RouteCollection.php on line 1027.
 1 SYSTEMPATH\Router\RouteCollection.php(1027): trigger_error('Passing lowercase HTTP method "get" is deprecated. Use uppercase HTTP method like "GET".', 16384)
 2 APPPATH\Config\Routes\AdminRoutes.php(172): CodeIgniter\Router\RouteCollection->match([...], 'sync_services/?(:num)?', 'ProvidersController::sync_services/$1')
 3 SYSTEMPATH\Router\RouteCollection.php(800): App\Config\Routes\AdminRoutes::App\Config\Routes\{closure}(Object(CodeIgniter\Router\RouteCollection))
 4 APPPATH\Config\Routes\AdminRoutes.php(167): CodeIgniter\Router\RouteCollection->group('providers', [...], Object(Closure))
 5 SYSTEMPATH\Router\RouteCollection.php(800): App\Config\Routes\AdminRoutes::App\Config\Routes\{closure}(Object(CodeIgniter\Router\RouteCollection))
 6 APPPATH\Config\Routes\AdminRoutes.php(28): CodeIgniter\Router\RouteCollection->group('admin', [...], Object(Closure))
 7 APPPATH\Config\Routes.php(20): App\Config\Routes\AdminRoutes::init(Object(CodeIgniter\Router\RouteCollection))
 8 SYSTEMPATH\Router\RouteCollection.php(340): require('C:\\xampp\\htdocs\\smartstore\\app\\Config\\Routes.php')
 9 SYSTEMPATH\CodeIgniter.php(823): CodeIgniter\Router\RouteCollection->loadRoutes()
10 SYSTEMPATH\CodeIgniter.php(457): CodeIgniter\CodeIgniter->tryToRouteIt(null)
11 SYSTEMPATH\CodeIgniter.php(355): CodeIgniter\CodeIgniter->handleRequest(null, Object(Config\Cache), false)
12 SYSTEMPATH\Boot.php(325): CodeIgniter\CodeIgniter->run()
13 SYSTEMPATH\Boot.php(67): CodeIgniter\Boot::runCodeIgniter(Object(CodeIgniter\CodeIgniter))
14 FCPATH\index.php(63): CodeIgniter\Boot::bootWeb(Object(Config\Paths))
WARNING - 2025-06-09 15:15:06 --> [DEPRECATED] Passing lowercase HTTP method "post" is deprecated. Use uppercase HTTP method like "POST". in SYSTEMPATH\Router\RouteCollection.php on line 1027.
 1 SYSTEMPATH\Router\RouteCollection.php(1027): trigger_error('Passing lowercase HTTP method "post" is deprecated. Use uppercase HTTP method like "POST".', 16384)
 2 APPPATH\Config\Routes\AdminRoutes.php(172): CodeIgniter\Router\RouteCollection->match([...], 'sync_services/?(:num)?', 'ProvidersController::sync_services/$1')
 3 SYSTEMPATH\Router\RouteCollection.php(800): App\Config\Routes\AdminRoutes::App\Config\Routes\{closure}(Object(CodeIgniter\Router\RouteCollection))
 4 APPPATH\Config\Routes\AdminRoutes.php(167): CodeIgniter\Router\RouteCollection->group('providers', [...], Object(Closure))
 5 SYSTEMPATH\Router\RouteCollection.php(800): App\Config\Routes\AdminRoutes::App\Config\Routes\{closure}(Object(CodeIgniter\Router\RouteCollection))
 6 APPPATH\Config\Routes\AdminRoutes.php(28): CodeIgniter\Router\RouteCollection->group('admin', [...], Object(Closure))
 7 APPPATH\Config\Routes.php(20): App\Config\Routes\AdminRoutes::init(Object(CodeIgniter\Router\RouteCollection))
 8 SYSTEMPATH\Router\RouteCollection.php(340): require('C:\\xampp\\htdocs\\smartstore\\app\\Config\\Routes.php')
 9 SYSTEMPATH\CodeIgniter.php(823): CodeIgniter\Router\RouteCollection->loadRoutes()
10 SYSTEMPATH\CodeIgniter.php(457): CodeIgniter\CodeIgniter->tryToRouteIt(null)
11 SYSTEMPATH\CodeIgniter.php(355): CodeIgniter\CodeIgniter->handleRequest(null, Object(Config\Cache), false)
12 SYSTEMPATH\Boot.php(325): CodeIgniter\CodeIgniter->run()
13 SYSTEMPATH\Boot.php(67): CodeIgniter\Boot::runCodeIgniter(Object(CodeIgniter\CodeIgniter))
14 FCPATH\index.php(63): CodeIgniter\Boot::bootWeb(Object(Config\Paths))
WARNING - 2025-06-09 15:15:06 --> [DEPRECATED] Passing lowercase HTTP method "get" is deprecated. Use uppercase HTTP method like "GET". in SYSTEMPATH\Router\RouteCollection.php on line 1027.
 1 SYSTEMPATH\Router\RouteCollection.php(1027): trigger_error('Passing lowercase HTTP method "get" is deprecated. Use uppercase HTTP method like "GET".', 16384)
 2 APPPATH\Config\Routes\AdminRoutes.php(185): CodeIgniter\Router\RouteCollection->match([...], 'add_note/?(:num)?', 'UsersController::add_note/$1')
 3 SYSTEMPATH\Router\RouteCollection.php(800): App\Config\Routes\AdminRoutes::App\Config\Routes\{closure}(Object(CodeIgniter\Router\RouteCollection))
 4 APPPATH\Config\Routes\AdminRoutes.php(182): CodeIgniter\Router\RouteCollection->group('users', [...], Object(Closure))
 5 SYSTEMPATH\Router\RouteCollection.php(800): App\Config\Routes\AdminRoutes::App\Config\Routes\{closure}(Object(CodeIgniter\Router\RouteCollection))
 6 APPPATH\Config\Routes\AdminRoutes.php(28): CodeIgniter\Router\RouteCollection->group('admin', [...], Object(Closure))
 7 APPPATH\Config\Routes.php(20): App\Config\Routes\AdminRoutes::init(Object(CodeIgniter\Router\RouteCollection))
 8 SYSTEMPATH\Router\RouteCollection.php(340): require('C:\\xampp\\htdocs\\smartstore\\app\\Config\\Routes.php')
 9 SYSTEMPATH\CodeIgniter.php(823): CodeIgniter\Router\RouteCollection->loadRoutes()
10 SYSTEMPATH\CodeIgniter.php(457): CodeIgniter\CodeIgniter->tryToRouteIt(null)
11 SYSTEMPATH\CodeIgniter.php(355): CodeIgniter\CodeIgniter->handleRequest(null, Object(Config\Cache), false)
12 SYSTEMPATH\Boot.php(325): CodeIgniter\CodeIgniter->run()
13 SYSTEMPATH\Boot.php(67): CodeIgniter\Boot::runCodeIgniter(Object(CodeIgniter\CodeIgniter))
14 FCPATH\index.php(63): CodeIgniter\Boot::bootWeb(Object(Config\Paths))
WARNING - 2025-06-09 15:15:06 --> [DEPRECATED] Passing lowercase HTTP method "post" is deprecated. Use uppercase HTTP method like "POST". in SYSTEMPATH\Router\RouteCollection.php on line 1027.
 1 SYSTEMPATH\Router\RouteCollection.php(1027): trigger_error('Passing lowercase HTTP method "post" is deprecated. Use uppercase HTTP method like "POST".', 16384)
 2 APPPATH\Config\Routes\AdminRoutes.php(185): CodeIgniter\Router\RouteCollection->match([...], 'add_note/?(:num)?', 'UsersController::add_note/$1')
 3 SYSTEMPATH\Router\RouteCollection.php(800): App\Config\Routes\AdminRoutes::App\Config\Routes\{closure}(Object(CodeIgniter\Router\RouteCollection))
 4 APPPATH\Config\Routes\AdminRoutes.php(182): CodeIgniter\Router\RouteCollection->group('users', [...], Object(Closure))
 5 SYSTEMPATH\Router\RouteCollection.php(800): App\Config\Routes\AdminRoutes::App\Config\Routes\{closure}(Object(CodeIgniter\Router\RouteCollection))
 6 APPPATH\Config\Routes\AdminRoutes.php(28): CodeIgniter\Router\RouteCollection->group('admin', [...], Object(Closure))
 7 APPPATH\Config\Routes.php(20): App\Config\Routes\AdminRoutes::init(Object(CodeIgniter\Router\RouteCollection))
 8 SYSTEMPATH\Router\RouteCollection.php(340): require('C:\\xampp\\htdocs\\smartstore\\app\\Config\\Routes.php')
 9 SYSTEMPATH\CodeIgniter.php(823): CodeIgniter\Router\RouteCollection->loadRoutes()
10 SYSTEMPATH\CodeIgniter.php(457): CodeIgniter\CodeIgniter->tryToRouteIt(null)
11 SYSTEMPATH\CodeIgniter.php(355): CodeIgniter\CodeIgniter->handleRequest(null, Object(Config\Cache), false)
12 SYSTEMPATH\Boot.php(325): CodeIgniter\CodeIgniter->run()
13 SYSTEMPATH\Boot.php(67): CodeIgniter\Boot::runCodeIgniter(Object(CodeIgniter\CodeIgniter))
14 FCPATH\index.php(63): CodeIgniter\Boot::bootWeb(Object(Config\Paths))
WARNING - 2025-06-09 15:15:06 --> [DEPRECATED] Passing lowercase HTTP method "get" is deprecated. Use uppercase HTTP method like "GET". in SYSTEMPATH\Router\RouteCollection.php on line 1027.
 1 SYSTEMPATH\Router\RouteCollection.php(1027): trigger_error('Passing lowercase HTTP method "get" is deprecated. Use uppercase HTTP method like "GET".', 16384)
 2 APPPATH\Config\Routes\AdminRoutes.php(186): CodeIgniter\Router\RouteCollection->match([...], 'send_mail/?(:num)?', 'UsersController::send_mail/$1')
 3 SYSTEMPATH\Router\RouteCollection.php(800): App\Config\Routes\AdminRoutes::App\Config\Routes\{closure}(Object(CodeIgniter\Router\RouteCollection))
 4 APPPATH\Config\Routes\AdminRoutes.php(182): CodeIgniter\Router\RouteCollection->group('users', [...], Object(Closure))
 5 SYSTEMPATH\Router\RouteCollection.php(800): App\Config\Routes\AdminRoutes::App\Config\Routes\{closure}(Object(CodeIgniter\Router\RouteCollection))
 6 APPPATH\Config\Routes\AdminRoutes.php(28): CodeIgniter\Router\RouteCollection->group('admin', [...], Object(Closure))
 7 APPPATH\Config\Routes.php(20): App\Config\Routes\AdminRoutes::init(Object(CodeIgniter\Router\RouteCollection))
 8 SYSTEMPATH\Router\RouteCollection.php(340): require('C:\\xampp\\htdocs\\smartstore\\app\\Config\\Routes.php')
 9 SYSTEMPATH\CodeIgniter.php(823): CodeIgniter\Router\RouteCollection->loadRoutes()
10 SYSTEMPATH\CodeIgniter.php(457): CodeIgniter\CodeIgniter->tryToRouteIt(null)
11 SYSTEMPATH\CodeIgniter.php(355): CodeIgniter\CodeIgniter->handleRequest(null, Object(Config\Cache), false)
12 SYSTEMPATH\Boot.php(325): CodeIgniter\CodeIgniter->run()
13 SYSTEMPATH\Boot.php(67): CodeIgniter\Boot::runCodeIgniter(Object(CodeIgniter\CodeIgniter))
14 FCPATH\index.php(63): CodeIgniter\Boot::bootWeb(Object(Config\Paths))
WARNING - 2025-06-09 15:15:06 --> [DEPRECATED] Passing lowercase HTTP method "post" is deprecated. Use uppercase HTTP method like "POST". in SYSTEMPATH\Router\RouteCollection.php on line 1027.
 1 SYSTEMPATH\Router\RouteCollection.php(1027): trigger_error('Passing lowercase HTTP method "post" is deprecated. Use uppercase HTTP method like "POST".', 16384)
 2 APPPATH\Config\Routes\AdminRoutes.php(186): CodeIgniter\Router\RouteCollection->match([...], 'send_mail/?(:num)?', 'UsersController::send_mail/$1')
 3 SYSTEMPATH\Router\RouteCollection.php(800): App\Config\Routes\AdminRoutes::App\Config\Routes\{closure}(Object(CodeIgniter\Router\RouteCollection))
 4 APPPATH\Config\Routes\AdminRoutes.php(182): CodeIgniter\Router\RouteCollection->group('users', [...], Object(Closure))
 5 SYSTEMPATH\Router\RouteCollection.php(800): App\Config\Routes\AdminRoutes::App\Config\Routes\{closure}(Object(CodeIgniter\Router\RouteCollection))
 6 APPPATH\Config\Routes\AdminRoutes.php(28): CodeIgniter\Router\RouteCollection->group('admin', [...], Object(Closure))
 7 APPPATH\Config\Routes.php(20): App\Config\Routes\AdminRoutes::init(Object(CodeIgniter\Router\RouteCollection))
 8 SYSTEMPATH\Router\RouteCollection.php(340): require('C:\\xampp\\htdocs\\smartstore\\app\\Config\\Routes.php')
 9 SYSTEMPATH\CodeIgniter.php(823): CodeIgniter\Router\RouteCollection->loadRoutes()
10 SYSTEMPATH\CodeIgniter.php(457): CodeIgniter\CodeIgniter->tryToRouteIt(null)
11 SYSTEMPATH\CodeIgniter.php(355): CodeIgniter\CodeIgniter->handleRequest(null, Object(Config\Cache), false)
12 SYSTEMPATH\Boot.php(325): CodeIgniter\CodeIgniter->run()
13 SYSTEMPATH\Boot.php(67): CodeIgniter\Boot::runCodeIgniter(Object(CodeIgniter\CodeIgniter))
14 FCPATH\index.php(63): CodeIgniter\Boot::bootWeb(Object(Config\Paths))
WARNING - 2025-06-09 15:15:06 --> [DEPRECATED] Passing lowercase HTTP method "get" is deprecated. Use uppercase HTTP method like "GET". in SYSTEMPATH\Router\RouteCollection.php on line 1027.
 1 SYSTEMPATH\Router\RouteCollection.php(1027): trigger_error('Passing lowercase HTTP method "get" is deprecated. Use uppercase HTTP method like "GET".', 16384)
 2 APPPATH\Config\Routes\AdminRoutes.php(215): CodeIgniter\Router\RouteCollection->match([...], 'send_mail/?(:num)?', 'TicketsController::send_mail/$1')
 3 SYSTEMPATH\Router\RouteCollection.php(800): App\Config\Routes\AdminRoutes::App\Config\Routes\{closure}(Object(CodeIgniter\Router\RouteCollection))
 4 APPPATH\Config\Routes\AdminRoutes.php(212): CodeIgniter\Router\RouteCollection->group('tickets', [...], Object(Closure))
 5 SYSTEMPATH\Router\RouteCollection.php(800): App\Config\Routes\AdminRoutes::App\Config\Routes\{closure}(Object(CodeIgniter\Router\RouteCollection))
 6 APPPATH\Config\Routes\AdminRoutes.php(28): CodeIgniter\Router\RouteCollection->group('admin', [...], Object(Closure))
 7 APPPATH\Config\Routes.php(20): App\Config\Routes\AdminRoutes::init(Object(CodeIgniter\Router\RouteCollection))
 8 SYSTEMPATH\Router\RouteCollection.php(340): require('C:\\xampp\\htdocs\\smartstore\\app\\Config\\Routes.php')
 9 SYSTEMPATH\CodeIgniter.php(823): CodeIgniter\Router\RouteCollection->loadRoutes()
10 SYSTEMPATH\CodeIgniter.php(457): CodeIgniter\CodeIgniter->tryToRouteIt(null)
11 SYSTEMPATH\CodeIgniter.php(355): CodeIgniter\CodeIgniter->handleRequest(null, Object(Config\Cache), false)
12 SYSTEMPATH\Boot.php(325): CodeIgniter\CodeIgniter->run()
13 SYSTEMPATH\Boot.php(67): CodeIgniter\Boot::runCodeIgniter(Object(CodeIgniter\CodeIgniter))
14 FCPATH\index.php(63): CodeIgniter\Boot::bootWeb(Object(Config\Paths))
WARNING - 2025-06-09 15:15:06 --> [DEPRECATED] Passing lowercase HTTP method "post" is deprecated. Use uppercase HTTP method like "POST". in SYSTEMPATH\Router\RouteCollection.php on line 1027.
 1 SYSTEMPATH\Router\RouteCollection.php(1027): trigger_error('Passing lowercase HTTP method "post" is deprecated. Use uppercase HTTP method like "POST".', 16384)
 2 APPPATH\Config\Routes\AdminRoutes.php(215): CodeIgniter\Router\RouteCollection->match([...], 'send_mail/?(:num)?', 'TicketsController::send_mail/$1')
 3 SYSTEMPATH\Router\RouteCollection.php(800): App\Config\Routes\AdminRoutes::App\Config\Routes\{closure}(Object(CodeIgniter\Router\RouteCollection))
 4 APPPATH\Config\Routes\AdminRoutes.php(212): CodeIgniter\Router\RouteCollection->group('tickets', [...], Object(Closure))
 5 SYSTEMPATH\Router\RouteCollection.php(800): App\Config\Routes\AdminRoutes::App\Config\Routes\{closure}(Object(CodeIgniter\Router\RouteCollection))
 6 APPPATH\Config\Routes\AdminRoutes.php(28): CodeIgniter\Router\RouteCollection->group('admin', [...], Object(Closure))
 7 APPPATH\Config\Routes.php(20): App\Config\Routes\AdminRoutes::init(Object(CodeIgniter\Router\RouteCollection))
 8 SYSTEMPATH\Router\RouteCollection.php(340): require('C:\\xampp\\htdocs\\smartstore\\app\\Config\\Routes.php')
 9 SYSTEMPATH\CodeIgniter.php(823): CodeIgniter\Router\RouteCollection->loadRoutes()
10 SYSTEMPATH\CodeIgniter.php(457): CodeIgniter\CodeIgniter->tryToRouteIt(null)
11 SYSTEMPATH\CodeIgniter.php(355): CodeIgniter\CodeIgniter->handleRequest(null, Object(Config\Cache), false)
12 SYSTEMPATH\Boot.php(325): CodeIgniter\CodeIgniter->run()
13 SYSTEMPATH\Boot.php(67): CodeIgniter\Boot::runCodeIgniter(Object(CodeIgniter\CodeIgniter))
14 FCPATH\index.php(63): CodeIgniter\Boot::bootWeb(Object(Config\Paths))
WARNING - 2025-06-09 15:15:06 --> [DEPRECATED] Passing lowercase HTTP method "get" is deprecated. Use uppercase HTTP method like "GET". in SYSTEMPATH\Router\RouteCollection.php on line 1027.
 1 SYSTEMPATH\Router\RouteCollection.php(1027): trigger_error('Passing lowercase HTTP method "get" is deprecated. Use uppercase HTTP method like "GET".', 16384)
 2 APPPATH\Config\Routes\UserRoutes.php(49): CodeIgniter\Router\RouteCollection->match([...], 'submit_review', 'ClientController::submit_review', [...])
 3 APPPATH\Config\Routes\UserRoutes.php(23): App\Config\Routes\UserRoutes::defineRoutes(Object(CodeIgniter\Router\RouteCollection))
 4 APPPATH\Config\Routes.php(21): App\Config\Routes\UserRoutes::init(Object(CodeIgniter\Router\RouteCollection))
 5 SYSTEMPATH\Router\RouteCollection.php(340): require('C:\\xampp\\htdocs\\smartstore\\app\\Config\\Routes.php')
 6 SYSTEMPATH\CodeIgniter.php(823): CodeIgniter\Router\RouteCollection->loadRoutes()
 7 SYSTEMPATH\CodeIgniter.php(457): CodeIgniter\CodeIgniter->tryToRouteIt(null)
 8 SYSTEMPATH\CodeIgniter.php(355): CodeIgniter\CodeIgniter->handleRequest(null, Object(Config\Cache), false)
 9 SYSTEMPATH\Boot.php(325): CodeIgniter\CodeIgniter->run()
10 SYSTEMPATH\Boot.php(67): CodeIgniter\Boot::runCodeIgniter(Object(CodeIgniter\CodeIgniter))
11 FCPATH\index.php(63): CodeIgniter\Boot::bootWeb(Object(Config\Paths))
WARNING - 2025-06-09 15:15:06 --> [DEPRECATED] Passing lowercase HTTP method "post" is deprecated. Use uppercase HTTP method like "POST". in SYSTEMPATH\Router\RouteCollection.php on line 1027.
 1 SYSTEMPATH\Router\RouteCollection.php(1027): trigger_error('Passing lowercase HTTP method "post" is deprecated. Use uppercase HTTP method like "POST".', 16384)
 2 APPPATH\Config\Routes\UserRoutes.php(49): CodeIgniter\Router\RouteCollection->match([...], 'submit_review', 'ClientController::submit_review', [...])
 3 APPPATH\Config\Routes\UserRoutes.php(23): App\Config\Routes\UserRoutes::defineRoutes(Object(CodeIgniter\Router\RouteCollection))
 4 APPPATH\Config\Routes.php(21): App\Config\Routes\UserRoutes::init(Object(CodeIgniter\Router\RouteCollection))
 5 SYSTEMPATH\Router\RouteCollection.php(340): require('C:\\xampp\\htdocs\\smartstore\\app\\Config\\Routes.php')
 6 SYSTEMPATH\CodeIgniter.php(823): CodeIgniter\Router\RouteCollection->loadRoutes()
 7 SYSTEMPATH\CodeIgniter.php(457): CodeIgniter\CodeIgniter->tryToRouteIt(null)
 8 SYSTEMPATH\CodeIgniter.php(355): CodeIgniter\CodeIgniter->handleRequest(null, Object(Config\Cache), false)
 9 SYSTEMPATH\Boot.php(325): CodeIgniter\CodeIgniter->run()
10 SYSTEMPATH\Boot.php(67): CodeIgniter\Boot::runCodeIgniter(Object(CodeIgniter\CodeIgniter))
11 FCPATH\index.php(63): CodeIgniter\Boot::bootWeb(Object(Config\Paths))
WARNING - 2025-06-09 15:15:06 --> [DEPRECATED] Passing lowercase HTTP method "get" is deprecated. Use uppercase HTTP method like "GET". in SYSTEMPATH\Router\RouteCollection.php on line 1027.
 1 SYSTEMPATH\Router\RouteCollection.php(1027): trigger_error('Passing lowercase HTTP method "get" is deprecated. Use uppercase HTTP method like "GET".', 16384)
 2 APPPATH\Config\Routes\UserRoutes.php(63): CodeIgniter\Router\RouteCollection->match([...], 'track-order', 'OrderController::track_order', [...])
 3 APPPATH\Config\Routes\UserRoutes.php(23): App\Config\Routes\UserRoutes::defineRoutes(Object(CodeIgniter\Router\RouteCollection))
 4 APPPATH\Config\Routes.php(21): App\Config\Routes\UserRoutes::init(Object(CodeIgniter\Router\RouteCollection))
 5 SYSTEMPATH\Router\RouteCollection.php(340): require('C:\\xampp\\htdocs\\smartstore\\app\\Config\\Routes.php')
 6 SYSTEMPATH\CodeIgniter.php(823): CodeIgniter\Router\RouteCollection->loadRoutes()
 7 SYSTEMPATH\CodeIgniter.php(457): CodeIgniter\CodeIgniter->tryToRouteIt(null)
 8 SYSTEMPATH\CodeIgniter.php(355): CodeIgniter\CodeIgniter->handleRequest(null, Object(Config\Cache), false)
 9 SYSTEMPATH\Boot.php(325): CodeIgniter\CodeIgniter->run()
10 SYSTEMPATH\Boot.php(67): CodeIgniter\Boot::runCodeIgniter(Object(CodeIgniter\CodeIgniter))
11 FCPATH\index.php(63): CodeIgniter\Boot::bootWeb(Object(Config\Paths))
WARNING - 2025-06-09 15:15:06 --> [DEPRECATED] Passing lowercase HTTP method "post" is deprecated. Use uppercase HTTP method like "POST". in SYSTEMPATH\Router\RouteCollection.php on line 1027.
 1 SYSTEMPATH\Router\RouteCollection.php(1027): trigger_error('Passing lowercase HTTP method "post" is deprecated. Use uppercase HTTP method like "POST".', 16384)
 2 APPPATH\Config\Routes\UserRoutes.php(63): CodeIgniter\Router\RouteCollection->match([...], 'track-order', 'OrderController::track_order', [...])
 3 APPPATH\Config\Routes\UserRoutes.php(23): App\Config\Routes\UserRoutes::defineRoutes(Object(CodeIgniter\Router\RouteCollection))
 4 APPPATH\Config\Routes.php(21): App\Config\Routes\UserRoutes::init(Object(CodeIgniter\Router\RouteCollection))
 5 SYSTEMPATH\Router\RouteCollection.php(340): require('C:\\xampp\\htdocs\\smartstore\\app\\Config\\Routes.php')
 6 SYSTEMPATH\CodeIgniter.php(823): CodeIgniter\Router\RouteCollection->loadRoutes()
 7 SYSTEMPATH\CodeIgniter.php(457): CodeIgniter\CodeIgniter->tryToRouteIt(null)
 8 SYSTEMPATH\CodeIgniter.php(355): CodeIgniter\CodeIgniter->handleRequest(null, Object(Config\Cache), false)
 9 SYSTEMPATH\Boot.php(325): CodeIgniter\CodeIgniter->run()
10 SYSTEMPATH\Boot.php(67): CodeIgniter\Boot::runCodeIgniter(Object(CodeIgniter\CodeIgniter))
11 FCPATH\index.php(63): CodeIgniter\Boot::bootWeb(Object(Config\Paths))
WARNING - 2025-06-09 15:15:06 --> [DEPRECATED] Passing lowercase HTTP method "get" is deprecated. Use uppercase HTTP method like "GET". in SYSTEMPATH\Router\RouteCollection.php on line 1027.
 1 SYSTEMPATH\Router\RouteCollection.php(1027): trigger_error('Passing lowercase HTTP method "get" is deprecated. Use uppercase HTTP method like "GET".', 16384)
 2 APPPATH\Config\Routes\UserRoutes.php(49): CodeIgniter\Router\RouteCollection->match([...], 'submit_review', 'ClientController::submit_review', [...])
 3 APPPATH\Config\Routes\UserRoutes.php(26): App\Config\Routes\UserRoutes::defineRoutes(Object(CodeIgniter\Router\RouteCollection))
 4 SYSTEMPATH\Router\RouteCollection.php(800): App\Config\Routes\UserRoutes::App\Config\Routes\{closure}(Object(CodeIgniter\Router\RouteCollection))
 5 APPPATH\Config\Routes\UserRoutes.php(25): CodeIgniter\Router\RouteCollection->group('{locale}', Object(Closure))
 6 APPPATH\Config\Routes.php(21): App\Config\Routes\UserRoutes::init(Object(CodeIgniter\Router\RouteCollection))
 7 SYSTEMPATH\Router\RouteCollection.php(340): require('C:\\xampp\\htdocs\\smartstore\\app\\Config\\Routes.php')
 8 SYSTEMPATH\CodeIgniter.php(823): CodeIgniter\Router\RouteCollection->loadRoutes()
 9 SYSTEMPATH\CodeIgniter.php(457): CodeIgniter\CodeIgniter->tryToRouteIt(null)
10 SYSTEMPATH\CodeIgniter.php(355): CodeIgniter\CodeIgniter->handleRequest(null, Object(Config\Cache), false)
11 SYSTEMPATH\Boot.php(325): CodeIgniter\CodeIgniter->run()
12 SYSTEMPATH\Boot.php(67): CodeIgniter\Boot::runCodeIgniter(Object(CodeIgniter\CodeIgniter))
13 FCPATH\index.php(63): CodeIgniter\Boot::bootWeb(Object(Config\Paths))
WARNING - 2025-06-09 15:15:06 --> [DEPRECATED] Passing lowercase HTTP method "post" is deprecated. Use uppercase HTTP method like "POST". in SYSTEMPATH\Router\RouteCollection.php on line 1027.
 1 SYSTEMPATH\Router\RouteCollection.php(1027): trigger_error('Passing lowercase HTTP method "post" is deprecated. Use uppercase HTTP method like "POST".', 16384)
 2 APPPATH\Config\Routes\UserRoutes.php(49): CodeIgniter\Router\RouteCollection->match([...], 'submit_review', 'ClientController::submit_review', [...])
 3 APPPATH\Config\Routes\UserRoutes.php(26): App\Config\Routes\UserRoutes::defineRoutes(Object(CodeIgniter\Router\RouteCollection))
 4 SYSTEMPATH\Router\RouteCollection.php(800): App\Config\Routes\UserRoutes::App\Config\Routes\{closure}(Object(CodeIgniter\Router\RouteCollection))
 5 APPPATH\Config\Routes\UserRoutes.php(25): CodeIgniter\Router\RouteCollection->group('{locale}', Object(Closure))
 6 APPPATH\Config\Routes.php(21): App\Config\Routes\UserRoutes::init(Object(CodeIgniter\Router\RouteCollection))
 7 SYSTEMPATH\Router\RouteCollection.php(340): require('C:\\xampp\\htdocs\\smartstore\\app\\Config\\Routes.php')
 8 SYSTEMPATH\CodeIgniter.php(823): CodeIgniter\Router\RouteCollection->loadRoutes()
 9 SYSTEMPATH\CodeIgniter.php(457): CodeIgniter\CodeIgniter->tryToRouteIt(null)
10 SYSTEMPATH\CodeIgniter.php(355): CodeIgniter\CodeIgniter->handleRequest(null, Object(Config\Cache), false)
11 SYSTEMPATH\Boot.php(325): CodeIgniter\CodeIgniter->run()
12 SYSTEMPATH\Boot.php(67): CodeIgniter\Boot::runCodeIgniter(Object(CodeIgniter\CodeIgniter))
13 FCPATH\index.php(63): CodeIgniter\Boot::bootWeb(Object(Config\Paths))
WARNING - 2025-06-09 15:15:06 --> [DEPRECATED] Passing lowercase HTTP method "get" is deprecated. Use uppercase HTTP method like "GET". in SYSTEMPATH\Router\RouteCollection.php on line 1027.
 1 SYSTEMPATH\Router\RouteCollection.php(1027): trigger_error('Passing lowercase HTTP method "get" is deprecated. Use uppercase HTTP method like "GET".', 16384)
 2 APPPATH\Config\Routes\UserRoutes.php(63): CodeIgniter\Router\RouteCollection->match([...], 'track-order', 'OrderController::track_order', [...])
 3 APPPATH\Config\Routes\UserRoutes.php(26): App\Config\Routes\UserRoutes::defineRoutes(Object(CodeIgniter\Router\RouteCollection))
 4 SYSTEMPATH\Router\RouteCollection.php(800): App\Config\Routes\UserRoutes::App\Config\Routes\{closure}(Object(CodeIgniter\Router\RouteCollection))
 5 APPPATH\Config\Routes\UserRoutes.php(25): CodeIgniter\Router\RouteCollection->group('{locale}', Object(Closure))
 6 APPPATH\Config\Routes.php(21): App\Config\Routes\UserRoutes::init(Object(CodeIgniter\Router\RouteCollection))
 7 SYSTEMPATH\Router\RouteCollection.php(340): require('C:\\xampp\\htdocs\\smartstore\\app\\Config\\Routes.php')
 8 SYSTEMPATH\CodeIgniter.php(823): CodeIgniter\Router\RouteCollection->loadRoutes()
 9 SYSTEMPATH\CodeIgniter.php(457): CodeIgniter\CodeIgniter->tryToRouteIt(null)
10 SYSTEMPATH\CodeIgniter.php(355): CodeIgniter\CodeIgniter->handleRequest(null, Object(Config\Cache), false)
11 SYSTEMPATH\Boot.php(325): CodeIgniter\CodeIgniter->run()
12 SYSTEMPATH\Boot.php(67): CodeIgniter\Boot::runCodeIgniter(Object(CodeIgniter\CodeIgniter))
13 FCPATH\index.php(63): CodeIgniter\Boot::bootWeb(Object(Config\Paths))
WARNING - 2025-06-09 15:15:06 --> [DEPRECATED] Passing lowercase HTTP method "post" is deprecated. Use uppercase HTTP method like "POST". in SYSTEMPATH\Router\RouteCollection.php on line 1027.
 1 SYSTEMPATH\Router\RouteCollection.php(1027): trigger_error('Passing lowercase HTTP method "post" is deprecated. Use uppercase HTTP method like "POST".', 16384)
 2 APPPATH\Config\Routes\UserRoutes.php(63): CodeIgniter\Router\RouteCollection->match([...], 'track-order', 'OrderController::track_order', [...])
 3 APPPATH\Config\Routes\UserRoutes.php(26): App\Config\Routes\UserRoutes::defineRoutes(Object(CodeIgniter\Router\RouteCollection))
 4 SYSTEMPATH\Router\RouteCollection.php(800): App\Config\Routes\UserRoutes::App\Config\Routes\{closure}(Object(CodeIgniter\Router\RouteCollection))
 5 APPPATH\Config\Routes\UserRoutes.php(25): CodeIgniter\Router\RouteCollection->group('{locale}', Object(Closure))
 6 APPPATH\Config\Routes.php(21): App\Config\Routes\UserRoutes::init(Object(CodeIgniter\Router\RouteCollection))
 7 SYSTEMPATH\Router\RouteCollection.php(340): require('C:\\xampp\\htdocs\\smartstore\\app\\Config\\Routes.php')
 8 SYSTEMPATH\CodeIgniter.php(823): CodeIgniter\Router\RouteCollection->loadRoutes()
 9 SYSTEMPATH\CodeIgniter.php(457): CodeIgniter\CodeIgniter->tryToRouteIt(null)
10 SYSTEMPATH\CodeIgniter.php(355): CodeIgniter\CodeIgniter->handleRequest(null, Object(Config\Cache), false)
11 SYSTEMPATH\Boot.php(325): CodeIgniter\CodeIgniter->run()
12 SYSTEMPATH\Boot.php(67): CodeIgniter\Boot::runCodeIgniter(Object(CodeIgniter\CodeIgniter))
13 FCPATH\index.php(63): CodeIgniter\Boot::bootWeb(Object(Config\Paths))
WARNING - 2025-06-09 15:44:04 --> [DEPRECATED] Passing lowercase HTTP method "get" is deprecated. Use uppercase HTTP method like "GET". in SYSTEMPATH\Router\RouteCollection.php on line 1027.
 1 SYSTEMPATH\Router\RouteCollection.php(1027): trigger_error('Passing lowercase HTTP method "get" is deprecated. Use uppercase HTTP method like "GET".', 16384)
 2 APPPATH\Config\Routes\AdminRoutes.php(65): CodeIgniter\Router\RouteCollection->match([...], 'send_test_mail', 'SettingsController::send_test_mail')
 3 SYSTEMPATH\Router\RouteCollection.php(800): App\Config\Routes\AdminRoutes::App\Config\Routes\{closure}(Object(CodeIgniter\Router\RouteCollection))
 4 APPPATH\Config\Routes\AdminRoutes.php(63): CodeIgniter\Router\RouteCollection->group('settings', [...], Object(Closure))
 5 SYSTEMPATH\Router\RouteCollection.php(800): App\Config\Routes\AdminRoutes::App\Config\Routes\{closure}(Object(CodeIgniter\Router\RouteCollection))
 6 APPPATH\Config\Routes\AdminRoutes.php(28): CodeIgniter\Router\RouteCollection->group('admin', [...], Object(Closure))
 7 APPPATH\Config\Routes.php(20): App\Config\Routes\AdminRoutes::init(Object(CodeIgniter\Router\RouteCollection))
 8 SYSTEMPATH\Router\RouteCollection.php(340): require('C:\\xampp\\htdocs\\smartstore\\app\\Config\\Routes.php')
 9 SYSTEMPATH\CodeIgniter.php(823): CodeIgniter\Router\RouteCollection->loadRoutes()
10 SYSTEMPATH\CodeIgniter.php(457): CodeIgniter\CodeIgniter->tryToRouteIt(null)
11 SYSTEMPATH\CodeIgniter.php(355): CodeIgniter\CodeIgniter->handleRequest(null, Object(Config\Cache), false)
12 SYSTEMPATH\Boot.php(325): CodeIgniter\CodeIgniter->run()
13 SYSTEMPATH\Boot.php(67): CodeIgniter\Boot::runCodeIgniter(Object(CodeIgniter\CodeIgniter))
14 FCPATH\index.php(63): CodeIgniter\Boot::bootWeb(Object(Config\Paths))
WARNING - 2025-06-09 15:44:04 --> [DEPRECATED] Passing lowercase HTTP method "post" is deprecated. Use uppercase HTTP method like "POST". in SYSTEMPATH\Router\RouteCollection.php on line 1027.
 1 SYSTEMPATH\Router\RouteCollection.php(1027): trigger_error('Passing lowercase HTTP method "post" is deprecated. Use uppercase HTTP method like "POST".', 16384)
 2 APPPATH\Config\Routes\AdminRoutes.php(65): CodeIgniter\Router\RouteCollection->match([...], 'send_test_mail', 'SettingsController::send_test_mail')
 3 SYSTEMPATH\Router\RouteCollection.php(800): App\Config\Routes\AdminRoutes::App\Config\Routes\{closure}(Object(CodeIgniter\Router\RouteCollection))
 4 APPPATH\Config\Routes\AdminRoutes.php(63): CodeIgniter\Router\RouteCollection->group('settings', [...], Object(Closure))
 5 SYSTEMPATH\Router\RouteCollection.php(800): App\Config\Routes\AdminRoutes::App\Config\Routes\{closure}(Object(CodeIgniter\Router\RouteCollection))
 6 APPPATH\Config\Routes\AdminRoutes.php(28): CodeIgniter\Router\RouteCollection->group('admin', [...], Object(Closure))
 7 APPPATH\Config\Routes.php(20): App\Config\Routes\AdminRoutes::init(Object(CodeIgniter\Router\RouteCollection))
 8 SYSTEMPATH\Router\RouteCollection.php(340): require('C:\\xampp\\htdocs\\smartstore\\app\\Config\\Routes.php')
 9 SYSTEMPATH\CodeIgniter.php(823): CodeIgniter\Router\RouteCollection->loadRoutes()
10 SYSTEMPATH\CodeIgniter.php(457): CodeIgniter\CodeIgniter->tryToRouteIt(null)
11 SYSTEMPATH\CodeIgniter.php(355): CodeIgniter\CodeIgniter->handleRequest(null, Object(Config\Cache), false)
12 SYSTEMPATH\Boot.php(325): CodeIgniter\CodeIgniter->run()
13 SYSTEMPATH\Boot.php(67): CodeIgniter\Boot::runCodeIgniter(Object(CodeIgniter\CodeIgniter))
14 FCPATH\index.php(63): CodeIgniter\Boot::bootWeb(Object(Config\Paths))
WARNING - 2025-06-09 15:44:04 --> [DEPRECATED] Passing lowercase HTTP method "get" is deprecated. Use uppercase HTTP method like "GET". in SYSTEMPATH\Router\RouteCollection.php on line 1027.
 1 SYSTEMPATH\Router\RouteCollection.php(1027): trigger_error('Passing lowercase HTTP method "get" is deprecated. Use uppercase HTTP method like "GET".', 16384)
 2 APPPATH\Config\Routes\AdminRoutes.php(76): CodeIgniter\Router\RouteCollection->match([...], 'elfinder_connector', 'FilemanagerController::elfinder_connector')
 3 SYSTEMPATH\Router\RouteCollection.php(800): App\Config\Routes\AdminRoutes::App\Config\Routes\{closure}(Object(CodeIgniter\Router\RouteCollection))
 4 APPPATH\Config\Routes\AdminRoutes.php(73): CodeIgniter\Router\RouteCollection->group('filemanager', [...], Object(Closure))
 5 SYSTEMPATH\Router\RouteCollection.php(800): App\Config\Routes\AdminRoutes::App\Config\Routes\{closure}(Object(CodeIgniter\Router\RouteCollection))
 6 APPPATH\Config\Routes\AdminRoutes.php(28): CodeIgniter\Router\RouteCollection->group('admin', [...], Object(Closure))
 7 APPPATH\Config\Routes.php(20): App\Config\Routes\AdminRoutes::init(Object(CodeIgniter\Router\RouteCollection))
 8 SYSTEMPATH\Router\RouteCollection.php(340): require('C:\\xampp\\htdocs\\smartstore\\app\\Config\\Routes.php')
 9 SYSTEMPATH\CodeIgniter.php(823): CodeIgniter\Router\RouteCollection->loadRoutes()
10 SYSTEMPATH\CodeIgniter.php(457): CodeIgniter\CodeIgniter->tryToRouteIt(null)
11 SYSTEMPATH\CodeIgniter.php(355): CodeIgniter\CodeIgniter->handleRequest(null, Object(Config\Cache), false)
12 SYSTEMPATH\Boot.php(325): CodeIgniter\CodeIgniter->run()
13 SYSTEMPATH\Boot.php(67): CodeIgniter\Boot::runCodeIgniter(Object(CodeIgniter\CodeIgniter))
14 FCPATH\index.php(63): CodeIgniter\Boot::bootWeb(Object(Config\Paths))
WARNING - 2025-06-09 15:44:04 --> [DEPRECATED] Passing lowercase HTTP method "post" is deprecated. Use uppercase HTTP method like "POST". in SYSTEMPATH\Router\RouteCollection.php on line 1027.
 1 SYSTEMPATH\Router\RouteCollection.php(1027): trigger_error('Passing lowercase HTTP method "post" is deprecated. Use uppercase HTTP method like "POST".', 16384)
 2 APPPATH\Config\Routes\AdminRoutes.php(76): CodeIgniter\Router\RouteCollection->match([...], 'elfinder_connector', 'FilemanagerController::elfinder_connector')
 3 SYSTEMPATH\Router\RouteCollection.php(800): App\Config\Routes\AdminRoutes::App\Config\Routes\{closure}(Object(CodeIgniter\Router\RouteCollection))
 4 APPPATH\Config\Routes\AdminRoutes.php(73): CodeIgniter\Router\RouteCollection->group('filemanager', [...], Object(Closure))
 5 SYSTEMPATH\Router\RouteCollection.php(800): App\Config\Routes\AdminRoutes::App\Config\Routes\{closure}(Object(CodeIgniter\Router\RouteCollection))
 6 APPPATH\Config\Routes\AdminRoutes.php(28): CodeIgniter\Router\RouteCollection->group('admin', [...], Object(Closure))
 7 APPPATH\Config\Routes.php(20): App\Config\Routes\AdminRoutes::init(Object(CodeIgniter\Router\RouteCollection))
 8 SYSTEMPATH\Router\RouteCollection.php(340): require('C:\\xampp\\htdocs\\smartstore\\app\\Config\\Routes.php')
 9 SYSTEMPATH\CodeIgniter.php(823): CodeIgniter\Router\RouteCollection->loadRoutes()
10 SYSTEMPATH\CodeIgniter.php(457): CodeIgniter\CodeIgniter->tryToRouteIt(null)
11 SYSTEMPATH\CodeIgniter.php(355): CodeIgniter\CodeIgniter->handleRequest(null, Object(Config\Cache), false)
12 SYSTEMPATH\Boot.php(325): CodeIgniter\CodeIgniter->run()
13 SYSTEMPATH\Boot.php(67): CodeIgniter\Boot::runCodeIgniter(Object(CodeIgniter\CodeIgniter))
14 FCPATH\index.php(63): CodeIgniter\Boot::bootWeb(Object(Config\Paths))
WARNING - 2025-06-09 15:44:04 --> [DEPRECATED] Passing lowercase HTTP method "get" is deprecated. Use uppercase HTTP method like "GET". in SYSTEMPATH\Router\RouteCollection.php on line 1027.
 1 SYSTEMPATH\Router\RouteCollection.php(1027): trigger_error('Passing lowercase HTTP method "get" is deprecated. Use uppercase HTTP method like "GET".', 16384)
 2 APPPATH\Config\Routes\AdminRoutes.php(172): CodeIgniter\Router\RouteCollection->match([...], 'sync_services/?(:num)?', 'ProvidersController::sync_services/$1')
 3 SYSTEMPATH\Router\RouteCollection.php(800): App\Config\Routes\AdminRoutes::App\Config\Routes\{closure}(Object(CodeIgniter\Router\RouteCollection))
 4 APPPATH\Config\Routes\AdminRoutes.php(167): CodeIgniter\Router\RouteCollection->group('providers', [...], Object(Closure))
 5 SYSTEMPATH\Router\RouteCollection.php(800): App\Config\Routes\AdminRoutes::App\Config\Routes\{closure}(Object(CodeIgniter\Router\RouteCollection))
 6 APPPATH\Config\Routes\AdminRoutes.php(28): CodeIgniter\Router\RouteCollection->group('admin', [...], Object(Closure))
 7 APPPATH\Config\Routes.php(20): App\Config\Routes\AdminRoutes::init(Object(CodeIgniter\Router\RouteCollection))
 8 SYSTEMPATH\Router\RouteCollection.php(340): require('C:\\xampp\\htdocs\\smartstore\\app\\Config\\Routes.php')
 9 SYSTEMPATH\CodeIgniter.php(823): CodeIgniter\Router\RouteCollection->loadRoutes()
10 SYSTEMPATH\CodeIgniter.php(457): CodeIgniter\CodeIgniter->tryToRouteIt(null)
11 SYSTEMPATH\CodeIgniter.php(355): CodeIgniter\CodeIgniter->handleRequest(null, Object(Config\Cache), false)
12 SYSTEMPATH\Boot.php(325): CodeIgniter\CodeIgniter->run()
13 SYSTEMPATH\Boot.php(67): CodeIgniter\Boot::runCodeIgniter(Object(CodeIgniter\CodeIgniter))
14 FCPATH\index.php(63): CodeIgniter\Boot::bootWeb(Object(Config\Paths))
WARNING - 2025-06-09 15:44:04 --> [DEPRECATED] Passing lowercase HTTP method "post" is deprecated. Use uppercase HTTP method like "POST". in SYSTEMPATH\Router\RouteCollection.php on line 1027.
 1 SYSTEMPATH\Router\RouteCollection.php(1027): trigger_error('Passing lowercase HTTP method "post" is deprecated. Use uppercase HTTP method like "POST".', 16384)
 2 APPPATH\Config\Routes\AdminRoutes.php(172): CodeIgniter\Router\RouteCollection->match([...], 'sync_services/?(:num)?', 'ProvidersController::sync_services/$1')
 3 SYSTEMPATH\Router\RouteCollection.php(800): App\Config\Routes\AdminRoutes::App\Config\Routes\{closure}(Object(CodeIgniter\Router\RouteCollection))
 4 APPPATH\Config\Routes\AdminRoutes.php(167): CodeIgniter\Router\RouteCollection->group('providers', [...], Object(Closure))
 5 SYSTEMPATH\Router\RouteCollection.php(800): App\Config\Routes\AdminRoutes::App\Config\Routes\{closure}(Object(CodeIgniter\Router\RouteCollection))
 6 APPPATH\Config\Routes\AdminRoutes.php(28): CodeIgniter\Router\RouteCollection->group('admin', [...], Object(Closure))
 7 APPPATH\Config\Routes.php(20): App\Config\Routes\AdminRoutes::init(Object(CodeIgniter\Router\RouteCollection))
 8 SYSTEMPATH\Router\RouteCollection.php(340): require('C:\\xampp\\htdocs\\smartstore\\app\\Config\\Routes.php')
 9 SYSTEMPATH\CodeIgniter.php(823): CodeIgniter\Router\RouteCollection->loadRoutes()
10 SYSTEMPATH\CodeIgniter.php(457): CodeIgniter\CodeIgniter->tryToRouteIt(null)
11 SYSTEMPATH\CodeIgniter.php(355): CodeIgniter\CodeIgniter->handleRequest(null, Object(Config\Cache), false)
12 SYSTEMPATH\Boot.php(325): CodeIgniter\CodeIgniter->run()
13 SYSTEMPATH\Boot.php(67): CodeIgniter\Boot::runCodeIgniter(Object(CodeIgniter\CodeIgniter))
14 FCPATH\index.php(63): CodeIgniter\Boot::bootWeb(Object(Config\Paths))
WARNING - 2025-06-09 15:44:04 --> [DEPRECATED] Passing lowercase HTTP method "get" is deprecated. Use uppercase HTTP method like "GET". in SYSTEMPATH\Router\RouteCollection.php on line 1027.
 1 SYSTEMPATH\Router\RouteCollection.php(1027): trigger_error('Passing lowercase HTTP method "get" is deprecated. Use uppercase HTTP method like "GET".', 16384)
 2 APPPATH\Config\Routes\AdminRoutes.php(185): CodeIgniter\Router\RouteCollection->match([...], 'add_note/?(:num)?', 'UsersController::add_note/$1')
 3 SYSTEMPATH\Router\RouteCollection.php(800): App\Config\Routes\AdminRoutes::App\Config\Routes\{closure}(Object(CodeIgniter\Router\RouteCollection))
 4 APPPATH\Config\Routes\AdminRoutes.php(182): CodeIgniter\Router\RouteCollection->group('users', [...], Object(Closure))
 5 SYSTEMPATH\Router\RouteCollection.php(800): App\Config\Routes\AdminRoutes::App\Config\Routes\{closure}(Object(CodeIgniter\Router\RouteCollection))
 6 APPPATH\Config\Routes\AdminRoutes.php(28): CodeIgniter\Router\RouteCollection->group('admin', [...], Object(Closure))
 7 APPPATH\Config\Routes.php(20): App\Config\Routes\AdminRoutes::init(Object(CodeIgniter\Router\RouteCollection))
 8 SYSTEMPATH\Router\RouteCollection.php(340): require('C:\\xampp\\htdocs\\smartstore\\app\\Config\\Routes.php')
 9 SYSTEMPATH\CodeIgniter.php(823): CodeIgniter\Router\RouteCollection->loadRoutes()
10 SYSTEMPATH\CodeIgniter.php(457): CodeIgniter\CodeIgniter->tryToRouteIt(null)
11 SYSTEMPATH\CodeIgniter.php(355): CodeIgniter\CodeIgniter->handleRequest(null, Object(Config\Cache), false)
12 SYSTEMPATH\Boot.php(325): CodeIgniter\CodeIgniter->run()
13 SYSTEMPATH\Boot.php(67): CodeIgniter\Boot::runCodeIgniter(Object(CodeIgniter\CodeIgniter))
14 FCPATH\index.php(63): CodeIgniter\Boot::bootWeb(Object(Config\Paths))
WARNING - 2025-06-09 15:44:04 --> [DEPRECATED] Passing lowercase HTTP method "post" is deprecated. Use uppercase HTTP method like "POST". in SYSTEMPATH\Router\RouteCollection.php on line 1027.
 1 SYSTEMPATH\Router\RouteCollection.php(1027): trigger_error('Passing lowercase HTTP method "post" is deprecated. Use uppercase HTTP method like "POST".', 16384)
 2 APPPATH\Config\Routes\AdminRoutes.php(185): CodeIgniter\Router\RouteCollection->match([...], 'add_note/?(:num)?', 'UsersController::add_note/$1')
 3 SYSTEMPATH\Router\RouteCollection.php(800): App\Config\Routes\AdminRoutes::App\Config\Routes\{closure}(Object(CodeIgniter\Router\RouteCollection))
 4 APPPATH\Config\Routes\AdminRoutes.php(182): CodeIgniter\Router\RouteCollection->group('users', [...], Object(Closure))
 5 SYSTEMPATH\Router\RouteCollection.php(800): App\Config\Routes\AdminRoutes::App\Config\Routes\{closure}(Object(CodeIgniter\Router\RouteCollection))
 6 APPPATH\Config\Routes\AdminRoutes.php(28): CodeIgniter\Router\RouteCollection->group('admin', [...], Object(Closure))
 7 APPPATH\Config\Routes.php(20): App\Config\Routes\AdminRoutes::init(Object(CodeIgniter\Router\RouteCollection))
 8 SYSTEMPATH\Router\RouteCollection.php(340): require('C:\\xampp\\htdocs\\smartstore\\app\\Config\\Routes.php')
 9 SYSTEMPATH\CodeIgniter.php(823): CodeIgniter\Router\RouteCollection->loadRoutes()
10 SYSTEMPATH\CodeIgniter.php(457): CodeIgniter\CodeIgniter->tryToRouteIt(null)
11 SYSTEMPATH\CodeIgniter.php(355): CodeIgniter\CodeIgniter->handleRequest(null, Object(Config\Cache), false)
12 SYSTEMPATH\Boot.php(325): CodeIgniter\CodeIgniter->run()
13 SYSTEMPATH\Boot.php(67): CodeIgniter\Boot::runCodeIgniter(Object(CodeIgniter\CodeIgniter))
14 FCPATH\index.php(63): CodeIgniter\Boot::bootWeb(Object(Config\Paths))
WARNING - 2025-06-09 15:44:04 --> [DEPRECATED] Passing lowercase HTTP method "get" is deprecated. Use uppercase HTTP method like "GET". in SYSTEMPATH\Router\RouteCollection.php on line 1027.
 1 SYSTEMPATH\Router\RouteCollection.php(1027): trigger_error('Passing lowercase HTTP method "get" is deprecated. Use uppercase HTTP method like "GET".', 16384)
 2 APPPATH\Config\Routes\AdminRoutes.php(186): CodeIgniter\Router\RouteCollection->match([...], 'send_mail/?(:num)?', 'UsersController::send_mail/$1')
 3 SYSTEMPATH\Router\RouteCollection.php(800): App\Config\Routes\AdminRoutes::App\Config\Routes\{closure}(Object(CodeIgniter\Router\RouteCollection))
 4 APPPATH\Config\Routes\AdminRoutes.php(182): CodeIgniter\Router\RouteCollection->group('users', [...], Object(Closure))
 5 SYSTEMPATH\Router\RouteCollection.php(800): App\Config\Routes\AdminRoutes::App\Config\Routes\{closure}(Object(CodeIgniter\Router\RouteCollection))
 6 APPPATH\Config\Routes\AdminRoutes.php(28): CodeIgniter\Router\RouteCollection->group('admin', [...], Object(Closure))
 7 APPPATH\Config\Routes.php(20): App\Config\Routes\AdminRoutes::init(Object(CodeIgniter\Router\RouteCollection))
 8 SYSTEMPATH\Router\RouteCollection.php(340): require('C:\\xampp\\htdocs\\smartstore\\app\\Config\\Routes.php')
 9 SYSTEMPATH\CodeIgniter.php(823): CodeIgniter\Router\RouteCollection->loadRoutes()
10 SYSTEMPATH\CodeIgniter.php(457): CodeIgniter\CodeIgniter->tryToRouteIt(null)
11 SYSTEMPATH\CodeIgniter.php(355): CodeIgniter\CodeIgniter->handleRequest(null, Object(Config\Cache), false)
12 SYSTEMPATH\Boot.php(325): CodeIgniter\CodeIgniter->run()
13 SYSTEMPATH\Boot.php(67): CodeIgniter\Boot::runCodeIgniter(Object(CodeIgniter\CodeIgniter))
14 FCPATH\index.php(63): CodeIgniter\Boot::bootWeb(Object(Config\Paths))
WARNING - 2025-06-09 15:44:04 --> [DEPRECATED] Passing lowercase HTTP method "post" is deprecated. Use uppercase HTTP method like "POST". in SYSTEMPATH\Router\RouteCollection.php on line 1027.
 1 SYSTEMPATH\Router\RouteCollection.php(1027): trigger_error('Passing lowercase HTTP method "post" is deprecated. Use uppercase HTTP method like "POST".', 16384)
 2 APPPATH\Config\Routes\AdminRoutes.php(186): CodeIgniter\Router\RouteCollection->match([...], 'send_mail/?(:num)?', 'UsersController::send_mail/$1')
 3 SYSTEMPATH\Router\RouteCollection.php(800): App\Config\Routes\AdminRoutes::App\Config\Routes\{closure}(Object(CodeIgniter\Router\RouteCollection))
 4 APPPATH\Config\Routes\AdminRoutes.php(182): CodeIgniter\Router\RouteCollection->group('users', [...], Object(Closure))
 5 SYSTEMPATH\Router\RouteCollection.php(800): App\Config\Routes\AdminRoutes::App\Config\Routes\{closure}(Object(CodeIgniter\Router\RouteCollection))
 6 APPPATH\Config\Routes\AdminRoutes.php(28): CodeIgniter\Router\RouteCollection->group('admin', [...], Object(Closure))
 7 APPPATH\Config\Routes.php(20): App\Config\Routes\AdminRoutes::init(Object(CodeIgniter\Router\RouteCollection))
 8 SYSTEMPATH\Router\RouteCollection.php(340): require('C:\\xampp\\htdocs\\smartstore\\app\\Config\\Routes.php')
 9 SYSTEMPATH\CodeIgniter.php(823): CodeIgniter\Router\RouteCollection->loadRoutes()
10 SYSTEMPATH\CodeIgniter.php(457): CodeIgniter\CodeIgniter->tryToRouteIt(null)
11 SYSTEMPATH\CodeIgniter.php(355): CodeIgniter\CodeIgniter->handleRequest(null, Object(Config\Cache), false)
12 SYSTEMPATH\Boot.php(325): CodeIgniter\CodeIgniter->run()
13 SYSTEMPATH\Boot.php(67): CodeIgniter\Boot::runCodeIgniter(Object(CodeIgniter\CodeIgniter))
14 FCPATH\index.php(63): CodeIgniter\Boot::bootWeb(Object(Config\Paths))
WARNING - 2025-06-09 15:44:04 --> [DEPRECATED] Passing lowercase HTTP method "get" is deprecated. Use uppercase HTTP method like "GET". in SYSTEMPATH\Router\RouteCollection.php on line 1027.
 1 SYSTEMPATH\Router\RouteCollection.php(1027): trigger_error('Passing lowercase HTTP method "get" is deprecated. Use uppercase HTTP method like "GET".', 16384)
 2 APPPATH\Config\Routes\AdminRoutes.php(215): CodeIgniter\Router\RouteCollection->match([...], 'send_mail/?(:num)?', 'TicketsController::send_mail/$1')
 3 SYSTEMPATH\Router\RouteCollection.php(800): App\Config\Routes\AdminRoutes::App\Config\Routes\{closure}(Object(CodeIgniter\Router\RouteCollection))
 4 APPPATH\Config\Routes\AdminRoutes.php(212): CodeIgniter\Router\RouteCollection->group('tickets', [...], Object(Closure))
 5 SYSTEMPATH\Router\RouteCollection.php(800): App\Config\Routes\AdminRoutes::App\Config\Routes\{closure}(Object(CodeIgniter\Router\RouteCollection))
 6 APPPATH\Config\Routes\AdminRoutes.php(28): CodeIgniter\Router\RouteCollection->group('admin', [...], Object(Closure))
 7 APPPATH\Config\Routes.php(20): App\Config\Routes\AdminRoutes::init(Object(CodeIgniter\Router\RouteCollection))
 8 SYSTEMPATH\Router\RouteCollection.php(340): require('C:\\xampp\\htdocs\\smartstore\\app\\Config\\Routes.php')
 9 SYSTEMPATH\CodeIgniter.php(823): CodeIgniter\Router\RouteCollection->loadRoutes()
10 SYSTEMPATH\CodeIgniter.php(457): CodeIgniter\CodeIgniter->tryToRouteIt(null)
11 SYSTEMPATH\CodeIgniter.php(355): CodeIgniter\CodeIgniter->handleRequest(null, Object(Config\Cache), false)
12 SYSTEMPATH\Boot.php(325): CodeIgniter\CodeIgniter->run()
13 SYSTEMPATH\Boot.php(67): CodeIgniter\Boot::runCodeIgniter(Object(CodeIgniter\CodeIgniter))
14 FCPATH\index.php(63): CodeIgniter\Boot::bootWeb(Object(Config\Paths))
WARNING - 2025-06-09 15:44:04 --> [DEPRECATED] Passing lowercase HTTP method "post" is deprecated. Use uppercase HTTP method like "POST". in SYSTEMPATH\Router\RouteCollection.php on line 1027.
 1 SYSTEMPATH\Router\RouteCollection.php(1027): trigger_error('Passing lowercase HTTP method "post" is deprecated. Use uppercase HTTP method like "POST".', 16384)
 2 APPPATH\Config\Routes\AdminRoutes.php(215): CodeIgniter\Router\RouteCollection->match([...], 'send_mail/?(:num)?', 'TicketsController::send_mail/$1')
 3 SYSTEMPATH\Router\RouteCollection.php(800): App\Config\Routes\AdminRoutes::App\Config\Routes\{closure}(Object(CodeIgniter\Router\RouteCollection))
 4 APPPATH\Config\Routes\AdminRoutes.php(212): CodeIgniter\Router\RouteCollection->group('tickets', [...], Object(Closure))
 5 SYSTEMPATH\Router\RouteCollection.php(800): App\Config\Routes\AdminRoutes::App\Config\Routes\{closure}(Object(CodeIgniter\Router\RouteCollection))
 6 APPPATH\Config\Routes\AdminRoutes.php(28): CodeIgniter\Router\RouteCollection->group('admin', [...], Object(Closure))
 7 APPPATH\Config\Routes.php(20): App\Config\Routes\AdminRoutes::init(Object(CodeIgniter\Router\RouteCollection))
 8 SYSTEMPATH\Router\RouteCollection.php(340): require('C:\\xampp\\htdocs\\smartstore\\app\\Config\\Routes.php')
 9 SYSTEMPATH\CodeIgniter.php(823): CodeIgniter\Router\RouteCollection->loadRoutes()
10 SYSTEMPATH\CodeIgniter.php(457): CodeIgniter\CodeIgniter->tryToRouteIt(null)
11 SYSTEMPATH\CodeIgniter.php(355): CodeIgniter\CodeIgniter->handleRequest(null, Object(Config\Cache), false)
12 SYSTEMPATH\Boot.php(325): CodeIgniter\CodeIgniter->run()
13 SYSTEMPATH\Boot.php(67): CodeIgniter\Boot::runCodeIgniter(Object(CodeIgniter\CodeIgniter))
14 FCPATH\index.php(63): CodeIgniter\Boot::bootWeb(Object(Config\Paths))
WARNING - 2025-06-09 15:44:04 --> [DEPRECATED] Passing lowercase HTTP method "get" is deprecated. Use uppercase HTTP method like "GET". in SYSTEMPATH\Router\RouteCollection.php on line 1027.
 1 SYSTEMPATH\Router\RouteCollection.php(1027): trigger_error('Passing lowercase HTTP method "get" is deprecated. Use uppercase HTTP method like "GET".', 16384)
 2 APPPATH\Config\Routes\UserRoutes.php(49): CodeIgniter\Router\RouteCollection->match([...], 'submit_review', 'ClientController::submit_review', [...])
 3 APPPATH\Config\Routes\UserRoutes.php(23): App\Config\Routes\UserRoutes::defineRoutes(Object(CodeIgniter\Router\RouteCollection))
 4 APPPATH\Config\Routes.php(21): App\Config\Routes\UserRoutes::init(Object(CodeIgniter\Router\RouteCollection))
 5 SYSTEMPATH\Router\RouteCollection.php(340): require('C:\\xampp\\htdocs\\smartstore\\app\\Config\\Routes.php')
 6 SYSTEMPATH\CodeIgniter.php(823): CodeIgniter\Router\RouteCollection->loadRoutes()
 7 SYSTEMPATH\CodeIgniter.php(457): CodeIgniter\CodeIgniter->tryToRouteIt(null)
 8 SYSTEMPATH\CodeIgniter.php(355): CodeIgniter\CodeIgniter->handleRequest(null, Object(Config\Cache), false)
 9 SYSTEMPATH\Boot.php(325): CodeIgniter\CodeIgniter->run()
10 SYSTEMPATH\Boot.php(67): CodeIgniter\Boot::runCodeIgniter(Object(CodeIgniter\CodeIgniter))
11 FCPATH\index.php(63): CodeIgniter\Boot::bootWeb(Object(Config\Paths))
WARNING - 2025-06-09 15:44:04 --> [DEPRECATED] Passing lowercase HTTP method "post" is deprecated. Use uppercase HTTP method like "POST". in SYSTEMPATH\Router\RouteCollection.php on line 1027.
 1 SYSTEMPATH\Router\RouteCollection.php(1027): trigger_error('Passing lowercase HTTP method "post" is deprecated. Use uppercase HTTP method like "POST".', 16384)
 2 APPPATH\Config\Routes\UserRoutes.php(49): CodeIgniter\Router\RouteCollection->match([...], 'submit_review', 'ClientController::submit_review', [...])
 3 APPPATH\Config\Routes\UserRoutes.php(23): App\Config\Routes\UserRoutes::defineRoutes(Object(CodeIgniter\Router\RouteCollection))
 4 APPPATH\Config\Routes.php(21): App\Config\Routes\UserRoutes::init(Object(CodeIgniter\Router\RouteCollection))
 5 SYSTEMPATH\Router\RouteCollection.php(340): require('C:\\xampp\\htdocs\\smartstore\\app\\Config\\Routes.php')
 6 SYSTEMPATH\CodeIgniter.php(823): CodeIgniter\Router\RouteCollection->loadRoutes()
 7 SYSTEMPATH\CodeIgniter.php(457): CodeIgniter\CodeIgniter->tryToRouteIt(null)
 8 SYSTEMPATH\CodeIgniter.php(355): CodeIgniter\CodeIgniter->handleRequest(null, Object(Config\Cache), false)
 9 SYSTEMPATH\Boot.php(325): CodeIgniter\CodeIgniter->run()
10 SYSTEMPATH\Boot.php(67): CodeIgniter\Boot::runCodeIgniter(Object(CodeIgniter\CodeIgniter))
11 FCPATH\index.php(63): CodeIgniter\Boot::bootWeb(Object(Config\Paths))
WARNING - 2025-06-09 15:44:04 --> [DEPRECATED] Passing lowercase HTTP method "get" is deprecated. Use uppercase HTTP method like "GET". in SYSTEMPATH\Router\RouteCollection.php on line 1027.
 1 SYSTEMPATH\Router\RouteCollection.php(1027): trigger_error('Passing lowercase HTTP method "get" is deprecated. Use uppercase HTTP method like "GET".', 16384)
 2 APPPATH\Config\Routes\UserRoutes.php(63): CodeIgniter\Router\RouteCollection->match([...], 'track-order', 'OrderController::track_order', [...])
 3 APPPATH\Config\Routes\UserRoutes.php(23): App\Config\Routes\UserRoutes::defineRoutes(Object(CodeIgniter\Router\RouteCollection))
 4 APPPATH\Config\Routes.php(21): App\Config\Routes\UserRoutes::init(Object(CodeIgniter\Router\RouteCollection))
 5 SYSTEMPATH\Router\RouteCollection.php(340): require('C:\\xampp\\htdocs\\smartstore\\app\\Config\\Routes.php')
 6 SYSTEMPATH\CodeIgniter.php(823): CodeIgniter\Router\RouteCollection->loadRoutes()
 7 SYSTEMPATH\CodeIgniter.php(457): CodeIgniter\CodeIgniter->tryToRouteIt(null)
 8 SYSTEMPATH\CodeIgniter.php(355): CodeIgniter\CodeIgniter->handleRequest(null, Object(Config\Cache), false)
 9 SYSTEMPATH\Boot.php(325): CodeIgniter\CodeIgniter->run()
10 SYSTEMPATH\Boot.php(67): CodeIgniter\Boot::runCodeIgniter(Object(CodeIgniter\CodeIgniter))
11 FCPATH\index.php(63): CodeIgniter\Boot::bootWeb(Object(Config\Paths))
WARNING - 2025-06-09 15:44:04 --> [DEPRECATED] Passing lowercase HTTP method "post" is deprecated. Use uppercase HTTP method like "POST". in SYSTEMPATH\Router\RouteCollection.php on line 1027.
 1 SYSTEMPATH\Router\RouteCollection.php(1027): trigger_error('Passing lowercase HTTP method "post" is deprecated. Use uppercase HTTP method like "POST".', 16384)
 2 APPPATH\Config\Routes\UserRoutes.php(63): CodeIgniter\Router\RouteCollection->match([...], 'track-order', 'OrderController::track_order', [...])
 3 APPPATH\Config\Routes\UserRoutes.php(23): App\Config\Routes\UserRoutes::defineRoutes(Object(CodeIgniter\Router\RouteCollection))
 4 APPPATH\Config\Routes.php(21): App\Config\Routes\UserRoutes::init(Object(CodeIgniter\Router\RouteCollection))
 5 SYSTEMPATH\Router\RouteCollection.php(340): require('C:\\xampp\\htdocs\\smartstore\\app\\Config\\Routes.php')
 6 SYSTEMPATH\CodeIgniter.php(823): CodeIgniter\Router\RouteCollection->loadRoutes()
 7 SYSTEMPATH\CodeIgniter.php(457): CodeIgniter\CodeIgniter->tryToRouteIt(null)
 8 SYSTEMPATH\CodeIgniter.php(355): CodeIgniter\CodeIgniter->handleRequest(null, Object(Config\Cache), false)
 9 SYSTEMPATH\Boot.php(325): CodeIgniter\CodeIgniter->run()
10 SYSTEMPATH\Boot.php(67): CodeIgniter\Boot::runCodeIgniter(Object(CodeIgniter\CodeIgniter))
11 FCPATH\index.php(63): CodeIgniter\Boot::bootWeb(Object(Config\Paths))
WARNING - 2025-06-09 15:44:04 --> [DEPRECATED] Passing lowercase HTTP method "get" is deprecated. Use uppercase HTTP method like "GET". in SYSTEMPATH\Router\RouteCollection.php on line 1027.
 1 SYSTEMPATH\Router\RouteCollection.php(1027): trigger_error('Passing lowercase HTTP method "get" is deprecated. Use uppercase HTTP method like "GET".', 16384)
 2 APPPATH\Config\Routes\UserRoutes.php(49): CodeIgniter\Router\RouteCollection->match([...], 'submit_review', 'ClientController::submit_review', [...])
 3 APPPATH\Config\Routes\UserRoutes.php(26): App\Config\Routes\UserRoutes::defineRoutes(Object(CodeIgniter\Router\RouteCollection))
 4 SYSTEMPATH\Router\RouteCollection.php(800): App\Config\Routes\UserRoutes::App\Config\Routes\{closure}(Object(CodeIgniter\Router\RouteCollection))
 5 APPPATH\Config\Routes\UserRoutes.php(25): CodeIgniter\Router\RouteCollection->group('{locale}', Object(Closure))
 6 APPPATH\Config\Routes.php(21): App\Config\Routes\UserRoutes::init(Object(CodeIgniter\Router\RouteCollection))
 7 SYSTEMPATH\Router\RouteCollection.php(340): require('C:\\xampp\\htdocs\\smartstore\\app\\Config\\Routes.php')
 8 SYSTEMPATH\CodeIgniter.php(823): CodeIgniter\Router\RouteCollection->loadRoutes()
 9 SYSTEMPATH\CodeIgniter.php(457): CodeIgniter\CodeIgniter->tryToRouteIt(null)
10 SYSTEMPATH\CodeIgniter.php(355): CodeIgniter\CodeIgniter->handleRequest(null, Object(Config\Cache), false)
11 SYSTEMPATH\Boot.php(325): CodeIgniter\CodeIgniter->run()
12 SYSTEMPATH\Boot.php(67): CodeIgniter\Boot::runCodeIgniter(Object(CodeIgniter\CodeIgniter))
13 FCPATH\index.php(63): CodeIgniter\Boot::bootWeb(Object(Config\Paths))
WARNING - 2025-06-09 15:44:04 --> [DEPRECATED] Passing lowercase HTTP method "post" is deprecated. Use uppercase HTTP method like "POST". in SYSTEMPATH\Router\RouteCollection.php on line 1027.
 1 SYSTEMPATH\Router\RouteCollection.php(1027): trigger_error('Passing lowercase HTTP method "post" is deprecated. Use uppercase HTTP method like "POST".', 16384)
 2 APPPATH\Config\Routes\UserRoutes.php(49): CodeIgniter\Router\RouteCollection->match([...], 'submit_review', 'ClientController::submit_review', [...])
 3 APPPATH\Config\Routes\UserRoutes.php(26): App\Config\Routes\UserRoutes::defineRoutes(Object(CodeIgniter\Router\RouteCollection))
 4 SYSTEMPATH\Router\RouteCollection.php(800): App\Config\Routes\UserRoutes::App\Config\Routes\{closure}(Object(CodeIgniter\Router\RouteCollection))
 5 APPPATH\Config\Routes\UserRoutes.php(25): CodeIgniter\Router\RouteCollection->group('{locale}', Object(Closure))
 6 APPPATH\Config\Routes.php(21): App\Config\Routes\UserRoutes::init(Object(CodeIgniter\Router\RouteCollection))
 7 SYSTEMPATH\Router\RouteCollection.php(340): require('C:\\xampp\\htdocs\\smartstore\\app\\Config\\Routes.php')
 8 SYSTEMPATH\CodeIgniter.php(823): CodeIgniter\Router\RouteCollection->loadRoutes()
 9 SYSTEMPATH\CodeIgniter.php(457): CodeIgniter\CodeIgniter->tryToRouteIt(null)
10 SYSTEMPATH\CodeIgniter.php(355): CodeIgniter\CodeIgniter->handleRequest(null, Object(Config\Cache), false)
11 SYSTEMPATH\Boot.php(325): CodeIgniter\CodeIgniter->run()
12 SYSTEMPATH\Boot.php(67): CodeIgniter\Boot::runCodeIgniter(Object(CodeIgniter\CodeIgniter))
13 FCPATH\index.php(63): CodeIgniter\Boot::bootWeb(Object(Config\Paths))
WARNING - 2025-06-09 15:44:04 --> [DEPRECATED] Passing lowercase HTTP method "get" is deprecated. Use uppercase HTTP method like "GET". in SYSTEMPATH\Router\RouteCollection.php on line 1027.
 1 SYSTEMPATH\Router\RouteCollection.php(1027): trigger_error('Passing lowercase HTTP method "get" is deprecated. Use uppercase HTTP method like "GET".', 16384)
 2 APPPATH\Config\Routes\UserRoutes.php(63): CodeIgniter\Router\RouteCollection->match([...], 'track-order', 'OrderController::track_order', [...])
 3 APPPATH\Config\Routes\UserRoutes.php(26): App\Config\Routes\UserRoutes::defineRoutes(Object(CodeIgniter\Router\RouteCollection))
 4 SYSTEMPATH\Router\RouteCollection.php(800): App\Config\Routes\UserRoutes::App\Config\Routes\{closure}(Object(CodeIgniter\Router\RouteCollection))
 5 APPPATH\Config\Routes\UserRoutes.php(25): CodeIgniter\Router\RouteCollection->group('{locale}', Object(Closure))
 6 APPPATH\Config\Routes.php(21): App\Config\Routes\UserRoutes::init(Object(CodeIgniter\Router\RouteCollection))
 7 SYSTEMPATH\Router\RouteCollection.php(340): require('C:\\xampp\\htdocs\\smartstore\\app\\Config\\Routes.php')
 8 SYSTEMPATH\CodeIgniter.php(823): CodeIgniter\Router\RouteCollection->loadRoutes()
 9 SYSTEMPATH\CodeIgniter.php(457): CodeIgniter\CodeIgniter->tryToRouteIt(null)
10 SYSTEMPATH\CodeIgniter.php(355): CodeIgniter\CodeIgniter->handleRequest(null, Object(Config\Cache), false)
11 SYSTEMPATH\Boot.php(325): CodeIgniter\CodeIgniter->run()
12 SYSTEMPATH\Boot.php(67): CodeIgniter\Boot::runCodeIgniter(Object(CodeIgniter\CodeIgniter))
13 FCPATH\index.php(63): CodeIgniter\Boot::bootWeb(Object(Config\Paths))
WARNING - 2025-06-09 15:44:04 --> [DEPRECATED] Passing lowercase HTTP method "post" is deprecated. Use uppercase HTTP method like "POST". in SYSTEMPATH\Router\RouteCollection.php on line 1027.
 1 SYSTEMPATH\Router\RouteCollection.php(1027): trigger_error('Passing lowercase HTTP method "post" is deprecated. Use uppercase HTTP method like "POST".', 16384)
 2 APPPATH\Config\Routes\UserRoutes.php(63): CodeIgniter\Router\RouteCollection->match([...], 'track-order', 'OrderController::track_order', [...])
 3 APPPATH\Config\Routes\UserRoutes.php(26): App\Config\Routes\UserRoutes::defineRoutes(Object(CodeIgniter\Router\RouteCollection))
 4 SYSTEMPATH\Router\RouteCollection.php(800): App\Config\Routes\UserRoutes::App\Config\Routes\{closure}(Object(CodeIgniter\Router\RouteCollection))
 5 APPPATH\Config\Routes\UserRoutes.php(25): CodeIgniter\Router\RouteCollection->group('{locale}', Object(Closure))
 6 APPPATH\Config\Routes.php(21): App\Config\Routes\UserRoutes::init(Object(CodeIgniter\Router\RouteCollection))
 7 SYSTEMPATH\Router\RouteCollection.php(340): require('C:\\xampp\\htdocs\\smartstore\\app\\Config\\Routes.php')
 8 SYSTEMPATH\CodeIgniter.php(823): CodeIgniter\Router\RouteCollection->loadRoutes()
 9 SYSTEMPATH\CodeIgniter.php(457): CodeIgniter\CodeIgniter->tryToRouteIt(null)
10 SYSTEMPATH\CodeIgniter.php(355): CodeIgniter\CodeIgniter->handleRequest(null, Object(Config\Cache), false)
11 SYSTEMPATH\Boot.php(325): CodeIgniter\CodeIgniter->run()
12 SYSTEMPATH\Boot.php(67): CodeIgniter\Boot::runCodeIgniter(Object(CodeIgniter\CodeIgniter))
13 FCPATH\index.php(63): CodeIgniter\Boot::bootWeb(Object(Config\Paths))
INFO - 2025-06-09 15:44:04 --> Session: Class initialized using 'CodeIgniter\Session\Handlers\FileHandler' driver.
WARNING - 2025-06-09 15:44:04 --> [DEPRECATED] Creation of dynamic property App\Controllers\Public\PageController::$load_files is deprecated in APPPATH\Controllers\Public\PageController.php on line 21.
 1 SYSTEMPATH\CodeIgniter.php(903): App\Controllers\Public\PageController->__construct()
 2 SYSTEMPATH\CodeIgniter.php(500): CodeIgniter\CodeIgniter->createController()
 3 SYSTEMPATH\CodeIgniter.php(355): CodeIgniter\CodeIgniter->handleRequest(null, Object(Config\Cache), false)
 4 SYSTEMPATH\Boot.php(325): CodeIgniter\CodeIgniter->run()
 5 SYSTEMPATH\Boot.php(67): CodeIgniter\Boot::runCodeIgniter(Object(CodeIgniter\CodeIgniter))
 6 FCPATH\index.php(63): CodeIgniter\Boot::bootWeb(Object(Config\Paths))
WARNING - 2025-06-09 15:44:04 --> [DEPRECATED] Creation of dynamic property App\Controllers\Public\PageController::$page_title is deprecated in APPPATH\Controllers\Public\PageController.php on line 22.
 1 SYSTEMPATH\CodeIgniter.php(903): App\Controllers\Public\PageController->__construct()
 2 SYSTEMPATH\CodeIgniter.php(500): CodeIgniter\CodeIgniter->createController()
 3 SYSTEMPATH\CodeIgniter.php(355): CodeIgniter\CodeIgniter->handleRequest(null, Object(Config\Cache), false)
 4 SYSTEMPATH\Boot.php(325): CodeIgniter\CodeIgniter->run()
 5 SYSTEMPATH\Boot.php(67): CodeIgniter\Boot::runCodeIgniter(Object(CodeIgniter\CodeIgniter))
 6 FCPATH\index.php(63): CodeIgniter\Boot::bootWeb(Object(Config\Paths))
